provider,stratum,query_index,query,source_rank,provider_id,doi,title,year,type,venue_or_topic,rejection_reasons
openalex,conflict_security,1,intergroup competition intragroup cooperation,4,https://openalex.org/W2029585615,10.1002/ejsp.2420050102,Social comparison and social identity: Some prospects for intergroup behaviour,1975,article,Social and Intergroup Psychology,missing_anchor_group:intragroup|within group
openalex,conflict_security,1,intergroup competition intragroup cooperation,5,https://openalex.org/W2133229155,10.1207/s15327957pspr0702_129-145,"Intergroup Conflict: Individual, Group, and Collective Interests",2003,article,Social and Intergroup Psychology,missing_anchor_group:intragroup|within group
openalex,conflict_security,1,intergroup competition intragroup cooperation,6,https://openalex.org/W2100789707,10.1111/j.1467-9280.2008.02100.x,“In-Group Love” and “Out-Group Hate” as Motives for Individual Participation in Intergroup Conflict,2008,article,Experimental Behavioral Economics Studies,missing_anchor_group:intragroup|within group
openalex,conflict_security,1,intergroup competition intragroup cooperation,7,https://openalex.org/W1487777840,10.2307/2803426,Coalitions and Alliances in Humans and Other Animals.,1993,article,Primate Behavior and Ecology,missing_anchor_group:intergroup;missing_anchor_group:intragroup|within group
openalex,conflict_security,1,intergroup competition intragroup cooperation,8,https://openalex.org/W4236805152,10.1037/e473742008-204,"The Effects of Intergroup Competition, Personal Drinking Habits, and Frustration on Intragroup Cooperation",1968,dataset,Behavioral Health and Interventions,type_not_allowed:dataset
openalex,conflict_security,1,intergroup competition intragroup cooperation,9,https://openalex.org/W2045972241,10.1108/eb022747,THE ENHANCING EFFECT OF INTERGROUP COMPETITION ON GROUP PERFORMANCE,1994,article,Experimental Behavioral Economics Studies,missing_anchor_group:intragroup|within group
openalex,conflict_security,1,intergroup competition intragroup cooperation,10,https://openalex.org/W2022194012,10.1016/j.econlet.2006.12.031,Team competition and the public goods game,2007,article,Experimental Behavioral Economics Studies,missing_anchor_group:intergroup;missing_anchor_group:intragroup|within group
openalex,conflict_security,1,intergroup competition intragroup cooperation,13,https://openalex.org/W1969333510,10.1002/1099-0992(200011/12)30:6<745::aid-ejsp24>3.0.co;2-o,"Social identity theory: past achievements, current problems and future challenges",2000,article,Social and Intergroup Psychology,missing_anchor_group:intergroup;missing_anchor_group:intragroup|within group
openalex,conflict_security,1,intergroup competition intragroup cooperation,14,https://openalex.org/W1881549307,10.5465/amj.2008.35732995,"Facing Differences With an Open Mind: Openness to Experience, Salience of Intragroup Differences, and Performance of Diverse Work Groups",2008,article,Gender Diversity and Inequality,missing_anchor_group:intergroup
openalex,conflict_security,1,intergroup competition intragroup cooperation,15,https://openalex.org/W2166482033,10.1098/rstb.2011.0301,Evolution and the psychology of intergroup conflict: the male warrior hypothesis,2012,article,Evolutionary Game Theory and Cooperation,missing_anchor_group:intragroup|within group
openalex,conflict_security,1,intergroup competition intragroup cooperation,16,https://openalex.org/W2794158451,10.1111/ele.12933,Intragroup competition predicts individual foraging specialisation in a group‐living mammal,2018,article,Wildlife Ecology and Conservation,missing_anchor_group:intergroup
openalex,conflict_security,1,intergroup competition intragroup cooperation,17,https://openalex.org/W2155058526,10.1017/s0140525x1400106x,Cultural group selection plays an essential role in explaining human cooperation: A sketch of the evidence,2014,article,Evolutionary Game Theory and Cooperation,missing_anchor_group:intergroup;missing_anchor_group:intragroup|within group
openalex,conflict_security,1,intergroup competition intragroup cooperation,18,https://openalex.org/W2161183769,10.1093/beheco/arp181,Evolutionary forces favoring intragroup coalitions among spotted hyenas and other animals,2010,article,Primate Behavior and Ecology,missing_anchor_group:intergroup
openalex,conflict_security,1,intergroup competition intragroup cooperation,19,https://openalex.org/W2116750838,10.5465/amr.2010.0221,Intergroup Leadership in Organizations: Leading Across Group and Organizational Boundaries,2012,article,Gender Diversity and Inequality,missing_anchor_group:intragroup|within group
openalex,conflict_security,1,intergroup competition intragroup cooperation,20,https://openalex.org/W1977594210,10.1016/j.jesp.2015.04.008,“Ingroup love” and “outgroup hate” in intergroup conflict between natural groups,2015,article,Social and Intergroup Psychology,missing_anchor_group:intragroup|within group
openalex,conflict_security,1,intergroup competition intragroup cooperation,21,https://openalex.org/W2087032529,10.1016/j.evolhumbehav.2009.02.004,Social exchange and solidarity: in-group love or out-group hate?,2009,article,Social and Intergroup Psychology,missing_anchor_group:intergroup;missing_anchor_group:intragroup|within group
openalex,conflict_security,1,intergroup competition intragroup cooperation,23,https://openalex.org/W2047358923,10.1002/ejsp.2420090207,Social comparison and group interest in ingroup favouritism,1979,article,Social and Intergroup Psychology,missing_anchor_group:intergroup;missing_anchor_group:intragroup|within group
openalex,conflict_security,1,intergroup competition intragroup cooperation,24,https://openalex.org/W2130245115,10.3758/brm.41.3.957,Cooperation versus competition in a mass emergency evacuation: A new laboratory simulation and a new theoretical model,2009,article,Evacuation and Crowd Dynamics,missing_anchor_group:intergroup;missing_anchor_group:intragroup|within group
openalex,conflict_security,1,intergroup competition intragroup cooperation,25,https://openalex.org/W63801938,,LEARNING THROUGH PLAYING FOR OR AGAINST EACH OTHER? PROMOTING COLLABORATIVE LEARNING IN DIGITAL GAME BASED LEARNING,2012,conference-paper,Educational Games and Gamification,type_not_allowed:conference-paper;missing_anchor_group:intergroup;missing_anchor_group:intragroup|within group
openalex,conflict_security,1,intergroup competition intragroup cooperation,26,https://openalex.org/W2067369167,10.2307/3094912,The Ripple Effect: Emotional Contagion and its Influence on Group Behavior,2002,article,Team Dynamics and Performance,missing_anchor_group:intergroup;missing_anchor_group:intragroup|within group
openalex,conflict_security,1,intergroup competition intragroup cooperation,27,https://openalex.org/W2152126086,10.1017/s0140525x14001356,The cultural evolution of prosocial religions,2014,article,Evolutionary Game Theory and Cooperation,missing_anchor_group:intergroup;missing_anchor_group:intragroup|within group
openalex,conflict_security,1,intergroup competition intragroup cooperation,28,https://openalex.org/W2164205904,10.1146/annurev-soc-073014-112242,Beyond Altruism: Sociological Foundations of Cooperation and Prosocial Behavior,2015,review,Experimental Behavioral Economics Studies,type_not_allowed:review;missing_anchor_group:intergroup;missing_anchor_group:intragroup|within group
openalex,conflict_security,1,intergroup competition intragroup cooperation,29,https://openalex.org/W2995484192,10.1007/s10764-019-00112-y,Intergroup Competition Enhances Chimpanzee (Pan troglodytes verus) In-group Cohesion,2019,article,Primate Behavior and Ecology,missing_anchor_group:intragroup|within group
openalex,conflict_security,1,intergroup competition intragroup cooperation,30,https://openalex.org/W2023524268,10.1080/00224545.1974.9923102,The Relative Productivity of Cooperation and Competition,1974,article,Plant and animal studies,missing_anchor_group:intergroup;missing_anchor_group:intragroup|within group
openalex,conflict_security,1,intergroup competition intragroup cooperation,31,https://openalex.org/W2943991513,10.1002/evan.21793,The evolution of intergroup tolerance in nonhuman primates and humans,2019,article,Primate Behavior and Ecology,missing_anchor_group:intragroup|within group
openalex,conflict_security,1,intergroup competition intragroup cooperation,32,https://openalex.org/W2144593781,10.1016/j.jtbi.2012.07.002,Ingroup favoritism and intergroup cooperation under indirect reciprocity based on group reputation,2012,article,Evolutionary Game Theory and Cooperation,missing_anchor_group:intragroup|within group
openalex,conflict_security,1,intergroup competition intragroup cooperation,33,https://openalex.org/W2139079404,10.1037/a0025354,Sex differences in cooperation: A meta-analytic review of social dilemmas.,2011,article,Evolutionary Game Theory and Cooperation,missing_anchor_group:intergroup;missing_anchor_group:intragroup|within group
openalex,conflict_security,1,intergroup competition intragroup cooperation,34,https://openalex.org/W2790935291,10.1037/pspi0000125,Parochial cooperation in nested intergroup dilemmas is reduced when it harms out-groups.,2018,article,Social and Intergroup Psychology,missing_anchor_group:intragroup|within group
openalex,conflict_security,1,intergroup competition intragroup cooperation,35,https://openalex.org/W1526860744,,Dynamics of intergroup competition in two neighboring chimpanzee communities,2010,dissertation,Primate Behavior and Ecology,missing_anchor_group:intragroup|within group
openalex,conflict_security,1,intergroup competition intragroup cooperation,36,https://openalex.org/W2140801276,10.1098/rstb.2013.0073,Female competition and aggression: interdisciplinary perspectives,2013,article,Evolutionary Psychology and Human Behavior,missing_anchor_group:intergroup;missing_anchor_group:intragroup|within group
openalex,conflict_security,1,intergroup competition intragroup cooperation,37,https://openalex.org/W2151834035,10.1162/isec_a_00100,"The Psychology of Threat in Intergroup Conflict: Emotions, Rationality, and Opportunity in the Rwandan Genocide",2012,article,Social and Intergroup Psychology,missing_anchor_group:intragroup|within group
openalex,conflict_security,1,intergroup competition intragroup cooperation,38,https://openalex.org/W4321351531,10.1098/rstb.2022.0074,The evolution of intergroup cooperation,2023,article,Evolutionary Game Theory and Cooperation,missing_anchor_group:intragroup|within group
openalex,conflict_security,1,intergroup competition intragroup cooperation,39,https://openalex.org/W3201191290,10.1016/j.copsyc.2021.09.002,Prosociality as a foundation for intergroup conflict,2021,review,Experimental Behavioral Economics Studies,type_not_allowed:review;missing_anchor_group:intragroup|within group
openalex,conflict_security,1,intergroup competition intragroup cooperation,40,https://openalex.org/W2998751072,10.1038/s41598-019-57259-0,The Male Warrior Hypothesis: Testosterone-related Cooperation and Aggression in the Context of Intergroup Conflict,2020,article,Evolutionary Psychology and Human Behavior,missing_anchor_group:intragroup|within group
openalex,conflict_security,1,intergroup competition intragroup cooperation,41,https://openalex.org/W2797441794,10.1002/ajp.22757,"Group‐level competition influences urinary steroid hormones among wild red–tailed monkeys, indicating energetic costs",2018,article,Primate Behavior and Ecology,missing_anchor_group:intergroup;missing_anchor_group:intragroup|within group
openalex,conflict_security,1,intergroup competition intragroup cooperation,43,https://openalex.org/W1993365370,10.1007/bf02229109,"Gifts given, gifts taken: The behavioral ecology of nonmarket, intragroup exchange",1997,article,Evolutionary Game Theory and Cooperation,missing_anchor_group:intergroup
openalex,conflict_security,1,intergroup competition intragroup cooperation,44,https://openalex.org/W2006336636,10.1016/j.jesp.2014.05.006,How groups react to disloyalty in the context of intergroup competition: Evaluations of group deserters and defectors,2014,article,Social and Intergroup Psychology,missing_anchor_group:intragroup|within group
openalex,conflict_security,1,intergroup competition intragroup cooperation,45,https://openalex.org/W2581400764,10.3389/fpsyg.2017.00049,Intergroup Biases in Fear-induced Aggression,2017,article,Evolutionary Game Theory and Cooperation,missing_anchor_group:intragroup|within group
openalex,conflict_security,1,intergroup competition intragroup cooperation,46,https://openalex.org/W4323653338,10.1037/amp0001144,"Intergroup contact is reliably associated with reduced prejudice, even in the face of group threat and discrimination.",2023,article,Social and Intergroup Psychology,missing_anchor_group:intragroup|within group
openalex,conflict_security,1,intergroup competition intragroup cooperation,47,https://openalex.org/W4387742586,10.1038/s41598-023-45012-7,Evidence of the active participation of women in the intergroup conflict based on the use of aggression and cooperation,2023,article,Evolutionary Psychology and Human Behavior,missing_anchor_group:intragroup|within group
openalex,conflict_security,1,intergroup competition intragroup cooperation,48,https://openalex.org/W1937068163,10.1027/1864-9335/a000242,Imagined Intergroup Contact and Common Ingroup Identity,2015,article,Social and Intergroup Psychology,missing_anchor_group:intragroup|within group
openalex,conflict_security,1,intergroup competition intragroup cooperation,49,https://openalex.org/W2883956939,10.1177/0149206318788434,Do Group and Organizational Identification Help or Hurt Intergroup Strategic Consensus?,2018,article,Gender Diversity and Inequality,missing_anchor_group:intragroup|within group
openalex,conflict_security,1,intergroup competition intragroup cooperation,50,https://openalex.org/W2148290949,10.1038/npp.2015.87,Opposing Oxytocin Effects on Intergroup Cooperative Behavior in Intuitive and Reflective Minds,2015,article,Neuroendocrine regulation and behavior,missing_anchor_group:intragroup|within group
crossref,conflict_security,1,intergroup competition intragroup cooperation,3,10.1037/e511092014-337,10.1037/e511092014-337,Exploring distinct psychological mechanisms for intragroup cooperation and intergroup competition,2006,dataset,PsycEXTRA Dataset,type_not_allowed:dataset
crossref,conflict_security,1,intergroup competition intragroup cooperation,4,10.1037/e473742008-204,10.1037/e473742008-204,"The Effects of Intergroup Competition, Personal Drinking Habits, and Frustration on Intragroup Cooperation",1968,dataset,PsycEXTRA Dataset,type_not_allowed:dataset
crossref,conflict_security,1,intergroup competition intragroup cooperation,13,10.4135/9781412972017.n49,10.4135/9781412972017.n49,Cooperation and Competition,2010,reference-entry,Encyclopedia of Group Processes &amp; Intergroup Relations,type_not_allowed:reference-entry;missing_anchor_group:intergroup;missing_anchor_group:intragroup|within group
crossref,conflict_security,1,intergroup competition intragroup cooperation,14,10.1177/1368430220910795,10.1177/1368430220910795,The conflict-cooperation effect persists under intragroup payoff asymmetry,2020,journal-article,Group Processes &amp; Intergroup Relations,missing_anchor_group:intergroup
crossref,conflict_security,1,intergroup competition intragroup cooperation,15,10.22146/gamaijb.5552,10.22146/gamaijb.5552,INTRAGROUP COOPERATION VS. INTRAGROUP COMPETITION: A Meta-Analytical Study,2004,journal-article,Gadjah Mada International Journal of Business,missing_anchor_group:intergroup
crossref,conflict_security,1,intergroup competition intragroup cooperation,19,10.2139/ssrn.4424609,10.2139/ssrn.4424609,"Intergroup Competition, Group Status, and Individuals’ Cooperation Behavior: Evidence from a Laboratory Experiment",2023,posted-content,,missing_anchor_group:intragroup|within group
crossref,conflict_security,1,intergroup competition intragroup cooperation,20,10.2139/ssrn.1296454,10.2139/ssrn.1296454,Everyone is a Winner: Promoting Cooperation through Non-Rival Intergroup Competition,2008,posted-content,,missing_anchor_group:intragroup|within group
crossref,conflict_security,1,intergroup competition intragroup cooperation,21,10.2139/ssrn.7212440,10.2139/ssrn.7212440,When Merit Promotes Cooperation: Prize Inequality in Intergroup Public-goods Competition,2026,posted-content,,missing_anchor_group:intragroup|within group
crossref,conflict_security,1,intergroup competition intragroup cooperation,22,10.2139/ssrn.1391784,10.2139/ssrn.1391784,Everyone is a Winner: Promoting Cooperation Through All-Can-Win Intergroup Competition,2009,posted-content,,missing_anchor_group:intragroup|within group
crossref,conflict_security,1,intergroup competition intragroup cooperation,25,10.1037/e506052012-159,10.1037/e506052012-159,Does Intragroup Distributive Justice Enhance Intergroup Retributive Justice?,2010,dataset,PsycEXTRA Dataset,type_not_allowed:dataset
crossref,conflict_security,1,intergroup competition intragroup cooperation,27,10.1038/npre.2008.1710.1,10.1038/npre.2008.1710.1,Genetic similarity promotes evolution of cooperation under lethal intergroup competition,2008,journal-article,Nature Precedings,missing_anchor_group:intragroup|within group
crossref,conflict_security,1,intergroup competition intragroup cooperation,29,10.1108/md-11-2021-1462,10.1108/md-11-2021-1462,The interactive effects of intragroup cooperation and competition: toward a perspective of paradox,2023,journal-article,Management Decision,missing_anchor_group:intergroup
crossref,conflict_security,1,intergroup competition intragroup cooperation,31,10.1093/oxfordhb/9780195399813.013.014,10.1093/oxfordhb/9780195399813.013.014,Justice and Intragroup Cooperation,2013,book,Oxford Handbooks Online,missing_anchor_group:intergroup
crossref,conflict_security,1,intergroup competition intragroup cooperation,32,10.7717/peerj.9991/fig-4,10.7717/peerj.9991/fig-4,Figure 4: Nucleotide identities of Tongzhou strains with intergroup and intragroup on the basis of VP1 gene.,,component,,type_not_allowed:component
crossref,conflict_security,1,intergroup competition intragroup cooperation,35,10.1037/e633942013-942,10.1037/e633942013-942,Cross-cultural differences in intergroup versus intragroup orientations,2005,dataset,PsycEXTRA Dataset,type_not_allowed:dataset
crossref,conflict_security,1,intergroup competition intragroup cooperation,42,10.3389/fnins.2015.00183,10.3389/fnins.2015.00183,Testosterone is associated with cooperation during intergroup competition by enhancing parochial altruism,2015,journal-article,Frontiers in Neuroscience,missing_anchor_group:intragroup|within group
crossref,conflict_security,1,intergroup competition intragroup cooperation,43,10.1037/e507552012-001,10.1037/e507552012-001,The Dynamics of Power and Trust for Intragroup and Intergroup Relations,2011,dataset,PsycEXTRA Dataset,type_not_allowed:dataset
crossref,conflict_security,1,intergroup competition intragroup cooperation,45,10.4324/9780203135457-10,10.4324/9780203135457-10,Intragroup Behaviour: Processes Within Groups,2006,book-chapter,Social Identifications,missing_anchor_group:intergroup
crossref,conflict_security,1,intergroup competition intragroup cooperation,46,10.1016/j.frl.2023.104090,10.1016/j.frl.2023.104090,"Intergroup competition, group status, and individuals’ cooperation behavior: Evidence from a laboratory experiment",2023,journal-article,Finance Research Letters,missing_anchor_group:intragroup|within group
crossref,conflict_security,1,intergroup competition intragroup cooperation,48,10.14325/mississippi/9781496810458.001.0001,10.14325/mississippi/9781496810458.001.0001,Minority Relations,2016,edited-book,,type_not_allowed:edited-book;missing_anchor_group:intergroup;missing_anchor_group:intragroup|within group
crossref,conflict_security,1,intergroup competition intragroup cooperation,50,10.1007/978-3-319-19650-3_302625,10.1007/978-3-319-19650-3_302625,Intragroup Competition,2021,book-chapter,Encyclopedia of Evolutionary Psychological Science,missing_anchor_group:intergroup
openalex,conflict_security,2,external threat internal cohesion rally around flag,1,https://openalex.org/W2123791715,10.1017/s0020818311000233,Explaining External Support for Insurgent Groups,2011,article,Political Conflict and Governance,missing_anchor_group:rally|wartime|external threat|common enemy
openalex,conflict_security,2,external threat internal cohesion rally around flag,4,https://openalex.org/W4392917994,10.1177/14651165241237136,The Russian threat and the consolidation of the West: How populism and EU-skepticism shape party support for Ukraine,2024,article,"Populism, Right-Wing Movements",missing_anchor_group:rally|wartime|external threat|common enemy
openalex,conflict_security,2,external threat internal cohesion rally around flag,6,https://openalex.org/W3166879895,10.33134/hup-9,Nexus of Patriotism and Militarism in Russia: A Quest for Internal Cohesion,2021,book,Eastern European Communism and Reforms,missing_anchor_group:rally|wartime|external threat|common enemy
openalex,conflict_security,2,external threat internal cohesion rally around flag,8,https://openalex.org/W2129432831,10.1177/0146167204267988,Deliver us from Evil: The Effects of Mortality Salience and Reminders of 9/11 on Support for President George W. Bush,2004,article,Death Anxiety and Social Exclusion,missing_anchor_group:rally|wartime|external threat|common enemy
openalex,conflict_security,2,external threat internal cohesion rally around flag,9,https://openalex.org/W2084242050,10.1080/13510347.2013.738860,"The three pillars of stability: legitimation, repression, and co-optation in autocratic regimes",2013,article,Social Policy and Reform Studies,missing_anchor_group:rally|wartime|external threat|common enemy
openalex,conflict_security,2,external threat internal cohesion rally around flag,10,https://openalex.org/W4210771594,10.4324/9781003133520,"""Worse than communism and Nazism put together"": War on gender in Poland",2021,review,"Populism, Right-Wing Movements",type_not_allowed:review;missing_anchor_group:rally|wartime|external threat|common enemy
openalex,conflict_security,2,external threat internal cohesion rally around flag,11,https://openalex.org/W3125172172,,The Supreme Court During Crisis: How War Affects only Non-War Cases,2005,article,American Constitutional Law and Politics,missing_anchor_group:rally|wartime|external threat|common enemy
openalex,conflict_security,2,external threat internal cohesion rally around flag,12,https://openalex.org/W296100823,10.1080/03066150903143079,Food sovereignty,2009,article,Human Rights and Development,missing_anchor_group:rally|wartime|external threat|common enemy
openalex,conflict_security,2,external threat internal cohesion rally around flag,13,https://openalex.org/W2155438929,10.5465/amj.2008.0355,"Activists and Incumbents Structuring Change: The Interplay of Agency, Culture, and Networks in Field Evolution",2012,article,Management and Organizational Studies,missing_anchor_group:rally|wartime|external threat|common enemy
openalex,conflict_security,2,external threat internal cohesion rally around flag,14,https://openalex.org/W4313467560,10.3389/fsoc.2022.989831,Trust and compliance: Milieu-specific differences in social cohesion during the COVID-19 pandemic in Germany,2022,article,Social Capital and Networks,missing_anchor_group:rally|wartime|external threat|common enemy
openalex,conflict_security,2,external threat internal cohesion rally around flag,15,https://openalex.org/W3094100224,10.1017/nps.2020.93,Victims of the Pandemic? European Far-Right Parties and COVID-19,2020,article,"Populism, Right-Wing Movements",missing_anchor_group:rally|wartime|external threat|common enemy
openalex,conflict_security,2,external threat internal cohesion rally around flag,16,https://openalex.org/W4211179769,10.1017/9781108890960,Social Media and Democracy,2020,book,Hate Speech and Cyberbullying Detection,missing_anchor_group:rally|wartime|external threat|common enemy
openalex,conflict_security,2,external threat internal cohesion rally around flag,17,https://openalex.org/W3185334682,10.3389/fpsyg.2021.704338,Perceived Level of Threat and Cooperation,2021,article,Social and Intergroup Psychology,missing_anchor_group:rally|wartime|external threat|common enemy
openalex,conflict_security,2,external threat internal cohesion rally around flag,18,https://openalex.org/W1550639390,,"Hydraulic Bureaucracies and the Hydraulic Mission: Flows of Water, Flows of Power",2009,other,Water Governance and Infrastructure,type_not_allowed:other;missing_anchor_group:rally|wartime|external threat|common enemy
openalex,conflict_security,2,external threat internal cohesion rally around flag,19,https://openalex.org/W4399515604,10.1080/13501763.2024.2362762,The polycrisis and EU security and defence competences,2024,article,European and Russian Geopolitical Military Strategies,missing_anchor_group:rally|wartime|external threat|common enemy
openalex,conflict_security,2,external threat internal cohesion rally around flag,20,https://openalex.org/W2701310256,10.1080/17449057.2017.1339425,"Oppression, Solidarity, Resistance: The Forging of Kurdish Identity in Turkey",2017,article,Turkey's Politics and Society,missing_anchor_group:rally|wartime|external threat|common enemy
openalex,conflict_security,2,external threat internal cohesion rally around flag,21,https://openalex.org/W4307804568,10.1080/01402382.2022.2132448,The Brexit puzzle: polity attack and external rebordering,2022,article,European Union Policy and Governance,missing_anchor_group:rally|wartime|external threat|common enemy
openalex,conflict_security,2,external threat internal cohesion rally around flag,22,https://openalex.org/W4403470571,10.1057/s41311-024-00629-x,NATO after the invasion of Ukraine: how the shock changed alliance cohesion,2024,article,European and Russian Geopolitical Military Strategies,missing_anchor_group:rally|wartime|external threat|common enemy
openalex,conflict_security,2,external threat internal cohesion rally around flag,23,https://openalex.org/W2611268999,10.1146/annurev-psych-122216-011911,Attitudes and Attitude Change,2017,review,Cultural Differences and Values,type_not_allowed:review;missing_anchor_group:rally|wartime|external threat|common enemy
openalex,conflict_security,2,external threat internal cohesion rally around flag,24,https://openalex.org/W2603334019,,Flags: Towards A New Understanding,2016,report,Military History and Strategy,missing_anchor_group:rally|wartime|external threat|common enemy
openalex,conflict_security,2,external threat internal cohesion rally around flag,25,https://openalex.org/W4394797823,10.1111/jcms.13591,The Geoeconomic Turn of the Single European Market? Conceptual Challenges and Empirical Trends,2024,article,State Capitalism and Financial Governance,missing_anchor_group:rally|wartime|external threat|common enemy
openalex,conflict_security,2,external threat internal cohesion rally around flag,26,https://openalex.org/W2126155747,10.1111/j.2040-0209.2012.00405.x,Resilience: New Utopia or New Tyranny? Reflection about the Potentials and Limits of the Concept of Resilience in Relation to Vulnerability Reduction Programmes,2012,article,Disaster Management and Resilience,missing_anchor_group:rally|wartime|external threat|common enemy
openalex,conflict_security,2,external threat internal cohesion rally around flag,27,https://openalex.org/W4390545123,10.1177/00031224231208723,Threats to Blue Networks: The Effect of Partner Injuries on Police Misconduct,2024,article,Policing Practices and Perceptions,missing_anchor_group:rally|wartime|external threat|common enemy
openalex,conflict_security,2,external threat internal cohesion rally around flag,28,https://openalex.org/W4390483108,10.1080/2474736x.2023.2299121,Did Russia’s invasion of Ukraine unite Europe? Cohesion and divisions of the European Parliament on Twitter,2024,article,European Union Policy and Governance,missing_anchor_group:rally|wartime|external threat|common enemy
openalex,conflict_security,2,external threat internal cohesion rally around flag,29,https://openalex.org/W3212461426,10.1177/14789299211056193,Determinants of Political Trust during the Early Months of the COVID-19 Pandemic: Putting Policy Performance into Evidence,2021,article,COVID-19 Pandemic Impacts,missing_anchor_group:rally|wartime|external threat|common enemy
openalex,conflict_security,2,external threat internal cohesion rally around flag,30,https://openalex.org/W4390544548,10.1140/epjds/s13688-023-00441-2,The Russian invasion of Ukraine selectively depolarized the Finnish NATO discussion on Twitter,2024,article,Social Media and Politics,missing_anchor_group:rally|wartime|external threat|common enemy
openalex,conflict_security,2,external threat internal cohesion rally around flag,31,https://openalex.org/W3137696207,10.1017/9781108890960,"Social media and democracy : the state of the field, prospects for reform",2020,article,Hate Speech and Cyberbullying Detection,missing_anchor_group:rally|wartime|external threat|common enemy
openalex,conflict_security,2,external threat internal cohesion rally around flag,32,https://openalex.org/W2472246917,10.7228/manchester/9781526114013,Loud and proud: Passion and politics in the English Defence League,2016,book,Labor Movements and Unions,missing_anchor_group:rally|wartime|external threat|common enemy
openalex,conflict_security,2,external threat internal cohesion rally around flag,33,https://openalex.org/W2090906776,10.1093/jaarel/lxiv.4.767,Blood Sacrifice and the Nation: Revisiting Civil Religion,1996,article,American Constitutional Law and Politics,missing_anchor_group:rally|wartime|external threat|common enemy
openalex,conflict_security,2,external threat internal cohesion rally around flag,34,https://openalex.org/W2119244313,10.5787/40-3-1030,The Suppression of Internal Unrest in South West Africa (Namibia) 1921–1933,2013,article,South African History and Culture,missing_anchor_group:rally|wartime|external threat|common enemy
openalex,conflict_security,2,external threat internal cohesion rally around flag,35,https://openalex.org/W2066157602,10.1371/journal.pone.0078208,Conceptualizing Community Mobilization for HIV Prevention: Implications for HIV Prevention Programming in the African Context,2013,article,Adolescent Sexual and Reproductive Health,missing_anchor_group:rally|wartime|external threat|common enemy
openalex,conflict_security,2,external threat internal cohesion rally around flag,36,https://openalex.org/W4205164571,10.1787/eae0ec5a-en,Enhancing public trust in COVID-19 vaccination: The role of governments,2021,report,Vaccine Coverage and Hesitancy,missing_anchor_group:rally|wartime|external threat|common enemy
openalex,conflict_security,2,external threat internal cohesion rally around flag,37,https://openalex.org/W4405316190,10.1016/j.jdeveco.2024.103426,"Identity conflict, ethnocentrism and social cohesion",2024,article,Political Conflict and Governance,missing_anchor_group:rally|wartime|external threat|common enemy
openalex,conflict_security,2,external threat internal cohesion rally around flag,38,https://openalex.org/W2176560897,,Fear and frustration : rising state perceptions of threats and opportunities,2015,dissertation,Peacebuilding and International Security,missing_anchor_group:rally|wartime|external threat|common enemy
openalex,conflict_security,2,external threat internal cohesion rally around flag,39,https://openalex.org/W2912465805,10.1093/isr/viz007,"Populism, Hindu Nationalism, and Foreign Policy in India: The Politics of Representing “the People”",2019,article,"Populism, Right-Wing Movements",missing_anchor_group:rally|wartime|external threat|common enemy
openalex,conflict_security,2,external threat internal cohesion rally around flag,40,https://openalex.org/W1603524399,10.1111/j.1468-2478.2010.00620.x,"When Is Domestic Political Unrest Related to International Conflict? Diversionary Theory and Japanese Foreign Policy, 1890-19411",2010,article,Political Conflict and Governance,missing_anchor_group:rally|wartime|external threat|common enemy
openalex,conflict_security,2,external threat internal cohesion rally around flag,41,https://openalex.org/W4282940098,10.1007/s11292-022-09508-y,Unexpected events during survey design and trust in the police: a systematic review,2022,review,Policing Practices and Perceptions,type_not_allowed:review;missing_anchor_group:rally|wartime|external threat|common enemy
openalex,conflict_security,2,external threat internal cohesion rally around flag,42,https://openalex.org/W2170350599,10.1080/00045600801922422,Diamond Wars? Conflict Diamonds and Geographies of Resource Wars,2008,article,Political Conflict and Governance,missing_anchor_group:rally|wartime|external threat|common enemy
openalex,conflict_security,2,external threat internal cohesion rally around flag,43,https://openalex.org/W4283448512,10.1007/s00146-022-01499-8,Artificial intelligence with American values and Chinese characteristics: a comparative analysis of American and Chinese governmental AI policies,2022,article,Ethics and Social Impacts of AI,missing_anchor_group:rally|wartime|external threat|common enemy
openalex,conflict_security,2,external threat internal cohesion rally around flag,44,https://openalex.org/W3019724386,10.7592/ejhr2020.8.1.greenberg,Humor as a threat-coding mechanism,2020,article,Humor Studies and Applications,missing_anchor_group:rally|wartime|external threat|common enemy
openalex,conflict_security,2,external threat internal cohesion rally around flag,45,https://openalex.org/W3123136036,,A well-organized plày: symbolic politics and the effect of the Pro-Putin rallies,2012,preprint,Political Conflict and Governance,missing_anchor_group:rally|wartime|external threat|common enemy
openalex,conflict_security,2,external threat internal cohesion rally around flag,47,https://openalex.org/W3215786884,10.3389/fcomm.2021.624643,"“Kung Flu”—The Dynamics of Fear, Popular Culture, and Authenticity in the Anatomy of Populist Communication",2021,article,Misinformation and Its Impacts,missing_anchor_group:rally|wartime|external threat|common enemy
openalex,conflict_security,2,external threat internal cohesion rally around flag,48,https://openalex.org/W849900380,,"Threats Made, Threats Posed School and Judicial Analysis in Need of Redirection",2003,article,Legal Issues in Education,missing_anchor_group:rally|wartime|external threat|common enemy
openalex,conflict_security,2,external threat internal cohesion rally around flag,49,https://openalex.org/W2916871718,10.1016/j.ijdrr.2019.101099,"Command-and-control, emergency powers, and the failure to observe United Nations disaster management principles following the 2009 L'Aquila earthquake",2019,article,Disaster Management and Resilience,missing_anchor_group:rally|wartime|external threat|common enemy
openalex,conflict_security,2,external threat internal cohesion rally around flag,50,https://openalex.org/W4205341055,10.1017/s0260210522000018,Contested disaster nationalism in the digital age: Emotional registers and geopolitical imaginaries in COVID-19 narratives on Chinese social media,2022,article,Vietnamese History and Culture Studies,missing_anchor_group:rally|wartime|external threat|common enemy
crossref,conflict_security,2,external threat internal cohesion rally around flag,2,10.1037/e514412014-291,10.1037/e514412014-291,Rally around the flag: Effects of the American flag on automatic intergroup attitudes,2007,dataset,PsycEXTRA Dataset,type_not_allowed:dataset
crossref,conflict_security,2,external threat internal cohesion rally around flag,3,10.1037/e647512007-001,10.1037/e647512007-001,Rally Around the Flag: Effects of the American Flag on Automatic Intergroup Attitudes,2007,dataset,PsycEXTRA Dataset,type_not_allowed:dataset
crossref,conflict_security,2,external threat internal cohesion rally around flag,10,10.1093/oso/9780197629710.003.0010,10.1093/oso/9780197629710.003.0010,Moving Forward,2022,book-chapter,Rally 'round the Flag,missing_anchor_group:rally|wartime|external threat|common enemy
crossref,conflict_security,2,external threat internal cohesion rally around flag,20,10.14217/9781848593985-6-en,10.14217/9781848593985-6-en,External Threat and Internal Security,1985,component,,type_not_allowed:component
crossref,conflict_security,2,external threat internal cohesion rally around flag,25,10.1093/oso/9780197629710.001.0001,10.1093/oso/9780197629710.001.0001,Rally 'round the Flag,2022,edited-book,,type_not_allowed:edited-book
crossref,conflict_security,2,external threat internal cohesion rally around flag,26,10.1515/9780773548374-006,10.1515/9780773548374-006,Politicians in the Aftermath of Terrorist Attacks,2016,book-chapter,"Bombs, Bullets, and Politicians",missing_anchor_group:rally|wartime|external threat|common enemy
crossref,conflict_security,2,external threat internal cohesion rally around flag,32,10.1093/oso/9780197629710.003.0009,10.1093/oso/9780197629710.003.0009,War That Feels Good,2022,book-chapter,Rally 'round the Flag,missing_anchor_group:rally|wartime|external threat|common enemy
crossref,conflict_security,2,external threat internal cohesion rally around flag,36,10.3167/reco.2016.060307,10.3167/reco.2016.060307,Is there a link? Japan’s internal cohesion and external confl ict with neighbors,2016,journal-article,Regions and Cohesion,missing_anchor_group:rally|wartime|external threat|common enemy
crossref,conflict_security,2,external threat internal cohesion rally around flag,37,10.1163/2468-1733_shafr_sim250060013,10.1163/2468-1733_shafr_sim250060013,"The Rally 'Round the Flag Effect in U.S. Foreign Policy Crises, 1950-1985",,dataset,The SHAFR Guide Online,type_not_allowed:dataset
crossref,conflict_security,2,external threat internal cohesion rally around flag,40,10.1177/0963721411422060,10.1177/0963721411422060,"Threat, Politics, and Attitudes",2011,journal-article,Current Directions in Psychological Science,missing_anchor_group:rally|wartime|external threat|common enemy
crossref,conflict_security,2,external threat internal cohesion rally around flag,42,10.5771/9781461641742-285,10.5771/9781461641742-285,Index,2006,book-chapter,Rally 'Round the Flag,missing_anchor_group:rally|wartime|external threat|common enemy
crossref,conflict_security,2,external threat internal cohesion rally around flag,43,10.1163/2468-1733_shafr_sim290070043,10.1163/2468-1733_shafr_sim290070043,"The Rally 'Round the Flag Effect in U.S. Foreign Policy Crises, 1950-1985",,dataset,The SHAFR Guide Online,type_not_allowed:dataset
crossref,conflict_security,2,external threat internal cohesion rally around flag,46,10.7152/acro.v23i1.14257,10.7152/acro.v23i1.14257,Internal Cohesion and External Separation,2013,journal-article,Advances in Classification Research Online,missing_anchor_group:rally|wartime|external threat|common enemy
crossref,conflict_security,2,external threat internal cohesion rally around flag,48,10.5771/9781461641742-i,10.5771/9781461641742-i,Preface,2006,book-chapter,Rally 'Round the Flag,missing_anchor_group:rally|wartime|external threat|common enemy
crossref,conflict_security,2,external threat internal cohesion rally around flag,50,10.5771/9781461641742-250,10.5771/9781461641742-250,Notes,2006,book-chapter,Rally 'Round the Flag,missing_anchor_group:rally|wartime|external threat|common enemy
openalex,conflict_security,3,security dilemma deterrence conflict prevention,1,https://openalex.org/W2149275882,10.1017/s0260210506007054,The postcolonial moment in security studies,2006,article,International Relations and Foreign Policy,missing_anchor_group:security dilemma|deterrence
openalex,conflict_security,3,security dilemma deterrence conflict prevention,2,https://openalex.org/W2883289607,10.2139/ssrn.3213954,"Deep Fakes: A Looming Challenge for Privacy, Democracy, and National Security",2018,preprint,Misinformation and Its Impacts,missing_anchor_group:security dilemma|deterrence
openalex,conflict_security,3,security dilemma deterrence conflict prevention,4,https://openalex.org/W2041668295,10.1093/ijtj/ijn030,"Dilemmas of Expanding Transitional Justice, or Forging the Nexus between Transitional Justice and Development",2008,editorial,Wildlife Conservation and Criminology Analyses,type_not_allowed:editorial;missing_anchor_group:security dilemma|deterrence
openalex,conflict_security,3,security dilemma deterrence conflict prevention,5,https://openalex.org/W1968049814,10.1080/09557570802452920,Environmental security and climate change: analysing the discourse,2008,article,Global Security and Public Health,missing_anchor_group:security dilemma|deterrence
openalex,conflict_security,3,security dilemma deterrence conflict prevention,8,https://openalex.org/W2483407887,10.2305/iucn.ch.2009.ssc-op.37.en,Best practice guidelines for the prevention and mitigation of conflict between humans and great apes,2009,book,Primate Behavior and Ecology,missing_anchor_group:security dilemma|deterrence
openalex,conflict_security,3,security dilemma deterrence conflict prevention,10,https://openalex.org/W2902634493,10.1007/s11023-018-9482-5,"AI4People—An Ethical Framework for a Good AI Society: Opportunities, Risks, Principles, and Recommendations",2018,article,Ethics and Social Impacts of AI,missing_anchor_group:security dilemma|deterrence
openalex,conflict_security,3,security dilemma deterrence conflict prevention,12,https://openalex.org/W3191656082,10.3390/s21155119,Influence of Human Factors on Cyber Security within Healthcare Organisations: A Systematic Review,2021,review,Information and Cyber Security,type_not_allowed:review;missing_anchor_group:security dilemma|deterrence
openalex,conflict_security,3,security dilemma deterrence conflict prevention,14,https://openalex.org/W2415817215,10.1080/09668136.2016.1176993,The Ukraine Conflict: Russia’s Challenge to European Security Governance,2016,article,European and Russian Geopolitical Military Strategies,missing_anchor_group:security dilemma|deterrence
openalex,conflict_security,3,security dilemma deterrence conflict prevention,16,https://openalex.org/W1484113648,,Swarming and the Future of Conflict,2000,book,Cybersecurity and Cyber Warfare Studies,missing_anchor_group:security dilemma|deterrence
openalex,conflict_security,3,security dilemma deterrence conflict prevention,17,https://openalex.org/W3016902371,10.1038/s41562-020-0884-z,Using social and behavioural science to support COVID-19 pandemic response,2020,article,COVID-19 and Mental Health,missing_anchor_group:security dilemma|deterrence
openalex,conflict_security,3,security dilemma deterrence conflict prevention,18,https://openalex.org/W2131396564,10.1017/s0007123415000307,Resolving Civil Wars before They Start: The UN Security Council and Conflict Prevention in Self-Determination Disputes,2015,article,Political Conflict and Governance,missing_anchor_group:security dilemma|deterrence
openalex,conflict_security,3,security dilemma deterrence conflict prevention,19,https://openalex.org/W1558524417,10.7275/11494,NATO and the future of European security.,1997,dissertation,European Politics and Security,missing_anchor_group:security dilemma|deterrence
openalex,conflict_security,3,security dilemma deterrence conflict prevention,20,https://openalex.org/W2579234806,10.1016/j.drugpo.2016.10.010,Delivery dilemmas: How drug cryptomarket users identify and seek to reduce their risk of detection by law enforcement,2017,article,Cybercrime and Law Enforcement Studies,missing_anchor_group:security dilemma|deterrence
openalex,conflict_security,3,security dilemma deterrence conflict prevention,21,https://openalex.org/W2238386317,10.1007/978-3-642-17776-7_2,"Concepts of Security Threats, Challenges, Vulnerabilities and Risks",2011,book-chapter,Global Security and Public Health,missing_anchor_group:security dilemma|deterrence
openalex,conflict_security,3,security dilemma deterrence conflict prevention,22,https://openalex.org/W2796666514,10.2307/1288201,"""No Soul to Damn: No Body to Kick"": An Unscandalized Inquiry into the Problem of Corporate Punishment",1981,article,Ethics in Business and Education,missing_anchor_group:security dilemma|deterrence
openalex,conflict_security,3,security dilemma deterrence conflict prevention,25,https://openalex.org/W2189934886,10.1007/s11948-015-9733-2,Tolerant Paternalism: Pro-ethical Design as a Resolution of the Dilemma of Toleration,2015,article,Political Philosophy and Ethics,missing_anchor_group:security dilemma|deterrence
openalex,conflict_security,3,security dilemma deterrence conflict prevention,26,https://openalex.org/W2099241937,,"The Myth of ""Ethnic Conflict"": Politics, Economics, and ""Cultural"" Violence",1998,book,International Development and Aid,missing_anchor_group:security dilemma|deterrence
openalex,conflict_security,3,security dilemma deterrence conflict prevention,29,https://openalex.org/W2144662812,10.1093/jrs/17.2.251,"Refugees and Forced Displacement: International Security, Human Vulnerability, and the State",2004,article,"Migration, Refugees, and Integration",missing_anchor_group:security dilemma|deterrence
openalex,conflict_security,3,security dilemma deterrence conflict prevention,31,https://openalex.org/W2951424296,10.3390/socsci8060182,Third-Generation Crime Prevention Through Environmental Design (CPTED),2019,article,Crime Patterns and Interventions,missing_anchor_group:security dilemma|deterrence
openalex,conflict_security,3,security dilemma deterrence conflict prevention,32,https://openalex.org/W1549729150,,The Social Production of National Security,2013,article,"Terrorism, Counterterrorism, and Political Violence",missing_anchor_group:security dilemma|deterrence
openalex,conflict_security,3,security dilemma deterrence conflict prevention,33,https://openalex.org/W2167242989,10.1093/ejil/chi139,A Human Rights Law of Internal Armed Conflict: The European Court of Human Rights in Chechnya,2005,article,International Law and Human Rights,missing_anchor_group:security dilemma|deterrence
openalex,conflict_security,3,security dilemma deterrence conflict prevention,35,https://openalex.org/W1551983277,10.4324/9780203501764-19,The Periphery as the Core: The Third World and Security Studies,1995,article,Global Peace and Security Dynamics,missing_anchor_group:security dilemma|deterrence
openalex,conflict_security,3,security dilemma deterrence conflict prevention,36,https://openalex.org/W2110438916,10.1017/s0020818304582024,How Ideas Spread: Whose Norms Matter? Norm Localization and Institutional Change in Asian Regionalism,2004,article,International Relations and Foreign Policy,missing_anchor_group:security dilemma|deterrence
openalex,conflict_security,3,security dilemma deterrence conflict prevention,38,https://openalex.org/W3041814958,10.1080/13533312.2020.1782752,Peacekeeping Prevention: Strengthening Efforts to Preempt Conflict-related Sexual Violence,2020,article,"Gender, Security, and Conflict",missing_anchor_group:security dilemma|deterrence
openalex,conflict_security,3,security dilemma deterrence conflict prevention,39,https://openalex.org/W2768941382,10.1057/s41296-017-0173-4,"The moral and political philosophy of immigration: Liberty, security, and equality",2017,article,"Migration, Refugees, and Integration",missing_anchor_group:security dilemma|deterrence
openalex,conflict_security,3,security dilemma deterrence conflict prevention,40,https://openalex.org/W4235562929,10.5334/bcc,Security Sector Reform and Citizen Security,2019,book,Global Peace and Security Dynamics,missing_anchor_group:security dilemma|deterrence
openalex,conflict_security,3,security dilemma deterrence conflict prevention,41,https://openalex.org/W3045949286,10.1007/s42439-020-00022-1,"The End of the 1951 Refugee Convention? Dilemmas of Sovereignty, Territoriality, and Human Rights",2020,article,International Law and Human Rights,missing_anchor_group:security dilemma|deterrence
openalex,conflict_security,3,security dilemma deterrence conflict prevention,42,https://openalex.org/W2114717283,,Pakistan's Nuclear Weapons: Proliferation and Security Issues,2012,report,Nuclear Issues and Defense,missing_anchor_group:security dilemma|deterrence
openalex,conflict_security,3,security dilemma deterrence conflict prevention,43,https://openalex.org/W1584672726,,Responding to Terrorism: The Strikes Against bin Laden,1999,article,"Terrorism, Counterterrorism, and Political Violence",missing_anchor_group:security dilemma|deterrence
openalex,conflict_security,3,security dilemma deterrence conflict prevention,45,https://openalex.org/W4206557967,10.1177/13624806211056313,"The long history of prevention: Social Defence, security and anticipating future crimes in the era of ‘penal welfarism’",2022,article,Criminal Justice and Corrections Analysis,missing_anchor_group:security dilemma|deterrence
openalex,conflict_security,3,security dilemma deterrence conflict prevention,47,https://openalex.org/W1595372341,,Equality and Freedom of Expression: The Hate Speech Dilemma,1991,article,Hate Speech and Cyberbullying Detection,missing_anchor_group:security dilemma|deterrence
openalex,conflict_security,3,security dilemma deterrence conflict prevention,48,https://openalex.org/W4396586911,10.37394/23207.2024.21.93,How Do Innovative Improvements in Forensic Accounting and Its Related Technologies Sweeten Fraud Investigation and Prevention?,2024,article,Cybercrime and Law Enforcement Studies,missing_anchor_group:security dilemma|deterrence
openalex,conflict_security,3,security dilemma deterrence conflict prevention,50,https://openalex.org/W4312573793,10.1017/s0023879100017362,Caribbean Security: Retrospect and Prospect,1995,article,"Caribbean history, culture, and politics",missing_anchor_group:security dilemma|deterrence
crossref,conflict_security,3,security dilemma deterrence conflict prevention,2,10.4324/9780203927113.ch2,10.4324/9780203927113.ch2,"Fear, preemption, retaliation",2008,book-chapter,Contemporary Security Studies,missing_anchor_group:security dilemma|deterrence
crossref,conflict_security,3,security dilemma deterrence conflict prevention,10,10.4324/9781003088325-7,10.4324/9781003088325-7,American and European Security in the 1980s,2020,book-chapter,Deterrence in the 1980s,missing_anchor_group:security dilemma|deterrence
crossref,conflict_security,3,security dilemma deterrence conflict prevention,13,10.4324/9780203927113.fmatt,10.4324/9780203927113.fmatt,Front Matter,2008,other,Contemporary Security Studies,type_not_allowed:other;missing_anchor_group:security dilemma|deterrence
crossref,conflict_security,3,security dilemma deterrence conflict prevention,15,10.4324/9780203927113.ch8,10.4324/9780203927113.ch8,Africa‚Äôs power sharing institutions as a response to insecurity,2008,book-chapter,Contemporary Security Studies,missing_anchor_group:security dilemma|deterrence
crossref,conflict_security,3,security dilemma deterrence conflict prevention,18,10.1080/14678800200590600,10.1080/14678800200590600,Nigeria's security sector and the dilemma of civilian control,2002,journal-article,"Conflict, Security &amp; Development",missing_anchor_group:security dilemma|deterrence
crossref,conflict_security,3,security dilemma deterrence conflict prevention,20,10.4324/9780203927113-10,10.4324/9780203927113-10,"Inequality, indivisibility and insecurity",2008,book-chapter,"Intra-State Conflict, Governments and Security",missing_anchor_group:security dilemma|deterrence
crossref,conflict_security,3,security dilemma deterrence conflict prevention,22,10.1080/14678800500344515,10.1080/14678800500344515,Challenging international law: a dilemma of private security companies,2005,journal-article,"Conflict, Security &amp; Development",missing_anchor_group:security dilemma|deterrence
crossref,conflict_security,3,security dilemma deterrence conflict prevention,24,10.1080/14678802.2021.1984684,10.1080/14678802.2021.1984684,Implementing conflict prevention: explaining the failure of UK government’s structural conflict prevention policy 2010-15,2021,journal-article,"Conflict, Security &amp; Development",missing_anchor_group:security dilemma|deterrence
crossref,conflict_security,3,security dilemma deterrence conflict prevention,25,10.4324/9780203927113.ch10,10.4324/9780203927113.ch10,Tackling the anarchy within,2008,book-chapter,Contemporary Security Studies,missing_anchor_group:security dilemma|deterrence
crossref,conflict_security,3,security dilemma deterrence conflict prevention,26,10.4324/9780203927113.bmatt,10.4324/9780203927113.bmatt,References,2008,book-chapter,Contemporary Security Studies,missing_anchor_group:security dilemma|deterrence
crossref,conflict_security,3,security dilemma deterrence conflict prevention,28,10.4324/9780203927113.ch4,10.4324/9780203927113.ch4,"Inequality, indivisibility and insecurity",2008,book-chapter,Contemporary Security Studies,missing_anchor_group:security dilemma|deterrence
crossref,conflict_security,3,security dilemma deterrence conflict prevention,29,10.1080/1467880042000319999,10.1080/1467880042000319999,Conflict prevention and human security: issues and challenges,2004,journal-article,"Conflict, Security &amp; Development",missing_anchor_group:security dilemma|deterrence
crossref,conflict_security,3,security dilemma deterrence conflict prevention,31,10.4324/9780203927113-7,10.4324/9780203927113-7,"Causing security, reducing fear: Deterring intra-state violence and assuring government restraint",2008,book-chapter,"Intra-State Conflict, Governments and Security",missing_anchor_group:security dilemma|deterrence
crossref,conflict_security,3,security dilemma deterrence conflict prevention,32,10.1787/888933442042,10.1787/888933442042,"Figure 6.13. Conflict prevention, peace and security ODA per capita and security fragility",,component,,type_not_allowed:component;missing_anchor_group:security dilemma|deterrence
crossref,conflict_security,3,security dilemma deterrence conflict prevention,35,10.4324/9780203927113-13,10.4324/9780203927113-13,Violence as politics: ETA and Basque nationalism,2008,book-chapter,"Intra-State Conflict, Governments and Security",missing_anchor_group:security dilemma|deterrence
crossref,conflict_security,3,security dilemma deterrence conflict prevention,37,10.1080/1467880042000320014,10.1080/1467880042000320014,Conflict prevention and peace building,2004,journal-article,"Conflict, Security &amp; Development",missing_anchor_group:security dilemma|deterrence
crossref,conflict_security,3,security dilemma deterrence conflict prevention,39,10.4324/9780203927113.ch7,10.4324/9780203927113.ch7,Violence as politics,2008,book-chapter,Contemporary Security Studies,missing_anchor_group:security dilemma|deterrence
crossref,conflict_security,3,security dilemma deterrence conflict prevention,44,10.4324/9781003136996-13,10.4324/9781003136996-13,Security sector reform and conflict prevention,2021,book-chapter,New Paths and Policies towards Conflict Prevention,missing_anchor_group:security dilemma|deterrence
crossref,conflict_security,3,security dilemma deterrence conflict prevention,48,10.2139/ssrn.6776659,10.2139/ssrn.6776659,The Devil's Dilemma: Justice or Security in Post-conflict Sudan A Comprehensive Review,2026,posted-content,,missing_anchor_group:security dilemma|deterrence
crossref,conflict_security,3,security dilemma deterrence conflict prevention,49,10.1080/1467880042000320005,10.1080/1467880042000320005,Strategic deficits in peace building and conflict prevention,2004,journal-article,"Conflict, Security &amp; Development",missing_anchor_group:security dilemma|deterrence
crossref,conflict_security,3,security dilemma deterrence conflict prevention,50,10.4324/9780203927113-11,10.4324/9780203927113-11,Rulers as mass murderers: Political institutions and human insecurity,2008,book-chapter,"Intra-State Conflict, Governments and Security",missing_anchor_group:security dilemma|deterrence
openalex,autonomy_choice,1,choice overload too many options decision satisfaction,1,https://openalex.org/W1976943697,10.1207/s15427579jpfm0602_2,"Asset Allocation and Information Overload: The Influence of Information Display, Asset Choice, and Investor Experience",2005,article,"Financial Literacy, Pension, Retirement Analysis",missing_anchor_group:choice overload|too many choice|too much choice|choice options|choice set
openalex,autonomy_choice,1,choice overload too many options decision satisfaction,3,https://openalex.org/W2102309240,10.1093/0199273391.003.0005,How Much Choice is Too Much? Contributions to 401(k) Retirement Plans,2004,book-chapter,"Financial Literacy, Pension, Retirement Analysis",missing_anchor_group:choice overload|too many choice|too much choice|choice options|choice set
openalex,autonomy_choice,1,choice overload too many options decision satisfaction,5,https://openalex.org/W4381548764,10.3389/fpsyg.2023.1122200,Dealing with information overload: a comprehensive review,2023,article,Technostress in Professional Settings,missing_anchor_group:choice overload|too many choice|too much choice|choice options|choice set
openalex,autonomy_choice,1,choice overload too many options decision satisfaction,6,https://openalex.org/W2156916802,10.1177/0020852303693003,Comparing Measures of Citizen Trust and User Satisfaction as Indicators of ‘Good Governance’: Difficulties in Linking Trust and Satisfaction Indicators,2003,article,Public Policy and Administration Research,missing_anchor_group:choice overload|too many choice|too much choice|choice options|choice set
openalex,autonomy_choice,1,choice overload too many options decision satisfaction,7,https://openalex.org/W2013946069,10.1016/j.rser.2014.09.026,Household energy use: Applying behavioural economics to understand consumer decision-making and behaviour,2014,article,Environmental Education and Sustainability,missing_anchor_group:choice overload|too many choice|too much choice|choice options|choice set
openalex,autonomy_choice,1,choice overload too many options decision satisfaction,9,https://openalex.org/W2828983966,10.1007/s40685-018-0069-z,"Information overload in the information age: a review of the literature from business administration, business psychology, and related disciplines with a bibliometric approach and framework development",2018,article,Personal Information Management and User Behavior,missing_anchor_group:choice overload|too many choice|too much choice|choice options|choice set
openalex,autonomy_choice,1,choice overload too many options decision satisfaction,10,https://openalex.org/W2101419153,10.1287/orsc.3.3.398,The Duality of Technology: Rethinking the Concept of Technology in Organizations,1992,article,Information Systems Theories and Implementation,missing_anchor_group:choice overload|too many choice|too much choice|choice options|choice set
openalex,autonomy_choice,1,choice overload too many options decision satisfaction,11,https://openalex.org/W2126422166,10.1186/1472-6963-12-272,Determinants of patient choice of healthcare providers: a scoping review,2012,article,Patient Satisfaction in Healthcare,missing_anchor_group:choice overload|too many choice|too much choice|choice options|choice set
openalex,autonomy_choice,1,choice overload too many options decision satisfaction,12,https://openalex.org/W1986070354,10.1016/s0022-4359(99)80105-5,Variety for sale: Mass customization or mass confusion?,1998,article,Product Development and Customization,missing_anchor_group:choice overload|too many choice|too much choice|choice options|choice set
openalex,autonomy_choice,1,choice overload too many options decision satisfaction,13,https://openalex.org/W2105379969,10.24059/olj.v13i3.1659,FACTORS THAT INFLUENCE STUDENTS’ DECISION TO DROPOUT OF ONLINE COURSES,2009,article,Online Learning and Analytics,missing_anchor_group:choice overload|too many choice|too much choice|choice options|choice set
openalex,autonomy_choice,1,choice overload too many options decision satisfaction,14,https://openalex.org/W2442246762,10.1007/s00134-012-2769-8,"Surviving Sepsis Campaign: International Guidelines for Management of Severe Sepsis and Septic Shock, 2012",2013,article,Sepsis Diagnosis and Treatment,missing_anchor_group:choice overload|too many choice|too much choice|choice options|choice set
openalex,autonomy_choice,1,choice overload too many options decision satisfaction,15,https://openalex.org/W2520453878,10.1007/s11257-016-9178-6,Understanding the role of latent feature diversification on choice difficulty and satisfaction,2016,article,Digital Marketing and Social Media,missing_anchor_group:choice overload|too many choice|too much choice|choice options|choice set
openalex,autonomy_choice,1,choice overload too many options decision satisfaction,16,https://openalex.org/W2799927634,10.1016/j.ejvs.2018.02.001,Editor's Choice – Vascular Access: 2018 Clinical Practice Guidelines of the European Society for Vascular Surgery (ESVS),2018,article,Central Venous Catheters and Hemodialysis,missing_anchor_group:choice overload|too many choice|too much choice|choice options|choice set
openalex,autonomy_choice,1,choice overload too many options decision satisfaction,17,https://openalex.org/W2075743811,10.1111/1468-0009.00061,Informing Consumer Decisions in Health Care: Implications from Decision‐Making Research,1997,article,Patient Satisfaction in Healthcare,missing_anchor_group:choice overload|too many choice|too much choice|choice options|choice set
openalex,autonomy_choice,1,choice overload too many options decision satisfaction,18,https://openalex.org/W4229006585,10.1155/2022/4911205,Iron Chelators in Treatment of Iron Overload,2022,article,Iron Metabolism and Disorders,missing_anchor_group:choice overload|too many choice|too much choice|choice options|choice set
openalex,autonomy_choice,1,choice overload too many options decision satisfaction,19,https://openalex.org/W1738629566,10.22329/jtl.v8i1.2896,"Predicting Teacher Anxiety, Depression, and Job Satisfaction",2012,article,Stress and Burnout Research,missing_anchor_group:choice overload|too many choice|too much choice|choice options|choice set
openalex,autonomy_choice,1,choice overload too many options decision satisfaction,20,https://openalex.org/W1498516957,10.24002/kinerja.v17i1.372,"THE EFFECT OF CONSUMER CONFUSION PRONENESS ON WORD OF MOUTH, TRUST, AND CUSTOMER SATISFACTION",2013,article,Customer Service Quality and Loyalty,missing_anchor_group:choice overload|too many choice|too much choice|choice options|choice set
openalex,autonomy_choice,1,choice overload too many options decision satisfaction,21,https://openalex.org/W3003419678,10.3390/ijerph17030835,Impact of Nurse-Patient Relationship on Quality of Care and Patient Autonomy in Decision-Making,2020,article,"Health, Nursing, Elderly Care",missing_anchor_group:choice overload|too many choice|too much choice|choice options|choice set
openalex,autonomy_choice,1,choice overload too many options decision satisfaction,23,https://openalex.org/W2777677018,10.1007/s40547-017-0085-8,Consumer Choice and Autonomy in the Age of Artificial Intelligence and Big Data,2017,article,Behavioral Health and Interventions,missing_anchor_group:choice overload|too many choice|too much choice|choice options|choice set
openalex,autonomy_choice,1,choice overload too many options decision satisfaction,24,https://openalex.org/W2052876062,10.1145/46157.46158,Computer-based systems for cooperative work and group decision making,1988,article,Team Dynamics and Performance,missing_anchor_group:choice overload|too many choice|too much choice|choice options|choice set
openalex,autonomy_choice,1,choice overload too many options decision satisfaction,26,https://openalex.org/W2163682975,10.1016/j.jenvp.2014.01.002,"An Integrated Framework for Encouraging Pro-environmental Behaviour: The role of values, situational factors and goals",2014,article,Environmental Education and Sustainability,missing_anchor_group:choice overload|too many choice|too much choice|choice options|choice set
openalex,autonomy_choice,1,choice overload too many options decision satisfaction,28,https://openalex.org/W3202964273,10.1007/s00134-021-06506-y,Surviving sepsis campaign: international guidelines for management of sepsis and septic shock 2021,2021,article,Sepsis Diagnosis and Treatment,missing_anchor_group:choice overload|too many choice|too much choice|choice options|choice set
openalex,autonomy_choice,1,choice overload too many options decision satisfaction,29,https://openalex.org/W2123501084,10.3386/w14759,Choice Inconsistencies Among the Elderly: Evidence from Plan Choice in the Medicare Part D Program,2009,report,Economic and Environmental Valuation,missing_anchor_group:choice overload|too many choice|too much choice|choice options|choice set
openalex,autonomy_choice,1,choice overload too many options decision satisfaction,31,https://openalex.org/W1982754574,10.1111/j.1467-6494.1991.tb00260.x,Measuring Daily Events and Experiences: Decisions for the Researcher,1991,article,Community Health and Development,missing_anchor_group:choice overload|too many choice|too much choice|choice options|choice set
openalex,autonomy_choice,1,choice overload too many options decision satisfaction,32,https://openalex.org/W3034946821,10.1007/s11002-020-09521-z,Autonomy in consumer choice,2020,article,Psychology of Moral and Emotional Judgment,missing_anchor_group:choice overload|too many choice|too much choice|choice options|choice set
openalex,autonomy_choice,1,choice overload too many options decision satisfaction,34,https://openalex.org/W2065190003,10.3758/s13423-013-0422-3,Information overload or search-amplified risk? Set size and order effects on decisions from experience,2013,article,Decision-Making and Behavioral Economics,missing_anchor_group:choice overload|too many choice|too much choice|choice options|choice set
openalex,autonomy_choice,1,choice overload too many options decision satisfaction,35,https://openalex.org/W3209549415,10.3389/fnins.2021.695852,How Does Information Overload Affect Consumers’ Online Decision Process? An Event-Related Potentials Study,2021,article,Neural and Behavioral Psychology Studies,missing_anchor_group:choice overload|too many choice|too much choice|choice options|choice set
openalex,autonomy_choice,1,choice overload too many options decision satisfaction,36,https://openalex.org/W3200219929,10.1016/j.im.2021.103533,Absorbed in technology but digitally overloaded: Interplay effects on gig workers’ burnout and creativity,2021,article,Cyberloafing and Workplace Behavior,missing_anchor_group:choice overload|too many choice|too much choice|choice options|choice set
openalex,autonomy_choice,1,choice overload too many options decision satisfaction,37,https://openalex.org/W2104357911,10.15215/aupress/9781897425084.01,The Theory and Practice of Online Learning,2008,book,Online and Blended Learning,missing_anchor_group:choice overload|too many choice|too much choice|choice options|choice set
openalex,autonomy_choice,1,choice overload too many options decision satisfaction,38,https://openalex.org/W1772235642,10.48550/arxiv.1306.0813,Social Media and Information Overload: Survey Results,2013,preprint,Impact of Technology on Adolescents,missing_anchor_group:choice overload|too many choice|too much choice|choice options|choice set
openalex,autonomy_choice,1,choice overload too many options decision satisfaction,40,https://openalex.org/W3114897843,10.1109/tsmc.2020.3043016,Revisiting Fuzzy and Linguistic Decision Making: Scenarios and Challenges for Making Wiser Decisions in a Better Way,2020,article,Multi-Criteria Decision Making,missing_anchor_group:choice overload|too many choice|too much choice|choice options|choice set
openalex,autonomy_choice,1,choice overload too many options decision satisfaction,41,https://openalex.org/W2125330369,10.1007/s11257-011-9118-4,Explaining the user experience of recommender systems,2012,article,Recommender Systems and Techniques,missing_anchor_group:choice overload|too many choice|too much choice|choice options|choice set
openalex,autonomy_choice,1,choice overload too many options decision satisfaction,42,https://openalex.org/W3121143499,10.1016/j.jacceco.2014.09.002,A review of archival auditing research,2014,article,"Auditing, Earnings Management, Governance",missing_anchor_group:choice overload|too many choice|too much choice|choice options|choice set
openalex,autonomy_choice,1,choice overload too many options decision satisfaction,43,https://openalex.org/W4249915060,10.24059/olj.v8i4.1814,FACTORS THAT INFLUENCE STUDENTS’ DECISION TO DROPOUT OF ONLINE COURSES,2004,article,Online Learning and Analytics,missing_anchor_group:choice overload|too many choice|too much choice|choice options|choice set
openalex,autonomy_choice,1,choice overload too many options decision satisfaction,44,https://openalex.org/W1509618390,10.1111/j.1365-2702.2011.03995.x,"Job conditions, job satisfaction, somatic complaints and burnout among East African nurses",2012,article,Nursing education and management,missing_anchor_group:choice overload|too many choice|too much choice|choice options|choice set
openalex,autonomy_choice,1,choice overload too many options decision satisfaction,45,https://openalex.org/W4211086402,10.1007/978-3-030-25153-6_6,Decision-Making Models and Career Guidance,2019,book-chapter,Career Development and Diversity,missing_anchor_group:choice overload|too many choice|too much choice|choice options|choice set
openalex,autonomy_choice,1,choice overload too many options decision satisfaction,46,https://openalex.org/W4221127946,10.1371/journal.pone.0265131,"Digitally transformed home office impacts on job satisfaction, job stress and job productivity. COVID-19 findings",2022,article,Work-Family Balance Challenges,missing_anchor_group:choice overload|too many choice|too much choice|choice options|choice set
openalex,autonomy_choice,1,choice overload too many options decision satisfaction,47,https://openalex.org/W4322630742,10.3389/fpsyg.2023.1129835,Cognitive bias and how to improve sustainable decision making,2023,article,Decision-Making and Behavioral Economics,missing_anchor_group:choice overload|too many choice|too much choice|choice options|choice set
openalex,autonomy_choice,1,choice overload too many options decision satisfaction,48,https://openalex.org/W1902448106,10.1016/j.tourman.2015.05.007,Why do travelers trust TripAdvisor? Antecedents of trust towards consumer-generated media and its influence on recommendation adoption and word of mouth,2015,article,Digital Marketing and Social Media,missing_anchor_group:choice overload|too many choice|too much choice|choice options|choice set
openalex,autonomy_choice,1,choice overload too many options decision satisfaction,49,https://openalex.org/W3086876097,10.1111/puar.13308,Service Design and Citizen Satisfaction with E‐Government Services: A Multidimensional Perspective,2020,article,Technology Adoption and User Behaviour,missing_anchor_group:choice overload|too many choice|too much choice|choice options|choice set
openalex,autonomy_choice,1,choice overload too many options decision satisfaction,50,https://openalex.org/W2065943314,10.1111/j.1468-0009.2006.00438.x,Can Limiting Choice Increase Social Welfare? The Elderly and Health Insurance,2006,article,Healthcare Policy and Management,missing_anchor_group:choice overload|too many choice|too much choice|choice options|choice set
crossref,autonomy_choice,1,choice overload too many options decision satisfaction,1,10.1037/e636742011-025,10.1037/e636742011-025,Can there ever be too many options? Re-assessing the effect of choice overload,2008,dataset,PsycEXTRA Dataset,type_not_allowed:dataset
crossref,autonomy_choice,1,choice overload too many options decision satisfaction,2,10.1002/hbe2.295/v2/decision1,10.1002/hbe2.295/v2/decision1,"Decision letter for ""Are there never too many choice options? The effect of increasing the number of choice options on learning with digital media""",2021,peer-review,,type_not_allowed:peer-review
crossref,autonomy_choice,1,choice overload too many options decision satisfaction,3,10.1002/hbe2.295/v1/decision1,10.1002/hbe2.295/v1/decision1,"Decision letter for ""Are there never too many choice options? The effect of increasing the number of choice options on learning with digital media""",2021,peer-review,,type_not_allowed:peer-review
crossref,autonomy_choice,1,choice overload too many options decision satisfaction,4,10.1002/hbe2.295/v1/review1,10.1002/hbe2.295/v1/review1,"Review for ""Are there never too many choice options? The effect of increasing the number of choice options on learning with digital media""",2021,peer-review,,type_not_allowed:peer-review
crossref,autonomy_choice,1,choice overload too many options decision satisfaction,5,10.1002/hbe2.295/v2/response1,10.1002/hbe2.295/v2/response1,"Author response for ""Are there never too many choice options? The effect of increasing the number of choice options on learning with digital media""",2021,peer-review,,type_not_allowed:peer-review
crossref,autonomy_choice,1,choice overload too many options decision satisfaction,6,10.1136/dtb.2016.2.0379,10.1136/dtb.2016.2.0379,"Too many options, too little choice in COPD?",2016,journal-article,Drug and Therapeutics Bulletin,missing_anchor_group:choice overload|too many choice|too much choice|choice options|choice set
crossref,autonomy_choice,1,choice overload too many options decision satisfaction,9,10.2139/ssrn.1571788,10.2139/ssrn.1571788,Investors with Too Many Options?,2010,posted-content,,missing_anchor_group:choice overload|too many choice|too much choice|choice options|choice set
crossref,autonomy_choice,1,choice overload too many options decision satisfaction,10,10.2139/ssrn.1603889,10.2139/ssrn.1603889,Investors with Too Many Options?,2010,posted-content,,missing_anchor_group:choice overload|too many choice|too much choice|choice options|choice set
crossref,autonomy_choice,1,choice overload too many options decision satisfaction,11,10.22215/etd/2000-04666,10.22215/etd/2000-04666,How many is enough? : the effects of number of options and selections on perceived freedom of choice and satisfaction.,,dissertation,,missing_anchor_group:choice overload|too many choice|too much choice|choice options|choice set
crossref,autonomy_choice,1,choice overload too many options decision satisfaction,14,10.1037/e633982013-343,10.1037/e633982013-343,"You choose, you lose?: The effect of too many attractive alternatives on choice difficulty, postdecisional satisfaction, and regret",2007,dataset,PsycEXTRA Dataset,type_not_allowed:dataset;missing_anchor_group:choice overload|too many choice|too much choice|choice options|choice set
crossref,autonomy_choice,1,choice overload too many options decision satisfaction,15,10.1037/e373572004-033,10.1037/e373572004-033,Too many choices? Today's abundance of consumer options can stall our decision-making and even wear away our well being.,2004,dataset,PsycEXTRA Dataset,type_not_allowed:dataset
crossref,autonomy_choice,1,choice overload too many options decision satisfaction,16,10.64628/aa.7cepsqkpm,10.64628/aa.7cepsqkpm,‘Far too many’ Victorians are going to work while sick. Far too many have no choice,2020,posted-content,,missing_anchor_group:choice overload|too many choice|too much choice|choice options|choice set
crossref,autonomy_choice,1,choice overload too many options decision satisfaction,17,10.2139/ssrn.305409,10.2139/ssrn.305409,Too Many Options? Theory and Evidence on Option Exchange Design,2004,posted-content,,missing_anchor_group:choice overload|too many choice|too much choice|choice options|choice set
crossref,autonomy_choice,1,choice overload too many options decision satisfaction,19,10.1021/cen-v075n008.p042,10.1021/cen-v075n008.p042,Too much data. Too many options. And too little time.,1997,journal-article,Chemical &amp; Engineering News Archive,missing_anchor_group:choice overload|too many choice|too much choice|choice options|choice set
crossref,autonomy_choice,1,choice overload too many options decision satisfaction,20,10.1021/cen-v075n011.p002,10.1021/cen-v075n011.p002,Too much data. Too many options. And too little time.,1997,journal-article,Chemical &amp; Engineering News Archive,missing_anchor_group:choice overload|too many choice|too much choice|choice options|choice set
crossref,autonomy_choice,1,choice overload too many options decision satisfaction,23,10.4324/9781032703152-21,10.4324/9781032703152-21,Too Many Options,2025,book-chapter,A Companion to Introductory Psychology,missing_anchor_group:choice overload|too many choice|too much choice|choice options|choice set
crossref,autonomy_choice,1,choice overload too many options decision satisfaction,24,10.3390/su18126261,10.3390/su18126261,Sustainability Overload and Execution Inconsistency: How Too Many Sustainability Priorities Weaken Strategic Implementation,2026,journal-article,Sustainability,missing_anchor_group:choice overload|too many choice|too much choice|choice options|choice set
crossref,autonomy_choice,1,choice overload too many options decision satisfaction,25,10.5860/choice.32-1775,10.5860/choice.32-1775,Too many enemies,1994,journal-article,Choice Reviews Online,missing_anchor_group:choice overload|too many choice|too much choice|choice options|choice set
crossref,autonomy_choice,1,choice overload too many options decision satisfaction,27,10.1057/9781137477279_7,10.1057/9781137477279_7,Too Many Options?,2016,book-chapter,Brazilian Derivatives and Securities,missing_anchor_group:choice overload|too many choice|too much choice|choice options|choice set
crossref,autonomy_choice,1,choice overload too many options decision satisfaction,28,10.1093/ajhp/zxac283,10.1093/ajhp/zxac283,Weight and size descriptors for drug dosing: Too many options and too many errors,2022,journal-article,American Journal of Health-System Pharmacy,missing_anchor_group:choice overload|too many choice|too much choice|choice options|choice set
crossref,autonomy_choice,1,choice overload too many options decision satisfaction,29,10.12968/gasn.2011.9.2.10,10.12968/gasn.2011.9.2.10,Patients confused by too many screening options,2011,journal-article,Gastrointestinal Nursing,missing_anchor_group:choice overload|too many choice|too much choice|choice options|choice set
crossref,autonomy_choice,1,choice overload too many options decision satisfaction,30,10.5860/choice.191709,10.5860/choice.191709,How many is too many?: the progressive argument for reducing immigration into the United States,2015,journal-article,Choice Reviews Online,missing_anchor_group:choice overload|too many choice|too much choice|choice options|choice set
crossref,autonomy_choice,1,choice overload too many options decision satisfaction,32,10.1055/s-0039-1678586,10.1055/s-0039-1678586,"Learning Curve in Spine Surgery—Too Many Techniques, Too Many Options—How Should Young Surgeons Deal with this Anxiety?",2019,journal-article,Arquivos Brasileiros de Neurocirurgia: Brazilian Neurosurgery,missing_anchor_group:choice overload|too many choice|too much choice|choice options|choice set
crossref,autonomy_choice,1,choice overload too many options decision satisfaction,34,10.1093/geroni/igy023.1960,10.1093/geroni/igy023.1960,TOO MANY OPTIONS AND NO DIRECTION: LESSONS LEARNED FROM A REVIEW OF ADVANCE CARE PLANNING OPTIONS,2018,journal-article,Innovation in Aging,missing_anchor_group:choice overload|too many choice|too much choice|choice options|choice set
crossref,autonomy_choice,1,choice overload too many options decision satisfaction,36,10.37349/emed.2025.1001378,10.37349/emed.2025.1001378,Drug treatment of MASH from none to (too) many options?,2025,journal-article,Exploration of Medicine,missing_anchor_group:choice overload|too many choice|too much choice|choice options|choice set
crossref,autonomy_choice,1,choice overload too many options decision satisfaction,38,10.1002/dir.4000070404,10.1002/dir.4000070404,Information overload in mail catalog shopping,1993,journal-article,Journal of Direct Marketing,missing_anchor_group:choice overload|too many choice|too much choice|choice options|choice set
crossref,autonomy_choice,1,choice overload too many options decision satisfaction,39,10.1016/j.acra.2008.06.001,10.1016/j.acra.2008.06.001,Too Many Options for Computed Tomography for Coronary Calcium Screening,2008,journal-article,Academic Radiology,missing_anchor_group:choice overload|too many choice|too much choice|choice options|choice set
crossref,autonomy_choice,1,choice overload too many options decision satisfaction,40,10.1615/978-1-56700-525-7.76,10.1615/978-1-56700-525-7.76,"Chapter 1. Renewable Energy Storage: Too Many Options, Not Enough Time?",2022,book-chapter,Sustainable Energy Storage for Furthering Renewable Energy,missing_anchor_group:choice overload|too many choice|too much choice|choice options|choice set
crossref,autonomy_choice,1,choice overload too many options decision satisfaction,43,10.2139/ssrn.4386328,10.2139/ssrn.4386328,Too many options: How to identify coalitions in a policy network?,2023,posted-content,,missing_anchor_group:choice overload|too many choice|too much choice|choice options|choice set
crossref,autonomy_choice,1,choice overload too many options decision satisfaction,44,10.2139/ssrn.601321,10.2139/ssrn.601321,"Too Many Migrants, Too Few Services: A Model of Decision-Making on Immigration and Integration with Cultural Distance",2004,posted-content,,missing_anchor_group:choice overload|too many choice|too much choice|choice options|choice set
crossref,autonomy_choice,1,choice overload too many options decision satisfaction,45,10.1211/pj.2013.11129484,10.1211/pj.2013.11129484,How many community pharmacies are too many? Are there too many now?,2013,journal-article,The Pharmaceutical Journal,missing_anchor_group:choice overload|too many choice|too much choice|choice options|choice set
crossref,autonomy_choice,1,choice overload too many options decision satisfaction,46,10.1177/10668969241231982/v1/decision1,10.1177/10668969241231982/v1/decision1,"Decision letter for ""Are Renal Tumor Diagnostics Becoming Too Advanced for Many Pathology Laboratories?""",2024,peer-review,,type_not_allowed:peer-review;missing_anchor_group:choice overload|too many choice|too much choice|choice options|choice set
crossref,autonomy_choice,1,choice overload too many options decision satisfaction,47,10.15760/etd.7412,10.15760/etd.7412,"So Many Choices: An Experimental Study of Digital Television Choice, Customization, and Satisfaction",2000,report,,missing_anchor_group:choice overload|too many choice|too much choice|choice options|choice set
crossref,autonomy_choice,1,choice overload too many options decision satisfaction,50,10.1200/jco.1994.12.6.1323,10.1200/jco.1994.12.6.1323,Treatment of hepatocellular carcinoma: too many options?,1994,journal-article,Journal of Clinical Oncology,missing_anchor_group:choice overload|too many choice|too much choice|choice options|choice set
openalex,autonomy_choice,2,autonomy paradox flexibility constant connectivity,1,https://openalex.org/W1976623182,10.1016/j.neuroimage.2013.05.079,"Dynamic functional connectivity: Promise, issues, and interpretations",2013,article,Functional Brain Connectivity Studies,missing_anchor_group:autonomy paradox|flexibility paradox|constant connectivity|temporal flexibility|work flexibility
openalex,autonomy_choice,2,autonomy paradox flexibility constant connectivity,2,https://openalex.org/W2069762774,10.1016/j.neuroimage.2013.07.019,Principal components of functional connectivity: A new approach to study dynamic brain connectivity during rest,2013,article,Functional Brain Connectivity Studies,missing_anchor_group:autonomy paradox|flexibility paradox|constant connectivity|temporal flexibility|work flexibility
openalex,autonomy_choice,2,autonomy paradox flexibility constant connectivity,3,https://openalex.org/W2054692642,10.1109/jsac.2014.2328098,What Will 5G Be?,2014,article,Advanced MIMO Systems Optimization,missing_anchor_group:autonomy paradox|flexibility paradox|constant connectivity|temporal flexibility|work flexibility
openalex,autonomy_choice,2,autonomy paradox flexibility constant connectivity,5,https://openalex.org/W2292089685,10.1080/03637751.2015.1133920,The practical paradox of technology: The influence of communication technology use on employee burnout and engagement,2016,article,Job Satisfaction and Organizational Behavior,missing_anchor_group:autonomy paradox|flexibility paradox|constant connectivity|temporal flexibility|work flexibility
openalex,autonomy_choice,2,autonomy paradox flexibility constant connectivity,6,https://openalex.org/W3014414541,10.1177/1024529420914473,"Between a rock and a hard place: Freedom, flexibility, precarity and vulnerability in the gig economy in Africa",2020,article,Digital Economy and Work Transformation,missing_anchor_group:autonomy paradox|flexibility paradox|constant connectivity|temporal flexibility|work flexibility
openalex,autonomy_choice,2,autonomy paradox flexibility constant connectivity,7,https://openalex.org/W2190361876,10.1111/ntwe.12052,Flexible work designs and employee well‐being: examining the effects of resources and demands,2015,article,Work-Family Balance Challenges,missing_anchor_group:autonomy paradox|flexibility paradox|constant connectivity|temporal flexibility|work flexibility
openalex,autonomy_choice,2,autonomy paradox flexibility constant connectivity,9,https://openalex.org/W2823260,10.54337/nlc.v7.9190,The Ideals and Reality of Participating in a MOOC,2010,conference-paper,Online Learning and Analytics,type_not_allowed:conference-paper;missing_anchor_group:autonomy paradox|flexibility paradox|constant connectivity|temporal flexibility|work flexibility
openalex,autonomy_choice,2,autonomy paradox flexibility constant connectivity,10,https://openalex.org/W2902411941,10.1111/joms.12422,The Five Paradoxes of Meaningful Work: Introduction to the special Issue ‘Meaningful Work: Prospects for the 21st Century’,2018,editorial,Management and Organizational Studies,type_not_allowed:editorial;missing_anchor_group:autonomy paradox|flexibility paradox|constant connectivity|temporal flexibility|work flexibility
openalex,autonomy_choice,2,autonomy paradox flexibility constant connectivity,11,https://openalex.org/W2767774970,10.1111/ntwe.12098,Paradoxical implications of personal social media use for work,2017,article,Impact of Technology on Adolescents,missing_anchor_group:autonomy paradox|flexibility paradox|constant connectivity|temporal flexibility|work flexibility
openalex,autonomy_choice,2,autonomy paradox flexibility constant connectivity,12,https://openalex.org/W3047807567,10.1111/jpim.12548,The Gordian Knot of Practicing Digital Transformation: Coping with Emergent Paradoxes in Ambidextrous Organizing Structures*,2020,article,Innovation and Knowledge Management,missing_anchor_group:autonomy paradox|flexibility paradox|constant connectivity|temporal flexibility|work flexibility
openalex,autonomy_choice,2,autonomy paradox flexibility constant connectivity,13,https://openalex.org/W1988744735,10.3389/fpsyg.2013.00931,The myth of cognitive agency: subpersonal thinking as a cyclically recurring loss of mental autonomy,2013,article,Mind wandering and attention,missing_anchor_group:autonomy paradox|flexibility paradox|constant connectivity|temporal flexibility|work flexibility
openalex,autonomy_choice,2,autonomy paradox flexibility constant connectivity,14,https://openalex.org/W1995453178,10.1007/bf00992905,The narrative constitution of identity: A relational and network approach,1994,article,"Foucault, Power, and Ethics",missing_anchor_group:autonomy paradox|flexibility paradox|constant connectivity|temporal flexibility|work flexibility
openalex,autonomy_choice,2,autonomy paradox flexibility constant connectivity,15,https://openalex.org/W4313524339,10.1111/joop.12422,Staying connected and feeling less exhausted: The autonomy benefits of after‐hour connectivity,2023,article,Job Satisfaction and Organizational Behavior,missing_anchor_group:autonomy paradox|flexibility paradox|constant connectivity|temporal flexibility|work flexibility
openalex,autonomy_choice,2,autonomy paradox flexibility constant connectivity,16,https://openalex.org/W2998691503,10.1111/apps.12241,"Automation, Algorithms, and Beyond: Why Work Design Matters More Than Ever in a Digital World",2019,article,Digital Transformation in Industry,missing_anchor_group:autonomy paradox|flexibility paradox|constant connectivity|temporal flexibility|work flexibility
openalex,autonomy_choice,2,autonomy paradox flexibility constant connectivity,18,https://openalex.org/W3129560446,10.16538/j.cnki.fem.20200811.301,Is the Platform Work Autonomous? The Effect of Online Labor Platform Algorithm Management on Job Autonomy,2021,article,Digital Economy and Work Transformation,missing_anchor_group:autonomy paradox|flexibility paradox|constant connectivity|temporal flexibility|work flexibility
openalex,autonomy_choice,2,autonomy paradox flexibility constant connectivity,19,https://openalex.org/W2916802491,10.3389/fnhum.2019.00064,The Relationship Between Heart Rate Variability and Electroencephalography Functional Connectivity Variability Is Associated With Cognitive Flexibility,2019,article,Heart Rate Variability and Autonomic Control,missing_anchor_group:autonomy paradox|flexibility paradox|constant connectivity|temporal flexibility|work flexibility
openalex,autonomy_choice,2,autonomy paradox flexibility constant connectivity,20,https://openalex.org/W3116707879,10.1080/17508487.2020.1861043,Paradoxes of freedom. An archaeological analysis of educational online platform interfaces,2020,article,Digital Education and Society,missing_anchor_group:autonomy paradox|flexibility paradox|constant connectivity|temporal flexibility|work flexibility
openalex,autonomy_choice,2,autonomy paradox flexibility constant connectivity,22,https://openalex.org/W3013228729,10.1016/j.infoecopol.2020.100863,Mobile Information Technologies and Firm Performance: The Role of Employee Autonomy,2020,article,Work-Family Balance Challenges,missing_anchor_group:autonomy paradox|flexibility paradox|constant connectivity|temporal flexibility|work flexibility
openalex,autonomy_choice,2,autonomy paradox flexibility constant connectivity,23,https://openalex.org/W1989724943,10.1109/hicss.2012.149,Change and Control Paradoxes in Mobile Infrastructure Innovation: The Android and iOS Mobile Operating Systems Cases,2012,conference-paper,Digital Platforms and Economics,type_not_allowed:conference-paper;missing_anchor_group:autonomy paradox|flexibility paradox|constant connectivity|temporal flexibility|work flexibility
openalex,autonomy_choice,2,autonomy paradox flexibility constant connectivity,24,https://openalex.org/W2038543073,10.3389/fnhum.2014.00851,Effects of weekly low-frequency rTMS on autonomic measures in children with autism spectrum disorder,2014,article,Heart Rate Variability and Autonomic Control,missing_anchor_group:autonomy paradox|flexibility paradox|constant connectivity|temporal flexibility|work flexibility
openalex,autonomy_choice,2,autonomy paradox flexibility constant connectivity,25,https://openalex.org/W2609886869,10.1111/1467-9566.12585,"Pathways to professionalism? Quality improvement, care pathways, and the interplay of standardisation and clinical autonomy",2017,article,"Cardiac, Anesthesia and Surgical Outcomes",missing_anchor_group:autonomy paradox|flexibility paradox|constant connectivity|temporal flexibility|work flexibility
openalex,autonomy_choice,2,autonomy paradox flexibility constant connectivity,26,https://openalex.org/W3097347863,10.1177/0170840620973666,"Connectivity in and around Organizations: Waves, tensions and trade-offs",2020,article,Service and Product Innovation,missing_anchor_group:autonomy paradox|flexibility paradox|constant connectivity|temporal flexibility|work flexibility
openalex,autonomy_choice,2,autonomy paradox flexibility constant connectivity,27,https://openalex.org/W974480840,10.1007/s12525-015-0196-8,Smart tourism: foundations and developments,2015,article,Digital Marketing and Social Media,missing_anchor_group:autonomy paradox|flexibility paradox|constant connectivity|temporal flexibility|work flexibility
openalex,autonomy_choice,2,autonomy paradox flexibility constant connectivity,29,https://openalex.org/W3020745838,10.1007/s41542-020-00058-1,Lost in Autonomy – Temporal Structures and Their Implications for Employees’ Autonomy and Well-Being among Knowledge Workers,2020,article,Workplace Health and Well-being,missing_anchor_group:autonomy paradox|flexibility paradox|constant connectivity|temporal flexibility|work flexibility
openalex,autonomy_choice,2,autonomy paradox flexibility constant connectivity,31,https://openalex.org/W2282315257,10.1155/2016/7539065,Impaired Functional Connectivity in the Prefrontal Cortex: A Mechanism for Chronic Stress-Induced Neuropsychiatric Disorders,2016,article,Stress Responses and Cortisol,missing_anchor_group:autonomy paradox|flexibility paradox|constant connectivity|temporal flexibility|work flexibility
openalex,autonomy_choice,2,autonomy paradox flexibility constant connectivity,32,https://openalex.org/W4324099451,10.1111/jpim.12667,Paradoxes of implementing digital manufacturing systems: A longitudinal study of digital innovation projects for disruptive change,2023,article,Digital Transformation in Industry,missing_anchor_group:autonomy paradox|flexibility paradox|constant connectivity|temporal flexibility|work flexibility
openalex,autonomy_choice,2,autonomy paradox flexibility constant connectivity,33,https://openalex.org/W3134065688,10.1016/j.neubiorev.2021.02.041,Is autonomic function during resting-state atypical in Autism: A systematic review of evidence,2021,review,Autism Spectrum Disorder Research,type_not_allowed:review;missing_anchor_group:autonomy paradox|flexibility paradox|constant connectivity|temporal flexibility|work flexibility
openalex,autonomy_choice,2,autonomy paradox flexibility constant connectivity,34,https://openalex.org/W2105931454,10.1017/s0140525x11000446,The brain basis of emotion: A meta-analytic review,2012,article,Neural and Behavioral Psychology Studies,missing_anchor_group:autonomy paradox|flexibility paradox|constant connectivity|temporal flexibility|work flexibility
openalex,autonomy_choice,2,autonomy paradox flexibility constant connectivity,35,https://openalex.org/W4396835662,10.1016/j.im.2024.103983,How does response to work communication impact employees’ collaborative performance? A view of the social connectivity paradox,2024,article,Technostress in Professional Settings,missing_anchor_group:autonomy paradox|flexibility paradox|constant connectivity|temporal flexibility|work flexibility
openalex,autonomy_choice,2,autonomy paradox flexibility constant connectivity,36,https://openalex.org/W3119379598,10.1016/j.jbusres.2020.11.027,Self-construals as the locus of paradoxical consumer empowerment in self-service retail technology environments,2021,article,Customer Service Quality and Loyalty,missing_anchor_group:autonomy paradox|flexibility paradox|constant connectivity|temporal flexibility|work flexibility
openalex,autonomy_choice,2,autonomy paradox flexibility constant connectivity,37,https://openalex.org/W3080185035,10.1016/j.hrmr.2020.100780,Flexible global working arrangements: An integrative review and future research agenda,2020,article,International Student and Expatriate Challenges,missing_anchor_group:autonomy paradox|flexibility paradox|constant connectivity|temporal flexibility|work flexibility
openalex,autonomy_choice,2,autonomy paradox flexibility constant connectivity,38,https://openalex.org/W2803522463,10.1037/emo0000448,Autonomic regulation in response to stress: The influence of anticipatory emotion regulation strategies and trait rumination.,2018,article,Heart Rate Variability and Autonomic Control,missing_anchor_group:autonomy paradox|flexibility paradox|constant connectivity|temporal flexibility|work flexibility
openalex,autonomy_choice,2,autonomy paradox flexibility constant connectivity,39,https://openalex.org/W4301390532,10.16997/book61,Paradoxes of Digital Disengagement: In Search of the Opt-Out Button,2022,book,Digital Economy and Work Transformation,missing_anchor_group:autonomy paradox|flexibility paradox|constant connectivity|temporal flexibility|work flexibility
openalex,autonomy_choice,2,autonomy paradox flexibility constant connectivity,40,https://openalex.org/W2336034841,,Autopoiesis and the 'Relative Autonomy' of Law,1998,article,Law in Society and Culture,missing_anchor_group:autonomy paradox|flexibility paradox|constant connectivity|temporal flexibility|work flexibility
openalex,autonomy_choice,2,autonomy paradox flexibility constant connectivity,41,https://openalex.org/W2885289906,10.1080/15309576.2018.1470014,"The Impact of Innovation and Optimization on Public Sector Performance: Testing the Contribution of Connective, Ambidextrous, and Learning Capabilities",2018,article,Public Policy and Administration Research,missing_anchor_group:autonomy paradox|flexibility paradox|constant connectivity|temporal flexibility|work flexibility
openalex,autonomy_choice,2,autonomy paradox flexibility constant connectivity,42,https://openalex.org/W2010242617,10.1103/revmodphys.78.1213,Dynamical principles in neuroscience,2006,article,Neural dynamics and brain function,missing_anchor_group:autonomy paradox|flexibility paradox|constant connectivity|temporal flexibility|work flexibility
openalex,autonomy_choice,2,autonomy paradox flexibility constant connectivity,43,https://openalex.org/W2597242202,10.3389/fnhum.2017.00086,Distinct Functional Connectivities Predict Clinical Response with Emotion Regulation Therapy,2017,article,Functional Brain Connectivity Studies,missing_anchor_group:autonomy paradox|flexibility paradox|constant connectivity|temporal flexibility|work flexibility
openalex,autonomy_choice,2,autonomy paradox flexibility constant connectivity,44,https://openalex.org/W3199603752,10.1016/j.neuroimage.2021.118590,State-related neural influences on fMRI connectivity estimation,2021,article,Functional Brain Connectivity Studies,missing_anchor_group:autonomy paradox|flexibility paradox|constant connectivity|temporal flexibility|work flexibility
openalex,autonomy_choice,2,autonomy paradox flexibility constant connectivity,45,https://openalex.org/W3003606046,10.1177/1529100620946707,Citizens Versus the Internet: Confronting Digital Challenges With Cognitive Tools,2020,article,Misinformation and Its Impacts,missing_anchor_group:autonomy paradox|flexibility paradox|constant connectivity|temporal flexibility|work flexibility
openalex,autonomy_choice,2,autonomy paradox flexibility constant connectivity,46,https://openalex.org/W2016649766,10.3758/s13415-015-0334-y,Cognitive effort: A neuroeconomic approach,2015,article,Decision-Making and Behavioral Economics,missing_anchor_group:autonomy paradox|flexibility paradox|constant connectivity|temporal flexibility|work flexibility
openalex,autonomy_choice,2,autonomy paradox flexibility constant connectivity,47,https://openalex.org/W756325778,10.1038/npp.2015.171,"Stress Effects on Neuronal Structure: Hippocampus, Amygdala, and Prefrontal Cortex",2015,article,Stress Responses and Cortisol,missing_anchor_group:autonomy paradox|flexibility paradox|constant connectivity|temporal flexibility|work flexibility
openalex,autonomy_choice,2,autonomy paradox flexibility constant connectivity,48,https://openalex.org/W4309889610,10.1177/20501579221138017,Situational boundary conditions of digital stress: Goal conflict and autonomy frustration make smartphone use more stressful,2022,article,Impact of Technology on Adolescents,missing_anchor_group:autonomy paradox|flexibility paradox|constant connectivity|temporal flexibility|work flexibility
openalex,autonomy_choice,2,autonomy paradox flexibility constant connectivity,49,https://openalex.org/W2899096530,10.1080/1359432x.2018.1541886,Systematically reviewing remote e-workers’ well-being at work: a multidimensional approach,2018,article,Work-Family Balance Challenges,missing_anchor_group:autonomy paradox|flexibility paradox|constant connectivity|temporal flexibility|work flexibility
openalex,autonomy_choice,2,autonomy paradox flexibility constant connectivity,50,https://openalex.org/W3111672553,10.1002/art.41620,Greater Somatosensory Afference With Acupuncture Increases Primary Somatosensory Connectivity and Alleviates Fibromyalgia Pain via Insular γ‐Aminobutyric Acid: A Randomized Neuroimaging Trial,2020,article,Fibromyalgia and Chronic Fatigue Syndrome Research,missing_anchor_group:autonomy paradox|flexibility paradox|constant connectivity|temporal flexibility|work flexibility
crossref,autonomy_choice,2,autonomy paradox flexibility constant connectivity,6,10.46692/9781447354796.007,10.46692/9781447354796.007,Gendered flexibility paradox,2022,other,The Flexibility Paradox,type_not_allowed:other
crossref,autonomy_choice,2,autonomy paradox flexibility constant connectivity,9,10.46692/9781447354796.001,10.46692/9781447354796.001,Introduction: The flexibility paradox and contexts,2022,other,The Flexibility Paradox,type_not_allowed:other
crossref,autonomy_choice,2,autonomy paradox flexibility constant connectivity,12,10.46692/9781447354796.006,10.46692/9781447354796.006,The empirical evidence of the flexibility paradox,2022,other,The Flexibility Paradox,type_not_allowed:other
crossref,autonomy_choice,2,autonomy paradox flexibility constant connectivity,13,10.2307/j.ctv2c3k1n8.5,10.2307/j.ctv2c3k1n8.5,Introduction:,2022,book-chapter,The Flexibility Paradox,missing_anchor_group:autonomy paradox|flexibility paradox|constant connectivity|temporal flexibility|work flexibility
crossref,autonomy_choice,2,autonomy paradox flexibility constant connectivity,15,10.2307/j.ctv1smjsfr.8,10.2307/j.ctv1smjsfr.8,The “Paradox” of Autonomy,2009,book-chapter,Kant and the Limits of Autonomy,missing_anchor_group:autonomy paradox|flexibility paradox|constant connectivity|temporal flexibility|work flexibility
crossref,autonomy_choice,2,autonomy paradox flexibility constant connectivity,17,10.1017/cbo9780511550119.012,10.1017/cbo9780511550119.012,The Paradox of Group Autonomy,2003,book-chapter,Autonomy,missing_anchor_group:autonomy paradox|flexibility paradox|constant connectivity|temporal flexibility|work flexibility
crossref,autonomy_choice,2,autonomy paradox flexibility constant connectivity,19,10.46692/9781447354796.005,10.46692/9781447354796.005,The flexibility paradox: why more freedom at work leads to more work,2022,other,The Flexibility Paradox,type_not_allowed:other
crossref,autonomy_choice,2,autonomy paradox flexibility constant connectivity,20,10.4159/9780674054608-006,10.4159/9780674054608-006,4 The “Paradox” of Autonomy,2009,book-chapter,Kant and the Limits of Autonomy,missing_anchor_group:autonomy paradox|flexibility paradox|constant connectivity|temporal flexibility|work flexibility
crossref,autonomy_choice,2,autonomy paradox flexibility constant connectivity,21,10.1332/policypress/9781447354772.001.0001,10.1332/policypress/9781447354772.001.0001,The Flexibility Paradox,2022,edited-book,,type_not_allowed:edited-book
crossref,autonomy_choice,2,autonomy paradox flexibility constant connectivity,24,10.1017/cbo9780511792489.009,10.1017/cbo9780511792489.009,Kant and the “paradox” of autonomy,2012,book-chapter,Kant on Moral Autonomy,missing_anchor_group:autonomy paradox|flexibility paradox|constant connectivity|temporal flexibility|work flexibility
crossref,autonomy_choice,2,autonomy paradox flexibility constant connectivity,27,10.1332/policypress/9781447354772.003.0008,10.1332/policypress/9781447354772.003.0008,Flexibility stigma and the rewards of flexible working,2022,book-chapter,The Flexibility Paradox,missing_anchor_group:autonomy paradox|flexibility paradox|constant connectivity|temporal flexibility|work flexibility
crossref,autonomy_choice,2,autonomy paradox flexibility constant connectivity,28,10.1332/policypress/9781447354772.002.0002,10.1332/policypress/9781447354772.002.0002,[Untitled],2022,book-chapter,The Flexibility Paradox,missing_anchor_group:autonomy paradox|flexibility paradox|constant connectivity|temporal flexibility|work flexibility
crossref,autonomy_choice,2,autonomy paradox flexibility constant connectivity,29,10.1332/policypress/9781447354772.002.0003,10.1332/policypress/9781447354772.002.0003,Dedication,2022,book-chapter,The Flexibility Paradox,missing_anchor_group:autonomy paradox|flexibility paradox|constant connectivity|temporal flexibility|work flexibility
crossref,autonomy_choice,2,autonomy paradox flexibility constant connectivity,30,10.1332/policypress/9781447354772.005.0001,10.1332/policypress/9781447354772.005.0001,Appendix,2022,book-chapter,The Flexibility Paradox,missing_anchor_group:autonomy paradox|flexibility paradox|constant connectivity|temporal flexibility|work flexibility
crossref,autonomy_choice,2,autonomy paradox flexibility constant connectivity,31,10.1332/policypress/9781447354772.003.0003,10.1332/policypress/9781447354772.003.0003,The dual nature of flexibility: family-friendly or performance-oriented logic?,2022,book-chapter,The Flexibility Paradox,missing_anchor_group:autonomy paradox|flexibility paradox|constant connectivity|temporal flexibility|work flexibility
crossref,autonomy_choice,2,autonomy paradox flexibility constant connectivity,32,10.5040/9781472541864.ch-001,10.5040/9781472541864.ch-001,"Paradox and Promise : Autonomy, Foreign Language Learning and Technology",,book-chapter,Autonomy and Foreign Language Learning in a Virtual Learning Environment,missing_anchor_group:autonomy paradox|flexibility paradox|constant connectivity|temporal flexibility|work flexibility
crossref,autonomy_choice,2,autonomy paradox flexibility constant connectivity,34,10.5040/9780567720740.ch-010,10.5040/9780567720740.ch-010,The autonomy paradox: Reflections on Dutch euthanasia practice,2025,other,Redeeming Autonomy,type_not_allowed:other
crossref,autonomy_choice,2,autonomy paradox flexibility constant connectivity,36,10.1787/888932385883,10.1787/888932385883,Figure 2.10. The Italian tertiaty education system has little autonomy and flexibility,,component,,type_not_allowed:component;missing_anchor_group:autonomy paradox|flexibility paradox|constant connectivity|temporal flexibility|work flexibility
crossref,autonomy_choice,2,autonomy paradox flexibility constant connectivity,37,10.1007/978-3-030-65602-7_5,10.1007/978-3-030-65602-7_5,Educational Autonomy,2021,book-chapter,The Autonomy Paradox: Teachers’ Perceptions of Self-Governance Across Europe,missing_anchor_group:autonomy paradox|flexibility paradox|constant connectivity|temporal flexibility|work flexibility
crossref,autonomy_choice,2,autonomy paradox flexibility constant connectivity,38,10.1007/978-3-030-65602-7_7,10.1007/978-3-030-65602-7_7,Developmental Autonomy,2021,book-chapter,The Autonomy Paradox: Teachers’ Perceptions of Self-Governance Across Europe,missing_anchor_group:autonomy paradox|flexibility paradox|constant connectivity|temporal flexibility|work flexibility
crossref,autonomy_choice,2,autonomy paradox flexibility constant connectivity,39,10.1007/978-3-030-65602-7_8,10.1007/978-3-030-65602-7_8,Administrative Autonomy,2021,book-chapter,The Autonomy Paradox: Teachers’ Perceptions of Self-Governance Across Europe,missing_anchor_group:autonomy paradox|flexibility paradox|constant connectivity|temporal flexibility|work flexibility
crossref,autonomy_choice,2,autonomy paradox flexibility constant connectivity,40,10.1332/policypress/9781447354772.003.0009,10.1332/policypress/9781447354772.003.0009,The importance of contexts,2022,book-chapter,The Flexibility Paradox,missing_anchor_group:autonomy paradox|flexibility paradox|constant connectivity|temporal flexibility|work flexibility
crossref,autonomy_choice,2,autonomy paradox flexibility constant connectivity,41,10.1007/978-3-030-65602-7_6,10.1007/978-3-030-65602-7_6,Social Autonomy,2021,book-chapter,The Autonomy Paradox: Teachers’ Perceptions of Self-Governance Across Europe,missing_anchor_group:autonomy paradox|flexibility paradox|constant connectivity|temporal flexibility|work flexibility
crossref,autonomy_choice,2,autonomy paradox flexibility constant connectivity,43,10.56687/9781447354796-010,10.56687/9781447354796-010,Flexibility stigma and the rewards of flexible working,2022,book-chapter,The Flexibility Paradox,missing_anchor_group:autonomy paradox|flexibility paradox|constant connectivity|temporal flexibility|work flexibility
crossref,autonomy_choice,2,autonomy paradox flexibility constant connectivity,44,10.4271/epr2024019,10.4271/epr2024019,Next-gen Urban Buses: Autonomy and Connectivity,2024,report,,missing_anchor_group:autonomy paradox|flexibility paradox|constant connectivity|temporal flexibility|work flexibility
crossref,autonomy_choice,2,autonomy paradox flexibility constant connectivity,45,10.46692/9781447354796.008,10.46692/9781447354796.008,Flexibility stigma and the rewards of flexible working,2022,other,The Flexibility Paradox,type_not_allowed:other;missing_anchor_group:autonomy paradox|flexibility paradox|constant connectivity|temporal flexibility|work flexibility
crossref,autonomy_choice,2,autonomy paradox flexibility constant connectivity,47,10.1017/9781108648790.005,10.1017/9781108648790.005,Autonomy and Philosophy,2019,book-chapter,Wallace Stevens and the Poetics of Modernist Autonomy,missing_anchor_group:autonomy paradox|flexibility paradox|constant connectivity|temporal flexibility|work flexibility
crossref,autonomy_choice,2,autonomy paradox flexibility constant connectivity,48,10.1332/policypress/9781447354772.003.0010,10.1332/policypress/9781447354772.003.0010,COVID-19 and flexible working,2022,book-chapter,The Flexibility Paradox,missing_anchor_group:autonomy paradox|flexibility paradox|constant connectivity|temporal flexibility|work flexibility
crossref,autonomy_choice,2,autonomy paradox flexibility constant connectivity,49,10.1332/policypress/9781447354772.003.0004,10.1332/policypress/9781447354772.003.0004,The outcomes of flexible working,2022,book-chapter,The Flexibility Paradox,missing_anchor_group:autonomy paradox|flexibility paradox|constant connectivity|temporal flexibility|work flexibility
crossref,autonomy_choice,2,autonomy paradox flexibility constant connectivity,50,10.7591/9781501722127-004,10.7591/9781501722127-004,CHAPTER 2. The Developmental Paradox: Capital's Emergent Power and Autonomy,2019,book-chapter,Stalled Democracy,missing_anchor_group:autonomy paradox|flexibility paradox|constant connectivity|temporal flexibility|work flexibility
openalex,autonomy_choice,3,autonomy dependence delegation algorithmic autonomy,1,https://openalex.org/W2035088645,10.1111/j.1748-5991.2007.00023.x,De facto independence after delegation: A fuzzy‐set analysis,2007,article,Regulation and Compliance Studies,missing_anchor_group:autonomy
openalex,autonomy_choice,3,autonomy dependence delegation algorithmic autonomy,2,https://openalex.org/W4318751990,10.1145/3544548.3580651,How does HCI Understand Human Agency and Autonomy?,2023,conference-paper,Innovative Human-Technology Interaction,type_not_allowed:conference-paper;missing_anchor_group:dependence|dependency|delegation|algorithmic
openalex,autonomy_choice,3,autonomy dependence delegation algorithmic autonomy,4,https://openalex.org/W3193315906,10.1016/j.chb.2021.106987,The role of agent autonomy in using decision support systems at work,2021,article,Technostress in Professional Settings,missing_anchor_group:dependence|dependency|delegation|algorithmic
openalex,autonomy_choice,3,autonomy dependence delegation algorithmic autonomy,5,https://openalex.org/W2048159971,10.1177/0959353507072911,"Midwifery, Informed Choice, and Reproductive Autonomy: A Relational Approach",2007,article,Maternal and Perinatal Health Interventions,missing_anchor_group:dependence|dependency|delegation|algorithmic
openalex,autonomy_choice,3,autonomy dependence delegation algorithmic autonomy,6,https://openalex.org/W4281295478,10.31235/osf.io/wjb64,"Protecting, Transforming, and Projecting the Single Market. Open Strategic Autonomy and Digital Sovereignty in the EU’s Trade and Digital Policies",2022,preprint,European Union Policy and Governance,missing_anchor_group:dependence|dependency|delegation|algorithmic
openalex,autonomy_choice,3,autonomy dependence delegation algorithmic autonomy,7,https://openalex.org/W2072155774,10.1007/s11434-012-5183-2,Evaluation methods for the autonomy of unmanned systems,2012,article,Technology Assessment and Management,missing_anchor_group:dependence|dependency|delegation|algorithmic
openalex,autonomy_choice,3,autonomy dependence delegation algorithmic autonomy,8,https://openalex.org/W2793074402,10.6028/nist.sp.1011-ii-1.0,"Autonomy Levels For Unmanned Systems (ALFUS) framework, volume II :",2007,report,Infrastructure Resilience and Vulnerability Analysis,missing_anchor_group:dependence|dependency|delegation|algorithmic
openalex,autonomy_choice,3,autonomy dependence delegation algorithmic autonomy,9,https://openalex.org/W2010760937,10.1080/0954009021000068718,Self-organization and adjustable autonomy: Two sides of the same coin?,2002,article,Multi-Agent Systems and Negotiation,missing_anchor_group:dependence|dependency|delegation|algorithmic
openalex,autonomy_choice,3,autonomy dependence delegation algorithmic autonomy,10,https://openalex.org/W2336034841,,Autopoiesis and the 'Relative Autonomy' of Law,1998,article,Law in Society and Culture,missing_anchor_group:dependence|dependency|delegation|algorithmic
openalex,autonomy_choice,3,autonomy dependence delegation algorithmic autonomy,11,https://openalex.org/W1963659698,10.1080/0954009021000068727,A model of absolute autonomy and power: Toward group effects,2002,article,Opinion Dynamics and Social Influence,missing_anchor_group:dependence|dependency|delegation|algorithmic
openalex,autonomy_choice,3,autonomy dependence delegation algorithmic autonomy,12,https://openalex.org/W4229042742,10.48550/arxiv.2205.01423,"Autonomy and Intelligence in the Computing Continuum: Challenges, Enablers, and Future Directions for Orchestration",2022,preprint,IoT and Edge/Fog Computing,missing_anchor_group:dependence|dependency|delegation|algorithmic
openalex,autonomy_choice,3,autonomy dependence delegation algorithmic autonomy,14,https://openalex.org/W2109184506,10.1109/policy.2005.31,Relationship-Driven Policy Engineering for Autonomic Organisations,2005,conference-paper,Access Control and Trust,type_not_allowed:conference-paper;missing_anchor_group:autonomy;missing_anchor_group:dependence|dependency|delegation|algorithmic
openalex,autonomy_choice,3,autonomy dependence delegation algorithmic autonomy,15,https://openalex.org/W7124148207,10.1080/10447318.2025.2587927,Does Consumer Autonomy Matter? Consumer Perceptions of AI-Driven Recommendations and the Mediating Role of Consumer Autonomy in Consumer Satisfaction,2026,article,AI in Service Interactions,missing_anchor_group:dependence|dependency|delegation|algorithmic
openalex,autonomy_choice,3,autonomy dependence delegation algorithmic autonomy,16,https://openalex.org/W7127042532,10.1007/s43681-025-00958-4,AI and human autonomy: a literature review,2026,article,Ethics and Social Impacts of AI,missing_anchor_group:dependence|dependency|delegation|algorithmic
openalex,autonomy_choice,3,autonomy dependence delegation algorithmic autonomy,17,https://openalex.org/W4320087056,10.48550/arxiv.2209.04497,General Place Recognition Survey: Towards the Real-world Autonomy Age,2022,preprint,Indoor and Outdoor Localization Technologies,missing_anchor_group:dependence|dependency|delegation|algorithmic
openalex,autonomy_choice,3,autonomy dependence delegation algorithmic autonomy,18,https://openalex.org/W4389438794,10.1145/3636432,Variable Autonomy through Responsible Robotics: Design Guidelines and Research Agenda,2023,article,Human-Automation Interaction and Safety,missing_anchor_group:dependence|dependency|delegation|algorithmic
openalex,autonomy_choice,3,autonomy dependence delegation algorithmic autonomy,19,https://openalex.org/W2911405855,10.3390/fi11020037,Autonomic Network Management and Cross-Layer Optimization in Software Defined Radio Environments,2019,article,Software-Defined Networks and 5G,missing_anchor_group:autonomy;missing_anchor_group:dependence|dependency|delegation|algorithmic
openalex,autonomy_choice,3,autonomy dependence delegation algorithmic autonomy,20,https://openalex.org/W3015596784,10.5465/annals.2018.0127,How Does the Use of Information Communication Technology Affect Individuals? A Work Design Perspective,2020,article,Technostress in Professional Settings,missing_anchor_group:autonomy;missing_anchor_group:dependence|dependency|delegation|algorithmic
openalex,autonomy_choice,3,autonomy dependence delegation algorithmic autonomy,21,https://openalex.org/W3034429939,10.25969/mediarep/13997,Engines of Order. A Mechanology of Algorithmic Techniques,2020,book,History of Computing Technologies,missing_anchor_group:autonomy
openalex,autonomy_choice,3,autonomy dependence delegation algorithmic autonomy,22,https://openalex.org/W4413427262,10.1016/j.inffus.2025.103599,"AI Agents vs. Agentic AI: A Conceptual taxonomy, applications and challenges",2025,article,Multi-Agent Systems and Negotiation,missing_anchor_group:autonomy;missing_anchor_group:dependence|dependency|delegation|algorithmic
openalex,autonomy_choice,3,autonomy dependence delegation algorithmic autonomy,23,https://openalex.org/W2985130172,10.1017/pan.2020.9,Measuring Discretion and Delegation in Legislative Texts: Methods and Application to US States,2020,article,Judicial and Constitutional Studies,missing_anchor_group:autonomy
openalex,autonomy_choice,3,autonomy dependence delegation algorithmic autonomy,24,https://openalex.org/W4407637219,10.1007/s44230-025-00090-w,Can ChatGPT Be Addictive? A Call to Examine the Shift from Support to Dependence in AI Conversational Large Language Models,2025,article,Topic Modeling,missing_anchor_group:autonomy
openalex,autonomy_choice,3,autonomy dependence delegation algorithmic autonomy,25,https://openalex.org/W4412505619,10.70777/si.v2i3.15161,"AI Agents vs. Agentic AI: A Conceptual Taxonomy, Applications and Challenges",2025,article,Multi-Agent Systems and Negotiation,missing_anchor_group:autonomy;missing_anchor_group:dependence|dependency|delegation|algorithmic
openalex,autonomy_choice,3,autonomy dependence delegation algorithmic autonomy,26,https://openalex.org/W4388116275,10.1145/3626245,Building Dreams Beyond Labor: Worker Autonomy in the Age of AI,2023,article,Digital Economy and Work Transformation,missing_anchor_group:dependence|dependency|delegation|algorithmic
openalex,autonomy_choice,3,autonomy dependence delegation algorithmic autonomy,27,https://openalex.org/W3004208143,10.1016/j.jretai.2019.12.004,Autonomous Shopping Systems: Identifying and Overcoming Barriers to Consumer Adoption,2020,article,Consumer Retail Behavior Studies,missing_anchor_group:autonomy;missing_anchor_group:dependence|dependency|delegation|algorithmic
openalex,autonomy_choice,3,autonomy dependence delegation algorithmic autonomy,28,https://openalex.org/W2740354876,10.24963/ijcai.2017/3,From Automation to Autonomous Systems: A Legal Phenomenology with Problems of Accountability,2017,conference-paper,Ethics and Social Impacts of AI,type_not_allowed:conference-paper;missing_anchor_group:autonomy;missing_anchor_group:dependence|dependency|delegation|algorithmic
openalex,autonomy_choice,3,autonomy dependence delegation algorithmic autonomy,29,https://openalex.org/W4404833006,10.1002/hrm.22268,Strategic Human Resource Management in the Era of Algorithmic Technologies: Key Insights and Future Research Agenda,2024,article,AI and HR Technologies,missing_anchor_group:autonomy
openalex,autonomy_choice,3,autonomy dependence delegation algorithmic autonomy,30,https://openalex.org/W2056053787,10.3390/s100505233,NEURON: Enabling Autonomicity in Wireless Sensor Networks,2010,article,Energy Efficient Wireless Sensor Networks,missing_anchor_group:autonomy;missing_anchor_group:dependence|dependency|delegation|algorithmic
openalex,autonomy_choice,3,autonomy dependence delegation algorithmic autonomy,31,https://openalex.org/W4392919781,10.1007/s10846-024-02056-9,Regulating Autonomy in Civilian Drones: Towards a Spectral Approach,2024,article,Ethics and Social Impacts of AI,missing_anchor_group:dependence|dependency|delegation|algorithmic
openalex,autonomy_choice,3,autonomy dependence delegation algorithmic autonomy,32,https://openalex.org/W2099531439,10.1146/annurev-orgpsych-041015-062352,How Technology Is Changing Work and Organizations,2016,review,Technostress in Professional Settings,type_not_allowed:review;missing_anchor_group:autonomy;missing_anchor_group:dependence|dependency|delegation|algorithmic
openalex,autonomy_choice,3,autonomy dependence delegation algorithmic autonomy,33,https://openalex.org/W4413764808,10.1007/s10462-025-11352-1,AI-induced Deskilling in Medicine: A Mixed-Method Review and Research Agenda for Healthcare and Beyond,2025,article,Artificial Intelligence in Healthcare and Education,missing_anchor_group:autonomy;missing_anchor_group:dependence|dependency|delegation|algorithmic
openalex,autonomy_choice,3,autonomy dependence delegation algorithmic autonomy,34,https://openalex.org/W4416453399,10.3389/fpsyg.2025.1699320,Cognitive offloading or cognitive overload? How AI alters the mental architecture of coping,2025,article,Digital Mental Health Interventions,missing_anchor_group:autonomy;missing_anchor_group:dependence|dependency|delegation|algorithmic
openalex,autonomy_choice,3,autonomy dependence delegation algorithmic autonomy,35,https://openalex.org/W2028626340,10.5898/jhri.3.1.johnson,Coactive Design: Designing Support for Interdependence in Joint Activity,2014,article,Human-Automation Interaction and Safety,missing_anchor_group:autonomy
openalex,autonomy_choice,3,autonomy dependence delegation algorithmic autonomy,36,https://openalex.org/W2055579202,10.1080/088395198117578,PERSONALITY TRAITS AND SOCIAL ATTITUDES IN MULTIAGENT COOPERATION,1998,article,Multi-Agent Systems and Negotiation,missing_anchor_group:autonomy;missing_anchor_group:dependence|dependency|delegation|algorithmic
openalex,autonomy_choice,3,autonomy dependence delegation algorithmic autonomy,37,https://openalex.org/W3119358510,10.1007/s11673-020-10080-1,Teasing out Artificial Intelligence in Medicine: An Ethical Critique of Artificial Intelligence and Machine Learning in Medicine,2021,article,Artificial Intelligence in Healthcare and Education,missing_anchor_group:autonomy;missing_anchor_group:dependence|dependency|delegation|algorithmic
openalex,autonomy_choice,3,autonomy dependence delegation algorithmic autonomy,38,https://openalex.org/W4225153904,10.1145/3491102.3517500,"Designing Human-Agent Collaborations: Commitment, responsiveness, and support",2022,conference-paper,Human-Automation Interaction and Safety,type_not_allowed:conference-paper;missing_anchor_group:autonomy;missing_anchor_group:dependence|dependency|delegation|algorithmic
openalex,autonomy_choice,3,autonomy dependence delegation algorithmic autonomy,39,https://openalex.org/W4313527987,10.1080/10447318.2022.2153320,Six Human-Centered Artificial Intelligence Grand Challenges,2023,article,Ethics and Social Impacts of AI,missing_anchor_group:autonomy;missing_anchor_group:dependence|dependency|delegation|algorithmic
openalex,autonomy_choice,3,autonomy dependence delegation algorithmic autonomy,40,https://openalex.org/W3045221971,10.1111/rego.12344,Regulating human control over autonomous systems,2020,article,Human-Automation Interaction and Safety,missing_anchor_group:autonomy;missing_anchor_group:dependence|dependency|delegation|algorithmic
openalex,autonomy_choice,3,autonomy dependence delegation algorithmic autonomy,41,https://openalex.org/W4414340090,10.3389/fpsyg.2025.1679324,Emotional AI and the rise of pseudo-intimacy: are we trading authenticity for algorithmic affection?,2025,article,Media Influence and Health,missing_anchor_group:autonomy
openalex,autonomy_choice,3,autonomy dependence delegation algorithmic autonomy,42,https://openalex.org/W3123794127,10.51593/20190044,U.S. Military Investments in Autonomy and AI: A Strategic Assessment,2020,report,Technology Assessment and Management,missing_anchor_group:dependence|dependency|delegation|algorithmic
openalex,autonomy_choice,3,autonomy dependence delegation algorithmic autonomy,43,https://openalex.org/W4416611636,10.1145/3837073,A Unified Framework for Human–AI Collaboration in Security Operations Centers with Trusted Autonomy,2026,article,Human-Automation Interaction and Safety,missing_anchor_group:dependence|dependency|delegation|algorithmic
openalex,autonomy_choice,3,autonomy dependence delegation algorithmic autonomy,44,https://openalex.org/W2105100544,10.2172/1021296,DualTrust: A Trust Management Model for Swarm-Based Autonomic Computing Systems,2010,report,Access Control and Trust,missing_anchor_group:autonomy;missing_anchor_group:dependence|dependency|delegation|algorithmic
openalex,autonomy_choice,3,autonomy dependence delegation algorithmic autonomy,45,https://openalex.org/W4410814395,10.18535/ijsshi/v12i05.04,"Distant Writing and The Epistemology of Authorship: On Creativity, Delegation, And Plagiarism in The Age Of AI",2025,article,"Law, AI, and Intellectual Property",missing_anchor_group:autonomy
openalex,autonomy_choice,3,autonomy dependence delegation algorithmic autonomy,46,https://openalex.org/W4310819966,10.48550/arxiv.2212.01435,Tools and methods for Human-Autonomy Teaming: Contributions to cognitive state monitoring and system adaptation,2022,preprint,Human-Automation Interaction and Safety,missing_anchor_group:dependence|dependency|delegation|algorithmic
openalex,autonomy_choice,3,autonomy dependence delegation algorithmic autonomy,47,https://openalex.org/W4406933120,10.3390/systems13020082,"It’s Scary to Use It, It’s Scary to Refuse It: The Psychological Dimensions of AI Adoption—Anxiety, Motives, and Dependency",2025,article,Ethics and Social Impacts of AI,missing_anchor_group:autonomy
openalex,autonomy_choice,3,autonomy dependence delegation algorithmic autonomy,48,https://openalex.org/W4391709775,10.1145/3687130,Optimizing Delegation in Collaborative Human-AI Hybrid Teams,2024,article,Digital Transformation in Industry,missing_anchor_group:autonomy
openalex,autonomy_choice,3,autonomy dependence delegation algorithmic autonomy,49,https://openalex.org/W7131674698,10.3390/info17030222,From Recommendations to Delegation: A Systematic Review Mapping Agentic AI in E-Commerce and Its Consumer Effects,2026,review,AI in Service Interactions,type_not_allowed:review;missing_anchor_group:autonomy
openalex,autonomy_choice,3,autonomy dependence delegation algorithmic autonomy,50,https://openalex.org/W3046399757,10.1109/mc.2020.2996587,"A Research Agenda for Hybrid Intelligence: Augmenting Human Intellect With Collaborative, Adaptive, Responsible, and Explainable Artificial Intelligence",2020,article,Explainable Artificial Intelligence (XAI),missing_anchor_group:autonomy;missing_anchor_group:dependence|dependency|delegation|algorithmic
crossref,autonomy_choice,3,autonomy dependence delegation algorithmic autonomy,5,10.4324/9781003297635-6,10.4324/9781003297635-6,Employment and autonomy,2022,book-chapter,Dependence and Autonomy,missing_anchor_group:dependence|dependency|delegation|algorithmic
crossref,autonomy_choice,3,autonomy dependence delegation algorithmic autonomy,6,10.4324/9781003297635-5,10.4324/9781003297635-5,Employment and autonomy,2022,book-chapter,Dependence and Autonomy,missing_anchor_group:dependence|dependency|delegation|algorithmic
crossref,autonomy_choice,3,autonomy dependence delegation algorithmic autonomy,7,10.1017/cbo9780511545801.005,10.1017/cbo9780511545801.005,Actual autonomy,2003,book-chapter,Dependence and Autonomy in Old Age,missing_anchor_group:dependence|dependency|delegation|algorithmic
crossref,autonomy_choice,3,autonomy dependence delegation algorithmic autonomy,8,10.1007/978-90-6704-903-0_2,10.1007/978-90-6704-903-0_2,The Autonomy of EU Law: More is Less?,2012,book-chapter,Between Autonomy and Dependence,missing_anchor_group:dependence|dependency|delegation|algorithmic
crossref,autonomy_choice,3,autonomy dependence delegation algorithmic autonomy,11,10.1017/cbo9780511545801.003,10.1017/cbo9780511545801.003,The liberal theory of autonomy,2003,book-chapter,Dependence and Autonomy in Old Age,missing_anchor_group:dependence|dependency|delegation|algorithmic
crossref,autonomy_choice,3,autonomy dependence delegation algorithmic autonomy,15,10.5771/9783748946663-313,10.5771/9783748946663-313,PART IV Conclusions and implications: job autonomy torn back and forth,2024,book-chapter,Algorithmic Decision-Making in Service Work,missing_anchor_group:dependence|dependency|delegation|algorithmic
crossref,autonomy_choice,3,autonomy dependence delegation algorithmic autonomy,16,10.1017/cbo9780511545801.006,10.1017/cbo9780511545801.006,A phenomenological view of actual autonomy,2003,book-chapter,Dependence and Autonomy in Old Age,missing_anchor_group:dependence|dependency|delegation|algorithmic
crossref,autonomy_choice,3,autonomy dependence delegation algorithmic autonomy,17,10.5771/9783748946663-127,10.5771/9783748946663-127,PART II Who catches the eye? Quantifying job autonomy in service work,2024,book-chapter,Algorithmic Decision-Making in Service Work,missing_anchor_group:dependence|dependency|delegation|algorithmic
crossref,autonomy_choice,3,autonomy dependence delegation algorithmic autonomy,21,10.1017/cbo9780511545801.007,10.1017/cbo9780511545801.007,Autonomy and long-term care: another look,2003,book-chapter,Dependence and Autonomy in Old Age,missing_anchor_group:dependence|dependency|delegation|algorithmic
crossref,autonomy_choice,3,autonomy dependence delegation algorithmic autonomy,23,10.5771/9783748946663-181,10.5771/9783748946663-181,PART III Case study insights: glances into changing job autonomy of service workers,2024,book-chapter,Algorithmic Decision-Making in Service Work,missing_anchor_group:dependence|dependency|delegation|algorithmic
crossref,autonomy_choice,3,autonomy dependence delegation algorithmic autonomy,24,10.5771/9783748946663,10.5771/9783748946663,Algorithmic Decision-Making in Service Work,2024,monograph,,missing_anchor_group:autonomy
crossref,autonomy_choice,3,autonomy dependence delegation algorithmic autonomy,26,10.5771/9783748946663-53,10.5771/9783748946663-53,"PART I Linking ADM, job autonomy &amp; service work: an attempt at conceptual embedding",2024,book-chapter,Algorithmic Decision-Making in Service Work,missing_anchor_group:dependence|dependency|delegation|algorithmic
crossref,autonomy_choice,3,autonomy dependence delegation algorithmic autonomy,28,10.1017/cbo9780511804915.003,10.1017/cbo9780511804915.003,RATIONAL DELEGATION OR HELPLESS ABDICATION? THE RELATIONSHIP BETWEEN BUREAUCRATS AND POLITICIANS,2002,book-chapter,Deliberate Discretion?,missing_anchor_group:autonomy
crossref,autonomy_choice,3,autonomy dependence delegation algorithmic autonomy,32,10.5040/9781509949366.ch-003,10.5040/9781509949366.ch-003,Actants: Autonomy Risk,2021,book-chapter,Three Liability Regimes for Artificial Intelligence,missing_anchor_group:dependence|dependency|delegation|algorithmic
crossref,autonomy_choice,3,autonomy dependence delegation algorithmic autonomy,34,10.5040/9781509949366.ch-002,10.5040/9781509949366.ch-002,Autonomy and Personification,2021,book-chapter,Three Liability Regimes for Artificial Intelligence,missing_anchor_group:dependence|dependency|delegation|algorithmic
crossref,autonomy_choice,3,autonomy dependence delegation algorithmic autonomy,50,10.37708/bf.swu.v29i2,10.37708/bf.swu.v29i2,"Scientific knowledge - autonomy, dependence, resistance",2020,journal-issue,Balkanistic Forum,type_not_allowed:journal-issue
openalex,information_attention,1,less is more heuristic information decision accuracy,1,https://openalex.org/W2096016260,10.1146/annurev-psych-120709-145346,Heuristic Decision Making,2010,review,Decision-Making and Behavioral Economics,type_not_allowed:review
openalex,information_attention,1,less is more heuristic information decision accuracy,2,https://openalex.org/W2149706766,10.1023/a:1022643204877,Induction of Decision Trees,1986,article,Artificial Intelligence in Games,missing_anchor_group:less is more|heuristic|fast and frugal
openalex,information_attention,1,less is more heuristic information decision accuracy,3,https://openalex.org/W4236137412,10.1007/bf00116251,Induction of decision trees,1986,article,AI-based Problem Solving and Planning,missing_anchor_group:less is more|heuristic|fast and frugal
openalex,information_attention,1,less is more heuristic information decision accuracy,4,https://openalex.org/W2090933055,10.1037/0278-7393.14.3.534,Adaptive strategy selection in decision making.,1988,article,Complex Systems and Decision Making,missing_anchor_group:less is more|heuristic|fast and frugal
openalex,information_attention,1,less is more heuristic information decision accuracy,5,https://openalex.org/W2112796928,10.1109/5.726791,Gradient-based learning applied to document recognition,1998,article,Handwritten Text Recognition Techniques,missing_anchor_group:less is more|heuristic|fast and frugal
openalex,information_attention,1,less is more heuristic information decision accuracy,8,https://openalex.org/W2138122982,10.1371/journal.pcbi.1002195,Accelerated Profile HMM Searches,2011,article,Genomics and Phylogenetic Studies,missing_anchor_group:less is more|heuristic|fast and frugal
openalex,information_attention,1,less is more heuristic information decision accuracy,9,https://openalex.org/W2513506562,10.7717/peerj.2584,VSEARCH: a versatile open source tool for metagenomics,2016,article,Genomics and Phylogenetic Studies,missing_anchor_group:less is more|heuristic|fast and frugal
openalex,information_attention,1,less is more heuristic information decision accuracy,10,https://openalex.org/W1678356000,10.1214/aos/1013203451,Greedy function approximation: A gradient boosting machine.,2001,article,Neural Networks and Applications,missing_anchor_group:less is more|heuristic|fast and frugal
openalex,information_attention,1,less is more heuristic information decision accuracy,11,https://openalex.org/W2091936226,10.1145/313451.313529,Adaptive protocols for information dissemination in wireless sensor networks,1999,conference-paper,Mobile Ad Hoc Networks,type_not_allowed:conference-paper;missing_anchor_group:less is more|heuristic|fast and frugal
openalex,information_attention,1,less is more heuristic information decision accuracy,12,https://openalex.org/W2035549557,10.1016/s0034-4257(97)00049-7,Decision tree classification of land cover from remotely sensed data,1997,article,Remote Sensing in Agriculture,missing_anchor_group:less is more|heuristic|fast and frugal
openalex,information_attention,1,less is more heuristic information decision accuracy,13,https://openalex.org/W1997338841,10.1371/journal.pgen.1003348,Power and Predictive Accuracy of Polygenic Risk Scores,2013,article,Genetic Associations and Epidemiology,missing_anchor_group:less is more|heuristic|fast and frugal
openalex,information_attention,1,less is more heuristic information decision accuracy,15,https://openalex.org/W2059052306,10.1207/s15327663jcp1404_2,Metacognitive Experiences in Consumer Judgment and Decision Making,2004,article,Decision-Making and Behavioral Economics,missing_anchor_group:less is more|heuristic|fast and frugal
openalex,information_attention,1,less is more heuristic information decision accuracy,16,https://openalex.org/W2151169308,10.1257/jep.14.4.23,"Beyond Computation: Information Technology, Organizational Transformation and Business Performance",2000,article,Economic Growth and Productivity,missing_anchor_group:less is more|heuristic|fast and frugal
openalex,information_attention,1,less is more heuristic information decision accuracy,18,https://openalex.org/W2153579005,10.48550/arxiv.1310.4546,Distributed Representations of Words and Phrases and their Compositionality,2013,preprint,Natural Language Processing Techniques,missing_anchor_group:less is more|heuristic|fast and frugal
openalex,information_attention,1,less is more heuristic information decision accuracy,19,https://openalex.org/W2548421507,10.1186/s12911-016-0377-1,Cognitive biases associated with medical decisions: a systematic review,2016,review,Clinical Reasoning and Diagnostic Skills,type_not_allowed:review;missing_anchor_group:less is more|heuristic|fast and frugal
openalex,information_attention,1,less is more heuristic information decision accuracy,21,https://openalex.org/W2962772482,10.1145/3236009,A survey of methods for explaining black box models,2019,article,Explainable Artificial Intelligence (XAI),missing_anchor_group:less is more|heuristic|fast and frugal
openalex,information_attention,1,less is more heuristic information decision accuracy,23,https://openalex.org/W2139146574,10.1093/sysbio/syr041,"Survey of Branch Support Methods Demonstrates Accuracy, Power, and Robustness of Fast Likelihood-based Approximation Schemes",2011,article,Soil Geostatistics and Mapping,missing_anchor_group:less is more|heuristic|fast and frugal
openalex,information_attention,1,less is more heuristic information decision accuracy,24,https://openalex.org/W2140529724,10.1145/984622.984628,Entropy-based sensor selection heuristic for target localization,2004,conference-paper,Indoor and Outdoor Localization Technologies,type_not_allowed:conference-paper
openalex,information_attention,1,less is more heuristic information decision accuracy,26,https://openalex.org/W2033686454,10.1111/j.0906-7590.2008.5203.x,Modeling of species distributions with Maxent: new extensions and a comprehensive evaluation,2008,article,Species Distribution and Climate Change,missing_anchor_group:less is more|heuristic|fast and frugal
openalex,information_attention,1,less is more heuristic information decision accuracy,27,https://openalex.org/W1630964756,10.1007/3-540-59286-5_57,The power of decision tables,1995,conference-paper,Rough Sets and Fuzzy Logic,type_not_allowed:conference-paper;missing_anchor_group:less is more|heuristic|fast and frugal
openalex,information_attention,1,less is more heuristic information decision accuracy,28,https://openalex.org/W2913340405,10.1023/a:1007379606734,Multitask Learning,1997,article,Bayesian Modeling and Causal Inference,missing_anchor_group:less is more|heuristic|fast and frugal
openalex,information_attention,1,less is more heuristic information decision accuracy,29,https://openalex.org/W2024046085,10.1214/aos/1016218223,Additive logistic regression: a statistical view of boosting (With discussion and a rejoinder by the authors),2000,article,Advanced Statistical Methods and Models,missing_anchor_group:less is more|heuristic|fast and frugal
openalex,information_attention,1,less is more heuristic information decision accuracy,30,https://openalex.org/W4283168218,10.1016/j.ijresmar.2022.05.005,More than a Feeling: Accuracy and Application of Sentiment Analysis,2022,article,Sentiment Analysis and Opinion Mining,missing_anchor_group:less is more|heuristic|fast and frugal
openalex,information_attention,1,less is more heuristic information decision accuracy,32,https://openalex.org/W1216568,10.1017/s1930297500005921,"The role of actively open-minded thinking in information acquisition, accuracy, and calibration",2013,article,Decision-Making and Behavioral Economics,missing_anchor_group:less is more|heuristic|fast and frugal
openalex,information_attention,1,less is more heuristic information decision accuracy,33,https://openalex.org/W2107726111,10.1613/jair.301,Reinforcement Learning: A Survey,1996,article,Reinforcement Learning in Robotics,missing_anchor_group:less is more|heuristic|fast and frugal
openalex,information_attention,1,less is more heuristic information decision accuracy,34,https://openalex.org/W3004921674,10.1016/j.compag.2020.105256,Decision support systems for agriculture 4.0: Survey and challenges,2020,article,Smart Agriculture and AI,missing_anchor_group:less is more|heuristic|fast and frugal
openalex,information_attention,1,less is more heuristic information decision accuracy,35,https://openalex.org/W2153653739,10.3115/1073445.1073462,Statistical phrase-based translation,2003,conference-paper,Natural Language Processing Techniques,type_not_allowed:conference-paper;missing_anchor_group:less is more|heuristic|fast and frugal
openalex,information_attention,1,less is more heuristic information decision accuracy,36,https://openalex.org/W2164382089,10.1107/s0907444913015308,Decision making inxia2,2013,article,Enzyme Structure and Function,missing_anchor_group:less is more|heuristic|fast and frugal
openalex,information_attention,1,less is more heuristic information decision accuracy,37,https://openalex.org/W2094934653,10.1145/183422.183423,Automated learning of decision rules for text categorization,1994,article,Text and Document Classification Technologies,missing_anchor_group:less is more|heuristic|fast and frugal
openalex,information_attention,1,less is more heuristic information decision accuracy,40,https://openalex.org/W2181465509,10.1093/bib/bbz016,Sensitivity and specificity of information criteria,2019,article,Bayesian Methods and Mixture Models,missing_anchor_group:less is more|heuristic|fast and frugal
openalex,information_attention,1,less is more heuristic information decision accuracy,41,https://openalex.org/W1659833910,10.1613/jair.514,Semantic Similarity in a Taxonomy: An Information-Based Measure and its Application to Problems of Ambiguity in Natural Language,1999,article,Natural Language Processing Techniques,missing_anchor_group:less is more|heuristic|fast and frugal
openalex,information_attention,1,less is more heuristic information decision accuracy,42,https://openalex.org/W1992419399,10.1145/331499.331504,Data clustering,1999,article,Advanced Clustering Algorithms Research,missing_anchor_group:less is more|heuristic|fast and frugal
openalex,information_attention,1,less is more heuristic information decision accuracy,43,https://openalex.org/W2166566250,10.1109/tit.2011.2182033,Information-Theoretic Regret Bounds for Gaussian Process Optimization in the Bandit Setting,2012,article,Advanced Bandit Algorithms Research,missing_anchor_group:less is more|heuristic|fast and frugal
openalex,information_attention,1,less is more heuristic information decision accuracy,44,https://openalex.org/W2330219538,10.5121/ijdkp.2015.5201,A Review on Evaluation Metrics for Data Classification Evaluations,2015,article,Face and Expression Recognition,missing_anchor_group:less is more|heuristic|fast and frugal
openalex,information_attention,1,less is more heuristic information decision accuracy,45,https://openalex.org/W2096130600,10.1207/s15516709cog2704_2,Instance‐based learning in dynamic decision making,2003,article,Cognitive Science and Mapping,missing_anchor_group:less is more|heuristic|fast and frugal
openalex,information_attention,1,less is more heuristic information decision accuracy,46,https://openalex.org/W2997468044,10.1007/s00146-019-00931-w,In AI we trust? Perceptions about automated decision-making by artificial intelligence,2020,article,Ethics and Social Impacts of AI,missing_anchor_group:less is more|heuristic|fast and frugal
openalex,information_attention,1,less is more heuristic information decision accuracy,47,https://openalex.org/W2395579298,10.1186/s40537-016-0043-6,A survey of transfer learning,2016,article,Domain Adaptation and Few-Shot Learning,missing_anchor_group:less is more|heuristic|fast and frugal
openalex,information_attention,1,less is more heuristic information decision accuracy,50,https://openalex.org/W2155106456,10.1145/192844.192905,GroupLens,1994,conference-paper,Web Data Mining and Analysis,type_not_allowed:conference-paper;missing_anchor_group:less is more|heuristic|fast and frugal
crossref,information_attention,1,less is more heuristic information decision accuracy,4,10.2139/ssrn.4013872,10.2139/ssrn.4013872,More or Less: How Information Richness Affects Our Decision Consistency,2022,journal-article,SSRN Electronic Journal,missing_anchor_group:less is more|heuristic|fast and frugal
crossref,information_attention,1,less is more heuristic information decision accuracy,5,10.2139/ssrn.6166846,10.2139/ssrn.6166846,"The More You Know, the Less You Learn:&amp;nbsp;Information Monitoring and Decision-Making Bias",2026,posted-content,,missing_anchor_group:less is more|heuristic|fast and frugal
crossref,information_attention,1,less is more heuristic information decision accuracy,6,10.5220/0005632600950104,10.5220/0005632600950104,"Beyond PulseSync: Less Clock Granularity Impact, More Synchronization Accuracy",2016,proceedings-article,Proceedings of the 5th International Confererence on Sensor Networks,missing_anchor_group:less is more|heuristic|fast and frugal
crossref,information_attention,1,less is more heuristic information decision accuracy,7,10.1037/e722292011-167,10.1037/e722292011-167,Heuristics and group decision making: More can be less and less can be more,2007,dataset,PsycEXTRA Dataset,type_not_allowed:dataset
crossref,information_attention,1,less is more heuristic information decision accuracy,9,10.1057/9781137508607.0006,10.1057/9781137508607.0006,"More Power Balance, Less Consensus",,book-chapter,Political Decision-Making in Switzerland,missing_anchor_group:less is more|heuristic|fast and frugal
crossref,information_attention,1,less is more heuristic information decision accuracy,10,10.1596/1813-9450-4250,10.1596/1813-9450-4250,"Economic Information And Finance : More Information Means More Credit, Fewer Bad Loans, And Less Corruption",2007,book,,missing_anchor_group:less is more|heuristic|fast and frugal
crossref,information_attention,1,less is more heuristic information decision accuracy,11,10.3390/psycholint8010017,10.3390/psycholint8010017,When More Is Less: Information Overload and the Psychology of Decision-Making in Cryptocurrency Investment,2026,journal-article,Psychology International,missing_anchor_group:less is more|heuristic|fast and frugal
crossref,information_attention,1,less is more heuristic information decision accuracy,12,10.31234/osf.io/x285g,10.31234/osf.io/x285g,Is Intellectual Humility Related to More Accuracy and Less Overconfidence?,2023,posted-content,,missing_anchor_group:less is more|heuristic|fast and frugal
crossref,information_attention,1,less is more heuristic information decision accuracy,13,10.1101/2024.12.09.627585,10.1101/2024.12.09.627585,"More Structure, Less Accuracy: ESM3’s Binding Prediction Paradox",2024,posted-content,,missing_anchor_group:less is more|heuristic|fast and frugal
crossref,information_attention,1,less is more heuristic information decision accuracy,14,10.1109/milcom.2011.6127770,10.1109/milcom.2011.6127770,More (messages) is less (accuracy) in localization,2011,proceedings-article,2011 - MILCOM 2011 Military Communications Conference,missing_anchor_group:less is more|heuristic|fast and frugal
crossref,information_attention,1,less is more heuristic information decision accuracy,15,10.7551/mitpress/8369.003.0012,10.7551/mitpress/8369.003.0012,More Is Less,2009,book-chapter,Streetlights and Shadows,missing_anchor_group:less is more|heuristic|fast and frugal
crossref,information_attention,1,less is more heuristic information decision accuracy,16,10.7717/peerj.8481/supp-5,10.7717/peerj.8481/supp-5,Supplemental Information 5: Genus difference in more or less than HCs group.,,component,,type_not_allowed:component;missing_anchor_group:less is more|heuristic|fast and frugal
crossref,information_attention,1,less is more heuristic information decision accuracy,17,10.1002/bdm.420,10.1002/bdm.420,The impact of affective information on the professional judgments of more experienced and less experienced auditors,2002,journal-article,Journal of Behavioral Decision Making,missing_anchor_group:less is more|heuristic|fast and frugal
crossref,information_attention,1,less is more heuristic information decision accuracy,20,10.7717/peerj.6443/supp-3,10.7717/peerj.6443/supp-3,Supplemental Information 3: Plants were exposed to more or less predictable environmental conditions.,,component,,type_not_allowed:component;missing_anchor_group:less is more|heuristic|fast and frugal
crossref,information_attention,1,less is more heuristic information decision accuracy,21,10.2139/ssrn.4611162,10.2139/ssrn.4611162,"More Information, Less Learning from Prices",2023,posted-content,,missing_anchor_group:less is more|heuristic|fast and frugal
crossref,information_attention,1,less is more heuristic information decision accuracy,23,10.1038/nchem.2448,10.1038/nchem.2448,"A little less conjugation, a little more accuracy",2016,journal-article,Nature Chemistry,missing_anchor_group:less is more|heuristic|fast and frugal
crossref,information_attention,1,less is more heuristic information decision accuracy,24,10.1162/qss_a_00335/v1/decision1,10.1162/qss_a_00335/v1/decision1,"Decision letter for ""Female-led teams produce more innovative ideas yet receive less scientific impact""",2024,peer-review,,type_not_allowed:peer-review;missing_anchor_group:less is more|heuristic|fast and frugal
crossref,information_attention,1,less is more heuristic information decision accuracy,25,10.1162/qss_a_00335/v2/decision1,10.1162/qss_a_00335/v2/decision1,"Decision letter for ""Female-led teams produce more innovative ideas yet receive less scientific impact""",2024,peer-review,,type_not_allowed:peer-review;missing_anchor_group:less is more|heuristic|fast and frugal
crossref,information_attention,1,less is more heuristic information decision accuracy,26,10.3386/w28138,10.3386/w28138,"We are all Behavioral, More or Less: A Taxonomy of Consumer Decision Making",2020,report,,missing_anchor_group:less is more|heuristic|fast and frugal
crossref,information_attention,1,less is more heuristic information decision accuracy,27,10.2139/ssrn.3270608,10.2139/ssrn.3270608,"Age Rating for Virtual Reality Games: Less Restriction, More Information",2020,posted-content,,missing_anchor_group:less is more|heuristic|fast and frugal
crossref,information_attention,1,less is more heuristic information decision accuracy,29,10.4324/9781315259284-3,10.4324/9781315259284-3,How More Equals Less,2017,book-chapter,Corporate DNA,missing_anchor_group:less is more|heuristic|fast and frugal
crossref,information_attention,1,less is more heuristic information decision accuracy,30,10.1109/cdc57313.2025.11312453,10.1109/cdc57313.2025.11312453,When More Information Means Less: A Case Study in Asymmetric All-Pay Auctions,2025,proceedings-article,2025 IEEE 64th Conference on Decision and Control (CDC),missing_anchor_group:less is more|heuristic|fast and frugal
crossref,information_attention,1,less is more heuristic information decision accuracy,31,10.1057/9781137508607_3,10.1057/9781137508607_3,"More Power Balance, Less Consensus: Changes in Decision-Making Structures over Time",2015,book-chapter,Political Decision-Making in Switzerland,missing_anchor_group:less is more|heuristic|fast and frugal
crossref,information_attention,1,less is more heuristic information decision accuracy,32,10.2139/ssrn.2875196,10.2139/ssrn.2875196,The Accuracy of Less: Natural Bounds Explain Why Quantity Decreases Are Estimated More Accurately Than Quantity Increases,2016,posted-content,,missing_anchor_group:less is more|heuristic|fast and frugal
crossref,information_attention,1,less is more heuristic information decision accuracy,33,10.1016/s0167-9236(02)00129-x,10.1016/s0167-9236(02)00129-x,Corporate disclosure dissemination: when more is less,2003,journal-article,Decision Support Systems,missing_anchor_group:less is more|heuristic|fast and frugal
crossref,information_attention,1,less is more heuristic information decision accuracy,34,10.1109/lgrs.2026.3727071/v2/decision1,10.1109/lgrs.2026.3727071/v2/decision1,"Decision letter for ""When Less Is More: Simplicity Beats Complexity for Physics-Constrained InSAR Phase Unwrapping""",2026,peer-review,,type_not_allowed:peer-review
crossref,information_attention,1,less is more heuristic information decision accuracy,35,10.1109/lgrs.2026.3727071/v1/decision1,10.1109/lgrs.2026.3727071/v1/decision1,"Decision letter for ""When Less Is More: Simplicity Beats Complexity for Physics-Constrained InSAR Phase Unwrapping""",2026,peer-review,,type_not_allowed:peer-review
crossref,information_attention,1,less is more heuristic information decision accuracy,37,10.1016/j.obhdp.2007.01.003,10.1016/j.obhdp.2007.01.003,The illusion of knowledge: When more information reduces accuracy and increases confidence,2007,journal-article,Organizational Behavior and Human Decision Processes,missing_anchor_group:less is more|heuristic|fast and frugal
crossref,information_attention,1,less is more heuristic information decision accuracy,38,10.65528/9780807771945-007,10.65528/9780807771945-007,"5. The More, the More (the Less, the Less)",2010,book-chapter,Giving Our Children a Fighting Chance,missing_anchor_group:less is more|heuristic|fast and frugal
crossref,information_attention,1,less is more heuristic information decision accuracy,39,10.1109/lgrs.2026.3727071/v3/decision1,10.1109/lgrs.2026.3727071/v3/decision1,"Decision letter for ""When Less Is More: Simplicity Beats Complexity for Physics-Constrained InSAR Phase Unwrapping""",2026,peer-review,,type_not_allowed:peer-review
crossref,information_attention,1,less is more heuristic information decision accuracy,40,10.2139/ssrn.6325519,10.2139/ssrn.6325519,"More Information, Less Learning: How Disclosure Shapes Market Feedback",2026,posted-content,,missing_anchor_group:less is more|heuristic|fast and frugal
crossref,information_attention,1,less is more heuristic information decision accuracy,43,10.1080/741944069,10.1080/741944069,Recall Accuracy and Illusory Memories: When More is Less,1999,journal-article,Memory,missing_anchor_group:less is more|heuristic|fast and frugal
crossref,information_attention,1,less is more heuristic information decision accuracy,44,10.5194/wbf2026-820,10.5194/wbf2026-820,"More Data, Less Decision? Why Biodiversity and Decision-making Fails Without Local Realities, Institutional Fit, and Plural Values ",2026,posted-content,,missing_anchor_group:less is more|heuristic|fast and frugal
crossref,information_attention,1,less is more heuristic information decision accuracy,45,10.1002/bdm.389,10.1002/bdm.389,"One mode of decision making (research)—no less, no more",2001,journal-article,Journal of Behavioral Decision Making,missing_anchor_group:less is more|heuristic|fast and frugal
crossref,information_attention,1,less is more heuristic information decision accuracy,47,10.1002/j.2637-496x.2011.tb00430.x,10.1002/j.2637-496x.2011.tb00430.x,Doing More with Less,2011,journal-article,Information Display,missing_anchor_group:less is more|heuristic|fast and frugal
crossref,information_attention,1,less is more heuristic information decision accuracy,48,10.1017/9781108123778.012,10.1017/9781108123778.012,Do It! Exercises Using the Optimization Decision Support Tool,,book-chapter,The Science of Strategic Conservation,missing_anchor_group:less is more|heuristic|fast and frugal
crossref,information_attention,1,less is more heuristic information decision accuracy,49,10.1007/978-1-4612-2618-5_1,10.1007/978-1-4612-2618-5_1,"Minimaxity, More or Less",1994,book-chapter,Statistical Decision Theory and Related Topics V,missing_anchor_group:less is more|heuristic|fast and frugal
crossref,information_attention,1,less is more heuristic information decision accuracy,50,10.21203/rs.3.rs-971331/v1,10.21203/rs.3.rs-971331/v1,"Mandatory CME Grand Rounds Evaluations: More Data, Less Information",2021,posted-content,,missing_anchor_group:less is more|heuristic|fast and frugal
openalex,information_attention,2,rational inattention deliberate ignorance information avoidance,2,https://openalex.org/W4318253731,10.1007/s11301-023-00321-z,Ignorance in organisations – a systematic literature review,2023,review,Organizational Learning and Leadership,type_not_allowed:review;missing_anchor_group:rational inattention|deliberate ignorance|information avoidance
openalex,information_attention,2,rational inattention deliberate ignorance information avoidance,5,https://openalex.org/W4252000206,10.7551/mitpress/13757.003.0004,Homo Ignorans: Deliberately Choosing Not to Know,2021,book-chapter,Philosophical Ethics and Theory,missing_anchor_group:rational inattention|deliberate ignorance|information avoidance
openalex,information_attention,2,rational inattention deliberate ignorance information avoidance,6,https://openalex.org/W2924798414,10.1016/j.ecolecon.2019.02.010,Save the planet or close your eyes? Testing strategic ignorance in a charity context,2019,article,Experimental Behavioral Economics Studies,missing_anchor_group:rational inattention|deliberate ignorance|information avoidance
openalex,information_attention,2,rational inattention deliberate ignorance information avoidance,11,https://openalex.org/W2883445328,10.1007/s10462-018-9646-y,40 years of cognitive architectures: core cognitive abilities and practical applications,2018,article,AI-based Problem Solving and Planning,missing_anchor_group:rational inattention|deliberate ignorance|information avoidance
openalex,information_attention,2,rational inattention deliberate ignorance information avoidance,12,https://openalex.org/W2925496490,10.1017/s1930297500002874,Welfare effects of nudges: The emotional tax of calorie menu labeling,2019,article,Behavioral Health and Interventions,missing_anchor_group:rational inattention|deliberate ignorance|information avoidance
openalex,information_attention,2,rational inattention deliberate ignorance information avoidance,13,https://openalex.org/W3118038935,10.1257/jel.20201396,Satisficing: Integrating Two Traditions,2022,article,Decision-Making and Behavioral Economics,missing_anchor_group:rational inattention|deliberate ignorance|information avoidance
openalex,information_attention,2,rational inattention deliberate ignorance information avoidance,14,https://openalex.org/W2939443296,10.24926/265535.1950,Commercial Rationality and the Duty to Adjust Long-Term Contracts,1985,article,"Law, Economics, and Judicial Systems",missing_anchor_group:rational inattention|deliberate ignorance|information avoidance
openalex,information_attention,2,rational inattention deliberate ignorance information avoidance,15,https://openalex.org/W2096261678,10.3386/w14764,Groupthink: Collective Delusions in Organizations and Markets,2009,report,Experimental Behavioral Economics Studies,missing_anchor_group:rational inattention|deliberate ignorance|information avoidance
openalex,information_attention,2,rational inattention deliberate ignorance information avoidance,16,https://openalex.org/W3123667360,10.1007/s10683-017-9528-1,The BCD of response time analysis in experimental economics,2017,article,Decision-Making and Behavioral Economics,missing_anchor_group:rational inattention|deliberate ignorance|information avoidance
openalex,information_attention,2,rational inattention deliberate ignorance information avoidance,17,https://openalex.org/W2540902508,10.1146/annurev-economics-080315-015417,Measuring and Modeling Attention,2016,review,Decision-Making and Behavioral Economics,type_not_allowed:review;missing_anchor_group:rational inattention|deliberate ignorance|information avoidance
openalex,information_attention,2,rational inattention deliberate ignorance information avoidance,19,https://openalex.org/W3201116338,10.1016/j.aos.2021.101308,Regulatory mandates and responses to uncomfortable knowledge: The case of country-by-country reporting in the extractive sector,2021,article,"Auditing, Earnings Management, Governance",missing_anchor_group:rational inattention|deliberate ignorance|information avoidance
openalex,information_attention,2,rational inattention deliberate ignorance information avoidance,20,https://openalex.org/W7167266478,10.1038/s41598-026-59730-1,Evidence for multiple motivational accounts of willful ignorance in prosocial decision making beyond moral wiggling,2026,article,Psychology of Moral and Emotional Judgment,missing_anchor_group:rational inattention|deliberate ignorance|information avoidance
openalex,information_attention,2,rational inattention deliberate ignorance information avoidance,22,https://openalex.org/W2546578371,,Ignorance Production and Corporate Science,2015,dissertation,Ethics in Business and Education,missing_anchor_group:rational inattention|deliberate ignorance|information avoidance
openalex,information_attention,2,rational inattention deliberate ignorance information avoidance,23,https://openalex.org/W2171588792,10.5210/bsi.v11i2.92,Toward a Constructional Approach to Social Problems: Ethical and Constitutional Issues Raised by Applied Behavior Analysis,2002,article,Behavioral and Psychological Studies,missing_anchor_group:rational inattention|deliberate ignorance|information avoidance
openalex,information_attention,2,rational inattention deliberate ignorance information avoidance,24,https://openalex.org/W4407758643,10.1002/berj.4138,Tackling ignorance about law in human rights education,2025,article,Peace and Human Rights Education,missing_anchor_group:rational inattention|deliberate ignorance|information avoidance
openalex,information_attention,2,rational inattention deliberate ignorance information avoidance,25,https://openalex.org/W3021998117,10.1093/restud/rds030,Groupthink: Collective Delusions in Organizations and Markets,2012,article,Experimental Behavioral Economics Studies,missing_anchor_group:rational inattention|deliberate ignorance|information avoidance
openalex,information_attention,2,rational inattention deliberate ignorance information avoidance,26,https://openalex.org/W7162629716,10.1007/s11229-026-05625-7,All rationality is bounded,2026,article,Quantum Mechanics and Applications,missing_anchor_group:rational inattention|deliberate ignorance|information avoidance
openalex,information_attention,2,rational inattention deliberate ignorance information avoidance,27,https://openalex.org/W2884362697,10.1016/j.ijforecast.2018.07.015,Forecasting unknown-unknowns by boosting the risk radar within the risk intelligent organisation,2018,article,Economic and Technological Systems Analysis,missing_anchor_group:rational inattention|deliberate ignorance|information avoidance
openalex,information_attention,2,rational inattention deliberate ignorance information avoidance,28,https://openalex.org/W2788294898,10.1177/0266242618765231,"Why it takes an ‘ontological shock’ to prompt increases in small firm resilience: Sensemaking, emotions and flood risk",2018,article,Supply Chain Resilience and Risk Management,missing_anchor_group:rational inattention|deliberate ignorance|information avoidance
openalex,information_attention,2,rational inattention deliberate ignorance information avoidance,29,https://openalex.org/W1038142760,,Understanding attention selection in driving: From limited capacity to adaptive behaviour,2011,dissertation,Human-Automation Interaction and Safety,missing_anchor_group:rational inattention|deliberate ignorance|information avoidance
openalex,information_attention,2,rational inattention deliberate ignorance information avoidance,30,https://openalex.org/W3176286258,10.1080/09540962.2021.1965307,"Innovation, exnovation and intelligent failure",2021,article,Complex Systems and Decision Making,missing_anchor_group:rational inattention|deliberate ignorance|information avoidance
openalex,information_attention,2,rational inattention deliberate ignorance information avoidance,31,https://openalex.org/W4404200702,10.1007/s11098-024-02249-w,Beyond Preferences in AI Alignment,2024,article,Reinforcement Learning in Robotics,missing_anchor_group:rational inattention|deliberate ignorance|information avoidance
openalex,information_attention,2,rational inattention deliberate ignorance information avoidance,32,https://openalex.org/W2898443378,10.1002/ffo2.5,Attention and foresight in organizations,2018,article,Innovation and Knowledge Management,missing_anchor_group:rational inattention|deliberate ignorance|information avoidance
openalex,information_attention,2,rational inattention deliberate ignorance information avoidance,33,https://openalex.org/W1585343173,,"Why Do They Do It?: The Motives, Mores, and Character of White Collar Criminals",2012,article,Wildlife Conservation and Criminology Analyses,missing_anchor_group:rational inattention|deliberate ignorance|information avoidance
openalex,information_attention,2,rational inattention deliberate ignorance information avoidance,34,https://openalex.org/W1592350482,,INFORMATION AND UNCERTAINTY IN THE THEORY OF MONETARY POLICY,2007,book,Monetary Policy and Economic Impact,missing_anchor_group:rational inattention|deliberate ignorance|information avoidance
openalex,information_attention,2,rational inattention deliberate ignorance information avoidance,35,https://openalex.org/W4241528726,10.2307/796151,An Essay in the Deconstruction of Contract Doctrine,1985,article,European and International Contract Law,missing_anchor_group:rational inattention|deliberate ignorance|information avoidance
openalex,information_attention,2,rational inattention deliberate ignorance information avoidance,36,https://openalex.org/W1524948801,10.3386/w18584,Taxation of Intergenerational Transfers and Wealth,2012,report,Fiscal Policy and Economic Growth,missing_anchor_group:rational inattention|deliberate ignorance|information avoidance
openalex,information_attention,2,rational inattention deliberate ignorance information avoidance,37,https://openalex.org/W2128535216,10.2139/ssrn.2377364,Choosing Not to Choose,2014,preprint,Philosophical Ethics and Theory,missing_anchor_group:rational inattention|deliberate ignorance|information avoidance
openalex,information_attention,2,rational inattention deliberate ignorance information avoidance,38,https://openalex.org/W4324141783,10.1002/bdm.2322,Demand for information about potential wins and losses: Does it matter if information matters?,2023,article,Decision-Making and Behavioral Economics,missing_anchor_group:rational inattention|deliberate ignorance|information avoidance
openalex,information_attention,2,rational inattention deliberate ignorance information avoidance,39,https://openalex.org/W4412958892,10.1108/jd-06-2024-0146,Who am I? How public library staff manage conflicting information about the self-concept,2025,article,Knowledge Management and Sharing,missing_anchor_group:rational inattention|deliberate ignorance|information avoidance
openalex,information_attention,2,rational inattention deliberate ignorance information avoidance,40,https://openalex.org/W3163988820,10.31234/osf.io/chqug,The belief-action gap in environmental psychology: How wide? How irrational?,2021,preprint,Environmental Education and Sustainability,missing_anchor_group:rational inattention|deliberate ignorance|information avoidance
openalex,information_attention,2,rational inattention deliberate ignorance information avoidance,41,https://openalex.org/W3125774058,,Exploiting the Salience Bias in Designing Taxes,2010,article,Taxation and Compliance Studies,missing_anchor_group:rational inattention|deliberate ignorance|information avoidance
openalex,information_attention,2,rational inattention deliberate ignorance information avoidance,42,https://openalex.org/W4251979106,10.18352/bmgn-lchr.318,"Levels, scales, linkages, and other 'multiples' affecting natural resources",2012,article,"Conservation, Biodiversity, and Resource Management",missing_anchor_group:rational inattention|deliberate ignorance|information avoidance
openalex,information_attention,2,rational inattention deliberate ignorance information avoidance,43,https://openalex.org/W4322705856,10.2139/ssrn.4368304,The Economics of Attention,2023,preprint,Psychological and Educational Research Studies,missing_anchor_group:rational inattention|deliberate ignorance|information avoidance
openalex,information_attention,2,rational inattention deliberate ignorance information avoidance,44,https://openalex.org/W2912274239,10.4324/9781315732947,Human Development from Middle Childhood to Middle Adulthood,2017,book,Psychological and Temporal Perspectives Research,missing_anchor_group:rational inattention|deliberate ignorance|information avoidance
openalex,information_attention,2,rational inattention deliberate ignorance information avoidance,45,https://openalex.org/W4392863756,10.1002/bdm.2377,Attention! Do We Really Need Attention Checks?,2024,article,Decision-Making and Behavioral Economics,missing_anchor_group:rational inattention|deliberate ignorance|information avoidance
openalex,information_attention,2,rational inattention deliberate ignorance information avoidance,46,https://openalex.org/W615304256,10.5749/9781452974651,The Backcountry and the City: Colonization and Conflict in Early America,2005,book,Latin American and Latino Studies,missing_anchor_group:rational inattention|deliberate ignorance|information avoidance
openalex,information_attention,2,rational inattention deliberate ignorance information avoidance,47,https://openalex.org/W4319834670,10.1177/13540688231151906,Is there clarity in ambiguity? A literature review of party positional ambiguity,2023,article,Electoral Systems and Political Participation,missing_anchor_group:rational inattention|deliberate ignorance|information avoidance
openalex,information_attention,2,rational inattention deliberate ignorance information avoidance,48,https://openalex.org/W3094516429,10.56687/9781529217278,COVID-19 in the Global South : Impacts and Responses,2020,book,HIV/AIDS Impact and Responses,missing_anchor_group:rational inattention|deliberate ignorance|information avoidance
openalex,information_attention,2,rational inattention deliberate ignorance information avoidance,49,https://openalex.org/W4403871495,10.1257/mic.20220275,Fair Shares and Selective Attention,2024,article,Experimental Behavioral Economics Studies,missing_anchor_group:rational inattention|deliberate ignorance|information avoidance
openalex,information_attention,2,rational inattention deliberate ignorance information avoidance,50,https://openalex.org/W2992373640,10.1016/j.techfore.2019.119851,Limits and longevity: A model for scenarios that influence the future,2019,article,Complex Systems and Decision Making,missing_anchor_group:rational inattention|deliberate ignorance|information avoidance
crossref,information_attention,2,rational inattention deliberate ignorance information avoidance,12,10.3389/fpsyg.2023.1025507,10.3389/fpsyg.2023.1025507,Psychoanalytic contributions in distinguishing willful ignorance and rational knowledge avoidance,2023,journal-article,Frontiers in Psychology,missing_anchor_group:rational inattention|deliberate ignorance|information avoidance
crossref,information_attention,2,rational inattention deliberate ignorance information avoidance,19,10.7551/mitpress/13757.003.0006,10.7551/mitpress/13757.003.0006,Utilizing Strategic Ignorance in Negotiations,2021,book-chapter,Deliberate Ignorance,missing_anchor_group:rational inattention|deliberate ignorance|information avoidance
crossref,information_attention,2,rational inattention deliberate ignorance information avoidance,20,10.3030/678081,10.3030/678081,,,grant,,type_not_allowed:grant;missing_anchor_group:rational inattention|deliberate ignorance|information avoidance
crossref,information_attention,2,rational inattention deliberate ignorance information avoidance,21,10.7551/mitpress/13757.003.0025,10.7551/mitpress/13757.003.0025,Bibliography,2021,book-chapter,Deliberate Ignorance,missing_anchor_group:rational inattention|deliberate ignorance|information avoidance
crossref,information_attention,2,rational inattention deliberate ignorance information avoidance,25,10.7551/mitpress/13757.003.0002,10.7551/mitpress/13757.003.0002,Preface,2021,other,Deliberate Ignorance,type_not_allowed:other;missing_anchor_group:rational inattention|deliberate ignorance|information avoidance
crossref,information_attention,2,rational inattention deliberate ignorance information avoidance,27,10.1093/oxfordhb/9780190469733.013.19,10.1093/oxfordhb/9780190469733.013.19,Information Cues and Rational Ignorance,2019,reference-entry,"The Oxford Handbook of Public Choice, Volume 1",type_not_allowed:reference-entry;missing_anchor_group:rational inattention|deliberate ignorance|information avoidance
crossref,information_attention,2,rational inattention deliberate ignorance information avoidance,29,10.2139/ssrn.1106113,10.2139/ssrn.1106113,Rational Ignorance and Negative News in the Information Market,2008,posted-content,,missing_anchor_group:rational inattention|deliberate ignorance|information avoidance
crossref,information_attention,2,rational inattention deliberate ignorance information avoidance,31,10.7551/mitpress/13757.003.0011,10.7551/mitpress/13757.003.0011,Willful Construction of Ignorance: A Tale of Two Ontologies,2021,book-chapter,Deliberate Ignorance,missing_anchor_group:rational inattention|deliberate ignorance|information avoidance
crossref,information_attention,2,rational inattention deliberate ignorance information avoidance,32,10.7551/mitpress/13757.003.0018,10.7551/mitpress/13757.003.0018,Is There a Right Not to Know Genetic Information about Oneself?,2021,book-chapter,Deliberate Ignorance,missing_anchor_group:rational inattention|deliberate ignorance|information avoidance
crossref,information_attention,2,rational inattention deliberate ignorance information avoidance,34,10.7551/mitpress/13757.003.0028,10.7551/mitpress/13757.003.0028,[ Front Matter ],2021,other,Deliberate Ignorance,type_not_allowed:other;missing_anchor_group:rational inattention|deliberate ignorance|information avoidance
crossref,information_attention,2,rational inattention deliberate ignorance information avoidance,39,10.7551/mitpress/13757.003.0026,10.7551/mitpress/13757.003.0026,Subject Index,2021,book-chapter,Deliberate Ignorance,missing_anchor_group:rational inattention|deliberate ignorance|information avoidance
crossref,information_attention,2,rational inattention deliberate ignorance information avoidance,42,10.7551/mitpress/13757.003.0001,10.7551/mitpress/13757.003.0001,List of Contributors,2021,other,Deliberate Ignorance,type_not_allowed:other;missing_anchor_group:rational inattention|deliberate ignorance|information avoidance
crossref,information_attention,2,rational inattention deliberate ignorance information avoidance,45,10.7551/mitpress/13757.001.0001,10.7551/mitpress/13757.001.0001,Deliberate Ignorance,2021,edited-book,,type_not_allowed:edited-book
openalex,information_attention,3,public information social welfare coordination,2,https://openalex.org/W1945197361,10.1086/517897,Rankings and Reactivity: How Public Measures Recreate Social Worlds,2007,article,Judicial and Constitutional Studies,missing_anchor_group:public information;missing_anchor_group:welfare|coordination|social value
openalex,information_attention,3,public information social welfare coordination,3,https://openalex.org/W2043861297,10.1016/s0140-6736(15)60160-x,"Global Surgery 2030: evidence and solutions for achieving health, welfare, and economic development",2015,article,Global Health and Surgery,missing_anchor_group:public information
openalex,information_attention,3,public information social welfare coordination,4,https://openalex.org/W2044858486,10.1007/s10488-010-0327-7,Advancing a Conceptual Model of Evidence-Based Practice Implementation in Public Service Sectors,2010,article,Health Policy Implementation Science,missing_anchor_group:public information;missing_anchor_group:welfare|coordination|social value
openalex,information_attention,3,public information social welfare coordination,5,https://openalex.org/W3125077677,10.3386/w0042,A Theory of Social Interactions,1974,report,"Economic, Social, and Health Studies",missing_anchor_group:public information;missing_anchor_group:welfare|coordination|social value
openalex,information_attention,3,public information social welfare coordination,6,https://openalex.org/W2123431441,10.1093/jopart/mui057,New Public Management Is Dead--Long Live Digital-Era Governance,2005,article,Public Policy and Administration Research,missing_anchor_group:public information;missing_anchor_group:welfare|coordination|social value
openalex,information_attention,3,public information social welfare coordination,7,https://openalex.org/W3125258780,10.1111/jeea.12006,IDENTIFYING SOCIAL NORMS USING COORDINATION GAMES: WHY DOES DICTATOR GAME SHARING VARY?,2013,article,Experimental Behavioral Economics Studies,missing_anchor_group:public information
openalex,information_attention,3,public information social welfare coordination,8,https://openalex.org/W2107295826,10.1257/jep.14.3.115,Economic Analysis of Social Interactions,2000,article,Economic theories and models,missing_anchor_group:public information;missing_anchor_group:welfare|coordination|social value
openalex,information_attention,3,public information social welfare coordination,9,https://openalex.org/W2081314276,10.1257/jep.3.4.99,Social Norms and Economic Theory,1989,article,Experimental Behavioral Economics Studies,missing_anchor_group:public information;missing_anchor_group:welfare|coordination|social value
openalex,information_attention,3,public information social welfare coordination,10,https://openalex.org/W2157228429,10.1016/s1090-5138(04)00005-4,Third-party punishment and social norms,2004,article,Experimental Behavioral Economics Studies,missing_anchor_group:public information;missing_anchor_group:welfare|coordination|social value
openalex,information_attention,3,public information social welfare coordination,11,https://openalex.org/W1978484347,10.1145/163298.163309,The productivity paradox of information technology,1993,article,Intellectual Capital and Performance Analysis,missing_anchor_group:public information;missing_anchor_group:welfare|coordination|social value
openalex,information_attention,3,public information social welfare coordination,12,https://openalex.org/W2023072224,10.1057/9780230536791,"The Economics of Rights, Co-operation and Welfare",2005,book,Economic Theory and Institutions,missing_anchor_group:public information
openalex,information_attention,3,public information social welfare coordination,13,https://openalex.org/W2155976177,10.1257/jel.50.1.51,Economic Perspectives on Corporate Social Responsibility,2012,article,Corporate Social Responsibility Reporting,missing_anchor_group:public information;missing_anchor_group:welfare|coordination|social value
openalex,information_attention,3,public information social welfare coordination,14,https://openalex.org/W2080554996,10.1111/j.1468-0491.2007.00342.x,Introduction: Understanding Public Policy through Its Instruments—From the Nature of Instruments to the Sociology of Public Policy Instrumentation,2007,article,Regulation and Compliance Studies,missing_anchor_group:public information;missing_anchor_group:welfare|coordination|social value
openalex,information_attention,3,public information social welfare coordination,15,https://openalex.org/W1553746973,10.5860/choice.51-3359,The entrepreneurial state: debunking public vs. private sector myths,2014,book-review,Economic Theory and Policy,type_not_allowed:book-review;missing_anchor_group:public information;missing_anchor_group:welfare|coordination|social value
openalex,information_attention,3,public information social welfare coordination,16,https://openalex.org/W2166345263,10.1146/annurev-economics-080213-041024,"People, Places, and Public Policy: Some Simple Welfare Economics of Local Economic Development Programs",2014,review,Regional Economics and Spatial Analysis,type_not_allowed:review;missing_anchor_group:public information
openalex,information_attention,3,public information social welfare coordination,17,https://openalex.org/W3021350996,10.1111/0033-3352.00045,Do Networks Really Work? A Framework for Evaluating Public‐Sector Organizational Networks,2001,article,Community Health and Development,missing_anchor_group:public information;missing_anchor_group:welfare|coordination|social value
openalex,information_attention,3,public information social welfare coordination,18,https://openalex.org/W2098501785,10.1017/s0003055407070499,Why Does Ethnic Diversity Undermine Public Goods Provision?,2007,article,"Culture, Economy, and Development Studies",missing_anchor_group:public information;missing_anchor_group:welfare|coordination|social value
openalex,information_attention,3,public information social welfare coordination,19,https://openalex.org/W2535163083,10.5860/choice.44-0999,The wealth of networks: how social production transforms markets and freedom,2006,book-review,Economic Theory and Institutions,type_not_allowed:book-review;missing_anchor_group:public information;missing_anchor_group:welfare|coordination|social value
openalex,information_attention,3,public information social welfare coordination,20,https://openalex.org/W2024055184,10.3168/jds.2009-2431,"Invited review: Body condition score and its association with dairy cow productivity, health, and welfare",2009,article,Reproductive Physiology in Livestock,missing_anchor_group:public information
openalex,information_attention,3,public information social welfare coordination,21,https://openalex.org/W2276575327,10.5465/amr.2013.0475,Stakeholder Relationships and Social Welfare: A Behavioral Theory of Contributions to Joint Value Creation,2015,article,Corporate Social Responsibility Reporting,missing_anchor_group:public information
openalex,information_attention,3,public information social welfare coordination,22,https://openalex.org/W2147111138,10.2307/2586011,"Increasing Returns, Path Dependence, and the Study of Politics",2000,article,Economic Theory and Institutions,missing_anchor_group:public information;missing_anchor_group:welfare|coordination|social value
openalex,information_attention,3,public information social welfare coordination,23,https://openalex.org/W3135257712,10.1038/s41562-021-01079-8,A global panel database of pandemic policies (Oxford COVID-19 Government Response Tracker),2021,article,COVID-19 Pandemic Impacts,missing_anchor_group:public information;missing_anchor_group:welfare|coordination|social value
openalex,information_attention,3,public information social welfare coordination,24,https://openalex.org/W2797202416,10.2139/ssrn.3144139,"Social Media, Political Polarization, and Political Disinformation: A Review of the Scientific Literature",2018,preprint,Misinformation and Its Impacts,missing_anchor_group:public information;missing_anchor_group:welfare|coordination|social value
openalex,information_attention,3,public information social welfare coordination,25,https://openalex.org/W2081728886,10.2139/ssrn.502642,Transparency of Information and Coordination in Economies with Investment Complementarities,2004,preprint,Complex Systems and Time Series Analysis,missing_anchor_group:public information
openalex,information_attention,3,public information social welfare coordination,26,https://openalex.org/W1992985800,10.1063/1.4812323,Commentary: The Materials Project: A materials genome approach to accelerating materials innovation,2013,editorial,Machine Learning in Materials Science,type_not_allowed:editorial;missing_anchor_group:public information;missing_anchor_group:welfare|coordination|social value
openalex,information_attention,3,public information social welfare coordination,27,https://openalex.org/W1739686760,10.1007/978-3-030-90434-0_43-1,Wicked Problems in Public Policy,2023,reference-entry,Social Issues and Policies,type_not_allowed:reference-entry;missing_anchor_group:public information;missing_anchor_group:welfare|coordination|social value
openalex,information_attention,3,public information social welfare coordination,28,https://openalex.org/W2741445211,10.1017/s0003055417000144,"How the Chinese Government Fabricates Social Media Posts for Strategic Distraction, Not Engaged Argument",2017,article,Media Influence and Politics,missing_anchor_group:public information;missing_anchor_group:welfare|coordination|social value
openalex,information_attention,3,public information social welfare coordination,29,https://openalex.org/W2097809632,10.2307/976691,Treating Networks Seriously: Practical and Research-Based Agendas in Public Administration,1997,article,Public Policy and Administration Research,missing_anchor_group:public information;missing_anchor_group:welfare|coordination|social value
openalex,information_attention,3,public information social welfare coordination,30,https://openalex.org/W1994091413,10.1257/.40.4.1105,Evaluating Welfare Reform in the United States,2002,article,"Gender, Labor, and Family Dynamics",missing_anchor_group:public information
openalex,information_attention,3,public information social welfare coordination,31,https://openalex.org/W2512503597,10.6028/nist.sp.800-144,Guidelines on security and privacy in public cloud computing,2011,report,Cloud Data Security Solutions,missing_anchor_group:public information;missing_anchor_group:welfare|coordination|social value
openalex,information_attention,3,public information social welfare coordination,32,https://openalex.org/W2119112721,10.2139/ssrn.917785,Coordination and Lock-In: Competition with Switching Costs and Network Effects,2006,preprint,Digital Platforms and Economics,missing_anchor_group:public information
openalex,information_attention,3,public information social welfare coordination,33,https://openalex.org/W1999549237,10.1093/wbro/lki002,"Democracy, Public Expenditures, and the Poor: Understanding Political Incentives for Providing Public Services",2005,article,Fiscal Policy and Economic Growth,missing_anchor_group:public information;missing_anchor_group:welfare|coordination|social value
openalex,information_attention,3,public information social welfare coordination,34,https://openalex.org/W3122035289,10.1162/qjec.2006.121.2.505,"Shrouded Attributes, Consumer Myopia, and Information Suppression in Competitive Markets",2006,article,Auction Theory and Applications,missing_anchor_group:public information;missing_anchor_group:welfare|coordination|social value
openalex,information_attention,3,public information social welfare coordination,35,https://openalex.org/W2099071366,10.1109/mcs.2015.2406655,The Problem of Social Control and Coordination of Complex Systems in Sociology: A Look at the Community Cleavage Problem,2015,article,Opinion Dynamics and Social Influence,missing_anchor_group:public information
openalex,information_attention,3,public information social welfare coordination,37,https://openalex.org/W2119597906,10.5840/beq201323215,Shareholder Wealth Maximization and Social Welfare: A Utilitarian Critique,2013,article,Economic Theory and Institutions,missing_anchor_group:public information
openalex,information_attention,3,public information social welfare coordination,38,https://openalex.org/W2308305288,10.1016/s0140-6736(16)00619-x,Public health and international drug policy,2016,article,"HIV, Drug Use, Sexual Risk",missing_anchor_group:public information;missing_anchor_group:welfare|coordination|social value
openalex,information_attention,3,public information social welfare coordination,39,https://openalex.org/W2161933266,10.1093/heapol/czn002,Public social policy development and implementation: a case study of the Ghana National Health Insurance scheme,2007,article,Global Maternal and Child Health,missing_anchor_group:public information;missing_anchor_group:welfare|coordination|social value
openalex,information_attention,3,public information social welfare coordination,40,https://openalex.org/W2145725211,10.1890/110205,A social–ecological approach to conservation planning: embedding social considerations,2013,article,"Conservation, Biodiversity, and Resource Management",missing_anchor_group:public information;missing_anchor_group:welfare|coordination|social value
openalex,information_attention,3,public information social welfare coordination,41,https://openalex.org/W2086756918,10.1080/135017600343160,The viability of advanced welfare states in the international economy: vulnerabilities and options,2000,article,Social Policy and Reform Studies,missing_anchor_group:public information
openalex,information_attention,3,public information social welfare coordination,42,https://openalex.org/W3124315434,10.2139/ssrn.637670,Optimal Degree of Public Information Dissemination,2004,preprint,Opinion Dynamics and Social Influence,missing_anchor_group:welfare|coordination|social value
openalex,information_attention,3,public information social welfare coordination,43,https://openalex.org/W2990272218,10.1016/j.njas.2019.100315,"A review of social science on digital agriculture, smart farming and agriculture 4.0: New contributions and a future research agenda",2019,article,Smart Agriculture and AI,missing_anchor_group:public information;missing_anchor_group:welfare|coordination|social value
openalex,information_attention,3,public information social welfare coordination,44,https://openalex.org/W3013101185,10.3390/su12072931,"Policy Response, Social Media and Science Journalism for the Sustainability of the Public Health System Amid the COVID-19 Outbreak: The Vietnam Lessons",2020,article,COVID-19 Pandemic Impacts,missing_anchor_group:public information;missing_anchor_group:welfare|coordination|social value
openalex,information_attention,3,public information social welfare coordination,45,https://openalex.org/W2112082685,10.1146/annurev-economics-080614-115322,The Evolution of Social Norms,2015,review,Experimental Behavioral Economics Studies,type_not_allowed:review;missing_anchor_group:public information;missing_anchor_group:welfare|coordination|social value
openalex,information_attention,3,public information social welfare coordination,46,https://openalex.org/W3121573257,10.1007/s00199-017-1081-9,The social value of information with an endogenous public signal,2017,article,Economic Policies and Impacts,missing_anchor_group:public information
openalex,information_attention,3,public information social welfare coordination,47,https://openalex.org/W2972013242,10.3390/socsci8090255,Pragmatism as a Research Paradigm and Its Implications for Social Work Research,2019,article,Social Work Education and Practice,missing_anchor_group:public information;missing_anchor_group:welfare|coordination|social value
openalex,information_attention,3,public information social welfare coordination,48,https://openalex.org/W1530287735,,"Social justice in the age of identity politics: redistribution, recognition, participation",1998,preprint,Economic and Social Issues,missing_anchor_group:public information;missing_anchor_group:welfare|coordination|social value
openalex,information_attention,3,public information social welfare coordination,49,https://openalex.org/W2068125738,10.1093/jopart/muh028,Institutional Isomorphism and Public Sector Organizations,2004,article,Nonprofit Sector and Volunteering,missing_anchor_group:public information;missing_anchor_group:welfare|coordination|social value
openalex,information_attention,3,public information social welfare coordination,50,https://openalex.org/W4233283252,10.1016/j.gloenvcha.2006.02.006,Vulnerability,2006,article,"Climate Change, Adaptation, Migration",missing_anchor_group:public information;missing_anchor_group:welfare|coordination|social value
crossref,information_attention,3,public information social welfare coordination,1,10.1177/0019556119640409,10.1177/0019556119640409,Coordination Between State Social Welfare Boards and the State Departments of Social Welfare,1964,journal-article,Indian Journal of Public Administration,missing_anchor_group:public information
crossref,information_attention,3,public information social welfare coordination,2,10.1007/pl00007171,10.1007/pl00007171,Public information and social choice,2000,journal-article,Social Choice and Welfare,missing_anchor_group:welfare|coordination|social value
crossref,information_attention,3,public information social welfare coordination,3,10.9783/9781512801095-002,10.9783/9781512801095-002,I. The problem of Social Welfare Coordination – A Public Administration Viewpoint,1964,book-chapter,Basic Issues in Coordinating Family and Child Welfare Programs,missing_anchor_group:public information
crossref,information_attention,3,public information social welfare coordination,4,10.15855/swp.2017.44.4.188,10.15855/swp.2017.44.4.188,A Study on Public Social Workers' Attitudes toward social security information system(‘Haengbok-eUm’) in Public Welfare Delivery System,2017,journal-article,Social Welfare Policy,missing_anchor_group:public information
crossref,information_attention,3,public information social welfare coordination,5,10.1007/s003550050018,10.1007/s003550050018,"Size and distributional uncertainty, public information and the information paradox",2000,journal-article,Social Choice and Welfare,missing_anchor_group:welfare|coordination|social value
crossref,information_attention,3,public information social welfare coordination,6,10.3138/9781487573898-010,10.3138/9781487573898-010,7. Review: The Role of Public Welfare in a Century of Social Welfare Development,1965,book-chapter,Social Welfare in Ontario 1791–1893,missing_anchor_group:public information
crossref,information_attention,3,public information social welfare coordination,7,10.1332/policypress/9781447337461.003.0002,10.1332/policypress/9781447337461.003.0002,Unequal citizenship? The new social divisions of public welfare,2018,book-chapter,"Welfare, Inequality and Social Citizenship",missing_anchor_group:public information
crossref,information_attention,3,public information social welfare coordination,8,10.1086/643200,10.1086/643200,<i>Studies in Public Welfare: A Staff Study Prepared for the Use of the Subcommittee on Fiscal Policy of the Joint Economic Committee</i>.<i>Issues in the Coordination of Public Welfare Programs</i>.,1974,journal-article,Social Service Review,missing_anchor_group:public information
crossref,information_attention,3,public information social welfare coordination,9,10.46692/9781847421326.011,10.46692/9781847421326.011,"Scandal, welfare and public policy",2005,other,"Scandal, Social Policy and Social Welfare",type_not_allowed:other;missing_anchor_group:public information
crossref,information_attention,3,public information social welfare coordination,10,10.2307/j.ctt9qgxh4.15,10.2307/j.ctt9qgxh4.15,"Scandal, welfare and public policy",,book-chapter,"Scandal, social policy and social welfare",missing_anchor_group:public information
crossref,information_attention,3,public information social welfare coordination,11,10.1057/9781137359636_7,10.1057/9781137359636_7,One-Stop-Shops for Social Welfare: The NAV Office in Norway,2014,book-chapter,Organizing for Coordination in the Public Sector,missing_anchor_group:public information
crossref,information_attention,3,public information social welfare coordination,12,10.20970/kasw.2016.68.1.009,10.20970/kasw.2016.68.1.009,Social Welfare Ethics in the Information Age - Focusing on Dataveillance through Social Welfare Information System -,2016,journal-article,Korean Journal of Social Welfare,missing_anchor_group:public information
crossref,information_attention,3,public information social welfare coordination,13,10.56687/9781847421326-013,10.56687/9781847421326-013,"Ten Scandal, welfare and public policy",2005,book-chapter,"Scandal, social policy and social welfare",missing_anchor_group:public information
crossref,information_attention,3,public information social welfare coordination,14,10.1093/sw/18.1.101,10.1093/sw/18.1.101,Public opinions about public welfare,1973,journal-article,Social Work,missing_anchor_group:public information
crossref,information_attention,3,public information social welfare coordination,15,10.15453/0191-5096.2791,10.15453/0191-5096.2791,"Public Voices and Public Policy: Changing the Societal Discourse on ""Welfare""",2002,journal-article,The Journal of Sociology &amp; Social Welfare,missing_anchor_group:public information
crossref,information_attention,3,public information social welfare coordination,16,10.1787/888932958790,10.1787/888932958790,Figure 2.20. Public spending on social welfare,,component,,type_not_allowed:component;missing_anchor_group:public information
crossref,information_attention,3,public information social welfare coordination,17,10.15709/hswr.2018.38.4.10,10.15709/hswr.2018.38.4.10,"The Use and Coordination of the Medical, Public Health and Social Care Services for the Elderly in Terms of Continuum of Care",2018,journal-article,Health and Social Welfare Review,missing_anchor_group:public information
crossref,information_attention,3,public information social welfare coordination,18,10.47667/ijppr.v4i2.214,10.47667/ijppr.v4i2.214,Implementation of Social Welfare (DTKS) Integrated Data Program through the Next Generation Social Welfare Information System (SIKS NG),2023,journal-article,International Journal Papier Public Review,missing_anchor_group:public information
crossref,information_attention,3,public information social welfare coordination,19,10.3138/9781487573898-004,10.3138/9781487573898-004,1. A Century of Progress in Social Welfare: Background,1965,book-chapter,Social Welfare in Ontario 1791–1893,missing_anchor_group:public information
crossref,information_attention,3,public information social welfare coordination,20,10.4324/9780429503870-7,10.4324/9780429503870-7,Social cohesion through policy coordination,2022,book-chapter,Social Cohesion and Welfare States,missing_anchor_group:public information
crossref,information_attention,3,public information social welfare coordination,21,10.2307/j.ctt9qgp36.13,10.2307/j.ctt9qgp36.13,Welfare economics and public policy:,,book-chapter,Welfare and well-being,missing_anchor_group:public information
crossref,information_attention,3,public information social welfare coordination,22,10.46692/9781847420824.010,10.46692/9781847420824.010,Welfare economics and public policy: ‘sputtering out’,2008,other,Welfare and Well-being,type_not_allowed:other;missing_anchor_group:public information
crossref,information_attention,3,public information social welfare coordination,23,10.1093/sw/14.2.87,10.1093/sw/14.2.87,"Public Welfare, Social Work, and Social Work Education",1969,journal-article,Social Work,missing_anchor_group:public information
crossref,information_attention,3,public information social welfare coordination,24,10.1086/642192,10.1086/642192,<i>Public Welfare Projected</i>. American Public Welfare Association,1967,journal-article,Social Service Review,missing_anchor_group:public information
crossref,information_attention,3,public information social welfare coordination,26,10.2307/972861,10.2307/972861,The Regional Coordination of Defense Health and Welfare Services,1941,journal-article,Public Administration Review,missing_anchor_group:public information
crossref,information_attention,3,public information social welfare coordination,27,10.15453/0191-5096.1614,10.15453/0191-5096.1614,The Coordination Dimensions Scale: A Tool to Assess Interorganizational Relationships,1983,journal-article,The Journal of Sociology &amp; Social Welfare,missing_anchor_group:public information
crossref,information_attention,3,public information social welfare coordination,28,10.46692/9781847421326.005,10.46692/9781847421326.005,"‘Household happiness, gracious children’: Children, welfare and public policy, 1840-1970",2005,other,"Scandal, Social Policy and Social Welfare",type_not_allowed:other;missing_anchor_group:public information
crossref,information_attention,3,public information social welfare coordination,29,10.2307/j.ctt9qgxh4.9,10.2307/j.ctt9qgxh4.9,"‘Household happiness, gracious children’:",,book-chapter,"Scandal, social policy and social welfare",missing_anchor_group:public information;missing_anchor_group:welfare|coordination|social value
crossref,information_attention,3,public information social welfare coordination,30,10.1080/19371918.2015.1046761,10.1080/19371918.2015.1046761,Health Information Technology: An Expanded Care Coordination in Rural Tennessee,2015,journal-article,Social Work in Public Health,missing_anchor_group:public information
crossref,information_attention,3,public information social welfare coordination,31,10.1057/9780230554467_10,10.1057/9780230554467_10,"Scandal, Welfare and Public Policy",2003,book-chapter,"Social Policy, Social Welfare and Scandal",missing_anchor_group:public information
crossref,information_attention,3,public information social welfare coordination,32,10.3138/9781487573898-009,10.3138/9781487573898-009,6. The Welfare of Children,1965,book-chapter,Social Welfare in Ontario 1791–1893,missing_anchor_group:public information
crossref,information_attention,3,public information social welfare coordination,33,10.1007/bf00182448,10.1007/bf00182448,Undominated strategies and coordination in normalform games,1991,journal-article,Social Choice and Welfare,missing_anchor_group:public information
crossref,information_attention,3,public information social welfare coordination,34,10.1093/sw/16.3.83,10.1093/sw/16.3.83,Public Attitudes Toward Welfare,1971,journal-article,Social Work,missing_anchor_group:public information
crossref,information_attention,3,public information social welfare coordination,35,10.1093/sw/11.2.114-c,10.1093/sw/11.2.114-c,Educating for Public Welfare,1966,journal-article,Social Work,missing_anchor_group:public information
crossref,information_attention,3,public information social welfare coordination,36,10.1111/j.1468-2397.2010.00760.x,10.1111/j.1468-2397.2010.00760.x,Putting the ‘public’ into public service delivery for social welfare in South Africa,2011,journal-article,International Journal of Social Welfare,missing_anchor_group:public information
crossref,information_attention,3,public information social welfare coordination,37,10.1093/sw/3.4.38,10.1093/sw/3.4.38,Priorities for Public Welfare,1958,journal-article,Social Work,missing_anchor_group:public information
crossref,information_attention,3,public information social welfare coordination,38,10.1163/2213-2996_flg_s1000000613,10.1163/2213-2996_flg_s1000000613,"Pensions, Public Welfare &amp; Social Security",,dataset,Foreign Law Guide,type_not_allowed:dataset;missing_anchor_group:public information
crossref,information_attention,3,public information social welfare coordination,39,10.1163/2213-2996_flg_1000000613,10.1163/2213-2996_flg_1000000613,"Pensions, Public Welfare &amp; Social Security",,dataset,Foreign Law Guide,type_not_allowed:dataset;missing_anchor_group:public information
crossref,information_attention,3,public information social welfare coordination,40,10.3138/9781487573898-toc,10.3138/9781487573898-toc,Contents,1965,book-chapter,Social Welfare in Ontario 1791–1893,missing_anchor_group:public information;missing_anchor_group:welfare|coordination|social value
crossref,information_attention,3,public information social welfare coordination,41,10.1017/9781788213592.008,10.1017/9781788213592.008,Does soft coordination support welfare states?,2022,other,The European Social Question,type_not_allowed:other;missing_anchor_group:public information
crossref,information_attention,3,public information social welfare coordination,42,10.3138/9781487573898-001,10.3138/9781487573898-001,Preface,1965,book-chapter,Social Welfare in Ontario 1791–1893,missing_anchor_group:public information;missing_anchor_group:welfare|coordination|social value
crossref,information_attention,3,public information social welfare coordination,43,10.3138/9781487573898-fm,10.3138/9781487573898-fm,Frontmatter,1965,book-chapter,Social Welfare in Ontario 1791–1893,missing_anchor_group:public information;missing_anchor_group:welfare|coordination|social value
crossref,information_attention,3,public information social welfare coordination,44,10.3138/9781487573898-014,10.3138/9781487573898-014,Index,1965,book-chapter,Social Welfare in Ontario 1791–1893,missing_anchor_group:public information;missing_anchor_group:welfare|coordination|social value
crossref,information_attention,3,public information social welfare coordination,45,10.3138/9781487573898-003,10.3138/9781487573898-003,Introduction,1965,book-chapter,Social Welfare in Ontario 1791–1893,missing_anchor_group:public information;missing_anchor_group:welfare|coordination|social value
crossref,information_attention,3,public information social welfare coordination,46,10.15453/0191-5096.2161,10.15453/0191-5096.2161,Public Child Welfare Professionals - Those Who Stay,1994,journal-article,The Journal of Sociology &amp; Social Welfare,missing_anchor_group:public information
crossref,information_attention,3,public information social welfare coordination,47,10.4324/9780203166826-11,10.4324/9780203166826-11,"Business coordination, wage bargaining and the welfare state",2004,book-chapter,Comparing Welfare Capitalism,missing_anchor_group:public information
crossref,information_attention,3,public information social welfare coordination,48,10.2991/icpm-14.2014.46,10.2991/icpm-14.2014.46,New Interpretation of Government Information Disclosure - A Perspective of Social Welfare,2014,proceedings-article,Proceedings of the Third International Conference on Public Management 2014,missing_anchor_group:public information
crossref,information_attention,3,public information social welfare coordination,49,10.46692/9781847425805.006,10.46692/9781847425805.006,Social democracy and information,2003,other,Promoting Welfare?,type_not_allowed:other;missing_anchor_group:public information;missing_anchor_group:welfare|coordination|social value
crossref,information_attention,3,public information social welfare coordination,50,10.56687/9781847420824-011,10.56687/9781847420824-011,Nine Welfare economics and public policy: ‘sputtering out’,2008,book-chapter,Welfare and well-being,missing_anchor_group:public information
openalex,backfire_iatrogenic,1,boomerang effect intervention opposite behavior,1,https://openalex.org/W2900058444,10.3389/fpsyg.2018.02180,A Critical Appraisal of the Social Norms Approach as an Interventional Strategy for Health-Related Behavior and Attitude Change,2018,article,Behavioral Health and Interventions,missing_anchor_group:boomerang|backfire
openalex,backfire_iatrogenic,1,boomerang effect intervention opposite behavior,2,https://openalex.org/W2098716691,10.1111/jofi.12258,The Effect of Providing Peer Information on Retirement Savings Decisions,2015,article,"Financial Literacy, Pension, Retirement Analysis",missing_anchor_group:boomerang|backfire;missing_anchor_group:intervention|message|norm|behavior
openalex,backfire_iatrogenic,1,boomerang effect intervention opposite behavior,4,https://openalex.org/W2145868899,10.1016/j.joep.2014.12.003,Like ripples on a pond: Behavioral spillovers and their implications for research and policy,2015,article,Decision-Making and Behavioral Economics,missing_anchor_group:boomerang|backfire
openalex,backfire_iatrogenic,1,boomerang effect intervention opposite behavior,5,https://openalex.org/W2887039808,10.1186/s12992-018-0398-x,Theory and practice of social norms interventions: eight common pitfalls,2018,article,Child Nutrition and Water Access,missing_anchor_group:boomerang|backfire
openalex,backfire_iatrogenic,1,boomerang effect intervention opposite behavior,6,https://openalex.org/W2098875762,10.1002/ab.20000,Evaluation of an intervention program for the reduction of bullying and victimization in schools,2004,article,"Bullying, Victimization, and Aggression",missing_anchor_group:boomerang|backfire
openalex,backfire_iatrogenic,1,boomerang effect intervention opposite behavior,8,https://openalex.org/W2807434211,10.1016/j.avb.2018.05.010,Sexual assault interventions may be doing more harm than good with high-risk males,2018,article,Sexual Assault and Victimization Studies,missing_anchor_group:boomerang|backfire
openalex,backfire_iatrogenic,1,boomerang effect intervention opposite behavior,9,https://openalex.org/W1980611852,10.3916/c37-2011-03-08,The Risk of Emergence of Boomerang Effect in Communication against Violence,2011,article,"Bullying, Victimization, and Aggression",missing_anchor_group:intervention|message|norm|behavior
openalex,backfire_iatrogenic,1,boomerang effect intervention opposite behavior,10,https://openalex.org/W4212932351,10.1007/s11747-022-00842-1,The boomerang effect of zero pricing: when and why a zero price is less effective than a low price for enhancing consumer demand,2022,article,Consumer Market Behavior and Pricing,missing_anchor_group:intervention|message|norm|behavior
openalex,backfire_iatrogenic,1,boomerang effect intervention opposite behavior,11,https://openalex.org/W2795338198,10.3390/en11040770,Impact Analysis of Customized Feedback Interventions on Residential Electricity Load Consumption Behavior for Demand Response,2018,article,Environmental Education and Sustainability,missing_anchor_group:boomerang|backfire
openalex,backfire_iatrogenic,1,boomerang effect intervention opposite behavior,12,https://openalex.org/W4210398304,10.1007/s11109-021-09769-9,Exposure to Extremely Partisan News from the Other Political Side Shows Scarce Boomerang Effects,2022,article,Social Media and Politics,missing_anchor_group:intervention|message|norm|behavior
openalex,backfire_iatrogenic,1,boomerang effect intervention opposite behavior,13,https://openalex.org/W2048292419,10.1016/j.aap.2013.11.017,Evaluating a novice driver and pre-driver road safety intervention,2013,article,Traffic and Road Safety,missing_anchor_group:boomerang|backfire
openalex,backfire_iatrogenic,1,boomerang effect intervention opposite behavior,14,https://openalex.org/W2041926342,10.1001/archinternmed.2009.64,Effect of Exposure to Small Pharmaceutical Promotional Items on Treatment Preferences,2009,article,Pharmaceutical industry and healthcare,missing_anchor_group:boomerang|backfire;missing_anchor_group:intervention|message|norm|behavior
openalex,backfire_iatrogenic,1,boomerang effect intervention opposite behavior,15,https://openalex.org/W2158659525,10.1017/s0020818313000337,"Stigma Management in International Relations: Transgressive Identities, Norms, and Order in International Society",2014,article,International Development and Aid,missing_anchor_group:boomerang|backfire
openalex,backfire_iatrogenic,1,boomerang effect intervention opposite behavior,16,https://openalex.org/W2165065612,10.1093/ntr/ntn033,The effect of smoking cues in antismoking advertisements on smoking urge and psychophysiological reactions,2009,article,Smoking Behavior and Cessation,missing_anchor_group:boomerang|backfire;missing_anchor_group:intervention|message|norm|behavior
openalex,backfire_iatrogenic,1,boomerang effect intervention opposite behavior,17,https://openalex.org/W3003606046,10.1177/1529100620946707,Citizens Versus the Internet: Confronting Digital Challenges With Cognitive Tools,2020,article,Misinformation and Its Impacts,missing_anchor_group:boomerang|backfire;missing_anchor_group:intervention|message|norm|behavior
openalex,backfire_iatrogenic,1,boomerang effect intervention opposite behavior,18,https://openalex.org/W2037899284,10.1155/2014/983495,The Weight-Inclusive versus Weight-Normative Approach to Health: Evaluating the Evidence for Prioritizing Well-Being over Weight Loss,2014,article,Obesity and Health Practices,missing_anchor_group:boomerang|backfire
openalex,backfire_iatrogenic,1,boomerang effect intervention opposite behavior,19,https://openalex.org/W1969577117,10.1016/j.eurpsy.2005.04.004,"Mental illness stigma: Concepts, consequences, and initiatives to reduce stigma",2005,article,Mental Health Treatment and Access,missing_anchor_group:boomerang|backfire;missing_anchor_group:intervention|message|norm|behavior
openalex,backfire_iatrogenic,1,boomerang effect intervention opposite behavior,20,https://openalex.org/W2923809540,10.17159/sajs.2019/5585,Communication on rhino poaching: Precautionary lessons about backfires and boomerangs,2019,article,Advanced Chemical Sensor Technologies,missing_anchor_group:intervention|message|norm|behavior
openalex,backfire_iatrogenic,1,boomerang effect intervention opposite behavior,21,https://openalex.org/W3178745970,10.1086/715524,The Use of Green Nudges as an Environmental Policy Instrument,2021,article,Environmental Education and Sustainability,missing_anchor_group:boomerang|backfire;missing_anchor_group:intervention|message|norm|behavior
openalex,backfire_iatrogenic,1,boomerang effect intervention opposite behavior,22,https://openalex.org/W3046904096,10.1177/1461444820946455,Fighting biased news diets: Using news media literacy interventions to stimulate online cross-cutting media exposure patterns,2020,article,Social Media and Politics,missing_anchor_group:boomerang|backfire
openalex,backfire_iatrogenic,1,boomerang effect intervention opposite behavior,23,https://openalex.org/W3117418837,10.1371/journal.pone.0244292,Can eating pleasure be a lever for healthy eating? A systematic scoping review of eating pleasure and its links with dietary behaviors and health,2020,article,Eating Disorders and Behaviors,missing_anchor_group:boomerang|backfire
openalex,backfire_iatrogenic,1,boomerang effect intervention opposite behavior,24,https://openalex.org/W4361275037,10.1016/j.cresp.2023.100098,Reducing single-use plastic on college campuses: Theory of planned behavior-based brief interventions,2023,article,Environmental Education and Sustainability,missing_anchor_group:boomerang|backfire
openalex,backfire_iatrogenic,1,boomerang effect intervention opposite behavior,25,https://openalex.org/W173153580,10.4000/ejts.3774,Turkish Trade Unions and the European Boomerang,2009,article,European Union Policy and Governance,missing_anchor_group:intervention|message|norm|behavior
openalex,backfire_iatrogenic,1,boomerang effect intervention opposite behavior,26,https://openalex.org/W3138181456,10.1037/lhb0000438,Anchoring effect in legal decision-making: A meta-analysis.,2021,article,Decision-Making and Behavioral Economics,missing_anchor_group:boomerang|backfire;missing_anchor_group:intervention|message|norm|behavior
openalex,backfire_iatrogenic,1,boomerang effect intervention opposite behavior,27,https://openalex.org/W2952361427,10.1016/j.tranpol.2019.06.012,Applying a motivational stage-based approach in order to study a temporary free public transport intervention,2019,article,Urban Transport and Accessibility,missing_anchor_group:boomerang|backfire
openalex,backfire_iatrogenic,1,boomerang effect intervention opposite behavior,28,https://openalex.org/W2612995886,10.3389/fpsyg.2017.00749,The Effectiveness of a New School-Based Media Literacy Intervention on Adolescents’ Doping Attitudes and Supplements Use,2017,article,Doping in Sports,missing_anchor_group:boomerang|backfire
openalex,backfire_iatrogenic,1,boomerang effect intervention opposite behavior,29,https://openalex.org/W2969978860,10.1007/s13280-019-01230-w,Can school children influence adults’ behavior toward jaguars? Evidence of intergenerational learning in education for conservation,2019,article,Animal and Plant Science Education,missing_anchor_group:boomerang|backfire
openalex,backfire_iatrogenic,1,boomerang effect intervention opposite behavior,30,https://openalex.org/W4385638072,10.3389/fcomm.2023.1194099,Addressing illegal practices: intergenerational transfer and creative engagement as a way to compensate boomerang effects,2023,article,Environmental Education and Sustainability,missing_anchor_group:intervention|message|norm|behavior
openalex,backfire_iatrogenic,1,boomerang effect intervention opposite behavior,31,https://openalex.org/W3041043908,10.3389/fpsyg.2020.01603,Environmentally Sustainable Food Consumption: A Review and Research Agenda From a Goal-Directed Perspective,2020,article,Environmental Education and Sustainability,missing_anchor_group:boomerang|backfire;missing_anchor_group:intervention|message|norm|behavior
openalex,backfire_iatrogenic,1,boomerang effect intervention opposite behavior,32,https://openalex.org/W1943210491,10.1002/oby.21201,Self‐comparisons as motivators for healthy behavior,2015,article,Behavioral Health and Interventions,missing_anchor_group:boomerang|backfire
openalex,backfire_iatrogenic,1,boomerang effect intervention opposite behavior,33,https://openalex.org/W3160057991,10.31234/osf.io/k23cv,Politicizing the COVID-19 Pandemic: Ideological Differences in Adherence to Social Distancing,2020,preprint,Misinformation and Its Impacts,missing_anchor_group:boomerang|backfire;missing_anchor_group:intervention|message|norm|behavior
openalex,backfire_iatrogenic,1,boomerang effect intervention opposite behavior,34,https://openalex.org/W4286517166,10.1016/j.jclepro.2022.133246,Who can nudge for sustainable development? How nudge source renders dynamic norms (in-)effective in eliciting sustainable behavior,2022,article,Environmental Education and Sustainability,missing_anchor_group:boomerang|backfire
openalex,backfire_iatrogenic,1,boomerang effect intervention opposite behavior,35,https://openalex.org/W2527129411,10.1027/1864-1105/a000181,"Idealized Female Beauty, Social Comparisons, and Awareness Intervention Material",2016,article,Eating Disorders and Behaviors,missing_anchor_group:boomerang|backfire
openalex,backfire_iatrogenic,1,boomerang effect intervention opposite behavior,36,https://openalex.org/W4365999202,10.1145/3579520,Reviewing Interventions to Address Misinformation: The Need to Expand Our Vision Beyond an Individualistic Focus,2023,article,Misinformation and Its Impacts,missing_anchor_group:boomerang|backfire
openalex,backfire_iatrogenic,1,boomerang effect intervention opposite behavior,37,https://openalex.org/W2770744146,10.1016/j.econedurev.2018.03.008,Nudging in education,2018,article,Psychological and Educational Research Studies,missing_anchor_group:boomerang|backfire;missing_anchor_group:intervention|message|norm|behavior
openalex,backfire_iatrogenic,1,boomerang effect intervention opposite behavior,38,https://openalex.org/W2106563321,10.2307/3518833,Humanitarian Intervention and Pretexts for War,2006,article,Global Peace and Security Dynamics,missing_anchor_group:boomerang|backfire
openalex,backfire_iatrogenic,1,boomerang effect intervention opposite behavior,39,https://openalex.org/W2023372691,10.1029/97jc01444,Progress during TOGA in understanding and modeling global teleconnections associated with tropical sea surface temperatures,1998,article,Climate variability and models,missing_anchor_group:boomerang|backfire;missing_anchor_group:intervention|message|norm|behavior
openalex,backfire_iatrogenic,1,boomerang effect intervention opposite behavior,40,https://openalex.org/W1489050721,,Under the influence: The damaging effect of alcohol marketing on young people,2009,report,"Education, Sociology, Communication Studies",missing_anchor_group:boomerang|backfire;missing_anchor_group:intervention|message|norm|behavior
openalex,backfire_iatrogenic,1,boomerang effect intervention opposite behavior,41,https://openalex.org/W2987413554,10.1111/sipr.12061,Public Communication as a Tool to Implement Environmental Policies,2019,article,Environmental Education and Sustainability,missing_anchor_group:boomerang|backfire;missing_anchor_group:intervention|message|norm|behavior
openalex,backfire_iatrogenic,1,boomerang effect intervention opposite behavior,42,https://openalex.org/W4387721553,10.1016/j.jbusres.2023.114341,The effect of message framing on young adult consumers’ sustainable fashion consumption: The role of anticipated emotions and perceived ethicality,2023,article,Consumer Behavior in Brand Consumption and Identification,missing_anchor_group:boomerang|backfire
openalex,backfire_iatrogenic,1,boomerang effect intervention opposite behavior,43,https://openalex.org/W2517499600,10.1177/0193841x16666196,Design Effectiveness Analysis of a Media Literacy Intervention to Reduce Violent Video Games Consumption Among Adolescents,2016,article,"Bullying, Victimization, and Aggression",missing_anchor_group:boomerang|backfire
openalex,backfire_iatrogenic,1,boomerang effect intervention opposite behavior,44,https://openalex.org/W2257520161,10.1093/qje/qjv016,International Liquidity and Exchange Rate Dynamics *,2015,article,Monetary Policy and Economic Impact,missing_anchor_group:boomerang|backfire;missing_anchor_group:intervention|message|norm|behavior
openalex,backfire_iatrogenic,1,boomerang effect intervention opposite behavior,45,https://openalex.org/W4396696270,10.1016/j.tranpol.2024.05.005,Enhancing public transport use: The influence of soft pull interventions,2024,article,Urban Transport and Accessibility,missing_anchor_group:boomerang|backfire
openalex,backfire_iatrogenic,1,boomerang effect intervention opposite behavior,46,https://openalex.org/W1995944918,10.1509/jppm.29.2.265,Understanding how Graphic Pictorial Warnings Work on Cigarette Packaging,2010,article,Smoking Behavior and Cessation,missing_anchor_group:boomerang|backfire;missing_anchor_group:intervention|message|norm|behavior
openalex,backfire_iatrogenic,1,boomerang effect intervention opposite behavior,47,https://openalex.org/W227933300,,The Sentencing Boomerang: Drug Prohibition Politics and Reform,1995,article,"Law, Rights, and Freedoms",missing_anchor_group:intervention|message|norm|behavior
openalex,backfire_iatrogenic,1,boomerang effect intervention opposite behavior,48,https://openalex.org/W2543910568,,The economics of cybersecurity: Boomerang effects from misaligned incentives,2016,dissertation,Information and Cyber Security,missing_anchor_group:intervention|message|norm|behavior
openalex,backfire_iatrogenic,1,boomerang effect intervention opposite behavior,49,https://openalex.org/W4391612317,10.1016/j.jclinepi.2024.111275,Recording harms in randomized controlled trials of behavior change interventions: a scoping review and map of the evidence,2024,article,Health Policy Implementation Science,missing_anchor_group:boomerang|backfire
openalex,backfire_iatrogenic,1,boomerang effect intervention opposite behavior,50,https://openalex.org/W2596136491,10.1093/reep/rez009,Cooperation in the Climate Commons,2019,article,Climate Change Policy and Economics,missing_anchor_group:boomerang|backfire;missing_anchor_group:intervention|message|norm|behavior
crossref,backfire_iatrogenic,1,boomerang effect intervention opposite behavior,2,10.1515/9780228015420-002,10.1515/9780228015420-002,The Boomerang Effect of Decolonization,2023,book-chapter,The Boomerang Effect of Decolonization,missing_anchor_group:intervention|message|norm|behavior
crossref,backfire_iatrogenic,1,boomerang effect intervention opposite behavior,3,10.31234/osf.io/ae756,10.31234/osf.io/ae756,"Backfiring, reactance, boomerang, spillovers, and rebound effects: Can we learn anything from examples where nudges do the opposite of what they intended?",2020,posted-content,,missing_anchor_group:intervention|message|norm|behavior
crossref,backfire_iatrogenic,1,boomerang effect intervention opposite behavior,4,10.2307/j.ctv37mk2cn.4,10.2307/j.ctv37mk2cn.4,INTRODUCTION:,2023,book-chapter,The Boomerang Effect of Decolonization,missing_anchor_group:boomerang|backfire;missing_anchor_group:intervention|message|norm|behavior
crossref,backfire_iatrogenic,1,boomerang effect intervention opposite behavior,5,10.4324/9781315149806-1,10.4324/9781315149806-1,The boomerang effect,2018,book-chapter,"Water, Climate Change and the Boomerang Effect",missing_anchor_group:intervention|message|norm|behavior
crossref,backfire_iatrogenic,1,boomerang effect intervention opposite behavior,6,10.70675/198c616fz06b3z45baza472z44b7a6a54dc6,10.70675/198c616fz06b3z45baza472z44b7a6a54dc6,Quantum boomerang effect in disordered ultra-cold atomic gases,,dissertation,,missing_anchor_group:intervention|message|norm|behavior
crossref,backfire_iatrogenic,1,boomerang effect intervention opposite behavior,7,10.1109/mercon60487.2023.10355393,10.1109/mercon60487.2023.10355393,Flight Dynamics of A ‘V’ Shape Boomerang: Effect of Wind on Boomerang Trajectory,2023,proceedings-article,2023 Moratuwa Engineering Research Conference (MERCon),missing_anchor_group:intervention|message|norm|behavior
crossref,backfire_iatrogenic,1,boomerang effect intervention opposite behavior,8,10.1332/policypress/9781447338956.003.0003,10.1332/policypress/9781447338956.003.0003,‘Boomerang effect’: the bottleneck of public policy analysis in Turkey,2018,book-chapter,Policy Analysis in Turkey,missing_anchor_group:intervention|message|norm|behavior
crossref,backfire_iatrogenic,1,boomerang effect intervention opposite behavior,9,10.1351/goldbook.14507,10.1351/goldbook.14507,boomerang effect,2025,book-section,The IUPAC Compendium of Chemical Terminology,type_not_allowed:book-section;missing_anchor_group:intervention|message|norm|behavior
crossref,backfire_iatrogenic,1,boomerang effect intervention opposite behavior,10,10.54377/b4c4-310f,10.54377/b4c4-310f,Hot cities and the boomerang effect,2023,report,,missing_anchor_group:intervention|message|norm|behavior
crossref,backfire_iatrogenic,1,boomerang effect intervention opposite behavior,11,10.2139/ssrn.5373774,10.2139/ssrn.5373774,The Boomerang Tariffs Effect on the U.S. Economy,2025,posted-content,,missing_anchor_group:intervention|message|norm|behavior
crossref,backfire_iatrogenic,1,boomerang effect intervention opposite behavior,12,10.1037/e505902008-001,10.1037/e505902008-001,Boomerang Effect: Competitive Processing and Construct Activation,2008,dataset,PsycEXTRA Dataset,type_not_allowed:dataset;missing_anchor_group:intervention|message|norm|behavior
crossref,backfire_iatrogenic,1,boomerang effect intervention opposite behavior,14,10.1093/gmo/9781561592630.article.l2275281,10.1093/gmo/9781561592630.article.l2275281,Boomerang clapsticks,2015,reference-book,Oxford Music Online,type_not_allowed:reference-book;missing_anchor_group:intervention|message|norm|behavior
crossref,backfire_iatrogenic,1,boomerang effect intervention opposite behavior,15,10.1515/9780228015420-004,10.1515/9780228015420-004,Boomerang Epistemologies,2023,book-chapter,The Boomerang Effect of Decolonization,missing_anchor_group:intervention|message|norm|behavior
crossref,backfire_iatrogenic,1,boomerang effect intervention opposite behavior,16,10.1515/9780228015420-001,10.1515/9780228015420-001,Acknowledgments,2023,book-chapter,The Boomerang Effect of Decolonization,missing_anchor_group:boomerang|backfire;missing_anchor_group:intervention|message|norm|behavior
crossref,backfire_iatrogenic,1,boomerang effect intervention opposite behavior,17,10.1515/9780228015420-010,10.1515/9780228015420-010,Contributors,2023,book-chapter,The Boomerang Effect of Decolonization,missing_anchor_group:boomerang|backfire;missing_anchor_group:intervention|message|norm|behavior
crossref,backfire_iatrogenic,1,boomerang effect intervention opposite behavior,18,10.2224/sbp.1996.24.3.215,10.2224/sbp.1996.24.3.215,A RELIGIOUS FEMALE WHO ENGAGES IN CASUAL SEX: EVIDENCE OF A BOOMERANG EFFECT,1996,journal-article,Social Behavior and Personality: an international journal,missing_anchor_group:intervention|message|norm|behavior
crossref,backfire_iatrogenic,1,boomerang effect intervention opposite behavior,19,10.1021/acsnano.8b09161.s001,10.1021/acsnano.8b09161.s001,The Opposite Anisotropic Piezoresistive Effect of ReS2,,component,,type_not_allowed:component;missing_anchor_group:boomerang|backfire;missing_anchor_group:intervention|message|norm|behavior
crossref,backfire_iatrogenic,1,boomerang effect intervention opposite behavior,20,10.1038/scientificamerican0700-14,10.1038/scientificamerican0700-14,Boomerang Effect,2000,journal-article,Scientific American,missing_anchor_group:intervention|message|norm|behavior
crossref,backfire_iatrogenic,1,boomerang effect intervention opposite behavior,21,10.1515/9780228015420,10.1515/9780228015420,The Boomerang Effect of Decolonization,2023,edited-book,,type_not_allowed:edited-book;missing_anchor_group:intervention|message|norm|behavior
crossref,backfire_iatrogenic,1,boomerang effect intervention opposite behavior,22,10.1515/9780228015420-fm,10.1515/9780228015420-fm,Front Matter,2023,book-chapter,The Boomerang Effect of Decolonization,missing_anchor_group:boomerang|backfire;missing_anchor_group:intervention|message|norm|behavior
crossref,backfire_iatrogenic,1,boomerang effect intervention opposite behavior,23,10.2307/j.ctv37mk2cn.6,10.2307/j.ctv37mk2cn.6,Boomerang Epistemologies:,2023,book-chapter,The Boomerang Effect of Decolonization,missing_anchor_group:intervention|message|norm|behavior
crossref,backfire_iatrogenic,1,boomerang effect intervention opposite behavior,24,10.1515/9780228015420-011,10.1515/9780228015420-011,Index,2023,book-chapter,The Boomerang Effect of Decolonization,missing_anchor_group:boomerang|backfire;missing_anchor_group:intervention|message|norm|behavior
crossref,backfire_iatrogenic,1,boomerang effect intervention opposite behavior,25,10.4324/9781315149806,10.4324/9781315149806,"Water, Climate Change and the Boomerang Effect",2018,monograph,,missing_anchor_group:intervention|message|norm|behavior
crossref,backfire_iatrogenic,1,boomerang effect intervention opposite behavior,26,10.1515/9780228015420-toc,10.1515/9780228015420-toc,Contents,2023,book-chapter,The Boomerang Effect of Decolonization,missing_anchor_group:boomerang|backfire;missing_anchor_group:intervention|message|norm|behavior
crossref,backfire_iatrogenic,1,boomerang effect intervention opposite behavior,28,10.4324/9780203808856-19,10.4324/9780203808856-19,The Boomerang Effect of Spanking,2013,book-chapter,The Primordial Violence,missing_anchor_group:intervention|message|norm|behavior
crossref,backfire_iatrogenic,1,boomerang effect intervention opposite behavior,29,10.1057/9781137324054.0021,10.1057/9781137324054.0021,The Resilience and Boomerang Effect of Chocolate,,book-chapter,"Global Goods and the Spanish Empire, 1492-1824",missing_anchor_group:intervention|message|norm|behavior
crossref,backfire_iatrogenic,1,boomerang effect intervention opposite behavior,30,10.22874/kaba.2021.8.3.1,10.22874/kaba.2021.8.3.1,Effect of a Precursor-Based Intervention with Multiple-Schedules on Self-Injurious Behavior: A Case Study,2021,journal-article,Korean Association for Behavior Analysis,missing_anchor_group:boomerang|backfire
crossref,backfire_iatrogenic,1,boomerang effect intervention opposite behavior,31,10.5840/arendtstudies20245658,10.5840/arendtstudies20245658,What Returns? Comprehending the “Boomerang Effect”,2024,journal-article,Arendt Studies,missing_anchor_group:intervention|message|norm|behavior
crossref,backfire_iatrogenic,1,boomerang effect intervention opposite behavior,32,10.2307/j.ctv37mk2cn.3,10.2307/j.ctv37mk2cn.3,Acknowledgments,2023,book-chapter,The Boomerang Effect of Decolonization,missing_anchor_group:boomerang|backfire;missing_anchor_group:intervention|message|norm|behavior
crossref,backfire_iatrogenic,1,boomerang effect intervention opposite behavior,33,10.2139/ssrn.273012,10.2139/ssrn.273012,"A Dynamic Analysis of Licensing: The ""Boomerang"" Effect and Grant-Back Clauses",2001,posted-content,,missing_anchor_group:intervention|message|norm|behavior
crossref,backfire_iatrogenic,1,boomerang effect intervention opposite behavior,34,10.5040/9781978747470.0018,10.5040/9781978747470.0018,Boomerang Effect,2025,other,Hopeful Political Imagination,type_not_allowed:other;missing_anchor_group:intervention|message|norm|behavior
crossref,backfire_iatrogenic,1,boomerang effect intervention opposite behavior,35,10.17315/kjhp.2016.21.4.004,10.17315/kjhp.2016.21.4.004,The Effect of Opposite Sex Stimuli on Chasing Behavior in Gambling Game,2016,journal-article,Korean Journal of Health Psychology,missing_anchor_group:boomerang|backfire
crossref,backfire_iatrogenic,1,boomerang effect intervention opposite behavior,36,10.2307/j.ctv37mk2cn.13,10.2307/j.ctv37mk2cn.13,Index,2023,book-chapter,The Boomerang Effect of Decolonization,missing_anchor_group:boomerang|backfire;missing_anchor_group:intervention|message|norm|behavior
crossref,backfire_iatrogenic,1,boomerang effect intervention opposite behavior,37,10.2307/j.ctv37mk2cn.1,10.2307/j.ctv37mk2cn.1,Front Matter,2023,book-chapter,The Boomerang Effect of Decolonization,missing_anchor_group:boomerang|backfire;missing_anchor_group:intervention|message|norm|behavior
crossref,backfire_iatrogenic,1,boomerang effect intervention opposite behavior,38,10.2307/j.ctv37mk2cn,10.2307/j.ctv37mk2cn,The Boomerang Effect of Decolonization,2023,monograph,,missing_anchor_group:intervention|message|norm|behavior
crossref,backfire_iatrogenic,1,boomerang effect intervention opposite behavior,39,10.2307/j.ctv37mk2cn.12,10.2307/j.ctv37mk2cn.12,Contributors,2023,book-chapter,The Boomerang Effect of Decolonization,missing_anchor_group:boomerang|backfire;missing_anchor_group:intervention|message|norm|behavior
crossref,backfire_iatrogenic,1,boomerang effect intervention opposite behavior,40,10.2307/jj.17634939.5,10.2307/jj.17634939.5,The Boomerang Effect,2009,book-chapter,Medium is the Maker,missing_anchor_group:intervention|message|norm|behavior
crossref,backfire_iatrogenic,1,boomerang effect intervention opposite behavior,41,10.1542/peds.88.5.1078a,10.1542/peds.88.5.1078a,Boomerang Effect of Drug Education Programs,1991,journal-article,Pediatrics,missing_anchor_group:intervention|message|norm|behavior
crossref,backfire_iatrogenic,1,boomerang effect intervention opposite behavior,42,10.1016/0091-3057(90)90229-b,10.1016/0091-3057(90)90229-b,Paeker and Radow test of drug withdrawal aversion: Opposite effect in rats chronically infused with sufentanil or amphetamine,1990,journal-article,Pharmacology Biochemistry and Behavior,missing_anchor_group:boomerang|backfire;missing_anchor_group:intervention|message|norm|behavior
crossref,backfire_iatrogenic,1,boomerang effect intervention opposite behavior,43,10.1007/bf02928704,10.1007/bf02928704,Compensation — Formula with boomerang effect,1977,journal-article,Intereconomics,missing_anchor_group:intervention|message|norm|behavior
crossref,backfire_iatrogenic,1,boomerang effect intervention opposite behavior,44,10.2307/j.ctv37mk2cn.2,10.2307/j.ctv37mk2cn.2,Table of Contents,2023,book-chapter,The Boomerang Effect of Decolonization,missing_anchor_group:boomerang|backfire;missing_anchor_group:intervention|message|norm|behavior
crossref,backfire_iatrogenic,1,boomerang effect intervention opposite behavior,45,10.32469/10355/70156,10.32469/10355/70156,Effect of class wide function-based intervention teams (CW-FIT) and the good behavior game (GBG) intervention with children in a classroom,,dissertation,,missing_anchor_group:boomerang|backfire
crossref,backfire_iatrogenic,1,boomerang effect intervention opposite behavior,46,10.2139/ssrn.6184981,10.2139/ssrn.6184981,Fund Managers' Gender Bias: The Boomerang Effect They Didn't See Coming,2026,posted-content,,missing_anchor_group:intervention|message|norm|behavior
crossref,backfire_iatrogenic,1,boomerang effect intervention opposite behavior,47,10.1037/e520462009-001,10.1037/e520462009-001,"The ""boomerang effect"" in persuasive communication: A lamentable failure to produce",1970,dataset,PsycEXTRA Dataset,type_not_allowed:dataset;missing_anchor_group:intervention|message|norm|behavior
crossref,backfire_iatrogenic,1,boomerang effect intervention opposite behavior,48,10.46692/9781447338963.004,10.46692/9781447338963.004,‘Boomerang effect’: the bottleneck of public policy analysis in Turkey,2018,other,Policy Analysis in Turkey,type_not_allowed:other;missing_anchor_group:intervention|message|norm|behavior
crossref,backfire_iatrogenic,1,boomerang effect intervention opposite behavior,49,10.1007/bf01067432,10.1007/bf01067432,Sensation seeking in opposite-sex twins: An effect of prenatal hormones?,1993,journal-article,Behavior Genetics,missing_anchor_group:boomerang|backfire;missing_anchor_group:intervention|message|norm|behavior
crossref,backfire_iatrogenic,1,boomerang effect intervention opposite behavior,50,10.4324/9781315099491-12,10.4324/9781315099491-12,Global warming as an ontological boomerang effect,2017,book-chapter,African Philosophy and Environmental Conservation,missing_anchor_group:intervention|message|norm|behavior
openalex,backfire_iatrogenic,2,iatrogenic psychological intervention harm,1,https://openalex.org/W2091790221,10.1007/s12671-013-0260-4,Mindfulness Interventions with Youth: A Meta-Analysis,2014,review,Mindfulness and Compassion Interventions,type_not_allowed:review;missing_anchor_group:iatrogenic
openalex,backfire_iatrogenic,2,iatrogenic psychological intervention harm,2,https://openalex.org/W2074998508,10.1037/a0015643,Negative effects from psychological treatments: A perspective.,2010,article,Psychotherapy Techniques and Applications,missing_anchor_group:iatrogenic
openalex,backfire_iatrogenic,2,iatrogenic psychological intervention harm,4,https://openalex.org/W2805331168,10.1001/jamaneurol.2018.1264,Current Concepts in Diagnosis and Treatment of Functional Neurological Disorders,2018,article,Psychosomatic Disorders and Their Treatments,missing_anchor_group:iatrogenic
openalex,backfire_iatrogenic,2,iatrogenic psychological intervention harm,5,https://openalex.org/W2415050857,10.1002/14651858.cd012189,Psychosocial interventions for self-harm in adults,2016,article,Suicide and Self-Harm Studies,missing_anchor_group:iatrogenic
openalex,backfire_iatrogenic,2,iatrogenic psychological intervention harm,7,https://openalex.org/W2037294869,10.1378/chest.10-0466,Reducing Iatrogenic Risks,2010,article,Intensive Care Unit Cognitive Disorders,missing_anchor_group:treatment|therapy|intervention|harm
openalex,backfire_iatrogenic,2,iatrogenic psychological intervention harm,8,https://openalex.org/W2465454303,10.1111/bcp.12975,The feasibility and effect of deprescribing in older adults on mortality and health: a systematic review and meta‐analysis,2016,review,Pharmaceutical Practices and Patient Outcomes,type_not_allowed:review;missing_anchor_group:iatrogenic;missing_anchor_group:treatment|therapy|intervention|harm
openalex,backfire_iatrogenic,2,iatrogenic psychological intervention harm,9,https://openalex.org/W2883850069,10.1159/000490574,Methodological Recommendations for Trials of Psychological Interventions,2018,article,Mental Health Research Topics,missing_anchor_group:iatrogenic
openalex,backfire_iatrogenic,2,iatrogenic psychological intervention harm,10,https://openalex.org/W4253966971,10.1002/14651858.cd012955.pub2,Psychological therapies for people with borderline personality disorder,2020,article,Personality Disorders and Psychopathology,missing_anchor_group:iatrogenic;missing_anchor_group:treatment|therapy|intervention|harm
openalex,backfire_iatrogenic,2,iatrogenic psychological intervention harm,12,https://openalex.org/W1991550933,10.1016/j.jaac.2014.07.003,Dialectical Behavior Therapy for Adolescents With Repeated Suicidal and Self-harming Behavior: A Randomized Trial,2014,article,Personality Disorders and Psychopathology,missing_anchor_group:iatrogenic
openalex,backfire_iatrogenic,2,iatrogenic psychological intervention harm,13,https://openalex.org/W2149770183,10.1136/jech-2014-204671,‘Dark logic’: theorising the harmful consequences of public health interventions,2014,article,Eating Disorders and Behaviors,missing_anchor_group:iatrogenic
openalex,backfire_iatrogenic,2,iatrogenic psychological intervention harm,14,https://openalex.org/W2958795513,10.1136/bmj.l4185,"Prevalence, severity, and nature of preventable patient harm across medical care settings: systematic review and meta-analysis",2019,review,Patient Safety and Medication Errors,type_not_allowed:review;missing_anchor_group:iatrogenic
openalex,backfire_iatrogenic,2,iatrogenic psychological intervention harm,15,https://openalex.org/W1596985037,10.1111/j.1365-2125.2012.04418.x,Benzodiazepine harm: how can it be reduced?,2012,article,Sleep and Wakefulness Research,missing_anchor_group:iatrogenic
openalex,backfire_iatrogenic,2,iatrogenic psychological intervention harm,16,https://openalex.org/W2789137369,10.1016/s2215-0366(17)30513-8,The Lancet Psychiatry Commission on psychological treatments research in tomorrow's science,2018,article,Mental Health Research Topics,missing_anchor_group:iatrogenic
openalex,backfire_iatrogenic,2,iatrogenic psychological intervention harm,18,https://openalex.org/W4211012507,10.1002/14651858.cd013668.pub2,Psychosocial interventions for self-harm in adults,2021,article,Suicide and Self-Harm Studies,missing_anchor_group:iatrogenic
openalex,backfire_iatrogenic,2,iatrogenic psychological intervention harm,19,https://openalex.org/W2142901177,10.1002/14651858.cd008165.pub3,Interventions to improve the appropriate use of polypharmacy for older people,2014,article,Pharmaceutical Practices and Patient Outcomes,missing_anchor_group:iatrogenic
openalex,backfire_iatrogenic,2,iatrogenic psychological intervention harm,21,https://openalex.org/W2946703117,10.1159/000500151,Iatrogenic Factors in Psychopathology,2019,article,Treatment of Major Depression,missing_anchor_group:treatment|therapy|intervention|harm
openalex,backfire_iatrogenic,2,iatrogenic psychological intervention harm,22,https://openalex.org/W2896921551,10.1093/cybsec/tyy006,A taxonomy of cyber-harms: Defining the impacts of cyber-attacks and understanding how they propagate,2018,article,Information and Cyber Security,missing_anchor_group:iatrogenic
openalex,backfire_iatrogenic,2,iatrogenic psychological intervention harm,23,https://openalex.org/W1590650015,10.1002/j.2051-5545.2008.tb00182.x,"Early intervention in psychosis: concepts, evidence and future directions",2008,article,Schizophrenia research and treatment,missing_anchor_group:iatrogenic
openalex,backfire_iatrogenic,2,iatrogenic psychological intervention harm,25,https://openalex.org/W3062789503,10.1371/journal.pmed.1003262,Psychological and pharmacological interventions for posttraumatic stress disorder and comorbid mental health problems following complex traumatic events: Systematic review and component network meta-analysis,2020,review,Posttraumatic Stress Disorder Research,type_not_allowed:review;missing_anchor_group:iatrogenic
openalex,backfire_iatrogenic,2,iatrogenic psychological intervention harm,26,https://openalex.org/W2122853676,10.1136/jech-2013-203118,Adverse effects of public health interventions: a conceptual framework,2013,article,Public Health Policies and Education,missing_anchor_group:iatrogenic
openalex,backfire_iatrogenic,2,iatrogenic psychological intervention harm,27,https://openalex.org/W2153054970,10.1001/jamainternmed.2015.0324,Reducing Inappropriate Polypharmacy,2015,article,Pharmaceutical Practices and Patient Outcomes,missing_anchor_group:iatrogenic
openalex,backfire_iatrogenic,2,iatrogenic psychological intervention harm,28,https://openalex.org/W1507511213,10.4161/dish.26006,Psychological First Aid,2013,article,Disaster Response and Management,missing_anchor_group:iatrogenic;missing_anchor_group:treatment|therapy|intervention|harm
openalex,backfire_iatrogenic,2,iatrogenic psychological intervention harm,31,https://openalex.org/W3133596586,10.1016/j.jclinepi.2021.03.002,"Adverse event recording failed to reflect potential harms: a review of trial protocols of behavioral, lifestyle and psychological therapy interventions",2021,article,Behavioral and Psychological Studies,missing_anchor_group:iatrogenic
openalex,backfire_iatrogenic,2,iatrogenic psychological intervention harm,32,https://openalex.org/W1999096098,10.2147/cia.s10252,"Iatrogenic disease in the elderly: risk factors, consequences, and prevention",2011,article,"Cardiac, Anesthesia and Surgical Outcomes",missing_anchor_group:treatment|therapy|intervention|harm
openalex,backfire_iatrogenic,2,iatrogenic psychological intervention harm,33,https://openalex.org/W2107036532,10.1186/1745-6215-15-335,The recording of adverse events from psychological treatments in clinical trials: evidence from a review of NIHR-funded trials,2014,article,Personality Disorders and Psychopathology,missing_anchor_group:iatrogenic
openalex,backfire_iatrogenic,2,iatrogenic psychological intervention harm,34,https://openalex.org/W4235889712,10.1002/j.2051-5545.2010.tb00255.x,Mentalization based treatment for borderline personality disorder,2010,article,Personality Disorders and Psychopathology,missing_anchor_group:iatrogenic
openalex,backfire_iatrogenic,2,iatrogenic psychological intervention harm,35,https://openalex.org/W4294732694,10.1080/26895269.2022.2100644,"Standards of Care for the Health of Transgender and Gender Diverse People, Version 8",2022,article,"LGBTQ Health, Identity, and Policy",missing_anchor_group:iatrogenic;missing_anchor_group:treatment|therapy|intervention|harm
openalex,backfire_iatrogenic,2,iatrogenic psychological intervention harm,36,https://openalex.org/W4281560933,10.1136/bmjgh-2022-008684,"The unintended consequences of COVID-19 vaccine policy: why mandates, passports and restrictions may cause more harm than good",2022,article,Vaccine Coverage and Hesitancy,missing_anchor_group:iatrogenic
openalex,backfire_iatrogenic,2,iatrogenic psychological intervention harm,37,https://openalex.org/W2761197918,10.1177/1745691617709589,Mind the Hype: A Critical Evaluation and Prescriptive Agenda for Research on Mindfulness and Meditation,2017,article,Mindfulness and Compassion Interventions,missing_anchor_group:iatrogenic;missing_anchor_group:treatment|therapy|intervention|harm
openalex,backfire_iatrogenic,2,iatrogenic psychological intervention harm,39,https://openalex.org/W2906657480,10.3389/fpsyt.2018.00770,A Review of Personality-Targeted Interventions for Prevention of Substance Misuse and Related Harm in Community Samples of Adolescents,2019,article,Substance Abuse Treatment and Outcomes,missing_anchor_group:iatrogenic
openalex,backfire_iatrogenic,2,iatrogenic psychological intervention harm,40,https://openalex.org/W1968550345,10.1097/psy.0b013e318164f911,Childhood Obesity Prevention Programs: How Do They Affect Eating Pathology and Other Psychological Measures?,2008,article,"Obesity, Physical Activity, Diet",missing_anchor_group:iatrogenic;missing_anchor_group:treatment|therapy|intervention|harm
openalex,backfire_iatrogenic,2,iatrogenic psychological intervention harm,41,https://openalex.org/W4239408478,10.2337/dc07-s048,Nutrition Recommendations and Interventions for Diabetes,2006,article,Diet and metabolism studies,missing_anchor_group:iatrogenic
openalex,backfire_iatrogenic,2,iatrogenic psychological intervention harm,42,https://openalex.org/W2164835319,10.1192/bjp.bp.107.048934,Early intervention for adolescents with borderline personality disorder using cognitive analytic therapy: randomised controlled trial,2008,article,Personality Disorders and Psychopathology,missing_anchor_group:iatrogenic
openalex,backfire_iatrogenic,2,iatrogenic psychological intervention harm,43,https://openalex.org/W3092017612,10.1111/anae.15262,An international multidisciplinary consensus statement on the prevention of opioid‐related harm in adult surgical patients,2020,article,Opioid Use Disorder Treatment,missing_anchor_group:iatrogenic
openalex,backfire_iatrogenic,2,iatrogenic psychological intervention harm,44,https://openalex.org/W2909465603,10.1002/ejp.1358,"The effectiveness of self‐management interventions in adults with chronic orofacial pain: A systematic review, meta‐analysis and meta‐regression",2019,review,Temporomandibular Joint Disorders,type_not_allowed:review;missing_anchor_group:iatrogenic
openalex,backfire_iatrogenic,2,iatrogenic psychological intervention harm,45,https://openalex.org/W2164471608,10.1016/j.jcf.2004.03.008,Early intervention and prevention of lung disease in cystic fibrosis: a European consensus,2004,article,Cystic Fibrosis Research Advances,missing_anchor_group:iatrogenic
openalex,backfire_iatrogenic,2,iatrogenic psychological intervention harm,46,https://openalex.org/W4403259996,10.1016/s0140-6736(24)01121-8,The Lancet Commission on self-harm,2024,article,Suicide and Self-Harm Studies,missing_anchor_group:iatrogenic
openalex,backfire_iatrogenic,2,iatrogenic psychological intervention harm,47,https://openalex.org/W2014554878,10.2337/db08-1084,The Barrier of Hypoglycemia in Diabetes,2008,article,Diabetes Management and Research,missing_anchor_group:iatrogenic;missing_anchor_group:treatment|therapy|intervention|harm
openalex,backfire_iatrogenic,2,iatrogenic psychological intervention harm,48,https://openalex.org/W3139397908,10.3389/fpsyg.2021.645246,Psychedelic Harm Reduction and Integration: A Transtheoretical Model for Clinical Practice,2021,article,Psychedelics and Drug Studies,missing_anchor_group:iatrogenic
openalex,backfire_iatrogenic,2,iatrogenic psychological intervention harm,49,https://openalex.org/W2519393586,10.1016/s0140-6736(16)31472-6,"Beyond too little, too late and too much, too soon: a pathway towards evidence-based, respectful maternity care worldwide",2016,article,Global Maternal and Child Health,missing_anchor_group:iatrogenic;missing_anchor_group:treatment|therapy|intervention|harm
openalex,backfire_iatrogenic,2,iatrogenic psychological intervention harm,50,https://openalex.org/W4220739494,10.3389/fpsyt.2022.831359,Psychological and Psychopharmacological Interventions in Psychocardiology,2022,article,Cardiac Health and Mental Health,missing_anchor_group:iatrogenic
crossref,backfire_iatrogenic,2,iatrogenic psychological intervention harm,2,10.1186/isrctn81846131,10.1186/isrctn81846131,Supporting adolescents with self-harm: a brief psychological intervention to reduce self-harm in adolescence,2022,dataset,http://isrctn.com/,type_not_allowed:dataset;missing_anchor_group:iatrogenic
crossref,backfire_iatrogenic,2,iatrogenic psychological intervention harm,5,10.1186/isrctn16003313,10.1186/isrctn16003313,A brief psychological intervention for self-harm in Emergency Departments,2020,dataset,http://isrctn.com/,type_not_allowed:dataset;missing_anchor_group:iatrogenic
crossref,backfire_iatrogenic,2,iatrogenic psychological intervention harm,6,10.1017/cbo9780511527029.002,10.1017/cbo9780511527029.002,Divided loyalties: harm to the profession vs. harm to the patient,1998,book-chapter,Medical Harm,missing_anchor_group:iatrogenic
crossref,backfire_iatrogenic,2,iatrogenic psychological intervention harm,7,10.1001/jama.280.11.1025-jbk0916-6-1,10.1001/jama.280.11.1025-jbk0916-6-1,Medical Harm,1998,journal-article,JAMA,missing_anchor_group:iatrogenic
crossref,backfire_iatrogenic,2,iatrogenic psychological intervention harm,8,10.1002/9780470774502.ch10,10.1002/9780470774502.ch10,"Talking Harm, Whispering Death ‐ An Exploration of Iatrogenic Harm in Palliative Care",2003,other,Limiting Harm in Health Care: A Nursing Perspective,type_not_allowed:other
crossref,backfire_iatrogenic,2,iatrogenic psychological intervention harm,9,10.1017/cbo9780511527029.013,10.1017/cbo9780511527029.013,Appendix,1998,other,Medical Harm,type_not_allowed:other;missing_anchor_group:iatrogenic;missing_anchor_group:treatment|therapy|intervention|harm
crossref,backfire_iatrogenic,2,iatrogenic psychological intervention harm,10,10.1007/978-3-031-56407-9_2,10.1007/978-3-031-56407-9_2,The ATMAN Brief Psychological Intervention,2024,book-chapter,Managing Self-Harm Using Psychological Treatment ATMAN,missing_anchor_group:iatrogenic
crossref,backfire_iatrogenic,2,iatrogenic psychological intervention harm,11,10.1017/gmh.2025.26.pr2,10.1017/gmh.2025.26.pr2,Review: Effectiveness of ATMAN psychological intervention in reducing self-harm in young people in India: a mixed method case series — R0/PR2,2024,peer-review,,type_not_allowed:peer-review;missing_anchor_group:iatrogenic
crossref,backfire_iatrogenic,2,iatrogenic psychological intervention harm,12,10.1017/gmh.2025.26.pr9,10.1017/gmh.2025.26.pr9,Review: Effectiveness of ATMAN psychological intervention in reducing self-harm in young people in India: a mixed method case series — R1/PR9,2025,peer-review,,type_not_allowed:peer-review;missing_anchor_group:iatrogenic
crossref,backfire_iatrogenic,2,iatrogenic psychological intervention harm,13,10.3724/sp.j.1042.2026.1876,10.3724/sp.j.1042.2026.1876,From self-serving to harm-seeking: Evolutionary pathways from negative to malevolent creativity and intervention,2026,journal-article,Advances in Psychological Science,missing_anchor_group:iatrogenic
crossref,backfire_iatrogenic,2,iatrogenic psychological intervention harm,14,10.1017/gmh.2025.26.pr13,10.1017/gmh.2025.26.pr13,Review: Effectiveness of ATMAN psychological intervention in reducing self-harm in young people in India: a mixed method case series — R2/PR13,2025,peer-review,,type_not_allowed:peer-review;missing_anchor_group:iatrogenic
crossref,backfire_iatrogenic,2,iatrogenic psychological intervention harm,15,10.1007/978-3-031-56407-9_4,10.1007/978-3-031-56407-9_4,Understanding Self-Harm and Starting the ATMAN Brief Intervention,2024,book-chapter,Managing Self-Harm Using Psychological Treatment ATMAN,missing_anchor_group:iatrogenic
crossref,backfire_iatrogenic,2,iatrogenic psychological intervention harm,17,10.1017/gmh.2025.26.pr4,10.1017/gmh.2025.26.pr4,Review: Effectiveness of ATMAN psychological intervention in reducing self-harm in young people in India: a mixed method case series — R0/PR4,2024,peer-review,,type_not_allowed:peer-review;missing_anchor_group:iatrogenic
crossref,backfire_iatrogenic,2,iatrogenic psychological intervention harm,18,10.1017/gmh.2025.26.pr3,10.1017/gmh.2025.26.pr3,Review: Effectiveness of ATMAN psychological intervention in reducing self-harm in young people in India: a mixed method case series — R0/PR3,2024,peer-review,,type_not_allowed:peer-review;missing_anchor_group:iatrogenic
crossref,backfire_iatrogenic,2,iatrogenic psychological intervention harm,19,10.1017/gmh.2025.26.pr8,10.1017/gmh.2025.26.pr8,Review: Effectiveness of ATMAN psychological intervention in reducing self-harm in young people in India: a mixed method case series — R1/PR8,2025,peer-review,,type_not_allowed:peer-review;missing_anchor_group:iatrogenic
crossref,backfire_iatrogenic,2,iatrogenic psychological intervention harm,20,10.1017/cbo9780511527029.007,10.1017/cbo9780511527029.007,Conceptual and ethical dimensions of medical harm,1998,book-chapter,Medical Harm,missing_anchor_group:iatrogenic
crossref,backfire_iatrogenic,2,iatrogenic psychological intervention harm,22,10.1017/cbo9780511527029.005,10.1017/cbo9780511527029.005,The moral basis of medicine: why ‘do no harm’?,1998,book-chapter,Medical Harm,missing_anchor_group:iatrogenic
crossref,backfire_iatrogenic,2,iatrogenic psychological intervention harm,23,10.1002/9780470774502.ch2,10.1002/9780470774502.ch2,Defining Medicine and the Nature of Iatrogenic Harm,2003,other,Limiting Harm in Health Care: A Nursing Perspective,type_not_allowed:other
crossref,backfire_iatrogenic,2,iatrogenic psychological intervention harm,25,10.1017/gmh.2025.26.pr10,10.1017/gmh.2025.26.pr10,Recommendation: Effectiveness of ATMAN psychological intervention in reducing self-harm in young people in India: a mixed method case series — R1/PR10,2025,peer-review,,type_not_allowed:peer-review;missing_anchor_group:iatrogenic
crossref,backfire_iatrogenic,2,iatrogenic psychological intervention harm,26,10.1017/gmh.2025.26.pr5,10.1017/gmh.2025.26.pr5,Recommendation: Effectiveness of ATMAN psychological intervention in reducing self-harm in young people in India: a mixed method case series — R0/PR5,2024,peer-review,,type_not_allowed:peer-review;missing_anchor_group:iatrogenic
crossref,backfire_iatrogenic,2,iatrogenic psychological intervention harm,27,10.1017/gmh.2025.26.pr6,10.1017/gmh.2025.26.pr6,Decision: Effectiveness of ATMAN psychological intervention in reducing self-harm in young people in India: a mixed method case series — R0/PR6,2025,peer-review,,type_not_allowed:peer-review;missing_anchor_group:iatrogenic
crossref,backfire_iatrogenic,2,iatrogenic psychological intervention harm,28,10.1017/gmh.2025.26.pr15,10.1017/gmh.2025.26.pr15,Decision: Effectiveness of ATMAN psychological intervention in reducing self-harm in young people in India: a mixed method case series — R2/PR15,2025,peer-review,,type_not_allowed:peer-review;missing_anchor_group:iatrogenic
crossref,backfire_iatrogenic,2,iatrogenic psychological intervention harm,29,10.1017/gmh.2025.26.pr11,10.1017/gmh.2025.26.pr11,Decision: Effectiveness of ATMAN psychological intervention in reducing self-harm in young people in India: a mixed method case series — R1/PR11,2025,peer-review,,type_not_allowed:peer-review;missing_anchor_group:iatrogenic
crossref,backfire_iatrogenic,2,iatrogenic psychological intervention harm,30,10.1017/gmh.2025.26.pr14,10.1017/gmh.2025.26.pr14,Recommendation: Effectiveness of ATMAN psychological intervention in reducing self-harm in young people in India: a mixed method case series — R2/PR14,2025,peer-review,,type_not_allowed:peer-review;missing_anchor_group:iatrogenic
crossref,backfire_iatrogenic,2,iatrogenic psychological intervention harm,31,10.1192/bjp.193.4.345,10.1192/bjp.193.4.345,Risk of harm after psychological intervention,2008,journal-article,British Journal of Psychiatry,missing_anchor_group:iatrogenic
crossref,backfire_iatrogenic,2,iatrogenic psychological intervention harm,33,10.4324/9780203782651-18,10.4324/9780203782651-18,Helping the Victims of Iatrogenic Damage,2013,book-chapter,Helping the Helpers Not to Harm,missing_anchor_group:treatment|therapy|intervention|harm
crossref,backfire_iatrogenic,2,iatrogenic psychological intervention harm,34,10.1017/gmh.2025.26.pr12,10.1017/gmh.2025.26.pr12,Author comment: Effectiveness of ATMAN psychological intervention in reducing self-harm in young people in India: a mixed method case series — R2/PR12,2025,peer-review,,type_not_allowed:peer-review;missing_anchor_group:iatrogenic
crossref,backfire_iatrogenic,2,iatrogenic psychological intervention harm,35,10.1017/gmh.2025.26.pr7,10.1017/gmh.2025.26.pr7,Author comment: Effectiveness of ATMAN psychological intervention in reducing self-harm in young people in India: a mixed method case series — R1/PR7,2025,peer-review,,type_not_allowed:peer-review;missing_anchor_group:iatrogenic
crossref,backfire_iatrogenic,2,iatrogenic psychological intervention harm,36,10.1017/gmh.2025.26.pr1,10.1017/gmh.2025.26.pr1,Author comment: Effectiveness of ATMAN psychological intervention in reducing self-harm in young people in India: a mixed method case series — R0/PR1,2024,peer-review,,type_not_allowed:peer-review;missing_anchor_group:iatrogenic
crossref,backfire_iatrogenic,2,iatrogenic psychological intervention harm,38,10.1017/cbo9780511527029.014,10.1017/cbo9780511527029.014,Bibliography,1998,book-chapter,Medical Harm,missing_anchor_group:iatrogenic;missing_anchor_group:treatment|therapy|intervention|harm
crossref,backfire_iatrogenic,2,iatrogenic psychological intervention harm,39,10.4324/9780203782651-13,10.4324/9780203782651-13,m The Difficulties of Preventing Iatrogenic Damage,2013,book-chapter,Helping the Helpers Not to Harm,missing_anchor_group:treatment|therapy|intervention|harm
crossref,backfire_iatrogenic,2,iatrogenic psychological intervention harm,40,10.1136/medethics-2014-102073,10.1136/medethics-2014-102073,Minimizing harm via psychological intervention: response to Glannon,2014,journal-article,Journal of Medical Ethics,missing_anchor_group:iatrogenic
crossref,backfire_iatrogenic,2,iatrogenic psychological intervention harm,41,10.1017/cbo9780511527029.001,10.1017/cbo9780511527029.001,Introduction,1998,book-chapter,Medical Harm,missing_anchor_group:iatrogenic;missing_anchor_group:treatment|therapy|intervention|harm
crossref,backfire_iatrogenic,2,iatrogenic psychological intervention harm,42,10.1017/cbo9780511527029.006,10.1017/cbo9780511527029.006,Due care as a specification of the duty to ‘do no harm’,1998,book-chapter,Medical Harm,missing_anchor_group:iatrogenic
crossref,backfire_iatrogenic,2,iatrogenic psychological intervention harm,48,10.1017/cbo9780511527029.010,10.1017/cbo9780511527029.010,Unnecessary surgery,1998,book-chapter,Medical Harm,missing_anchor_group:iatrogenic;missing_anchor_group:treatment|therapy|intervention|harm
crossref,backfire_iatrogenic,2,iatrogenic psychological intervention harm,49,10.4324/9780203875780-13,10.4324/9780203875780-13,Self-harm and attachment,2009,book-chapter,Managing Self-Harm,missing_anchor_group:iatrogenic
crossref,backfire_iatrogenic,2,iatrogenic psychological intervention harm,50,10.53902/jpssr.2021.01.000522,10.53902/jpssr.2021.01.000522,Case Presentation: Iatrogenic Psychosis,2021,journal-article,Journal of Psychological Science and Research,missing_anchor_group:treatment|therapy|intervention|harm
openalex,backfire_iatrogenic,3,backfire counterproductive intervention systematic review,1,https://openalex.org/W3159759907,10.1007/s11142-021-09609-5,Mandatory CSR and sustainability reporting: economic analysis and literature review,2021,article,Corporate Social Responsibility Reporting,missing_anchor_group:backfire|counterproductive|unintended consequence|boomerang;missing_anchor_group:intervention|policy|treatment|campaign
openalex,backfire_iatrogenic,3,backfire counterproductive intervention systematic review,2,https://openalex.org/W3092262546,10.3390/vaccines8040590,Addressing Parental Vaccine Hesitancy towards Childhood Vaccines in the United States: A Systematic Literature Review of Communication Interventions and Strategies,2020,review,Vaccine Coverage and Hesitancy,type_not_allowed:review;missing_anchor_group:backfire|counterproductive|unintended consequence|boomerang
openalex,backfire_iatrogenic,3,backfire counterproductive intervention systematic review,3,https://openalex.org/W3204283382,10.1136/bmjgh-2021-006237,Nudging toward vaccination: a systematic review,2021,review,Vaccine Coverage and Hesitancy,type_not_allowed:review;missing_anchor_group:backfire|counterproductive|unintended consequence|boomerang;missing_anchor_group:intervention|policy|treatment|campaign
openalex,backfire_iatrogenic,3,backfire counterproductive intervention systematic review,4,https://openalex.org/W2146868725,10.1257/jep.25.4.191,When and Why Incentives (Don't) Work to Modify Behavior,2011,article,Experimental Behavioral Economics Studies,missing_anchor_group:backfire|counterproductive|unintended consequence|boomerang;missing_anchor_group:intervention|policy|treatment|campaign
openalex,backfire_iatrogenic,3,backfire counterproductive intervention systematic review,5,https://openalex.org/W4310780108,10.2196/40201,"The Prevalence, Features, Influencing Factors, and Solutions for COVID-19 Vaccine Misinformation: Systematic Review",2022,review,Misinformation and Its Impacts,type_not_allowed:review;missing_anchor_group:backfire|counterproductive|unintended consequence|boomerang;missing_anchor_group:intervention|policy|treatment|campaign
openalex,backfire_iatrogenic,3,backfire counterproductive intervention systematic review,6,https://openalex.org/W4229079390,10.1108/intr-08-2021-0600,How to explain AI systems to end users: a systematic literature review and research agenda,2022,review,Ethics and Social Impacts of AI,type_not_allowed:review;missing_anchor_group:backfire|counterproductive|unintended consequence|boomerang;missing_anchor_group:intervention|policy|treatment|campaign
openalex,backfire_iatrogenic,3,backfire counterproductive intervention systematic review,7,https://openalex.org/W3207204489,10.3389/fpsyg.2021.719692,Interventions to Dispel Neuromyths in Educational Settings—A Review,2021,article,"Neuroscience, Education and Cognitive Function",missing_anchor_group:backfire|counterproductive|unintended consequence|boomerang
openalex,backfire_iatrogenic,3,backfire counterproductive intervention systematic review,8,https://openalex.org/W2091144367,10.1080/17437199.2013.848409,"Everything should be as simple as possible, but no simpler: towards a protocol for accumulating evidence regarding the active content of health behaviour change interventions",2013,article,Behavioral Health and Interventions,missing_anchor_group:backfire|counterproductive|unintended consequence|boomerang
openalex,backfire_iatrogenic,3,backfire counterproductive intervention systematic review,9,https://openalex.org/W3130783464,10.1136/bmjopen-2021-048750,What influences people’s responses to public health messages for managing risks and preventing infectious diseases? A rapid systematic review of the evidence and recommendations,2021,review,Behavioral Health and Interventions,type_not_allowed:review;missing_anchor_group:backfire|counterproductive|unintended consequence|boomerang;missing_anchor_group:intervention|policy|treatment|campaign
openalex,backfire_iatrogenic,3,backfire counterproductive intervention systematic review,10,https://openalex.org/W4381929757,10.1016/j.foodqual.2023.104923,Immediate backfire? Nudging sustainable food choices and psychological reactance,2023,article,Environmental Education and Sustainability,missing_anchor_group:intervention|policy|treatment|campaign
openalex,backfire_iatrogenic,3,backfire counterproductive intervention systematic review,11,https://openalex.org/W4412740721,10.4018/jgim.386381,A Systematic Review of AI Ethics in Education,2025,review,Ethics and Social Impacts of AI,type_not_allowed:review;missing_anchor_group:backfire|counterproductive|unintended consequence|boomerang;missing_anchor_group:intervention|policy|treatment|campaign
openalex,backfire_iatrogenic,3,backfire counterproductive intervention systematic review,12,https://openalex.org/W4308366785,10.1017/s1463423622000512,Parental childhood vaccine hesitancy and predicting uptake of vaccinations: a systematic review,2022,review,Vaccine Coverage and Hesitancy,type_not_allowed:review;missing_anchor_group:backfire|counterproductive|unintended consequence|boomerang;missing_anchor_group:intervention|policy|treatment|campaign
openalex,backfire_iatrogenic,3,backfire counterproductive intervention systematic review,13,https://openalex.org/W2603963362,10.1111/joes.12201,FROM THE LAB TO THE FIELD: A REVIEW OF TAX EXPERIMENTS,2017,article,Taxation and Compliance Studies,missing_anchor_group:backfire|counterproductive|unintended consequence|boomerang;missing_anchor_group:intervention|policy|treatment|campaign
openalex,backfire_iatrogenic,3,backfire counterproductive intervention systematic review,14,https://openalex.org/W3091966502,10.1111/sipr.12070,"Tackling Educational Inequalities with Social Psychology: Identities, Contexts, and Interventions",2020,article,Social and Intergroup Psychology,missing_anchor_group:backfire|counterproductive|unintended consequence|boomerang
openalex,backfire_iatrogenic,3,backfire counterproductive intervention systematic review,15,https://openalex.org/W3003746058,10.5502/ijw.v10i1.754,Can positivity be counterproductive when suffering domestic abuse?: A narrative review,2020,review,Intimate Partner and Family Violence,type_not_allowed:review;missing_anchor_group:intervention|policy|treatment|campaign
openalex,backfire_iatrogenic,3,backfire counterproductive intervention systematic review,16,https://openalex.org/W4399499950,10.1038/s41562-024-01884-x,Prominent misinformation interventions reduce misperceptions but increase scepticism,2024,article,Misinformation and Its Impacts,missing_anchor_group:backfire|counterproductive|unintended consequence|boomerang
openalex,backfire_iatrogenic,3,backfire counterproductive intervention systematic review,17,https://openalex.org/W2803581509,10.1177/1460458218766570,"Socially-driven persuasive health intervention design: Competition, social comparison, and cooperation",2018,article,Innovative Human-Technology Interaction,missing_anchor_group:backfire|counterproductive|unintended consequence|boomerang
openalex,backfire_iatrogenic,3,backfire counterproductive intervention systematic review,18,https://openalex.org/W4372311893,10.1016/j.ypmed.2023.107538,The effectiveness of financial incentives for COVID-19 vaccination: A systematic review,2023,review,Vaccine Coverage and Hesitancy,type_not_allowed:review;missing_anchor_group:backfire|counterproductive|unintended consequence|boomerang;missing_anchor_group:intervention|policy|treatment|campaign
openalex,backfire_iatrogenic,3,backfire counterproductive intervention systematic review,19,https://openalex.org/W2137115258,10.24135/pjr.v10i1.777,Exposing and exposing censorship: Backfire dynamics in freedom-of-speech struggle,2004,article,Indian History and Philosophy,missing_anchor_group:intervention|policy|treatment|campaign
openalex,backfire_iatrogenic,3,backfire counterproductive intervention systematic review,20,https://openalex.org/W4312204119,10.1016/j.infsof.2022.107142,Negative effects of gamification in education software: Systematic mapping and practitioner perceptions,2022,article,Educational Games and Gamification,missing_anchor_group:backfire|counterproductive|unintended consequence|boomerang;missing_anchor_group:intervention|policy|treatment|campaign
openalex,backfire_iatrogenic,3,backfire counterproductive intervention systematic review,21,https://openalex.org/W2093452653,10.2196/resprot.2371,Constructing a Theory- and Evidence-Based Treatment Rationale for Complex eHealth Interventions: Development of an Online Alcohol Intervention Using an Intervention Mapping Approach,2013,article,Substance Abuse Treatment and Outcomes,missing_anchor_group:backfire|counterproductive|unintended consequence|boomerang
openalex,backfire_iatrogenic,3,backfire counterproductive intervention systematic review,23,https://openalex.org/W206176923,,Backfire Manual: Tactics Against Injustice,2012,book,"Torture, Ethics, and Law",missing_anchor_group:intervention|policy|treatment|campaign
openalex,backfire_iatrogenic,3,backfire counterproductive intervention systematic review,24,https://openalex.org/W4223480831,10.1177/10946705221076272,It is Really Not a Game: An Integrative Review of Gamification for Service Research,2022,article,Service and Product Innovation,missing_anchor_group:backfire|counterproductive|unintended consequence|boomerang;missing_anchor_group:intervention|policy|treatment|campaign
openalex,backfire_iatrogenic,3,backfire counterproductive intervention systematic review,25,https://openalex.org/W2922493691,10.1136/bmjqs-2019-009406,Are increases in emergency use and hospitalisation always a bad thing? Reflections on unintended consequences and apparent backfires,2019,article,Emergency and Acute Care Studies,missing_anchor_group:intervention|policy|treatment|campaign
openalex,backfire_iatrogenic,3,backfire counterproductive intervention systematic review,26,https://openalex.org/W4296086464,10.3389/fmed.2022.810323,Impact of incentives on COVID-19 vaccination; A systematic review,2022,review,Vaccine Coverage and Hesitancy,type_not_allowed:review;missing_anchor_group:backfire|counterproductive|unintended consequence|boomerang;missing_anchor_group:intervention|policy|treatment|campaign
openalex,backfire_iatrogenic,3,backfire counterproductive intervention systematic review,27,https://openalex.org/W4402895119,10.1080/21645515.2024.2397875,Vaccine hesitancy educational interventions for medical students: A systematic narrative review in western countries,2024,review,Vaccine Coverage and Hesitancy,type_not_allowed:review;missing_anchor_group:backfire|counterproductive|unintended consequence|boomerang
openalex,backfire_iatrogenic,3,backfire counterproductive intervention systematic review,28,https://openalex.org/W2770744146,10.1016/j.econedurev.2018.03.008,Nudging in education,2018,article,Psychological and Educational Research Studies,missing_anchor_group:backfire|counterproductive|unintended consequence|boomerang;missing_anchor_group:intervention|policy|treatment|campaign
openalex,backfire_iatrogenic,3,backfire counterproductive intervention systematic review,29,https://openalex.org/W2282692962,,"Processes of prejudices: Theory, evidence and intervention",2010,other,Social and Intergroup Psychology,type_not_allowed:other;missing_anchor_group:backfire|counterproductive|unintended consequence|boomerang
openalex,backfire_iatrogenic,3,backfire counterproductive intervention systematic review,30,https://openalex.org/W4380991108,10.1016/j.chieco.2023.102009,The backfiring effects of monetary and gift incentives on Covid-19 vaccination intentions,2023,article,Vaccine Coverage and Hesitancy,missing_anchor_group:backfire|counterproductive|unintended consequence|boomerang;missing_anchor_group:intervention|policy|treatment|campaign
openalex,backfire_iatrogenic,3,backfire counterproductive intervention systematic review,31,https://openalex.org/W2938353249,10.1007/s10339-019-00919-w,Parents’ beliefs in misinformation about vaccines are strengthened by pro-vaccine campaigns,2019,article,Vaccine Coverage and Hesitancy,missing_anchor_group:backfire|counterproductive|unintended consequence|boomerang
openalex,backfire_iatrogenic,3,backfire counterproductive intervention systematic review,32,https://openalex.org/W3105661427,10.7172/1689-9024.yars.2020.13.21.1,Regulating Unfair Trading Practices in the EU Agri-food Supply Chain: a Case of Counterproductive Regulation?,2020,article,European and International Law Studies,missing_anchor_group:intervention|policy|treatment|campaign
openalex,backfire_iatrogenic,3,backfire counterproductive intervention systematic review,33,https://openalex.org/W4409760097,10.1371/journal.pone.0321818,Interventions for combating COVID-19 misinformation: A systematic realist review,2025,article,Misinformation and Its Impacts,missing_anchor_group:backfire|counterproductive|unintended consequence|boomerang
openalex,backfire_iatrogenic,3,backfire counterproductive intervention systematic review,34,https://openalex.org/W3124278966,10.1057/s41599-020-00701-w,Toward effective government communication strategies in the era of COVID-19,2021,article,Public Relations and Crisis Communication,missing_anchor_group:backfire|counterproductive|unintended consequence|boomerang;missing_anchor_group:intervention|policy|treatment|campaign
openalex,backfire_iatrogenic,3,backfire counterproductive intervention systematic review,35,https://openalex.org/W3009853376,10.1016/j.healthpol.2020.02.015,Strengthening vaccination programmes and health systems in the European Union: A framework for action,2020,article,Vaccine Coverage and Hesitancy,missing_anchor_group:backfire|counterproductive|unintended consequence|boomerang;missing_anchor_group:intervention|policy|treatment|campaign
openalex,backfire_iatrogenic,3,backfire counterproductive intervention systematic review,36,https://openalex.org/W4392246190,10.1016/j.hrmr.2024.101017,Mapping bystander intervention to workplace inclusion: A scoping review,2024,article,Workplace Violence and Bullying,missing_anchor_group:backfire|counterproductive|unintended consequence|boomerang
openalex,backfire_iatrogenic,3,backfire counterproductive intervention systematic review,37,https://openalex.org/W2198360256,10.1146/annurev-soc-073014-112445,Field Experiments Across the Social Sciences,2017,review,Experimental Behavioral Economics Studies,type_not_allowed:review;missing_anchor_group:backfire|counterproductive|unintended consequence|boomerang;missing_anchor_group:intervention|policy|treatment|campaign
openalex,backfire_iatrogenic,3,backfire counterproductive intervention systematic review,38,https://openalex.org/W1970164923,10.2196/jmir.1953,"Effects of Functional Interactivity on Patients’ Knowledge, Empowerment, and Health Outcomes: An Experimental Model-Driven Evaluation of a Web-Based Intervention",2012,article,Fibromyalgia and Chronic Fatigue Syndrome Research,missing_anchor_group:backfire|counterproductive|unintended consequence|boomerang
openalex,backfire_iatrogenic,3,backfire counterproductive intervention systematic review,39,https://openalex.org/W2071677582,10.1186/1472-6947-13-s2-s7,Presenting quantitative information about decision outcomes: a risk communication primer for patient decision aid developers,2013,article,Patient-Provider Communication in Healthcare,missing_anchor_group:backfire|counterproductive|unintended consequence|boomerang;missing_anchor_group:intervention|policy|treatment|campaign
openalex,backfire_iatrogenic,3,backfire counterproductive intervention systematic review,40,https://openalex.org/W4294628862,10.1017/s0140525x22002023,The i-frame and the s-frame: How focusing on individual-level solutions has led behavioral public policy astray,2022,article,Behavioral Health and Interventions,missing_anchor_group:backfire|counterproductive|unintended consequence|boomerang
openalex,backfire_iatrogenic,3,backfire counterproductive intervention systematic review,41,https://openalex.org/W4206396842,10.12688/openreseurope.14088.1,Responses to digital disinformation as part of hybrid threats: a systematic review on the effects of disinformation and the effectiveness of fact-checking/debunking,2022,review,Misinformation and Its Impacts,type_not_allowed:review;missing_anchor_group:backfire|counterproductive|unintended consequence|boomerang;missing_anchor_group:intervention|policy|treatment|campaign
openalex,backfire_iatrogenic,3,backfire counterproductive intervention systematic review,42,https://openalex.org/W2930138241,10.1016/j.euroecorev.2019.03.003,Women's empowerment and domestic abuse: Experimental evidence from Vietnam,2019,article,"Gender, Labor, and Family Dynamics",missing_anchor_group:backfire|counterproductive|unintended consequence|boomerang;missing_anchor_group:intervention|policy|treatment|campaign
openalex,backfire_iatrogenic,3,backfire counterproductive intervention systematic review,43,https://openalex.org/W2526780731,10.3389/fpsyg.2016.01483,Going with the Grain of Cognition: Applying Insights from Psychology to Build Support for Childhood Vaccination,2016,article,Vaccine Coverage and Hesitancy,missing_anchor_group:backfire|counterproductive|unintended consequence|boomerang;missing_anchor_group:intervention|policy|treatment|campaign
openalex,backfire_iatrogenic,3,backfire counterproductive intervention systematic review,44,https://openalex.org/W2030453564,10.1016/j.peh.2014.08.001,Review of the literature on negative health risks based interventions to guide anabolic steroid misuse prevention,2014,article,Behavioral Health and Interventions,missing_anchor_group:backfire|counterproductive|unintended consequence|boomerang
openalex,backfire_iatrogenic,3,backfire counterproductive intervention systematic review,45,https://openalex.org/W2095703800,10.1146/annurev-orgpsych-032414-111347,Dynamics of Well-Being,2015,review,Psychological Well-being and Life Satisfaction,type_not_allowed:review;missing_anchor_group:backfire|counterproductive|unintended consequence|boomerang;missing_anchor_group:intervention|policy|treatment|campaign
openalex,backfire_iatrogenic,3,backfire counterproductive intervention systematic review,46,https://openalex.org/W4386604843,10.1002/mar.21894,A systematic review on political ideology and persuasion,2023,review,Climate Change Communication and Perception,type_not_allowed:review;missing_anchor_group:backfire|counterproductive|unintended consequence|boomerang;missing_anchor_group:intervention|policy|treatment|campaign
openalex,backfire_iatrogenic,3,backfire counterproductive intervention systematic review,47,https://openalex.org/W4285351627,10.1080/00332747.2021.2005387,Five Essential Elements of Immediate and Mid–Term Mass Trauma Intervention: Empirical Evidence,2021,article,Disaster Response and Management,missing_anchor_group:backfire|counterproductive|unintended consequence|boomerang
openalex,backfire_iatrogenic,3,backfire counterproductive intervention systematic review,48,https://openalex.org/W2129519888,10.1093/ejil/chq064,Doing Justice to the Political: The International Criminal Court in Uganda and Sudan,2010,article,International Law and Human Rights,missing_anchor_group:backfire|counterproductive|unintended consequence|boomerang;missing_anchor_group:intervention|policy|treatment|campaign
openalex,backfire_iatrogenic,3,backfire counterproductive intervention systematic review,49,https://openalex.org/W3044606135,10.1002/pan3.10124,Levers and leverage points for pathways to sustainability,2020,article,Sustainability and Climate Change Governance,missing_anchor_group:backfire|counterproductive|unintended consequence|boomerang;missing_anchor_group:intervention|policy|treatment|campaign
openalex,backfire_iatrogenic,3,backfire counterproductive intervention systematic review,50,https://openalex.org/W4392550729,10.1257/jel.20221603,"Mediation, Military, and Money: The Promises and Pitfalls of Outside Interventions to End Armed Conflicts",2024,article,Global Peace and Security Dynamics,missing_anchor_group:backfire|counterproductive|unintended consequence|boomerang
crossref,backfire_iatrogenic,3,backfire counterproductive intervention systematic review,1,10.2196/jmir.1665,10.2196/jmir.1665,"Cool but Counterproductive: Interactive, Web-Based Risk Communications Can Backfire",2011,journal-article,Journal of Medical Internet Research,missing_anchor_group:intervention|policy|treatment|campaign
crossref,backfire_iatrogenic,3,backfire counterproductive intervention systematic review,4,10.1108/oxan-es243675,10.1108/oxan-es243675,Guaido 'intervention' option may backfire in Venezuela,2019,other,Emerald Expert Briefings,type_not_allowed:other
crossref,backfire_iatrogenic,3,backfire counterproductive intervention systematic review,5,10.2139/ssrn.4432283,10.2139/ssrn.4432283,"Dark Triads and Counterproductive Work behavior in Collectivist Societies: A Systematic review, and Meta Analysis",2023,posted-content,,missing_anchor_group:intervention|policy|treatment|campaign
crossref,backfire_iatrogenic,3,backfire counterproductive intervention systematic review,7,10.1108/jmp-01-2014-0008,10.1108/jmp-01-2014-0008,Self-esteem and counterproductive work behaviors: a systematic review,2016,journal-article,Journal of Managerial Psychology,missing_anchor_group:intervention|policy|treatment|campaign
crossref,backfire_iatrogenic,3,backfire counterproductive intervention systematic review,8,10.2139/ssrn.6862624,10.2139/ssrn.6862624,When Reasoning Scaffolds Backfire: Structured Prompting Creates Systematic Failure Under Constraint Inversion,2026,posted-content,,missing_anchor_group:intervention|policy|treatment|campaign
crossref,backfire_iatrogenic,3,backfire counterproductive intervention systematic review,9,10.36341/psi.v9i2.7571,10.36341/psi.v9i2.7571,CWB Perilaku Kerja Kontraproduktif Karyawan :  Systematis Literature Review (Slr),2026,journal-article,Psychopolytan : Jurnal Psikologi,missing_anchor_group:backfire|counterproductive|unintended consequence|boomerang;missing_anchor_group:intervention|policy|treatment|campaign
crossref,backfire_iatrogenic,3,backfire counterproductive intervention systematic review,10,10.37964/cr24769,10.37964/cr24769,Health questions on medical licensure applications: effective or counterproductive? A systematic review,2023,journal-article,Canadian Journal of Physician Leadership,missing_anchor_group:intervention|policy|treatment|campaign
crossref,backfire_iatrogenic,3,backfire counterproductive intervention systematic review,12,10.1037/e506102012-247,10.1037/e506102012-247,When Intervention Campaigns Backfire to Increase Problem Behavior: New Research,2008,dataset,PsycEXTRA Dataset,type_not_allowed:dataset
crossref,backfire_iatrogenic,3,backfire counterproductive intervention systematic review,13,10.31893/multirev.2026117,10.31893/multirev.2026117,Counterproductive work behavior in organizations: A systematic literature review using bibliometric analysis,2025,journal-article,Multidisciplinary Reviews,missing_anchor_group:intervention|policy|treatment|campaign
crossref,backfire_iatrogenic,3,backfire counterproductive intervention systematic review,14,10.4172/2155-9627.1000277,10.4172/2155-9627.1000277,What is Behind Counterproductive Work Behaviors in the Nursing Profession? A Systematic Review,2016,journal-article,Journal of Clinical Research &amp; Bioethics,missing_anchor_group:intervention|policy|treatment|campaign
crossref,backfire_iatrogenic,3,backfire counterproductive intervention systematic review,15,10.3389/fpsyg.2025.1529798,10.3389/fpsyg.2025.1529798,Investigation of the relationship between organizational cynicism and counterproductive work behaviors: a systematic review and meta-analysis,2025,journal-article,Frontiers in Psychology,missing_anchor_group:intervention|policy|treatment|campaign
crossref,backfire_iatrogenic,3,backfire counterproductive intervention systematic review,16,10.5353/th_b5662659,10.5353/th_b5662659,Effectivness of yoga intervention on menstrual disorders : a systematic review,,dissertation,,missing_anchor_group:backfire|counterproductive|unintended consequence|boomerang
crossref,backfire_iatrogenic,3,backfire counterproductive intervention systematic review,17,10.4135/9781036252984,10.4135/9781036252984,Addressing Racial Inequities: Using Systematic Review to Assess Intervention Implementation,2026,book,,missing_anchor_group:backfire|counterproductive|unintended consequence|boomerang
crossref,backfire_iatrogenic,3,backfire counterproductive intervention systematic review,18,10.37641/jimkes.v13i2.3380,10.37641/jimkes.v13i2.3380,Systematic Literature Review of Counterproductive Work Behavior From Several Perspectives,2025,journal-article,Jurnal Ilmiah Manajemen Kesatuan,missing_anchor_group:intervention|policy|treatment|campaign
crossref,backfire_iatrogenic,3,backfire counterproductive intervention systematic review,19,10.4337/9781035306671.00038,10.4337/9781035306671.00038,“Everyone’s doing it”: a review of academic counterproductive behaviors,2025,book-chapter,Handbook of Counterproductive Work Behavior,missing_anchor_group:intervention|policy|treatment|campaign
crossref,backfire_iatrogenic,3,backfire counterproductive intervention systematic review,20,10.26668/businessreview/2023.v8i3.1191,10.26668/businessreview/2023.v8i3.1191,Systematic Literature Review: Affective Experiences as a Predictor of Counterproductive Work Behaviour,2023,journal-article,International Journal of Professional Business Review,missing_anchor_group:intervention|policy|treatment|campaign
crossref,backfire_iatrogenic,3,backfire counterproductive intervention systematic review,21,10.5353/th_b5098705,10.5353/th_b5098705,Early intervention for children with autistic spectrum disorder : a systematic review,,dissertation,,missing_anchor_group:backfire|counterproductive|unintended consequence|boomerang
crossref,backfire_iatrogenic,3,backfire counterproductive intervention systematic review,22,10.1111/jan.14664/v1/review1,10.1111/jan.14664/v1/review1,"Review for ""Online memory training intervention for early‐stage dementia: A systematic review and meta‐analysis""",2020,peer-review,,type_not_allowed:peer-review;missing_anchor_group:backfire|counterproductive|unintended consequence|boomerang
crossref,backfire_iatrogenic,3,backfire counterproductive intervention systematic review,23,10.1111/jan.14664/v1/review2,10.1111/jan.14664/v1/review2,"Review for ""Online memory training intervention for early‐stage dementia: A systematic review and meta‐analysis""",2020,peer-review,,type_not_allowed:peer-review;missing_anchor_group:backfire|counterproductive|unintended consequence|boomerang
crossref,backfire_iatrogenic,3,backfire counterproductive intervention systematic review,24,10.1111/jan.14664/v2/review1,10.1111/jan.14664/v2/review1,"Review for ""Online memory training intervention for early‐stage dementia: A systematic review and meta‐analysis""",2020,peer-review,,type_not_allowed:peer-review;missing_anchor_group:backfire|counterproductive|unintended consequence|boomerang
crossref,backfire_iatrogenic,3,backfire counterproductive intervention systematic review,25,10.21203/rs.3.rs-1402967/v1,10.21203/rs.3.rs-1402967/v1,Mitigating the Backfire Effect Using Pacing andLeading,2022,posted-content,,missing_anchor_group:intervention|policy|treatment|campaign
crossref,backfire_iatrogenic,3,backfire counterproductive intervention systematic review,26,10.37200/ijpr/v24i5/pr2020242,10.37200/ijpr/v24i5/pr2020242,A Systematic Review: Reading Comprehension Intervention for Students with Learning Disability,2020,journal-article,International Journal of Psychosocial Rehabilitation,missing_anchor_group:backfire|counterproductive|unintended consequence|boomerang
crossref,backfire_iatrogenic,3,backfire counterproductive intervention systematic review,27,10.4337/9781035306671.00023,10.4337/9781035306671.00023,Bad today but not tomorrow: a review of the within-individual antecedents of employee counterproductive work behavior,2025,book-chapter,Handbook of Counterproductive Work Behavior,missing_anchor_group:intervention|policy|treatment|campaign
crossref,backfire_iatrogenic,3,backfire counterproductive intervention systematic review,28,10.4337/9781035306671.00021,10.4337/9781035306671.00021,Counterproductive work behavior is not always counterproductive,2025,book-chapter,Handbook of Counterproductive Work Behavior,missing_anchor_group:intervention|policy|treatment|campaign
crossref,backfire_iatrogenic,3,backfire counterproductive intervention systematic review,29,10.55248/gengpi.5.0624.1629,10.55248/gengpi.5.0624.1629,Language Development Intervention in Children Speech Delay: Systematic Review,2024,journal-article,International Journal of Research Publication and Reviews,missing_anchor_group:backfire|counterproductive|unintended consequence|boomerang
crossref,backfire_iatrogenic,3,backfire counterproductive intervention systematic review,30,10.1111/beer.12603/v2/review1,10.1111/beer.12603/v2/review1,"Review for ""Can organizations get away with greenwashing? CSR attributions and counterproductive sustainability behaviors""",2023,peer-review,,type_not_allowed:peer-review;missing_anchor_group:intervention|policy|treatment|campaign
crossref,backfire_iatrogenic,3,backfire counterproductive intervention systematic review,31,10.1111/beer.12603/v1/review1,10.1111/beer.12603/v1/review1,"Review for ""Can organizations get away with greenwashing? CSR attributions and counterproductive sustainability behaviors""",2023,peer-review,,type_not_allowed:peer-review;missing_anchor_group:intervention|policy|treatment|campaign
crossref,backfire_iatrogenic,3,backfire counterproductive intervention systematic review,32,10.1111/joor.13692/v2/review2,10.1111/joor.13692/v2/review2,"Review for ""Synthesis of temporomandibular disorders management intervention outcomes for development of core outcome sets: A systematic review""",2023,peer-review,,type_not_allowed:peer-review;missing_anchor_group:backfire|counterproductive|unintended consequence|boomerang
crossref,backfire_iatrogenic,3,backfire counterproductive intervention systematic review,33,10.1111/joor.13692/v1/review2,10.1111/joor.13692/v1/review2,"Review for ""Synthesis of temporomandibular disorders management intervention outcomes for development of core outcome sets: A systematic review""",2023,peer-review,,type_not_allowed:peer-review;missing_anchor_group:backfire|counterproductive|unintended consequence|boomerang
crossref,backfire_iatrogenic,3,backfire counterproductive intervention systematic review,34,10.21203/rs.3.rs-7842854/v1,10.21203/rs.3.rs-7842854/v1,Yoga as a Therapeutic Intervention for Generalized Anxiety Disorder: A Systematic Review,2025,posted-content,,missing_anchor_group:backfire|counterproductive|unintended consequence|boomerang
crossref,backfire_iatrogenic,3,backfire counterproductive intervention systematic review,35,10.1111/joor.13692/v3/review1,10.1111/joor.13692/v3/review1,"Review for ""Synthesis of temporomandibular disorders management intervention outcomes for development of core outcome sets: A systematic review""",2024,peer-review,,type_not_allowed:peer-review;missing_anchor_group:backfire|counterproductive|unintended consequence|boomerang
crossref,backfire_iatrogenic,3,backfire counterproductive intervention systematic review,36,10.1111/joor.13692/v1/review1,10.1111/joor.13692/v1/review1,"Review for ""Synthesis of temporomandibular disorders management intervention outcomes for development of core outcome sets: A systematic review""",2022,peer-review,,type_not_allowed:peer-review;missing_anchor_group:backfire|counterproductive|unintended consequence|boomerang
crossref,backfire_iatrogenic,3,backfire counterproductive intervention systematic review,37,10.1111/joor.13692/v3/review2,10.1111/joor.13692/v3/review2,"Review for ""Synthesis of temporomandibular disorders management intervention outcomes for development of core outcome sets: A systematic review""",2024,peer-review,,type_not_allowed:peer-review;missing_anchor_group:backfire|counterproductive|unintended consequence|boomerang
crossref,backfire_iatrogenic,3,backfire counterproductive intervention systematic review,38,10.1111/joor.13692/v4/review1,10.1111/joor.13692/v4/review1,"Review for ""Synthesis of temporomandibular disorders management intervention outcomes for development of core outcome sets: A systematic review""",2024,peer-review,,type_not_allowed:peer-review;missing_anchor_group:backfire|counterproductive|unintended consequence|boomerang
crossref,backfire_iatrogenic,3,backfire counterproductive intervention systematic review,39,10.21203/rs.3.rs-5550117/v1,10.21203/rs.3.rs-5550117/v1,Exploring the role of participative processes in breast cancer psychosocial intervention: a systematic review,2024,posted-content,,missing_anchor_group:backfire|counterproductive|unintended consequence|boomerang
crossref,backfire_iatrogenic,3,backfire counterproductive intervention systematic review,40,10.1111/joor.13692/v2/review1,10.1111/joor.13692/v2/review1,"Review for ""Synthesis of temporomandibular disorders management intervention outcomes for development of core outcome sets: A systematic review""",2023,peer-review,,type_not_allowed:peer-review;missing_anchor_group:backfire|counterproductive|unintended consequence|boomerang
crossref,backfire_iatrogenic,3,backfire counterproductive intervention systematic review,41,10.1111/j.1365-2834.2004.00472.x,10.1111/j.1365-2834.2004.00472.x,A systematic review of psychoeducational intervention trials for the management of chronic stable angina,2004,journal-article,Journal of Nursing Management,missing_anchor_group:backfire|counterproductive|unintended consequence|boomerang
crossref,backfire_iatrogenic,3,backfire counterproductive intervention systematic review,42,10.21203/rs.3.rs-4312225/v1,10.21203/rs.3.rs-4312225/v1,Acceptability and effectiveness of stationary bike intervention on health outcomes among older adults: a systematic review of intervention studies,2024,posted-content,,missing_anchor_group:backfire|counterproductive|unintended consequence|boomerang
crossref,backfire_iatrogenic,3,backfire counterproductive intervention systematic review,43,10.13007/180,10.13007/180,When Financial Incentives Backfire,2013,report,,missing_anchor_group:intervention|policy|treatment|campaign
crossref,backfire_iatrogenic,3,backfire counterproductive intervention systematic review,44,10.5220/0010811300003347,10.5220/0010811300003347,Resilience Intervention in Improving Well-Being among Young Effender: Systematic Literature Review,2021,proceedings-article,Proceedings of the 2nd International Conference on Psychological Studies,missing_anchor_group:backfire|counterproductive|unintended consequence|boomerang
crossref,backfire_iatrogenic,3,backfire counterproductive intervention systematic review,45,10.1111/beer.12603/v1/review2,10.1111/beer.12603/v1/review2,"Review for ""Can organizations get away with greenwashing? CSR attributions and counterproductive sustainability behaviors""",2023,peer-review,,type_not_allowed:peer-review;missing_anchor_group:intervention|policy|treatment|campaign
crossref,backfire_iatrogenic,3,backfire counterproductive intervention systematic review,46,10.1111/beer.12603/v1/review3,10.1111/beer.12603/v1/review3,"Review for ""Can organizations get away with greenwashing? CSR attributions and counterproductive sustainability behaviors""",2023,peer-review,,type_not_allowed:peer-review;missing_anchor_group:intervention|policy|treatment|campaign
crossref,backfire_iatrogenic,3,backfire counterproductive intervention systematic review,47,10.37766/inplasy2024.5.0084,10.37766/inplasy2024.5.0084,Psychosocial intervention for family caregivers of ALS patients: A systematic review,2024,report,,missing_anchor_group:backfire|counterproductive|unintended consequence|boomerang
crossref,backfire_iatrogenic,3,backfire counterproductive intervention systematic review,48,10.1111/dom.16104/v1/review1,10.1111/dom.16104/v1/review1,"Review for ""The effect of altered sleep timing on glycaemic outcomes: Systematic review of human intervention studies""",2024,peer-review,,type_not_allowed:peer-review;missing_anchor_group:backfire|counterproductive|unintended consequence|boomerang
crossref,backfire_iatrogenic,3,backfire counterproductive intervention systematic review,49,10.1111/beer.12603/v2/review2,10.1111/beer.12603/v2/review2,"Review for ""Can organizations get away with greenwashing? CSR attributions and counterproductive sustainability behaviors""",2023,peer-review,,type_not_allowed:peer-review;missing_anchor_group:intervention|policy|treatment|campaign
crossref,backfire_iatrogenic,3,backfire counterproductive intervention systematic review,50,10.1111/beer.12603/v3/review1,10.1111/beer.12603/v3/review1,"Review for ""Can organizations get away with greenwashing? CSR attributions and counterproductive sustainability behaviors""",2023,peer-review,,type_not_allowed:peer-review;missing_anchor_group:intervention|policy|treatment|campaign
openalex,economic_network_rebound,1,Jevons paradox rebound effect efficiency backfire,1,https://openalex.org/W3135262546,10.1016/j.erss.2021.101982,The Jevons paradox unravelled: A multi-level typology of rebound effects and mechanisms,2021,article,"Energy, Environment, and Transportation Policies",missing_anchor_group:efficiency|energy|resource
openalex,economic_network_rebound,1,Jevons paradox rebound effect efficiency backfire,5,https://openalex.org/W2340771121,10.1016/j.enpol.2016.03.054,How to deal with the rebound effect? A policy-oriented approach,2016,article,"Energy, Environment, and Transportation Policies",missing_anchor_group:efficiency|energy|resource
openalex,economic_network_rebound,1,Jevons paradox rebound effect efficiency backfire,6,https://openalex.org/W4214660962,10.1016/j.jclepro.2022.131136,"The rebound effect of circular economy: Definitions, mechanisms and a research agenda",2022,article,"Energy, Environment, and Transportation Policies",missing_anchor_group:efficiency|energy|resource
openalex,economic_network_rebound,1,Jevons paradox rebound effect efficiency backfire,8,https://openalex.org/W2938200629,10.1016/j.jclepro.2019.04.115,Rebound effects in agricultural land and soil management: Review and analytical framework,2019,article,"Energy, Environment, and Transportation Policies",missing_anchor_group:efficiency|energy|resource
openalex,economic_network_rebound,1,Jevons paradox rebound effect efficiency backfire,9,https://openalex.org/W4289888884,10.1111/jiec.13295,Rebound effect and sustainability science: A review,2022,article,"Energy, Environment, and Transportation Policies",missing_anchor_group:efficiency|energy|resource
openalex,economic_network_rebound,1,Jevons paradox rebound effect efficiency backfire,11,https://openalex.org/W3031654792,10.1016/j.agwat.2020.106163,The verification of Jevons’ paradox of agricultural Water conservation in Tianshan District of China based on Water footprint,2020,article,Water resources management and optimization,missing_anchor_group:efficiency|energy|resource
openalex,economic_network_rebound,1,Jevons paradox rebound effect efficiency backfire,13,https://openalex.org/W1937629675,10.1111/jiec.12285,Revisiting Jevons’ Paradox with System Dynamics: Systemic Causes and Potential Cures,2015,article,"Energy, Environment, and Transportation Policies",missing_anchor_group:efficiency|energy|resource
openalex,economic_network_rebound,1,Jevons paradox rebound effect efficiency backfire,17,https://openalex.org/W2093883602,10.1007/s11367-014-0802-6,The rebound effect through industrial ecology’s eyes: a review of LCA-based studies,2014,article,"Energy, Environment, and Transportation Policies",missing_anchor_group:efficiency|energy|resource
openalex,economic_network_rebound,1,Jevons paradox rebound effect efficiency backfire,21,https://openalex.org/W2800748479,10.3389/fenrg.2018.00038,Moral Licensing—Another Source of Rebound?,2018,article,"Energy, Environment, and Transportation Policies",missing_anchor_group:efficiency|energy|resource
openalex,economic_network_rebound,1,Jevons paradox rebound effect efficiency backfire,23,https://openalex.org/W3017590371,10.1088/1748-9326/ab8b14,"Agricultural intensification and land use change: assessing country-level induced intensification, land sparing and rebound effect",2020,article,"Energy, Environment, and Transportation Policies",missing_anchor_group:efficiency|energy|resource
openalex,economic_network_rebound,1,Jevons paradox rebound effect efficiency backfire,26,https://openalex.org/W2030457377,10.1007/s10502-011-9143-4,Beyond “green buildings:” exploring the effects of Jevons’ Paradox on the sustainability of archival practices,2011,article,Conservation Techniques and Studies,missing_anchor_group:efficiency|energy|resource
openalex,economic_network_rebound,1,Jevons paradox rebound effect efficiency backfire,27,https://openalex.org/W2992231862,10.1016/j.rcrx.2019.100028,Reviewing circular economy rebound effects: The case of online peer-to-peer boat sharing,2019,article,"Energy, Environment, and Transportation Policies",missing_anchor_group:efficiency|energy|resource
openalex,economic_network_rebound,1,Jevons paradox rebound effect efficiency backfire,28,https://openalex.org/W4391448380,10.1016/j.jclepro.2024.141063,Methods to estimate the circular economy rebound effect: A review,2024,article,"Energy, Environment, and Transportation Policies",missing_anchor_group:efficiency|energy|resource
openalex,economic_network_rebound,1,Jevons paradox rebound effect efficiency backfire,29,https://openalex.org/W3199611254,10.1016/j.erss.2021.102295,"Digitalisation, sustainable industrialisation and digital rebound – Asking the right questions for a strategic research agenda",2021,article,"Energy, Environment, and Transportation Policies",missing_anchor_group:efficiency|energy|resource
openalex,economic_network_rebound,1,Jevons paradox rebound effect efficiency backfire,30,https://openalex.org/W4389355609,10.1016/j.ecolecon.2023.108050,Towards a systemic view on rebound effects: Modelling the feedback loops of rebound mechanisms,2023,article,"Energy, Environment, and Transportation Policies",missing_anchor_group:efficiency|energy|resource
openalex,economic_network_rebound,1,Jevons paradox rebound effect efficiency backfire,31,https://openalex.org/W2052089771,10.1016/j.rser.2015.03.002,"Reducing energy demand: A review of issues, challenges and approaches",2015,article,"Energy, Environment, and Transportation Policies",missing_anchor_group:jevons|rebound
openalex,economic_network_rebound,1,Jevons paradox rebound effect efficiency backfire,32,https://openalex.org/W4413208952,10.1002/bse.70135,How Circular Economy Innovation Can Backfire on the Environment: Quantifying the Rebound Effect of the Textiles and Clothing Sector,2025,article,"Energy, Environment, and Transportation Policies",missing_anchor_group:efficiency|energy|resource
openalex,economic_network_rebound,1,Jevons paradox rebound effect efficiency backfire,35,https://openalex.org/W2077313270,10.1016/j.techfore.2012.01.004,Modeling the rebound effect in two manufacturing industries,2012,article,"Energy, Environment, and Transportation Policies",missing_anchor_group:efficiency|energy|resource
openalex,economic_network_rebound,1,Jevons paradox rebound effect efficiency backfire,36,https://openalex.org/W4393993336,10.1111/jiec.13485,The circular economy rebound effect: Reconceptualizing rebound approaches and mitigation opportunities from an ordonomic perspective,2024,article,"Energy, Environment, and Transportation Policies",missing_anchor_group:efficiency|energy|resource
openalex,economic_network_rebound,1,Jevons paradox rebound effect efficiency backfire,37,https://openalex.org/W2621829292,10.1016/j.jclepro.2017.06.050,The influence of energy efficiency on other natural resources use: An input-output perspective,2017,article,"Energy, Environment, and Transportation Policies",missing_anchor_group:jevons|rebound
openalex,economic_network_rebound,1,Jevons paradox rebound effect efficiency backfire,38,https://openalex.org/W2183138799,10.1016/j.rser.2015.10.081,Using an extended LMDI model to explore techno-economic drivers of energy-related industrial CO 2 emission changes: A case study for Shanghai (China),2015,article,Environmental Impact and Sustainability,missing_anchor_group:jevons|rebound
openalex,economic_network_rebound,1,Jevons paradox rebound effect efficiency backfire,39,https://openalex.org/W4293792642,10.1111/jiec.13319,Sharing economy rebound: The case of peer‐to‐peer sharing of food waste,2022,article,Sharing Economy and Platforms,missing_anchor_group:efficiency|energy|resource
openalex,economic_network_rebound,1,Jevons paradox rebound effect efficiency backfire,42,https://openalex.org/W3164676101,10.1016/j.renene.2021.05.074,A conceptual framework for understanding rebound effects with renewable electricity: A new challenge for decarbonizing the electricity sector,2021,article,"Energy, Environment, and Transportation Policies",missing_anchor_group:efficiency|energy|resource
openalex,economic_network_rebound,1,Jevons paradox rebound effect efficiency backfire,43,https://openalex.org/W2106482527,10.7916/d8ng531b,The Rebound Effect in a More Fuel Efficient Transportation Sector,2012,article,"Energy, Environment, and Transportation Policies",missing_anchor_group:efficiency|energy|resource
openalex,economic_network_rebound,1,Jevons paradox rebound effect efficiency backfire,44,https://openalex.org/W3134753820,10.1016/j.eneco.2021.105158,Estimating the economy-wide rebound effect using empirically identified structural vector autoregressions,2021,article,"Energy, Environment, and Transportation Policies",missing_anchor_group:efficiency|energy|resource
openalex,economic_network_rebound,1,Jevons paradox rebound effect efficiency backfire,45,https://openalex.org/W2969869244,10.1080/09669582.2019.1643870,The technology-evoked time use rebound effect and its impact on pro-environmental consumer behaviour in tourism,2019,article,"Energy, Environment, and Transportation Policies",missing_anchor_group:efficiency|energy|resource
openalex,economic_network_rebound,1,Jevons paradox rebound effect efficiency backfire,46,https://openalex.org/W2515874530,10.1016/j.ecolecon.2016.08.023,Economic structure and energy savings from energy efficiency in households,2016,article,"Energy, Environment, and Transportation Policies",missing_anchor_group:jevons|rebound
openalex,economic_network_rebound,1,Jevons paradox rebound effect efficiency backfire,47,https://openalex.org/W2147758422,10.1787/5k9crzjbpkkc-en,Spreading the Net: The Multiple Benefits of Energy Efficiency Improvements,2012,report,Energy and Environment Impacts,missing_anchor_group:jevons|rebound
openalex,economic_network_rebound,1,Jevons paradox rebound effect efficiency backfire,48,https://openalex.org/W2895512753,10.3389/fenrg.2018.00099,Rebounds Are Structural Effects of Infrastructures and Markets,2018,article,"Energy, Environment, and Transportation Policies",missing_anchor_group:efficiency|energy|resource
openalex,economic_network_rebound,1,Jevons paradox rebound effect efficiency backfire,49,https://openalex.org/W2949312662,10.1016/j.erss.2019.05.026,Mind the gap: A social sciences review of energy efficiency,2019,article,Energy Efficiency and Management,missing_anchor_group:jevons|rebound
openalex,economic_network_rebound,1,Jevons paradox rebound effect efficiency backfire,50,https://openalex.org/W3179926738,10.1146/annurev-environ-012320-084937,Energy Efficiency: What Has Research Delivered in the Last 40 Years?,2021,review,"Energy, Environment, and Transportation Policies",type_not_allowed:review;missing_anchor_group:jevons|rebound
crossref,economic_network_rebound,1,Jevons paradox rebound effect efficiency backfire,2,10.4337/9781802200416.ch78,10.4337/9781802200416.ch78,Rebound effect and the Jevons paradox,2023,book-chapter,Elgar Encyclopedia of Ecological Economics,missing_anchor_group:efficiency|energy|resource
crossref,economic_network_rebound,1,Jevons paradox rebound effect efficiency backfire,5,10.1016/j.erss.2020.101893,10.1016/j.erss.2020.101893,Governing Jevons’ Paradox: Policies and systemic alternatives to avoid the rebound effect,2021,journal-article,Energy Research &amp; Social Science,missing_anchor_group:efficiency|energy|resource
crossref,economic_network_rebound,1,Jevons paradox rebound effect efficiency backfire,7,10.1057/9780230583108_7,10.1057/9780230583108_7,Exploring Jevons’ Paradox,2009,book-chapter,Energy Efficiency and Sustainable Consumption,missing_anchor_group:efficiency|energy|resource
crossref,economic_network_rebound,1,Jevons paradox rebound effect efficiency backfire,8,10.3389/fenrg.2019.00090,10.3389/fenrg.2019.00090,Editorial: The Rebound Effect and the Jevons' Paradox: Beyond the Conventional Wisdom,2019,journal-article,Frontiers in Energy Research,missing_anchor_group:efficiency|energy|resource
crossref,economic_network_rebound,1,Jevons paradox rebound effect efficiency backfire,18,10.1016/j.ecolecon.2012.07.010,10.1016/j.ecolecon.2012.07.010,"William Stanley Jevons' The Coal Question (1865), beyond the rebound effect",2012,journal-article,Ecological Economics,missing_anchor_group:efficiency|energy|resource
crossref,economic_network_rebound,1,Jevons paradox rebound effect efficiency backfire,19,10.1016/j.erss.2021.101982,10.1016/j.erss.2021.101982,The Jevons paradox unravelled: A multi-level typology of rebound effects and mechanisms,2021,journal-article,Energy Research &amp; Social Science,missing_anchor_group:efficiency|energy|resource
crossref,economic_network_rebound,1,Jevons paradox rebound effect efficiency backfire,25,10.2139/ssrn.6303419,10.2139/ssrn.6303419,"AI, Legal Labor, and the Jevons Paradox",2026,posted-content,,missing_anchor_group:efficiency|energy|resource
crossref,economic_network_rebound,1,Jevons paradox rebound effect efficiency backfire,27,10.1016/j.jup.2026.102178,10.1016/j.jup.2026.102178,Analysis of the effect of wealth taxes in overcoming the Jevons paradox,2026,journal-article,Utilities Policy,missing_anchor_group:efficiency|energy|resource
crossref,economic_network_rebound,1,Jevons paradox rebound effect efficiency backfire,30,10.2139/ssrn.945034,10.2139/ssrn.945034,The Possible Dangerous Effects of Cleaner Technologies: Some Elementary Theorems of Rebound and Backfire Effects,2006,posted-content,,missing_anchor_group:efficiency|energy|resource
crossref,economic_network_rebound,1,Jevons paradox rebound effect efficiency backfire,34,10.31235/osf.io/vb5q3,10.31235/osf.io/vb5q3,Jevons' paradox and a tax on aviation to prevent the next pandemic,2020,posted-content,,missing_anchor_group:efficiency|energy|resource
crossref,economic_network_rebound,1,Jevons paradox rebound effect efficiency backfire,35,10.1016/j.ecolecon.2005.03.020,10.1016/j.ecolecon.2005.03.020,Jevons' paradox,2005,journal-article,Ecological Economics,missing_anchor_group:efficiency|energy|resource
crossref,economic_network_rebound,1,Jevons paradox rebound effect efficiency backfire,37,10.4324/9781315640051-13,10.4324/9781315640051-13,The Jevons Paradox,2018,book-chapter,Companion to Environmental Studies,missing_anchor_group:efficiency|energy|resource
crossref,economic_network_rebound,1,Jevons paradox rebound effect efficiency backfire,38,10.5089/9798229053464.001.a001,10.5089/9798229053464.001.a001,The Generalized Jevons Paradox and the Future of Energy,,component,,type_not_allowed:component
crossref,economic_network_rebound,1,Jevons paradox rebound effect efficiency backfire,43,10.2307/jj.7583936.17,10.2307/jj.7583936.17,Navigating the Jevons Paradox,2023,book-chapter,Water for All,missing_anchor_group:efficiency|energy|resource
crossref,economic_network_rebound,1,Jevons paradox rebound effect efficiency backfire,44,10.12987/9780300274776-015,10.12987/9780300274776-015,11 Navigating the Jevons Paradox,2023,book-chapter,Water for All,missing_anchor_group:efficiency|energy|resource
crossref,economic_network_rebound,1,Jevons paradox rebound effect efficiency backfire,45,10.51551/verimlilik.1068682,10.51551/verimlilik.1068682,Jevons Paradoksu Hala Geçerli mi? Yükselen Piyasa Ekonomileri Örneği,2023,journal-article,Verimlilik Dergisi,missing_anchor_group:efficiency|energy|resource
crossref,economic_network_rebound,1,Jevons paradox rebound effect efficiency backfire,46,10.1057/9780230583108_11,10.1057/9780230583108_11,Sufficiency and the Rebound Effect,2009,book-chapter,Energy Efficiency and Sustainable Consumption,missing_anchor_group:efficiency|energy|resource
crossref,economic_network_rebound,1,Jevons paradox rebound effect efficiency backfire,48,10.4337/9781803921044.ch69,10.4337/9781803921044.ch69,Jevons paradox,2024,book-chapter,Elgar Encyclopedia of Environmental Sociology,missing_anchor_group:efficiency|energy|resource
crossref,economic_network_rebound,1,Jevons paradox rebound effect efficiency backfire,49,10.4337/9781788974912.j.1,10.4337/9781788974912.j.1,Jevons paradox,2023,book-chapter,Dictionary of Ecological Economics,missing_anchor_group:efficiency|energy|resource
openalex,economic_network_rebound,2,Braess paradox added capacity worse performance,3,https://openalex.org/W2505375512,10.1016/j.trb.2016.06.008,Reliability-based stochastic transit assignment: Formulations and capacity paradox,2016,article,Transportation Planning and Optimization,missing_anchor_group:braess
openalex,economic_network_rebound,2,Braess paradox added capacity worse performance,5,https://openalex.org/W2042703915,10.1038/srep03292,Braess's Paradox in Epidemic Game: Better Condition Results in Less Payoff,2013,article,COVID-19 epidemiological studies,missing_anchor_group:network|traffic|capacity|routing|performance
openalex,economic_network_rebound,2,Braess paradox added capacity worse performance,6,https://openalex.org/W4238632841,10.4108/icst.wiopt2008.3223,A Braess Type Paradox in Power Control Over Interference Channels,2008,conference-paper,Transportation Planning and Optimization,type_not_allowed:conference-paper;missing_anchor_group:network|traffic|capacity|routing|performance
openalex,economic_network_rebound,2,Braess paradox added capacity worse performance,7,https://openalex.org/W2167099323,10.48550/arxiv.0808.4079,From Altruism to Non-Cooperation in Routing Games,2008,preprint,Game Theory and Applications,missing_anchor_group:braess
openalex,economic_network_rebound,2,Braess paradox added capacity worse performance,8,https://openalex.org/W2280091501,10.1016/j.trb.2016.01.013,The Downs–Thomson paradox with imperfect mode substitutes and alternative transit administration regimes,2016,article,Transportation Planning and Optimization,missing_anchor_group:braess;missing_anchor_group:network|traffic|capacity|routing|performance
openalex,economic_network_rebound,2,Braess paradox added capacity worse performance,9,https://openalex.org/W2050797500,,On the performance of user equilibrium in traffic networks,2011,report,Transportation Planning and Optimization,missing_anchor_group:braess
openalex,economic_network_rebound,2,Braess paradox added capacity worse performance,11,https://openalex.org/W1574394320,,Routing games : From egoism to altruism,2010,article,Game Theory and Applications,missing_anchor_group:braess
openalex,economic_network_rebound,2,Braess paradox added capacity worse performance,15,https://openalex.org/W2240544477,10.1515/cait-2015-0018,Paradox Phenomena in Autonomously Self-Adapting Navigation,2015,article,Game Theory and Applications,missing_anchor_group:braess;missing_anchor_group:network|traffic|capacity|routing|performance
openalex,economic_network_rebound,2,Braess paradox added capacity worse performance,16,https://openalex.org/W1993424297,10.1155/2007/68280,A Paradox in a Queueing Network with State-Dependent Routing and Loss,2007,article,Advanced Queuing Theory Analysis,missing_anchor_group:braess
openalex,economic_network_rebound,2,Braess paradox added capacity worse performance,17,https://openalex.org/W2483648606,,Paradoxes in networks supporting competitive electricity markets,2000,report,Electric Power System Optimization,missing_anchor_group:braess
openalex,economic_network_rebound,2,Braess paradox added capacity worse performance,18,https://openalex.org/W2124282463,10.1016/j.socnet.2012.10.001,Knowledge and networks: An experimental test of how network knowledge affects coordination,2012,article,Opinion Dynamics and Social Influence,missing_anchor_group:braess
openalex,economic_network_rebound,2,Braess paradox added capacity worse performance,19,https://openalex.org/W3041161889,10.1155/2020/8393724,Experimental Study of Day-to-Day Route-Choice Behavior: Evaluating the Effect of ATIS Market Penetration,2020,article,Transportation Planning and Optimization,missing_anchor_group:braess;missing_anchor_group:network|traffic|capacity|routing|performance
openalex,economic_network_rebound,2,Braess paradox added capacity worse performance,21,https://openalex.org/W1580426026,,BUILDING OUR WAY OUT OF CONGESTION? HIGHWAY CAPACITY FOR TWIN CITIES,2001,article,Transportation Planning and Optimization,missing_anchor_group:braess
openalex,economic_network_rebound,2,Braess paradox added capacity worse performance,22,https://openalex.org/W2625366419,10.1016/j.neucom.2017.05.090,Policy invariance under reward transformations for multi-objective reinforcement learning,2017,article,Reinforcement Learning in Robotics,missing_anchor_group:braess;missing_anchor_group:network|traffic|capacity|routing|performance
openalex,economic_network_rebound,2,Braess paradox added capacity worse performance,23,https://openalex.org/W4392040821,10.1103/physrevresearch.6.013194,Improving power-grid systems via topological changes or how self-organized criticality can help power grids,2024,article,Complex Network Analysis Techniques,missing_anchor_group:braess;missing_anchor_group:network|traffic|capacity|routing|performance
openalex,economic_network_rebound,2,Braess paradox added capacity worse performance,24,https://openalex.org/W2298916148,10.1080/01441647.2015.1125399,"From user equilibrium to system optimum: a literature review on the role of travel information, bounded rationality and non-selfish behaviour at the network and individual levels",2016,article,Transportation Planning and Optimization,missing_anchor_group:braess
openalex,economic_network_rebound,2,Braess paradox added capacity worse performance,25,https://openalex.org/W1600464843,10.5772/54377,Models of Paradoxical Coincident Cost Degradation in Noncooperative Networks,2013,book-chapter,Game Theory and Applications,missing_anchor_group:braess
openalex,economic_network_rebound,2,Braess paradox added capacity worse performance,26,https://openalex.org/W3121217993,10.1002/net.20133,Efficiency and fairness of system‐optimal routing with user constraints,2006,article,Transportation Planning and Optimization,missing_anchor_group:braess
openalex,economic_network_rebound,2,Braess paradox added capacity worse performance,27,https://openalex.org/W2617307967,10.1155/2017/7691370,Deliberative Self-Organizing Traffic Lights with Elementary Cellular Automata,2017,article,Traffic control and management,missing_anchor_group:braess
openalex,economic_network_rebound,2,Braess paradox added capacity worse performance,28,https://openalex.org/W1007678810,10.1007/978-3-319-03871-1_14,Braess-Type Paradox in Self-optimizing Wireless Networks,2013,conference-paper,Wireless Communication Networks Research,type_not_allowed:conference-paper
openalex,economic_network_rebound,2,Braess paradox added capacity worse performance,29,https://openalex.org/W2463213707,,Topics on electricity transmission pricing,2000,dissertation,Electric Power System Optimization,missing_anchor_group:braess;missing_anchor_group:network|traffic|capacity|routing|performance
openalex,economic_network_rebound,2,Braess paradox added capacity worse performance,30,https://openalex.org/W4307787734,10.1063/5.0160915,Toward dynamic stability assessment of power grid topologies using graph neural networks,2023,article,Microgrid Control and Optimization,missing_anchor_group:braess
openalex,economic_network_rebound,2,Braess paradox added capacity worse performance,31,https://openalex.org/W3122548282,,Traffic Congestion and Congestion Pricing,2000,preprint,Transportation Planning and Optimization,missing_anchor_group:braess
openalex,economic_network_rebound,2,Braess paradox added capacity worse performance,32,https://openalex.org/W2875847991,10.1145/3230543.3230575,"On low-latency-capable topologies, and their impact on the design of intra-domain routing",2018,conference-paper,Software-Defined Networks and 5G,type_not_allowed:conference-paper;missing_anchor_group:braess
openalex,economic_network_rebound,2,Braess paradox added capacity worse performance,33,https://openalex.org/W3141455190,10.3386/w24562,Place-Based Policies for Development,2018,report,Regional Economics and Spatial Analysis,missing_anchor_group:braess;missing_anchor_group:network|traffic|capacity|routing|performance
openalex,economic_network_rebound,2,Braess paradox added capacity worse performance,34,https://openalex.org/W2141645891,10.1007/s11067-009-9111-1,Special Issue on Transport Infrastructure: A Route Choice Experiment with an Efficient Toll,2009,editorial,Economic and Environmental Valuation,type_not_allowed:editorial;missing_anchor_group:braess;missing_anchor_group:network|traffic|capacity|routing|performance
openalex,economic_network_rebound,2,Braess paradox added capacity worse performance,35,https://openalex.org/W3085854604,10.1016/j.trip.2020.100210,Simulation pipeline for traffic evacuation in urban areas and emergency traffic management policy improvements through case studies,2020,article,Evacuation and Crowd Dynamics,missing_anchor_group:braess
openalex,economic_network_rebound,2,Braess paradox added capacity worse performance,36,https://openalex.org/W2075004702,10.1016/j.tcs.2008.06.045,A new model for selfish routing,2008,article,Game Theory and Applications,missing_anchor_group:braess
openalex,economic_network_rebound,2,Braess paradox added capacity worse performance,37,https://openalex.org/W4282549828,10.3390/systems10030077,Smart Cities from the Perspective of Systems,2022,article,Human Mobility and Location-Based Analysis,missing_anchor_group:braess;missing_anchor_group:network|traffic|capacity|routing|performance
openalex,economic_network_rebound,2,Braess paradox added capacity worse performance,39,https://openalex.org/W2800984827,10.1063/1.5006986,Complex networks untangle competitive advantage in Australian football,2018,article,Sports Analytics and Performance,missing_anchor_group:braess
openalex,economic_network_rebound,2,Braess paradox added capacity worse performance,40,https://openalex.org/W3215375171,10.1016/j.ejor.2021.11.041,How to split the costs and charge the travellers sharing a ride? aligning system’s optimum with users’ equilibrium,2021,article,Transportation and Mobility Innovations,missing_anchor_group:braess;missing_anchor_group:network|traffic|capacity|routing|performance
openalex,economic_network_rebound,2,Braess paradox added capacity worse performance,41,https://openalex.org/W4288805516,10.48550/arxiv.2207.13698,How Does Eco-Routing Affect Total System Emissions? City Network Predictions From User Equilibrium Models,2022,preprint,Transportation Planning and Optimization,missing_anchor_group:braess
openalex,economic_network_rebound,2,Braess paradox added capacity worse performance,42,https://openalex.org/W2130201106,10.1016/j.trc.2012.10.010,Valuation of travel time reliability from a GPS-based experimental design,2012,article,Transportation Planning and Optimization,missing_anchor_group:braess;missing_anchor_group:network|traffic|capacity|routing|performance
openalex,economic_network_rebound,2,Braess paradox added capacity worse performance,43,https://openalex.org/W2972457641,10.1147/jrd.2019.2940430,Quantifying supply chain network synergy for humanitarian organizations,2019,article,Supply Chain Resilience and Risk Management,missing_anchor_group:braess
openalex,economic_network_rebound,2,Braess paradox added capacity worse performance,44,https://openalex.org/W4391216345,10.1109/access.2024.3358608,Counter-Intuitive Effects of Q-Learning Exploration in a Congestion Dilemma,2024,article,Game Theory and Applications,missing_anchor_group:braess;missing_anchor_group:network|traffic|capacity|routing|performance
openalex,economic_network_rebound,2,Braess paradox added capacity worse performance,45,https://openalex.org/W4214836850,10.3390/su14052853,A Paradigm Shift for a Transition to Sustainable Urban Transport,2022,article,Urban Transport and Accessibility,missing_anchor_group:braess;missing_anchor_group:network|traffic|capacity|routing|performance
openalex,economic_network_rebound,2,Braess paradox added capacity worse performance,46,https://openalex.org/W2342265845,,As needs must : a qualitative study of motorists' habitual traffic behaviour in a situation of reduced road capacity,2014,dissertation,Transportation Planning and Optimization,missing_anchor_group:braess
openalex,economic_network_rebound,2,Braess paradox added capacity worse performance,47,https://openalex.org/W2076437871,10.1016/j.trb.2013.05.009,On activity-based network design problems,2013,article,Transportation Planning and Optimization,missing_anchor_group:braess
openalex,economic_network_rebound,2,Braess paradox added capacity worse performance,48,https://openalex.org/W3014182282,10.14279/depositonce-9217,Braess' paradox and congestion pricing in MATSim,2017,conference-paper,Transportation Planning and Optimization,type_not_allowed:conference-paper;missing_anchor_group:network|traffic|capacity|routing|performance
openalex,economic_network_rebound,2,Braess paradox added capacity worse performance,49,https://openalex.org/W4417448095,10.48550/arxiv.2512.12197,Braess' Paradoxes in Coupled Power and Transportation Systems,2025,preprint,Game Theory and Applications,missing_anchor_group:network|traffic|capacity|routing|performance
openalex,economic_network_rebound,2,Braess paradox added capacity worse performance,50,https://openalex.org/W4251950558,10.1016/j.trpro.2019.05.019,The danger zone of express services: when increasing frequencies can deteriorate the level of service,2019,article,Transportation Planning and Optimization,missing_anchor_group:braess;missing_anchor_group:network|traffic|capacity|routing|performance
crossref,economic_network_rebound,2,Braess paradox added capacity worse performance,1,10.1145/1807406.1807461,10.1145/1807406.1807461,Degrading network capacity may improve performance,2010,proceedings-article,Proceedings of the Behavioral and Quantitative Game Theory: Conference on Future Directions,missing_anchor_group:braess
crossref,economic_network_rebound,2,Braess paradox added capacity worse performance,4,10.1021/acs.jctc.5c01269.s001,10.1021/acs.jctc.5c01269.s001,Braess Paradox in Enzyme Kinetics: Asymmetry from Population Balance without Direct Cooperativity,,component,,type_not_allowed:component;missing_anchor_group:network|traffic|capacity|routing|performance
crossref,economic_network_rebound,2,Braess paradox added capacity worse performance,7,10.2139/ssrn.1503289,10.2139/ssrn.1503289,Economic Implications of the Braess Paradox in Competitive Markets,2009,posted-content,,missing_anchor_group:network|traffic|capacity|routing|performance
crossref,economic_network_rebound,2,Braess paradox added capacity worse performance,9,10.1016/b978-0-08-102671-7.10760-2,10.1016/b978-0-08-102671-7.10760-2,The Braess Paradox,2021,book-chapter,International Encyclopedia of Transportation,missing_anchor_group:network|traffic|capacity|routing|performance
crossref,economic_network_rebound,2,Braess paradox added capacity worse performance,12,10.1093/oso/9780195125498.003.0005,10.1093/oso/9780195125498.003.0005,How Braess’ Paradox Solves Newcomb’s Problem,1999,book-chapter,"Modeling Rationality, Morality, and Evolution",missing_anchor_group:network|traffic|capacity|routing|performance
crossref,economic_network_rebound,2,Braess paradox added capacity worse performance,13,10.1007/bf01589354,10.1007/bf01589354,The Braess paradox,1981,journal-article,Mathematical Programming,missing_anchor_group:network|traffic|capacity|routing|performance
crossref,economic_network_rebound,2,Braess paradox added capacity worse performance,15,10.1108/ijppm.2004.07953eae.001,10.1108/ijppm.2004.07953eae.001,The Progress Paradox: How Life Gets Better While People Feel Worse,2004,journal-article,International Journal of Productivity and Performance Management,missing_anchor_group:braess;missing_anchor_group:network|traffic|capacity|routing|performance
crossref,economic_network_rebound,2,Braess paradox added capacity worse performance,16,10.1109/wsc.2013.6721556,10.1109/wsc.2013.6721556,Replicating human interaction in Braess Paradox,2013,proceedings-article,2013 Winter Simulations Conference (WSC),missing_anchor_group:network|traffic|capacity|routing|performance
crossref,economic_network_rebound,2,Braess paradox added capacity worse performance,18,10.2307/jj.42679328.10,10.2307/jj.42679328.10,HOW BRAESS’ PARADOX SOLVES NEWCOMB’S PROBLEM:,2026,book-chapter,"Paradoxes of Rationality, Probability and Utility",missing_anchor_group:network|traffic|capacity|routing|performance
crossref,economic_network_rebound,2,Braess paradox added capacity worse performance,21,10.2139/ssrn.4501460,10.2139/ssrn.4501460,Simulation of Bagua Elements’ Braess Paradox by Electrothermal Characteristics of Kirigami Structures,2023,posted-content,,missing_anchor_group:network|traffic|capacity|routing|performance
crossref,economic_network_rebound,2,Braess paradox added capacity worse performance,24,10.1101/2025.07.30.667590,10.1101/2025.07.30.667590,Braess’ Paradox in Enzyme Kinetics: Asymmetry from Population Balance without Direct Cooperativity,2025,posted-content,,missing_anchor_group:network|traffic|capacity|routing|performance
crossref,economic_network_rebound,2,Braess paradox added capacity worse performance,25,10.1080/0025570x.2019.1571375,10.1080/0025570x.2019.1571375,The Chicken Braess Paradox,2019,journal-article,Mathematics Magazine,missing_anchor_group:network|traffic|capacity|routing|performance
crossref,economic_network_rebound,2,Braess paradox added capacity worse performance,27,10.1103/physreve.98.062406,10.1103/physreve.98.062406,Biological version of Braess' paradox arising from perturbed homeostasis,2018,journal-article,Physical Review E,missing_anchor_group:network|traffic|capacity|routing|performance
crossref,economic_network_rebound,2,Braess paradox added capacity worse performance,29,10.4108/icst.wiopt2008.3223,10.4108/icst.wiopt2008.3223,A Braess Type Paradox in Power Control Over Interference Channels,2008,proceedings-article,Proceedings of the 6th Intl Symposium on Modeling and Optimization,missing_anchor_group:network|traffic|capacity|routing|performance
crossref,economic_network_rebound,2,Braess paradox added capacity worse performance,30,10.13001/1081-3810.3222,10.13001/1081-3810.3222,Kemeny's Constant And An Analogue Of Braess' Paradox For Trees,2016,journal-article,The Electronic Journal of Linear Algebra,missing_anchor_group:network|traffic|capacity|routing|performance
crossref,economic_network_rebound,2,Braess paradox added capacity worse performance,31,10.1016/j.laa.2019.12.040,10.1016/j.laa.2019.12.040,The Braess' paradox for pendent twins,2020,journal-article,Linear Algebra and its Applications,missing_anchor_group:network|traffic|capacity|routing|performance
crossref,economic_network_rebound,2,Braess paradox added capacity worse performance,33,10.17815/cd.2025.190,10.17815/cd.2025.190,Exploring the Braess Paradox: Static Versus Dynamic Assignment,2025,journal-article,Collective Dynamics,missing_anchor_group:network|traffic|capacity|routing|performance
crossref,economic_network_rebound,2,Braess paradox added capacity worse performance,36,10.1287/trsc.17.3.301,10.1287/trsc.17.3.301,The Prevalence of Braess' Paradox,1983,journal-article,Transportation Science,missing_anchor_group:network|traffic|capacity|routing|performance
crossref,economic_network_rebound,2,Braess paradox added capacity worse performance,41,10.1287/trsc.1090.0258,10.1287/trsc.1090.0258,Investigating Braess' Paradox with Time-Dependent Queues,2009,journal-article,Transportation Science,missing_anchor_group:network|traffic|capacity|routing|performance
crossref,economic_network_rebound,2,Braess paradox added capacity worse performance,42,10.1287/trsc.1050.0127,10.1287/trsc.1050.0127,On a Paradox of Traffic Planning,2005,journal-article,Transportation Science,missing_anchor_group:braess
crossref,economic_network_rebound,2,Braess paradox added capacity worse performance,44,10.1049/iet-sen.2016.0168,10.1049/iet-sen.2016.0168,Equilibrium with predictive routeing in the online version of the Braess paradox,2017,journal-article,IET Software,missing_anchor_group:network|traffic|capacity|routing|performance
crossref,economic_network_rebound,2,Braess paradox added capacity worse performance,47,10.2174/1874447800802010047,10.2174/1874447800802010047,Power-Law Congestion Costs: Minimal Revenue (MR) Pricing and the Braess Paradox,2008,journal-article,The Open Transportation Journal,missing_anchor_group:network|traffic|capacity|routing|performance
crossref,economic_network_rebound,2,Braess paradox added capacity worse performance,48,10.1177/1046878116671754,10.1177/1046878116671754,Using the Braess Paradox to Teach Tacit Negotiation,2016,journal-article,Simulation &amp; Gaming,missing_anchor_group:network|traffic|capacity|routing|performance
crossref,economic_network_rebound,2,Braess paradox added capacity worse performance,50,10.1177/1046878116671755,10.1177/1046878116671755,COMMUTER BRIDGE,2016,journal-article,Simulation &amp; Gaming,missing_anchor_group:braess;missing_anchor_group:network|traffic|capacity|routing|performance
openalex,economic_network_rebound,3,safe development paradox protection increased risk,1,https://openalex.org/W2105414963,10.5751/es-03180-140232,Planetary Boundaries: Exploring the Safe Operating Space for Humanity,2009,article,Coastal and Marine Management,missing_anchor_group:safe development|levee|flood protection;missing_anchor_group:risk|flood|development
openalex,economic_network_rebound,3,safe development paradox protection increased risk,2,https://openalex.org/W3183857127,10.1093/eurheartj/ehz455,2019 ESC/EAS Guidelines for the management of dyslipidaemias: lipid modification to reduce cardiovascular risk,2019,article,Lipoproteins and Cardiovascular Health,missing_anchor_group:safe development|levee|flood protection
openalex,economic_network_rebound,3,safe development paradox protection increased risk,4,https://openalex.org/W2891125414,10.1016/s2214-109x(18)30386-3,High-quality health systems in the Sustainable Development Goals era: time for a revolution,2018,article,Global Maternal and Child Health,missing_anchor_group:safe development|levee|flood protection
openalex,economic_network_rebound,3,safe development paradox protection increased risk,6,https://openalex.org/W2041384361,10.1177/0001839212453028,The Transparency Paradox,2012,article,Experimental Behavioral Economics Studies,missing_anchor_group:safe development|levee|flood protection;missing_anchor_group:risk|flood|development
openalex,economic_network_rebound,3,safe development paradox protection increased risk,7,https://openalex.org/W2912799455,10.1016/j.envint.2019.01.067,"Heavy metals in food crops: Health risks, fate, mechanisms, and management",2019,article,Heavy metals in environment,missing_anchor_group:safe development|levee|flood protection
openalex,economic_network_rebound,3,safe development paradox protection increased risk,8,https://openalex.org/W2095625773,10.1017/s0954422410000090,The probiotic paradox: live and dead cells are biological response modifiers,2010,article,Probiotics and Fermented Foods,missing_anchor_group:safe development|levee|flood protection;missing_anchor_group:risk|flood|development
openalex,economic_network_rebound,3,safe development paradox protection increased risk,9,https://openalex.org/W2155903397,10.3389/fphar.2012.00141,Resveratrol: French Paradox Revisited,2012,article,Sirtuins and Resveratrol in Medicine,missing_anchor_group:safe development|levee|flood protection;missing_anchor_group:risk|flood|development
openalex,economic_network_rebound,3,safe development paradox protection increased risk,10,https://openalex.org/W2136513790,10.3386/w11728,Has Financial Development Made the World Riskier?,2005,report,"Banking stability, regulation, efficiency",missing_anchor_group:safe development|levee|flood protection
openalex,economic_network_rebound,3,safe development paradox protection increased risk,12,https://openalex.org/W2606533346,10.1016/j.habitatint.2017.04.005,Greening cities – To be socially inclusive? About the alleged paradox of society and ecology in cities,2017,article,Urban Green Space and Health,missing_anchor_group:safe development|levee|flood protection;missing_anchor_group:risk|flood|development
openalex,economic_network_rebound,3,safe development paradox protection increased risk,13,https://openalex.org/W2114691966,10.1111/j.1467-8624.2009.01405.x,The Significance of Insecure Attachment and Disorganization in the Development of Children’s Externalizing Behavior: A Meta-Analytic Study,2010,article,Child and Adolescent Psychosocial and Emotional Development,missing_anchor_group:safe development|levee|flood protection
openalex,economic_network_rebound,3,safe development paradox protection increased risk,14,https://openalex.org/W2782708334,10.1038/nrd.2017.243,mRNA vaccines — a new era in vaccinology,2018,review,RNA Interference and Gene Delivery,type_not_allowed:review;missing_anchor_group:safe development|levee|flood protection;missing_anchor_group:risk|flood|development
openalex,economic_network_rebound,3,safe development paradox protection increased risk,15,https://openalex.org/W2164968709,10.1093/bjsw/bcq024,Learning to Reduce Risk in Child Protection,2010,article,Community Health and Development,missing_anchor_group:safe development|levee|flood protection
openalex,economic_network_rebound,3,safe development paradox protection increased risk,16,https://openalex.org/W2163818467,10.1080/09669580308667216,Sustainable Tourism Development: A Critique,2003,article,Diverse Aspects of Tourism Research,missing_anchor_group:safe development|levee|flood protection
openalex,economic_network_rebound,3,safe development paradox protection increased risk,17,https://openalex.org/W2130813021,10.2337/dc08-9018,Lipoprotein Management in Patients With Cardiometabolic Risk,2008,article,Lipoproteins and Cardiovascular Health,missing_anchor_group:safe development|levee|flood protection
openalex,economic_network_rebound,3,safe development paradox protection increased risk,18,https://openalex.org/W4211168195,10.1016/s0140-6736(19)32319-0,Colorectal cancer,2019,article,Colorectal Cancer Surgical Treatments,missing_anchor_group:safe development|levee|flood protection;missing_anchor_group:risk|flood|development
openalex,economic_network_rebound,3,safe development paradox protection increased risk,19,https://openalex.org/W2013980575,10.1016/j.mce.2010.04.005,"The anti-inflammatory and immunosuppressive effects of glucocorticoids, recent developments and mechanistic insights",2010,article,Immune Response and Inflammation,missing_anchor_group:safe development|levee|flood protection
openalex,economic_network_rebound,3,safe development paradox protection increased risk,20,https://openalex.org/W1968444823,10.1111/jcc4.12052,"The ‘Privacy Paradox’ in the Social Web: The Impact of Privacy Concerns, Individual Characteristics, and the Perceived Social Relevance on Different Forms of Self-Disclosure",2013,article,"Privacy, Security, and Data Protection",missing_anchor_group:safe development|levee|flood protection;missing_anchor_group:risk|flood|development
openalex,economic_network_rebound,3,safe development paradox protection increased risk,21,https://openalex.org/W3046275966,10.1016/s0140-6736(20)30367-6,"Dementia prevention, intervention, and care: 2020 report of the Lancet Commission",2020,article,Dementia and Cognitive Impairment Research,missing_anchor_group:safe development|levee|flood protection;missing_anchor_group:risk|flood|development
openalex,economic_network_rebound,3,safe development paradox protection increased risk,22,https://openalex.org/W2175751433,10.1016/s0140-6736(15)60901-1,Safeguarding human health in the Anthropocene epoch: report of The Rockefeller Foundation–Lancet Commission on planetary health,2015,article,Climate Change and Health Impacts,missing_anchor_group:safe development|levee|flood protection;missing_anchor_group:risk|flood|development
openalex,economic_network_rebound,3,safe development paradox protection increased risk,23,https://openalex.org/W2144663588,10.1161/cir.0b013e318235eb4d,AHA/ACCF Secondary Prevention and Risk Reduction Therapy for Patients With Coronary and Other Atherosclerotic Vascular Disease: 2011 Update,2011,article,Antiplatelet Therapy and Cardiovascular Diseases,missing_anchor_group:safe development|levee|flood protection
openalex,economic_network_rebound,3,safe development paradox protection increased risk,24,https://openalex.org/W2888589263,10.1093/eurheartj/ehy339,2018 ESC/ESH Guidelines for the management of arterial hypertension,2018,article,Blood Pressure and Hypertension Studies,missing_anchor_group:safe development|levee|flood protection;missing_anchor_group:risk|flood|development
openalex,economic_network_rebound,3,safe development paradox protection increased risk,25,https://openalex.org/W2228338508,10.1007/978-3-7643-8340-4_6,Heavy Metal Toxicity and the Environment,2012,book-chapter,Heavy Metal Exposure and Toxicity,missing_anchor_group:safe development|levee|flood protection;missing_anchor_group:risk|flood|development
openalex,economic_network_rebound,3,safe development paradox protection increased risk,26,https://openalex.org/W3043787700,10.3390/nano10071403,Polymeric Nanoparticles for Drug Delivery: Recent Developments and Future Prospects,2020,article,Nanoparticle-Based Drug Delivery,missing_anchor_group:safe development|levee|flood protection
openalex,economic_network_rebound,3,safe development paradox protection increased risk,27,https://openalex.org/W1994844104,10.1016/j.bbadis.2014.06.010,Elevated risk of type 2 diabetes for development of Alzheimer disease: A key role for oxidative stress in brain,2014,article,Alzheimer's disease research and treatments,missing_anchor_group:safe development|levee|flood protection
openalex,economic_network_rebound,3,safe development paradox protection increased risk,28,https://openalex.org/W2045468017,10.1111/j.1745-6606.2009.01146.x,Determinants of Online Privacy Concern and Its Influence on Privacy Protection Behaviors Among Young Adolescents,2009,article,"Privacy, Security, and Data Protection",missing_anchor_group:safe development|levee|flood protection;missing_anchor_group:risk|flood|development
openalex,economic_network_rebound,3,safe development paradox protection increased risk,29,https://openalex.org/W2788598761,10.1038/s41558-018-0085-1,Integrating human behaviour dynamics into flood disaster risk assessment,2018,article,Flood Risk Assessment and Management,missing_anchor_group:safe development|levee|flood protection
openalex,economic_network_rebound,3,safe development paradox protection increased risk,30,https://openalex.org/W1973206036,10.4161/cbt.7.12.7067,"Cancer cell killing via ROS: To increase or decrease, that is the question",2008,article,Photodynamic Therapy Research Studies,missing_anchor_group:safe development|levee|flood protection;missing_anchor_group:risk|flood|development
openalex,economic_network_rebound,3,safe development paradox protection increased risk,31,https://openalex.org/W4212897451,10.1007/978-3-319-25559-0,Safer Healthcare,2016,book,Quality and Safety in Healthcare,missing_anchor_group:safe development|levee|flood protection;missing_anchor_group:risk|flood|development
openalex,economic_network_rebound,3,safe development paradox protection increased risk,32,https://openalex.org/W2156092714,10.1016/j.clinph.2009.08.016,"Safety, ethical considerations, and application guidelines for the use of transcranial magnetic stimulation in clinical practice and research",2009,article,Transcranial Magnetic Stimulation Studies,missing_anchor_group:safe development|levee|flood protection;missing_anchor_group:risk|flood|development
openalex,economic_network_rebound,3,safe development paradox protection increased risk,33,https://openalex.org/W3045375185,10.3389/fpubh.2020.00403,Combatting Social Isolation Among Older Adults in a Time of Physical Distancing: The COVID-19 Social Connectivity Paradox,2020,article,Health disparities and outcomes,missing_anchor_group:safe development|levee|flood protection;missing_anchor_group:risk|flood|development
openalex,economic_network_rebound,3,safe development paradox protection increased risk,34,https://openalex.org/W2468999896,10.2307/1599951,Paradoxes of the Regulatory State,1990,article,Regulation and Compliance Studies,missing_anchor_group:safe development|levee|flood protection;missing_anchor_group:risk|flood|development
openalex,economic_network_rebound,3,safe development paradox protection increased risk,35,https://openalex.org/W2289545039,10.2196/mental.4984,Mental Health Smartphone Apps: Review and Evidence-Based Recommendations for Future Developments,2016,article,Digital Mental Health Interventions,missing_anchor_group:safe development|levee|flood protection
openalex,economic_network_rebound,3,safe development paradox protection increased risk,36,https://openalex.org/W4400765137,10.1007/s11069-024-06774-z,Safe development paradox: evidence and methodological insights from a systematic review,2024,review,Flood Risk Assessment and Management,type_not_allowed:review
openalex,economic_network_rebound,3,safe development paradox protection increased risk,37,https://openalex.org/W2522228901,10.1002/wps.20341,"Traditional marijuana, high‐potency cannabis and synthetic cannabinoids: increasing risk for psychosis",2016,article,Cannabis and Cannabinoid Research,missing_anchor_group:safe development|levee|flood protection
openalex,economic_network_rebound,3,safe development paradox protection increased risk,38,https://openalex.org/W2892267702,10.1016/j.ijdrr.2018.09.001,An overview of serious games for disaster risk management – Prospects and limitations for informing actions to arrest increasing risk,2018,article,Educational Games and Gamification,missing_anchor_group:safe development|levee|flood protection
openalex,economic_network_rebound,3,safe development paradox protection increased risk,39,https://openalex.org/W4220968399,10.1016/j.irfa.2022.102103,The impact of the FinTech revolution on the future of banking: Opportunities and risks,2022,article,"FinTech, Crowdfunding, Digital Finance",missing_anchor_group:safe development|levee|flood protection
openalex,economic_network_rebound,3,safe development paradox protection increased risk,40,https://openalex.org/W35016999,10.1016/j.jacc.2008.02.034,Lipoprotein Management in Patients With Cardiometabolic Risk,2008,article,Lipoproteins and Cardiovascular Health,missing_anchor_group:safe development|levee|flood protection
openalex,economic_network_rebound,3,safe development paradox protection increased risk,41,https://openalex.org/W2805155961,10.1186/s13033-018-0210-6,"Climate change and mental health: risks, impacts and priority actions",2018,article,Climate Change and Health Impacts,missing_anchor_group:safe development|levee|flood protection
openalex,economic_network_rebound,3,safe development paradox protection increased risk,42,https://openalex.org/W2157708791,10.1136/hrt.2006.095240,Risks of contraception and pregnancy in heart disease,2006,article,Cardiovascular Issues in Pregnancy,missing_anchor_group:safe development|levee|flood protection
openalex,economic_network_rebound,3,safe development paradox protection increased risk,43,https://openalex.org/W3112948680,10.3390/molecules25245789,Comprehensive Review on Alzheimer’s Disease: Causes and Treatment,2020,article,Cholinesterase and Neurodegenerative Diseases,missing_anchor_group:safe development|levee|flood protection;missing_anchor_group:risk|flood|development
openalex,economic_network_rebound,3,safe development paradox protection increased risk,44,https://openalex.org/W3021659692,10.1093/eurheartj/ehm316,European guidelines on cardiovascular disease prevention in clinical practice: executive summary,2007,article,Clinical practice guidelines implementation,missing_anchor_group:safe development|levee|flood protection;missing_anchor_group:risk|flood|development
openalex,economic_network_rebound,3,safe development paradox protection increased risk,45,https://openalex.org/W1977595788,10.1080/03085140500465865,A theory of risk colonization: The spiralling regulatory logics of societal and institutional risk,2006,article,Risk Perception and Management,missing_anchor_group:safe development|levee|flood protection
openalex,economic_network_rebound,3,safe development paradox protection increased risk,46,https://openalex.org/W3092652608,10.1038/s41579-020-00462-y,Learning from the past: development of safe and effective COVID-19 vaccines,2020,review,SARS-CoV-2 and COVID-19 Research,type_not_allowed:review;missing_anchor_group:safe development|levee|flood protection
openalex,economic_network_rebound,3,safe development paradox protection increased risk,47,https://openalex.org/W2041656267,10.1257/aer.104.1.123,Violence and Risk Preference: Experimental Evidence from Afghanistan,2013,article,Agricultural risk and resilience,missing_anchor_group:safe development|levee|flood protection
openalex,economic_network_rebound,3,safe development paradox protection increased risk,48,https://openalex.org/W2189185502,10.57182/jbiopestic.2.2.209-216,BACULOVIRUS BIOPESTICIDES - A SAFE ALTERNATIVE TO CHEMICAL PROTECTION OF PLANTS,2009,article,Viral Infectious Diseases and Gene Expression in Insects,missing_anchor_group:safe development|levee|flood protection;missing_anchor_group:risk|flood|development
openalex,economic_network_rebound,3,safe development paradox protection increased risk,49,https://openalex.org/W2286299188,10.1186/s12889-016-2766-x,The alcohol harm paradox: using a national survey to explore how alcohol may disproportionately impact health in deprived individuals,2016,article,Substance Abuse Treatment and Outcomes,missing_anchor_group:safe development|levee|flood protection;missing_anchor_group:risk|flood|development
openalex,economic_network_rebound,3,safe development paradox protection increased risk,50,https://openalex.org/W3173634329,10.1111/ijcs.12724,Coping with crisis: The paradox of technology and consumer vulnerability,2021,article,COVID-19 Pandemic Impacts,missing_anchor_group:safe development|levee|flood protection;missing_anchor_group:risk|flood|development
crossref,economic_network_rebound,3,safe development paradox protection increased risk,5,10.1007/978-3-031-13516-3_5,10.1007/978-3-031-13516-3_5,The Paradox of Safe Yield,2022,book-chapter,Groundwater Sustainability,missing_anchor_group:safe development|levee|flood protection;missing_anchor_group:risk|flood|development
crossref,economic_network_rebound,3,safe development paradox protection increased risk,7,10.1017/9789048510962.002,10.1017/9789048510962.002,The Cultural Landscape and Heritage Paradox. Protection and Development of the Dutch Archaeological-Historical Landscape and its European Dimension,2010,other,The Cultural Landscape and Heritage Paradox,type_not_allowed:other;missing_anchor_group:safe development|levee|flood protection
crossref,economic_network_rebound,3,safe development paradox protection increased risk,8,10.1515/9789048510962-002,10.1515/9789048510962-002,1. The Cultural Landscape and Heritage Paradox. Protection and Development of the Dutch Archaeological-Historical Landscape and its European Dimension,2011,book-chapter,The Cultural Landscape and Heritage Paradox,missing_anchor_group:safe development|levee|flood protection
crossref,economic_network_rebound,3,safe development paradox protection increased risk,9,10.1017/cbo9780511560125.013,10.1017/cbo9780511560125.013,The development risk defence and the European Court of Justice; increased injury costs and the Supplementary Protection Certificate,2001,book-chapter,"Pharmaceutical Medicine, Biotechnology and European Law",missing_anchor_group:safe development|levee|flood protection
crossref,economic_network_rebound,3,safe development paradox protection increased risk,10,10.1093/oxfordjournals.rpd.a031866,10.1093/oxfordjournals.rpd.a031866,Risk Management Strategies for the Radon Paradox in Radiation Protection,1996,journal-article,Radiation Protection Dosimetry,missing_anchor_group:safe development|levee|flood protection
crossref,economic_network_rebound,3,safe development paradox protection increased risk,12,10.2139/ssrn.6311278,10.2139/ssrn.6311278,"The Paradox of Protection: Health Insurance, Financial Risk, and Late-Life Health in India",2026,posted-content,,missing_anchor_group:safe development|levee|flood protection
crossref,economic_network_rebound,3,safe development paradox protection increased risk,13,10.1002/9781118977545.ch10,10.1002/9781118977545.ch10,Staying Safe Online,2017,other,Online Risk to Children,type_not_allowed:other;missing_anchor_group:safe development|levee|flood protection;missing_anchor_group:risk|flood|development
crossref,economic_network_rebound,3,safe development paradox protection increased risk,14,10.1016/j.nsa.2023.103073,10.1016/j.nsa.2023.103073,The paradox of protection: association between high community facemask use and increased depression in South Korea,2023,journal-article,Neuroscience Applied,missing_anchor_group:safe development|levee|flood protection;missing_anchor_group:risk|flood|development
crossref,economic_network_rebound,3,safe development paradox protection increased risk,15,10.2139/ssrn.2321607,10.2139/ssrn.2321607,"Self-Insurance, Self-Protection and Increased Risk Aversion: An Intertemporal Reinvestigation",2013,posted-content,,missing_anchor_group:safe development|levee|flood protection
crossref,economic_network_rebound,3,safe development paradox protection increased risk,17,10.3030/101073945,10.3030/101073945,,,grant,,type_not_allowed:grant;missing_anchor_group:safe development|levee|flood protection;missing_anchor_group:risk|flood|development
crossref,economic_network_rebound,3,safe development paradox protection increased risk,18,10.1525/9780520974791-007,10.1525/9780520974791-007,5 Making Water Safe,2023,book-chapter,The Paradox of Water,missing_anchor_group:safe development|levee|flood protection;missing_anchor_group:risk|flood|development
crossref,economic_network_rebound,3,safe development paradox protection increased risk,19,10.1108/01437730410544809,10.1108/01437730410544809,"How Safe Is Safe Enough? Leadership, Safety and Risk Management",2004,journal-article,Leadership &amp; Organization Development Journal,missing_anchor_group:safe development|levee|flood protection
crossref,economic_network_rebound,3,safe development paradox protection increased risk,20,10.1201/b17399-215,10.1201/b17399-215,Risk based assessment on increased gas safe machinery spaces of liquefied natural gas fuelled ship,2014,book-chapter,Safety and Reliability: Methodology and Applications,missing_anchor_group:safe development|levee|flood protection
crossref,economic_network_rebound,3,safe development paradox protection increased risk,21,10.1525/9780520974791-013,10.1525/9780520974791-013,11 Valuing Safe Drinking Water,2023,book-chapter,The Paradox of Water,missing_anchor_group:safe development|levee|flood protection;missing_anchor_group:risk|flood|development
crossref,economic_network_rebound,3,safe development paradox protection increased risk,22,10.2307/j.ctv33f0zh2.9,10.2307/j.ctv33f0zh2.9,Making Water Safe,2023,book-chapter,The Paradox of Water,missing_anchor_group:safe development|levee|flood protection;missing_anchor_group:risk|flood|development
crossref,economic_network_rebound,3,safe development paradox protection increased risk,23,10.1136/bmj.q508,10.1136/bmj.q508,"UK workers during the pandemic: inadequate protection and, consequently, increased risk",2024,journal-article,BMJ,missing_anchor_group:safe development|levee|flood protection
crossref,economic_network_rebound,3,safe development paradox protection increased risk,24,10.1017/9789048510962.045,10.1017/9789048510962.045,Summary,2010,other,The Cultural Landscape and Heritage Paradox,type_not_allowed:other;missing_anchor_group:safe development|levee|flood protection;missing_anchor_group:risk|flood|development
crossref,economic_network_rebound,3,safe development paradox protection increased risk,25,10.1097/00008483-200507000-00002,10.1097/00008483-200507000-00002,Cardiovascular Events Associated With Exercise,2005,journal-article,Journal of Cardiopulmonary Rehabilitation,missing_anchor_group:safe development|levee|flood protection;missing_anchor_group:risk|flood|development
crossref,economic_network_rebound,3,safe development paradox protection increased risk,26,10.2307/j.ctv33f0zh2.15,10.2307/j.ctv33f0zh2.15,Valuing Safe Drinking Water,2023,book-chapter,The Paradox of Water,missing_anchor_group:safe development|levee|flood protection;missing_anchor_group:risk|flood|development
crossref,economic_network_rebound,3,safe development paradox protection increased risk,27,10.1002/9780470935590.app2,10.1002/9780470935590.app2,Appendix B: Worked Examples from CCPS's Safe Automation Book,2010,other,Layer of Protection Analysis,type_not_allowed:other;missing_anchor_group:safe development|levee|flood protection;missing_anchor_group:risk|flood|development
crossref,economic_network_rebound,3,safe development paradox protection increased risk,28,10.1201/9781420032932-26,10.1201/9781420032932-26,Psychological Risk Factors and Their Effects on Safe Work Performance,2001,book-chapter,"Safety, Health, and Asset Protection",missing_anchor_group:safe development|levee|flood protection
crossref,economic_network_rebound,3,safe development paradox protection increased risk,29,10.3390/challe13020047,10.3390/challe13020047,"Safe from Harm? Massive Attack Nuclear Worst-Case Scenario for Civil Protection in Germany Regarding High-Risk Zones of Exposure, Vulnerability, and Safe Havens",2022,journal-article,Challenges,missing_anchor_group:safe development|levee|flood protection
crossref,economic_network_rebound,3,safe development paradox protection increased risk,30,10.1111/anti.70078,10.1111/anti.70078,(Un)safe Spaces: Navigating Risk and Protection in Pakistani Women's Hostels,2025,journal-article,Antipode,missing_anchor_group:safe development|levee|flood protection
crossref,economic_network_rebound,3,safe development paradox protection increased risk,31,10.59962/9780774868730-004,10.59962/9780774868730-004,"Introduction: States of Paradox, the Paradox of States",2023,book-chapter,Refugees Are (Not) Welcome Here,missing_anchor_group:safe development|levee|flood protection;missing_anchor_group:risk|flood|development
crossref,economic_network_rebound,3,safe development paradox protection increased risk,32,10.1080/00139157.2013.803886,10.1080/00139157.2013.803886,Access to Safe Water: A Paradox in Developed Nations,2013,journal-article,Environment: Science and Policy for Sustainable Development,missing_anchor_group:safe development|levee|flood protection;missing_anchor_group:risk|flood|development
crossref,economic_network_rebound,3,safe development paradox protection increased risk,33,10.2139/ssrn.3457826,10.2139/ssrn.3457826,Unintended Benefits of Employment Protection Laws: Households Increased Risk-taking Behavior,2019,journal-article,SSRN Electronic Journal,missing_anchor_group:safe development|levee|flood protection
crossref,economic_network_rebound,3,safe development paradox protection increased risk,34,10.1515/9789048510962-fm,10.1515/9789048510962-fm,Frontmatter,2011,book-chapter,The Cultural Landscape and Heritage Paradox,missing_anchor_group:safe development|levee|flood protection;missing_anchor_group:risk|flood|development
crossref,economic_network_rebound,3,safe development paradox protection increased risk,35,10.1515/9789048510962-001,10.1515/9789048510962-001,Preface,2011,book-chapter,The Cultural Landscape and Heritage Paradox,missing_anchor_group:safe development|levee|flood protection;missing_anchor_group:risk|flood|development
crossref,economic_network_rebound,3,safe development paradox protection increased risk,36,10.5256/f1000research.189613.r434508,10.5256/f1000research.189613.r434508,"Peer Review Report For: Strengthened Shareholders' Rights, Increased Risk: The Paradox of Rising Non-Performing Loans in Ugandan Commercial Banks [version 1; peer review: 2 not approved]",2025,peer-review,,type_not_allowed:peer-review;missing_anchor_group:safe development|levee|flood protection
crossref,economic_network_rebound,3,safe development paradox protection increased risk,37,10.1097/00008483-200507000-00001,10.1097/00008483-200507000-00001,Cardiovascular Events Associated With Exercise,2005,journal-article,Journal of Cardiopulmonary Rehabilitation,missing_anchor_group:safe development|levee|flood protection;missing_anchor_group:risk|flood|development
crossref,economic_network_rebound,3,safe development paradox protection increased risk,38,10.12688/f1000research.171943.1,10.12688/f1000research.171943.1,"Strengthened Shareholders' Rights, Increased Risk: The Paradox of Rising Non-Performing Loans in Ugandan Commercial Banks",2025,journal-article,F1000Research,missing_anchor_group:safe development|levee|flood protection
crossref,economic_network_rebound,3,safe development paradox protection increased risk,39,10.1515/9789048510962-050,10.1515/9789048510962-050,Subject index,2011,book-chapter,The Cultural Landscape and Heritage Paradox,missing_anchor_group:safe development|levee|flood protection;missing_anchor_group:risk|flood|development
crossref,economic_network_rebound,3,safe development paradox protection increased risk,40,10.2139/ssrn.5823644,10.2139/ssrn.5823644,Chile's Child Protection Paradox: Intervention Trajectories as Risk Factors for Child Sexual Exploitation?,2025,posted-content,,missing_anchor_group:safe development|levee|flood protection
crossref,economic_network_rebound,3,safe development paradox protection increased risk,41,10.1525/9780520974791-009,10.1525/9780520974791-009,7 The Precautionary Principle and Safe Drinking Water,2023,book-chapter,The Paradox of Water,missing_anchor_group:safe development|levee|flood protection;missing_anchor_group:risk|flood|development
crossref,economic_network_rebound,3,safe development paradox protection increased risk,42,10.1515/9789048510962-045,10.1515/9789048510962-045,IX. Summary,2011,book-chapter,The Cultural Landscape and Heritage Paradox,missing_anchor_group:safe development|levee|flood protection;missing_anchor_group:risk|flood|development
crossref,economic_network_rebound,3,safe development paradox protection increased risk,43,10.1201/9781420032932.ch22,10.1201/9781420032932.ch22,Psychological Risk Factors and Their Effects on Safe Work Performance,2001,book-chapter,"Safety, Health, and Asset Protection",missing_anchor_group:safe development|levee|flood protection
crossref,economic_network_rebound,3,safe development paradox protection increased risk,44,10.2307/j.ctt1hch7t1.36,10.2307/j.ctt1hch7t1.36,Safe,,book-chapter,Protection Spell,missing_anchor_group:safe development|levee|flood protection;missing_anchor_group:risk|flood|development
crossref,economic_network_rebound,3,safe development paradox protection increased risk,45,10.7176/jcsd/56-08,10.7176/jcsd/56-08,Background Paper-Safe Digital Spaces: Protection of Women and Girls from Technological Violence,2020,journal-article,"Journal of Culture, Society and Development",missing_anchor_group:safe development|levee|flood protection;missing_anchor_group:risk|flood|development
crossref,economic_network_rebound,3,safe development paradox protection increased risk,46,10.2307/jj.3385991.20,10.2307/jj.3385991.20,"Conditional Cash Transfers, Global Politics and the Development of Indonesia’s Social Protection Policy",2023,book-chapter,The Paradox of Agrarian Change,missing_anchor_group:safe development|levee|flood protection
crossref,economic_network_rebound,3,safe development paradox protection increased risk,47,10.1007/s00484-006-0082-3,10.1007/s00484-006-0082-3,Paradox: increased blood perfusion to the face enhances protection against frostbite while it lowers wind chill equivalent temperatures,2007,journal-article,International Journal of Biometeorology,missing_anchor_group:safe development|levee|flood protection;missing_anchor_group:risk|flood|development
crossref,economic_network_rebound,3,safe development paradox protection increased risk,48,10.5256/f1000research.189613.r434515,10.5256/f1000research.189613.r434515,"Peer Review Report For: Strengthened Shareholders' Rights, Increased Risk: The Paradox of Rising Non-Performing Loans in Ugandan Commercial Banks [version 1; peer review: 1 not approved]",2025,peer-review,,type_not_allowed:peer-review;missing_anchor_group:safe development|levee|flood protection
crossref,economic_network_rebound,3,safe development paradox protection increased risk,49,10.1016/j.tcm.2015.04.001,10.1016/j.tcm.2015.04.001,Increased cardiovascular risk in subjects with a low prevalence of classic cardiovascular risk factors: The inflammatory bowel disease paradox,2015,journal-article,Trends in Cardiovascular Medicine,missing_anchor_group:safe development|levee|flood protection
crossref,economic_network_rebound,3,safe development paradox protection increased risk,50,10.2307/j.ctv33f0zh2.11,10.2307/j.ctv33f0zh2.11,The Precautionary Principle and Safe Drinking Water,2023,book-chapter,The Paradox of Water,missing_anchor_group:safe development|levee|flood protection;missing_anchor_group:risk|flood|development
openalex,organization_measurement,1,organizational paradox core capability rigidity,1,https://openalex.org/W2101419153,10.1287/orsc.3.3.398,The Duality of Technology: Rethinking the Concept of Technology in Organizations,1992,article,Information Systems Theories and Implementation,missing_anchor_group:capability rigidity|core rigidity|rigidity paradox|organizational paradox
openalex,organization_measurement,1,organizational paradox core capability rigidity,2,https://openalex.org/W2127709152,10.1057/palgrave.jibs.8400071,"Innovation, organizational capabilities, and the born-global firm",2004,article,International Business and FDI,missing_anchor_group:capability rigidity|core rigidity|rigidity paradox|organizational paradox
openalex,organization_measurement,1,organizational paradox core capability rigidity,3,https://openalex.org/W2341552846,10.1080/19416520.2016.1162422,Paradox Research in Management Science: Looking Back to Move Forward,2016,article,Management and Organizational Studies,missing_anchor_group:capability rigidity|core rigidity|rigidity paradox|organizational paradox
openalex,organization_measurement,1,organizational paradox core capability rigidity,4,https://openalex.org/W2067202854,10.5539/ijbm.v7n1p192,Effect of Core Competence on Competitive Advantage and Organizational Performance,2011,article,Innovation and Knowledge Management,missing_anchor_group:capability rigidity|core rigidity|rigidity paradox|organizational paradox
openalex,organization_measurement,1,organizational paradox core capability rigidity,5,https://openalex.org/W3122096424,10.1287/orsc.1050.0154,Inertia and Incentives: Bridging Organizational Economics and Organizational Theory,2005,article,Experimental Behavioral Economics Studies,missing_anchor_group:capability rigidity|core rigidity|rigidity paradox|organizational paradox
openalex,organization_measurement,1,organizational paradox core capability rigidity,6,https://openalex.org/W2115002706,10.1093/icc/3.3.607,The Evolution of Integrative Capability: Innovation in Cardiovascular Drug Discovery,1994,article,Biotechnology and Related Fields,missing_anchor_group:capability rigidity|core rigidity|rigidity paradox|organizational paradox
openalex,organization_measurement,1,organizational paradox core capability rigidity,7,https://openalex.org/W2103155098,10.1177/0170840610397481,Organizational Path Dependence: A Process View,2011,article,Innovation and Knowledge Management,missing_anchor_group:capability rigidity|core rigidity|rigidity paradox|organizational paradox
openalex,organization_measurement,1,organizational paradox core capability rigidity,8,https://openalex.org/W2767728885,10.1016/j.jsis.2017.10.002,The role of IT application orchestration capability in improving agility and performance,2017,article,Innovation and Knowledge Management,missing_anchor_group:capability rigidity|core rigidity|rigidity paradox|organizational paradox
openalex,organization_measurement,1,organizational paradox core capability rigidity,9,https://openalex.org/W2193484790,10.1525/cmr.2015.58.1.5,Family-Driven Innovation: Resolving the Paradox in Family Firms,2015,article,Family Business Performance and Succession,missing_anchor_group:capability rigidity|core rigidity|rigidity paradox|organizational paradox
openalex,organization_measurement,1,organizational paradox core capability rigidity,10,https://openalex.org/W2102750422,10.1177/0001839213488773,"CEO Narcissism, Audience Engagement, and Organizational Adoption of Technological Discontinuities",2013,article,Entrepreneurship Studies and Influences,missing_anchor_group:capability rigidity|core rigidity|rigidity paradox|organizational paradox
openalex,organization_measurement,1,organizational paradox core capability rigidity,11,https://openalex.org/W3126965592,10.1016/j.indmarman.2021.01.011,A paradox within the paradox of openness: The knowledge leveraging conundrum in open innovation,2021,article,Innovation and Knowledge Management,missing_anchor_group:capability rigidity|core rigidity|rigidity paradox|organizational paradox
openalex,organization_measurement,1,organizational paradox core capability rigidity,12,https://openalex.org/W2991880995,10.1016/j.jbusres.2019.12.001,Knowledge management capabilities and organizational risk-taking for business model innovation in SMEs,2020,article,Innovation and Knowledge Management,missing_anchor_group:capability rigidity|core rigidity|rigidity paradox|organizational paradox
openalex,organization_measurement,1,organizational paradox core capability rigidity,13,https://openalex.org/W4221052291,10.1016/j.jik.2022.100178,Do organizations really evolve? The critical link between organizational culture and organizational innovation toward organizational effectiveness: Pivotal role of organizational resistance,2022,article,Organizational Leadership and Management Strategies,missing_anchor_group:capability rigidity|core rigidity|rigidity paradox|organizational paradox
openalex,organization_measurement,1,organizational paradox core capability rigidity,14,https://openalex.org/W2945937935,10.5465/annals.2017.0089,"Boundary Work among Groups, Occupations, and Organizations: From Cartography to Process",2019,article,Management and Organizational Studies,missing_anchor_group:capability rigidity|core rigidity|rigidity paradox|organizational paradox
openalex,organization_measurement,1,organizational paradox core capability rigidity,15,https://openalex.org/W2215978429,10.1016/j.scaman.2015.12.002,In search of a creative space: A conceptual framework of synthesizing paradoxical tensions,2015,article,Design Education and Practice,missing_anchor_group:capability rigidity|core rigidity|rigidity paradox|organizational paradox;missing_anchor_group:capability|organization|innovation|management
openalex,organization_measurement,1,organizational paradox core capability rigidity,16,https://openalex.org/W1605470066,10.1111/ijmr.12047,Organizational Improvisation: A Consolidating Review and Framework,2014,article,Management and Organizational Studies,missing_anchor_group:capability rigidity|core rigidity|rigidity paradox|organizational paradox
openalex,organization_measurement,1,organizational paradox core capability rigidity,17,https://openalex.org/W2240963366,10.1287/mnsc.1060.0576,"Exploratory Innovation, Exploitative Innovation, and Performance: Effects of Organizational Antecedents and Environmental Moderators",2006,article,Innovation and Knowledge Management,missing_anchor_group:capability rigidity|core rigidity|rigidity paradox|organizational paradox
openalex,organization_measurement,1,organizational paradox core capability rigidity,18,https://openalex.org/W1853999331,10.1002/smj.2099,On the contingent value of dynamic capabilities for competitive advantage: The nonlinear moderating effect of environmental dynamism,2013,article,Innovation and Knowledge Management,missing_anchor_group:capability rigidity|core rigidity|rigidity paradox|organizational paradox;missing_anchor_group:capability|organization|innovation|management
openalex,organization_measurement,1,organizational paradox core capability rigidity,19,https://openalex.org/W3166664466,10.1108/ijopm-08-2020-0535,Explaining the servitization paradox: a configurational theory and a performance measurement framework,2021,article,Service and Product Innovation,missing_anchor_group:capability rigidity|core rigidity|rigidity paradox|organizational paradox;missing_anchor_group:capability|organization|innovation|management
openalex,organization_measurement,1,organizational paradox core capability rigidity,20,https://openalex.org/W2094598928,10.1016/j.jengtecman.2012.03.006,Technological distinctive competencies and organizational learning: Effects on organizational innovation to improve firm performance,2012,article,Innovation and Knowledge Management,missing_anchor_group:capability rigidity|core rigidity|rigidity paradox|organizational paradox
openalex,organization_measurement,1,organizational paradox core capability rigidity,21,https://openalex.org/W2493757980,10.1108/bjm-02-2015-0049,What are the sources of capability dynamism? Reconceptualizing dynamic capabilities from the perspective of organizational change,2016,article,Innovation and Knowledge Management,missing_anchor_group:capability rigidity|core rigidity|rigidity paradox|organizational paradox
openalex,organization_measurement,1,organizational paradox core capability rigidity,22,https://openalex.org/W2154154608,10.1016/j.sbspro.2011.09.092,The Effect Of Organizational Culture On Organizational Efficiency: The Moderating Role Of Organizational Environment and CEO Values,2011,conference-paper,Organizational Leadership and Management Strategies,type_not_allowed:conference-paper;missing_anchor_group:capability rigidity|core rigidity|rigidity paradox|organizational paradox
openalex,organization_measurement,1,organizational paradox core capability rigidity,23,https://openalex.org/W2586462742,10.1007/s11365-017-0436-9,"Analysis of the influence of the environment, stakeholder integration capability, absorptive capacity, and technological skills on organizational performance through corporate entrepreneurship",2017,article,Entrepreneurship Studies and Influences,missing_anchor_group:capability rigidity|core rigidity|rigidity paradox|organizational paradox
openalex,organization_measurement,1,organizational paradox core capability rigidity,24,https://openalex.org/W4207020228,10.5267/j.ijdns.2021.12.014,The effect of digital marketing capabilities on organizational ambidexterity of the information technology sector,2022,article,Organizational and Employee Performance,missing_anchor_group:capability rigidity|core rigidity|rigidity paradox|organizational paradox
openalex,organization_measurement,1,organizational paradox core capability rigidity,25,https://openalex.org/W1997643058,10.1016/j.technovation.2007.04.001,Understanding and acquiring technology assets for global competition,2007,article,Intellectual Capital and Performance Analysis,missing_anchor_group:capability rigidity|core rigidity|rigidity paradox|organizational paradox;missing_anchor_group:capability|organization|innovation|management
openalex,organization_measurement,1,organizational paradox core capability rigidity,26,https://openalex.org/W3032977055,10.1002/smj.3192,"CEO cognitive flexibility, information search, and organizational ambidexterity",2020,article,Innovation and Knowledge Management,missing_anchor_group:capability rigidity|core rigidity|rigidity paradox|organizational paradox
openalex,organization_measurement,1,organizational paradox core capability rigidity,27,https://openalex.org/W99547844,10.5751/es-03437-150321,The US Fire Learning Network: Springing a Rigidity Trap through Multiscalar Collaborative Networks,2010,article,Fire effects on ecosystems,missing_anchor_group:capability rigidity|core rigidity|rigidity paradox|organizational paradox;missing_anchor_group:capability|organization|innovation|management
openalex,organization_measurement,1,organizational paradox core capability rigidity,28,https://openalex.org/W2161105753,,Is the make-buy decision process a core competence?,1996,article,Innovation and Knowledge Management,missing_anchor_group:capability rigidity|core rigidity|rigidity paradox|organizational paradox;missing_anchor_group:capability|organization|innovation|management
openalex,organization_measurement,1,organizational paradox core capability rigidity,29,https://openalex.org/W2026512327,10.1177/107179190200900103,Organizational and Leadership Virtues and the Role of Forgiveness,2002,article,Forgiveness and Related Behaviors,missing_anchor_group:capability rigidity|core rigidity|rigidity paradox|organizational paradox
openalex,organization_measurement,1,organizational paradox core capability rigidity,30,https://openalex.org/W3017377412,10.1007/s11301-020-00185-7,"Digital transformation: a review, synthesis and opportunities for future research",2020,article,Digital Transformation in Industry,missing_anchor_group:capability rigidity|core rigidity|rigidity paradox|organizational paradox;missing_anchor_group:capability|organization|innovation|management
openalex,organization_measurement,1,organizational paradox core capability rigidity,31,https://openalex.org/W3202340916,10.1016/j.techfore.2021.121227,How can SMEs successfully navigate VUCA environment: The role of agility in the digital transformation era,2021,article,Collaboration in agile enterprises,missing_anchor_group:capability rigidity|core rigidity|rigidity paradox|organizational paradox;missing_anchor_group:capability|organization|innovation|management
openalex,organization_measurement,1,organizational paradox core capability rigidity,32,https://openalex.org/W3047567186,10.1002/bse.2542,Organizational transition management of circular business model innovations,2020,article,Sustainable Supply Chain Management,missing_anchor_group:capability rigidity|core rigidity|rigidity paradox|organizational paradox
openalex,organization_measurement,1,organizational paradox core capability rigidity,33,https://openalex.org/W3210644400,10.1038/s41467-021-26749-z,A molecular vision of fungal cell wall organization by functional genomics and solid-state NMR,2021,article,Antifungal resistance and susceptibility,missing_anchor_group:capability rigidity|core rigidity|rigidity paradox|organizational paradox
openalex,organization_measurement,1,organizational paradox core capability rigidity,34,https://openalex.org/W2294738410,10.1016/j.brq.2016.01.002,What makes firms embrace risks? A risk-taking capability perspective,2016,article,Supply Chain Resilience and Risk Management,missing_anchor_group:capability rigidity|core rigidity|rigidity paradox|organizational paradox
openalex,organization_measurement,1,organizational paradox core capability rigidity,35,https://openalex.org/W4406783154,10.3390/systems13020075,The Impact of Digital Transformation on Organizational Resilience: The Role of Innovation Capability and Agile Response,2025,article,Supply Chain Resilience and Risk Management,missing_anchor_group:capability rigidity|core rigidity|rigidity paradox|organizational paradox
openalex,organization_measurement,1,organizational paradox core capability rigidity,36,https://openalex.org/W2085621738,10.1016/j.jom.2012.02.003,Relationship between quality management practices and innovation,2012,article,Quality and Supply Management,missing_anchor_group:capability rigidity|core rigidity|rigidity paradox|organizational paradox
openalex,organization_measurement,1,organizational paradox core capability rigidity,37,https://openalex.org/W2898646599,10.1016/j.jbusres.2018.10.042,"Market orientation, market disruptiveness capability and social enterprise performance: An empirical study from the United Kingdom",2018,article,Innovation and Socioeconomic Development,missing_anchor_group:capability rigidity|core rigidity|rigidity paradox|organizational paradox
openalex,organization_measurement,1,organizational paradox core capability rigidity,38,https://openalex.org/W2008258559,10.1016/j.aos.2010.09.006,Social capital and management control systems: A study of a non-government organization,2010,article,Social Capital and Networks,missing_anchor_group:capability rigidity|core rigidity|rigidity paradox|organizational paradox
openalex,organization_measurement,1,organizational paradox core capability rigidity,39,https://openalex.org/W24231430,,Modeling and measuring organizational renewal capability,2004,dissertation,Innovation and Knowledge Management,missing_anchor_group:capability rigidity|core rigidity|rigidity paradox|organizational paradox
openalex,organization_measurement,1,organizational paradox core capability rigidity,40,https://openalex.org/W3041556501,10.1016/j.im.2020.103345,Resolving paradoxes in IT success through IT ambidexterity: The moderating role of uncertain environments,2020,article,Innovation and Knowledge Management,missing_anchor_group:capability rigidity|core rigidity|rigidity paradox|organizational paradox;missing_anchor_group:capability|organization|innovation|management
openalex,organization_measurement,1,organizational paradox core capability rigidity,41,https://openalex.org/W2073554367,10.1016/j.sbspro.2012.09.1215,The Influence of Innovation and Transformational Leadership on Organizational Performance,2012,conference-paper,Organizational Leadership and Management Strategies,type_not_allowed:conference-paper;missing_anchor_group:capability rigidity|core rigidity|rigidity paradox|organizational paradox
openalex,organization_measurement,1,organizational paradox core capability rigidity,42,https://openalex.org/W2122920248,10.1016/0148-2963(94)00060-r,The management of resources and the resource of management,1995,article,Business Strategy and Innovation,missing_anchor_group:capability rigidity|core rigidity|rigidity paradox|organizational paradox
openalex,organization_measurement,1,organizational paradox core capability rigidity,43,https://openalex.org/W2000062929,10.1177/0170840603024004005,"Work, Human Agency and Organizational Forms: An Anatomy of Fragmentation",2003,article,Management and Organizational Studies,missing_anchor_group:capability rigidity|core rigidity|rigidity paradox|organizational paradox
openalex,organization_measurement,1,organizational paradox core capability rigidity,44,https://openalex.org/W3144389387,10.1016/j.apmrv.2021.01.003,"Impact of organizational inertia on business model innovation, open innovation and corporate performance",2021,article,Innovation and Knowledge Management,missing_anchor_group:capability rigidity|core rigidity|rigidity paradox|organizational paradox
openalex,organization_measurement,1,organizational paradox core capability rigidity,45,https://openalex.org/W1999551228,10.1177/014920639902500307,Theory and research in strategic management: Swings of a pendulum,1999,article,Innovation and Knowledge Management,missing_anchor_group:capability rigidity|core rigidity|rigidity paradox|organizational paradox
openalex,organization_measurement,1,organizational paradox core capability rigidity,46,https://openalex.org/W2808237418,10.1111/joms.12349,Disruptive Innovation: An Intellectual History and Directions for Future Research,2018,article,Innovation and Knowledge Management,missing_anchor_group:capability rigidity|core rigidity|rigidity paradox|organizational paradox
openalex,organization_measurement,1,organizational paradox core capability rigidity,47,https://openalex.org/W2620588134,10.1016/j.procir.2017.03.005,Barriers to the Circular Economy – Integration of Perspectives and Domains,2017,article,Sustainable Supply Chain Management,missing_anchor_group:capability rigidity|core rigidity|rigidity paradox|organizational paradox;missing_anchor_group:capability|organization|innovation|management
openalex,organization_measurement,1,organizational paradox core capability rigidity,48,https://openalex.org/W2004638001,10.1016/j.emj.2010.10.007,Specialized organizations and ambidextrous clusters in the open innovation paradigm,2010,article,Innovation and Knowledge Management,missing_anchor_group:capability rigidity|core rigidity|rigidity paradox|organizational paradox
openalex,organization_measurement,1,organizational paradox core capability rigidity,49,https://openalex.org/W2301121731,10.1002/hrm.21772,Guest Editors’ Introduction: The Role of Human Resources and Organizational Factors in Ambidexterity,2015,editorial,Innovation and Knowledge Management,type_not_allowed:editorial;missing_anchor_group:capability rigidity|core rigidity|rigidity paradox|organizational paradox
openalex,organization_measurement,1,organizational paradox core capability rigidity,50,https://openalex.org/W1996557955,10.5755/j01.ee.22.3.521,"Knowledge Creation, Organizational Learning and Their Effects on Organizational Performance",2011,article,Innovation and Knowledge Management,missing_anchor_group:capability rigidity|core rigidity|rigidity paradox|organizational paradox
crossref,organization_measurement,1,organizational paradox core capability rigidity,1,10.2139/ssrn.6245599,10.2139/ssrn.6245599,Maps and Territory: The Authority Paradox—Organizational Design and the Suppression of Capability,2026,posted-content,,missing_anchor_group:capability rigidity|core rigidity|rigidity paradox|organizational paradox
crossref,organization_measurement,1,organizational paradox core capability rigidity,5,10.1007/978-3-658-32006-5_5,10.1007/978-3-658-32006-5_5,Discussion,2020,book-chapter,Exploring Meso-Level Dynamic Capabilities to Address the Capability Rigidity Paradox,missing_anchor_group:capability rigidity|core rigidity|rigidity paradox|organizational paradox;missing_anchor_group:capability|organization|innovation|management
crossref,organization_measurement,1,organizational paradox core capability rigidity,6,10.1007/978-3-658-32006-5_1,10.1007/978-3-658-32006-5_1,Introduction,2020,book-chapter,Exploring Meso-Level Dynamic Capabilities to Address the Capability Rigidity Paradox,missing_anchor_group:capability rigidity|core rigidity|rigidity paradox|organizational paradox;missing_anchor_group:capability|organization|innovation|management
crossref,organization_measurement,1,organizational paradox core capability rigidity,7,10.1007/978-3-658-32006-5_4,10.1007/978-3-658-32006-5_4,Findings,2020,book-chapter,Exploring Meso-Level Dynamic Capabilities to Address the Capability Rigidity Paradox,missing_anchor_group:capability rigidity|core rigidity|rigidity paradox|organizational paradox;missing_anchor_group:capability|organization|innovation|management
crossref,organization_measurement,1,organizational paradox core capability rigidity,8,10.1007/978-3-658-32006-5_6,10.1007/978-3-658-32006-5_6,Conclusions,2020,book-chapter,Exploring Meso-Level Dynamic Capabilities to Address the Capability Rigidity Paradox,missing_anchor_group:capability rigidity|core rigidity|rigidity paradox|organizational paradox;missing_anchor_group:capability|organization|innovation|management
crossref,organization_measurement,1,organizational paradox core capability rigidity,9,10.1007/978-3-658-32006-5_2,10.1007/978-3-658-32006-5_2,Theoretical Framework,2020,book-chapter,Exploring Meso-Level Dynamic Capabilities to Address the Capability Rigidity Paradox,missing_anchor_group:capability rigidity|core rigidity|rigidity paradox|organizational paradox;missing_anchor_group:capability|organization|innovation|management
crossref,organization_measurement,1,organizational paradox core capability rigidity,10,10.1007/978-3-658-32006-5_3,10.1007/978-3-658-32006-5_3,Empirical Methodology,2020,book-chapter,Exploring Meso-Level Dynamic Capabilities to Address the Capability Rigidity Paradox,missing_anchor_group:capability rigidity|core rigidity|rigidity paradox|organizational paradox;missing_anchor_group:capability|organization|innovation|management
crossref,organization_measurement,1,organizational paradox core capability rigidity,11,10.1016/j.orgdyn.2024.101062,10.1016/j.orgdyn.2024.101062,Ambidexterity in the boardroom: A core capability to improve effectiveness,2025,journal-article,Organizational Dynamics,missing_anchor_group:capability rigidity|core rigidity|rigidity paradox|organizational paradox
crossref,organization_measurement,1,organizational paradox core capability rigidity,12,10.4135/9781446250228.n3,10.4135/9781446250228.n3,Organizational Learning Style as a Core Capability,1996,book-chapter,Organizational Learning and Competitive Advantage,missing_anchor_group:capability rigidity|core rigidity|rigidity paradox|organizational paradox
crossref,organization_measurement,1,organizational paradox core capability rigidity,14,10.1177/1548051815594884,10.1177/1548051815594884,The Paradox of Organizational Rigidity,2015,journal-article,Journal of Leadership &amp; Organizational Studies,missing_anchor_group:capability rigidity|core rigidity|rigidity paradox|organizational paradox
crossref,organization_measurement,1,organizational paradox core capability rigidity,15,10.1016/j.emj.2017.03.007,10.1016/j.emj.2017.03.007,Organizational change and rigidity during crisis: A review of the paradox,2018,journal-article,European Management Journal,missing_anchor_group:capability rigidity|core rigidity|rigidity paradox|organizational paradox
crossref,organization_measurement,1,organizational paradox core capability rigidity,17,10.37546/jaltsig.bzcom3.1-9,10.37546/jaltsig.bzcom3.1-9,Language Strategy as Organizational Capability: Reframing the Corporate Monolingual Paradox in Japan,2025,journal-article,JALT Business Communication Journal,missing_anchor_group:capability rigidity|core rigidity|rigidity paradox|organizational paradox
crossref,organization_measurement,1,organizational paradox core capability rigidity,19,10.4324/9781003637547-16,10.4324/9781003637547-16,Organisational Improvement as a Core Capability for Health Services,2025,book-chapter,Leading Improvements and Organizational Excellence in Hospitals,missing_anchor_group:capability rigidity|core rigidity|rigidity paradox|organizational paradox
crossref,organization_measurement,1,organizational paradox core capability rigidity,20,10.1108/s0897-3016_2014_0000022003,10.1108/s0897-3016_2014_0000022003,Dynamic Capability Seen through a Duality–Paradox Lens: A Case of Radical Innovation at Microsoft,2014,book-chapter,Research in Organizational Change and Development,missing_anchor_group:capability rigidity|core rigidity|rigidity paradox|organizational paradox
crossref,organization_measurement,1,organizational paradox core capability rigidity,21,10.1108/s0897-301620140000022003,10.1108/s0897-301620140000022003,Dynamic Capability Seen through a Duality–Paradox Lens: A Case of Radical Innovation at Microsoft,2014,book-chapter,Research in Organizational Change and Development,missing_anchor_group:capability rigidity|core rigidity|rigidity paradox|organizational paradox
crossref,organization_measurement,1,organizational paradox core capability rigidity,22,10.1177/2041386615590679,10.1177/2041386615590679,Dynamic safety capability,2016,journal-article,Organizational Psychology Review,missing_anchor_group:capability rigidity|core rigidity|rigidity paradox|organizational paradox
crossref,organization_measurement,1,organizational paradox core capability rigidity,23,10.4135/9781473954281,10.4135/9781473954281,Organizational Capability,2016,,,type_not_allowed:;missing_anchor_group:capability rigidity|core rigidity|rigidity paradox|organizational paradox
crossref,organization_measurement,1,organizational paradox core capability rigidity,24,10.1037/t58692-000,10.1037/t58692-000,Organizational Rigidity Measure,2016,dataset,PsycTESTS Dataset,type_not_allowed:dataset;missing_anchor_group:capability rigidity|core rigidity|rigidity paradox|organizational paradox
crossref,organization_measurement,1,organizational paradox core capability rigidity,25,10.2139/ssrn.7294039,10.2139/ssrn.7294039,Transmission Immunity and Organizational Rigidity: Extending the Organizational Skeleton Framework&amp;nbsp;,2026,posted-content,,missing_anchor_group:capability rigidity|core rigidity|rigidity paradox|organizational paradox
crossref,organization_measurement,1,organizational paradox core capability rigidity,26,10.2139/ssrn.6921318,10.2139/ssrn.6921318,The Organizational Capability Management Theory of Procurement: Capability Access and Capability Availability as Procurement's Primary Outputs,2026,posted-content,,missing_anchor_group:capability rigidity|core rigidity|rigidity paradox|organizational paradox
crossref,organization_measurement,1,organizational paradox core capability rigidity,28,10.2139/ssrn.1019053,10.2139/ssrn.1019053,"Diversification, Coordination Costs and Organizational Rigidity: Evidence from Microdata",2007,posted-content,,missing_anchor_group:capability rigidity|core rigidity|rigidity paradox|organizational paradox
crossref,organization_measurement,1,organizational paradox core capability rigidity,29,10.1108/srj-02-2025-0175,10.1108/srj-02-2025-0175,Green transformational leadership and organizational sustainability: the role of green organizational learning capability (green absorptive capability and green transformative capability),2026,journal-article,Social Responsibility Journal,missing_anchor_group:capability rigidity|core rigidity|rigidity paradox|organizational paradox
crossref,organization_measurement,1,organizational paradox core capability rigidity,30,10.1016/j.tws.2026.114691,10.1016/j.tws.2026.114691,Rigidity paradox of kirigami arches,2026,journal-article,Thin-Walled Structures,missing_anchor_group:capability|organization|innovation|management
crossref,organization_measurement,1,organizational paradox core capability rigidity,31,10.17226/2135,10.17226/2135,Organizational Linkages,1994,edited-book,,type_not_allowed:edited-book;missing_anchor_group:capability rigidity|core rigidity|rigidity paradox|organizational paradox
crossref,organization_measurement,1,organizational paradox core capability rigidity,32,10.1109/ieeestd.2009.4777811,10.1109/ieeestd.2009.4777811,IEEE Standard for Organizational Reliability Capability,,standard,,type_not_allowed:standard;missing_anchor_group:capability rigidity|core rigidity|rigidity paradox|organizational paradox
crossref,organization_measurement,1,organizational paradox core capability rigidity,33,10.1161/comment.20251006.853770,10.1161/comment.20251006.853770,The Functional Eloquence Perspective in the Large Core Paradox: Beyond Core Volume,2025,dataset,Comment Group,type_not_allowed:dataset;missing_anchor_group:capability rigidity|core rigidity|rigidity paradox|organizational paradox;missing_anchor_group:capability|organization|innovation|management
crossref,organization_measurement,1,organizational paradox core capability rigidity,34,10.1016/0090-2616(93)90085-f,10.1016/0090-2616(93)90085-f,The organizational woman: Power and paradox,1993,journal-article,Organizational Dynamics,missing_anchor_group:capability rigidity|core rigidity|rigidity paradox|organizational paradox
crossref,organization_measurement,1,organizational paradox core capability rigidity,35,10.1093/oxfordhb/9780198754428.013.12,10.1093/oxfordhb/9780198754428.013.12,Paradox in Positive Organizational Scholarship,2017,edited-book,Oxford Handbooks Online,type_not_allowed:edited-book;missing_anchor_group:capability rigidity|core rigidity|rigidity paradox|organizational paradox
crossref,organization_measurement,1,organizational paradox core capability rigidity,36,10.1093/oxfordhb/9780198754428.001.0001,10.1093/oxfordhb/9780198754428.001.0001,The Oxford Handbook of Organizational Paradox,2017,edited-book,Oxford Handbooks Online,type_not_allowed:edited-book
crossref,organization_measurement,1,organizational paradox core capability rigidity,37,10.4135/9781412956246.n390,10.4135/9781412956246.n390,Organizational Paradox,2008,reference-entry,International Encyclopedia of Organization Studies,type_not_allowed:reference-entry
crossref,organization_measurement,1,organizational paradox core capability rigidity,38,10.2139/ssrn.7271458,10.2139/ssrn.7271458,Too Smart to Last: The AI Capability Paradox on Corpus Commons,2026,posted-content,,missing_anchor_group:capability rigidity|core rigidity|rigidity paradox|organizational paradox
crossref,organization_measurement,1,organizational paradox core capability rigidity,39,10.1093/oxfordhb/9780198754428.013.29,10.1093/oxfordhb/9780198754428.013.29,Gender and Organizational Paradox,2017,edited-book,Oxford Handbooks Online,type_not_allowed:edited-book
crossref,organization_measurement,1,organizational paradox core capability rigidity,40,10.21236/ada288518,10.21236/ada288518,"Organizational Linkages: Understanding the Productivity Paradox,",1994,report,,missing_anchor_group:capability rigidity|core rigidity|rigidity paradox|organizational paradox
crossref,organization_measurement,1,organizational paradox core capability rigidity,41,10.4324/9781315270180-27,10.4324/9781315270180-27,Building Organizational Capability,2016,book-chapter,Project Leadership,missing_anchor_group:capability rigidity|core rigidity|rigidity paradox|organizational paradox
crossref,organization_measurement,1,organizational paradox core capability rigidity,42,10.1093/oso/9780195102048.003.0007,10.1093/oso/9780195102048.003.0007,Building Organizational Learning Capability: A Blueprint for Learning Architects,1999,book-chapter,Organizational Learning Capability,missing_anchor_group:capability rigidity|core rigidity|rigidity paradox|organizational paradox
crossref,organization_measurement,1,organizational paradox core capability rigidity,43,10.1515/9783110788877-012,10.1515/9783110788877-012,Chapter 10 Paradox navigation as a team sport: Inter- and intra-organizational collaboration on paradox,2023,book-chapter,Navigating Leadership Paradox,missing_anchor_group:capability rigidity|core rigidity|rigidity paradox|organizational paradox
crossref,organization_measurement,1,organizational paradox core capability rigidity,44,10.63075/jcs.v3i2.208,10.63075/jcs.v3i2.208,E-HRM AS A DYNAMIC CAPABILITY: BRIDGING ORGANIZATIONAL AGILITY AND DIGITAL TRANSFORMATION IN EMERGING ECONOMIES – AN ETHICAL PARADOX,2025,journal-article,Journal for Current Sign,missing_anchor_group:capability rigidity|core rigidity|rigidity paradox|organizational paradox
crossref,organization_measurement,1,organizational paradox core capability rigidity,45,10.60101/rmuttgber.2026.292437,10.60101/rmuttgber.2026.292437,IMPACT OF PERCEIVED ORGANIZATIONAL SUPPORT ON ORGANIZATIONAL PERFORMANCE THOUGH MEDIATING ROLES OF ORGANIZATIONAL LEARNING CAPABILITY AND TECHNOLOGY CAPABILITY,2026,journal-article,RMUTT Global Business and Economics Review,missing_anchor_group:capability rigidity|core rigidity|rigidity paradox|organizational paradox
crossref,organization_measurement,1,organizational paradox core capability rigidity,48,10.1093/oxfordhb/9780198754428.013.2,10.1093/oxfordhb/9780198754428.013.2,"Psychoanalytic Theory, Emotion, and Organizational Paradox",2017,edited-book,Oxford Handbooks Online,type_not_allowed:edited-book
crossref,organization_measurement,1,organizational paradox core capability rigidity,49,10.1093/oso/9780195102048.003.0003,10.1093/oso/9780195102048.003.0003,A Model for Organizational Learning Capability: The Three Building Blocks,1999,book-chapter,Organizational Learning Capability,missing_anchor_group:capability rigidity|core rigidity|rigidity paradox|organizational paradox
crossref,organization_measurement,1,organizational paradox core capability rigidity,50,10.31219/osf.io/3dtpu,10.31219/osf.io/3dtpu,Serendipity and Organizational Capability,2021,posted-content,,missing_anchor_group:capability rigidity|core rigidity|rigidity paradox|organizational paradox
openalex,organization_measurement,2,Goodhart law metric target validity,3,https://openalex.org/W2072042957,10.1111/j.1467-985x.2008.00557.x,Hitting and Missing Targets by Ambulance Services for Emergency Calls: Effects of Different Systems of Performance Measurement within the UK,2008,article,Emergency and Acute Care Studies,missing_anchor_group:goodhart|campbell|proxy failure
openalex,organization_measurement,2,Goodhart law metric target validity,5,https://openalex.org/W3109803464,10.5040/9781509937097.ch-003,Code-driven Law: Freezing the Future and Scaling the Past,2020,book-chapter,Conflict of Laws and Jurisdiction,missing_anchor_group:goodhart|campbell|proxy failure;missing_anchor_group:metric|target|measure|performance|proxy
openalex,organization_measurement,2,Goodhart law metric target validity,6,https://openalex.org/W4285744096,10.3389/frai.2022.789076,The Issue of Proxies and Choice Architectures. Why EU Law Matters for Recommender Systems,2022,article,Blockchain Technology Applications and Security,missing_anchor_group:goodhart|campbell|proxy failure;missing_anchor_group:metric|target|measure|performance|proxy
openalex,organization_measurement,2,Goodhart law metric target validity,7,https://openalex.org/W2990834896,10.1353/hrq.2020.0019,"Measuring Modern Slavery: Law, Human Rights, and New Forms of Data",2020,article,Human Rights and Development,missing_anchor_group:goodhart|campbell|proxy failure;missing_anchor_group:metric|target|measure|performance|proxy
openalex,organization_measurement,2,Goodhart law metric target validity,8,https://openalex.org/W4288079797,10.1007/s10664-020-09875-y,Pandemic programming,2020,article,Occupational Health and Safety Research,missing_anchor_group:goodhart|campbell|proxy failure;missing_anchor_group:metric|target|measure|performance|proxy
openalex,organization_measurement,2,Goodhart law metric target validity,9,https://openalex.org/W4383860163,10.48550/arxiv.2307.03201,Scaling Laws Do Not Scale,2023,preprint,Opinion Dynamics and Social Influence,missing_anchor_group:goodhart|campbell|proxy failure;missing_anchor_group:metric|target|measure|performance|proxy
openalex,organization_measurement,2,Goodhart law metric target validity,10,https://openalex.org/W4387618758,10.1016/j.patter.2023.100842,Building less-flawed metrics: Understanding and creating better measurement and incentive systems,2023,article,Complex Systems and Decision Making,missing_anchor_group:goodhart|campbell|proxy failure
openalex,organization_measurement,2,Goodhart law metric target validity,11,https://openalex.org/W1584415940,,"Reframing International Financial Regulation After the Global Financial Crisis: Rational States and Interdependence, not Regulatory Networks and Soft Law",2014,article,Global Financial Regulation and Crises,missing_anchor_group:goodhart|campbell|proxy failure;missing_anchor_group:metric|target|measure|performance|proxy
openalex,organization_measurement,2,Goodhart law metric target validity,12,https://openalex.org/W2258362977,10.1086/681534,Audit Culture Revisited,2015,article,Political and Economic history of UK and US,missing_anchor_group:goodhart|campbell|proxy failure;missing_anchor_group:metric|target|measure|performance|proxy
openalex,organization_measurement,2,Goodhart law metric target validity,13,https://openalex.org/W4404518479,10.1609/aies.v7i1.31641,Scaling Laws Do Not Scale,2024,conference-paper,Computational and Text Analysis Methods,type_not_allowed:conference-paper;missing_anchor_group:goodhart|campbell|proxy failure;missing_anchor_group:metric|target|measure|performance|proxy
openalex,organization_measurement,2,Goodhart law metric target validity,14,https://openalex.org/W4237312335,10.2307/3480606,Legal Indeterminacy,1989,article,European and International Contract Law,missing_anchor_group:goodhart|campbell|proxy failure;missing_anchor_group:metric|target|measure|performance|proxy
openalex,organization_measurement,2,Goodhart law metric target validity,15,https://openalex.org/W2143368169,10.13189/ujm.2014.020705,Gaming and Targets in the English NHS,2014,article,Healthcare Systems and Challenges,missing_anchor_group:goodhart|campbell|proxy failure
openalex,organization_measurement,2,Goodhart law metric target validity,16,https://openalex.org/W4292079670,10.1098/rsos.220334,Citation counts and journal impact factors do not capture some indicators of research quality in the behavioural and brain sciences,2022,article,scientometrics and bibliometrics research,missing_anchor_group:goodhart|campbell|proxy failure;missing_anchor_group:metric|target|measure|performance|proxy
openalex,organization_measurement,2,Goodhart law metric target validity,17,https://openalex.org/W4287100616,10.48550/arxiv.2107.02173,Is Automated Topic Model Evaluation Broken?: The Incoherence of\n Coherence,2021,preprint,Topic Modeling,missing_anchor_group:goodhart|campbell|proxy failure;missing_anchor_group:metric|target|measure|performance|proxy
openalex,organization_measurement,2,Goodhart law metric target validity,19,https://openalex.org/W3187420880,10.3386/w29070,Machine Learning and Mobile Phone Data Can Improve the Targeting of Humanitarian Assistance,2021,report,COVID-19 epidemiological studies,missing_anchor_group:goodhart|campbell|proxy failure
openalex,organization_measurement,2,Goodhart law metric target validity,21,https://openalex.org/W4387345589,10.1016/j.jempfin.2023.101434,Goodhart’s law in China: Bank branching regulation and window dressing,2023,article,"Banking stability, regulation, efficiency",missing_anchor_group:metric|target|measure|performance|proxy
openalex,organization_measurement,2,Goodhart law metric target validity,22,https://openalex.org/W4403569939,10.48550/arxiv.2410.09638,"On Goodhart's law, with an application to value alignment",2024,preprint,Business Strategy and Innovation,missing_anchor_group:metric|target|measure|performance|proxy
openalex,organization_measurement,2,Goodhart law metric target validity,23,https://openalex.org/W2906072016,,Building Less Flawed Metrics,2018,report,Systems Engineering Methodologies and Applications,missing_anchor_group:goodhart|campbell|proxy failure
openalex,organization_measurement,2,Goodhart law metric target validity,24,https://openalex.org/W2147003425,10.1016/s0363-3268(04)22004-3,THE GREAT DEPRESSION AS A CREDIT BOOM GONE WRONG,2005,book-chapter,Global Financial Crisis and Policies,missing_anchor_group:goodhart|campbell|proxy failure;missing_anchor_group:metric|target|measure|performance|proxy
openalex,organization_measurement,2,Goodhart law metric target validity,25,https://openalex.org/W4233136264,10.31235/osf.io/45x67,The Issue of Proxies and Choice Architectures. Why EU law matters for recommender systems,2021,preprint,Ethics and Social Impacts of AI,missing_anchor_group:goodhart|campbell|proxy failure;missing_anchor_group:metric|target|measure|performance|proxy
openalex,organization_measurement,2,Goodhart law metric target validity,26,https://openalex.org/W1550270091,10.4324/9780203329580,Monetary Policy and Unemployment,2004,book,Global Financial Crisis and Policies,missing_anchor_group:goodhart|campbell|proxy failure;missing_anchor_group:metric|target|measure|performance|proxy
openalex,organization_measurement,2,Goodhart law metric target validity,27,https://openalex.org/W2159141406,10.20955/r.90.531-568,"The Credit Crunch of 2007-2008: A Discussion of the Background, Market Reactions, and Policy Responses",2008,article,"Banking stability, regulation, efficiency",missing_anchor_group:goodhart|campbell|proxy failure;missing_anchor_group:metric|target|measure|performance|proxy
openalex,organization_measurement,2,Goodhart law metric target validity,28,https://openalex.org/W2885183727,10.48550/arxiv.1807.06732,Motivating the Rules of the Game for Adversarial Example Research,2018,preprint,Adversarial Robustness in Machine Learning,missing_anchor_group:goodhart|campbell|proxy failure;missing_anchor_group:metric|target|measure|performance|proxy
openalex,organization_measurement,2,Goodhart law metric target validity,29,https://openalex.org/W2584836299,10.18564/jasss.3280,Macroeconomic Policy in DSGE and Agent-Based Models Redux: New Developments and Challenges Ahead,2017,article,Complex Systems and Time Series Analysis,missing_anchor_group:goodhart|campbell|proxy failure;missing_anchor_group:metric|target|measure|performance|proxy
openalex,organization_measurement,2,Goodhart law metric target validity,30,https://openalex.org/W2900742936,10.1016/j.respol.2018.10.025,"Academic misconduct, misrepresentation and gaming: A reassessment",2018,article,Academic integrity and plagiarism,missing_anchor_group:goodhart|campbell|proxy failure;missing_anchor_group:metric|target|measure|performance|proxy
openalex,organization_measurement,2,Goodhart law metric target validity,31,https://openalex.org/W2918981486,10.3390/bdcc3020021,Multiparty Dynamics and Failure Modes for Machine Learning and Artificial Intelligence,2019,article,Adversarial Robustness in Machine Learning,missing_anchor_group:goodhart|campbell|proxy failure;missing_anchor_group:metric|target|measure|performance|proxy
openalex,organization_measurement,2,Goodhart law metric target validity,32,https://openalex.org/W4300758348,10.24148/wp2015-20,Credit frictions and optimal monetary policy,2015,article,Economic Theory and Policy,missing_anchor_group:goodhart|campbell|proxy failure;missing_anchor_group:metric|target|measure|performance|proxy
openalex,organization_measurement,2,Goodhart law metric target validity,33,https://openalex.org/W3023038556,10.48550/arxiv.2005.01127,Pandemic Programming: How COVID-19 affects software developers and how their organizations can help,2020,article,Software Engineering Techniques and Practices,missing_anchor_group:goodhart|campbell|proxy failure;missing_anchor_group:metric|target|measure|performance|proxy
openalex,organization_measurement,2,Goodhart law metric target validity,34,https://openalex.org/W4362513710,10.1007/978-3-031-24349-3_14,Law for Computer Scientists,2023,conference-paper,Ethics and Social Impacts of AI,type_not_allowed:conference-paper;missing_anchor_group:goodhart|campbell|proxy failure;missing_anchor_group:metric|target|measure|performance|proxy
openalex,organization_measurement,2,Goodhart law metric target validity,35,https://openalex.org/W2924006879,10.1007/s00191-019-00609-y,More is different ... and complex! the case for agent-based macroeconomics,2019,article,Complex Systems and Time Series Analysis,missing_anchor_group:goodhart|campbell|proxy failure;missing_anchor_group:metric|target|measure|performance|proxy
openalex,organization_measurement,2,Goodhart law metric target validity,36,https://openalex.org/W3013972485,10.3390/electronics9040551,Speed Control Optimization for Autonomous Vehicles with Metaheuristics,2020,article,Vehicle Dynamics and Control Systems,missing_anchor_group:goodhart|campbell|proxy failure;missing_anchor_group:metric|target|measure|performance|proxy
openalex,organization_measurement,2,Goodhart law metric target validity,37,https://openalex.org/W2057681932,10.1109/access.2013.2261115,Bibliometric Indicators: Why Do We Need More Than One?,2013,article,scientometrics and bibliometrics research,missing_anchor_group:goodhart|campbell|proxy failure
openalex,organization_measurement,2,Goodhart law metric target validity,38,https://openalex.org/W2280317144,,"Don't Trust a Management Metric, Especially in Life Support",2014,article,Monetary Policy and Economic Impact,missing_anchor_group:goodhart|campbell|proxy failure
openalex,organization_measurement,2,Goodhart law metric target validity,39,https://openalex.org/W3015475346,10.1162/artl_a_00319,The Surprising Creativity of Digital Evolution: A Collection of Anecdotes from the Evolutionary Computation and Artificial Life Research Communities,2020,article,Evolutionary Game Theory and Cooperation,missing_anchor_group:goodhart|campbell|proxy failure;missing_anchor_group:metric|target|measure|performance|proxy
openalex,organization_measurement,2,Goodhart law metric target validity,40,https://openalex.org/W4390035079,10.1162/tacl_a_00626,Bridging the Gap: A Survey on Integrating (Human) Feedback for Natural Language Generation,2023,article,Topic Modeling,missing_anchor_group:goodhart|campbell|proxy failure;missing_anchor_group:metric|target|measure|performance|proxy
openalex,organization_measurement,2,Goodhart law metric target validity,41,https://openalex.org/W4211250054,10.3386/w21820,Credit Frictions and Optimal Monetary Policy,2015,report,Economic Theory and Policy,missing_anchor_group:goodhart|campbell|proxy failure;missing_anchor_group:metric|target|measure|performance|proxy
openalex,organization_measurement,2,Goodhart law metric target validity,42,https://openalex.org/W3178133156,10.48550/arxiv.2107.02173,Is Automated Topic Model Evaluation Broken?: The Incoherence of Coherence,2021,preprint,Topic Modeling,missing_anchor_group:goodhart|campbell|proxy failure;missing_anchor_group:metric|target|measure|performance|proxy
openalex,organization_measurement,2,Goodhart law metric target validity,43,https://openalex.org/W4387687940,10.48550/arxiv.2310.09144,Goodhart's Law in Reinforcement Learning,2023,preprint,Auction Theory and Applications,missing_anchor_group:metric|target|measure|performance|proxy
openalex,organization_measurement,2,Goodhart law metric target validity,44,https://openalex.org/W4415159865,10.48550/arxiv.2504.10112,"Benchmarking Practices in LLM-driven Offensive Security: Testbeds, Metrics, and Experiment Design",2025,preprint,Advanced Malware Detection Techniques,missing_anchor_group:goodhart|campbell|proxy failure
openalex,organization_measurement,2,Goodhart law metric target validity,45,https://openalex.org/W4405767463,10.48550/arxiv.2412.17156,LLM-based relevance assessment still can't replace human relevance assessment,2024,preprint,Semantic Web and Ontologies,missing_anchor_group:goodhart|campbell|proxy failure;missing_anchor_group:metric|target|measure|performance|proxy
openalex,organization_measurement,2,Goodhart law metric target validity,46,https://openalex.org/W1589134488,10.4337/9781849808712.00017,Implementing the Macroprudential Approach to Financial Regulation and Supervision,2011,book-chapter,"Banking stability, regulation, efficiency",missing_anchor_group:goodhart|campbell|proxy failure;missing_anchor_group:metric|target|measure|performance|proxy
openalex,organization_measurement,2,Goodhart law metric target validity,47,https://openalex.org/W4288086173,10.1145/3359221,This Thing Called Fairness,2019,article,Ethics and Social Impacts of AI,missing_anchor_group:goodhart|campbell|proxy failure;missing_anchor_group:metric|target|measure|performance|proxy
openalex,organization_measurement,2,Goodhart law metric target validity,48,https://openalex.org/W4414125404,10.30845/ijhss.v15p37,Goodhart’s Law and The Meritocratic Illusion,2025,article,Historical Economic and Social Studies,missing_anchor_group:metric|target|measure|performance|proxy
openalex,organization_measurement,2,Goodhart law metric target validity,49,https://openalex.org/W4408408682,10.1002/bsd2.70090,How Green Credit Policies and Climate Change Practices Drive Banking Financial Performance,2025,article,Sustainable Finance and Green Bonds,missing_anchor_group:goodhart|campbell|proxy failure
openalex,organization_measurement,2,Goodhart law metric target validity,50,https://openalex.org/W4389676498,10.1145/3636509,Against Predictive Optimization: On the Legitimacy of Decision-making Algorithms That Optimize Predictive Accuracy,2023,article,Ethics and Social Impacts of AI,missing_anchor_group:goodhart|campbell|proxy failure;missing_anchor_group:metric|target|measure|performance|proxy
crossref,organization_measurement,2,Goodhart law metric target validity,1,10.1093/ww/9780199540884.013.u50891,10.1093/ww/9780199540884.013.u50891,"Goodhart, Sir Ernest Frederic, (12 Aug. 1880–13 Jan. 1961), barrister-at-law",2007,reference-entry,Who Was Who,type_not_allowed:reference-entry;missing_anchor_group:metric|target|measure|performance|proxy
crossref,organization_measurement,2,Goodhart law metric target validity,2,10.2307/1118373,10.2307/1118373,English Contributions to the Philosophy of Law,1948,journal-article,Columbia Law Review,missing_anchor_group:goodhart|campbell|proxy failure;missing_anchor_group:metric|target|measure|performance|proxy
crossref,organization_measurement,2,Goodhart law metric target validity,3,10.4337/9781035305605.00019,10.4337/9781035305605.00019,Searching for a Metric for Financial Stability,2012,book-chapter,Financial Stability in Practice,missing_anchor_group:goodhart|campbell|proxy failure
crossref,organization_measurement,2,Goodhart law metric target validity,4,10.2307/1333689,10.2307/1333689,"Annual Survey of English Law, 1936",1938,journal-article,Harvard Law Review,missing_anchor_group:goodhart|campbell|proxy failure;missing_anchor_group:metric|target|measure|performance|proxy
crossref,organization_measurement,2,Goodhart law metric target validity,5,10.2307/790497,10.2307/790497,Costs,1929,journal-article,The Yale Law Journal,missing_anchor_group:goodhart|campbell|proxy failure;missing_anchor_group:metric|target|measure|performance|proxy
crossref,organization_measurement,2,Goodhart law metric target validity,6,10.2307/1332723,10.2307/1332723,Newspapers and Contempt of Court in English Law,1935,journal-article,Harvard Law Review,missing_anchor_group:goodhart|campbell|proxy failure;missing_anchor_group:metric|target|measure|performance|proxy
crossref,organization_measurement,2,Goodhart law metric target validity,7,10.2307/1339428,10.2307/1339428,The Law at Harvard,1967,journal-article,Harvard Law Review,missing_anchor_group:goodhart|campbell|proxy failure;missing_anchor_group:metric|target|measure|performance|proxy
crossref,organization_measurement,2,Goodhart law metric target validity,8,10.1093/ww/9780199540884.013.17490,10.1093/ww/9780199540884.013.17490,"Goodhart, Lady, (Celia McClare Goodhart) (born 25 July 1939)",2007,reference-entry,Who's Who,type_not_allowed:reference-entry;missing_anchor_group:metric|target|measure|performance|proxy
crossref,organization_measurement,2,Goodhart law metric target validity,9,10.2307/1071506,10.2307/1071506,A Changing Approach to the Law of Evidence,1965,journal-article,Virginia Law Review,missing_anchor_group:goodhart|campbell|proxy failure;missing_anchor_group:metric|target|measure|performance|proxy
crossref,organization_measurement,2,Goodhart law metric target validity,10,10.2307/3478961,10.2307/3478961,The Law of Torts,1965,journal-article,California Law Review,missing_anchor_group:goodhart|campbell|proxy failure;missing_anchor_group:metric|target|measure|performance|proxy
crossref,organization_measurement,2,Goodhart law metric target validity,11,10.2307/1115800,10.2307/1115800,Precedent in English and Continental Law,1935,journal-article,Columbia Law Review,missing_anchor_group:goodhart|campbell|proxy failure;missing_anchor_group:metric|target|measure|performance|proxy
crossref,organization_measurement,2,Goodhart law metric target validity,12,10.1177/147377957200100102,10.1177/147377957200100102,…From Professor A. L. Goodhart,1972,journal-article,Anglo-American Law Review,missing_anchor_group:metric|target|measure|performance|proxy
crossref,organization_measurement,2,Goodhart law metric target validity,13,10.2307/1115363,10.2307/1115363,Essays in Jurisprudence and the Common Law,1931,journal-article,Columbia Law Review,missing_anchor_group:goodhart|campbell|proxy failure;missing_anchor_group:metric|target|measure|performance|proxy
crossref,organization_measurement,2,Goodhart law metric target validity,14,10.2307/1332167,10.2307/1332167,Essays in Jurisprudence and the Common Law,1932,journal-article,Harvard Law Review,missing_anchor_group:goodhart|campbell|proxy failure;missing_anchor_group:metric|target|measure|performance|proxy
crossref,organization_measurement,2,Goodhart law metric target validity,15,10.2307/1066505,10.2307/1066505,Essays in Jurisprudence and the Common Law,1931,journal-article,Virginia Law Review,missing_anchor_group:goodhart|campbell|proxy failure;missing_anchor_group:metric|target|measure|performance|proxy
crossref,organization_measurement,2,Goodhart law metric target validity,16,10.1111/j.1468-2230.1945.tb02896.x,10.1111/j.1468-2230.1945.tb02896.x,LEGAL THEORY*,1945,journal-article,The Modern Law Review,missing_anchor_group:goodhart|campbell|proxy failure;missing_anchor_group:metric|target|measure|performance|proxy
crossref,organization_measurement,2,Goodhart law metric target validity,17,10.29173/alr1964,10.29173/alr1964,Three Famous Legal Hoaxes,1968,journal-article,Alberta Law Review,missing_anchor_group:goodhart|campbell|proxy failure;missing_anchor_group:metric|target|measure|performance|proxy
crossref,organization_measurement,2,Goodhart law metric target validity,18,10.1093/ww/9780199540884.013.u17490,10.1093/ww/9780199540884.013.u17490,"Goodhart, Lady, (Celia McClare Goodhart) (born 25 July 1939)",2007,reference-entry,Who's Who,type_not_allowed:reference-entry;missing_anchor_group:metric|target|measure|performance|proxy
crossref,organization_measurement,2,Goodhart law metric target validity,19,10.2307/3310297,10.2307/3310297,The Rule of Law and Absolute Sovereignty,1958,journal-article,University of Pennsylvania Law Review,missing_anchor_group:goodhart|campbell|proxy failure;missing_anchor_group:metric|target|measure|performance|proxy
crossref,organization_measurement,2,Goodhart law metric target validity,20,10.18297/etd/3501,10.18297/etd/3501,Automatic target recognition with deep metric learning.,,dissertation,,missing_anchor_group:goodhart|campbell|proxy failure
crossref,organization_measurement,2,Goodhart law metric target validity,21,10.4337/9781035330157.g.4,10.4337/9781035330157.g.4,Goodhart’s law,2025,book-chapter,Elgar Encyclopedia of Central Banking,missing_anchor_group:metric|target|measure|performance|proxy
crossref,organization_measurement,2,Goodhart law metric target validity,22,10.1007/978-981-10-7647-3_2,10.1007/978-981-10-7647-3_2,Target Characteristics in Metric Wave Band,2019,book-chapter,Advanced Metric Wave Radar,missing_anchor_group:goodhart|campbell|proxy failure
crossref,organization_measurement,2,Goodhart law metric target validity,23,10.2307/2548290,10.2307/2548290,"Annual Survey of English Law, 1928.",1929,journal-article,Economica,missing_anchor_group:goodhart|campbell|proxy failure;missing_anchor_group:metric|target|measure|performance|proxy
crossref,organization_measurement,2,Goodhart law metric target validity,24,10.2307/794781,10.2307/794781,Liability for Innocent but Negligent Misrepresentations,1964,journal-article,The Yale Law Journal,missing_anchor_group:goodhart|campbell|proxy failure;missing_anchor_group:metric|target|measure|performance|proxy
crossref,organization_measurement,2,Goodhart law metric target validity,25,10.2307/1114733,10.2307/1114733,The Judicial Process in Tort Cases,1932,journal-article,Columbia Law Review,missing_anchor_group:goodhart|campbell|proxy failure;missing_anchor_group:metric|target|measure|performance|proxy
crossref,organization_measurement,2,Goodhart law metric target validity,26,10.1093/ww/9780199540884.013.17489,10.1093/ww/9780199540884.013.17489,"Goodhart, Baron, (William Howard Goodhart) (18 Jan. 1933–10 Jan. 2017)",2007,reference-entry,Who Was Who,type_not_allowed:reference-entry;missing_anchor_group:metric|target|measure|performance|proxy
crossref,organization_measurement,2,Goodhart law metric target validity,27,10.2139/ssrn.3639508,10.2139/ssrn.3639508,Goodhart's Law and Machine Learning,2020,journal-article,SSRN Electronic Journal,missing_anchor_group:metric|target|measure|performance|proxy
crossref,organization_measurement,2,Goodhart law metric target validity,28,10.2307/824444,10.2307/824444,English Law and the Moral Law,1956,journal-article,The University of Toronto Law Journal,missing_anchor_group:goodhart|campbell|proxy failure;missing_anchor_group:metric|target|measure|performance|proxy
crossref,organization_measurement,2,Goodhart law metric target validity,29,10.2307/1071417,10.2307/1071417,The Brief Life Story of the Direct Consequence Rule in English Tort Law,1967,journal-article,Virginia Law Review,missing_anchor_group:goodhart|campbell|proxy failure;missing_anchor_group:metric|target|measure|performance|proxy
crossref,organization_measurement,2,Goodhart law metric target validity,30,10.2307/791568,10.2307/791568,Essays in Jurisprudence and the Common Law,1931,journal-article,The Yale Law Journal,missing_anchor_group:goodhart|campbell|proxy failure;missing_anchor_group:metric|target|measure|performance|proxy
crossref,organization_measurement,2,Goodhart law metric target validity,31,10.2307/789964,10.2307/789964,The Unforeseeable Consequences of a Negligent Act,1930,journal-article,The Yale Law Journal,missing_anchor_group:goodhart|campbell|proxy failure;missing_anchor_group:metric|target|measure|performance|proxy
crossref,organization_measurement,2,Goodhart law metric target validity,32,10.1111/j.1468-2230.1938.tb00388.x,10.1111/j.1468-2230.1938.tb00388.x,The Foundation of Tortious Liability,1938,journal-article,The Modern Law Review,missing_anchor_group:goodhart|campbell|proxy failure;missing_anchor_group:metric|target|measure|performance|proxy
crossref,organization_measurement,2,Goodhart law metric target validity,33,10.1111/1468-2230.00063,10.1111/1468-2230.00063,Economics and the Law: Too Much One–Way Traffic?,1997,journal-article,The Modern Law Review,missing_anchor_group:goodhart|campbell|proxy failure;missing_anchor_group:metric|target|measure|performance|proxy
crossref,organization_measurement,2,Goodhart law metric target validity,34,10.2307/1597109,10.2307/1597109,"Annual Survey of American Law, 1994",1947,journal-article,The University of Chicago Law Review,missing_anchor_group:goodhart|campbell|proxy failure;missing_anchor_group:metric|target|measure|performance|proxy
crossref,organization_measurement,2,Goodhart law metric target validity,35,10.2307/1331064,10.2307/1331064,"Annual Survey of English Law, 1928. London School of Economics and Political Science, Department of Law",1930,journal-article,Harvard Law Review,missing_anchor_group:goodhart|campbell|proxy failure;missing_anchor_group:metric|target|measure|performance|proxy
crossref,organization_measurement,2,Goodhart law metric target validity,36,10.2307/792917,10.2307/792917,English Contributions to the Philosophy of Law,1949,journal-article,The Yale Law Journal,missing_anchor_group:goodhart|campbell|proxy failure;missing_anchor_group:metric|target|measure|performance|proxy
crossref,organization_measurement,2,Goodhart law metric target validity,37,10.2307/789636,10.2307/789636,The Legality of the General Strike in England,1927,journal-article,The Yale Law Journal,missing_anchor_group:goodhart|campbell|proxy failure;missing_anchor_group:metric|target|measure|performance|proxy
crossref,organization_measurement,2,Goodhart law metric target validity,38,10.1093/ww/9780199540884.013.u17489,10.1093/ww/9780199540884.013.u17489,"Goodhart, Baron, (William Howard Goodhart) (18 Jan. 1933–10 Jan. 2017)",2007,reference-entry,Who's Who,type_not_allowed:reference-entry;missing_anchor_group:metric|target|measure|performance|proxy
crossref,organization_measurement,2,Goodhart law metric target validity,39,10.2307/3307948,10.2307/3307948,Restatement of the Law of Torts,1935,journal-article,University of Pennsylvania Law Review and American Law Register,missing_anchor_group:goodhart|campbell|proxy failure;missing_anchor_group:metric|target|measure|performance|proxy
crossref,organization_measurement,2,Goodhart law metric target validity,40,10.5220/0011691100003414,10.5220/0011691100003414,DT-ML: Drug-Target Metric Learning,2023,proceedings-article,Proceedings of the 16th International Joint Conference on Biomedical Engineering Systems and Technologies,missing_anchor_group:goodhart|campbell|proxy failure
crossref,organization_measurement,2,Goodhart law metric target validity,41,10.1111/j.1468-2230.1959.tb02164.x,10.1111/j.1468-2230.1959.tb02164.x,THE RATIO DECIDENDI OF A CASE,1959,journal-article,The Modern Law Review,missing_anchor_group:goodhart|campbell|proxy failure;missing_anchor_group:metric|target|measure|performance|proxy
crossref,organization_measurement,2,Goodhart law metric target validity,42,10.2307/3308071,10.2307/3308071,"Restatement of the Law of Torts, II",1935,journal-article,University of Pennsylvania Law Review and American Law Register,missing_anchor_group:goodhart|campbell|proxy failure;missing_anchor_group:metric|target|measure|performance|proxy
crossref,organization_measurement,2,Goodhart law metric target validity,43,10.2307/790205,10.2307/790205,Determining the Ratio Decidendi of a Case,1930,journal-article,The Yale Law Journal,missing_anchor_group:goodhart|campbell|proxy failure;missing_anchor_group:metric|target|measure|performance|proxy
crossref,organization_measurement,2,Goodhart law metric target validity,44,10.2307/1117905,10.2307/1117905,Essays in Law and History,1947,journal-article,Columbia Law Review,missing_anchor_group:goodhart|campbell|proxy failure;missing_anchor_group:metric|target|measure|performance|proxy
crossref,organization_measurement,2,Goodhart law metric target validity,45,10.1111/j.1468-2230.1953.tb02762.x,10.1111/j.1468-2230.1953.tb02762.x,The Shock Cases And Area Of Risk,1953,journal-article,The Modern Law Review,missing_anchor_group:goodhart|campbell|proxy failure;missing_anchor_group:metric|target|measure|performance|proxy
crossref,organization_measurement,2,Goodhart law metric target validity,46,10.2307/3308381,10.2307/3308381,Precedent in English and Continental Law,1935,journal-article,University of Pennsylvania Law Review and American Law Register,missing_anchor_group:goodhart|campbell|proxy failure;missing_anchor_group:metric|target|measure|performance|proxy
crossref,organization_measurement,2,Goodhart law metric target validity,47,10.1007/978-981-10-7647-3_8,10.1007/978-981-10-7647-3_8,Target Classification and Identification Techniques for Advanced Metric Wave Radar,2019,book-chapter,Advanced Metric Wave Radar,missing_anchor_group:goodhart|campbell|proxy failure
crossref,organization_measurement,2,Goodhart law metric target validity,48,10.1111/j.1468-2230.1980.tb01605.x,10.1111/j.1468-2230.1980.tb01605.x,THE INFILTRATION OF EQUITABLE DOCTRINE INTO ENGLISH COMMERCIAL LAW*,1980,journal-article,The Modern Law Review,missing_anchor_group:goodhart|campbell|proxy failure;missing_anchor_group:metric|target|measure|performance|proxy
crossref,organization_measurement,2,Goodhart law metric target validity,49,10.2307/2145107,10.2307/2145107,"English Law and the Moral Law, <i>by A. L. Goodhart</i>",1954,journal-article,Political Science Quarterly,missing_anchor_group:metric|target|measure|performance|proxy
crossref,organization_measurement,2,Goodhart law metric target validity,50,10.2307/790170,10.2307/790170,A Panorama of the World's Legal Systems,1929,journal-article,The Yale Law Journal,missing_anchor_group:goodhart|campbell|proxy failure;missing_anchor_group:metric|target|measure|performance|proxy
openalex,organization_measurement,3,control paradox optimization fragility unintended consequences,1,https://openalex.org/W2956733809,10.1029/2018wr023901,Sociohydrology: Scientific Challenges in Addressing the Sustainable Development Goals,2019,article,Water-Energy-Food Nexus Studies,missing_anchor_group:control paradox|optimization|over optimization|overoptimization;missing_anchor_group:fragility|unintended|control|robustness|risk
openalex,organization_measurement,3,control paradox optimization fragility unintended consequences,2,https://openalex.org/W4391557630,10.1007/s44274-024-00033-5,Addressing global environmental pollution using environmental control techniques: a focus on environmental policy and preventive environmental management,2024,article,Sustainable Supply Chain Management,missing_anchor_group:control paradox|optimization|over optimization|overoptimization
openalex,organization_measurement,3,control paradox optimization fragility unintended consequences,3,https://openalex.org/W4412986009,10.1287/mksc.2024.0901,Frontiers: The Intended and Unintended Consequences of Privacy Regulation for Consumer Marketing,2025,article,"Privacy, Security, and Data Protection",missing_anchor_group:control paradox|optimization|over optimization|overoptimization
openalex,organization_measurement,3,control paradox optimization fragility unintended consequences,4,https://openalex.org/W2999541183,10.3390/su12020718,South American Expert Roundtable: Increasing Adaptive Governance Capacity for Coping with Unintended Side Effects of Digital Transformation,2020,article,Green IT and Sustainability,missing_anchor_group:control paradox|optimization|over optimization|overoptimization
openalex,organization_measurement,3,control paradox optimization fragility unintended consequences,5,https://openalex.org/W2980495074,10.3386/w22595,Understanding and Misunderstanding Randomized Controlled Trials,2016,report,Decision-Making and Behavioral Economics,missing_anchor_group:control paradox|optimization|over optimization|overoptimization
openalex,organization_measurement,3,control paradox optimization fragility unintended consequences,6,https://openalex.org/W607674676,10.7249/mr1626,"Shaping the Next One Hundred Years: New Methods for Quantitative, Long-Term Policy Analysis",2003,book,Complex Systems and Decision Making,missing_anchor_group:control paradox|optimization|over optimization|overoptimization;missing_anchor_group:fragility|unintended|control|robustness|risk
openalex,organization_measurement,3,control paradox optimization fragility unintended consequences,7,https://openalex.org/W1911006716,10.5334/ijic.218,Attending unintended transformations of health care infrastructure,2007,article,Information Systems Theories and Implementation,missing_anchor_group:control paradox|optimization|over optimization|overoptimization
openalex,organization_measurement,3,control paradox optimization fragility unintended consequences,8,https://openalex.org/W2152007396,10.1257/jep.24.2.211,Markets: The Credit Rating Agencies,2010,article,"Banking stability, regulation, efficiency",missing_anchor_group:control paradox|optimization|over optimization|overoptimization;missing_anchor_group:fragility|unintended|control|robustness|risk
openalex,organization_measurement,3,control paradox optimization fragility unintended consequences,9,https://openalex.org/W3214625971,10.1016/j.ijinfomgt.2021.102456,Climate change and COP26: Are digital technologies and information management part of the problem or the solution? An editorial reflection and call to action,2021,editorial,Green IT and Sustainability,type_not_allowed:editorial;missing_anchor_group:control paradox|optimization|over optimization|overoptimization;missing_anchor_group:fragility|unintended|control|robustness|risk
openalex,organization_measurement,3,control paradox optimization fragility unintended consequences,10,https://openalex.org/W3161588210,10.1146/annurev-psych-020821-114157,"Replicability, Robustness, and Reproducibility in Psychological Science",2021,review,Mental Health Research Topics,type_not_allowed:review;missing_anchor_group:control paradox|optimization|over optimization|overoptimization
openalex,organization_measurement,3,control paradox optimization fragility unintended consequences,11,https://openalex.org/W2512173100,10.1080/17538947.2011.582276,Geographic information systems and science,2011,book-review,Geographic Information Systems Studies,type_not_allowed:book-review;missing_anchor_group:control paradox|optimization|over optimization|overoptimization;missing_anchor_group:fragility|unintended|control|robustness|risk
openalex,organization_measurement,3,control paradox optimization fragility unintended consequences,12,https://openalex.org/W4327650880,10.1080/07036337.2022.2154344,Stalled by design: New paradoxes in the European Union’s single financial market,2023,article,Global Financial Regulation and Crises,missing_anchor_group:control paradox|optimization|over optimization|overoptimization;missing_anchor_group:fragility|unintended|control|robustness|risk
openalex,organization_measurement,3,control paradox optimization fragility unintended consequences,13,https://openalex.org/W1894768164,10.2134/jeq2015.01.0030,The Pivotal Role of Phosphorus in a Resilient Water-Energy-Food Security Nexus,2015,article,Phosphorus and nutrient management,missing_anchor_group:control paradox|optimization|over optimization|overoptimization;missing_anchor_group:fragility|unintended|control|robustness|risk
openalex,organization_measurement,3,control paradox optimization fragility unintended consequences,14,https://openalex.org/W3177255364,,The Green Morocco Plan: A Case Study of the Unintended Consequences of Sustainable Development Initiatives,2021,article,Urban Agriculture and Sustainability,missing_anchor_group:control paradox|optimization|over optimization|overoptimization
openalex,organization_measurement,3,control paradox optimization fragility unintended consequences,15,https://openalex.org/W2594412201,,THE POWER PRODUCTION PARADOX: REVEALING THE SOCIO-TECHNICAL IMPEDIMENTS TO DISTRIBUTED GENERATION TECHNOLOGIES,2006,dissertation,American Environmental and Regional History,missing_anchor_group:control paradox|optimization|over optimization|overoptimization;missing_anchor_group:fragility|unintended|control|robustness|risk
openalex,organization_measurement,3,control paradox optimization fragility unintended consequences,16,https://openalex.org/W4388021005,10.3390/cryst13111549,Optimization of Wire EDM Process Parameters for Machining Hybrid Composites Using Grey Relational Analysis,2023,article,Advanced Machining and Optimization Techniques,missing_anchor_group:fragility|unintended|control|robustness|risk
openalex,organization_measurement,3,control paradox optimization fragility unintended consequences,17,https://openalex.org/W2332514505,10.2307/1511512,"On the Essential Contexts of Artifacts or on the Proposition That ""Design Is Making Sense (Of Things)""",1989,article,Digital Media and Visual Art,missing_anchor_group:control paradox|optimization|over optimization|overoptimization;missing_anchor_group:fragility|unintended|control|robustness|risk
openalex,organization_measurement,3,control paradox optimization fragility unintended consequences,18,https://openalex.org/W4413410683,10.1002/sres.3178,The Control–Entropy Paradox: Modeling the Thermodynamic Limits of Environmental Governance,2025,article,Climate Change Policy and Economics,missing_anchor_group:control paradox|optimization|over optimization|overoptimization
openalex,organization_measurement,3,control paradox optimization fragility unintended consequences,19,https://openalex.org/W1602226211,10.28945/141,Multiple Media Use in Organizations: Identifying Practices Leading to an Alignment Paradox,2007,article,Information Systems Theories and Implementation,missing_anchor_group:control paradox|optimization|over optimization|overoptimization;missing_anchor_group:fragility|unintended|control|robustness|risk
openalex,organization_measurement,3,control paradox optimization fragility unintended consequences,20,https://openalex.org/W1573649504,,"Partitioning in Avionics Architectures: Requirements, Mechanisms, and Assurance",1999,article,Real-Time Systems Scheduling,missing_anchor_group:control paradox|optimization|over optimization|overoptimization;missing_anchor_group:fragility|unintended|control|robustness|risk
openalex,organization_measurement,3,control paradox optimization fragility unintended consequences,21,https://openalex.org/W2800630321,10.1155/2018/3190251,Strategies for Managing the Structural and Dynamic Consequences of Project Complexity,2018,article,Innovation and Knowledge Management,missing_anchor_group:control paradox|optimization|over optimization|overoptimization;missing_anchor_group:fragility|unintended|control|robustness|risk
openalex,organization_measurement,3,control paradox optimization fragility unintended consequences,22,https://openalex.org/W2057207144,10.1257/jep.8.1.45,Perspectives on Growth Theory,1994,article,Economic Growth and Productivity,missing_anchor_group:control paradox|optimization|over optimization|overoptimization;missing_anchor_group:fragility|unintended|control|robustness|risk
openalex,organization_measurement,3,control paradox optimization fragility unintended consequences,23,https://openalex.org/W1994414501,10.1111/j.1477-9730.2005.00343_5.x,Geographic information systems and science,2005,article,Geographic Information Systems Studies,missing_anchor_group:control paradox|optimization|over optimization|overoptimization;missing_anchor_group:fragility|unintended|control|robustness|risk
openalex,organization_measurement,3,control paradox optimization fragility unintended consequences,24,https://openalex.org/W2131744895,10.1016/j.jom.2011.06.007,"Product safety and security in the global supply chain: Issues, challenges and research opportunities",2011,article,Supply Chain Resilience and Risk Management,missing_anchor_group:control paradox|optimization|over optimization|overoptimization;missing_anchor_group:fragility|unintended|control|robustness|risk
openalex,organization_measurement,3,control paradox optimization fragility unintended consequences,25,https://openalex.org/W7124545921,10.1007/s00146-025-02814-9,The competence paradox: when psychologists overestimate their understanding of Artificial Intelligence,2026,article,Artificial Intelligence in Healthcare and Education,missing_anchor_group:control paradox|optimization|over optimization|overoptimization;missing_anchor_group:fragility|unintended|control|robustness|risk
openalex,organization_measurement,3,control paradox optimization fragility unintended consequences,26,https://openalex.org/W2799555431,10.1029/2017rg000591,The Global Food‐Energy‐Water Nexus,2018,article,Water-Energy-Food Nexus Studies,missing_anchor_group:control paradox|optimization|over optimization|overoptimization;missing_anchor_group:fragility|unintended|control|robustness|risk
openalex,organization_measurement,3,control paradox optimization fragility unintended consequences,27,https://openalex.org/W2969502667,10.1186/s42408-019-0048-6,Empowering strategic decision-making for wildfire management: avoiding the fear trap and creating a resilient landscape,2019,article,Fire effects on ecosystems,missing_anchor_group:control paradox|optimization|over optimization|overoptimization;missing_anchor_group:fragility|unintended|control|robustness|risk
openalex,organization_measurement,3,control paradox optimization fragility unintended consequences,28,https://openalex.org/W2181820239,10.3386/w22795,Applying Asset Pricing Theory to Calibrate the Price of Climate Risk,2016,report,Financial Markets and Investment Strategies,missing_anchor_group:control paradox|optimization|over optimization|overoptimization
openalex,organization_measurement,3,control paradox optimization fragility unintended consequences,29,https://openalex.org/W4412609529,10.1002/widm.70038,"A Guide to Machine Learning Epistemic Ignorance, Hidden Paradoxes, and Other Tensions",2025,article,Explainable Artificial Intelligence (XAI),missing_anchor_group:control paradox|optimization|over optimization|overoptimization;missing_anchor_group:fragility|unintended|control|robustness|risk
openalex,organization_measurement,3,control paradox optimization fragility unintended consequences,30,https://openalex.org/W3080369471,10.1108/qram-01-2019-0021,Calculative regimes in the making: implementation and consequences in the context of Austrian public universities,2020,article,Accounting and Organizational Management,missing_anchor_group:control paradox|optimization|over optimization|overoptimization;missing_anchor_group:fragility|unintended|control|robustness|risk
openalex,organization_measurement,3,control paradox optimization fragility unintended consequences,31,https://openalex.org/W2161506337,10.1037/a0023876,A biopsychosocial formulation of pain communication.,2011,article,Pain Management and Placebo Effect,missing_anchor_group:control paradox|optimization|over optimization|overoptimization;missing_anchor_group:fragility|unintended|control|robustness|risk
openalex,organization_measurement,3,control paradox optimization fragility unintended consequences,32,https://openalex.org/W2198552623,,Unintended Consequences in Public Policy: Formulation and Implementation of Michigan’s Safe Delivery of Newborns Law,2006,dissertation,Legal Systems and Judicial Processes,missing_anchor_group:control paradox|optimization|over optimization|overoptimization
openalex,organization_measurement,3,control paradox optimization fragility unintended consequences,33,https://openalex.org/W2170986688,10.1257/aer.97.2.1,"Beliefs, Doubts and Learning: Valuing Macroeconomic Risk",2007,article,Monetary Policy and Economic Impact,missing_anchor_group:control paradox|optimization|over optimization|overoptimization
openalex,organization_measurement,3,control paradox optimization fragility unintended consequences,34,https://openalex.org/W4315864484,10.1108/ijopm-10-2022-0645,Thinking differently about supply chain resilience: what we can learn from social-ecological systems thinking,2023,article,Supply Chain Resilience and Risk Management,missing_anchor_group:control paradox|optimization|over optimization|overoptimization;missing_anchor_group:fragility|unintended|control|robustness|risk
openalex,organization_measurement,3,control paradox optimization fragility unintended consequences,35,https://openalex.org/W2892117428,10.1088/1748-9326/aadf95,The control versus resilience rationale for managing systems under uncertainty,2018,article,Complex Systems and Decision Making,missing_anchor_group:control paradox|optimization|over optimization|overoptimization
openalex,organization_measurement,3,control paradox optimization fragility unintended consequences,36,https://openalex.org/W2996656423,10.1155/2020/6105872,An Introduction to Complex Systems Science and Its Applications,2020,article,"Chaos, Complexity, and Education",missing_anchor_group:control paradox|optimization|over optimization|overoptimization;missing_anchor_group:fragility|unintended|control|robustness|risk
openalex,organization_measurement,3,control paradox optimization fragility unintended consequences,37,https://openalex.org/W2993134363,10.1016/j.techfore.2019.119799,System dynamics modeling as a circular process: The smart commons approach to impact management,2019,article,Complex Systems and Decision Making,missing_anchor_group:control paradox|optimization|over optimization|overoptimization;missing_anchor_group:fragility|unintended|control|robustness|risk
openalex,organization_measurement,3,control paradox optimization fragility unintended consequences,38,https://openalex.org/W3183040292,10.7189/jogh.11.01005,"Digital health and primary care: Past, pandemic and prospects",2021,article,Telemedicine and Telehealth Implementation,missing_anchor_group:control paradox|optimization|over optimization|overoptimization;missing_anchor_group:fragility|unintended|control|robustness|risk
openalex,organization_measurement,3,control paradox optimization fragility unintended consequences,39,https://openalex.org/W2117550240,,Laws and Regulations Impacting the Enclosure Movement on the Tibetan Plateau of China,2011,article,Rangeland Management and Livestock Ecology,missing_anchor_group:control paradox|optimization|over optimization|overoptimization;missing_anchor_group:fragility|unintended|control|robustness|risk
openalex,organization_measurement,3,control paradox optimization fragility unintended consequences,40,https://openalex.org/W4297018064,10.1088/1758-5090/ac94a1,Sensor technologies for quality control in engineered tissue manufacturing,2022,article,3D Printing in Biomedical Research,missing_anchor_group:control paradox|optimization|over optimization|overoptimization
openalex,organization_measurement,3,control paradox optimization fragility unintended consequences,41,https://openalex.org/W2088671145,10.1080/21573727.2013.873718,"Towards satisfying the client: optimizing, satisficing or disappointing?",2014,article,Customer Service Quality and Loyalty,missing_anchor_group:control paradox|optimization|over optimization|overoptimization;missing_anchor_group:fragility|unintended|control|robustness|risk
openalex,organization_measurement,3,control paradox optimization fragility unintended consequences,42,https://openalex.org/W2741427461,10.1007/978-3-319-32939-0,The Illusion of Risk Control,2017,book,Complex Systems and Decision Making,missing_anchor_group:control paradox|optimization|over optimization|overoptimization
openalex,organization_measurement,3,control paradox optimization fragility unintended consequences,43,https://openalex.org/W4200527096,10.1088/2634-4505/ac4429,‘What is infrastructure? What does it do?’: anthropological perspectives on the workings of infrastructure(s),2021,article,Water Governance and Infrastructure,missing_anchor_group:control paradox|optimization|over optimization|overoptimization;missing_anchor_group:fragility|unintended|control|robustness|risk
openalex,organization_measurement,3,control paradox optimization fragility unintended consequences,44,https://openalex.org/W2943625371,10.1111/all.13848,The challenge of de‐labeling penicillin allergy,2019,article,Drug-Induced Adverse Reactions,missing_anchor_group:control paradox|optimization|over optimization|overoptimization;missing_anchor_group:fragility|unintended|control|robustness|risk
openalex,organization_measurement,3,control paradox optimization fragility unintended consequences,45,https://openalex.org/W2155416296,10.1183/09031936.00070914,Nutritional assessment and therapy in COPD: a European Respiratory Society statement,2014,article,Chronic Obstructive Pulmonary Disease (COPD) Research,missing_anchor_group:control paradox|optimization|over optimization|overoptimization;missing_anchor_group:fragility|unintended|control|robustness|risk
openalex,organization_measurement,3,control paradox optimization fragility unintended consequences,46,https://openalex.org/W2149619369,10.3386/w10620,The Design of Financial Systems: Towards a Synthesis of Function and Structure,2004,report,Economic theories and models,missing_anchor_group:control paradox|optimization|over optimization|overoptimization;missing_anchor_group:fragility|unintended|control|robustness|risk
openalex,organization_measurement,3,control paradox optimization fragility unintended consequences,47,https://openalex.org/W2554592511,10.1007/978-3-319-42468-2_4,The Politics and Consequences of Virtual Water Export,2016,book-chapter,Water Governance and Infrastructure,missing_anchor_group:control paradox|optimization|over optimization|overoptimization;missing_anchor_group:fragility|unintended|control|robustness|risk
openalex,organization_measurement,3,control paradox optimization fragility unintended consequences,48,https://openalex.org/W4389528799,10.1016/j.technovation.2023.102937,Not all (innovation) failures are created equal: A typology of companies’ responses to the consequences of innovation failure,2023,article,Innovation and Knowledge Management,missing_anchor_group:control paradox|optimization|over optimization|overoptimization;missing_anchor_group:fragility|unintended|control|robustness|risk
openalex,organization_measurement,3,control paradox optimization fragility unintended consequences,49,https://openalex.org/W3217411317,10.1016/j.scaman.2021.101183,Digital transformation and power relations. Interpretative repertoires of digitalization in the Swedish steel industry,2021,article,"Innovation, Technology, and Society",missing_anchor_group:control paradox|optimization|over optimization|overoptimization;missing_anchor_group:fragility|unintended|control|robustness|risk
openalex,organization_measurement,3,control paradox optimization fragility unintended consequences,50,https://openalex.org/W4409353096,10.1038/s42949-025-00199-8,Mitigating the ripple effects of urbanization on farmland productivity and ecological security through inclusive urbanization strategies,2025,article,Land Use and Ecosystem Services,missing_anchor_group:control paradox|optimization|over optimization|overoptimization;missing_anchor_group:fragility|unintended|control|robustness|risk
crossref,organization_measurement,3,control paradox optimization fragility unintended consequences,1,10.1101/149773,10.1101/149773,Unintended Consequences and the Paradox of Control: Management of Emerging Pathogens with Age-Specific Virulence,2017,posted-content,,missing_anchor_group:control paradox|optimization|over optimization|overoptimization
crossref,organization_measurement,3,control paradox optimization fragility unintended consequences,2,10.2139/ssrn.2318146,10.2139/ssrn.2318146,The Paradox of Privacy Empowerment: The Unintended Consequences of 'Do Not Track',2013,posted-content,,missing_anchor_group:control paradox|optimization|over optimization|overoptimization
crossref,organization_measurement,3,control paradox optimization fragility unintended consequences,3,10.2139/ssrn.7337558,10.2139/ssrn.7337558,The Legal AI Supervision Paradox: Cognitive Bias and the Unintended Consequences of Disciplinary Regimes,2026,posted-content,,missing_anchor_group:control paradox|optimization|over optimization|overoptimization
crossref,organization_measurement,3,control paradox optimization fragility unintended consequences,4,10.31857/s013216250018915-9,10.31857/s013216250018915-9,Action and Unintended Consequences: Counterfinality’s Paradox as a Sociological Problem,2022,journal-article,Sotsiologicheskie issledovaniya,missing_anchor_group:control paradox|optimization|over optimization|overoptimization
crossref,organization_measurement,3,control paradox optimization fragility unintended consequences,5,10.1037/e633982013-655,10.1037/e633982013-655,Strategic colorblindness: The paradox of unintended consequences,2007,dataset,PsycEXTRA Dataset,type_not_allowed:dataset;missing_anchor_group:control paradox|optimization|over optimization|overoptimization
crossref,organization_measurement,3,control paradox optimization fragility unintended consequences,6,10.54014/9sxd-87jy,10.54014/9sxd-87jy,Tightening your grip : the unintended consequences of export control policies,,dissertation,,missing_anchor_group:control paradox|optimization|over optimization|overoptimization
crossref,organization_measurement,3,control paradox optimization fragility unintended consequences,7,10.1109/mpot.2016.2569672,10.1109/mpot.2016.2569672,Unintended Consequences: The Paradox of Technological Potential,2016,journal-article,IEEE Potentials,missing_anchor_group:control paradox|optimization|over optimization|overoptimization
crossref,organization_measurement,3,control paradox optimization fragility unintended consequences,8,10.2139/ssrn.5001928,10.2139/ssrn.5001928,The Unintended Carbon Consequences of Bitcoin Mining Bans: A Paradox in Environmental Policy,2024,posted-content,,missing_anchor_group:control paradox|optimization|over optimization|overoptimization
crossref,organization_measurement,3,control paradox optimization fragility unintended consequences,9,10.1007/978-3-031-41512-8_17,10.1007/978-3-031-41512-8_17,Micro–Macro Transitions and the Paradox of Unintended Consequences,2023,book-chapter,The Palgrave Handbook of Methodological Individualism,missing_anchor_group:control paradox|optimization|over optimization|overoptimization
crossref,organization_measurement,3,control paradox optimization fragility unintended consequences,10,10.1371/journal.pntd.0005997,10.1371/journal.pntd.0005997,Unintended consequences and the paradox of control: Management of emerging pathogens with age-specific virulence,2018,journal-article,PLOS Neglected Tropical Diseases,missing_anchor_group:control paradox|optimization|over optimization|overoptimization
crossref,organization_measurement,3,control paradox optimization fragility unintended consequences,11,10.22459/uc.08.2016.04,10.22459/uc.08.2016.04,Unintended Consequences of Temporary Migration to Australia,2016,book-chapter,Unintended Consequences,missing_anchor_group:control paradox|optimization|over optimization|overoptimization
crossref,organization_measurement,3,control paradox optimization fragility unintended consequences,12,10.21203/rs.3.rs-3941568/v1,10.21203/rs.3.rs-3941568/v1,Unintended Consequences of Disaster Mitigation: A Systematic Review of the Safe Development Paradox,2024,posted-content,,missing_anchor_group:control paradox|optimization|over optimization|overoptimization
crossref,organization_measurement,3,control paradox optimization fragility unintended consequences,13,10.64628/ab.tuvgr7jfy,10.64628/ab.tuvgr7jfy,Labour’s rent control plans may have unintended consequences,2015,posted-content,,missing_anchor_group:control paradox|optimization|over optimization|overoptimization
crossref,organization_measurement,3,control paradox optimization fragility unintended consequences,15,10.1111/j.1467-7709.2011.01001.x,10.1111/j.1467-7709.2011.01001.x,Unintended Consequences,2011,journal-article,Diplomatic History,missing_anchor_group:control paradox|optimization|over optimization|overoptimization
crossref,organization_measurement,3,control paradox optimization fragility unintended consequences,16,10.4324/9780429327001-4,10.4324/9780429327001-4,Purposefully Triggering Unintended Consequences,2020,book-chapter,Unintended Consequences of EU External Action,missing_anchor_group:control paradox|optimization|over optimization|overoptimization
crossref,organization_measurement,3,control paradox optimization fragility unintended consequences,17,10.7551/mitpress/15085.003.0003,10.7551/mitpress/15085.003.0003,Introduction: Monetary Policy and Its Unintended Consequences,2023,book-chapter,Monetary Policy and Its Unintended Consequences,missing_anchor_group:control paradox|optimization|over optimization|overoptimization
crossref,organization_measurement,3,control paradox optimization fragility unintended consequences,18,10.7551/mitpress/15085.003.0007,10.7551/mitpress/15085.003.0007,"Central Banking, Political Pressure, and Its Unintended Consequences",2023,book-chapter,Monetary Policy and Its Unintended Consequences,missing_anchor_group:control paradox|optimization|over optimization|overoptimization
crossref,organization_measurement,3,control paradox optimization fragility unintended consequences,19,10.4324/9780203851159-15,10.4324/9780203851159-15,Unintended consequences of targeted sanctions,2010,book-chapter,Rethinking Security Governance,missing_anchor_group:control paradox|optimization|over optimization|overoptimization
crossref,organization_measurement,3,control paradox optimization fragility unintended consequences,20,10.1142/9789813231740_0010,10.1142/9789813231740_0010,Closing Panel Discussion: Unintended Consequences in Singapore,2018,book-chapter,Unintended Consequences in Singapore,missing_anchor_group:control paradox|optimization|over optimization|overoptimization
crossref,organization_measurement,3,control paradox optimization fragility unintended consequences,21,10.4324/9780203851159-10,10.4324/9780203851159-10,Unintended consequences of international statebuilding,2010,book-chapter,Rethinking Security Governance,missing_anchor_group:control paradox|optimization|over optimization|overoptimization
crossref,organization_measurement,3,control paradox optimization fragility unintended consequences,22,10.1142/9789813231740_0002,10.1142/9789813231740_0002,Approaches to Unintended Consequences in Singapore,2018,book-chapter,Unintended Consequences in Singapore,missing_anchor_group:control paradox|optimization|over optimization|overoptimization
crossref,organization_measurement,3,control paradox optimization fragility unintended consequences,23,10.7228/manchester/9781526104588.003.0007,10.7228/manchester/9781526104588.003.0007,Unintended consequences …,2017,book-chapter,Children Born of War in the Twentieth Century,missing_anchor_group:control paradox|optimization|over optimization|overoptimization
crossref,organization_measurement,3,control paradox optimization fragility unintended consequences,24,10.2139/ssrn.5269371,10.2139/ssrn.5269371,"Unintended Consequences of Public Policies in Increasing Risk: The Safe Development Paradox in the Revólver Basin, Brazil",2025,posted-content,,missing_anchor_group:control paradox|optimization|over optimization|overoptimization
crossref,organization_measurement,3,control paradox optimization fragility unintended consequences,25,10.3726/978-3-653-01662-8/3,10.3726/978-3-653-01662-8/3,Part I: Unintended Consequences– Refinements and Redefinitions,,book-chapter,Sociology and the Unintended,missing_anchor_group:control paradox|optimization|over optimization|overoptimization
crossref,organization_measurement,3,control paradox optimization fragility unintended consequences,26,10.1515/9781503640894-005,10.1515/9781503640894-005,PART III The Unintended Consequences of Consulting,2024,book-chapter,How Consultants Shape Nonprofits,missing_anchor_group:control paradox|optimization|over optimization|overoptimization
crossref,organization_measurement,3,control paradox optimization fragility unintended consequences,27,10.4324/9780429327001-1,10.4324/9780429327001-1,Unintended Consequences of EU External Action,2020,book-chapter,Unintended Consequences of EU External Action,missing_anchor_group:control paradox|optimization|over optimization|overoptimization
crossref,organization_measurement,3,control paradox optimization fragility unintended consequences,28,10.4324/9780203851159-12,10.4324/9780203851159-12,Unintended criminalizing consequences of sanctions: Lessons from the Balkans,2010,book-chapter,Rethinking Security Governance,missing_anchor_group:control paradox|optimization|over optimization|overoptimization
crossref,organization_measurement,3,control paradox optimization fragility unintended consequences,29,10.1515/9781626377479-002,10.1515/9781626377479-002,1 Unintended Consequences in Transitional Justice,2018,book-chapter,Unintended Consequences in Transitional Justice,missing_anchor_group:control paradox|optimization|over optimization|overoptimization
crossref,organization_measurement,3,control paradox optimization fragility unintended consequences,30,10.4324/9780203851159-7,10.4324/9780203851159-7,Introduction: Security governance and the problem of unintended consequences,2010,book-chapter,Rethinking Security Governance,missing_anchor_group:control paradox|optimization|over optimization|overoptimization
crossref,organization_measurement,3,control paradox optimization fragility unintended consequences,31,10.4324/9780203851159-17,10.4324/9780203851159-17,Conclusion: Analyzing and avoiding unintended consequences of security governance,2010,book-chapter,Rethinking Security Governance,missing_anchor_group:control paradox|optimization|over optimization|overoptimization
crossref,organization_measurement,3,control paradox optimization fragility unintended consequences,32,10.4324/9780429327001-7,10.4324/9780429327001-7,Unintended Consequences of State-building Projects in Contested States,2020,book-chapter,Unintended Consequences of EU External Action,missing_anchor_group:control paradox|optimization|over optimization|overoptimization
crossref,organization_measurement,3,control paradox optimization fragility unintended consequences,34,10.1177/009430610803700251,10.1177/009430610803700251,Good Intentions: Max Weber and the Paradox of Unintended Consequences,2008,journal-article,Contemporary Sociology: A Journal of Reviews,missing_anchor_group:control paradox|optimization|over optimization|overoptimization
crossref,organization_measurement,3,control paradox optimization fragility unintended consequences,35,10.4324/9780429327001-6,10.4324/9780429327001-6,The Unintended Consequences of a European Neighbourhood Policy without Russia,2020,book-chapter,Unintended Consequences of EU External Action,missing_anchor_group:control paradox|optimization|over optimization|overoptimization
crossref,organization_measurement,3,control paradox optimization fragility unintended consequences,36,10.3726/978-3-653-01662-8/5,10.3726/978-3-653-01662-8/5,Part III: Unintended Consequences of Norms and Social Intervention,,book-chapter,Sociology and the Unintended,missing_anchor_group:control paradox|optimization|over optimization|overoptimization
crossref,organization_measurement,3,control paradox optimization fragility unintended consequences,37,10.4324/9780203851159-13,10.4324/9780203851159-13,Unintended consequences of measures to counter the financing of terrorism,2010,book-chapter,Rethinking Security Governance,missing_anchor_group:control paradox|optimization|over optimization|overoptimization
crossref,organization_measurement,3,control paradox optimization fragility unintended consequences,38,10.18574/nyu/9781479898015.003.0008,10.18574/nyu/9781479898015.003.0008,Conclusion: A Tale of Unintended Consequences,2020,book-chapter,Playing for God,missing_anchor_group:control paradox|optimization|over optimization|overoptimization
crossref,organization_measurement,3,control paradox optimization fragility unintended consequences,39,10.18356/72e8925f-en,10.18356/72e8925f-en,Achievements and unintended consequences of the international drug control system,2010,component,,type_not_allowed:component;missing_anchor_group:control paradox|optimization|over optimization|overoptimization
crossref,organization_measurement,3,control paradox optimization fragility unintended consequences,40,10.4337/9781035310883.00022,10.4337/9781035310883.00022,An imaginary paradox? Customer due diligence and financial exclusion,2026,book-chapter,Legal Transplantation of Global Anti-Money Laundering Standards,missing_anchor_group:control paradox|optimization|over optimization|overoptimization;missing_anchor_group:fragility|unintended|control|robustness|risk
crossref,organization_measurement,3,control paradox optimization fragility unintended consequences,41,10.23941/ejpe.v9i1.208,10.23941/ejpe.v9i1.208,"Science, politics, and the economy: the unintended consequences of a diabolic paradox (editorial)",2016,journal-article,Erasmus Journal for Philosophy and Economics,missing_anchor_group:control paradox|optimization|over optimization|overoptimization
crossref,organization_measurement,3,control paradox optimization fragility unintended consequences,42,10.5040/9798400617669.ch-001,10.5040/9798400617669.ch-001,The Tyranny of Unintended Consequences,2011,other,Best Laid Plans,type_not_allowed:other;missing_anchor_group:control paradox|optimization|over optimization|overoptimization
crossref,organization_measurement,3,control paradox optimization fragility unintended consequences,43,10.4324/9780203851159-11,10.4324/9780203851159-11,Unintended consequences of international security assistance: Doing more harm than good?,2010,book-chapter,Rethinking Security Governance,missing_anchor_group:control paradox|optimization|over optimization|overoptimization
crossref,organization_measurement,3,control paradox optimization fragility unintended consequences,44,10.1515/9781685853945-006,10.1515/9781685853945-006,4 Drug-Control Efforts and Their Effectiveness,1995,book-chapter,Unintended Consequences,missing_anchor_group:control paradox|optimization|over optimization|overoptimization
crossref,organization_measurement,3,control paradox optimization fragility unintended consequences,45,10.4324/9780429327001-8,10.4324/9780429327001-8,Unintended Consequences of EU Democracy Support in the European Neighbourhood,2020,book-chapter,Unintended Consequences of EU External Action,missing_anchor_group:control paradox|optimization|over optimization|overoptimization
crossref,organization_measurement,3,control paradox optimization fragility unintended consequences,46,10.4324/9781351256520-4,10.4324/9781351256520-4,Unintended consequences of net zero building from a life cycle perspective,2019,book-chapter,Net Zero Energy Building,missing_anchor_group:control paradox|optimization|over optimization|overoptimization
crossref,organization_measurement,3,control paradox optimization fragility unintended consequences,47,10.4324/9780203851159-14,10.4324/9780203851159-14,Neither seen nor heard: the unintended consequences of counter- trafficking and counter- smuggling,2010,book-chapter,Rethinking Security Governance,missing_anchor_group:control paradox|optimization|over optimization|overoptimization
crossref,organization_measurement,3,control paradox optimization fragility unintended consequences,48,10.1021/jacs.6b06822.s001,10.1021/jacs.6b06822.s001,Unintended Consequences of Expanding the Genetic Alphabet,,component,,type_not_allowed:component;missing_anchor_group:control paradox|optimization|over optimization|overoptimization
crossref,organization_measurement,3,control paradox optimization fragility unintended consequences,49,10.4324/9781003093749-1,10.4324/9781003093749-1,The Unintended Consequences of Interregionalism,2020,book-chapter,The Unintended Consequences of Interregionalism,missing_anchor_group:control paradox|optimization|over optimization|overoptimization
crossref,organization_measurement,3,control paradox optimization fragility unintended consequences,50,10.1007/s00187-026-00422-2,10.1007/s00187-026-00422-2,Unintended consequences of management control systems: a systematic review and conceptual framework,2026,journal-article,Journal of Management Control,missing_anchor_group:control paradox|optimization|over optimization|overoptimization
