pair_id,iso3_i,iso3_j,contig,col45,col_dep_ever,sibling_ever,comlang_ethno,comlang_off,col_dep_end_conflict,comcol,col_dep_end_year,cepii_first_panel_year,cepii_last_panel_year,dist,dist_max_spread
AFG__AGO,AFG,AGO,0.0,0.0,0,0.0,0.0,0.0,,0.0,,1948,2021,7593.0,0.0
AFG__ARE,AFG,ARE,0.0,0.0,0,1.0,0.0,0.0,,0.0,,1948,2021,1684.0,0.0
AFG__ARG,AFG,ARG,0.0,0.0,0,0.0,0.0,0.0,,0.0,,1948,2021,15271.0,0.0
AFG__ARM,AFG,ARM,0.0,0.0,0,0.0,0.0,0.0,,0.0,,1948,2021,2265.0,0.0
AFG__ATG,AFG,ATG,0.0,0.0,0,1.0,0.0,0.0,,0.0,,1948,2021,12303.0,0.0
AFG__AUS,AFG,AUS,0.0,0.0,0,1.0,0.0,0.0,,0.0,,1948,2021,11304.5,221.0
AFG__AZE,AFG,AZE,0.0,0.0,0,0.0,0.0,0.0,,0.0,,1948,2021,1821.0,0.0
AFG__BDI,AFG,BDI,0.0,0.0,0,0.0,0.0,0.0,,0.0,,1948,2021,5912.0,0.0
AFG__BEL,AFG,BEL,0.0,0.0,0,0.0,0.0,0.0,,0.0,,1948,2021,5420.0,0.0
AFG__BEN,AFG,BEN,0.0,0.0,0,0.0,0.0,0.0,,0.0,,1948,2021,7487.0,0.0
AFG__BFA,AFG,BFA,0.0,0.0,0,0.0,0.0,0.0,,0.0,,1948,2021,7644.0,324.0
AFG__BGD,AFG,BGD,0.0,0.0,0,1.0,0.0,0.0,,0.0,,1948,2021,2382.0,0.0
AFG__BHR,AFG,BHR,0.0,0.0,0,1.0,0.0,0.0,,0.0,,1948,2021,2006.0,0.0
AFG__BHS,AFG,BHS,0.0,0.0,0,1.0,0.0,0.0,,0.0,,1948,2021,12528.0,0.0
AFG__BLZ,AFG,BLZ,0.0,0.0,0,1.0,0.0,0.0,,0.0,,1948,2021,13820.0,0.0
AFG__BOL,AFG,BOL,0.0,0.0,0,0.0,0.0,0.0,,0.0,,1948,2021,15338.0,0.0
AFG__BRA,AFG,BRA,0.0,0.0,0,0.0,0.0,0.0,,0.0,,1948,2021,13586.5,345.0
AFG__BRB,AFG,BRB,0.0,0.0,0,1.0,0.0,0.0,,0.0,,1948,2021,12467.0,0.0
AFG__BRN,AFG,BRN,0.0,0.0,0,1.0,0.0,0.0,,0.0,,1948,2021,5734.0,0.0
AFG__BTN,AFG,BTN,0.0,0.0,0,0.0,0.0,0.0,,0.0,,1948,2021,2101.0,0.0
AFG__BWA,AFG,BWA,0.0,0.0,0,1.0,0.0,0.0,,0.0,,1948,2021,7986.0,0.0
AFG__CAF,AFG,CAF,0.0,0.0,0,0.0,0.0,0.0,,0.0,,1948,2021,6186.0,0.0
AFG__CAN,AFG,CAN,0.0,0.0,0,1.0,0.0,0.0,,0.0,,1948,2021,10580.5,393.0
AFG__CHL,AFG,CHL,0.0,0.0,0,0.0,0.0,0.0,,0.0,,1948,2021,16337.0,0.0
AFG__CHN,AFG,CHN,1.0,0.0,0,0.0,0.0,0.0,,0.0,,1948,2021,4852.0,0.0
AFG__CIV,AFG,CIV,0.0,0.0,0,0.0,0.0,0.0,,0.0,,1948,2021,8139.0,0.0
AFG__CMR,AFG,CMR,0.0,0.0,0,0.0,0.0,0.0,,0.0,,1948,2021,6907.0,148.0
AFG__COD,AFG,COD,0.0,0.0,0,0.0,0.0,0.0,,0.0,,1948,2021,7087.0,0.0
AFG__COG,AFG,COG,0.0,0.0,0,0.0,0.0,0.0,,0.0,,1948,2021,7085.0,0.0
AFG__COL,AFG,COL,0.0,0.0,0,0.0,0.0,0.0,,0.0,,1948,2021,14220.0,0.0
AFG__COM,AFG,COM,0.0,0.0,0,0.0,0.0,0.0,,0.0,,1948,2021,5803.0,0.0
AFG__CPV,AFG,CPV,0.0,0.0,0,0.0,0.0,0.0,,0.0,,1948,2021,9326.0,0.0
AFG__CRI,AFG,CRI,0.0,0.0,0,0.0,0.0,0.0,,0.0,,1948,2021,14339.0,0.0
AFG__CUB,AFG,CUB,0.0,0.0,0,0.0,0.0,0.0,,0.0,,1948,2021,12956.0,0.0
AFG__CYP,AFG,CYP,0.0,0.0,0,1.0,0.0,0.0,,0.0,,1948,2021,3258.0,0.0
AFG__DEU,AFG,DEU,0.0,0.0,0,0.0,0.0,0.0,,0.0,,1948,2021,4787.0,0.0
AFG__DJI,AFG,DJI,0.0,0.0,0,0.0,0.0,0.0,,0.0,,1948,2021,3661.0,0.0
AFG__DMA,AFG,DMA,0.0,0.0,0,1.0,0.0,0.0,,0.0,,1948,2021,12420.0,0.0
AFG__DOM,AFG,DOM,0.0,0.0,0,0.0,0.0,0.0,,0.0,,1948,2021,12721.0,0.0
AFG__DZA,AFG,DZA,0.0,0.0,0,0.0,0.0,0.0,,0.0,,1948,2021,5871.0,0.0
AFG__ECU,AFG,ECU,0.0,0.0,0,0.0,0.0,0.0,,0.0,,1948,2021,15209.0,0.0
AFG__EGY,AFG,EGY,0.0,0.0,0,1.0,0.0,0.0,,0.0,,1948,2021,3587.0,0.0
AFG__ERI,AFG,ERI,0.0,0.0,0,1.0,0.0,0.0,,0.0,,1948,2021,3697.0,0.0
AFG__ESP,AFG,ESP,0.0,0.0,0,0.0,0.0,0.0,,0.0,,1948,2021,6043.5,503.0
AFG__ETH,AFG,ETH,0.0,0.0,0,0.0,0.0,0.0,,0.0,,1948,2021,4195.0,0.0
AFG__FJI,AFG,FJI,0.0,0.0,0,1.0,0.0,0.0,,0.0,,1948,2021,12875.0,0.0
AFG__FRA,AFG,FRA,0.0,0.0,0,0.0,0.0,0.0,,0.0,,1948,2021,5594.0,0.0
AFG__FSM,AFG,FSM,0.0,0.0,0,0.0,0.0,0.0,,0.0,,1948,2021,9489.0,0.0
AFG__GAB,AFG,GAB,0.0,0.0,0,0.0,0.0,0.0,,0.0,,1948,2021,7250.0,0.0
AFG__GBR,AFG,GBR,0.0,0.0,1,0.0,0.0,0.0,,0.0,1919.0,1948,2021,5720.0,0.0
AFG__GEO,AFG,GEO,0.0,0.0,0,0.0,0.0,0.0,,0.0,,1948,2021,2268.0,0.0
AFG__GHA,AFG,GHA,0.0,0.0,0,1.0,0.0,0.0,,0.0,,1948,2021,7805.5,59.0
AFG__GIN,AFG,GIN,0.0,0.0,0,0.0,0.0,0.0,,0.0,,1948,2021,8761.0,0.0
AFG__GMB,AFG,GMB,0.0,0.0,0,1.0,0.0,0.0,,0.0,,1948,2021,8802.0,0.0
AFG__GNB,AFG,GNB,0.0,0.0,0,0.0,0.0,0.0,,0.0,,1948,2021,8800.0,0.0
AFG__GNQ,AFG,GNQ,0.0,0.0,0,0.0,0.0,0.0,,0.0,,1948,2021,7122.0,0.0
AFG__GRD,AFG,GRD,0.0,0.0,0,1.0,0.0,0.0,,0.0,,1948,2021,12710.0,0.0
AFG__GTM,AFG,GTM,0.0,0.0,0,0.0,0.0,0.0,,0.0,,1948,2021,14161.0,0.0
AFG__GUY,AFG,GUY,0.0,0.0,0,1.0,0.0,0.0,,0.0,,1948,2021,12845.0,0.0
AFG__HND,AFG,HND,0.0,0.0,0,0.0,0.0,0.0,,0.0,,1948,2021,14077.0,0.0
AFG__HTI,AFG,HTI,0.0,0.0,0,0.0,0.0,0.0,,0.0,,1948,2021,12866.0,0.0
AFG__IDN,AFG,IDN,0.0,0.0,0,0.0,0.0,0.0,,0.0,,1948,2021,5999.0,0.0
AFG__IND,AFG,IND,0.0,0.0,0,1.0,0.0,0.0,,0.0,,1948,2021,1648.0,1292.0
AFG__IRN,AFG,IRN,1.0,0.0,0,0.0,1.0,1.0,,0.0,,1948,2021,1621.0,0.0
AFG__IRQ,AFG,IRQ,0.0,0.0,0,1.0,0.0,0.0,,0.0,,1948,2021,2288.0,0.0
AFG__ISR,AFG,ISR,0.0,0.0,0,1.0,0.0,0.0,,0.0,,1948,2021,3199.0,0.0
AFG__ITA,AFG,ITA,0.0,0.0,0,0.0,0.0,0.0,,0.0,,1948,2021,4941.0,0.0
AFG__JAM,AFG,JAM,0.0,0.0,0,1.0,0.0,0.0,,0.0,,1948,2021,13173.0,0.0
AFG__JOR,AFG,JOR,0.0,0.0,0,1.0,0.0,0.0,,0.0,,1948,2021,3096.0,0.0
AFG__JPN,AFG,JPN,0.0,0.0,0,0.0,0.0,0.0,,0.0,,1948,2021,6282.0,0.0
AFG__KAZ,AFG,KAZ,0.0,0.0,0,0.0,0.0,0.0,,0.0,,1948,2021,1177.0,0.0
AFG__KEN,AFG,KEN,0.0,0.0,0,1.0,0.0,0.0,,0.0,,1948,2021,5206.0,0.0
AFG__KGZ,AFG,KGZ,0.0,0.0,0,0.0,0.0,0.0,,0.0,,1948,2021,1038.0,0.0
AFG__KHM,AFG,KHM,0.0,0.0,0,0.0,0.0,0.0,,0.0,,1948,2021,4420.0,0.0
AFG__KIR,AFG,KIR,0.0,0.0,0,1.0,0.0,0.0,,0.0,,1948,2021,11192.0,0.0
AFG__KNA,AFG,KNA,0.0,0.0,0,1.0,0.0,0.0,,0.0,,1948,2021,12350.0,0.0
AFG__KOR,AFG,KOR,0.0,0.0,0,0.0,0.0,0.0,,0.0,,1948,2021,5137.0,0.0
AFG__KWT,AFG,KWT,0.0,0.0,0,1.0,0.0,0.0,,0.0,,1948,2021,2079.0,0.0
AFG__LAO,AFG,LAO,0.0,0.0,0,0.0,0.0,0.0,,0.0,,1948,2021,3784.0,0.0
AFG__LBN,AFG,LBN,0.0,0.0,0,0.0,0.0,0.0,,0.0,,1948,2021,3091.0,0.0
AFG__LBR,AFG,LBR,0.0,0.0,0,0.0,0.0,0.0,,0.0,,1948,2021,8700.0,0.0
AFG__LBY,AFG,LBY,0.0,0.0,0,0.0,0.0,0.0,,0.0,,1948,2021,5125.0,0.0
AFG__LCA,AFG,LCA,0.0,0.0,0,1.0,0.0,0.0,,0.0,,1948,2021,12496.0,0.0
AFG__LKA,AFG,LKA,0.0,0.0,0,1.0,0.0,0.0,,0.0,,1948,2021,3246.0,0.0
AFG__LSO,AFG,LSO,0.0,0.0,0,1.0,0.0,0.0,,0.0,,1948,2021,8315.0,0.0
AFG__MAR,AFG,MAR,0.0,0.0,0,0.0,0.0,0.0,,0.0,,1948,2021,6902.0,0.0
AFG__MDG,AFG,MDG,0.0,0.0,0,0.0,0.0,0.0,,0.0,,1948,2021,6343.0,0.0
AFG__MDV,AFG,MDV,0.0,0.0,0,1.0,0.0,0.0,,0.0,,1948,2021,3390.0,0.0
AFG__MEX,AFG,MEX,0.0,0.0,0,0.0,0.0,0.0,,0.0,,1948,2021,13907.0,0.0
AFG__MHL,AFG,MHL,0.0,0.0,0,0.0,0.0,0.0,,0.0,,1948,2021,10676.0,0.0
AFG__MLI,AFG,MLI,0.0,0.0,0,0.0,0.0,0.0,,0.0,,1948,2021,8058.0,0.0
AFG__MMR,AFG,MMR,0.0,0.0,0,1.0,0.0,0.0,,0.0,,1948,2021,3327.0,0.0
AFG__MNG,AFG,MNG,0.0,0.0,0,0.0,0.0,0.0,,0.0,,1948,2021,3449.0,0.0
AFG__MOZ,AFG,MOZ,0.0,0.0,0,0.0,0.0,0.0,,0.0,,1948,2021,7731.5,7.0
AFG__MRT,AFG,MRT,0.0,0.0,0,0.0,0.0,0.0,,0.0,,1948,2021,8462.0,0.0
AFG__MUS,AFG,MUS,0.0,0.0,0,1.0,0.0,0.0,,0.0,,1948,2021,6178.0,0.0
AFG__MWI,AFG,MWI,0.0,0.0,0,1.0,0.0,0.0,,0.0,,1948,2021,6591.0,96.0
AFG__MYS,AFG,MYS,0.0,0.0,0,1.0,0.0,0.0,,0.0,,1948,2021,4991.5,311.0
AFG__NAM,AFG,NAM,0.0,0.0,0,0.0,0.0,0.0,,0.0,,1948,2021,8380.0,0.0
AFG__NER,AFG,NER,0.0,0.0,0,0.0,0.0,0.0,,0.0,,1948,2021,7080.0,0.0
AFG__NGA,AFG,NGA,0.0,0.0,0,1.0,0.0,0.0,,0.0,,1948,2021,7340.5,105.0
AFG__NIC,AFG,NIC,0.0,0.0,0,0.0,0.0,0.0,,0.0,,1948,2021,14229.0,0.0
AFG__NLD,AFG,NLD,0.0,0.0,0,0.0,0.0,0.0,,0.0,,1948,2021,5382.0,32.0
AFG__NPL,AFG,NPL,0.0,0.0,0,0.0,0.0,0.0,,0.0,,1948,2021,1713.0,0.0
AFG__NRU,AFG,NRU,0.0,0.0,0,1.0,0.0,0.0,,0.0,,1948,2021,10756.0,0.0
AFG__NZL,AFG,NZL,0.0,0.0,0,1.0,0.0,0.0,,0.0,,1948,2021,13464.0,0.0
AFG__OMN,AFG,OMN,0.0,0.0,0,0.0,0.0,0.0,,0.0,,1948,2021,1587.0,0.0
AFG__PAK,AFG,PAK,1.0,0.0,0,1.0,0.0,0.0,,0.0,,1948,2021,1086.0,0.0
AFG__PAN,AFG,PAN,0.0,0.0,0,0.0,0.0,0.0,,0.0,,1948,2021,14174.0,0.0
AFG__PER,AFG,PER,0.0,0.0,0,0.0,0.0,0.0,,0.0,,1948,2021,15795.0,0.0
AFG__PHL,AFG,PHL,0.0,0.0,0,0.0,0.0,0.0,,0.0,,1948,2021,5622.0,0.0
AFG__PLW,AFG,PLW,0.0,0.0,0,1.0,0.0,0.0,,0.0,,1948,2021,7295.5,3.0
AFG__PNG,AFG,PNG,0.0,0.0,0,1.0,0.0,0.0,,0.0,,1948,2021,9522.0,0.0
AFG__PRK,AFG,PRK,0.0,0.0,0,0.0,0.0,0.0,,0.0,,1948,2021,4994.0,0.0
AFG__PRT,AFG,PRT,0.0,0.0,0,0.0,0.0,0.0,,0.0,,1948,2021,6799.0,0.0
AFG__PRY,AFG,PRY,0.0,0.0,0,0.0,0.0,0.0,,0.0,,1948,2021,14848.0,0.0
AFG__QAT,AFG,QAT,0.0,0.0,0,1.0,1.0,1.0,,0.0,,1948,2021,1988.5,7.0
AFG__RWA,AFG,RWA,0.0,0.0,0,0.0,0.0,0.0,,0.0,,1948,2021,5742.0,0.0
AFG__SAU,AFG,SAU,0.0,0.0,0,0.0,0.0,0.0,,0.0,,1948,2021,2821.0,790.0
AFG__SDN,AFG,SDN,0.0,0.0,0,1.0,0.0,0.0,,0.0,,1948,2021,4219.0,0.0
AFG__SEN,AFG,SEN,0.0,0.0,0,0.0,0.0,0.0,,0.0,,1948,2021,8796.0,0.0
AFG__SGP,AFG,SGP,0.0,0.0,0,1.0,0.0,0.0,,0.0,,1948,2021,5147.0,0.0
AFG__SLB,AFG,SLB,0.0,0.0,0,1.0,0.0,0.0,,0.0,,1948,2021,10672.0,0.0
AFG__SLE,AFG,SLE,0.0,0.0,0,1.0,0.0,0.0,,0.0,,1948,2021,8789.0,0.0
AFG__SLV,AFG,SLV,0.0,0.0,0,0.0,0.0,0.0,,0.0,,1948,2021,14202.0,0.0
AFG__SOM,AFG,SOM,0.0,0.0,0,1.0,0.0,0.0,,0.0,,1948,2021,4364.0,0.0
AFG__SSD,AFG,SSD,0.0,0.0,0,0.0,0.0,0.0,,0.0,,1948,2021,5077.0,0.0
AFG__STP,AFG,STP,0.0,0.0,0,0.0,0.0,0.0,,0.0,,1948,2021,7493.0,0.0
AFG__SUR,AFG,SUR,0.0,0.0,0,0.0,0.0,0.0,,0.0,,1948,2021,12673.0,0.0
AFG__SWZ,AFG,SWZ,0.0,0.0,0,1.0,0.0,0.0,,0.0,,1948,2021,7839.0,0.0
AFG__SYC,AFG,SYC,0.0,0.0,0,1.0,0.0,0.0,,0.0,,1948,2021,4566.0,0.0
AFG__SYR,AFG,SYR,0.0,0.0,0,0.0,0.0,0.0,,0.0,,1948,2021,2963.0,122.0
AFG__TCD,AFG,TCD,0.0,0.0,0,0.0,0.0,0.0,,0.0,,1948,2021,5984.0,0.0
AFG__TGO,AFG,TGO,0.0,0.0,0,0.0,0.0,0.0,,0.0,,1948,2021,7611.0,0.0
AFG__THA,AFG,THA,0.0,0.0,0,0.0,0.0,0.0,,0.0,,1948,2021,3905.0,0.0
AFG__TJK,AFG,TJK,1.0,0.0,0,0.0,0.0,0.0,,0.0,,1948,2021,446.0,0.0
AFG__TKM,AFG,TKM,1.0,0.0,0,0.0,0.0,0.0,,0.0,,1948,2021,1041.0,0.0
AFG__TLS,AFG,TLS,0.0,0.0,0,0.0,0.0,0.0,,0.0,,1948,2021,7609.0,0.0
AFG__TON,AFG,TON,0.0,0.0,0,1.0,0.0,0.0,,0.0,,1948,2021,13619.0,0.0
AFG__TTO,AFG,TTO,0.0,0.0,0,1.0,0.0,0.0,,0.0,,1948,2021,12805.0,0.0
AFG__TUN,AFG,TUN,0.0,0.0,0,0.0,0.0,0.0,,0.0,,1948,2021,5261.0,0.0
AFG__TUR,AFG,TUR,0.0,0.0,0,0.0,0.0,0.0,,0.0,,1948,2021,3583.0,0.0
AFG__TUV,AFG,TUV,0.0,0.0,0,1.0,0.0,0.0,,0.0,,1948,2021,12380.0,0.0
AFG__TWN,AFG,TWN,0.0,0.0,0,0.0,0.0,0.0,,0.0,,1948,2021,5112.0,6.0
AFG__TZA,AFG,TZA,0.0,0.0,0,1.0,0.0,0.0,,0.0,,1948,2021,5553.0,0.0
AFG__UGA,AFG,UGA,0.0,0.0,0,1.0,0.0,0.0,,0.0,,1948,2021,5368.0,0.0
AFG__URY,AFG,URY,0.0,0.0,0,0.0,0.0,0.0,,0.0,,1948,2021,15081.0,0.0
AFG__USA,AFG,USA,0.0,0.0,0,1.0,0.0,0.0,,0.0,,1948,2021,10862.0,0.0
AFG__UZB,AFG,UZB,1.0,0.0,0,0.0,1.0,0.0,,0.0,,1948,2021,748.0,0.0
AFG__VCT,AFG,VCT,0.0,0.0,0,1.0,0.0,0.0,,0.0,,1948,2021,12582.0,0.0
AFG__VEN,AFG,VEN,0.0,0.0,0,0.0,0.0,0.0,,0.0,,1948,2021,13213.0,0.0
AFG__VNM,AFG,VNM,0.0,0.0,0,0.0,0.0,0.0,,0.0,,1948,2021,4624.0,0.0
AFG__VUT,AFG,VUT,0.0,0.0,0,1.0,0.0,0.0,,0.0,,1948,2021,11931.0,0.0
AFG__WSM,AFG,WSM,0.0,0.0,0,0.0,0.0,0.0,,0.0,,1948,2021,13527.0,0.0
AFG__YEM,AFG,YEM,0.0,0.0,0,1.0,0.0,0.0,,0.0,,1948,2021,3348.5,139.0
AFG__ZAF,AFG,ZAF,0.0,0.0,0,1.0,0.0,0.0,,0.0,,1948,2021,8621.0,1242.0
AFG__ZMB,AFG,ZMB,0.0,0.0,0,1.0,0.0,0.0,,0.0,,1948,2021,6908.0,222.0
AFG__ZWE,AFG,ZWE,0.0,0.0,0,1.0,0.0,0.0,,0.0,,1948,2021,7061.0,0.0
AGO__ARE,AGO,ARE,0.0,0.0,0,0.0,0.0,0.0,,0.0,,1948,2021,5919.0,0.0
AGO__ARG,AGO,ARG,0.0,0.0,0,0.0,0.0,0.0,,0.0,,1948,2021,7780.0,0.0
AGO__ARM,AGO,ARM,0.0,0.0,0,0.0,0.0,0.0,,0.0,,1948,2021,6309.0,0.0
AGO__ATG,AGO,ATG,0.0,0.0,0,0.0,0.0,0.0,,0.0,,1948,2021,8742.0,0.0
AGO__AUS,AGO,AUS,0.0,0.0,0,0.0,0.0,0.0,,0.0,,1948,2021,13178.0,714.0
AGO__AZE,AGO,AZE,0.0,0.0,0,0.0,0.0,0.0,,0.0,,1948,2021,6623.0,0.0
AGO__BDI,AGO,BDI,0.0,0.0,0,0.0,0.0,0.0,,0.0,,1948,2021,1884.0,0.0
AGO__BEL,AGO,BEL,0.0,0.0,0,0.0,0.0,0.0,,0.0,,1948,2021,6668.0,0.0
AGO__BEN,AGO,BEN,0.0,0.0,0,0.0,0.0,0.0,,0.0,,1948,2021,2071.5,11.0
AGO__BFA,AGO,BFA,0.0,0.0,0,0.0,0.0,0.0,,0.0,,1948,2021,2901.0,86.0
AGO__BGD,AGO,BGD,0.0,0.0,0,0.0,0.0,0.0,,0.0,,1948,2021,9121.0,0.0
AGO__BHR,AGO,BHR,0.0,0.0,0,0.0,0.0,0.0,,0.0,,1948,2021,5599.0,0.0
AGO__BHS,AGO,BHS,0.0,0.0,0,0.0,0.0,0.0,,0.0,,1948,2021,10485.0,0.0
AGO__BLZ,AGO,BLZ,0.0,0.0,0,0.0,0.0,0.0,,0.0,,1948,2021,11572.0,0.0
AGO__BOL,AGO,BOL,0.0,0.0,0,0.0,0.0,0.0,,0.0,,1948,2021,8829.0,0.0
AGO__BRA,AGO,BRA,0.0,0.0,0,1.0,1.0,1.0,,0.0,,1948,2021,6381.5,355.0
AGO__BRB,AGO,BRB,0.0,0.0,0,0.0,0.0,0.0,,0.0,,1948,2021,8410.0,0.0
AGO__BRN,AGO,BRN,0.0,0.0,0,0.0,0.0,0.0,,0.0,,1948,2021,11387.0,0.0
AGO__BTN,AGO,BTN,0.0,0.0,0,0.0,0.0,0.0,,0.0,,1948,2021,9144.0,0.0
AGO__BWA,AGO,BWA,0.0,0.0,0,0.0,0.0,0.0,,0.0,,1948,2021,2208.0,0.0
AGO__CAF,AGO,CAF,0.0,0.0,0,0.0,0.0,0.0,,0.0,,1948,2021,1574.0,0.0
AGO__CAN,AGO,CAN,0.0,0.0,0,0.0,0.0,0.0,,0.0,,1948,2021,10677.0,438.0
AGO__CHL,AGO,CHL,0.0,0.0,0,0.0,0.0,0.0,,0.0,,1948,2021,8912.0,0.0
AGO__CHN,AGO,CHN,0.0,0.0,0,0.0,0.0,0.0,,0.0,,1948,2021,12250.0,0.0
AGO__CIV,AGO,CIV,0.0,0.0,0,0.0,0.0,0.0,,0.0,,1948,2021,2476.0,0.0
AGO__CMR,AGO,CMR,0.0,0.0,0,0.0,0.0,0.0,,0.0,,1948,2021,1448.0,60.0
AGO__COD,AGO,COD,1.0,0.0,0,0.0,0.0,0.0,,0.0,,1948,2021,549.0,0.0
AGO__COG,AGO,COG,1.0,0.0,0,0.0,1.0,0.0,,0.0,,1948,2021,554.0,0.0
AGO__COL,AGO,COL,0.0,0.0,0,0.0,0.0,0.0,,0.0,,1948,2021,9802.0,0.0
AGO__COM,AGO,COM,0.0,0.0,0,0.0,0.0,0.0,,0.0,,1948,2021,3302.0,0.0
AGO__CPV,AGO,CPV,0.0,0.0,0,1.0,1.0,1.0,,1.0,,1948,2021,4831.0,0.0
AGO__CRI,AGO,CRI,0.0,0.0,0,0.0,0.0,0.0,,0.0,,1948,2021,10979.0,0.0
AGO__CUB,AGO,CUB,0.0,0.0,0,0.0,0.0,0.0,,0.0,,1948,2021,10968.0,0.0
AGO__CYP,AGO,CYP,0.0,0.0,0,0.0,0.0,0.0,,0.0,,1948,2021,5310.0,0.0
AGO__DEU,AGO,DEU,0.0,0.0,0,0.0,0.0,0.0,,0.0,,1948,2021,6799.0,0.0
AGO__DJI,AGO,DJI,0.0,0.0,0,0.0,0.0,0.0,,0.0,,1948,2021,4008.0,0.0
AGO__DMA,AGO,DMA,0.0,0.0,0,0.0,0.0,0.0,,0.0,,1948,2021,8650.0,0.0
AGO__DOM,AGO,DOM,0.0,0.0,0,0.0,0.0,0.0,,0.0,,1948,2021,9609.0,0.0
AGO__DZA,AGO,DZA,0.0,0.0,0,0.0,0.0,0.0,,0.0,,1948,2021,5158.0,0.0
AGO__ECU,AGO,ECU,0.0,0.0,0,0.0,0.0,0.0,,0.0,,1948,2021,10326.0,0.0
AGO__EGY,AGO,EGY,0.0,0.0,0,0.0,0.0,0.0,,0.0,,1948,2021,4714.0,0.0
AGO__ERI,AGO,ERI,0.0,0.0,0,0.0,0.0,0.0,,0.0,,1948,2021,3896.0,0.0
AGO__ESP,AGO,ESP,0.0,0.0,0,0.0,0.0,0.0,,0.0,,1948,2021,5699.5,49.0
AGO__ETH,AGO,ETH,0.0,0.0,0,0.0,0.0,0.0,,0.0,,1948,2021,3450.0,0.0
AGO__FJI,AGO,FJI,0.0,0.0,0,0.0,0.0,0.0,,0.0,,1948,2021,16613.0,0.0
AGO__FRA,AGO,FRA,0.0,0.0,0,0.0,0.0,0.0,,0.0,,1948,2021,6479.0,0.0
AGO__FSM,AGO,FSM,0.0,0.0,0,0.0,0.0,0.0,,0.0,,1948,2021,16164.0,0.0
AGO__GAB,AGO,GAB,0.0,0.0,0,0.0,0.0,0.0,,0.0,,1948,2021,1103.0,0.0
AGO__GBR,AGO,GBR,0.0,0.0,0,0.0,0.0,0.0,,0.0,,1948,2021,6808.0,0.0
AGO__GEO,AGO,GEO,0.0,0.0,0,0.0,0.0,0.0,,0.0,,1948,2021,6458.0,0.0
AGO__GHA,AGO,GHA,0.0,0.0,0,0.0,0.0,0.0,,0.0,,1948,2021,2280.5,199.0
AGO__GIN,AGO,GIN,0.0,0.0,0,0.0,0.0,0.0,,0.0,,1948,2021,3609.0,0.0
AGO__GMB,AGO,GMB,0.0,0.0,0,0.0,0.0,0.0,,0.0,,1948,2021,4124.0,0.0
AGO__GNB,AGO,GNB,0.0,0.0,0,1.0,0.0,1.0,,1.0,,1948,2021,3927.0,0.0
AGO__GNQ,AGO,GNQ,0.0,0.0,0,0.0,0.0,0.0,,0.0,,1948,2021,1244.0,0.0
AGO__GRD,AGO,GRD,0.0,0.0,0,0.0,0.0,0.0,,0.0,,1948,2021,8611.0,0.0
AGO__GTM,AGO,GTM,0.0,0.0,0,0.0,0.0,0.0,,0.0,,1948,2021,11735.0,0.0
AGO__GUY,AGO,GUY,0.0,0.0,0,0.0,0.0,0.0,,0.0,,1948,2021,8107.0,0.0
AGO__HND,AGO,HND,0.0,0.0,0,0.0,0.0,0.0,,0.0,,1948,2021,11372.0,0.0
AGO__HTI,AGO,HTI,0.0,0.0,0,0.0,0.0,0.0,,0.0,,1948,2021,9863.0,0.0
AGO__IDN,AGO,IDN,0.0,0.0,0,0.0,0.0,0.0,,0.0,,1948,2021,10308.0,0.0
AGO__IND,AGO,IND,0.0,0.0,0,0.0,0.0,0.0,,0.0,,1948,2021,8060.0,1652.0
AGO__IRN,AGO,IRN,0.0,0.0,0,0.0,0.0,0.0,,0.0,,1948,2021,6351.0,0.0
AGO__IRQ,AGO,IRQ,0.0,0.0,0,0.0,0.0,0.0,,0.0,,1948,2021,5716.0,0.0
AGO__ISR,AGO,ISR,0.0,0.0,0,0.0,0.0,0.0,,0.0,,1948,2021,5075.0,0.0
AGO__ITA,AGO,ITA,0.0,0.0,0,0.0,0.0,0.0,,0.0,,1948,2021,5618.0,0.0
AGO__JAM,AGO,JAM,0.0,0.0,0,0.0,0.0,0.0,,0.0,,1948,2021,10320.0,0.0
AGO__JOR,AGO,JOR,0.0,0.0,0,0.0,0.0,0.0,,0.0,,1948,2021,5120.0,0.0
AGO__JPN,AGO,JPN,0.0,0.0,0,0.0,0.0,0.0,,0.0,,1948,2021,13852.0,0.0
AGO__KAZ,AGO,KAZ,0.0,0.0,0,0.0,0.0,0.0,,0.0,,1948,2021,8625.0,0.0
AGO__KEN,AGO,KEN,0.0,0.0,0,0.0,0.0,0.0,,0.0,,1948,2021,2743.0,0.0
AGO__KGZ,AGO,KGZ,0.0,0.0,0,0.0,0.0,0.0,,0.0,,1948,2021,8437.0,0.0
AGO__KHM,AGO,KHM,0.0,0.0,0,0.0,0.0,0.0,,0.0,,1948,2021,10394.0,0.0
AGO__KIR,AGO,KIR,0.0,0.0,0,0.0,0.0,0.0,,0.0,,1948,2021,17640.0,0.0
AGO__KNA,AGO,KNA,0.0,0.0,0,0.0,0.0,0.0,,0.0,,1948,2021,8838.0,0.0
AGO__KOR,AGO,KOR,0.0,0.0,0,0.0,0.0,0.0,,0.0,,1948,2021,12697.0,0.0
AGO__KWT,AGO,KWT,0.0,0.0,0,0.0,0.0,0.0,,0.0,,1948,2021,5634.0,0.0
AGO__LAO,AGO,LAO,0.0,0.0,0,0.0,0.0,0.0,,0.0,,1948,2021,10250.0,0.0
AGO__LBN,AGO,LBN,0.0,0.0,0,0.0,0.0,0.0,,0.0,,1948,2021,5282.0,0.0
AGO__LBR,AGO,LBR,0.0,0.0,0,0.0,0.0,0.0,,0.0,,1948,2021,3149.0,0.0
AGO__LBY,AGO,LBY,0.0,0.0,0,0.0,0.0,0.0,,0.0,,1948,2021,4616.0,0.0
AGO__LCA,AGO,LCA,0.0,0.0,0,0.0,0.0,0.0,,0.0,,1948,2021,8577.0,0.0
AGO__LKA,AGO,LKA,0.0,0.0,0,0.0,0.0,0.0,,0.0,,1948,2021,7593.0,0.0
AGO__LSO,AGO,LSO,0.0,0.0,0,0.0,0.0,0.0,,0.0,,1948,2021,2712.0,0.0
AGO__MAR,AGO,MAR,0.0,0.0,0,0.0,0.0,0.0,,0.0,,1948,2021,5188.0,0.0
AGO__MDG,AGO,MDG,0.0,0.0,0,0.0,0.0,0.0,,0.0,,1948,2021,3863.0,0.0
AGO__MDV,AGO,MDV,0.0,0.0,0,0.0,0.0,0.0,,0.0,,1948,2021,6842.0,0.0
AGO__MEX,AGO,MEX,0.0,0.0,0,0.0,0.0,0.0,,0.0,,1948,2021,12680.0,0.0
AGO__MHL,AGO,MHL,0.0,0.0,0,0.0,0.0,0.0,,0.0,,1948,2021,17620.0,0.0
AGO__MLI,AGO,MLI,0.0,0.0,0,0.0,0.0,0.0,,0.0,,1948,2021,3341.0,0.0
AGO__MMR,AGO,MMR,0.0,0.0,0,0.0,0.0,0.0,,0.0,,1948,2021,9553.0,0.0
AGO__MNG,AGO,MNG,0.0,0.0,0,0.0,0.0,0.0,,0.0,,1948,2021,11004.0,0.0
AGO__MOZ,AGO,MOZ,0.0,0.0,0,1.0,1.0,1.0,,1.0,,1948,2021,2784.0,10.0
AGO__MRT,AGO,MRT,0.0,0.0,0,0.0,0.0,0.0,,0.0,,1948,2021,4379.0,0.0
AGO__MUS,AGO,MUS,0.0,0.0,0,0.0,0.0,0.0,,0.0,,1948,2021,4917.0,0.0
AGO__MWI,AGO,MWI,0.0,0.0,0,0.0,0.0,0.0,,0.0,,1948,2021,2400.0,176.0
AGO__MYS,AGO,MYS,0.0,0.0,0,0.0,0.0,0.0,,0.0,,1948,2021,10004.5,207.0
AGO__NAM,AGO,NAM,1.0,0.0,0,0.0,0.0,0.0,,0.0,,1948,2021,1573.0,0.0
AGO__NER,AGO,NER,0.0,0.0,0,0.0,0.0,0.0,,0.0,,1948,2021,2761.0,0.0
AGO__NGA,AGO,NGA,0.0,0.0,0,0.0,0.0,0.0,,0.0,,1948,2021,2042.5,59.0
AGO__NIC,AGO,NIC,0.0,0.0,0,0.0,0.0,0.0,,0.0,,1948,2021,11245.0,0.0
AGO__NLD,AGO,NLD,0.0,0.0,0,0.0,0.0,0.0,,0.0,,1948,2021,6806.5,45.0
AGO__NPL,AGO,NPL,0.0,0.0,0,0.0,0.0,0.0,,0.0,,1948,2021,8739.0,0.0
AGO__NRU,AGO,NRU,0.0,0.0,0,0.0,0.0,0.0,,0.0,,1948,2021,16936.0,0.0
AGO__NZL,AGO,NZL,0.0,0.0,0,0.0,0.0,0.0,,0.0,,1948,2021,14593.0,0.0
AGO__OMN,AGO,OMN,0.0,0.0,0,0.0,0.0,0.0,,0.0,,1948,2021,6101.0,0.0
AGO__PAK,AGO,PAK,0.0,0.0,0,0.0,0.0,0.0,,0.0,,1948,2021,6929.0,0.0
AGO__PAN,AGO,PAN,0.0,0.0,0,0.0,0.0,0.0,,0.0,,1948,2021,10469.0,0.0
AGO__PER,AGO,PER,0.0,0.0,0,0.0,0.0,0.0,,0.0,,1948,2021,9843.0,0.0
AGO__PHL,AGO,PHL,0.0,0.0,0,0.0,0.0,0.0,,0.0,,1948,2021,12162.0,0.0
AGO__PLW,AGO,PLW,0.0,0.0,0,0.0,0.0,0.0,,0.0,,1948,2021,13573.5,17.0
AGO__PNG,AGO,PNG,0.0,0.0,0,0.0,0.0,0.0,,0.0,,1948,2021,14542.0,0.0
AGO__PRK,AGO,PRK,0.0,0.0,0,0.0,0.0,0.0,,0.0,,1948,2021,12569.0,0.0
AGO__PRT,AGO,PRT,0.0,1.0,1,0.0,1.0,1.0,1.0,0.0,1975.0,1948,2021,5752.0,0.0
AGO__PRY,AGO,PRY,0.0,0.0,0,0.0,0.0,0.0,,0.0,,1948,2021,7680.0,0.0
AGO__QAT,AGO,QAT,0.0,0.0,0,0.0,0.0,0.0,,0.0,,1948,2021,5605.5,7.0
AGO__RWA,AGO,RWA,0.0,0.0,0,0.0,0.0,0.0,,0.0,,1948,2021,2013.0,0.0
AGO__SAU,AGO,SAU,0.0,0.0,0,0.0,0.0,0.0,,0.0,,1948,2021,4812.0,760.0
AGO__SDN,AGO,SDN,0.0,0.0,0,0.0,0.0,0.0,,0.0,,1948,2021,3436.0,0.0
AGO__SEN,AGO,SEN,0.0,0.0,0,0.0,0.0,0.0,,0.0,,1948,2021,4271.0,0.0
AGO__SGP,AGO,SGP,0.0,0.0,0,0.0,0.0,0.0,,0.0,,1948,2021,10108.0,0.0
AGO__SLB,AGO,SLB,0.0,0.0,0,0.0,0.0,0.0,,0.0,,1948,2021,15823.0,0.0
AGO__SLE,AGO,SLE,0.0,0.0,0,0.0,0.0,0.0,,0.0,,1948,2021,3504.0,0.0
AGO__SLV,AGO,SLV,0.0,0.0,0,0.0,0.0,0.0,,0.0,,1948,2021,11580.0,0.0
AGO__SOM,AGO,SOM,0.0,0.0,0,0.0,0.0,0.0,,0.0,,1948,2021,3760.0,0.0
AGO__SSD,AGO,SSD,0.0,0.0,0,0.0,0.0,0.0,,0.0,,1948,2021,2537.0,0.0
AGO__STP,AGO,STP,0.0,0.0,0,1.0,1.0,1.0,,1.0,,1948,2021,1245.0,0.0
AGO__SUR,AGO,SUR,0.0,0.0,0,0.0,0.0,0.0,,0.0,,1948,2021,7762.0,0.0
AGO__SWZ,AGO,SWZ,0.0,0.0,0,0.0,0.0,0.0,,0.0,,1948,2021,2704.0,0.0
AGO__SYC,AGO,SYC,0.0,0.0,0,0.0,0.0,0.0,,0.0,,1948,2021,4688.0,0.0
AGO__SYR,AGO,SYR,0.0,0.0,0,0.0,0.0,0.0,,0.0,,1948,2021,5432.5,297.0
AGO__TCD,AGO,TCD,0.0,0.0,0,0.0,0.0,0.0,,0.0,,1948,2021,2325.0,0.0
AGO__TGO,AGO,TGO,0.0,0.0,0,0.0,0.0,0.0,,0.0,,1948,2021,2126.0,0.0
AGO__THA,AGO,THA,0.0,0.0,0,0.0,0.0,0.0,,0.0,,1948,2021,9958.0,0.0
AGO__TJK,AGO,TJK,0.0,0.0,0,0.0,0.0,0.0,,0.0,,1948,2021,7777.0,0.0
AGO__TKM,AGO,TKM,0.0,0.0,0,0.0,0.0,0.0,,0.0,,1948,2021,6985.0,0.0
AGO__TLS,AGO,TLS,0.0,0.0,0,0.0,0.0,1.0,,1.0,,1948,2021,12289.0,0.0
AGO__TON,AGO,TON,0.0,0.0,0,0.0,0.0,0.0,,0.0,,1948,2021,16564.0,0.0
AGO__TTO,AGO,TTO,0.0,0.0,0,0.0,0.0,0.0,,0.0,,1948,2021,8555.0,0.0
AGO__TUN,AGO,TUN,0.0,0.0,0,0.0,0.0,0.0,,0.0,,1948,2021,5064.0,0.0
AGO__TUR,AGO,TUR,0.0,0.0,0,0.0,0.0,0.0,,0.0,,1948,2021,5750.0,0.0
AGO__TUV,AGO,TUV,0.0,0.0,0,0.0,0.0,0.0,,0.0,,1948,2021,17546.0,0.0
AGO__TWN,AGO,TWN,0.0,0.0,0,0.0,0.0,0.0,,0.0,,1948,2021,12264.0,8.0
AGO__TZA,AGO,TZA,0.0,0.0,0,0.0,0.0,0.0,,0.0,,1948,2021,2879.0,0.0
AGO__UGA,AGO,UGA,0.0,0.0,0,0.0,0.0,0.0,,0.0,,1948,2021,2372.0,0.0
AGO__URY,AGO,URY,0.0,0.0,0,0.0,0.0,0.0,,0.0,,1948,2021,7577.0,0.0
AGO__USA,AGO,USA,0.0,0.0,0,0.0,0.0,0.0,,0.0,,1948,2021,10415.0,0.0
AGO__UZB,AGO,UZB,0.0,0.0,0,0.0,0.0,0.0,,0.0,,1948,2021,7961.0,0.0
AGO__VCT,AGO,VCT,0.0,0.0,0,0.0,0.0,0.0,,0.0,,1948,2021,8581.0,0.0
AGO__VEN,AGO,VEN,0.0,0.0,0,0.0,0.0,0.0,,0.0,,1948,2021,9127.0,0.0
AGO__VNM,AGO,VNM,0.0,0.0,0,0.0,0.0,0.0,,0.0,,1948,2021,10570.0,0.0
AGO__VUT,AGO,VUT,0.0,0.0,0,0.0,0.0,0.0,,0.0,,1948,2021,16001.0,0.0
AGO__WSM,AGO,WSM,0.0,0.0,0,0.0,0.0,0.0,,0.0,,1948,2021,17438.0,0.0
AGO__YEM,AGO,YEM,0.0,0.0,0,0.0,0.0,0.0,,0.0,,1948,2021,4266.5,145.0
AGO__ZAF,AGO,ZAF,0.0,0.0,0,0.0,0.0,0.0,,0.0,,1948,2021,2653.5,351.0
AGO__ZMB,AGO,ZMB,1.0,0.0,0,0.0,0.0,0.0,,0.0,,1948,2021,1742.5,97.0
AGO__ZWE,AGO,ZWE,0.0,0.0,0,0.0,0.0,0.0,,0.0,,1948,2021,2169.0,0.0
ARE__ARG,ARE,ARG,0.0,0.0,0,0.0,0.0,0.0,,0.0,,1948,2021,13655.0,0.0
ARE__ARM,ARE,ARM,0.0,0.0,0,0.0,0.0,0.0,,0.0,,1948,2021,1935.0,0.0
ARE__ATG,ARE,ATG,0.0,0.0,0,1.0,0.0,0.0,,1.0,,1948,2021,11758.0,0.0
ARE__AUS,ARE,AUS,0.0,0.0,0,1.0,0.0,0.0,,0.0,,1948,2021,11851.0,386.0
ARE__AZE,ARE,AZE,0.0,0.0,0,0.0,0.0,0.0,,0.0,,1948,2021,1749.0,0.0
ARE__BDI,ARE,BDI,0.0,0.0,0,0.0,0.0,0.0,,0.0,,1948,2021,4231.0,0.0
ARE__BEL,ARE,BEL,0.0,0.0,0,0.0,0.0,0.0,,0.0,,1948,2021,5156.0,0.0
ARE__BEN,ARE,BEN,0.0,0.0,0,0.0,0.0,0.0,,0.0,,1948,2021,5996.0,2.0
ARE__BFA,ARE,BFA,0.0,0.0,0,0.0,0.0,0.0,,0.0,,1948,2021,6280.0,328.0
ARE__BGD,ARE,BGD,0.0,0.0,0,1.0,0.0,0.0,,1.0,,1948,2021,3552.0,0.0
ARE__BHR,ARE,BHR,0.0,0.0,0,1.0,1.0,1.0,,1.0,,1948,2021,486.0,0.0
ARE__BHS,ARE,BHS,0.0,0.0,0,1.0,0.0,0.0,,1.0,,1948,2021,12470.0,0.0
ARE__BLZ,ARE,BLZ,0.0,0.0,0,1.0,0.0,0.0,,1.0,,1948,2021,13910.0,0.0
ARE__BOL,ARE,BOL,0.0,0.0,0,0.0,0.0,0.0,,0.0,,1948,2021,14110.0,0.0
ARE__BRA,ARE,BRA,0.0,0.0,0,0.0,0.0,0.0,,0.0,,1948,2021,12056.0,354.0
ARE__BRB,ARE,BRB,0.0,0.0,0,1.0,0.0,0.0,,1.0,,1948,2021,11795.0,0.0
ARE__BRN,ARE,BRN,0.0,0.0,0,1.0,0.0,0.0,,1.0,,1948,2021,6734.0,0.0
ARE__BTN,ARE,BTN,0.0,0.0,0,0.0,0.0,0.0,,0.0,,1948,2021,3424.0,0.0
ARE__BWA,ARE,BWA,0.0,0.0,0,1.0,0.0,0.0,,1.0,,1948,2021,6367.0,0.0
ARE__CAF,ARE,CAF,0.0,0.0,0,0.0,0.0,0.0,,0.0,,1948,2021,4556.0,0.0
ARE__CAN,ARE,CAN,0.0,0.0,0,1.0,0.0,0.0,,0.0,,1948,2021,10854.5,461.0
ARE__CHL,ARE,CHL,0.0,0.0,0,0.0,0.0,0.0,,0.0,,1948,2021,14760.0,0.0
ARE__CHN,ARE,CHN,0.0,0.0,0,0.0,0.0,0.0,,0.0,,1948,2021,6430.0,0.0
ARE__CIV,ARE,CIV,0.0,0.0,0,0.0,0.0,0.0,,0.0,,1948,2021,6684.0,0.0
ARE__CMR,ARE,CMR,0.0,0.0,0,0.0,0.0,0.0,,0.0,,1948,2021,5325.0,162.0
ARE__COD,ARE,COD,0.0,0.0,0,0.0,0.0,0.0,,0.0,,1948,2021,5422.0,0.0
ARE__COG,ARE,COG,0.0,0.0,0,0.0,0.0,0.0,,0.0,,1948,2021,5420.0,0.0
ARE__COL,ARE,COL,0.0,0.0,0,0.0,0.0,0.0,,0.0,,1948,2021,13639.0,0.0
ARE__COM,ARE,COM,0.0,0.0,0,0.0,0.0,1.0,,0.0,,1948,2021,4294.0,0.0
ARE__CPV,ARE,CPV,0.0,0.0,0,0.0,0.0,0.0,,0.0,,1948,2021,8215.0,0.0
ARE__CRI,ARE,CRI,0.0,0.0,0,0.0,0.0,0.0,,0.0,,1948,2021,14144.0,0.0
ARE__CUB,ARE,CUB,0.0,0.0,0,0.0,0.0,0.0,,0.0,,1948,2021,12981.0,0.0
ARE__CYP,ARE,CYP,0.0,0.0,0,1.0,0.0,0.0,,1.0,,1948,2021,2372.0,0.0
ARE__DEU,ARE,DEU,0.0,0.0,0,0.0,0.0,0.0,,0.0,,1948,2021,4624.0,0.0
ARE__DJI,ARE,DJI,0.0,0.0,0,0.0,1.0,1.0,,0.0,,1948,2021,1984.0,0.0
ARE__DMA,ARE,DMA,0.0,0.0,0,1.0,0.0,0.0,,1.0,,1948,2021,11827.0,0.0
ARE__DOM,ARE,DOM,0.0,0.0,0,0.0,0.0,0.0,,0.0,,1948,2021,12365.0,0.0
ARE__DZA,ARE,DZA,0.0,0.0,0,0.0,1.0,1.0,,0.0,,1948,2021,5086.0,0.0
ARE__ECU,ARE,ECU,0.0,0.0,0,0.0,0.0,0.0,,0.0,,1948,2021,14592.0,0.0
ARE__EGY,ARE,EGY,0.0,0.0,0,1.0,1.0,1.0,,0.0,,1948,2021,2428.0,0.0
ARE__ERI,ARE,ERI,0.0,0.0,0,1.0,1.0,0.0,,1.0,,1948,2021,2031.0,0.0
ARE__ESP,ARE,ESP,0.0,0.0,0,0.0,0.0,0.0,,0.0,,1948,2021,5418.5,493.0
ARE__ETH,ARE,ETH,0.0,0.0,0,0.0,0.0,0.0,,0.0,,1948,2021,2512.0,0.0
ARE__FJI,ARE,FJI,0.0,0.0,0,1.0,0.0,0.0,,1.0,,1948,2021,14135.0,0.0
ARE__FRA,ARE,FRA,0.0,0.0,0,0.0,0.0,0.0,,0.0,,1948,2021,5251.0,0.0
ARE__FSM,ARE,FSM,0.0,0.0,0,0.0,0.0,0.0,,0.0,,1948,2021,10968.0,0.0
ARE__GAB,ARE,GAB,0.0,0.0,0,0.0,0.0,0.0,,0.0,,1948,2021,5642.0,0.0
ARE__GBR,ARE,GBR,0.0,1.0,1,0.0,0.0,0.0,,0.0,1971.0,1948,2021,5477.0,0.0
ARE__GEO,ARE,GEO,0.0,0.0,0,0.0,0.0,0.0,,0.0,,1948,2021,2062.0,0.0
ARE__GHA,ARE,GHA,0.0,0.0,0,1.0,0.0,0.0,,1.0,,1948,2021,6337.0,86.0
ARE__GIN,ARE,GIN,0.0,0.0,0,0.0,0.0,0.0,,0.0,,1948,2021,7455.0,0.0
ARE__GMB,ARE,GMB,0.0,0.0,0,1.0,0.0,0.0,,1.0,,1948,2021,7594.0,0.0
ARE__GNB,ARE,GNB,0.0,0.0,0,0.0,0.0,0.0,,0.0,,1948,2021,7553.0,0.0
ARE__GNQ,ARE,GNQ,0.0,0.0,0,0.0,0.0,0.0,,0.0,,1948,2021,5526.0,0.0
ARE__GRD,ARE,GRD,0.0,0.0,0,1.0,0.0,0.0,,1.0,,1948,2021,12052.0,0.0
ARE__GTM,ARE,GTM,0.0,0.0,0,0.0,0.0,0.0,,0.0,,1948,2021,14255.0,0.0
ARE__GUY,ARE,GUY,0.0,0.0,0,1.0,0.0,0.0,,1.0,,1948,2021,12009.0,0.0
ARE__HND,ARE,HND,0.0,0.0,0,0.0,0.0,0.0,,0.0,,1948,2021,14062.0,0.0
ARE__HTI,ARE,HTI,0.0,0.0,0,0.0,0.0,0.0,,0.0,,1948,2021,12563.0,0.0
ARE__IDN,ARE,IDN,0.0,0.0,0,0.0,0.0,0.0,,0.0,,1948,2021,6572.0,0.0
ARE__IND,ARE,IND,0.0,0.0,0,1.0,0.0,0.0,,1.0,,1948,2021,2652.5,1435.0
ARE__IRN,ARE,IRN,0.0,0.0,0,0.0,0.0,0.0,,0.0,,1948,2021,1214.0,0.0
ARE__IRQ,ARE,IRQ,0.0,0.0,0,1.0,1.0,1.0,,0.0,,1948,2021,1385.0,0.0
ARE__ISR,ARE,ISR,0.0,0.0,0,1.0,1.0,0.0,,1.0,,1948,2021,2139.0,0.0
ARE__ITA,ARE,ITA,0.0,0.0,0,0.0,0.0,0.0,,0.0,,1948,2021,4326.0,0.0
ARE__JAM,ARE,JAM,0.0,0.0,0,1.0,0.0,0.0,,1.0,,1948,2021,12962.0,0.0
ARE__JOR,ARE,JOR,0.0,0.0,0,1.0,1.0,1.0,,1.0,,1948,2021,2030.0,0.0
ARE__JPN,ARE,JPN,0.0,0.0,0,0.0,0.0,0.0,,0.0,,1948,2021,7940.0,0.0
ARE__KAZ,ARE,KAZ,0.0,0.0,0,0.0,0.0,0.0,,0.0,,1948,2021,2800.0,0.0
ARE__KEN,ARE,KEN,0.0,0.0,0,1.0,0.0,0.0,,1.0,,1948,2021,3550.0,0.0
ARE__KGZ,ARE,KGZ,0.0,0.0,0,0.0,0.0,0.0,,0.0,,1948,2021,2628.0,0.0
ARE__KHM,ARE,KHM,0.0,0.0,0,0.0,0.0,0.0,,0.0,,1948,2021,5423.0,0.0
ARE__KIR,ARE,KIR,0.0,0.0,0,1.0,0.0,0.0,,1.0,,1948,2021,12711.0,0.0
ARE__KNA,ARE,KNA,0.0,0.0,0,1.0,0.0,0.0,,1.0,,1948,2021,11825.0,0.0
ARE__KOR,ARE,KOR,0.0,0.0,0,0.0,0.0,0.0,,0.0,,1948,2021,6788.0,0.0
ARE__KWT,ARE,KWT,0.0,0.0,0,1.0,1.0,1.0,,1.0,,1948,2021,856.0,0.0
ARE__LAO,ARE,LAO,0.0,0.0,0,0.0,0.0,0.0,,0.0,,1948,2021,4938.0,0.0
ARE__LBN,ARE,LBN,0.0,0.0,0,0.0,1.0,1.0,,0.0,,1948,2021,2141.0,0.0
ARE__LBR,ARE,LBR,0.0,0.0,0,0.0,0.0,0.0,,0.0,,1948,2021,7316.0,0.0
ARE__LBY,ARE,LBY,0.0,0.0,0,0.0,1.0,1.0,,0.0,,1948,2021,4159.0,0.0
ARE__LCA,ARE,LCA,0.0,0.0,0,1.0,0.0,0.0,,1.0,,1948,2021,11868.0,0.0
ARE__LKA,ARE,LKA,0.0,0.0,0,1.0,0.0,0.0,,1.0,,1948,2021,3306.0,0.0
ARE__LSO,ARE,LSO,0.0,0.0,0,1.0,0.0,0.0,,1.0,,1948,2021,6733.0,0.0
ARE__MAR,ARE,MAR,0.0,0.0,0,0.0,1.0,1.0,,0.0,,1948,2021,6084.0,0.0
ARE__MDG,ARE,MDG,0.0,0.0,0,0.0,0.0,0.0,,0.0,,1948,2021,4960.0,0.0
ARE__MDV,ARE,MDV,0.0,0.0,0,1.0,0.0,0.0,,1.0,,1948,2021,3039.0,0.0
ARE__MEX,ARE,MEX,0.0,0.0,0,0.0,0.0,0.0,,0.0,,1948,2021,14345.0,0.0
ARE__MHL,ARE,MHL,0.0,0.0,0,0.0,0.0,0.0,,0.0,,1948,2021,12243.0,0.0
ARE__MLI,ARE,MLI,0.0,0.0,0,0.0,0.0,0.0,,0.0,,1948,2021,6755.0,0.0
ARE__MMR,ARE,MMR,0.0,0.0,0,1.0,0.0,0.0,,1.0,,1948,2021,4330.0,0.0
ARE__MNG,ARE,MNG,0.0,0.0,0,0.0,0.0,0.0,,0.0,,1948,2021,5131.0,0.0
ARE__MOZ,ARE,MOZ,0.0,0.0,0,0.0,0.0,0.0,,0.0,,1948,2021,6175.5,5.0
ARE__MRT,ARE,MRT,0.0,0.0,0,0.0,0.0,1.0,,0.0,,1948,2021,7339.0,0.0
ARE__MUS,ARE,MUS,0.0,0.0,0,1.0,0.0,0.0,,1.0,,1948,2021,5032.0,0.0
ARE__MWI,ARE,MWI,0.0,0.0,0,1.0,0.0,0.0,,1.0,,1948,2021,4988.5,119.0
ARE__MYS,ARE,MYS,0.0,0.0,0,1.0,0.0,0.0,,1.0,,1948,2021,5686.5,311.0
ARE__NAM,ARE,NAM,0.0,0.0,0,0.0,0.0,0.0,,0.0,,1948,2021,6711.0,0.0
ARE__NER,ARE,NER,0.0,0.0,0,0.0,0.0,1.0,,0.0,,1948,2021,5701.0,0.0
ARE__NGA,ARE,NGA,0.0,0.0,0,1.0,0.0,0.0,,1.0,,1948,2021,5846.0,96.0
ARE__NIC,ARE,NIC,0.0,0.0,0,0.0,0.0,0.0,,0.0,,1948,2021,14145.0,0.0
ARE__NLD,ARE,NLD,0.0,0.0,0,0.0,0.0,0.0,,0.0,,1948,2021,5170.0,14.0
ARE__NPL,ARE,NPL,0.0,0.0,0,0.0,0.0,0.0,,0.0,,1948,2021,2997.0,0.0
ARE__NRU,ARE,NRU,0.0,0.0,0,1.0,0.0,0.0,,1.0,,1948,2021,12208.0,0.0
ARE__NZL,ARE,NZL,0.0,0.0,0,1.0,0.0,0.0,,0.0,,1948,2021,14202.0,0.0
ARE__OMN,ARE,OMN,1.0,0.0,0,0.0,1.0,1.0,,0.0,,1948,2021,380.0,0.0
ARE__PAK,ARE,PAK,0.0,0.0,0,1.0,0.0,0.0,,1.0,,1948,2021,1188.0,0.0
ARE__PAN,ARE,PAN,0.0,0.0,0,0.0,0.0,0.0,,0.0,,1948,2021,13833.0,0.0
ARE__PER,ARE,PER,0.0,0.0,0,0.0,0.0,0.0,,0.0,,1948,2021,14823.0,0.0
ARE__PHL,ARE,PHL,0.0,0.0,0,0.0,0.0,0.0,,0.0,,1948,2021,6913.0,0.0
ARE__PLW,ARE,PLW,0.0,0.0,0,1.0,0.0,0.0,,0.0,,1948,2021,8586.5,7.0
ARE__PNG,ARE,PNG,0.0,0.0,0,1.0,0.0,0.0,,0.0,,1948,2021,10645.0,0.0
ARE__PRK,ARE,PRK,0.0,0.0,0,0.0,0.0,0.0,,0.0,,1948,2021,6654.0,0.0
ARE__PRT,ARE,PRT,0.0,0.0,0,0.0,0.0,0.0,,0.0,,1948,2021,6144.0,0.0
ARE__PRY,ARE,PRY,0.0,0.0,0,0.0,0.0,0.0,,0.0,,1948,2021,13355.0,0.0
ARE__QAT,ARE,QAT,0.0,0.0,0,1.0,1.0,1.0,,1.0,,1948,2021,386.0,10.0
ARE__RWA,ARE,RWA,0.0,0.0,0,0.0,0.0,0.0,,0.0,,1948,2021,4060.0,0.0
ARE__SAU,ARE,SAU,1.0,0.0,0,0.0,1.0,1.0,,0.0,,1948,2021,1255.5,769.0
ARE__SDN,ARE,SDN,0.0,0.0,0,1.0,1.0,1.0,,1.0,,1948,2021,2604.0,0.0
ARE__SEN,ARE,SEN,0.0,0.0,0,0.0,0.0,0.0,,0.0,,1948,2021,7620.0,0.0
ARE__SGP,ARE,SGP,0.0,0.0,0,1.0,0.0,0.0,,1.0,,1948,2021,5842.0,0.0
ARE__SLB,ARE,SLB,0.0,0.0,0,1.0,0.0,0.0,,1.0,,1948,2021,11925.0,0.0
ARE__SLE,ARE,SLE,0.0,0.0,0,1.0,0.0,0.0,,1.0,,1948,2021,7462.0,0.0
ARE__SLV,ARE,SLV,0.0,0.0,0,0.0,0.0,0.0,,0.0,,1948,2021,14238.0,0.0
ARE__SOM,ARE,SOM,0.0,0.0,0,1.0,0.0,1.0,,1.0,,1948,2021,2784.0,0.0
ARE__SSD,ARE,SSD,0.0,0.0,0,0.0,1.0,1.0,,1.0,,1948,2021,3395.0,0.0
ARE__STP,ARE,STP,0.0,0.0,0,0.0,0.0,0.0,,0.0,,1948,2021,5902.0,0.0
ARE__SUR,ARE,SUR,0.0,0.0,0,0.0,0.0,0.0,,0.0,,1948,2021,11770.0,0.0
ARE__SWZ,ARE,SWZ,0.0,0.0,0,1.0,0.0,0.0,,1.0,,1948,2021,6271.0,0.0
ARE__SYC,ARE,SYC,0.0,0.0,0,1.0,0.0,0.0,,1.0,,1948,2021,3307.0,0.0
ARE__SYR,ARE,SYR,0.0,0.0,0,0.0,1.0,1.0,,0.0,,1948,2021,2084.0,60.0
ARE__TCD,ARE,TCD,0.0,0.0,0,0.0,1.0,1.0,,0.0,,1948,2021,4470.0,0.0
ARE__TGO,ARE,TGO,0.0,0.0,0,0.0,0.0,0.0,,0.0,,1948,2021,6125.0,0.0
ARE__THA,ARE,THA,0.0,0.0,0,0.0,0.0,0.0,,0.0,,1948,2021,4891.0,0.0
ARE__TJK,ARE,TJK,0.0,0.0,0,0.0,0.0,0.0,,0.0,,1948,2021,1941.0,0.0
ARE__TKM,ARE,TKM,0.0,0.0,0,0.0,0.0,0.0,,0.0,,1948,2021,1435.0,0.0
ARE__TLS,ARE,TLS,0.0,0.0,0,0.0,0.0,0.0,,0.0,,1948,2021,8473.0,0.0
ARE__TON,ARE,TON,0.0,0.0,0,1.0,0.0,0.0,,1.0,,1948,2021,14869.0,0.0
ARE__TTO,ARE,TTO,0.0,0.0,0,1.0,0.0,0.0,,1.0,,1948,2021,12112.0,0.0
ARE__TUN,ARE,TUN,0.0,0.0,0,0.0,1.0,1.0,,0.0,,1948,2021,4451.0,0.0
ARE__TUR,ARE,TUR,0.0,0.0,0,0.0,0.0,0.0,,0.0,,1948,2021,2996.0,0.0
ARE__TUV,ARE,TUV,0.0,0.0,0,1.0,0.0,0.0,,1.0,,1948,2021,13819.0,0.0
ARE__TWN,ARE,TWN,0.0,0.0,0,0.0,0.0,0.0,,0.0,,1948,2021,6599.5,7.0
ARE__TZA,ARE,TZA,0.0,0.0,0,1.0,0.0,0.0,,1.0,,1948,2021,3953.0,0.0
ARE__UGA,ARE,UGA,0.0,0.0,0,1.0,0.0,0.0,,1.0,,1948,2021,3688.0,0.0
ARE__URY,ARE,URY,0.0,0.0,0,0.0,0.0,0.0,,0.0,,1948,2021,13458.0,0.0
ARE__USA,ARE,USA,0.0,0.0,0,1.0,0.0,0.0,,0.0,,1948,2021,11024.0,0.0
ARE__UZB,ARE,UZB,0.0,0.0,0,0.0,0.0,0.0,,0.0,,1948,2021,2190.0,0.0
ARE__VCT,ARE,VCT,0.0,0.0,0,1.0,0.0,0.0,,1.0,,1948,2021,11939.0,0.0
ARE__VEN,ARE,VEN,0.0,0.0,0,0.0,0.0,0.0,,0.0,,1948,2021,12617.0,0.0
ARE__VNM,ARE,VNM,0.0,0.0,0,0.0,0.0,0.0,,0.0,,1948,2021,5634.0,0.0
ARE__VUT,ARE,VUT,0.0,0.0,0,1.0,0.0,0.0,,1.0,,1948,2021,13107.0,0.0
ARE__WSM,ARE,WSM,0.0,0.0,0,0.0,0.0,0.0,,0.0,,1948,2021,14958.0,0.0
ARE__YEM,ARE,YEM,0.0,0.0,0,1.0,1.0,1.0,,1.0,,1948,2021,1665.0,140.0
ARE__ZAF,ARE,ZAF,0.0,0.0,0,1.0,0.0,0.0,,0.0,,1948,2021,7015.0,1220.0
ARE__ZMB,ARE,ZMB,0.0,0.0,0,1.0,0.0,0.0,,1.0,,1948,2021,5255.5,233.0
ARE__ZWE,ARE,ZWE,0.0,0.0,0,1.0,0.0,0.0,,1.0,,1948,2021,5445.0,0.0
ARG__ARM,ARG,ARM,0.0,0.0,0,0.0,0.0,0.0,,0.0,,1948,2021,13385.0,0.0
ARG__ATG,ARG,ATG,0.0,0.0,0,0.0,0.0,0.0,,0.0,,1948,2021,5736.0,0.0
ARG__AUS,ARG,AUS,0.0,0.0,0,0.0,0.0,0.0,,0.0,,1948,2021,11728.0,190.0
ARG__AZE,ARG,AZE,0.0,0.0,0,0.0,0.0,0.0,,0.0,,1948,2021,13823.0,0.0
ARG__BDI,ARG,BDI,0.0,0.0,0,0.0,0.0,0.0,,0.0,,1948,2021,9597.0,0.0
ARG__BEL,ARG,BEL,0.0,0.0,0,0.0,0.0,0.0,,0.0,,1948,2021,11282.0,0.0
ARG__BEN,ARG,BEN,0.0,0.0,0,0.0,0.0,0.0,,0.0,,1948,2021,7820.5,1.0
ARG__BFA,ARG,BFA,0.0,0.0,0,0.0,0.0,0.0,,0.0,,1948,2021,7782.5,309.0
ARG__BGD,ARG,BGD,0.0,0.0,0,0.0,0.0,0.0,,0.0,,1948,2021,16776.0,0.0
ARG__BHR,ARG,BHR,0.0,0.0,0,0.0,0.0,0.0,,0.0,,1948,2021,13276.0,0.0
ARG__BHS,ARG,BHS,0.0,0.0,0,0.0,0.0,0.0,,0.0,,1948,2021,6900.0,0.0
ARG__BLZ,ARG,BLZ,0.0,0.0,0,0.0,1.0,1.0,,0.0,,1948,2021,6578.0,0.0
ARG__BOL,ARG,BOL,1.0,0.0,0,1.0,1.0,1.0,,0.0,,1948,2021,2229.0,0.0
ARG__BRA,ARG,BRA,1.0,0.0,0,0.0,0.0,0.0,,0.0,,1948,2021,1820.5,291.0
ARG__BRB,ARG,BRB,0.0,0.0,0,0.0,0.0,0.0,,0.0,,1948,2021,5281.0,0.0
ARG__BRN,ARG,BRN,0.0,0.0,0,0.0,0.0,0.0,,0.0,,1948,2021,16650.0,0.0
ARG__BTN,ARG,BTN,0.0,0.0,0,0.0,0.0,0.0,,0.0,,1948,2021,16889.0,0.0
ARG__BWA,ARG,BWA,0.0,0.0,0,0.0,0.0,0.0,,0.0,,1948,2021,8007.0,0.0
ARG__CAF,ARG,CAF,0.0,0.0,0,0.0,0.0,0.0,,0.0,,1948,2021,9100.0,0.0
ARG__CAN,ARG,CAN,0.0,0.0,0,0.0,0.0,0.0,,0.0,,1948,2021,8966.5,73.0
ARG__CHL,ARG,CHL,1.0,0.0,0,1.0,1.0,1.0,,0.0,,1948,2021,1138.0,0.0
ARG__CHN,ARG,CHN,0.0,0.0,0,0.0,0.0,0.0,,0.0,,1948,2021,19629.0,0.0
ARG__CIV,ARG,CIV,0.0,0.0,0,0.0,0.0,0.0,,0.0,,1948,2021,7209.0,0.0
ARG__CMR,ARG,CMR,0.0,0.0,0,0.0,0.0,0.0,,0.0,,1948,2021,8364.0,148.0
ARG__COD,ARG,COD,0.0,0.0,0,0.0,0.0,0.0,,0.0,,1948,2021,8250.0,0.0
ARG__COG,ARG,COG,0.0,0.0,0,0.0,0.0,0.0,,0.0,,1948,2021,8251.0,0.0
ARG__COL,ARG,COL,0.0,0.0,0,1.0,1.0,1.0,,0.0,,1948,2021,4642.0,0.0
ARG__COM,ARG,COM,0.0,0.0,0,0.0,0.0,0.0,,0.0,,1948,2021,10324.0,0.0
ARG__CPV,ARG,CPV,0.0,0.0,0,0.0,0.0,0.0,,0.0,,1948,2021,6608.0,0.0
ARG__CRI,ARG,CRI,0.0,0.0,0,1.0,1.0,1.0,,0.0,,1948,2021,5624.0,0.0
ARG__CUB,ARG,CUB,0.0,0.0,0,1.0,1.0,1.0,,0.0,,1948,2021,6873.0,0.0
ARG__CYP,ARG,CYP,0.0,0.0,0,0.0,0.0,0.0,,0.0,,1948,2021,12260.0,0.0
ARG__DEU,ARG,DEU,0.0,0.0,0,0.0,0.0,0.0,,0.0,,1948,2021,11889.0,0.0
ARG__DJI,ARG,DJI,0.0,0.0,0,0.0,0.0,0.0,,0.0,,1948,2021,11788.0,0.0
ARG__DMA,ARG,DMA,0.0,0.0,0,0.0,0.0,0.0,,0.0,,1948,2021,5532.0,0.0
ARG__DOM,ARG,DOM,0.0,0.0,0,1.0,1.0,1.0,,0.0,,1948,2021,6001.0,0.0
ARG__DZA,ARG,DZA,0.0,0.0,0,0.0,0.0,0.0,,0.0,,1948,2021,10143.0,0.0
ARG__ECU,ARG,ECU,0.0,0.0,0,1.0,1.0,1.0,,0.0,,1948,2021,4227.0,0.0
ARG__EGY,ARG,EGY,0.0,0.0,0,0.0,0.0,0.0,,0.0,,1948,2021,11805.0,0.0
ARG__ERI,ARG,ERI,0.0,0.0,0,0.0,0.0,0.0,,0.0,,1948,2021,11627.0,0.0
ARG__ESP,ARG,ESP,0.0,0.0,1,0.0,1.0,1.0,0.0,0.0,1816.0,1948,2021,10232.5,421.0
ARG__ETH,ARG,ETH,0.0,0.0,0,0.0,0.0,0.0,,0.0,,1948,2021,11230.0,0.0
ARG__FJI,ARG,FJI,0.0,0.0,0,0.0,0.0,0.0,,0.0,,1948,2021,11641.0,0.0
ARG__FRA,ARG,FRA,0.0,0.0,0,0.0,0.0,0.0,,0.0,,1948,2021,11026.0,0.0
ARG__FSM,ARG,FSM,0.0,0.0,0,1.0,0.0,0.0,,0.0,,1948,2021,15181.0,0.0
ARG__GAB,ARG,GAB,0.0,0.0,0,0.0,0.0,0.0,,0.0,,1948,2021,8024.0,0.0
ARG__GBR,ARG,GBR,0.0,0.0,0,0.0,0.0,0.0,,0.0,,1948,2021,11103.0,0.0
ARG__GEO,ARG,GEO,0.0,0.0,0,0.0,0.0,0.0,,0.0,,1948,2021,13470.0,0.0
ARG__GHA,ARG,GHA,0.0,0.0,0,0.0,0.0,0.0,,0.0,,1948,2021,7524.0,36.0
ARG__GIN,ARG,GIN,0.0,0.0,0,0.0,0.0,0.0,,0.0,,1948,2021,6792.0,0.0
ARG__GMB,ARG,GMB,0.0,0.0,0,0.0,0.0,0.0,,0.0,,1948,2021,6908.0,0.0
ARG__GNB,ARG,GNB,0.0,0.0,0,0.0,0.0,0.0,,0.0,,1948,2021,6845.0,0.0
ARG__GNQ,ARG,GNQ,0.0,0.0,0,1.0,1.0,1.0,,0.0,,1948,2021,8150.0,0.0
ARG__GRD,ARG,GRD,0.0,0.0,0,0.0,0.0,0.0,,0.0,,1948,2021,5176.0,0.0
ARG__GTM,ARG,GTM,0.0,0.0,0,1.0,1.0,1.0,,0.0,,1948,2021,6420.0,0.0
ARG__GUY,ARG,GUY,0.0,0.0,0,0.0,0.0,0.0,,0.0,,1948,2021,4583.0,0.0
ARG__HND,ARG,HND,0.0,0.0,0,1.0,1.0,1.0,,0.0,,1948,2021,6190.0,0.0
ARG__HTI,ARG,HTI,0.0,0.0,0,0.0,0.0,0.0,,0.0,,1948,2021,6064.0,0.0
ARG__IDN,ARG,IDN,0.0,0.0,0,0.0,0.0,0.0,,0.0,,1948,2021,15230.0,0.0
ARG__IND,ARG,IND,0.0,0.0,0,0.0,0.0,0.0,,0.0,,1948,2021,15735.5,1587.0
ARG__IRN,ARG,IRN,0.0,0.0,0,0.0,0.0,0.0,,0.0,,1948,2021,13774.0,0.0
ARG__IRQ,ARG,IRQ,0.0,0.0,0,0.0,0.0,0.0,,0.0,,1948,2021,13078.0,0.0
ARG__ISR,ARG,ISR,0.0,0.0,0,0.0,0.0,0.0,,0.0,,1948,2021,12211.0,0.0
ARG__ITA,ARG,ITA,0.0,0.0,0,0.0,0.0,0.0,,0.0,,1948,2021,11131.0,0.0
ARG__JAM,ARG,JAM,0.0,0.0,0,0.0,0.0,0.0,,0.0,,1948,2021,6139.0,0.0
ARG__JOR,ARG,JOR,0.0,0.0,0,0.0,0.0,0.0,,0.0,,1948,2021,12301.0,0.0
ARG__JPN,ARG,JPN,0.0,0.0,0,0.0,0.0,0.0,,0.0,,1948,2021,18375.0,0.0
ARG__KAZ,ARG,KAZ,0.0,0.0,0,0.0,0.0,0.0,,0.0,,1948,2021,16079.0,0.0
ARG__KEN,ARG,KEN,0.0,0.0,0,0.0,0.0,0.0,,0.0,,1948,2021,10411.0,0.0
ARG__KGZ,ARG,KGZ,0.0,0.0,0,0.0,0.0,0.0,,0.0,,1948,2021,15889.0,0.0
ARG__KHM,ARG,KHM,0.0,0.0,0,0.0,0.0,0.0,,0.0,,1948,2021,16951.0,0.0
ARG__KIR,ARG,KIR,0.0,0.0,0,0.0,0.0,0.0,,0.0,,1948,2021,13553.0,0.0
ARG__KNA,ARG,KNA,0.0,0.0,0,0.0,0.0,0.0,,0.0,,1948,2021,5762.0,0.0
ARG__KOR,ARG,KOR,0.0,0.0,0,0.0,0.0,0.0,,0.0,,1948,2021,19433.0,0.0
ARG__KWT,ARG,KWT,0.0,0.0,0,0.0,0.0,0.0,,0.0,,1948,2021,13199.0,0.0
ARG__LAO,ARG,LAO,0.0,0.0,0,0.0,0.0,0.0,,0.0,,1948,2021,17381.0,0.0
ARG__LBN,ARG,LBN,0.0,0.0,0,0.0,0.0,0.0,,0.0,,1948,2021,12365.0,0.0
ARG__LBR,ARG,LBR,0.0,0.0,0,0.0,0.0,0.0,,0.0,,1948,2021,6741.0,0.0
ARG__LBY,ARG,LBY,0.0,0.0,0,0.0,0.0,0.0,,0.0,,1948,2021,10565.0,0.0
ARG__LCA,ARG,LCA,0.0,0.0,0,0.0,0.0,0.0,,0.0,,1948,2021,5387.0,0.0
ARG__LKA,ARG,LKA,0.0,0.0,0,0.0,0.0,0.0,,0.0,,1948,2021,14764.0,0.0
ARG__LSO,ARG,LSO,0.0,0.0,0,0.0,0.0,0.0,,0.0,,1948,2021,7884.0,0.0
ARG__MAR,ARG,MAR,0.0,0.0,0,0.0,0.0,0.0,,0.0,,1948,2021,9222.0,0.0
ARG__MDG,ARG,MDG,0.0,0.0,0,0.0,0.0,0.0,,0.0,,1948,2021,10213.0,0.0
ARG__MDV,ARG,MDV,0.0,0.0,0,0.0,0.0,0.0,,0.0,,1948,2021,14035.0,0.0
ARG__MEX,ARG,MEX,0.0,0.0,0,1.0,1.0,1.0,,0.0,,1948,2021,7372.0,0.0
ARG__MHL,ARG,MHL,0.0,0.0,0,0.0,0.0,0.0,,0.0,,1948,2021,14096.0,0.0
ARG__MLI,ARG,MLI,0.0,0.0,0,0.0,0.0,0.0,,0.0,,1948,2021,7460.0,0.0
ARG__MMR,ARG,MMR,0.0,0.0,0,0.0,0.0,0.0,,0.0,,1948,2021,16811.0,0.0
ARG__MNG,ARG,MNG,0.0,0.0,0,0.0,0.0,0.0,,0.0,,1948,2021,18094.0,0.0
ARG__MOZ,ARG,MOZ,0.0,0.0,0,0.0,0.0,0.0,,0.0,,1948,2021,8501.0,10.0
ARG__MRT,ARG,MRT,0.0,0.0,0,0.0,0.0,0.0,,0.0,,1948,2021,7359.0,0.0
ARG__MUS,ARG,MUS,0.0,0.0,0,0.0,0.0,0.0,,0.0,,1948,2021,10931.0,0.0
ARG__MWI,ARG,MWI,0.0,0.0,0,0.0,0.0,0.0,,0.0,,1948,2021,9337.5,5.0
ARG__MYS,ARG,MYS,0.0,0.0,0,0.0,0.0,0.0,,0.0,,1948,2021,15925.0,78.0
ARG__NAM,ARG,NAM,0.0,0.0,0,0.0,0.0,0.0,,0.0,,1948,2021,7340.0,0.0
ARG__NER,ARG,NER,0.0,0.0,0,0.0,0.0,0.0,,0.0,,1948,2021,8314.0,0.0
ARG__NGA,ARG,NGA,0.0,0.0,0,0.0,0.0,0.0,,0.0,,1948,2021,7963.5,109.0
ARG__NIC,ARG,NIC,0.0,0.0,0,1.0,1.0,1.0,,0.0,,1948,2021,5951.0,0.0
ARG__NLD,ARG,NLD,0.0,0.0,0,0.0,0.0,0.0,,0.0,,1948,2021,11394.5,55.0
ARG__NPL,ARG,NPL,0.0,0.0,0,0.0,0.0,0.0,,0.0,,1948,2021,16504.0,0.0
ARG__NRU,ARG,NRU,0.0,0.0,0,0.0,0.0,0.0,,0.0,,1948,2021,13911.0,0.0
ARG__NZL,ARG,NZL,0.0,0.0,0,0.0,0.0,0.0,,0.0,,1948,2021,10374.0,0.0
ARG__OMN,ARG,OMN,0.0,0.0,0,0.0,0.0,0.0,,0.0,,1948,2021,13871.0,0.0
ARG__PAK,ARG,PAK,0.0,0.0,0,0.0,0.0,0.0,,0.0,,1948,2021,14709.0,0.0
ARG__PAN,ARG,PAN,0.0,0.0,0,1.0,1.0,1.0,,0.0,,1948,2021,5314.0,0.0
ARG__PER,ARG,PER,0.0,0.0,0,1.0,1.0,1.0,,0.0,,1948,2021,3130.0,0.0
ARG__PHL,ARG,PHL,0.0,0.0,0,1.0,0.0,0.0,,0.0,,1948,2021,17787.0,0.0
ARG__PLW,ARG,PLW,0.0,0.0,0,0.0,0.0,0.0,,0.0,,1948,2021,16718.5,11.0
ARG__PNG,ARG,PNG,0.0,0.0,0,0.0,0.0,0.0,,0.0,,1948,2021,14439.0,0.0
ARG__PRK,ARG,PRK,0.0,0.0,0,0.0,0.0,0.0,,0.0,,1948,2021,19396.0,0.0
ARG__PRT,ARG,PRT,0.0,0.0,0,0.0,0.0,0.0,,0.0,,1948,2021,9574.0,0.0
ARG__PRY,ARG,PRY,1.0,0.0,0,1.0,1.0,1.0,,0.0,,1948,2021,1034.0,0.0
ARG__QAT,ARG,QAT,0.0,0.0,0,0.0,0.0,0.0,,0.0,,1948,2021,13309.0,8.0
ARG__RWA,ARG,RWA,0.0,0.0,0,0.0,0.0,0.0,,0.0,,1948,2021,9750.0,0.0
ARG__SAU,ARG,SAU,0.0,0.0,0,0.0,0.0,0.0,,0.0,,1948,2021,12455.5,793.0
ARG__SDN,ARG,SDN,0.0,0.0,0,0.0,0.0,0.0,,0.0,,1948,2021,11063.0,0.0
ARG__SEN,ARG,SEN,0.0,0.0,0,0.0,0.0,0.0,,0.0,,1948,2021,6966.0,0.0
ARG__SGP,ARG,SGP,0.0,0.0,0,0.0,0.0,0.0,,0.0,,1948,2021,15886.0,0.0
ARG__SLB,ARG,SLB,0.0,0.0,0,0.0,0.0,0.0,,0.0,,1948,2021,13685.0,0.0
ARG__SLE,ARG,SLE,0.0,0.0,0,0.0,0.0,0.0,,0.0,,1948,2021,6733.0,0.0
ARG__SLV,ARG,SLV,0.0,0.0,0,1.0,1.0,1.0,,0.0,,1948,2021,6258.0,0.0
ARG__SOM,ARG,SOM,0.0,0.0,0,0.0,0.0,0.0,,0.0,,1948,2021,11400.0,0.0
ARG__SSD,ARG,SSD,0.0,0.0,0,0.0,0.0,0.0,,0.0,,1948,2021,10315.0,0.0
ARG__STP,ARG,STP,0.0,0.0,0,0.0,0.0,0.0,,0.0,,1948,2021,7778.0,0.0
ARG__SUR,ARG,SUR,0.0,0.0,0,0.0,0.0,0.0,,0.0,,1948,2021,4492.0,0.0
ARG__SWZ,ARG,SWZ,0.0,0.0,0,0.0,0.0,0.0,,0.0,,1948,2021,8362.0,0.0
ARG__SYC,ARG,SYC,0.0,0.0,0,0.0,0.0,0.0,,0.0,,1948,2021,11867.0,0.0
ARG__SYR,ARG,SYR,0.0,0.0,0,0.0,0.0,0.0,,0.0,,1948,2021,12515.0,206.0
ARG__TCD,ARG,TCD,0.0,0.0,0,0.0,0.0,0.0,,0.0,,1948,2021,9299.0,0.0
ARG__TGO,ARG,TGO,0.0,0.0,0,0.0,0.0,0.0,,0.0,,1948,2021,7702.0,0.0
ARG__THA,ARG,THA,0.0,0.0,0,0.0,0.0,0.0,,0.0,,1948,2021,16878.0,0.0
ARG__TJK,ARG,TJK,0.0,0.0,0,0.0,0.0,0.0,,0.0,,1948,2021,15340.0,0.0
ARG__TKM,ARG,TKM,0.0,0.0,0,0.0,0.0,0.0,,0.0,,1948,2021,14442.0,0.0
ARG__TLS,ARG,TLS,0.0,0.0,0,0.0,0.0,0.0,,0.0,,1948,2021,15209.0,0.0
ARG__TON,ARG,TON,0.0,0.0,0,0.0,0.0,0.0,,0.0,,1948,2021,10929.0,0.0
ARG__TTO,ARG,TTO,0.0,0.0,0,0.0,0.0,0.0,,0.0,,1948,2021,5021.0,0.0
ARG__TUN,ARG,TUN,0.0,0.0,0,0.0,0.0,0.0,,0.0,,1948,2021,10624.0,0.0
ARG__TUR,ARG,TUR,0.0,0.0,0,0.0,0.0,0.0,,0.0,,1948,2021,12230.0,0.0
ARG__TUV,ARG,TUV,0.0,0.0,0,0.0,0.0,0.0,,0.0,,1948,2021,12314.0,0.0
ARG__TWN,ARG,TWN,0.0,0.0,0,0.0,0.0,0.0,,0.0,,1948,2021,18942.0,4.0
ARG__TZA,ARG,TZA,0.0,0.0,0,0.0,0.0,0.0,,0.0,,1948,2021,10283.0,0.0
ARG__UGA,ARG,UGA,0.0,0.0,0,0.0,0.0,0.0,,0.0,,1948,2021,10123.0,0.0
ARG__URY,ARG,URY,1.0,0.0,0,1.0,1.0,1.0,,0.0,,1948,2021,206.0,0.0
ARG__USA,ARG,USA,0.0,0.0,0,1.0,1.0,0.0,,0.0,,1948,2021,8492.0,0.0
ARG__UZB,ARG,UZB,0.0,0.0,0,0.0,0.0,0.0,,0.0,,1948,2021,15429.0,0.0
ARG__VCT,ARG,VCT,0.0,0.0,0,0.0,0.0,0.0,,0.0,,1948,2021,5294.0,0.0
ARG__VEN,ARG,VEN,0.0,0.0,0,1.0,1.0,1.0,,0.0,,1948,2021,5070.0,0.0
ARG__VNM,ARG,VNM,0.0,0.0,0,0.0,0.0,0.0,,0.0,,1948,2021,16964.0,0.0
ARG__VUT,ARG,VUT,0.0,0.0,0,0.0,0.0,0.0,,0.0,,1948,2021,12402.0,0.0
ARG__WSM,ARG,WSM,0.0,0.0,0,0.0,0.0,0.0,,0.0,,1948,2021,11184.0,0.0
ARG__YEM,ARG,YEM,0.0,0.0,0,0.0,0.0,0.0,,0.0,,1948,2021,12034.5,147.0
ARG__ZAF,ARG,ZAF,0.0,0.0,0,0.0,0.0,0.0,,0.0,,1948,2021,7495.5,1219.0
ARG__ZMB,ARG,ZMB,0.0,0.0,0,0.0,0.0,0.0,,0.0,,1948,2021,8832.0,150.0
ARG__ZWE,ARG,ZWE,0.0,0.0,0,0.0,0.0,0.0,,0.0,,1948,2021,8859.0,0.0
ARM__ATG,ARM,ATG,0.0,0.0,0,0.0,0.0,0.0,,0.0,,1948,2021,10123.0,0.0
ARM__AUS,ARM,AUS,0.0,0.0,0,0.0,0.0,0.0,,0.0,,1948,2021,13508.0,278.0
ARM__AZE,ARM,AZE,1.0,0.0,0,1.0,0.0,0.0,,1.0,,1948,2021,458.0,0.0
ARM__BDI,ARM,BDI,0.0,0.0,0,0.0,0.0,0.0,,0.0,,1948,2021,5066.0,0.0
ARM__BEL,ARM,BEL,0.0,0.0,0,0.0,0.0,0.0,,0.0,,1948,2021,3306.0,0.0
ARM__BEN,ARM,BEN,0.0,0.0,0,0.0,0.0,0.0,,0.0,,1948,2021,5619.0,2.0
ARM__BFA,ARM,BFA,0.0,0.0,0,0.0,0.0,0.0,,0.0,,1948,2021,5449.0,0.0
ARM__BGD,ARM,BGD,0.0,0.0,0,0.0,0.0,0.0,,0.0,,1948,2021,4646.0,0.0
ARM__BHR,ARM,BHR,0.0,0.0,0,0.0,0.0,0.0,,0.0,,1948,2021,1648.0,0.0
ARM__BHS,ARM,BHS,0.0,0.0,0,0.0,0.0,0.0,,0.0,,1948,2021,10614.0,0.0
ARM__BLZ,ARM,BLZ,0.0,0.0,0,0.0,0.0,0.0,,0.0,,1948,2021,12026.0,0.0
ARM__BOL,ARM,BOL,0.0,0.0,0,0.0,0.0,0.0,,0.0,,1948,2021,13093.0,0.0
ARM__BRA,ARM,BRA,0.0,0.0,0,0.0,0.0,0.0,,0.0,,1948,2021,11753.0,0.0
ARM__BRB,ARM,BRB,0.0,0.0,0,0.0,0.0,0.0,,0.0,,1948,2021,10246.0,0.0
ARM__BRN,ARM,BRN,0.0,0.0,0,0.0,0.0,0.0,,0.0,,1948,2021,7999.0,0.0
ARM__BTN,ARM,BTN,0.0,0.0,0,0.0,0.0,0.0,,0.0,,1948,2021,4357.0,0.0
ARM__BWA,ARM,BWA,0.0,0.0,0,0.0,0.0,0.0,,0.0,,1948,2021,7433.0,0.0
ARM__CAF,ARM,CAF,0.0,0.0,0,0.0,0.0,0.0,,0.0,,1948,2021,4746.0,0.0
ARM__CAN,ARM,CAN,0.0,0.0,0,0.0,0.0,0.0,,0.0,,1948,2021,9152.0,0.0
ARM__CHL,ARM,CHL,0.0,0.0,0,0.0,0.0,0.0,,0.0,,1948,2021,14318.0,0.0
ARM__CHN,ARM,CHN,0.0,0.0,0,0.0,0.0,0.0,,0.0,,1948,2021,6818.0,0.0
ARM__CIV,ARM,CIV,0.0,0.0,0,0.0,0.0,0.0,,0.0,,1948,2021,6189.0,0.0
ARM__CMR,ARM,CMR,0.0,0.0,0,0.0,0.0,0.0,,0.0,,1948,2021,5260.5,101.0
ARM__COD,ARM,COD,0.0,0.0,0,0.0,0.0,0.0,,0.0,,1948,2021,5761.0,0.0
ARM__COG,ARM,COG,0.0,0.0,0,0.0,0.0,0.0,,0.0,,1948,2021,5757.0,0.0
ARM__COL,ARM,COL,0.0,0.0,0,0.0,0.0,0.0,,0.0,,1948,2021,12045.0,0.0
ARM__COM,ARM,COM,0.0,0.0,0,0.0,0.0,0.0,,0.0,,1948,2021,5745.0,0.0
ARM__CPV,ARM,CPV,0.0,0.0,0,0.0,0.0,0.0,,0.0,,1948,2021,7095.0,0.0
ARM__CRI,ARM,CRI,0.0,0.0,0,0.0,0.0,0.0,,0.0,,1948,2021,12356.0,0.0
ARM__CUB,ARM,CUB,0.0,0.0,0,0.0,0.0,0.0,,0.0,,1948,2021,11105.0,0.0
ARM__CYP,ARM,CYP,0.0,0.0,0,1.0,0.0,0.0,,0.0,,1948,2021,1129.0,0.0
ARM__DEU,ARM,DEU,0.0,0.0,0,0.0,0.0,0.0,,0.0,,1948,2021,2728.0,0.0
ARM__DJI,ARM,DJI,0.0,0.0,0,0.0,0.0,0.0,,0.0,,1948,2021,3171.0,0.0
ARM__DMA,ARM,DMA,0.0,0.0,0,0.0,0.0,0.0,,0.0,,1948,2021,10224.0,0.0
ARM__DOM,ARM,DOM,0.0,0.0,0,0.0,0.0,0.0,,0.0,,1948,2021,10630.0,0.0
ARM__DZA,ARM,DZA,0.0,0.0,0,0.0,0.0,0.0,,0.0,,1948,2021,3606.0,0.0
ARM__ECU,ARM,ECU,0.0,0.0,0,0.0,0.0,0.0,,0.0,,1948,2021,13032.0,0.0
ARM__EGY,ARM,EGY,0.0,0.0,0,1.0,0.0,0.0,,0.0,,1948,2021,1649.0,0.0
ARM__ERI,ARM,ERI,0.0,0.0,0,0.0,0.0,0.0,,0.0,,1948,2021,2807.0,0.0
ARM__ESP,ARM,ESP,0.0,0.0,0,0.0,0.0,0.0,,0.0,,1948,2021,4047.0,0.0
ARM__ETH,ARM,ETH,0.0,0.0,0,0.0,0.0,0.0,,0.0,,1948,2021,3499.0,0.0
ARM__FJI,ARM,FJI,0.0,0.0,0,0.0,0.0,0.0,,0.0,,1948,2021,14992.0,0.0
ARM__FRA,ARM,FRA,0.0,0.0,0,0.0,0.0,0.0,,0.0,,1948,2021,3439.0,0.0
ARM__FSM,ARM,FSM,0.0,0.0,0,0.0,0.0,0.0,,0.0,,1948,2021,11475.0,0.0
ARM__GAB,ARM,GAB,0.0,0.0,0,0.0,0.0,0.0,,0.0,,1948,2021,5657.0,0.0
ARM__GBR,ARM,GBR,0.0,0.0,0,0.0,0.0,0.0,,0.0,,1948,2021,3623.0,0.0
ARM__GEO,ARM,GEO,1.0,0.0,0,1.0,0.0,0.0,,0.0,,1948,2021,170.0,0.0
ARM__GHA,ARM,GHA,0.0,0.0,0,0.0,0.0,0.0,,0.0,,1948,2021,5889.0,16.0
ARM__GIN,ARM,GIN,0.0,0.0,0,0.0,0.0,0.0,,0.0,,1948,2021,6639.0,0.0
ARM__GMB,ARM,GMB,0.0,0.0,0,0.0,0.0,0.0,,0.0,,1948,2021,6617.0,0.0
ARM__GNB,ARM,GNB,0.0,0.0,0,0.0,0.0,0.0,,0.0,,1948,2021,6637.0,0.0
ARM__GNQ,ARM,GNQ,0.0,0.0,0,0.0,0.0,0.0,,0.0,,1948,2021,5503.0,0.0
ARM__GRD,ARM,GRD,0.0,0.0,0,0.0,0.0,0.0,,0.0,,1948,2021,10495.0,0.0
ARM__GTM,ARM,GTM,0.0,0.0,0,0.0,0.0,0.0,,0.0,,1948,2021,12373.0,0.0
ARM__GUY,ARM,GUY,0.0,0.0,0,0.0,0.0,0.0,,0.0,,1948,2021,10591.0,0.0
ARM__HND,ARM,HND,0.0,0.0,0,0.0,0.0,0.0,,0.0,,1948,2021,12208.0,0.0
ARM__HTI,ARM,HTI,0.0,0.0,0,0.0,0.0,0.0,,0.0,,1948,2021,10804.0,0.0
ARM__IDN,ARM,IDN,0.0,0.0,0,0.0,0.0,0.0,,0.0,,1948,2021,8174.0,0.0
ARM__IND,ARM,IND,0.0,0.0,0,0.0,0.0,0.0,,0.0,,1948,2021,3411.5,337.0
ARM__IRN,ARM,IRN,1.0,0.0,0,0.0,0.0,0.0,,0.0,,1948,2021,785.0,0.0
ARM__IRQ,ARM,IRQ,0.0,0.0,0,1.0,0.0,0.0,,0.0,,1948,2021,759.0,0.0
ARM__ISR,ARM,ISR,0.0,0.0,0,0.0,0.0,0.0,,0.0,,1948,2021,1254.0,0.0
ARM__ITA,ARM,ITA,0.0,0.0,0,0.0,0.0,0.0,,0.0,,1948,2021,2685.0,0.0
ARM__JAM,ARM,JAM,0.0,0.0,0,0.0,0.0,0.0,,0.0,,1948,2021,11166.0,0.0
ARM__JOR,ARM,JOR,0.0,0.0,0,0.0,0.0,0.0,,0.0,,1948,2021,1194.0,0.0
ARM__JPN,ARM,JPN,0.0,0.0,0,0.0,0.0,0.0,,0.0,,1948,2021,7948.0,0.0
ARM__KAZ,ARM,KAZ,0.0,0.0,0,1.0,0.0,0.0,,1.0,,1948,2021,2700.0,0.0
ARM__KEN,ARM,KEN,0.0,0.0,0,0.0,0.0,0.0,,0.0,,1948,2021,4658.0,0.0
ARM__KGZ,ARM,KGZ,0.0,0.0,0,1.0,0.0,0.0,,1.0,,1948,2021,2514.0,0.0
ARM__KHM,ARM,KHM,0.0,0.0,0,0.0,0.0,0.0,,0.0,,1948,2021,6683.0,0.0
ARM__KIR,ARM,KIR,0.0,0.0,0,0.0,0.0,0.0,,0.0,,1948,2021,13065.0,0.0
ARM__KNA,ARM,KNA,0.0,0.0,0,0.0,0.0,0.0,,0.0,,1948,2021,10178.0,0.0
ARM__KOR,ARM,KOR,0.0,0.0,0,0.0,0.0,0.0,,0.0,,1948,2021,6886.0,0.0
ARM__KWT,ARM,KWT,0.0,0.0,0,0.0,0.0,0.0,,0.0,,1948,2021,1240.0,0.0
ARM__LAO,ARM,LAO,0.0,0.0,0,0.0,0.0,0.0,,0.0,,1948,2021,6047.0,0.0
ARM__LBN,ARM,LBN,0.0,0.0,0,1.0,0.0,0.0,,0.0,,1948,2021,1063.0,0.0
ARM__LBR,ARM,LBR,0.0,0.0,0,0.0,0.0,0.0,,0.0,,1948,2021,6649.0,0.0
ARM__LBY,ARM,LBY,0.0,0.0,0,1.0,0.0,0.0,,0.0,,1948,2021,2903.0,0.0
ARM__LCA,ARM,LCA,0.0,0.0,0,0.0,0.0,0.0,,0.0,,1948,2021,10289.0,0.0
ARM__LKA,ARM,LKA,0.0,0.0,0,0.0,0.0,0.0,,0.0,,1948,2021,5092.0,0.0
ARM__LSO,ARM,LSO,0.0,0.0,0,0.0,0.0,0.0,,0.0,,1948,2021,7893.0,0.0
ARM__MAR,ARM,MAR,0.0,0.0,0,0.0,0.0,0.0,,0.0,,1948,2021,4638.0,0.0
ARM__MDG,ARM,MDG,0.0,0.0,0,0.0,0.0,0.0,,0.0,,1948,2021,6549.0,0.0
ARM__MDV,ARM,MDV,0.0,0.0,0,0.0,0.0,0.0,,0.0,,1948,2021,4937.0,0.0
ARM__MEX,ARM,MEX,0.0,0.0,0,0.0,0.0,0.0,,0.0,,1948,2021,12412.0,0.0
ARM__MHL,ARM,MHL,0.0,0.0,0,0.0,0.0,0.0,,0.0,,1948,2021,12471.0,0.0
ARM__MLI,ARM,MLI,0.0,0.0,0,0.0,0.0,0.0,,0.0,,1948,2021,5950.0,0.0
ARM__MMR,ARM,MMR,0.0,0.0,0,0.0,0.0,0.0,,0.0,,1948,2021,5584.0,0.0
ARM__MNG,ARM,MNG,0.0,0.0,0,0.0,0.0,0.0,,0.0,,1948,2021,4933.0,0.0
ARM__MOZ,ARM,MOZ,0.0,0.0,0,0.0,0.0,0.0,,0.0,,1948,2021,7427.0,2.0
ARM__MRT,ARM,MRT,0.0,0.0,0,0.0,0.0,0.0,,0.0,,1948,2021,6243.0,0.0
ARM__MUS,ARM,MUS,0.0,0.0,0,0.0,0.0,0.0,,0.0,,1948,2021,6815.0,0.0
ARM__MWI,ARM,MWI,0.0,0.0,0,0.0,0.0,0.0,,0.0,,1948,2021,6184.5,177.0
ARM__MYS,ARM,MYS,0.0,0.0,0,0.0,0.0,0.0,,0.0,,1948,2021,7039.0,0.0
ARM__NAM,ARM,NAM,0.0,0.0,0,0.0,0.0,0.0,,0.0,,1948,2021,7506.0,0.0
ARM__NER,ARM,NER,0.0,0.0,0,0.0,0.0,0.0,,0.0,,1948,2021,5074.0,0.0
ARM__NGA,ARM,NGA,0.0,0.0,0,0.0,0.0,0.0,,0.0,,1948,2021,5541.0,0.0
ARM__NIC,ARM,NIC,0.0,0.0,0,0.0,0.0,0.0,,0.0,,1948,2021,12315.0,0.0
ARM__NLD,ARM,NLD,0.0,0.0,0,0.0,0.0,0.0,,0.0,,1948,2021,3299.5,21.0
ARM__NPL,ARM,NPL,0.0,0.0,0,0.0,0.0,0.0,,0.0,,1948,2021,3977.0,0.0
ARM__NRU,ARM,NRU,0.0,0.0,0,0.0,0.0,0.0,,0.0,,1948,2021,12745.0,0.0
ARM__NZL,ARM,NZL,0.0,0.0,0,0.0,0.0,0.0,,0.0,,1948,2021,15726.0,0.0
ARM__OMN,ARM,OMN,0.0,0.0,0,0.0,0.0,0.0,,0.0,,1948,2021,2263.0,0.0
ARM__PAK,ARM,PAK,0.0,0.0,0,0.0,0.0,0.0,,0.0,,1948,2021,2699.0,0.0
ARM__PAN,ARM,PAN,0.0,0.0,0,0.0,0.0,0.0,,0.0,,1948,2021,12106.0,0.0
ARM__PER,ARM,PER,0.0,0.0,0,0.0,0.0,0.0,,0.0,,1948,2021,13537.0,0.0
ARM__PHL,ARM,PHL,0.0,0.0,0,0.0,0.0,0.0,,0.0,,1948,2021,7835.0,0.0
ARM__PLW,ARM,PLW,0.0,0.0,0,0.0,0.0,0.0,,0.0,,1948,2021,9487.5,1.0
ARM__PNG,ARM,PNG,0.0,0.0,0,0.0,0.0,0.0,,0.0,,1948,2021,11759.0,0.0
ARM__PRK,ARM,PRK,0.0,0.0,0,0.0,0.0,0.0,,0.0,,1948,2021,6712.0,0.0
ARM__PRT,ARM,PRT,0.0,0.0,0,0.0,0.0,0.0,,0.0,,1948,2021,4549.0,0.0
ARM__PRY,ARM,PRY,0.0,0.0,0,0.0,0.0,0.0,,0.0,,1948,2021,12771.0,0.0
ARM__QAT,ARM,QAT,0.0,0.0,0,0.0,0.0,0.0,,0.0,,1948,2021,1774.5,5.0
ARM__RWA,ARM,RWA,0.0,0.0,0,0.0,0.0,0.0,,0.0,,1948,2021,4892.0,0.0
ARM__SAU,ARM,SAU,0.0,0.0,0,0.0,0.0,0.0,,0.0,,1948,2021,1730.0,0.0
ARM__SDN,ARM,SDN,0.0,0.0,0,0.0,0.0,0.0,,0.0,,1948,2021,2967.0,0.0
ARM__SEN,ARM,SEN,0.0,0.0,0,0.0,0.0,0.0,,0.0,,1948,2021,6596.0,0.0
ARM__SGP,ARM,SGP,0.0,0.0,0,0.0,0.0,0.0,,0.0,,1948,2021,7355.0,0.0
ARM__SLB,ARM,SLB,0.0,0.0,0,0.0,0.0,0.0,,0.0,,1948,2021,12840.0,0.0
ARM__SLE,ARM,SLE,0.0,0.0,0,0.0,0.0,0.0,,0.0,,1948,2021,6684.0,0.0
ARM__SLV,ARM,SLV,0.0,0.0,0,0.0,0.0,0.0,,0.0,,1948,2021,12371.0,0.0
ARM__SOM,ARM,SOM,0.0,0.0,0,0.0,0.0,0.0,,0.0,,1948,2021,4225.0,0.0
ARM__SSD,ARM,SSD,0.0,0.0,0,0.0,0.0,0.0,,0.0,,1948,2021,4123.0,0.0
ARM__STP,ARM,STP,0.0,0.0,0,0.0,0.0,0.0,,0.0,,1948,2021,5838.0,0.0
ARM__SUR,ARM,SUR,0.0,0.0,0,0.0,0.0,0.0,,0.0,,1948,2021,10411.0,0.0
ARM__SWZ,ARM,SWZ,0.0,0.0,0,0.0,0.0,0.0,,0.0,,1948,2021,7491.0,0.0
ARM__SYC,ARM,SYC,0.0,0.0,0,0.0,0.0,0.0,,0.0,,1948,2021,5085.0,0.0
ARM__SYR,ARM,SYR,0.0,0.0,0,1.0,0.0,0.0,,0.0,,1948,2021,910.0,260.0
ARM__TCD,ARM,TCD,0.0,0.0,0,0.0,0.0,0.0,,0.0,,1948,2021,4245.0,0.0
ARM__TGO,ARM,TGO,0.0,0.0,0,0.0,0.0,0.0,,0.0,,1948,2021,5728.0,0.0
ARM__THA,ARM,THA,0.0,0.0,0,0.0,0.0,0.0,,0.0,,1948,2021,6163.0,0.0
ARM__TJK,ARM,TJK,0.0,0.0,0,1.0,0.0,0.0,,1.0,,1948,2021,2093.0,0.0
ARM__TKM,ARM,TKM,0.0,0.0,0,1.0,0.0,0.0,,1.0,,1948,2021,1224.0,0.0
ARM__TLS,ARM,TLS,0.0,0.0,0,0.0,0.0,0.0,,0.0,,1948,2021,9868.0,0.0
ARM__TON,ARM,TON,0.0,0.0,0,0.0,0.0,0.0,,0.0,,1948,2021,15719.0,0.0
ARM__TTO,ARM,TTO,0.0,0.0,0,0.0,0.0,0.0,,0.0,,1948,2021,10581.0,0.0
ARM__TUN,ARM,TUN,0.0,0.0,0,1.0,0.0,0.0,,0.0,,1948,2021,3001.0,0.0
ARM__TUR,ARM,TUR,1.0,0.0,1,0.0,0.0,0.0,,0.0,1900.0,1948,2021,1319.0,0.0
ARM__TUV,ARM,TUV,0.0,0.0,0,0.0,0.0,0.0,,0.0,,1948,2021,14331.0,0.0
ARM__TWN,ARM,TWN,0.0,0.0,0,0.0,0.0,0.0,,0.0,,1948,2021,7195.0,0.0
ARM__TZA,ARM,TZA,0.0,0.0,0,0.0,0.0,0.0,,0.0,,1948,2021,5232.0,0.0
ARM__UGA,ARM,UGA,0.0,0.0,0,0.0,0.0,0.0,,0.0,,1948,2021,4578.0,0.0
ARM__URY,ARM,URY,0.0,0.0,0,0.0,0.0,0.0,,0.0,,1948,2021,13222.0,0.0
ARM__USA,ARM,USA,0.0,0.0,0,0.0,0.0,0.0,,0.0,,1948,2021,9107.0,0.0
ARM__UZB,ARM,UZB,0.0,0.0,0,1.0,0.0,0.0,,1.0,,1948,2021,2083.0,0.0
ARM__VCT,ARM,VCT,0.0,0.0,0,0.0,0.0,0.0,,0.0,,1948,2021,10371.0,0.0
ARM__VEN,ARM,VEN,0.0,0.0,0,0.0,0.0,0.0,,0.0,,1948,2021,11022.0,0.0
ARM__VNM,ARM,VNM,0.0,0.0,0,0.0,0.0,0.0,,0.0,,1948,2021,6887.0,0.0
ARM__VUT,ARM,VUT,0.0,0.0,0,0.0,0.0,0.0,,0.0,,1948,2021,14121.0,0.0
ARM__WSM,ARM,WSM,0.0,0.0,0,0.0,0.0,0.0,,0.0,,1948,2021,15438.0,0.0
ARM__YEM,ARM,YEM,0.0,0.0,0,1.0,0.0,0.0,,0.0,,1948,2021,2752.0,0.0
ARM__ZAF,ARM,ZAF,0.0,0.0,0,0.0,0.0,0.0,,0.0,,1948,2021,8088.5,1087.0
ARM__ZMB,ARM,ZMB,0.0,0.0,0,0.0,0.0,0.0,,0.0,,1948,2021,6380.0,0.0
ARM__ZWE,ARM,ZWE,0.0,0.0,0,0.0,0.0,0.0,,0.0,,1948,2021,6572.0,0.0
ATG__AUS,ATG,AUS,0.0,0.0,0,1.0,1.0,1.0,,0.0,,1948,2021,16390.5,295.0
ATG__AZE,ATG,AZE,0.0,0.0,0,0.0,0.0,0.0,,0.0,,1948,2021,10527.0,0.0
ATG__BDI,ATG,BDI,0.0,0.0,0,0.0,0.0,0.0,,0.0,,1948,2021,10256.0,0.0
ATG__BEL,ATG,BEL,0.0,0.0,0,0.0,0.0,0.0,,0.0,,1948,2021,6883.0,0.0
ATG__BEN,ATG,BEN,0.0,0.0,0,0.0,0.0,0.0,,0.0,,1948,2021,7072.0,10.0
ATG__BFA,ATG,BFA,0.0,0.0,0,0.0,0.0,0.0,,0.0,,1948,2021,6359.0,264.0
ATG__BGD,ATG,BGD,0.0,0.0,0,1.0,0.0,0.0,,1.0,,1948,2021,14583.0,0.0
ATG__BHR,ATG,BHR,0.0,0.0,0,1.0,0.0,0.0,,1.0,,1948,2021,11288.0,0.0
ATG__BHS,ATG,BHS,0.0,0.0,0,1.0,1.0,1.0,,1.0,,1948,2021,1833.0,0.0
ATG__BLZ,ATG,BLZ,0.0,0.0,0,1.0,1.0,1.0,,1.0,,1948,2021,2862.0,0.0
ATG__BOL,ATG,BOL,0.0,0.0,0,0.0,0.0,0.0,,0.0,,1948,2021,3782.0,0.0
ATG__BRA,ATG,BRA,0.0,0.0,0,0.0,0.0,0.0,,0.0,,1948,2021,4831.5,77.0
ATG__BRB,ATG,BRB,0.0,0.0,0,1.0,1.0,1.0,,1.0,,1948,2021,505.0,0.0
ATG__BRN,ATG,BRN,0.0,0.0,0,1.0,0.0,0.0,,1.0,,1948,2021,17540.0,0.0
ATG__BTN,ATG,BTN,0.0,0.0,0,0.0,0.0,0.0,,0.0,,1948,2021,14199.0,0.0
ATG__BWA,ATG,BWA,0.0,0.0,0,1.0,1.0,1.0,,1.0,,1948,2021,10574.0,0.0
ATG__CAF,ATG,CAF,0.0,0.0,0,0.0,0.0,0.0,,0.0,,1948,2021,8856.0,0.0
ATG__CAN,ATG,CAN,0.0,0.0,0,1.0,1.0,1.0,,0.0,,1948,2021,3356.0,48.0
ATG__CHL,ATG,CHL,0.0,0.0,0,0.0,0.0,0.0,,0.0,,1948,2021,5674.0,0.0
ATG__CHN,ATG,CHN,0.0,0.0,0,0.0,0.0,0.0,,0.0,,1948,2021,14644.0,0.0
ATG__CIV,ATG,CIV,0.0,0.0,0,0.0,0.0,0.0,,0.0,,1948,2021,6423.0,0.0
ATG__CMR,ATG,CMR,0.0,0.0,0,0.0,1.0,1.0,,0.0,,1948,2021,8023.0,198.0
ATG__COD,ATG,COD,0.0,0.0,0,0.0,0.0,0.0,,0.0,,1948,2021,8799.0,0.0
ATG__COG,ATG,COG,0.0,0.0,0,0.0,0.0,0.0,,0.0,,1948,2021,8793.0,0.0
ATG__COL,ATG,COL,0.0,0.0,0,0.0,0.0,0.0,,0.0,,1948,2021,1922.0,0.0
ATG__COM,ATG,COM,0.0,0.0,0,0.0,0.0,0.0,,0.0,,1948,2021,11981.0,0.0
ATG__CPV,ATG,CPV,0.0,0.0,0,0.0,0.0,0.0,,0.0,,1948,2021,4104.0,0.0
ATG__CRI,ATG,CRI,0.0,0.0,0,0.0,0.0,0.0,,0.0,,1948,2021,2532.0,0.0
ATG__CUB,ATG,CUB,0.0,0.0,0,0.0,0.0,0.0,,0.0,,1948,2021,2245.0,0.0
ATG__CYP,ATG,CYP,0.0,0.0,0,1.0,0.0,0.0,,1.0,,1948,2021,9393.0,0.0
ATG__DEU,ATG,DEU,0.0,0.0,0,0.0,0.0,0.0,,0.0,,1948,2021,7521.0,0.0
ATG__DJI,ATG,DJI,0.0,0.0,0,0.0,0.0,0.0,,0.0,,1948,2021,11195.0,0.0
ATG__DMA,ATG,DMA,0.0,0.0,0,1.0,1.0,1.0,,1.0,,1948,2021,207.0,0.0
ATG__DOM,ATG,DOM,0.0,0.0,0,0.0,0.0,0.0,,0.0,,1948,2021,867.0,0.0
ATG__DZA,ATG,DZA,0.0,0.0,0,0.0,0.0,0.0,,0.0,,1948,2021,6672.0,0.0
ATG__ECU,ATG,ECU,0.0,0.0,0,0.0,0.0,0.0,,0.0,,1948,2021,2912.0,0.0
ATG__EGY,ATG,EGY,0.0,0.0,0,1.0,1.0,0.0,,0.0,,1948,2021,9365.0,0.0
ATG__ERI,ATG,ERI,0.0,0.0,0,1.0,1.0,1.0,,1.0,,1948,2021,10625.0,0.0
ATG__ESP,ATG,ESP,0.0,0.0,0,0.0,0.0,0.0,,0.0,,1948,2021,6362.5,501.0
ATG__ETH,ATG,ETH,0.0,0.0,0,0.0,0.0,1.0,,0.0,,1948,2021,10834.0,0.0
ATG__FJI,ATG,FJI,0.0,0.0,0,1.0,1.0,1.0,,1.0,,1948,2021,13665.0,0.0
ATG__FRA,ATG,FRA,0.0,0.0,0,0.0,0.0,0.0,,0.0,,1948,2021,6711.0,0.0
ATG__FSM,ATG,FSM,0.0,0.0,0,0.0,1.0,1.0,,0.0,,1948,2021,14886.0,0.0
ATG__GAB,ATG,GAB,0.0,0.0,0,0.0,0.0,0.0,,0.0,,1948,2021,8017.0,0.0
ATG__GBR,ATG,GBR,0.0,1.0,1,0.0,1.0,1.0,0.0,0.0,1981.0,1948,2021,6586.0,0.0
ATG__GEO,ATG,GEO,0.0,0.0,0,0.0,0.0,0.0,,0.0,,1948,2021,10080.0,0.0
ATG__GHA,ATG,GHA,0.0,0.0,0,1.0,1.0,1.0,,1.0,,1948,2021,6730.0,186.0
ATG__GIN,ATG,GIN,0.0,0.0,0,0.0,0.0,0.0,,0.0,,1948,2021,5275.0,0.0
ATG__GMB,ATG,GMB,0.0,0.0,0,1.0,1.0,1.0,,1.0,,1948,2021,4858.0,0.0
ATG__GNB,ATG,GNB,0.0,0.0,0,0.0,0.0,0.0,,0.0,,1948,2021,5008.0,0.0
ATG__GNQ,ATG,GNQ,0.0,0.0,0,0.0,0.0,0.0,,0.0,,1948,2021,8001.0,0.0
ATG__GRD,ATG,GRD,0.0,0.0,0,1.0,1.0,1.0,,1.0,,1948,2021,560.0,0.0
ATG__GTM,ATG,GTM,0.0,0.0,0,0.0,0.0,0.0,,0.0,,1948,2021,3082.0,0.0
ATG__GUY,ATG,GUY,0.0,0.0,0,1.0,1.0,1.0,,1.0,,1948,2021,1209.0,0.0
ATG__HND,ATG,HND,0.0,0.0,0,0.0,0.0,0.0,,0.0,,1948,2021,2738.0,0.0
ATG__HTI,ATG,HTI,0.0,0.0,0,0.0,0.0,0.0,,0.0,,1948,2021,1123.0,0.0
ATG__IDN,ATG,IDN,0.0,0.0,0,0.0,0.0,0.0,,0.0,,1948,2021,18296.0,0.0
ATG__IND,ATG,IND,0.0,0.0,0,1.0,1.0,1.0,,1.0,,1948,2021,13931.5,1255.0
ATG__IRN,ATG,IRN,0.0,0.0,0,0.0,0.0,0.0,,0.0,,1948,2021,10886.0,0.0
ATG__IRQ,ATG,IRQ,0.0,0.0,0,1.0,0.0,0.0,,0.0,,1948,2021,10416.0,0.0
ATG__ISR,ATG,ISR,0.0,0.0,0,1.0,1.0,1.0,,1.0,,1948,2021,9621.0,0.0
ATG__ITA,ATG,ITA,0.0,0.0,0,0.0,0.0,0.0,,0.0,,1948,2021,7473.0,0.0
ATG__JAM,ATG,JAM,0.0,0.0,0,1.0,1.0,1.0,,1.0,,1948,2021,1590.0,0.0
ATG__JOR,ATG,JOR,0.0,0.0,0,1.0,1.0,0.0,,1.0,,1948,2021,9730.0,0.0
ATG__JPN,ATG,JPN,0.0,0.0,0,0.0,0.0,0.0,,0.0,,1948,2021,13737.0,0.0
ATG__KAZ,ATG,KAZ,0.0,0.0,0,0.0,0.0,0.0,,0.0,,1948,2021,12112.0,0.0
ATG__KEN,ATG,KEN,0.0,0.0,0,1.0,1.0,1.0,,1.0,,1948,2021,10981.0,0.0
ATG__KGZ,ATG,KGZ,0.0,0.0,0,0.0,0.0,0.0,,0.0,,1948,2021,12015.0,0.0
ATG__KHM,ATG,KHM,0.0,0.0,0,0.0,0.0,0.0,,0.0,,1948,2021,16519.0,0.0
ATG__KIR,ATG,KIR,0.0,0.0,0,1.0,1.0,1.0,,1.0,,1948,2021,13683.0,0.0
ATG__KNA,ATG,KNA,0.0,0.0,0,1.0,1.0,1.0,,1.0,,1948,2021,96.0,0.0
ATG__KOR,ATG,KOR,0.0,0.0,0,0.0,1.0,0.0,,0.0,,1948,2021,13882.0,0.0
ATG__KWT,ATG,KWT,0.0,0.0,0,1.0,1.0,0.0,,1.0,,1948,2021,10906.0,0.0
ATG__LAO,ATG,LAO,0.0,0.0,0,0.0,0.0,0.0,,0.0,,1948,2021,15771.0,0.0
ATG__LBN,ATG,LBN,0.0,0.0,0,0.0,1.0,0.0,,0.0,,1948,2021,9621.0,0.0
ATG__LBR,ATG,LBR,0.0,0.0,0,0.0,1.0,1.0,,0.0,,1948,2021,5675.0,0.0
ATG__LBY,ATG,LBY,0.0,0.0,0,0.0,0.0,0.0,,0.0,,1948,2021,7624.0,0.0
ATG__LCA,ATG,LCA,0.0,0.0,0,1.0,1.0,1.0,,1.0,,1948,2021,356.0,0.0
ATG__LKA,ATG,LKA,0.0,0.0,0,1.0,0.0,0.0,,1.0,,1948,2021,15043.0,0.0
ATG__LSO,ATG,LSO,0.0,0.0,0,1.0,1.0,1.0,,1.0,,1948,2021,10865.0,0.0
ATG__MAR,ATG,MAR,0.0,0.0,0,0.0,0.0,0.0,,0.0,,1948,2021,5687.0,0.0
ATG__MDG,ATG,MDG,0.0,0.0,0,0.0,0.0,0.0,,0.0,,1948,2021,12605.0,0.0
ATG__MDV,ATG,MDV,0.0,0.0,0,1.0,0.0,0.0,,1.0,,1948,2021,14588.0,0.0
ATG__MEX,ATG,MEX,0.0,0.0,0,0.0,0.0,0.0,,0.0,,1948,2021,3945.0,0.0
ATG__MHL,ATG,MHL,0.0,0.0,0,0.0,1.0,1.0,,0.0,,1948,2021,13593.0,0.0
ATG__MLI,ATG,MLI,0.0,0.0,0,0.0,0.0,0.0,,0.0,,1948,2021,5798.0,0.0
ATG__MMR,ATG,MMR,0.0,0.0,0,1.0,0.0,0.0,,1.0,,1948,2021,15553.0,0.0
ATG__MNG,ATG,MNG,0.0,0.0,0,0.0,0.0,0.0,,0.0,,1948,2021,12716.0,0.0
ATG__MOZ,ATG,MOZ,0.0,0.0,0,0.0,0.0,0.0,,0.0,,1948,2021,11255.0,12.0
ATG__MRT,ATG,MRT,0.0,0.0,0,0.0,0.0,0.0,,0.0,,1948,2021,4857.0,0.0
ATG__MUS,ATG,MUS,0.0,0.0,0,1.0,1.0,1.0,,1.0,,1948,2021,13659.0,0.0
ATG__MWI,ATG,MWI,0.0,0.0,0,1.0,1.0,1.0,,1.0,,1948,2021,11140.5,179.0
ATG__MYS,ATG,MYS,0.0,0.0,0,1.0,0.0,0.0,,1.0,,1948,2021,17291.0,308.0
ATG__NAM,ATG,NAM,0.0,0.0,0,0.0,1.0,1.0,,0.0,,1948,2021,9646.0,0.0
ATG__NER,ATG,NER,0.0,0.0,0,0.0,0.0,0.0,,0.0,,1948,2021,6850.0,0.0
ATG__NGA,ATG,NGA,0.0,0.0,0,1.0,1.0,1.0,,1.0,,1948,2021,7190.5,25.0
ATG__NIC,ATG,NIC,0.0,0.0,0,0.0,0.0,0.0,,0.0,,1948,2021,2684.0,0.0
ATG__NLD,ATG,NLD,0.0,0.0,0,0.0,0.0,0.0,,0.0,,1948,2021,6924.5,35.0
ATG__NPL,ATG,NPL,0.0,0.0,0,0.0,0.0,0.0,,0.0,,1948,2021,13921.0,0.0
ATG__NRU,ATG,NRU,0.0,0.0,0,1.0,1.0,1.0,,1.0,,1948,2021,14387.0,0.0
ATG__NZL,ATG,NZL,0.0,0.0,0,1.0,1.0,1.0,,0.0,,1948,2021,14090.0,0.0
ATG__OMN,ATG,OMN,0.0,0.0,0,0.0,0.0,0.0,,0.0,,1948,2021,12138.0,0.0
ATG__PAK,ATG,PAK,0.0,0.0,0,1.0,1.0,1.0,,1.0,,1948,2021,12791.0,0.0
ATG__PAN,ATG,PAN,0.0,0.0,0,0.0,0.0,0.0,,0.0,,1948,2021,2115.0,0.0
ATG__PER,ATG,PER,0.0,0.0,0,0.0,0.0,0.0,,0.0,,1948,2021,3632.0,0.0
ATG__PHL,ATG,PHL,0.0,0.0,0,0.0,1.0,1.0,,0.0,,1948,2021,16482.0,0.0
ATG__PLW,ATG,PLW,0.0,0.0,0,1.0,1.0,1.0,,0.0,,1948,2021,16754.5,23.0
ATG__PNG,ATG,PNG,0.0,0.0,0,1.0,1.0,1.0,,0.0,,1948,2021,16780.0,0.0
ATG__PRK,ATG,PRK,0.0,0.0,0,0.0,0.0,0.0,,0.0,,1948,2021,13739.0,0.0
ATG__PRT,ATG,PRT,0.0,0.0,0,0.0,0.0,0.0,,0.0,,1948,2021,5622.0,0.0
ATG__PRY,ATG,PRY,0.0,0.0,0,0.0,0.0,0.0,,0.0,,1948,2021,4715.0,0.0
ATG__QAT,ATG,QAT,0.0,0.0,0,1.0,0.0,0.0,,1.0,,1948,2021,11414.0,10.0
ATG__RWA,ATG,RWA,0.0,0.0,0,0.0,1.0,1.0,,0.0,,1948,2021,10283.0,0.0
ATG__SAU,ATG,SAU,0.0,0.0,0,0.0,0.0,0.0,,0.0,,1948,2021,10744.5,521.0
ATG__SDN,ATG,SDN,0.0,0.0,0,1.0,0.0,0.0,,1.0,,1948,2021,9966.0,0.0
ATG__SEN,ATG,SEN,0.0,0.0,0,0.0,0.0,0.0,,0.0,,1948,2021,4752.0,0.0
ATG__SGP,ATG,SGP,0.0,0.0,0,1.0,1.0,1.0,,1.0,,1948,2021,17445.0,0.0
ATG__SLB,ATG,SLB,0.0,0.0,0,1.0,0.0,1.0,,1.0,,1948,2021,15436.0,0.0
ATG__SLE,ATG,SLE,0.0,0.0,0,1.0,1.0,1.0,,1.0,,1948,2021,5350.0,0.0
ATG__SLV,ATG,SLV,0.0,0.0,0,0.0,0.0,0.0,,0.0,,1948,2021,2957.0,0.0
ATG__SOM,ATG,SOM,0.0,0.0,0,1.0,0.0,1.0,,1.0,,1948,2021,11774.0,0.0
ATG__SSD,ATG,SSD,0.0,0.0,0,0.0,0.0,0.0,,1.0,,1948,2021,10223.0,0.0
ATG__STP,ATG,STP,0.0,0.0,0,0.0,0.0,0.0,,0.0,,1948,2021,7730.0,0.0
ATG__SUR,ATG,SUR,0.0,0.0,0,0.0,0.0,0.0,,0.0,,1948,2021,1442.0,0.0
ATG__SWZ,ATG,SWZ,0.0,0.0,0,1.0,0.0,1.0,,1.0,,1948,2021,11129.0,0.0
ATG__SYC,ATG,SYC,0.0,0.0,0,1.0,1.0,1.0,,1.0,,1948,2021,13069.0,0.0
ATG__SYR,ATG,SYR,0.0,0.0,0,0.0,0.0,0.0,,0.0,,1948,2021,9695.0,24.0
ATG__TCD,ATG,TCD,0.0,0.0,0,0.0,0.0,0.0,,0.0,,1948,2021,8252.0,0.0
ATG__TGO,ATG,TGO,0.0,0.0,0,0.0,0.0,0.0,,0.0,,1948,2021,6955.0,0.0
ATG__THA,ATG,THA,0.0,0.0,0,0.0,0.0,0.0,,0.0,,1948,2021,16089.0,0.0
ATG__TJK,ATG,TJK,0.0,0.0,0,0.0,0.0,0.0,,0.0,,1948,2021,11989.0,0.0
ATG__TKM,ATG,TKM,0.0,0.0,0,0.0,0.0,0.0,,0.0,,1948,2021,11297.0,0.0
ATG__TLS,ATG,TLS,0.0,0.0,0,0.0,0.0,0.0,,0.0,,1948,2021,18775.0,0.0
ATG__TON,ATG,TON,0.0,0.0,0,1.0,0.0,1.0,,1.0,,1948,2021,13057.0,0.0
ATG__TTO,ATG,TTO,0.0,0.0,0,1.0,1.0,1.0,,1.0,,1948,2021,715.0,0.0
ATG__TUN,ATG,TUN,0.0,0.0,0,0.0,0.0,0.0,,0.0,,1948,2021,7307.0,0.0
ATG__TUR,ATG,TUR,0.0,0.0,0,0.0,0.0,0.0,,0.0,,1948,2021,8847.0,0.0
ATG__TUV,ATG,TUV,0.0,0.0,0,1.0,0.0,0.0,,1.0,,1948,2021,13364.0,0.0
ATG__TWN,ATG,TWN,0.0,0.0,0,0.0,0.0,0.0,,0.0,,1948,2021,15327.5,5.0
ATG__TZA,ATG,TZA,0.0,0.0,0,1.0,0.0,1.0,,1.0,,1948,2021,11417.0,0.0
ATG__UGA,ATG,UGA,0.0,0.0,0,1.0,1.0,1.0,,1.0,,1948,2021,10478.0,0.0
ATG__URY,ATG,URY,0.0,0.0,0,0.0,0.0,0.0,,0.0,,1948,2021,5781.0,0.0
ATG__USA,ATG,USA,0.0,0.0,0,1.0,1.0,1.0,,0.0,,1948,2021,2865.0,0.0
ATG__UZB,ATG,UZB,0.0,0.0,0,0.0,0.0,0.0,,0.0,,1948,2021,11818.0,0.0
ATG__VCT,ATG,VCT,0.0,0.0,0,1.0,1.0,1.0,,1.0,,1948,2021,443.0,0.0
ATG__VEN,ATG,VEN,0.0,0.0,0,0.0,0.0,0.0,,0.0,,1948,2021,913.0,0.0
ATG__VNM,ATG,VNM,0.0,0.0,0,0.0,0.0,0.0,,0.0,,1948,2021,16677.0,0.0
ATG__VUT,ATG,VUT,0.0,0.0,0,1.0,1.0,1.0,,1.0,,1948,2021,14720.0,0.0
ATG__WSM,ATG,WSM,0.0,0.0,0,0.0,1.0,1.0,,0.0,,1948,2021,12545.0,0.0
ATG__YEM,ATG,YEM,0.0,0.0,0,1.0,0.0,0.0,,1.0,,1948,2021,11104.0,104.0
ATG__ZAF,ATG,ZAF,0.0,0.0,0,1.0,1.0,1.0,,0.0,,1948,2021,10511.5,633.0
ATG__ZMB,ATG,ZMB,0.0,0.0,0,1.0,1.0,1.0,,1.0,,1948,2021,10479.0,90.0
ATG__ZWE,ATG,ZWE,0.0,0.0,0,1.0,1.0,1.0,,1.0,,1948,2021,10882.0,0.0
AUS__AZE,AUS,AZE,0.0,0.0,0,0.0,0.0,0.0,,0.0,,1948,2021,13098.0,254.0
AUS__BDI,AUS,BDI,0.0,0.0,0,0.0,0.0,0.0,,0.0,,1948,2021,12331.0,682.0
AUS__BEL,AUS,BEL,0.0,0.0,0,0.0,0.0,0.0,,0.0,,1948,2021,16675.0,130.0
AUS__BEN,AUS,BEN,0.0,0.0,0,0.0,0.0,0.0,,0.0,,1948,2021,15246.5,713.0
AUS__BFA,AUS,BFA,0.0,0.0,0,0.0,0.0,0.0,,0.0,,1948,2021,16070.0,818.0
AUS__BGD,AUS,BGD,0.0,0.0,0,1.0,0.0,0.0,,0.0,,1948,2021,8968.0,172.0
AUS__BHR,AUS,BHR,0.0,0.0,0,1.0,0.0,0.0,,0.0,,1948,2021,12310.0,402.0
AUS__BHS,AUS,BHS,0.0,0.0,0,1.0,1.0,1.0,,0.0,,1948,2021,15532.5,541.0
AUS__BLZ,AUS,BLZ,0.0,0.0,0,1.0,1.0,1.0,,0.0,,1948,2021,14076.0,524.0
AUS__BOL,AUS,BOL,0.0,0.0,0,0.0,0.0,0.0,,0.0,,1948,2021,13062.0,22.0
AUS__BRA,AUS,BRA,0.0,0.0,0,0.0,0.0,0.0,,0.0,,1948,2021,13322.5,435.0
AUS__BRB,AUS,BRB,0.0,0.0,0,1.0,1.0,1.0,,0.0,,1948,2021,16250.0,202.0
AUS__BRN,AUS,BRN,0.0,0.0,0,1.0,0.0,0.0,,0.0,,1948,2021,5702.0,82.0
AUS__BTN,AUS,BTN,0.0,0.0,0,0.0,0.0,0.0,,0.0,,1948,2021,9319.5,147.0
AUS__BWA,AUS,BWA,0.0,0.0,0,1.0,1.0,1.0,,0.0,,1948,2021,10976.5,713.0
AUS__CAF,AUS,CAF,0.0,0.0,0,0.0,0.0,0.0,,0.0,,1948,2021,13800.5,687.0
AUS__CAN,AUS,CAN,0.0,0.0,0,1.0,1.0,1.0,,0.0,,1948,2021,15912.5,701.0
AUS__CHL,AUS,CHL,0.0,0.0,0,0.0,0.0,0.0,,0.0,,1948,2021,11334.5,71.0
AUS__CHN,AUS,CHN,0.0,0.0,0,0.0,0.0,0.0,,0.0,,1948,2021,7938.5,171.0
AUS__CIV,AUS,CIV,0.0,0.0,0,0.0,0.0,0.0,,0.0,,1948,2021,15596.0,710.0
AUS__CMR,AUS,CMR,0.0,0.0,0,0.0,1.0,1.0,,0.0,,1948,2021,14416.5,863.0
AUS__COD,AUS,COD,0.0,0.0,0,0.0,0.0,0.0,,0.0,,1948,2021,13395.0,710.0
AUS__COG,AUS,COG,0.0,0.0,0,0.0,0.0,0.0,,0.0,,1948,2021,13402.0,710.0
AUS__COL,AUS,COL,0.0,0.0,0,0.0,0.0,0.0,,0.0,,1948,2021,14476.0,280.0
AUS__COM,AUS,COM,0.0,0.0,0,0.0,0.0,0.0,,0.0,,1948,2021,10564.5,673.0
AUS__CPV,AUS,CPV,0.0,0.0,0,0.0,0.0,0.0,,0.0,,1948,2021,17534.5,611.0
AUS__CRI,AUS,CRI,0.0,0.0,0,0.0,0.0,0.0,,0.0,,1948,2021,14028.5,425.0
AUS__CUB,AUS,CUB,0.0,0.0,0,0.0,0.0,0.0,,0.0,,1948,2021,14980.0,546.0
AUS__CYP,AUS,CYP,0.0,0.0,0,1.0,0.0,0.0,,0.0,,1948,2021,14220.0,384.0
AUS__DEU,AUS,DEU,1.0,0.0,0,0.0,0.0,0.0,,0.0,,1948,2021,16026.5,123.0
AUS__DJI,AUS,DJI,0.0,0.0,0,0.0,0.0,0.0,,0.0,,1948,2021,12107.0,558.0
AUS__DMA,AUS,DMA,0.0,0.0,0,1.0,1.0,1.0,,0.0,,1948,2021,16290.5,261.0
AUS__DOM,AUS,DOM,0.0,0.0,0,0.0,0.0,0.0,,0.0,,1948,2021,15816.5,405.0
AUS__DZA,AUS,DZA,0.0,0.0,0,0.0,0.0,0.0,,0.0,,1948,2021,16897.5,457.0
AUS__ECU,AUS,ECU,0.0,0.0,0,0.0,0.0,0.0,,0.0,,1948,2021,13490.5,271.0
AUS__EGY,AUS,EGY,0.0,0.0,0,1.0,1.0,0.0,,0.0,,1948,2021,14188.5,453.0
AUS__ERI,AUS,ERI,0.0,0.0,0,1.0,1.0,1.0,,0.0,,1948,2021,12715.5,551.0
AUS__ESP,AUS,ESP,0.0,0.0,0,0.0,0.0,0.0,,0.0,,1948,2021,17435.5,505.0
AUS__ETH,AUS,ETH,0.0,0.0,0,0.0,0.0,1.0,,0.0,,1948,2021,12343.5,593.0
AUS__FJI,AUS,FJI,0.0,0.0,0,1.0,1.0,1.0,,0.0,,1948,2021,3567.5,697.0
AUS__FRA,AUS,FRA,0.0,0.0,0,0.0,0.0,0.0,,0.0,,1948,2021,16873.0,170.0
AUS__FSM,AUS,FSM,0.0,0.0,0,0.0,1.0,1.0,,0.0,,1948,2021,4855.5,565.0
AUS__GAB,AUS,GAB,0.0,0.0,0,0.0,0.0,0.0,,0.0,,1948,2021,14221.0,712.0
AUS__GBR,AUS,GBR,0.0,0.0,1,0.0,1.0,1.0,0.0,0.0,1948.0,1948,2021,16943.5,91.0
AUS__GEO,AUS,GEO,0.0,0.0,0,0.0,0.0,0.0,,0.0,,1948,2021,13546.0,258.0
AUS__GHA,AUS,GHA,0.0,0.0,0,1.0,1.0,1.0,,0.0,,1948,2021,15552.0,714.0
AUS__GIN,AUS,GIN,0.0,0.0,0,0.0,0.0,0.0,,0.0,,1948,2021,16563.0,686.0
AUS__GMB,AUS,GMB,0.0,0.0,0,1.0,1.0,1.0,,0.0,,1948,2021,17098.0,680.0
AUS__GNB,AUS,GNB,0.0,0.0,0,0.0,0.0,0.0,,0.0,,1948,2021,16888.0,682.0
AUS__GNQ,AUS,GNQ,0.0,0.0,0,0.0,0.0,0.0,,0.0,,1948,2021,14316.0,710.0
AUS__GRD,AUS,GRD,0.0,0.0,0,1.0,1.0,1.0,,0.0,,1948,2021,16009.0,218.0
AUS__GTM,AUS,GTM,0.0,0.0,0,0.0,0.0,0.0,,0.0,,1948,2021,13759.5,511.0
AUS__GUY,AUS,GUY,0.0,0.0,0,1.0,1.0,1.0,,0.0,,1948,2021,15811.5,97.0
AUS__HND,AUS,HND,0.0,0.0,0,0.0,0.0,0.0,,0.0,,1948,2021,14023.0,486.0
AUS__HTI,AUS,HTI,0.0,0.0,0,0.0,0.0,0.0,,0.0,,1948,2021,15609.5,427.0
AUS__IDN,AUS,IDN,0.0,0.0,0,0.0,0.0,0.0,,0.0,,1948,2021,5348.5,293.0
AUS__IND,AUS,IND,0.0,0.0,0,1.0,1.0,1.0,,0.0,,1948,2021,9770.0,1296.0
AUS__IRN,AUS,IRN,0.0,0.0,0,0.0,0.0,0.0,,0.0,,1948,2021,12749.5,301.0
AUS__IRQ,AUS,IRQ,0.0,0.0,0,1.0,0.0,0.0,,0.0,,1948,2021,13209.0,360.0
AUS__ISR,AUS,ISR,0.0,0.0,0,1.0,1.0,1.0,,0.0,,1948,2021,13970.5,415.0
AUS__ITA,AUS,ITA,0.0,0.0,0,0.0,0.0,0.0,,0.0,,1948,2021,16152.5,339.0
AUS__JAM,AUS,JAM,0.0,0.0,0,1.0,1.0,1.0,,0.0,,1948,2021,15187.0,456.0
AUS__JOR,AUS,JOR,0.0,0.0,0,1.0,1.0,0.0,,0.0,,1948,2021,13864.0,412.0
AUS__JPN,AUS,JPN,0.0,0.0,0,0.0,0.0,0.0,,0.0,,1948,2021,7974.5,363.0
AUS__KAZ,AUS,KAZ,0.0,0.0,0,0.0,0.0,0.0,,0.0,,1948,2021,11344.5,89.0
AUS__KEN,AUS,KEN,0.0,0.0,0,1.0,1.0,1.0,,0.0,,1948,2021,11836.5,653.0
AUS__KGZ,AUS,KGZ,0.0,0.0,0,0.0,0.0,0.0,,0.0,,1948,2021,11469.0,106.0
AUS__KHM,AUS,KHM,0.0,0.0,0,0.0,0.0,0.0,,0.0,,1948,2021,6947.5,141.0
AUS__KIR,AUS,KIR,0.0,0.0,0,1.0,1.0,1.0,,0.0,,1948,2021,4859.0,690.0
AUS__KNA,AUS,KNA,0.0,0.0,0,1.0,1.0,1.0,,0.0,,1948,2021,16332.5,309.0
AUS__KOR,AUS,KOR,0.0,0.0,0,0.0,1.0,0.0,,0.0,,1948,2021,8423.0,252.0
AUS__KWT,AUS,KWT,0.0,0.0,0,1.0,1.0,0.0,,0.0,,1948,2021,12705.5,385.0
AUS__LAO,AUS,LAO,0.0,0.0,0,0.0,0.0,0.0,,0.0,,1948,2021,7655.5,111.0
AUS__LBN,AUS,LBN,0.0,0.0,0,0.0,1.0,0.0,,0.0,,1948,2021,13988.5,391.0
AUS__LBR,AUS,LBR,0.0,0.0,0,0.0,1.0,1.0,,0.0,,1948,2021,16094.0,692.0
AUS__LBY,AUS,LBY,0.0,0.0,0,0.0,0.0,0.0,,0.0,,1948,2021,15900.5,491.0
AUS__LCA,AUS,LCA,0.0,0.0,0,1.0,1.0,1.0,,0.0,,1948,2021,16220.5,235.0
AUS__LKA,AUS,LKA,0.0,0.0,0,1.0,0.0,0.0,,0.0,,1948,2021,8550.0,394.0
AUS__LSO,AUS,LSO,0.0,0.0,0,1.0,1.0,1.0,,0.0,,1948,2021,10496.5,713.0
AUS__MAR,AUS,MAR,0.0,0.0,0,0.0,0.0,0.0,,0.0,,1948,2021,17788.5,559.0
AUS__MDG,AUS,MDG,0.0,0.0,0,0.0,0.0,0.0,,0.0,,1948,2021,9712.5,685.0
AUS__MDV,AUS,MDV,0.0,0.0,0,1.0,0.0,0.0,,0.0,,1948,2021,8912.0,456.0
AUS__MEX,AUS,MEX,0.0,0.0,0,0.0,0.0,0.0,,0.0,,1948,2021,13267.5,589.0
AUS__MHL,AUS,MHL,0.0,0.0,0,0.0,1.0,1.0,,0.0,,1948,2021,5342.5,669.0
AUS__MLI,AUS,MLI,0.0,0.0,0,0.0,0.0,0.0,,0.0,,1948,2021,16504.0,712.0
AUS__MMR,AUS,MMR,0.0,0.0,0,1.0,0.0,0.0,,0.0,,1948,2021,8001.0,182.0
AUS__MNG,AUS,MNG,0.0,0.0,0,0.0,0.0,0.0,,0.0,,1948,2021,10147.5,143.0
AUS__MOZ,AUS,MOZ,0.0,0.0,0,0.0,0.0,0.0,,0.0,,1948,2021,10405.5,713.0
AUS__MRT,AUS,MRT,0.0,0.0,0,0.0,0.0,0.0,,0.0,,1948,2021,17497.5,703.0
AUS__MUS,AUS,MUS,0.0,0.0,0,1.0,1.0,1.0,,0.0,,1948,2021,8783.5,667.0
AUS__MWI,AUS,MWI,0.0,0.0,0,1.0,1.0,1.0,,0.0,,1948,2021,11195.5,699.0
AUS__MYS,AUS,MYS,0.0,0.0,0,1.0,0.0,0.0,,0.0,,1948,2021,6451.0,316.0
AUS__NAM,AUS,NAM,0.0,0.0,0,0.0,1.0,1.0,,0.0,,1948,2021,11748.0,710.0
AUS__NER,AUS,NER,0.0,0.0,0,0.0,0.0,0.0,,0.0,,1948,2021,15821.5,703.0
AUS__NGA,AUS,NGA,0.0,0.0,0,1.0,1.0,1.0,,0.0,,1948,2021,15188.0,750.0
AUS__NIC,AUS,NIC,0.0,0.0,0,0.0,0.0,0.0,,0.0,,1948,2021,13984.0,462.0
AUS__NLD,AUS,NLD,0.0,0.0,0,0.0,0.0,0.0,,0.0,,1948,2021,16612.5,143.0
AUS__NPL,AUS,NPL,0.0,0.0,0,0.0,0.0,0.0,,0.0,,1948,2021,9640.5,177.0
AUS__NRU,AUS,NRU,0.0,1.0,1,1.0,1.0,1.0,0.0,0.0,1968.0,1948,2021,4369.5,663.0
AUS__NZL,AUS,NZL,0.0,0.0,0,1.0,1.0,1.0,,0.0,,1948,2021,2396.5,471.0
AUS__OMN,AUS,OMN,0.0,0.0,0,0.0,0.0,0.0,,0.0,,1948,2021,11472.5,385.0
AUS__PAK,AUS,PAK,0.0,0.0,0,1.0,1.0,1.0,,0.0,,1948,2021,10846.0,324.0
AUS__PAN,AUS,PAN,0.0,0.0,0,0.0,0.0,0.0,,0.0,,1948,2021,14355.5,379.0
AUS__PER,AUS,PER,0.0,0.0,0,0.0,0.0,0.0,,0.0,,1948,2021,12894.0,154.0
AUS__PHL,AUS,PHL,0.0,0.0,0,0.0,1.0,1.0,,0.0,,1948,2021,6285.0,72.0
AUS__PLW,AUS,PLW,0.0,0.0,0,1.0,1.0,1.0,,0.0,,1948,2021,5003.5,225.0
AUS__PNG,AUS,PNG,0.0,1.0,1,1.0,1.0,1.0,0.0,0.0,1975.0,1948,2021,2943.0,414.0
AUS__PRK,AUS,PRK,0.0,0.0,0,0.0,0.0,0.0,,0.0,,1948,2021,8610.5,245.0
AUS__PRT,AUS,PRT,0.0,0.0,0,0.0,0.0,0.0,,0.0,,1948,2021,17972.5,419.0
AUS__PRY,AUS,PRY,0.0,0.0,0,0.0,0.0,0.0,,0.0,,1948,2021,12708.5,153.0
AUS__QAT,AUS,QAT,0.0,0.0,0,1.0,0.0,0.0,,0.0,,1948,2021,12185.0,406.0
AUS__RWA,AUS,RWA,0.0,0.0,0,0.0,1.0,1.0,,0.0,,1948,2021,12375.0,676.0
AUS__SAU,AUS,SAU,0.0,0.0,0,0.0,0.0,0.0,,0.0,,1948,2021,12789.5,895.0
AUS__SDN,AUS,SDN,0.0,0.0,0,1.0,0.0,0.0,,0.0,,1948,2021,13306.0,578.0
AUS__SEN,AUS,SEN,0.0,0.0,0,0.0,0.0,0.0,,0.0,,1948,2021,17258.0,680.0
AUS__SGP,AUS,SGP,0.0,0.0,0,1.0,1.0,1.0,,0.0,,1948,2021,6170.0,246.0
AUS__SLB,AUS,SLB,0.0,0.0,0,1.0,0.0,1.0,,0.0,,1948,2021,3167.5,635.0
AUS__SLE,AUS,SLE,0.0,0.0,0,1.0,1.0,1.0,,0.0,,1948,2021,16435.5,685.0
AUS__SLV,AUS,SLV,0.0,0.0,0,0.0,0.0,0.0,,0.0,,1948,2021,13822.5,495.0
AUS__SOM,AUS,SOM,0.0,0.0,0,1.0,0.0,1.0,,0.0,,1948,2021,11300.5,607.0
AUS__SSD,AUS,SSD,0.0,0.0,0,0.0,0.0,0.0,,0.0,,1948,2021,12712.0,644.0
AUS__STP,AUS,STP,0.0,0.0,0,0.0,0.0,0.0,,0.0,,1948,2021,14418.0,714.0
AUS__SUR,AUS,SUR,0.0,0.0,0,0.0,0.0,0.0,,0.0,,1948,2021,15909.5,35.0
AUS__SWZ,AUS,SWZ,0.0,0.0,0,1.0,0.0,1.0,,0.0,,1948,2021,10474.5,713.0
AUS__SYC,AUS,SYC,0.0,0.0,0,1.0,1.0,1.0,,0.0,,1948,2021,9959.0,602.0
AUS__SYR,AUS,SYR,0.0,0.0,0,0.0,0.0,0.0,,0.0,,1948,2021,13913.0,416.0
AUS__TCD,AUS,TCD,0.0,0.0,0,0.0,0.0,0.0,,0.0,,1948,2021,14643.5,669.0
AUS__TGO,AUS,TGO,0.0,0.0,0,0.0,0.0,0.0,,0.0,,1948,2021,15304.0,714.0
AUS__THA,AUS,THA,0.0,0.0,0,0.0,0.0,0.0,,0.0,,1948,2021,7435.5,167.0
AUS__TJK,AUS,TJK,0.0,0.0,0,0.0,0.0,0.0,,0.0,,1948,2021,11588.0,182.0
AUS__TKM,AUS,TKM,0.0,0.0,0,0.0,0.0,0.0,,0.0,,1948,2021,12323.5,243.0
AUS__TLS,AUS,TLS,0.0,0.0,0,0.0,0.0,0.0,,0.0,,1948,2021,3811.5,59.0
AUS__TON,AUS,TON,0.0,0.0,0,1.0,0.0,1.0,,0.0,,1948,2021,3913.0,656.0
AUS__TTO,AUS,TTO,0.0,0.0,0,1.0,1.0,1.0,,0.0,,1948,2021,15913.0,196.0
AUS__TUN,AUS,TUN,0.0,0.0,0,0.0,0.0,0.0,,0.0,,1948,2021,16274.0,438.0
AUS__TUR,AUS,TUR,0.0,0.0,0,0.0,0.0,0.0,,0.0,,1948,2021,14784.5,319.0
AUS__TUV,AUS,TUV,0.0,0.0,0,1.0,0.0,0.0,,0.0,,1948,2021,4369.5,713.0
AUS__TWN,AUS,TWN,0.0,0.0,0,0.0,0.0,0.0,,0.0,,1948,2021,7306.0,140.0
AUS__TZA,AUS,TZA,0.0,0.0,0,1.0,0.0,1.0,,0.0,,1948,2021,11242.5,667.0
AUS__UGA,AUS,UGA,0.0,0.0,0,1.0,1.0,1.0,,0.0,,1948,2021,12316.0,660.0
AUS__URY,AUS,URY,0.0,0.0,0,0.0,0.0,0.0,,0.0,,1948,2021,11778.0,212.0
AUS__USA,AUS,USA,0.0,0.0,0,1.0,1.0,1.0,,0.0,,1948,2021,16330.0,684.0
AUS__UZB,AUS,UZB,0.0,0.0,0,0.0,0.0,0.0,,0.0,,1948,2021,11728.0,152.0
AUS__VCT,AUS,VCT,0.0,0.0,0,1.0,1.0,1.0,,0.0,,1948,2021,16136.0,226.0
AUS__VEN,AUS,VEN,0.0,0.0,0,0.0,0.0,0.0,,0.0,,1948,2021,15495.0,266.0
AUS__VNM,AUS,VNM,0.0,0.0,0,0.0,0.0,0.0,,0.0,,1948,2021,6759.0,130.0
AUS__VUT,AUS,VUT,0.0,0.0,0,1.0,1.0,1.0,,0.0,,1948,2021,2827.5,713.0
AUS__WSM,AUS,WSM,0.0,0.0,0,0.0,1.0,1.0,,0.0,,1948,2021,4681.5,683.0
AUS__YEM,AUS,YEM,0.0,0.0,0,1.0,0.0,0.0,,0.0,,1948,2021,12283.5,611.0
AUS__ZAF,AUS,ZAF,0.0,0.0,0,1.0,1.0,1.0,,0.0,,1948,2021,10704.0,714.0
AUS__ZMB,AUS,ZMB,0.0,0.0,0,1.0,1.0,1.0,,0.0,,1948,2021,11626.0,910.0
AUS__ZWE,AUS,ZWE,0.0,0.0,0,1.0,1.0,1.0,,0.0,,1948,2021,11126.0,708.0
AZE__BDI,AZE,BDI,0.0,0.0,0,0.0,0.0,0.0,,0.0,,1948,2021,5278.0,0.0
AZE__BEL,AZE,BEL,0.0,0.0,0,0.0,0.0,0.0,,0.0,,1948,2021,3672.0,0.0
AZE__BEN,AZE,BEN,0.0,0.0,0,0.0,0.0,0.0,,0.0,,1948,2021,6034.0,2.0
AZE__BFA,AZE,BFA,0.0,0.0,0,0.0,0.0,0.0,,0.0,,1948,2021,5889.0,0.0
AZE__BGD,AZE,BGD,0.0,0.0,0,0.0,0.0,0.0,,0.0,,1948,2021,4202.0,0.0
AZE__BHR,AZE,BHR,0.0,0.0,0,0.0,0.0,0.0,,0.0,,1948,2021,1572.0,0.0
AZE__BHS,AZE,BHS,0.0,0.0,0,0.0,0.0,0.0,,0.0,,1948,2021,10943.0,0.0
AZE__BLZ,AZE,BLZ,0.0,0.0,0,0.0,0.0,0.0,,0.0,,1948,2021,12332.0,0.0
AZE__BOL,AZE,BOL,0.0,0.0,0,0.0,0.0,0.0,,0.0,,1948,2021,13548.0,0.0
AZE__BRA,AZE,BRA,0.0,0.0,0,0.0,0.0,0.0,,0.0,,1948,2021,12199.0,0.0
AZE__BRB,AZE,BRB,0.0,0.0,0,0.0,0.0,0.0,,0.0,,1948,2021,10666.0,0.0
AZE__BRN,AZE,BRN,0.0,0.0,0,0.0,0.0,0.0,,0.0,,1948,2021,7554.0,0.0
AZE__BTN,AZE,BTN,0.0,0.0,0,0.0,0.0,0.0,,0.0,,1948,2021,3905.0,0.0
AZE__BWA,AZE,BWA,0.0,0.0,0,0.0,0.0,0.0,,0.0,,1948,2021,7616.0,0.0
AZE__CAF,AZE,CAF,0.0,0.0,0,0.0,0.0,0.0,,0.0,,1948,2021,5076.0,0.0
AZE__CAN,AZE,CAN,0.0,0.0,0,0.0,0.0,0.0,,0.0,,1948,2021,9402.0,0.0
AZE__CHL,AZE,CHL,0.0,0.0,0,0.0,0.0,0.0,,0.0,,1948,2021,14768.0,0.0
AZE__CHN,AZE,CHN,0.0,0.0,0,0.0,0.0,0.0,,0.0,,1948,2021,6373.0,0.0
AZE__CIV,AZE,CIV,0.0,0.0,0,0.0,0.0,0.0,,0.0,,1948,2021,6618.0,0.0
AZE__CMR,AZE,CMR,0.0,0.0,0,0.0,0.0,0.0,,0.0,,1948,2021,5634.5,111.0
AZE__COD,AZE,COD,0.0,0.0,0,0.0,0.0,0.0,,0.0,,1948,2021,6079.0,0.0
AZE__COG,AZE,COG,0.0,0.0,0,0.0,0.0,0.0,,0.0,,1948,2021,6075.0,0.0
AZE__COL,AZE,COL,0.0,0.0,0,0.0,0.0,0.0,,0.0,,1948,2021,12449.0,0.0
AZE__COM,AZE,COM,0.0,0.0,0,0.0,0.0,0.0,,0.0,,1948,2021,5806.0,0.0
AZE__CPV,AZE,CPV,0.0,0.0,0,0.0,0.0,0.0,,0.0,,1948,2021,7552.0,0.0
AZE__CRI,AZE,CRI,0.0,0.0,0,0.0,0.0,0.0,,0.0,,1948,2021,12709.0,0.0
AZE__CUB,AZE,CUB,0.0,0.0,0,0.0,0.0,0.0,,0.0,,1948,2021,11420.0,0.0
AZE__CYP,AZE,CYP,0.0,0.0,0,0.0,0.0,0.0,,0.0,,1948,2021,1564.0,0.0
AZE__DEU,AZE,DEU,0.0,0.0,0,0.0,0.0,0.0,,0.0,,1948,2021,3068.0,0.0
AZE__DJI,AZE,DJI,0.0,0.0,0,0.0,0.0,0.0,,0.0,,1948,2021,3258.0,0.0
AZE__DMA,AZE,DMA,0.0,0.0,0,0.0,0.0,0.0,,0.0,,1948,2021,10633.0,0.0
AZE__DOM,AZE,DOM,0.0,0.0,0,0.0,0.0,0.0,,0.0,,1948,2021,11007.0,0.0
AZE__DZA,AZE,DZA,0.0,0.0,0,0.0,0.0,0.0,,0.0,,1948,2021,4055.0,0.0
AZE__ECU,AZE,ECU,0.0,0.0,0,0.0,0.0,0.0,,0.0,,1948,2021,13439.0,0.0
AZE__EGY,AZE,EGY,0.0,0.0,0,0.0,0.0,0.0,,0.0,,1948,2021,2043.0,0.0
AZE__ERI,AZE,ERI,0.0,0.0,0,0.0,0.0,0.0,,0.0,,1948,2021,2972.0,0.0
AZE__ESP,AZE,ESP,0.0,0.0,0,0.0,0.0,0.0,,0.0,,1948,2021,4477.0,0.0
AZE__ETH,AZE,ETH,0.0,0.0,0,0.0,0.0,0.0,,0.0,,1948,2021,3645.0,0.0
AZE__FJI,AZE,FJI,0.0,0.0,0,0.0,0.0,0.0,,0.0,,1948,2021,14542.0,0.0
AZE__FRA,AZE,FRA,0.0,0.0,0,0.0,0.0,0.0,,0.0,,1948,2021,3823.0,0.0
AZE__FSM,AZE,FSM,0.0,0.0,0,0.0,0.0,0.0,,0.0,,1948,2021,11036.0,0.0
AZE__GAB,AZE,GAB,0.0,0.0,0,0.0,0.0,0.0,,0.0,,1948,2021,6024.0,0.0
AZE__GBR,AZE,GBR,0.0,0.0,0,0.0,0.0,0.0,,0.0,,1948,2021,3984.0,0.0
AZE__GEO,AZE,GEO,1.0,0.0,0,1.0,0.0,0.0,,0.0,,1948,2021,450.0,0.0
AZE__GHA,AZE,GHA,0.0,0.0,0,0.0,0.0,0.0,,0.0,,1948,2021,6312.5,23.0
AZE__GIN,AZE,GIN,0.0,0.0,0,0.0,0.0,0.0,,0.0,,1948,2021,7091.0,0.0
AZE__GMB,AZE,GMB,0.0,0.0,0,0.0,0.0,0.0,,0.0,,1948,2021,7073.0,0.0
AZE__GNB,AZE,GNB,0.0,0.0,0,0.0,0.0,0.0,,0.0,,1948,2021,7093.0,0.0
AZE__GNQ,AZE,GNQ,0.0,0.0,0,0.0,0.0,0.0,,0.0,,1948,2021,5874.0,0.0
AZE__GRD,AZE,GRD,0.0,0.0,0,0.0,0.0,0.0,,0.0,,1948,2021,10912.0,0.0
AZE__GTM,AZE,GTM,0.0,0.0,0,0.0,0.0,0.0,,0.0,,1948,2021,12679.0,0.0
AZE__GUY,AZE,GUY,0.0,0.0,0,0.0,0.0,0.0,,0.0,,1948,2021,11027.0,0.0
AZE__HND,AZE,HND,0.0,0.0,0,0.0,0.0,0.0,,0.0,,1948,2021,12533.0,0.0
AZE__HTI,AZE,HTI,0.0,0.0,0,0.0,0.0,0.0,,0.0,,1948,2021,11173.0,0.0
AZE__IDN,AZE,IDN,0.0,0.0,0,0.0,0.0,0.0,,0.0,,1948,2021,7769.0,0.0
AZE__IND,AZE,IND,0.0,0.0,0,0.0,0.0,0.0,,0.0,,1948,2021,3016.5,415.0
AZE__IRN,AZE,IRN,1.0,0.0,0,0.0,1.0,0.0,,0.0,,1948,2021,537.0,0.0
AZE__IRQ,AZE,IRQ,0.0,0.0,0,0.0,0.0,0.0,,0.0,,1948,2021,921.0,0.0
AZE__ISR,AZE,ISR,0.0,0.0,0,0.0,0.0,0.0,,0.0,,1948,2021,1637.0,0.0
AZE__ITA,AZE,ITA,0.0,0.0,0,0.0,0.0,0.0,,0.0,,1948,2021,3121.0,0.0
AZE__JAM,AZE,JAM,0.0,0.0,0,0.0,0.0,0.0,,0.0,,1948,2021,11521.0,0.0
AZE__JOR,AZE,JOR,0.0,0.0,0,0.0,0.0,0.0,,0.0,,1948,2021,1561.0,0.0
AZE__JPN,AZE,JPN,0.0,0.0,0,0.0,0.0,0.0,,0.0,,1948,2021,7541.0,0.0
AZE__KAZ,AZE,KAZ,1.0,0.0,0,1.0,0.0,0.0,,1.0,,1948,2021,2257.0,0.0
AZE__KEN,AZE,KEN,0.0,0.0,0,0.0,0.0,0.0,,0.0,,1948,2021,4801.0,0.0
AZE__KGZ,AZE,KGZ,0.0,0.0,0,1.0,0.0,0.0,,1.0,,1948,2021,2069.0,0.0
AZE__KHM,AZE,KHM,0.0,0.0,0,0.0,0.0,0.0,,0.0,,1948,2021,6241.0,0.0
AZE__KIR,AZE,KIR,0.0,0.0,0,0.0,0.0,0.0,,0.0,,1948,2021,12645.0,0.0
AZE__KNA,AZE,KNA,0.0,0.0,0,0.0,0.0,0.0,,0.0,,1948,2021,10579.0,0.0
AZE__KOR,AZE,KOR,0.0,0.0,0,0.0,0.0,0.0,,0.0,,1948,2021,6465.0,0.0
AZE__KWT,AZE,KWT,0.0,0.0,0,0.0,0.0,0.0,,0.0,,1948,2021,1234.0,0.0
AZE__LAO,AZE,LAO,0.0,0.0,0,0.0,0.0,0.0,,0.0,,1948,2021,5597.0,0.0
AZE__LBN,AZE,LBN,0.0,0.0,0,0.0,0.0,0.0,,0.0,,1948,2021,1466.0,0.0
AZE__LBR,AZE,LBR,0.0,0.0,0,0.0,0.0,0.0,,0.0,,1948,2021,7093.0,0.0
AZE__LBY,AZE,LBY,0.0,0.0,0,0.0,0.0,0.0,,0.0,,1948,2021,3361.0,0.0
AZE__LCA,AZE,LCA,0.0,0.0,0,0.0,0.0,0.0,,0.0,,1948,2021,10703.0,0.0
AZE__LKA,AZE,LKA,0.0,0.0,0,0.0,0.0,0.0,,0.0,,1948,2021,4755.0,0.0
AZE__LSO,AZE,LSO,0.0,0.0,0,0.0,0.0,0.0,,0.0,,1948,2021,8056.0,0.0
AZE__MAR,AZE,MAR,0.0,0.0,0,0.0,0.0,0.0,,0.0,,1948,2021,5085.0,0.0
AZE__MDG,AZE,MDG,0.0,0.0,0,0.0,0.0,0.0,,0.0,,1948,2021,6568.0,0.0
AZE__MDV,AZE,MDV,0.0,0.0,0,0.0,0.0,0.0,,0.0,,1948,2021,4657.0,0.0
AZE__MEX,AZE,MEX,0.0,0.0,0,0.0,0.0,0.0,,0.0,,1948,2021,12652.0,0.0
AZE__MHL,AZE,MHL,0.0,0.0,0,0.0,0.0,0.0,,0.0,,1948,2021,12061.0,0.0
AZE__MLI,AZE,MLI,0.0,0.0,0,0.0,0.0,0.0,,0.0,,1948,2021,6400.0,0.0
AZE__MMR,AZE,MMR,0.0,0.0,0,0.0,0.0,0.0,,0.0,,1948,2021,5146.0,0.0
AZE__MNG,AZE,MNG,0.0,0.0,0,0.0,0.0,0.0,,0.0,,1948,2021,4530.0,0.0
AZE__MOZ,AZE,MOZ,0.0,0.0,0,0.0,0.0,0.0,,0.0,,1948,2021,7561.5,3.0
AZE__MRT,AZE,MRT,0.0,0.0,0,0.0,0.0,0.0,,0.0,,1948,2021,6701.0,0.0
AZE__MUS,AZE,MUS,0.0,0.0,0,0.0,0.0,0.0,,0.0,,1948,2021,6748.0,0.0
AZE__MWI,AZE,MWI,0.0,0.0,0,0.0,0.0,0.0,,0.0,,1948,2021,6323.5,163.0
AZE__MYS,AZE,MYS,0.0,0.0,0,0.0,0.0,0.0,,0.0,,1948,2021,6624.0,0.0
AZE__NAM,AZE,NAM,0.0,0.0,0,0.0,0.0,0.0,,0.0,,1948,2021,7753.0,0.0
AZE__NER,AZE,NER,0.0,0.0,0,0.0,0.0,0.0,,0.0,,1948,2021,5509.0,0.0
AZE__NGA,AZE,NGA,0.0,0.0,0,0.0,0.0,0.0,,0.0,,1948,2021,5953.0,0.0
AZE__NIC,AZE,NIC,0.0,0.0,0,0.0,0.0,0.0,,0.0,,1948,2021,12651.0,0.0
AZE__NLD,AZE,NLD,0.0,0.0,0,0.0,0.0,0.0,,0.0,,1948,2021,3653.0,26.0
AZE__NPL,AZE,NPL,0.0,0.0,0,0.0,0.0,0.0,,0.0,,1948,2021,3531.0,0.0
AZE__NRU,AZE,NRU,0.0,0.0,0,0.0,0.0,0.0,,0.0,,1948,2021,12308.0,0.0
AZE__NZL,AZE,NZL,0.0,0.0,0,0.0,0.0,0.0,,0.0,,1948,2021,15284.0,0.0
AZE__OMN,AZE,OMN,0.0,0.0,0,0.0,0.0,0.0,,0.0,,1948,2021,2030.0,0.0
AZE__PAK,AZE,PAK,0.0,0.0,0,0.0,0.0,0.0,,0.0,,1948,2021,2346.0,0.0
AZE__PAN,AZE,PAN,0.0,0.0,0,0.0,0.0,0.0,,0.0,,1948,2021,12480.0,0.0
AZE__PER,AZE,PER,0.0,0.0,0,0.0,0.0,0.0,,0.0,,1948,2021,13975.0,0.0
AZE__PHL,AZE,PHL,0.0,0.0,0,0.0,0.0,0.0,,0.0,,1948,2021,7378.0,0.0
AZE__PLW,AZE,PLW,0.0,0.0,0,0.0,0.0,0.0,,0.0,,1948,2021,9029.5,1.0
AZE__PNG,AZE,PNG,0.0,0.0,0,0.0,0.0,0.0,,0.0,,1948,2021,11302.0,0.0
AZE__PRK,AZE,PRK,0.0,0.0,0,0.0,0.0,0.0,,0.0,,1948,2021,6294.0,0.0
AZE__PRT,AZE,PRT,0.0,0.0,0,0.0,0.0,0.0,,0.0,,1948,2021,4980.0,0.0
AZE__PRY,AZE,PRY,0.0,0.0,0,0.0,0.0,0.0,,0.0,,1948,2021,13224.0,0.0
AZE__QAT,AZE,QAT,0.0,0.0,0,0.0,0.0,0.0,,0.0,,1948,2021,1680.5,3.0
AZE__RWA,AZE,RWA,0.0,0.0,0,0.0,0.0,0.0,,0.0,,1948,2021,5103.0,0.0
AZE__SAU,AZE,SAU,0.0,0.0,0,0.0,0.0,0.0,,0.0,,1948,2021,1765.0,0.0
AZE__SDN,AZE,SDN,0.0,0.0,0,0.0,0.0,0.0,,0.0,,1948,2021,3225.0,0.0
AZE__SEN,AZE,SEN,0.0,0.0,0,0.0,0.0,0.0,,0.0,,1948,2021,7053.0,0.0
AZE__SGP,AZE,SGP,0.0,0.0,0,0.0,0.0,0.0,,0.0,,1948,2021,6939.0,0.0
AZE__SLB,AZE,SLB,0.0,0.0,0,0.0,0.0,0.0,,0.0,,1948,2021,12384.0,0.0
AZE__SLE,AZE,SLE,0.0,0.0,0,0.0,0.0,0.0,,0.0,,1948,2021,7134.0,0.0
AZE__SLV,AZE,SLV,0.0,0.0,0,0.0,0.0,0.0,,0.0,,1948,2021,12687.0,0.0
AZE__SOM,AZE,SOM,0.0,0.0,0,0.0,0.0,0.0,,0.0,,1948,2021,4270.0,0.0
AZE__SSD,AZE,SSD,0.0,0.0,0,0.0,0.0,0.0,,0.0,,1948,2021,4341.0,0.0
AZE__STP,AZE,STP,0.0,0.0,0,0.0,0.0,0.0,,0.0,,1948,2021,6217.0,0.0
AZE__SUR,AZE,SUR,0.0,0.0,0,0.0,0.0,0.0,,0.0,,1948,2021,10852.0,0.0
AZE__SWZ,AZE,SWZ,0.0,0.0,0,0.0,0.0,0.0,,0.0,,1948,2021,7635.0,0.0
AZE__SYC,AZE,SYC,0.0,0.0,0,0.0,0.0,0.0,,0.0,,1948,2021,5014.0,0.0
AZE__SYR,AZE,SYR,0.0,0.0,0,0.0,0.0,0.0,,0.0,,1948,2021,1316.5,223.0
AZE__TCD,AZE,TCD,0.0,0.0,0,0.0,0.0,0.0,,0.0,,1948,2021,4629.0,0.0
AZE__TGO,AZE,TGO,0.0,0.0,0,0.0,0.0,0.0,,0.0,,1948,2021,6146.0,0.0
AZE__THA,AZE,THA,0.0,0.0,0,0.0,0.0,0.0,,0.0,,1948,2021,5724.0,0.0
AZE__TJK,AZE,TJK,0.0,0.0,0,1.0,0.0,0.0,,1.0,,1948,2021,1635.0,0.0
AZE__TKM,AZE,TKM,1.0,0.0,0,1.0,0.0,0.0,,1.0,,1948,2021,781.0,0.0
AZE__TLS,AZE,TLS,0.0,0.0,0,0.0,0.0,0.0,,0.0,,1948,2021,9429.0,0.0
AZE__TON,AZE,TON,0.0,0.0,0,0.0,0.0,0.0,,0.0,,1948,2021,15273.0,0.0
AZE__TTO,AZE,TTO,0.0,0.0,0,0.0,0.0,0.0,,0.0,,1948,2021,11002.0,0.0
AZE__TUN,AZE,TUN,0.0,0.0,0,0.0,0.0,0.0,,0.0,,1948,2021,3454.0,0.0
AZE__TUR,AZE,TUR,1.0,0.0,0,0.0,0.0,0.0,,0.0,,1948,2021,1767.0,0.0
AZE__TUV,AZE,TUV,0.0,0.0,0,0.0,0.0,0.0,,0.0,,1948,2021,13903.0,0.0
AZE__TWN,AZE,TWN,0.0,0.0,0,0.0,0.0,0.0,,0.0,,1948,2021,6741.0,0.0
AZE__TZA,AZE,TZA,0.0,0.0,0,0.0,0.0,0.0,,0.0,,1948,2021,5338.0,0.0
AZE__UGA,AZE,UGA,0.0,0.0,0,0.0,0.0,0.0,,0.0,,1948,2021,4770.0,0.0
AZE__URY,AZE,URY,0.0,0.0,0,0.0,0.0,0.0,,0.0,,1948,2021,13656.0,0.0
AZE__USA,AZE,USA,0.0,0.0,0,0.0,0.0,0.0,,0.0,,1948,2021,9389.0,0.0
AZE__UZB,AZE,UZB,0.0,0.0,0,1.0,0.0,0.0,,1.0,,1948,2021,1630.0,0.0
AZE__VCT,AZE,VCT,0.0,0.0,0,0.0,0.0,0.0,,0.0,,1948,2021,10787.0,0.0
AZE__VEN,AZE,VEN,0.0,0.0,0,0.0,0.0,0.0,,0.0,,1948,2021,11431.0,0.0
AZE__VNM,AZE,VNM,0.0,0.0,0,0.0,0.0,0.0,,0.0,,1948,2021,6444.0,0.0
AZE__VUT,AZE,VUT,0.0,0.0,0,0.0,0.0,0.0,,0.0,,1948,2021,13664.0,0.0
AZE__WSM,AZE,WSM,0.0,0.0,0,0.0,0.0,0.0,,0.0,,1948,2021,15020.0,0.0
AZE__YEM,AZE,YEM,0.0,0.0,0,0.0,0.0,0.0,,0.0,,1948,2021,2828.0,0.0
AZE__ZAF,AZE,ZAF,0.0,0.0,0,0.0,0.0,0.0,,0.0,,1948,2021,8274.5,1129.0
AZE__ZMB,AZE,ZMB,0.0,0.0,0,0.0,0.0,0.0,,0.0,,1948,2021,6569.0,0.0
AZE__ZWE,AZE,ZWE,0.0,0.0,0,0.0,0.0,0.0,,0.0,,1948,2021,6733.0,0.0
BDI__BEL,BDI,BEL,0.0,1.0,1,0.0,1.0,1.0,0.0,0.0,1962.0,1948,2021,6465.0,0.0
BDI__BEN,BDI,BEN,0.0,0.0,0,0.0,1.0,1.0,,0.0,,1948,2021,3188.0,10.0
BDI__BFA,BDI,BFA,0.0,0.0,0,0.0,1.0,1.0,,0.0,,1948,2021,3948.5,225.0
BDI__BGD,BDI,BGD,0.0,0.0,0,0.0,0.0,0.0,,0.0,,1948,2021,7256.0,0.0
BDI__BHR,BDI,BHR,0.0,0.0,0,0.0,0.0,0.0,,0.0,,1948,2021,3994.0,0.0
BDI__BHS,BDI,BHS,0.0,0.0,0,0.0,0.0,0.0,,0.0,,1948,2021,11858.0,0.0
BDI__BLZ,BDI,BLZ,0.0,0.0,0,0.0,0.0,0.0,,0.0,,1948,2021,13116.0,0.0
BDI__BOL,BDI,BOL,0.0,0.0,0,0.0,0.0,0.0,,0.0,,1948,2021,10711.0,0.0
BDI__BRA,BDI,BRA,0.0,0.0,0,0.0,0.0,0.0,,0.0,,1948,2021,8261.0,354.0
BDI__BRB,BDI,BRB,0.0,0.0,0,0.0,0.0,0.0,,0.0,,1948,2021,9992.0,0.0
BDI__BRN,BDI,BRN,0.0,0.0,0,0.0,0.0,0.0,,0.0,,1948,2021,9562.0,0.0
BDI__BTN,BDI,BTN,0.0,0.0,0,0.0,0.0,0.0,,0.0,,1948,2021,7302.0,0.0
BDI__BWA,BDI,BWA,0.0,0.0,0,0.0,0.0,0.0,,0.0,,1948,2021,2383.0,0.0
BDI__CAF,BDI,CAF,0.0,0.0,0,0.0,1.0,1.0,,0.0,,1948,2021,1476.0,0.0
BDI__CAN,BDI,CAN,0.0,0.0,0,0.0,1.0,1.0,,0.0,,1948,2021,11531.0,488.0
BDI__CHL,BDI,CHL,0.0,0.0,0,0.0,0.0,0.0,,0.0,,1948,2021,10734.0,0.0
BDI__CHN,BDI,CHN,0.0,0.0,0,0.0,0.0,0.0,,0.0,,1948,2021,10407.0,0.0
BDI__CIV,BDI,CIV,0.0,0.0,0,0.0,1.0,1.0,,0.0,,1948,2021,3836.0,0.0
BDI__CMR,BDI,CMR,0.0,0.0,0,0.0,1.0,1.0,,0.0,,1948,2021,2238.5,195.0
BDI__COD,BDI,COD,1.0,0.0,0,0.0,1.0,1.0,,1.0,,1948,2021,1564.0,0.0
BDI__COG,BDI,COG,0.0,0.0,0,0.0,1.0,1.0,,0.0,,1948,2021,1567.0,0.0
BDI__COL,BDI,COL,0.0,0.0,0,0.0,0.0,0.0,,0.0,,1948,2021,11539.0,0.0
BDI__COM,BDI,COM,0.0,0.0,0,0.0,1.0,1.0,,0.0,,1948,2021,1787.0,0.0
BDI__CPV,BDI,CPV,0.0,0.0,0,0.0,0.0,0.0,,0.0,,1948,2021,6169.0,0.0
BDI__CRI,BDI,CRI,0.0,0.0,0,0.0,0.0,0.0,,0.0,,1948,2021,12652.0,0.0
BDI__CUB,BDI,CUB,0.0,0.0,0,0.0,0.0,0.0,,0.0,,1948,2021,12387.0,0.0
BDI__CYP,BDI,CYP,0.0,0.0,0,0.0,0.0,0.0,,0.0,,1948,2021,4287.0,0.0
BDI__DEU,BDI,DEU,0.0,0.0,1,0.0,0.0,0.0,,0.0,1918.0,1948,2021,6375.0,0.0
BDI__DJI,BDI,DJI,0.0,0.0,0,0.0,1.0,1.0,,0.0,,1948,2021,2251.0,0.0
BDI__DMA,BDI,DMA,0.0,0.0,0,0.0,0.0,1.0,,0.0,,1948,2021,10197.0,0.0
BDI__DOM,BDI,DOM,0.0,0.0,0,0.0,0.0,0.0,,0.0,,1948,2021,11113.0,0.0
BDI__DZA,BDI,DZA,0.0,0.0,0,0.0,1.0,1.0,,0.0,,1948,2021,5215.0,0.0
BDI__ECU,BDI,ECU,0.0,0.0,0,0.0,0.0,0.0,,0.0,,1948,2021,12143.0,0.0
BDI__EGY,BDI,EGY,0.0,0.0,0,0.0,0.0,0.0,,0.0,,1948,2021,3704.0,0.0
BDI__ERI,BDI,ERI,0.0,0.0,0,0.0,0.0,0.0,,0.0,,1948,2021,2323.0,0.0
BDI__ESP,BDI,ESP,0.0,0.0,0,0.0,0.0,0.0,,0.0,,1948,2021,5788.5,231.0
BDI__ETH,BDI,ETH,0.0,0.0,0,0.0,0.0,0.0,,0.0,,1948,2021,1722.0,0.0
BDI__FJI,BDI,FJI,0.0,0.0,0,0.0,0.0,0.0,,0.0,,1948,2021,15882.0,0.0
BDI__FRA,BDI,FRA,0.0,0.0,0,0.0,1.0,1.0,,0.0,,1948,2021,6350.0,0.0
BDI__FSM,BDI,FSM,0.0,0.0,0,1.0,0.0,0.0,,0.0,,1948,2021,14349.0,0.0
BDI__GAB,BDI,GAB,0.0,0.0,0,0.0,1.0,1.0,,0.0,,1948,2021,2254.0,0.0
BDI__GBR,BDI,GBR,0.0,0.0,0,0.0,0.0,0.0,,0.0,,1948,2021,6694.0,0.0
BDI__GEO,BDI,GEO,0.0,0.0,0,0.0,0.0,0.0,,0.0,,1948,2021,5232.0,0.0
BDI__GHA,BDI,GHA,0.0,0.0,0,0.0,0.0,0.0,,0.0,,1948,2021,3525.5,187.0
BDI__GIN,BDI,GIN,0.0,0.0,0,0.0,1.0,1.0,,0.0,,1948,2021,4981.0,0.0
BDI__GMB,BDI,GMB,0.0,0.0,0,0.0,0.0,0.0,,0.0,,1948,2021,5416.0,0.0
BDI__GNB,BDI,GNB,0.0,0.0,0,0.0,0.0,0.0,,0.0,,1948,2021,5254.0,0.0
BDI__GNQ,BDI,GNQ,0.0,0.0,0,0.0,0.0,1.0,,0.0,,1948,2021,2257.0,0.0
BDI__GRD,BDI,GRD,0.0,0.0,0,0.0,0.0,0.0,,0.0,,1948,2021,10217.0,0.0
BDI__GTM,BDI,GTM,0.0,0.0,0,0.0,0.0,0.0,,0.0,,1948,2021,13330.0,0.0
BDI__GUY,BDI,GUY,0.0,0.0,0,0.0,0.0,0.0,,0.0,,1948,2021,9789.0,0.0
BDI__HND,BDI,HND,0.0,0.0,0,0.0,0.0,0.0,,0.0,,1948,2021,12976.0,0.0
BDI__HTI,BDI,HTI,0.0,0.0,0,0.0,0.0,1.0,,0.0,,1948,2021,11370.0,0.0
BDI__IDN,BDI,IDN,0.0,0.0,0,0.0,0.0,0.0,,0.0,,1948,2021,8594.0,0.0
BDI__IND,BDI,IND,0.0,0.0,0,0.0,0.0,0.0,,0.0,,1948,2021,6195.5,1645.0
BDI__IRN,BDI,IRN,0.0,0.0,0,0.0,0.0,0.0,,0.0,,1948,2021,4899.0,0.0
BDI__IRQ,BDI,IRQ,0.0,0.0,0,0.0,0.0,0.0,,0.0,,1948,2021,4362.0,0.0
BDI__ISR,BDI,ISR,0.0,0.0,0,0.0,1.0,0.0,,0.0,,1948,2021,3966.0,0.0
BDI__ITA,BDI,ITA,0.0,0.0,0,0.0,0.0,0.0,,0.0,,1948,2021,5297.0,0.0
BDI__JAM,BDI,JAM,0.0,0.0,0,0.0,0.0,0.0,,0.0,,1948,2021,11843.0,0.0
BDI__JOR,BDI,JOR,0.0,0.0,0,0.0,0.0,0.0,,0.0,,1948,2021,3972.0,0.0
BDI__JPN,BDI,JPN,0.0,0.0,0,0.0,0.0,0.0,,0.0,,1948,2021,12064.0,0.0
BDI__KAZ,BDI,KAZ,0.0,0.0,0,0.0,0.0,0.0,,0.0,,1948,2021,7021.0,0.0
BDI__KEN,BDI,KEN,0.0,0.0,0,0.0,0.0,0.0,,0.0,,1948,2021,861.0,0.0
BDI__KGZ,BDI,KGZ,0.0,0.0,0,0.0,0.0,0.0,,0.0,,1948,2021,6842.0,0.0
BDI__KHM,BDI,KHM,0.0,0.0,0,0.0,0.0,0.0,,0.0,,1948,2021,8522.0,0.0
BDI__KIR,BDI,KIR,0.0,0.0,0,0.0,0.0,0.0,,0.0,,1948,2021,15985.0,0.0
BDI__KNA,BDI,KNA,0.0,0.0,0,0.0,0.0,0.0,,0.0,,1948,2021,10350.0,0.0
BDI__KOR,BDI,KOR,0.0,0.0,0,0.0,0.0,0.0,,0.0,,1948,2021,10912.0,0.0
BDI__KWT,BDI,KWT,0.0,0.0,0,0.0,0.0,0.0,,0.0,,1948,2021,4133.0,0.0
BDI__LAO,BDI,LAO,0.0,0.0,0,0.0,0.0,0.0,,0.0,,1948,2021,8366.0,0.0
BDI__LBN,BDI,LBN,0.0,0.0,0,0.0,1.0,1.0,,0.0,,1948,2021,4176.0,0.0
BDI__LBR,BDI,LBR,0.0,0.0,0,0.0,0.0,0.0,,0.0,,1948,2021,4591.0,0.0
BDI__LBY,BDI,LBY,0.0,0.0,0,0.0,0.0,0.0,,0.0,,1948,2021,4360.0,0.0
BDI__LCA,BDI,LCA,0.0,0.0,0,0.0,0.0,0.0,,0.0,,1948,2021,10146.0,0.0
BDI__LKA,BDI,LKA,0.0,0.0,0,0.0,0.0,0.0,,0.0,,1948,2021,5724.0,0.0
BDI__LSO,BDI,LSO,0.0,0.0,0,0.0,0.0,0.0,,0.0,,1948,2021,2877.0,0.0
BDI__MAR,BDI,MAR,0.0,0.0,0,0.0,1.0,1.0,,0.0,,1948,2021,5642.0,0.0
BDI__MDG,BDI,MDG,0.0,0.0,0,0.0,1.0,1.0,,0.0,,1948,2021,2620.0,0.0
BDI__MDV,BDI,MDV,0.0,0.0,0,0.0,0.0,0.0,,0.0,,1948,2021,4981.0,0.0
BDI__MEX,BDI,MEX,0.0,0.0,0,0.0,0.0,0.0,,0.0,,1948,2021,14167.0,0.0
BDI__MHL,BDI,MHL,0.0,0.0,0,0.0,0.0,0.0,,0.0,,1948,2021,15808.0,0.0
BDI__MLI,BDI,MLI,0.0,0.0,0,0.0,0.0,1.0,,0.0,,1948,2021,4496.0,0.0
BDI__MMR,BDI,MMR,0.0,0.0,0,0.0,0.0,0.0,,0.0,,1948,2021,7669.0,0.0
BDI__MNG,BDI,MNG,0.0,0.0,0,0.0,0.0,0.0,,0.0,,1948,2021,9361.0,0.0
BDI__MOZ,BDI,MOZ,0.0,0.0,0,0.0,0.0,0.0,,0.0,,1948,2021,2521.5,3.0
BDI__MRT,BDI,MRT,0.0,0.0,0,0.0,0.0,0.0,,0.0,,1948,2021,5511.0,0.0
BDI__MUS,BDI,MUS,0.0,0.0,0,0.0,1.0,1.0,,0.0,,1948,2021,3573.0,0.0
BDI__MWI,BDI,MWI,0.0,0.0,0,0.0,0.0,0.0,,0.0,,1948,2021,1386.5,237.0
BDI__MYS,BDI,MYS,0.0,0.0,0,0.0,0.0,0.0,,0.0,,1948,2021,8191.5,225.0
BDI__NAM,BDI,NAM,0.0,0.0,0,1.0,0.0,0.0,,0.0,,1948,2021,2502.0,0.0
BDI__NER,BDI,NER,0.0,0.0,0,0.0,1.0,1.0,,0.0,,1948,2021,3543.0,0.0
BDI__NGA,BDI,NGA,0.0,0.0,0,0.0,0.0,0.0,,0.0,,1948,2021,3077.0,14.0
BDI__NIC,BDI,NIC,0.0,0.0,0,0.0,0.0,0.0,,0.0,,1948,2021,12883.0,0.0
BDI__NLD,BDI,NLD,0.0,0.0,0,0.0,0.0,0.0,,0.0,,1948,2021,6580.0,30.0
BDI__NPL,BDI,NPL,0.0,0.0,0,0.0,0.0,0.0,,0.0,,1948,2021,6908.0,0.0
BDI__NRU,BDI,NRU,0.0,0.0,0,1.0,0.0,0.0,,0.0,,1948,2021,15294.0,0.0
BDI__NZL,BDI,NZL,0.0,0.0,0,0.0,0.0,0.0,,0.0,,1948,2021,14297.0,0.0
BDI__OMN,BDI,OMN,0.0,0.0,0,0.0,0.0,0.0,,0.0,,1948,2021,4355.0,0.0
BDI__PAK,BDI,PAK,0.0,0.0,0,0.0,0.0,0.0,,0.0,,1948,2021,5138.0,0.0
BDI__PAN,BDI,PAN,0.0,0.0,0,0.0,0.0,0.0,,0.0,,1948,2021,12152.0,0.0
BDI__PER,BDI,PER,0.0,0.0,0,0.0,0.0,0.0,,0.0,,1948,2021,11718.0,0.0
BDI__PHL,BDI,PHL,0.0,0.0,0,0.0,0.0,0.0,,0.0,,1948,2021,10286.0,0.0
BDI__PLW,BDI,PLW,0.0,0.0,0,1.0,0.0,0.0,,0.0,,1948,2021,11741.5,17.0
BDI__PNG,BDI,PNG,0.0,0.0,0,1.0,0.0,0.0,,0.0,,1948,2021,12995.0,0.0
BDI__PRK,BDI,PRK,0.0,0.0,0,0.0,0.0,0.0,,0.0,,1948,2021,10800.0,0.0
BDI__PRT,BDI,PRT,0.0,0.0,0,0.0,0.0,0.0,,0.0,,1948,2021,6112.0,0.0
BDI__PRY,BDI,PRY,0.0,0.0,0,0.0,0.0,0.0,,0.0,,1948,2021,9555.0,0.0
BDI__QAT,BDI,QAT,0.0,0.0,0,0.0,0.0,0.0,,0.0,,1948,2021,3969.5,5.0
BDI__RWA,BDI,RWA,1.0,0.0,0,1.0,1.0,1.0,,1.0,,1948,2021,176.0,0.0
BDI__SAU,BDI,SAU,0.0,0.0,0,0.0,0.0,0.0,,0.0,,1948,2021,3300.0,658.0
BDI__SDN,BDI,SDN,0.0,0.0,0,0.0,0.0,0.0,,0.0,,1948,2021,2123.0,0.0
BDI__SEN,BDI,SEN,0.0,0.0,0,0.0,1.0,1.0,,0.0,,1948,2021,5535.0,0.0
BDI__SGP,BDI,SGP,0.0,0.0,0,0.0,0.0,0.0,,0.0,,1948,2021,8304.0,0.0
BDI__SLB,BDI,SLB,0.0,0.0,0,0.0,0.0,0.0,,0.0,,1948,2021,14374.0,0.0
BDI__SLE,BDI,SLE,0.0,0.0,0,0.0,0.0,0.0,,0.0,,1948,2021,4907.0,0.0
BDI__SLV,BDI,SLV,0.0,0.0,0,0.0,0.0,0.0,,0.0,,1948,2021,13193.0,0.0
BDI__SOM,BDI,SOM,0.0,0.0,0,0.0,0.0,0.0,,0.0,,1948,2021,1876.0,0.0
BDI__SSD,BDI,SSD,0.0,0.0,0,0.0,0.0,0.0,,0.0,,1948,2021,943.0,0.0
BDI__STP,BDI,STP,0.0,0.0,0,0.0,0.0,0.0,,0.0,,1948,2021,2552.0,0.0
BDI__SUR,BDI,SUR,0.0,0.0,0,0.0,0.0,0.0,,0.0,,1948,2021,9452.0,0.0
BDI__SWZ,BDI,SWZ,0.0,0.0,0,0.0,0.0,0.0,,0.0,,1948,2021,2545.0,0.0
BDI__SYC,BDI,SYC,0.0,0.0,0,0.0,1.0,1.0,,0.0,,1948,2021,2900.0,0.0
BDI__SYR,BDI,SYR,0.0,0.0,0,0.0,0.0,0.0,,0.0,,1948,2021,4303.0,310.0
BDI__TCD,BDI,TCD,0.0,0.0,0,0.0,0.0,1.0,,0.0,,1948,2021,2333.0,0.0
BDI__TGO,BDI,TGO,0.0,0.0,0,0.0,1.0,1.0,,0.0,,1948,2021,3302.0,0.0
BDI__THA,BDI,THA,0.0,0.0,0,0.0,0.0,0.0,,0.0,,1948,2021,8078.0,0.0
BDI__TJK,BDI,TJK,0.0,0.0,0,0.0,0.0,0.0,,0.0,,1948,2021,6159.0,0.0
BDI__TKM,BDI,TKM,0.0,0.0,0,0.0,0.0,0.0,,0.0,,1948,2021,5468.0,0.0
BDI__TLS,BDI,TLS,0.0,0.0,0,0.0,0.0,0.0,,0.0,,1948,2021,10644.0,0.0
BDI__TON,BDI,TON,0.0,0.0,0,0.0,0.0,0.0,,0.0,,1948,2021,16207.0,0.0
BDI__TTO,BDI,TTO,0.0,0.0,0,0.0,0.0,0.0,,0.0,,1948,2021,10183.0,0.0
BDI__TUN,BDI,TUN,0.0,0.0,0,0.0,0.0,1.0,,0.0,,1948,2021,4876.0,0.0
BDI__TUR,BDI,TUR,0.0,0.0,0,0.0,0.0,0.0,,0.0,,1948,2021,4916.0,0.0
BDI__TUV,BDI,TUV,0.0,0.0,0,0.0,0.0,0.0,,0.0,,1948,2021,16435.0,0.0
BDI__TWN,BDI,TWN,0.0,0.0,0,0.0,0.0,0.0,,0.0,,1948,2021,10389.0,8.0
BDI__TZA,BDI,TZA,1.0,0.0,0,0.0,0.0,0.0,,0.0,,1948,2021,1162.0,0.0
BDI__UGA,BDI,UGA,0.0,0.0,0,0.0,0.0,0.0,,0.0,,1948,2021,544.0,0.0
BDI__URY,BDI,URY,0.0,0.0,0,0.0,0.0,0.0,,0.0,,1948,2021,9392.0,0.0
BDI__USA,BDI,USA,0.0,0.0,0,0.0,0.0,0.0,,0.0,,1948,2021,11383.0,0.0
BDI__UZB,BDI,UZB,0.0,0.0,0,0.0,0.0,0.0,,0.0,,1948,2021,6383.0,0.0
BDI__VCT,BDI,VCT,0.0,0.0,0,0.0,0.0,0.0,,0.0,,1948,2021,10166.0,0.0
BDI__VEN,BDI,VEN,0.0,0.0,0,0.0,0.0,0.0,,0.0,,1948,2021,10769.0,0.0
BDI__VNM,BDI,VNM,0.0,0.0,0,0.0,0.0,0.0,,0.0,,1948,2021,8703.0,0.0
BDI__VUT,BDI,VUT,0.0,0.0,0,0.0,1.0,1.0,,0.0,,1948,2021,14956.0,0.0
BDI__WSM,BDI,WSM,0.0,0.0,0,1.0,0.0,0.0,,0.0,,1948,2021,17012.0,0.0
BDI__YEM,BDI,YEM,0.0,0.0,0,0.0,0.0,0.0,,0.0,,1948,2021,2574.0,132.0
BDI__ZAF,BDI,ZAF,0.0,0.0,0,0.0,0.0,0.0,,0.0,,1948,2021,3048.0,1038.0
BDI__ZMB,BDI,ZMB,0.0,0.0,0,0.0,0.0,0.0,,0.0,,1948,2021,1193.5,285.0
BDI__ZWE,BDI,ZWE,0.0,0.0,0,0.0,0.0,0.0,,0.0,,1948,2021,1609.0,0.0
BEL__BEN,BEL,BEN,0.0,0.0,0,0.0,1.0,1.0,,0.0,,1948,2021,4929.5,9.0
BEL__BFA,BEL,BFA,0.0,0.0,0,0.0,1.0,1.0,,0.0,,1948,2021,4385.0,168.0
BEL__BGD,BEL,BGD,0.0,0.0,0,0.0,0.0,0.0,,0.0,,1948,2021,7732.0,0.0
BEL__BHR,BEL,BHR,0.0,0.0,0,0.0,0.0,0.0,,0.0,,1948,2021,4758.0,0.0
BEL__BHS,BEL,BHS,0.0,0.0,0,0.0,0.0,0.0,,0.0,,1948,2021,7321.0,0.0
BEL__BLZ,BEL,BLZ,0.0,0.0,0,0.0,0.0,0.0,,0.0,,1948,2021,8754.0,0.0
BEL__BOL,BEL,BOL,0.0,0.0,0,0.0,0.0,0.0,,0.0,,1948,2021,10238.0,0.0
BEL__BRA,BEL,BRA,0.0,0.0,0,0.0,0.0,0.0,,0.0,,1948,2021,9520.5,231.0
BEL__BRB,BEL,BRB,0.0,0.0,0,0.0,0.0,0.0,,0.0,,1948,2021,7067.0,0.0
BEL__BRN,BEL,BRN,0.0,0.0,0,0.0,0.0,0.0,,0.0,,1948,2021,11004.0,0.0
BEL__BTN,BEL,BTN,0.0,0.0,0,0.0,0.0,0.0,,0.0,,1948,2021,7374.0,0.0
BEL__BWA,BEL,BWA,0.0,0.0,0,0.0,0.0,0.0,,0.0,,1948,2021,8627.0,0.0
BEL__CAF,BEL,CAF,0.0,0.0,0,0.0,1.0,1.0,,0.0,,1948,2021,5321.0,0.0
BEL__CAN,BEL,CAN,0.0,0.0,0,0.0,1.0,1.0,,0.0,,1948,2021,5796.5,489.0
BEL__CHL,BEL,CHL,0.0,0.0,0,0.0,0.0,0.0,,0.0,,1948,2021,11869.0,0.0
BEL__CHN,BEL,CHN,0.0,0.0,0,0.0,0.0,0.0,,0.0,,1948,2021,9030.0,0.0
BEL__CIV,BEL,CIV,0.0,0.0,0,0.0,1.0,1.0,,0.0,,1948,2021,5104.0,0.0
BEL__CMR,BEL,CMR,0.0,0.0,0,0.0,1.0,1.0,,0.0,,1948,2021,5231.5,39.0
BEL__COD,BEL,COD,0.0,1.0,0,0.0,1.0,1.0,,0.0,,1948,2021,6203.0,0.0
BEL__COG,BEL,COG,0.0,0.0,0,0.0,1.0,1.0,,0.0,,1948,2021,6196.0,0.0
BEL__COL,BEL,COL,0.0,0.0,0,0.0,0.0,0.0,,0.0,,1948,2021,8800.0,0.0
BEL__COM,BEL,COM,0.0,0.0,0,0.0,1.0,1.0,,0.0,,1948,2021,7887.0,0.0
BEL__CPV,BEL,CPV,0.0,0.0,0,0.0,0.0,0.0,,0.0,,1948,2021,4703.0,0.0
BEL__CRI,BEL,CRI,0.0,0.0,0,0.0,0.0,0.0,,0.0,,1948,2021,9050.0,0.0
BEL__CUB,BEL,CUB,0.0,0.0,0,0.0,0.0,0.0,,0.0,,1948,2021,7826.0,0.0
BEL__CYP,BEL,CYP,0.0,0.0,0,0.0,0.0,0.0,,0.0,,1948,2021,2907.0,0.0
BEL__DEU,BEL,DEU,1.0,0.0,0,0.0,1.0,1.0,,0.0,,1948,2021,653.0,0.0
BEL__DJI,BEL,DJI,0.0,0.0,0,0.0,1.0,1.0,,0.0,,1948,2021,5596.0,0.0
BEL__DMA,BEL,DMA,0.0,0.0,0,0.0,0.0,1.0,,0.0,,1948,2021,7003.0,0.0
BEL__DOM,BEL,DOM,0.0,0.0,0,0.0,0.0,0.0,,0.0,,1948,2021,7335.0,0.0
BEL__DZA,BEL,DZA,0.0,0.0,0,0.0,1.0,1.0,,0.0,,1948,2021,1569.0,0.0
BEL__ECU,BEL,ECU,0.0,0.0,0,0.0,0.0,0.0,,0.0,,1948,2021,9790.0,0.0
BEL__EGY,BEL,EGY,0.0,0.0,0,0.0,0.0,0.0,,0.0,,1948,2021,3212.0,0.0
BEL__ERI,BEL,ERI,0.0,0.0,0,0.0,0.0,0.0,,0.0,,1948,2021,5007.0,0.0
BEL__ESP,BEL,ESP,0.0,0.0,0,0.0,0.0,0.0,,0.0,,1948,2021,1191.0,252.0
BEL__ETH,BEL,ETH,0.0,0.0,0,0.0,0.0,0.0,,0.0,,1948,2021,5607.0,0.0
BEL__FJI,BEL,FJI,0.0,0.0,0,0.0,0.0,0.0,,0.0,,1948,2021,16338.0,0.0
BEL__FRA,BEL,FRA,1.0,0.0,0,0.0,1.0,1.0,,0.0,,1948,2021,264.0,0.0
BEL__FSM,BEL,FSM,0.0,0.0,0,0.0,0.0,0.0,,0.0,,1948,2021,13130.0,0.0
BEL__GAB,BEL,GAB,0.0,0.0,0,0.0,1.0,1.0,,0.0,,1948,2021,5612.0,0.0
BEL__GBR,BEL,GBR,0.0,0.0,0,0.0,0.0,0.0,,0.0,,1948,2021,321.0,0.0
BEL__GEO,BEL,GEO,0.0,0.0,0,0.0,0.0,0.0,,0.0,,1948,2021,3236.0,0.0
BEL__GHA,BEL,GHA,0.0,0.0,0,0.0,0.0,0.0,,0.0,,1948,2021,4982.5,111.0
BEL__GIN,BEL,GIN,0.0,0.0,0,0.0,1.0,1.0,,0.0,,1948,2021,4865.0,0.0
BEL__GMB,BEL,GMB,0.0,0.0,0,0.0,0.0,0.0,,0.0,,1948,2021,4562.0,0.0
BEL__GNB,BEL,GNB,0.0,0.0,0,0.0,0.0,0.0,,0.0,,1948,2021,4688.0,0.0
BEL__GNQ,BEL,GNQ,0.0,0.0,0,0.0,0.0,1.0,,0.0,,1948,2021,5453.0,0.0
BEL__GRD,BEL,GRD,0.0,0.0,0,0.0,0.0,0.0,,0.0,,1948,2021,7304.0,0.0
BEL__GTM,BEL,GTM,0.0,0.0,0,0.0,0.0,0.0,,0.0,,1948,2021,9099.0,0.0
BEL__GUY,BEL,GUY,0.0,0.0,0,0.0,0.0,0.0,,0.0,,1948,2021,7514.0,0.0
BEL__HND,BEL,HND,0.0,0.0,0,0.0,0.0,0.0,,0.0,,1948,2021,8915.0,0.0
BEL__HTI,BEL,HTI,0.0,0.0,0,0.0,0.0,1.0,,0.0,,1948,2021,7502.0,0.0
BEL__IDN,BEL,IDN,0.0,0.0,0,0.0,0.0,0.0,,0.0,,1948,2021,11419.0,0.0
BEL__IND,BEL,IND,0.0,0.0,0,0.0,0.0,0.0,,0.0,,1948,2021,7054.0,1264.0
BEL__IRN,BEL,IRN,0.0,0.0,0,0.0,0.0,0.0,,0.0,,1948,2021,4090.0,0.0
BEL__IRQ,BEL,IRQ,0.0,0.0,0,0.0,0.0,0.0,,0.0,,1948,2021,3776.0,0.0
BEL__ISR,BEL,ISR,0.0,0.0,0,0.0,1.0,0.0,,0.0,,1948,2021,3247.0,0.0
BEL__ITA,BEL,ITA,0.0,0.0,0,0.0,0.0,0.0,,0.0,,1948,2021,1174.0,0.0
BEL__JAM,BEL,JAM,0.0,0.0,0,0.0,0.0,0.0,,0.0,,1948,2021,7860.0,0.0
BEL__JOR,BEL,JOR,0.0,0.0,0,0.0,0.0,0.0,,0.0,,1948,2021,3330.0,0.0
BEL__JPN,BEL,JPN,0.0,0.0,0,0.0,0.0,0.0,,0.0,,1948,2021,9472.0,0.0
BEL__KAZ,BEL,KAZ,0.0,0.0,0,0.0,0.0,0.0,,0.0,,1948,2021,5352.0,0.0
BEL__KEN,BEL,KEN,0.0,0.0,0,0.0,0.0,0.0,,0.0,,1948,2021,6544.0,0.0
BEL__KGZ,BEL,KGZ,0.0,0.0,0,0.0,0.0,0.0,,0.0,,1948,2021,5223.0,0.0
BEL__KHM,BEL,KHM,0.0,0.0,0,0.0,0.0,0.0,,0.0,,1948,2021,9750.0,0.0
BEL__KIR,BEL,KIR,0.0,0.0,0,0.0,0.0,0.0,,0.0,,1948,2021,14123.0,0.0
BEL__KNA,BEL,KNA,0.0,0.0,0,0.0,0.0,0.0,,0.0,,1948,2021,6930.0,0.0
BEL__KOR,BEL,KOR,0.0,0.0,0,0.0,0.0,0.0,,0.0,,1948,2021,8728.0,0.0
BEL__KWT,BEL,KWT,0.0,0.0,0,0.0,0.0,0.0,,0.0,,1948,2021,4327.0,0.0
BEL__LAO,BEL,LAO,0.0,0.0,0,0.0,0.0,0.0,,0.0,,1948,2021,9041.0,0.0
BEL__LBN,BEL,LBN,0.0,0.0,0,0.0,1.0,1.0,,0.0,,1948,2021,3143.0,0.0
BEL__LBR,BEL,LBR,0.0,0.0,0,0.0,0.0,0.0,,0.0,,1948,2021,5135.0,0.0
BEL__LBY,BEL,LBY,0.0,0.0,0,0.0,0.0,0.0,,0.0,,1948,2021,2123.0,0.0
BEL__LCA,BEL,LCA,0.0,0.0,0,0.0,0.0,0.0,,0.0,,1948,2021,7085.0,0.0
BEL__LKA,BEL,LKA,0.0,0.0,0,0.0,0.0,0.0,,0.0,,1948,2021,8396.0,0.0
BEL__LSO,BEL,LSO,0.0,0.0,0,0.0,0.0,0.0,,0.0,,1948,2021,9167.0,0.0
BEL__MAR,BEL,MAR,0.0,0.0,0,0.0,1.0,1.0,,0.0,,1948,2021,2150.0,0.0
BEL__MDG,BEL,MDG,0.0,0.0,0,0.0,1.0,1.0,,0.0,,1948,2021,8805.0,0.0
BEL__MDV,BEL,MDV,0.0,0.0,0,0.0,0.0,0.0,,0.0,,1948,2021,8195.0,0.0
BEL__MEX,BEL,MEX,0.0,0.0,0,0.0,0.0,0.0,,0.0,,1948,2021,9262.0,0.0
BEL__MHL,BEL,MHL,0.0,0.0,0,0.0,0.0,0.0,,0.0,,1948,2021,13466.0,0.0
BEL__MLI,BEL,MLI,0.0,0.0,0,0.0,0.0,1.0,,0.0,,1948,2021,4382.0,0.0
BEL__MMR,BEL,MMR,0.0,0.0,0,0.0,0.0,0.0,,0.0,,1948,2021,8702.0,0.0
BEL__MNG,BEL,MNG,0.0,0.0,0,0.0,0.0,0.0,,0.0,,1948,2021,6812.0,0.0
BEL__MOZ,BEL,MOZ,0.0,0.0,0,0.0,0.0,0.0,,0.0,,1948,2021,8948.0,4.0
BEL__MRT,BEL,MRT,0.0,0.0,0,0.0,0.0,0.0,,0.0,,1948,2021,4056.0,0.0
BEL__MUS,BEL,MUS,0.0,0.0,0,0.0,1.0,1.0,,0.0,,1948,2021,9424.0,0.0
BEL__MWI,BEL,MWI,0.0,0.0,0,0.0,0.0,0.0,,0.0,,1948,2021,7847.0,234.0
BEL__MYS,BEL,MYS,0.0,0.0,0,0.0,0.0,0.0,,0.0,,1948,2021,10409.5,311.0
BEL__NAM,BEL,NAM,0.0,0.0,0,0.0,0.0,0.0,,0.0,,1948,2021,8227.0,0.0
BEL__NER,BEL,NER,0.0,0.0,0,0.0,1.0,1.0,,0.0,,1948,2021,4145.0,0.0
BEL__NGA,BEL,NGA,0.0,0.0,0,0.0,0.0,0.0,,0.0,,1948,2021,4870.0,104.0
BEL__NIC,BEL,NIC,0.0,0.0,0,0.0,0.0,0.0,,0.0,,1948,2021,9014.0,0.0
BEL__NLD,BEL,NLD,1.0,0.0,0,0.0,1.0,1.0,,0.0,,1948,2021,147.0,54.0
BEL__NPL,BEL,NPL,0.0,0.0,0,0.0,0.0,0.0,,0.0,,1948,2021,7060.0,0.0
BEL__NRU,BEL,NRU,0.0,0.0,0,0.0,0.0,0.0,,0.0,,1948,2021,14191.0,0.0
BEL__NZL,BEL,NZL,0.0,0.0,0,0.0,0.0,0.0,,0.0,,1948,2021,18277.0,0.0
BEL__OMN,BEL,OMN,0.0,0.0,0,0.0,0.0,0.0,,0.0,,1948,2021,5516.0,0.0
BEL__PAK,BEL,PAK,0.0,0.0,0,0.0,0.0,0.0,,0.0,,1948,2021,6004.0,0.0
BEL__PAN,BEL,PAN,0.0,0.0,0,0.0,0.0,0.0,,0.0,,1948,2021,8809.0,0.0
BEL__PER,BEL,PER,0.0,0.0,0,0.0,0.0,0.0,,0.0,,1948,2021,10441.0,0.0
BEL__PHL,BEL,PHL,0.0,0.0,0,0.0,0.0,0.0,,0.0,,1948,2021,10521.0,0.0
BEL__PLW,BEL,PLW,0.0,0.0,0,0.0,0.0,0.0,,0.0,,1948,2021,11986.5,7.0
BEL__PNG,BEL,PNG,0.0,0.0,0,0.0,0.0,0.0,,0.0,,1948,2021,14300.0,0.0
BEL__PRK,BEL,PRK,0.0,0.0,0,0.0,0.0,0.0,,0.0,,1948,2021,8533.0,0.0
BEL__PRT,BEL,PRT,0.0,0.0,0,0.0,0.0,0.0,,0.0,,1948,2021,1714.0,0.0
BEL__PRY,BEL,PRY,0.0,0.0,0,0.0,0.0,0.0,,0.0,,1948,2021,10390.0,0.0
BEL__QAT,BEL,QAT,0.0,0.0,0,0.0,0.0,0.0,,0.0,,1948,2021,4894.5,9.0
BEL__RWA,BEL,RWA,0.0,1.0,1,0.0,1.0,1.0,0.0,0.0,1962.0,1948,2021,6340.0,0.0
BEL__SAU,BEL,SAU,0.0,0.0,0,0.0,0.0,0.0,,0.0,,1948,2021,4559.0,140.0
BEL__SDN,BEL,SDN,0.0,0.0,0,0.0,0.0,0.0,,0.0,,1948,2021,4656.0,0.0
BEL__SEN,BEL,SEN,0.0,0.0,0,0.0,1.0,1.0,,0.0,,1948,2021,4463.0,0.0
BEL__SGP,BEL,SGP,0.0,0.0,0,0.0,0.0,0.0,,0.0,,1948,2021,10565.0,0.0
BEL__SLB,BEL,SLB,0.0,0.0,0,0.0,0.0,0.0,,0.0,,1948,2021,14900.0,0.0
BEL__SLE,BEL,SLE,0.0,0.0,0,0.0,0.0,0.0,,0.0,,1948,2021,4968.0,0.0
BEL__SLV,BEL,SLV,0.0,0.0,0,0.0,0.0,0.0,,0.0,,1948,2021,9086.0,0.0
BEL__SOM,BEL,SOM,0.0,0.0,0,0.0,0.0,0.0,,0.0,,1948,2021,6633.0,0.0
BEL__SSD,BEL,SSD,0.0,0.0,0,0.0,0.0,0.0,,0.0,,1948,2021,5694.0,0.0
BEL__STP,BEL,STP,0.0,0.0,0,0.0,0.0,0.0,,0.0,,1948,2021,5602.0,0.0
BEL__SUR,BEL,SUR,0.0,0.0,0,0.0,1.0,1.0,,0.0,,1948,2021,7398.0,0.0
BEL__SWZ,BEL,SWZ,0.0,0.0,0,0.0,0.0,0.0,,0.0,,1948,2021,8944.0,0.0
BEL__SYC,BEL,SYC,0.0,0.0,0,0.0,1.0,1.0,,0.0,,1948,2021,7834.0,0.0
BEL__SYR,BEL,SYR,0.0,0.0,0,0.0,0.0,0.0,,0.0,,1948,2021,3150.0,154.0
BEL__TCD,BEL,TCD,0.0,0.0,0,0.0,0.0,1.0,,0.0,,1948,2021,4405.0,0.0
BEL__TGO,BEL,TGO,0.0,0.0,0,0.0,1.0,1.0,,0.0,,1948,2021,4965.0,0.0
BEL__THA,BEL,THA,0.0,0.0,0,0.0,0.0,0.0,,0.0,,1948,2021,9264.0,0.0
BEL__TJK,BEL,TJK,0.0,0.0,0,0.0,0.0,0.0,,0.0,,1948,2021,5113.0,0.0
BEL__TKM,BEL,TKM,0.0,0.0,0,0.0,0.0,0.0,,0.0,,1948,2021,4426.0,0.0
BEL__TLS,BEL,TLS,0.0,0.0,0,0.0,0.0,0.0,,0.0,,1948,2021,12905.0,0.0
BEL__TON,BEL,TON,0.0,0.0,0,0.0,0.0,0.0,,0.0,,1948,2021,16707.0,0.0
BEL__TTO,BEL,TTO,0.0,0.0,0,0.0,0.0,0.0,,0.0,,1948,2021,7407.0,0.0
BEL__TUN,BEL,TUN,0.0,0.0,0,0.0,0.0,1.0,,0.0,,1948,2021,1626.0,0.0
BEL__TUR,BEL,TUR,0.0,0.0,0,0.0,0.0,0.0,,0.0,,1948,2021,2184.0,0.0
BEL__TUV,BEL,TUV,0.0,0.0,0,0.0,0.0,0.0,,0.0,,1948,2021,15287.0,0.0
BEL__TWN,BEL,TWN,0.0,0.0,0,0.0,0.0,0.0,,0.0,,1948,2021,9598.5,1.0
BEL__TZA,BEL,TZA,0.0,0.0,0,0.0,0.0,0.0,,0.0,,1948,2021,7215.0,0.0
BEL__UGA,BEL,UGA,0.0,0.0,0,0.0,0.0,0.0,,0.0,,1948,2021,6202.0,0.0
BEL__URY,BEL,URY,0.0,0.0,0,0.0,0.0,0.0,,0.0,,1948,2021,11186.0,0.0
BEL__USA,BEL,USA,0.0,0.0,0,0.0,0.0,0.0,,0.0,,1948,2021,5904.0,0.0
BEL__UZB,BEL,UZB,0.0,0.0,0,0.0,0.0,0.0,,0.0,,1948,2021,4964.0,0.0
BEL__VCT,BEL,VCT,0.0,0.0,0,0.0,0.0,0.0,,0.0,,1948,2021,7173.0,0.0
BEL__VEN,BEL,VEN,0.0,0.0,0,0.0,0.0,0.0,,0.0,,1948,2021,7794.0,0.0
BEL__VNM,BEL,VNM,0.0,0.0,0,0.0,0.0,0.0,,0.0,,1948,2021,9939.0,0.0
BEL__VUT,BEL,VUT,0.0,0.0,0,0.0,1.0,1.0,,0.0,,1948,2021,16067.0,0.0
BEL__WSM,BEL,WSM,0.0,0.0,0,0.0,0.0,0.0,,0.0,,1948,2021,15884.0,0.0
BEL__YEM,BEL,YEM,0.0,0.0,0,0.0,0.0,0.0,,0.0,,1948,2021,5293.5,21.0
BEL__ZAF,BEL,ZAF,0.0,0.0,0,0.0,0.0,0.0,,0.0,,1948,2021,9169.5,645.0
BEL__ZMB,BEL,ZMB,0.0,0.0,0,0.0,0.0,0.0,,0.0,,1948,2021,7563.0,278.0
BEL__ZWE,BEL,ZWE,0.0,0.0,0,0.0,0.0,0.0,,0.0,,1948,2021,8043.0,0.0
BEN__BFA,BEN,BFA,1.0,0.0,0,1.0,1.0,1.0,,1.0,,1948,2021,846.0,128.0
BEN__BGD,BEN,BGD,0.0,0.0,0,0.0,0.0,0.0,,0.0,,1948,2021,9531.5,3.0
BEN__BHR,BEN,BHR,0.0,0.0,0,0.0,0.0,0.0,,0.0,,1948,2021,5555.5,1.0
BEN__BHS,BEN,BHS,0.0,0.0,0,0.0,0.0,0.0,,0.0,,1948,2021,8683.0,10.0
BEN__BLZ,BEN,BLZ,0.0,0.0,0,0.0,0.0,0.0,,0.0,,1948,2021,9930.0,10.0
BEN__BOL,BEN,BOL,0.0,0.0,0,0.0,0.0,0.0,,0.0,,1948,2021,8165.5,3.0
BEN__BRA,BEN,BRA,0.0,0.0,0,0.0,0.0,0.0,,0.0,,1948,2021,6100.0,346.0
BEN__BRB,BEN,BRB,0.0,0.0,0,0.0,0.0,0.0,,0.0,,1948,2021,6828.5,9.0
BEN__BRN,BEN,BRN,0.0,0.0,0,0.0,0.0,0.0,,0.0,,1948,2021,12438.0,6.0
BEN__BTN,BEN,BTN,0.0,0.0,0,0.0,0.0,0.0,,0.0,,1948,2021,9419.0,2.0
BEN__BWA,BEN,BWA,0.0,0.0,0,0.0,0.0,0.0,,0.0,,1948,2021,4279.5,11.0
BEN__CAF,BEN,CAF,0.0,0.0,0,1.0,1.0,1.0,,1.0,,1948,2021,1806.0,8.0
BEN__CAN,BEN,CAN,0.0,0.0,0,1.0,1.0,1.0,,0.0,,1948,2021,8642.5,451.0
BEN__CHL,BEN,CHL,0.0,0.0,0,0.0,0.0,0.0,,0.0,,1948,2021,8851.0,0.0
BEN__CHN,BEN,CHN,0.0,0.0,0,0.0,0.0,0.0,,0.0,,1948,2021,12334.0,0.0
BEN__CIV,BEN,CIV,0.0,0.0,0,1.0,1.0,1.0,,1.0,,1948,2021,720.0,6.0
BEN__CMR,BEN,CMR,0.0,0.0,0,1.0,1.0,1.0,,1.0,,1948,2021,951.0,208.0
BEN__COD,BEN,COD,0.0,0.0,0,0.0,1.0,1.0,,0.0,,1948,2021,1863.5,11.0
BEN__COG,BEN,COG,0.0,0.0,0,1.0,1.0,1.0,,1.0,,1948,2021,1856.5,11.0
BEN__COL,BEN,COL,0.0,0.0,0,0.0,0.0,0.0,,0.0,,1948,2021,8468.5,7.0
BEN__COM,BEN,COM,0.0,0.0,0,1.0,1.0,1.0,,1.0,,1948,2021,4949.0,10.0
BEN__CPV,BEN,CPV,0.0,0.0,0,0.0,0.0,0.0,,0.0,,1948,2021,2982.0,10.0
BEN__CRI,BEN,CRI,0.0,0.0,0,0.0,0.0,0.0,,0.0,,1948,2021,9511.5,9.0
BEN__CUB,BEN,CUB,0.0,0.0,0,0.0,0.0,0.0,,0.0,,1948,2021,9205.0,10.0
BEN__CYP,BEN,CYP,0.0,0.0,0,0.0,0.0,0.0,,0.0,,1948,2021,4493.5,3.0
BEN__DEU,BEN,DEU,0.0,0.0,0,0.0,0.0,0.0,,0.0,,1948,2021,5212.0,8.0
BEN__DJI,BEN,DJI,0.0,0.0,0,1.0,1.0,1.0,,1.0,,1948,2021,4514.5,5.0
BEN__DMA,BEN,DMA,0.0,0.0,0,0.0,0.0,1.0,,0.0,,1948,2021,7020.5,9.0
BEN__DOM,BEN,DOM,0.0,0.0,0,1.0,0.0,0.0,,0.0,,1948,2021,7927.0,10.0
BEN__DZA,BEN,DZA,0.0,0.0,0,1.0,1.0,1.0,,1.0,,1948,2021,3361.5,9.0
BEN__ECU,BEN,ECU,0.0,0.0,0,0.0,0.0,0.0,,0.0,,1948,2021,9193.0,6.0
BEN__EGY,BEN,EGY,0.0,0.0,0,0.0,0.0,0.0,,0.0,,1948,2021,3995.0,2.0
BEN__ERI,BEN,ERI,0.0,0.0,0,0.0,0.0,0.0,,0.0,,1948,2021,4109.0,4.0
BEN__ESP,BEN,ESP,0.0,0.0,0,0.0,0.0,0.0,,0.0,,1948,2021,3845.5,69.0
BEN__ETH,BEN,ETH,0.0,0.0,0,0.0,0.0,0.0,,0.0,,1948,2021,4020.0,6.0
BEN__FJI,BEN,FJI,0.0,0.0,0,0.0,0.0,0.0,,0.0,,1948,2021,18639.5,11.0
BEN__FRA,BEN,FRA,0.0,1.0,1,0.0,1.0,1.0,0.0,0.0,1960.0,1948,2021,4704.5,9.0
BEN__FSM,BEN,FSM,0.0,0.0,0,0.0,0.0,0.0,,0.0,,1948,2021,16961.5,1.0
BEN__GAB,BEN,GAB,0.0,0.0,0,1.0,1.0,1.0,,1.0,,1948,2021,1028.5,11.0
BEN__GBR,BEN,GBR,0.0,0.0,0,0.0,0.0,0.0,,0.0,,1948,2021,5005.5,9.0
BEN__GEO,BEN,GEO,0.0,0.0,0,0.0,0.0,0.0,,0.0,,1948,2021,5727.5,3.0
BEN__GHA,BEN,GHA,0.0,0.0,0,0.0,0.0,0.0,,0.0,,1948,2021,372.0,138.0
BEN__GIN,BEN,GIN,0.0,0.0,0,1.0,1.0,1.0,,1.0,,1948,2021,1801.5,9.0
BEN__GMB,BEN,GMB,0.0,0.0,0,0.0,0.0,0.0,,0.0,,1948,2021,2230.0,10.0
BEN__GNB,BEN,GNB,0.0,0.0,0,0.0,0.0,0.0,,0.0,,1948,2021,2066.0,10.0
BEN__GNQ,BEN,GNQ,0.0,0.0,0,0.0,0.0,1.0,,0.0,,1948,2021,961.0,10.0
BEN__GRD,BEN,GRD,0.0,0.0,0,0.0,0.0,0.0,,0.0,,1948,2021,7061.5,9.0
BEN__GTM,BEN,GTM,0.0,0.0,0,0.0,0.0,0.0,,0.0,,1948,2021,10151.5,9.0
BEN__GUY,BEN,GUY,0.0,0.0,0,0.0,0.0,0.0,,0.0,,1948,2021,6690.5,7.0
BEN__HND,BEN,HND,0.0,0.0,0,0.0,0.0,0.0,,0.0,,1948,2021,9802.5,9.0
BEN__HTI,BEN,HTI,0.0,0.0,0,1.0,0.0,1.0,,0.0,,1948,2021,8183.5,9.0
BEN__IDN,BEN,IDN,0.0,0.0,0,0.0,0.0,0.0,,0.0,,1948,2021,11686.5,7.0
BEN__IND,BEN,IND,0.0,0.0,0,0.0,0.0,0.0,,0.0,,1948,2021,8533.0,1596.0
BEN__IRN,BEN,IRN,0.0,0.0,0,0.0,0.0,0.0,,0.0,,1948,2021,5953.0,0.0
BEN__IRQ,BEN,IRQ,0.0,0.0,0,0.0,0.0,0.0,,0.0,,1948,2021,5257.5,1.0
BEN__ISR,BEN,ISR,0.0,0.0,0,0.0,1.0,0.0,,0.0,,1948,2021,4402.0,2.0
BEN__ITA,BEN,ITA,0.0,0.0,0,0.0,0.0,0.0,,0.0,,1948,2021,4056.5,7.0
BEN__JAM,BEN,JAM,0.0,0.0,0,0.0,0.0,0.0,,0.0,,1948,2021,8657.0,10.0
BEN__JOR,BEN,JOR,0.0,0.0,0,0.0,0.0,0.0,,0.0,,1948,2021,4487.0,2.0
BEN__JPN,BEN,JPN,0.0,0.0,0,0.0,0.0,0.0,,0.0,,1948,2021,13566.0,2.0
BEN__KAZ,BEN,KAZ,0.0,0.0,0,0.0,0.0,0.0,,0.0,,1948,2021,8271.5,1.0
BEN__KEN,BEN,KEN,0.0,0.0,0,0.0,0.0,0.0,,0.0,,1948,2021,3919.5,9.0
BEN__KGZ,BEN,KGZ,0.0,0.0,0,0.0,0.0,0.0,,0.0,,1948,2021,8079.5,1.0
BEN__KHM,BEN,KHM,0.0,0.0,0,1.0,0.0,0.0,,1.0,,1948,2021,11231.0,4.0
BEN__KIR,BEN,KIR,0.0,0.0,0,0.0,0.0,0.0,,0.0,,1948,2021,18673.0,0.0
BEN__KNA,BEN,KNA,0.0,0.0,0,0.0,0.0,0.0,,0.0,,1948,2021,7166.0,10.0
BEN__KOR,BEN,KOR,0.0,0.0,0,0.0,0.0,0.0,,0.0,,1948,2021,12498.0,2.0
BEN__KWT,BEN,KWT,0.0,0.0,0,0.0,0.0,0.0,,0.0,,1948,2021,5409.5,1.0
BEN__LAO,BEN,LAO,0.0,0.0,0,1.0,0.0,0.0,,1.0,,1948,2021,10871.5,3.0
BEN__LBN,BEN,LBN,0.0,0.0,0,1.0,1.0,1.0,,0.0,,1948,2021,4568.5,1.0
BEN__LBR,BEN,LBR,0.0,0.0,0,0.0,0.0,0.0,,0.0,,1948,2021,1458.5,7.0
BEN__LBY,BEN,LBY,0.0,0.0,0,0.0,0.0,0.0,,0.0,,1948,2021,3136.5,7.0
BEN__LCA,BEN,LCA,0.0,0.0,0,0.0,0.0,0.0,,0.0,,1948,2021,6976.5,9.0
BEN__LKA,BEN,LKA,0.0,0.0,0,0.0,0.0,0.0,,0.0,,1948,2021,8554.0,6.0
BEN__LSO,BEN,LSO,0.0,0.0,0,0.0,0.0,0.0,,0.0,,1948,2021,4779.5,11.0
BEN__MAR,BEN,MAR,0.0,0.0,0,1.0,1.0,1.0,,1.0,,1948,2021,3182.5,11.0
BEN__MDG,BEN,MDG,0.0,0.0,0,1.0,1.0,1.0,,1.0,,1948,2021,5689.0,10.0
BEN__MDV,BEN,MDV,0.0,0.0,0,0.0,0.0,0.0,,0.0,,1948,2021,7882.0,6.0
BEN__MEX,BEN,MEX,0.0,0.0,0,0.0,0.0,0.0,,0.0,,1948,2021,10981.0,10.0
BEN__MHL,BEN,MHL,0.0,0.0,0,0.0,0.0,0.0,,0.0,,1948,2021,18087.5,3.0
BEN__MLI,BEN,MLI,0.0,0.0,0,1.0,0.0,1.0,,1.0,,1948,2021,1332.5,11.0
BEN__MMR,BEN,MMR,0.0,0.0,0,0.0,0.0,0.0,,0.0,,1948,2021,10212.0,4.0
BEN__MNG,BEN,MNG,0.0,0.0,0,0.0,0.0,0.0,,0.0,,1948,2021,10551.5,3.0
BEN__MOZ,BEN,MOZ,0.0,0.0,0,0.0,0.0,0.0,,0.0,,1948,2021,4841.0,2.0
BEN__MRT,BEN,MRT,0.0,0.0,0,1.0,0.0,0.0,,1.0,,1948,2021,2375.5,11.0
BEN__MUS,BEN,MUS,0.0,0.0,0,1.0,1.0,1.0,,0.0,,1948,2021,6707.5,11.0
BEN__MWI,BEN,MWI,0.0,0.0,0,0.0,0.0,0.0,,0.0,,1948,2021,4239.5,217.0
BEN__MYS,BEN,MYS,0.0,0.0,0,0.0,0.0,0.0,,0.0,,1948,2021,11135.0,264.0
BEN__NAM,BEN,NAM,0.0,0.0,0,0.0,0.0,0.0,,0.0,,1948,2021,3582.0,12.0
BEN__NER,BEN,NER,1.0,0.0,0,1.0,1.0,1.0,,1.0,,1948,2021,786.5,9.0
BEN__NGA,BEN,NGA,1.0,0.0,0,0.0,0.0,0.0,,0.0,,1948,2021,154.0,90.0
BEN__NIC,BEN,NIC,0.0,0.0,0,0.0,0.0,0.0,,0.0,,1948,2021,9722.5,9.0
BEN__NLD,BEN,NLD,0.0,0.0,0,0.0,0.0,0.0,,0.0,,1948,2021,5080.0,52.0
BEN__NPL,BEN,NPL,0.0,0.0,0,0.0,0.0,0.0,,0.0,,1948,2021,8992.0,2.0
BEN__NRU,BEN,NRU,0.0,0.0,0,0.0,0.0,0.0,,0.0,,1948,2021,18195.5,3.0
BEN__NZL,BEN,NZL,0.0,0.0,0,0.0,0.0,0.0,,0.0,,1948,2021,16544.0,10.0
BEN__OMN,BEN,OMN,0.0,0.0,0,0.0,0.0,0.0,,0.0,,1948,2021,6293.5,3.0
BEN__PAK,BEN,PAK,0.0,0.0,0,0.0,0.0,0.0,,0.0,,1948,2021,7166.0,2.0
BEN__PAN,BEN,PAN,0.0,0.0,0,0.0,0.0,0.0,,0.0,,1948,2021,9022.5,9.0
BEN__PER,BEN,PER,0.0,0.0,0,0.0,0.0,0.0,,0.0,,1948,2021,9021.5,5.0
BEN__PHL,BEN,PHL,0.0,0.0,0,0.0,0.0,0.0,,0.0,,1948,2021,12869.5,3.0
BEN__PLW,BEN,PLW,0.0,0.0,0,0.0,0.0,0.0,,0.0,,1948,2021,14507.0,14.0
BEN__PNG,BEN,PNG,0.0,0.0,0,0.0,0.0,0.0,,0.0,,1948,2021,16142.0,8.0
BEN__PRK,BEN,PRK,0.0,0.0,0,0.0,0.0,0.0,,0.0,,1948,2021,12327.5,1.0
BEN__PRT,BEN,PRT,0.0,0.0,0,0.0,0.0,0.0,,0.0,,1948,2021,3762.5,11.0
BEN__PRY,BEN,PRY,0.0,0.0,0,0.0,0.0,0.0,,0.0,,1948,2021,7376.5,1.0
BEN__QAT,BEN,QAT,0.0,0.0,0,0.0,0.0,0.0,,0.0,,1948,2021,5618.0,8.0
BEN__RWA,BEN,RWA,0.0,0.0,0,0.0,1.0,1.0,,0.0,,1948,2021,3211.0,10.0
BEN__SAU,BEN,SAU,0.0,0.0,0,0.0,0.0,0.0,,0.0,,1948,2021,4745.5,781.0
BEN__SDN,BEN,SDN,0.0,0.0,0,0.0,0.0,0.0,,0.0,,1948,2021,3441.5,3.0
BEN__SEN,BEN,SEN,0.0,0.0,0,1.0,1.0,1.0,,1.0,,1948,2021,2354.0,10.0
BEN__SGP,BEN,SGP,0.0,0.0,0,0.0,0.0,0.0,,0.0,,1948,2021,11270.0,6.0
BEN__SLB,BEN,SLB,0.0,0.0,0,0.0,0.0,0.0,,0.0,,1948,2021,17540.0,8.0
BEN__SLE,BEN,SLE,0.0,0.0,0,0.0,0.0,0.0,,0.0,,1948,2021,1739.0,8.0
BEN__SLV,BEN,SLV,0.0,0.0,0,0.0,0.0,0.0,,0.0,,1948,2021,10020.0,8.0
BEN__SOM,BEN,SOM,0.0,0.0,0,0.0,0.0,0.0,,0.0,,1948,2021,4791.5,7.0
BEN__SSD,BEN,SSD,0.0,0.0,0,0.0,0.0,0.0,,0.0,,1948,2021,3238.5,7.0
BEN__STP,BEN,STP,0.0,0.0,0,0.0,0.0,0.0,,0.0,,1948,2021,826.5,11.0
BEN__SUR,BEN,SUR,0.0,0.0,0,0.0,0.0,0.0,,0.0,,1948,2021,6367.5,7.0
BEN__SWZ,BEN,SWZ,0.0,0.0,0,0.0,0.0,0.0,,0.0,,1948,2021,4768.5,11.0
BEN__SYC,BEN,SYC,0.0,0.0,0,1.0,1.0,1.0,,0.0,,1948,2021,6021.5,9.0
BEN__SYR,BEN,SYR,0.0,0.0,0,1.0,0.0,0.0,,1.0,,1948,2021,4724.0,234.0
BEN__TCD,BEN,TCD,0.0,0.0,0,1.0,0.0,1.0,,1.0,,1948,2021,1526.5,3.0
BEN__TGO,BEN,TGO,1.0,0.0,0,1.0,1.0,1.0,,1.0,,1948,2021,133.5,5.0
BEN__THA,BEN,THA,0.0,0.0,0,0.0,0.0,0.0,,0.0,,1948,2021,10723.5,5.0
BEN__TJK,BEN,TJK,0.0,0.0,0,0.0,0.0,0.0,,0.0,,1948,2021,7521.5,1.0
BEN__TKM,BEN,TKM,0.0,0.0,0,0.0,0.0,0.0,,0.0,,1948,2021,6621.5,1.0
BEN__TLS,BEN,TLS,0.0,0.0,0,0.0,0.0,0.0,,0.0,,1948,2021,13766.0,8.0
BEN__TON,BEN,TON,0.0,0.0,0,0.0,0.0,0.0,,0.0,,1948,2021,18354.0,8.0
BEN__TTO,BEN,TTO,0.0,0.0,0,0.0,0.0,0.0,,0.0,,1948,2021,7040.0,8.0
BEN__TUN,BEN,TUN,0.0,0.0,0,1.0,0.0,1.0,,1.0,,1948,2021,3459.5,7.0
BEN__TUR,BEN,TUR,0.0,0.0,0,0.0,0.0,0.0,,0.0,,1948,2021,4653.5,5.0
BEN__TUV,BEN,TUV,0.0,0.0,0,0.0,0.0,0.0,,0.0,,1948,2021,19603.5,11.0
BEN__TWN,BEN,TWN,0.0,0.0,0,0.0,0.0,0.0,,0.0,,1948,2021,12580.0,6.0
BEN__TZA,BEN,TZA,0.0,0.0,0,0.0,0.0,0.0,,0.0,,1948,2021,4350.0,10.0
BEN__UGA,BEN,UGA,0.0,0.0,0,0.0,0.0,0.0,,0.0,,1948,2021,3421.0,8.0
BEN__URY,BEN,URY,0.0,0.0,0,0.0,0.0,0.0,,0.0,,1948,2021,7643.5,1.0
BEN__USA,BEN,USA,0.0,0.0,0,1.0,0.0,0.0,,0.0,,1948,2021,8402.5,11.0
BEN__UZB,BEN,UZB,0.0,0.0,0,0.0,0.0,0.0,,0.0,,1948,2021,7612.5,1.0
BEN__VCT,BEN,VCT,0.0,0.0,0,0.0,0.0,0.0,,0.0,,1948,2021,7002.5,9.0
BEN__VEN,BEN,VEN,0.0,0.0,0,0.0,0.0,0.0,,0.0,,1948,2021,7627.5,9.0
BEN__VNM,BEN,VNM,0.0,0.0,0,1.0,0.0,0.0,,1.0,,1948,2021,11434.0,4.0
BEN__VUT,BEN,VUT,0.0,0.0,0,1.0,1.0,1.0,,1.0,,1948,2021,18046.5,11.0
BEN__WSM,BEN,WSM,0.0,0.0,0,0.0,0.0,0.0,,0.0,,1948,2021,18974.5,3.0
BEN__YEM,BEN,YEM,0.0,0.0,0,0.0,0.0,0.0,,0.0,,1948,2021,4598.5,145.0
BEN__ZAF,BEN,ZAF,0.0,0.0,0,0.0,0.0,0.0,,0.0,,1948,2021,4655.5,225.0
BEN__ZMB,BEN,ZMB,0.0,0.0,0,0.0,0.0,0.0,,0.0,,1948,2021,3649.0,190.0
BEN__ZWE,BEN,ZWE,0.0,0.0,0,0.0,0.0,0.0,,0.0,,1948,2021,4136.5,11.0
BFA__BGD,BFA,BGD,0.0,0.0,0,0.0,0.0,0.0,,0.0,,1948,2021,9665.0,0.0
BFA__BHR,BFA,BHR,0.0,0.0,0,0.0,0.0,0.0,,0.0,,1948,2021,5814.0,328.0
BFA__BHS,BFA,BHS,0.0,0.0,0,0.0,0.0,0.0,,0.0,,1948,2021,7911.5,227.0
BFA__BLZ,BFA,BLZ,0.0,0.0,0,0.0,0.0,0.0,,0.0,,1948,2021,9200.0,252.0
BFA__BOL,BFA,BOL,0.0,0.0,0,0.0,0.0,0.0,,0.0,,1948,2021,7830.0,328.0
BFA__BRA,BFA,BRA,0.0,0.0,0,0.0,0.0,0.0,,0.0,,1948,2021,5995.0,640.0
BFA__BRB,BFA,BRB,0.0,0.0,0,0.0,0.0,0.0,,0.0,,1948,2021,6153.0,280.0
BFA__BRN,BFA,BRN,0.0,0.0,0,0.0,0.0,0.0,,0.0,,1948,2021,12913.5,321.0
BFA__BTN,BFA,BTN,0.0,0.0,0,0.0,0.0,0.0,,0.0,,1948,2021,9667.5,327.0
BFA__BWA,BFA,BWA,0.0,0.0,0,0.0,0.0,0.0,,0.0,,1948,2021,5106.0,80.0
BFA__CAF,BFA,CAF,0.0,0.0,0,1.0,1.0,1.0,,1.0,,1948,2021,2505.5,247.0
BFA__CAN,BFA,CAN,0.0,0.0,0,1.0,1.0,1.0,,0.0,,1948,2021,7809.0,580.0
BFA__CHL,BFA,CHL,0.0,0.0,0,0.0,0.0,0.0,,0.0,,1948,2021,8738.0,318.0
BFA__CHN,BFA,CHN,0.0,0.0,0,0.0,0.0,0.0,,0.0,,1948,2021,12417.0,314.0
BFA__CIV,BFA,CIV,1.0,0.0,0,1.0,1.0,1.0,,1.0,,1948,2021,734.5,177.0
BFA__CMR,BFA,CMR,0.0,0.0,0,1.0,1.0,1.0,,1.0,,1948,2021,1638.0,192.0
BFA__COD,BFA,COD,0.0,0.0,0,0.0,1.0,1.0,,0.0,,1948,2021,2696.0,144.0
BFA__COG,BFA,COG,0.0,0.0,0,1.0,1.0,1.0,,1.0,,1948,2021,2689.0,144.0
BFA__COL,BFA,COL,0.0,0.0,0,0.0,0.0,0.0,,0.0,,1948,2021,7863.5,299.0
BFA__COM,BFA,COM,0.0,0.0,0,1.0,1.0,1.0,,1.0,,1948,2021,5727.0,216.0
BFA__CPV,BFA,CPV,0.0,0.0,0,0.0,0.0,0.0,,0.0,,1948,2021,2258.5,269.0
BFA__CRI,BFA,CRI,0.0,0.0,0,0.0,0.0,0.0,,0.0,,1948,2021,8843.5,279.0
BFA__CUB,BFA,CUB,0.0,0.0,0,0.0,0.0,0.0,,0.0,,1948,2021,8442.5,233.0
BFA__CYP,BFA,CYP,0.0,0.0,0,0.0,0.0,0.0,,0.0,,1948,2021,4481.0,312.0
BFA__DEU,BFA,DEU,0.0,0.0,0,0.0,0.0,0.0,,0.0,,1948,2021,4752.5,203.0
BFA__DJI,BFA,DJI,0.0,0.0,0,1.0,1.0,1.0,,1.0,,1948,2021,5017.0,310.0
BFA__DMA,BFA,DMA,0.0,0.0,0,0.0,0.0,1.0,,0.0,,1948,2021,6323.5,271.0
BFA__DOM,BFA,DOM,0.0,0.0,0,1.0,0.0,0.0,,0.0,,1948,2021,7201.0,256.0
BFA__DZA,BFA,DZA,0.0,0.0,0,1.0,1.0,1.0,,1.0,,1948,2021,2833.5,187.0
BFA__ECU,BFA,ECU,0.0,0.0,0,0.0,0.0,0.0,,0.0,,1948,2021,8650.5,311.0
BFA__EGY,BFA,EGY,0.0,0.0,0,0.0,0.0,0.0,,0.0,,1948,2021,4064.0,322.0
BFA__ERI,BFA,ERI,0.0,0.0,0,0.0,0.0,0.0,,0.0,,1948,2021,4381.0,0.0
BFA__ESP,BFA,ESP,0.0,0.0,0,0.0,0.0,0.0,,0.0,,1948,2021,3261.5,291.0
BFA__ETH,BFA,ETH,0.0,0.0,0,0.0,0.0,0.0,,0.0,,1948,2021,4569.5,301.0
BFA__FJI,BFA,FJI,0.0,0.0,0,0.0,0.0,0.0,,0.0,,1948,2021,19274.0,182.0
BFA__FRA,BFA,FRA,0.0,1.0,1,0.0,1.0,1.0,0.0,0.0,1960.0,1948,2021,4142.5,161.0
BFA__FSM,BFA,FSM,0.0,0.0,0,0.0,0.0,0.0,,0.0,,1948,2021,17077.0,306.0
BFA__GAB,BFA,GAB,0.0,0.0,0,1.0,1.0,1.0,,1.0,,1948,2021,1864.5,137.0
BFA__GBR,BFA,GBR,0.0,0.0,0,0.0,0.0,0.0,,0.0,,1948,2021,4416.0,146.0
BFA__GEO,BFA,GEO,0.0,0.0,0,0.0,0.0,0.0,,0.0,,1948,2021,5536.0,0.0
BFA__GHA,BFA,GHA,1.0,0.0,0,0.0,0.0,0.0,,0.0,,1948,2021,698.0,140.0
BFA__GIN,BFA,GIN,0.0,0.0,0,1.0,1.0,1.0,,1.0,,1948,2021,1199.0,320.0
BFA__GMB,BFA,GMB,0.0,0.0,0,0.0,0.0,0.0,,0.0,,1948,2021,1508.5,277.0
BFA__GNB,BFA,GNB,0.0,0.0,0,0.0,0.0,0.0,,0.0,,1948,2021,1383.0,296.0
BFA__GNQ,BFA,GNQ,0.0,0.0,0,0.0,0.0,1.0,,0.0,,1948,2021,1784.0,160.0
BFA__GRD,BFA,GRD,0.0,0.0,0,0.0,0.0,0.0,,0.0,,1948,2021,6395.5,283.0
BFA__GTM,BFA,GTM,0.0,0.0,0,0.0,0.0,0.0,,0.0,,1948,2021,9439.0,260.0
BFA__GUY,BFA,GUY,0.0,0.0,0,0.0,0.0,0.0,,0.0,,1948,2021,6085.0,300.0
BFA__HND,BFA,HND,0.0,0.0,0,0.0,0.0,0.0,,0.0,,1948,2021,9097.5,265.0
BFA__HTI,BFA,HTI,0.0,0.0,0,1.0,0.0,1.0,,0.0,,1948,2021,7456.5,255.0
BFA__IDN,BFA,IDN,0.0,0.0,0,0.0,0.0,0.0,,0.0,,1948,2021,12305.5,295.0
BFA__IND,BFA,IND,0.0,0.0,0,0.0,0.0,0.0,,0.0,,1948,2021,8885.5,1857.0
BFA__IRN,BFA,IRN,0.0,0.0,0,0.0,0.0,0.0,,0.0,,1948,2021,6049.5,321.0
BFA__IRQ,BFA,IRQ,0.0,0.0,0,0.0,0.0,0.0,,0.0,,1948,2021,5362.0,322.0
BFA__ISR,BFA,ISR,0.0,0.0,0,0.0,1.0,0.0,,0.0,,1948,2021,4462.0,320.0
BFA__ITA,BFA,ITA,0.0,0.0,0,0.0,0.0,0.0,,0.0,,1948,2021,3660.0,232.0
BFA__JAM,BFA,JAM,0.0,0.0,0,0.0,0.0,0.0,,0.0,,1948,2021,7931.5,255.0
BFA__JOR,BFA,JOR,0.0,0.0,0,0.0,0.0,0.0,,0.0,,1948,2021,4559.5,321.0
BFA__JPN,BFA,JPN,0.0,0.0,0,0.0,0.0,0.0,,0.0,,1948,2021,13453.0,280.0
BFA__KAZ,BFA,KAZ,0.0,0.0,0,0.0,0.0,0.0,,0.0,,1948,2021,8146.0,0.0
BFA__KEN,BFA,KEN,0.0,0.0,0,0.0,0.0,0.0,,0.0,,1948,2021,4626.5,255.0
BFA__KGZ,BFA,KGZ,0.0,0.0,0,0.0,0.0,0.0,,0.0,,1948,2021,7958.0,0.0
BFA__KHM,BFA,KHM,0.0,0.0,0,1.0,0.0,0.0,,1.0,,1948,2021,11650.5,325.0
BFA__KIR,BFA,KIR,0.0,0.0,0,0.0,0.0,0.0,,0.0,,1948,2021,18484.0,212.0
BFA__KNA,BFA,KNA,0.0,0.0,0,0.0,0.0,0.0,,0.0,,1948,2021,6451.5,263.0
BFA__KOR,BFA,KOR,0.0,0.0,0,0.0,0.0,0.0,,0.0,,1948,2021,12460.0,296.0
BFA__KWT,BFA,KWT,0.0,0.0,0,0.0,0.0,0.0,,0.0,,1948,2021,5603.5,327.0
BFA__LAO,BFA,LAO,0.0,0.0,0,1.0,0.0,0.0,,1.0,,1948,2021,11215.5,327.0
BFA__LBN,BFA,LBN,0.0,0.0,0,1.0,1.0,1.0,,0.0,,1948,2021,4599.5,317.0
BFA__LBR,BFA,LBR,0.0,0.0,0,0.0,0.0,0.0,,0.0,,1948,2021,1057.0,322.0
BFA__LBY,BFA,LBY,0.0,0.0,0,0.0,0.0,0.0,,0.0,,1948,2021,2859.0,272.0
BFA__LCA,BFA,LCA,0.0,0.0,0,0.0,0.0,0.0,,0.0,,1948,2021,6292.0,276.0
BFA__LKA,BFA,LKA,0.0,0.0,0,0.0,0.0,0.0,,0.0,,1948,2021,9079.0,312.0
BFA__LSO,BFA,LSO,0.0,0.0,0,0.0,0.0,0.0,,0.0,,1948,2021,5599.5,65.0
BFA__MAR,BFA,MAR,0.0,0.0,0,1.0,1.0,1.0,,1.0,,1948,2021,2468.0,74.0
BFA__MDG,BFA,MDG,0.0,0.0,0,1.0,1.0,1.0,,1.0,,1948,2021,6495.0,190.0
BFA__MDV,BFA,MDV,0.0,0.0,0,0.0,0.0,0.0,,0.0,,1948,2021,8447.0,304.0
BFA__MEX,BFA,MEX,0.0,0.0,0,0.0,0.0,0.0,,0.0,,1948,2021,10225.5,237.0
BFA__MHL,BFA,MHL,0.0,0.0,0,0.0,0.0,0.0,,0.0,,1948,2021,17824.0,212.0
BFA__MLI,BFA,MLI,1.0,0.0,0,1.0,0.0,1.0,,1.0,,1948,2021,569.0,268.0
BFA__MMR,BFA,MMR,0.0,0.0,0,0.0,0.0,0.0,,0.0,,1948,2021,10588.0,326.0
BFA__MNG,BFA,MNG,0.0,0.0,0,0.0,0.0,0.0,,0.0,,1948,2021,10472.0,292.0
BFA__MOZ,BFA,MOZ,0.0,0.0,0,0.0,0.0,0.0,,0.0,,1948,2021,5673.5,115.0
BFA__MRT,BFA,MRT,0.0,0.0,0,1.0,0.0,0.0,,1.0,,1948,2021,1573.0,204.0
BFA__MUS,BFA,MUS,0.0,0.0,0,1.0,1.0,1.0,,0.0,,1948,2021,7500.5,205.0
BFA__MWI,BFA,MWI,0.0,0.0,0,0.0,0.0,0.0,,0.0,,1948,2021,5061.5,393.0
BFA__MYS,BFA,MYS,0.0,0.0,0,0.0,0.0,0.0,,0.0,,1948,2021,11673.0,592.0
BFA__NAM,BFA,NAM,0.0,0.0,0,0.0,0.0,0.0,,0.0,,1948,2021,4383.0,36.0
BFA__NER,BFA,NER,1.0,0.0,0,1.0,1.0,1.0,,1.0,,1948,2021,579.5,327.0
BFA__NGA,BFA,NGA,0.0,0.0,0,0.0,0.0,0.0,,0.0,,1948,2021,902.0,182.0
BFA__NIC,BFA,NIC,0.0,0.0,0,0.0,0.0,0.0,,0.0,,1948,2021,9033.5,271.0
BFA__NLD,BFA,NLD,0.0,0.0,0,0.0,0.0,0.0,,0.0,,1948,2021,4532.0,222.0
BFA__NPL,BFA,NPL,0.0,0.0,0,0.0,0.0,0.0,,0.0,,1948,2021,9243.5,327.0
BFA__NRU,BFA,NRU,0.0,0.0,0,0.0,0.0,0.0,,0.0,,1948,2021,18341.0,298.0
BFA__NZL,BFA,NZL,0.0,0.0,0,0.0,0.0,0.0,,0.0,,1948,2021,17211.0,108.0
BFA__OMN,BFA,OMN,0.0,0.0,0,0.0,0.0,0.0,,0.0,,1948,2021,6609.0,328.0
BFA__PAK,BFA,PAK,0.0,0.0,0,0.0,0.0,0.0,,0.0,,1948,2021,7467.0,328.0
BFA__PAN,BFA,PAN,0.0,0.0,0,0.0,0.0,0.0,,0.0,,1948,2021,8368.5,285.0
BFA__PER,BFA,PER,0.0,0.0,0,0.0,0.0,0.0,,0.0,,1948,2021,8601.5,325.0
BFA__PHL,BFA,PHL,0.0,0.0,0,0.0,0.0,0.0,,0.0,,1948,2021,13191.0,328.0
BFA__PLW,BFA,PLW,0.0,0.0,0,0.0,0.0,0.0,,0.0,,1948,2021,14863.0,328.0
BFA__PNG,BFA,PNG,0.0,0.0,0,0.0,0.0,0.0,,0.0,,1948,2021,16755.0,304.0
BFA__PRK,BFA,PRK,0.0,0.0,0,0.0,0.0,0.0,,0.0,,1948,2021,12278.5,295.0
BFA__PRT,BFA,PRT,0.0,0.0,0,0.0,0.0,0.0,,0.0,,1948,2021,3052.0,74.0
BFA__PRY,BFA,PRY,0.0,0.0,0,0.0,0.0,0.0,,0.0,,1948,2021,7212.0,322.0
BFA__QAT,BFA,QAT,0.0,0.0,0,0.0,0.0,0.0,,0.0,,1948,2021,5894.0,338.0
BFA__RWA,BFA,RWA,0.0,0.0,0,0.0,1.0,1.0,,0.0,,1948,2021,3953.0,236.0
BFA__SAU,BFA,SAU,0.0,0.0,0,0.0,0.0,0.0,,0.0,,1948,2021,4875.0,740.0
BFA__SDN,BFA,SDN,0.0,0.0,0,0.0,0.0,0.0,,0.0,,1948,2021,3854.5,319.0
BFA__SEN,BFA,SEN,0.0,0.0,0,1.0,1.0,1.0,,1.0,,1948,2021,1609.5,263.0
BFA__SGP,BFA,SGP,0.0,0.0,0,0.0,0.0,0.0,,0.0,,1948,2021,11659.0,0.0
BFA__SLB,BFA,SLB,0.0,0.0,0,0.0,0.0,0.0,,0.0,,1948,2021,18143.0,314.0
BFA__SLE,BFA,SLE,0.0,0.0,0,0.0,0.0,0.0,,0.0,,1948,2021,1187.0,326.0
BFA__SLV,BFA,SLV,0.0,0.0,0,0.0,0.0,0.0,,0.0,,1948,2021,9315.5,265.0
BFA__SOM,BFA,SOM,0.0,0.0,0,0.0,0.0,0.0,,0.0,,1948,2021,5433.0,280.0
BFA__SSD,BFA,SSD,0.0,0.0,0,0.0,0.0,0.0,,0.0,,1948,2021,3735.0,0.0
BFA__STP,BFA,STP,0.0,0.0,0,0.0,0.0,0.0,,0.0,,1948,2021,1661.5,97.0
BFA__SUR,BFA,SUR,0.0,0.0,0,0.0,0.0,0.0,,0.0,,1948,2021,5777.0,304.0
BFA__SWZ,BFA,SWZ,0.0,0.0,0,0.0,0.0,0.0,,0.0,,1948,2021,5599.5,97.0
BFA__SYC,BFA,SYC,0.0,0.0,0,1.0,1.0,1.0,,0.0,,1948,2021,6711.0,266.0
BFA__SYR,BFA,SYR,0.0,0.0,0,1.0,0.0,0.0,,1.0,,1948,2021,4654.0,318.0
BFA__TCD,BFA,TCD,0.0,0.0,0,1.0,0.0,1.0,,1.0,,1948,2021,1957.5,307.0
BFA__TGO,BFA,TGO,1.0,0.0,0,1.0,1.0,1.0,,1.0,,1948,2021,788.0,72.0
BFA__THA,BFA,THA,0.0,0.0,0,0.0,0.0,0.0,,0.0,,1948,2021,11127.5,325.0
BFA__TJK,BFA,TJK,0.0,0.0,0,0.0,0.0,0.0,,0.0,,1948,2021,7457.0,0.0
BFA__TKM,BFA,TKM,0.0,0.0,0,0.0,0.0,0.0,,0.0,,1948,2021,6545.0,0.0
BFA__TLS,BFA,TLS,0.0,0.0,0,0.0,0.0,0.0,,0.0,,1948,2021,14238.0,0.0
BFA__TON,BFA,TON,0.0,0.0,0,0.0,0.0,0.0,,0.0,,1948,2021,18689.5,283.0
BFA__TTO,BFA,TTO,0.0,0.0,0,0.0,0.0,0.0,,0.0,,1948,2021,6388.5,287.0
BFA__TUN,BFA,TUN,0.0,0.0,0,1.0,0.0,1.0,,1.0,,1948,2021,3070.5,239.0
BFA__TUR,BFA,TUR,0.0,0.0,0,0.0,0.0,0.0,,0.0,,1948,2021,4491.5,289.0
BFA__TUV,BFA,TUV,0.0,0.0,0,0.0,0.0,0.0,,0.0,,1948,2021,19556.0,32.0
BFA__TWN,BFA,TWN,0.0,0.0,0,0.0,0.0,0.0,,0.0,,1948,2021,12751.0,328.0
BFA__TZA,BFA,TZA,0.0,0.0,0,0.0,0.0,0.0,,0.0,,1948,2021,5104.5,231.0
BFA__UGA,BFA,UGA,0.0,0.0,0,0.0,0.0,0.0,,0.0,,1948,2021,4123.5,255.0
BFA__URY,BFA,URY,0.0,0.0,0,0.0,0.0,0.0,,0.0,,1948,2021,7621.5,305.0
BFA__USA,BFA,USA,0.0,0.0,0,1.0,0.0,0.0,,0.0,,1948,2021,7574.5,149.0
BFA__UZB,BFA,UZB,0.0,0.0,0,0.0,0.0,0.0,,0.0,,1948,2021,7508.0,0.0
BFA__VCT,BFA,VCT,0.0,0.0,0,0.0,0.0,0.0,,0.0,,1948,2021,6326.5,279.0
BFA__VEN,BFA,VEN,0.0,0.0,0,0.0,0.0,0.0,,0.0,,1948,2021,6973.0,286.0
BFA__VNM,BFA,VNM,0.0,0.0,0,1.0,0.0,0.0,,1.0,,1948,2021,11859.0,324.0
BFA__VUT,BFA,VUT,0.0,0.0,0,1.0,1.0,1.0,,1.0,,1948,2021,18865.5,157.0
BFA__WSM,BFA,WSM,0.0,0.0,0,0.0,0.0,0.0,,0.0,,1948,2021,18802.0,322.0
BFA__YEM,BFA,YEM,0.0,0.0,0,0.0,0.0,0.0,,0.0,,1948,2021,4974.0,318.0
BFA__ZAF,BFA,ZAF,0.0,0.0,0,0.0,0.0,0.0,,0.0,,1948,2021,5438.5,207.0
BFA__ZMB,BFA,ZMB,0.0,0.0,0,0.0,0.0,0.0,,0.0,,1948,2021,4402.0,192.0
BFA__ZWE,BFA,ZWE,0.0,0.0,0,0.0,0.0,0.0,,0.0,,1948,2021,4968.0,142.0
BGD__BHR,BGD,BHR,0.0,0.0,0,1.0,0.0,0.0,,1.0,,1948,2021,4016.0,0.0
BGD__BHS,BGD,BHS,0.0,0.0,0,1.0,0.0,0.0,,1.0,,1948,2021,14451.0,0.0
BGD__BLZ,BGD,BLZ,0.0,0.0,0,1.0,0.0,0.0,,1.0,,1948,2021,15472.0,0.0
BGD__BOL,BGD,BOL,0.0,0.0,0,0.0,0.0,0.0,,0.0,,1948,2021,17653.0,0.0
BGD__BRA,BGD,BRA,0.0,0.0,0,0.0,0.0,0.0,,0.0,,1948,2021,15665.0,0.0
BGD__BRB,BGD,BRB,0.0,0.0,0,1.0,0.0,0.0,,1.0,,1948,2021,14798.0,0.0
BGD__BRN,BGD,BRN,0.0,0.0,0,1.0,0.0,0.0,,1.0,,1948,2021,3353.0,0.0
BGD__BTN,BGD,BTN,0.0,0.0,0,0.0,0.0,0.0,,0.0,,1948,2021,423.0,0.0
BGD__BWA,BGD,BWA,0.0,0.0,0,1.0,0.0,0.0,,1.0,,1948,2021,8777.0,0.0
BGD__CAF,BGD,CAF,0.0,0.0,0,0.0,0.0,0.0,,0.0,,1948,2021,7973.0,0.0
BGD__CAN,BGD,CAN,0.0,0.0,0,1.0,0.0,0.0,,0.0,,1948,2021,12320.0,298.0
BGD__CHL,BGD,CHL,0.0,0.0,0,0.0,0.0,0.0,,0.0,,1948,2021,17883.0,0.0
BGD__CHN,BGD,CHN,0.0,0.0,0,0.0,0.0,0.0,,0.0,,1948,2021,3168.0,0.0
BGD__CIV,BGD,CIV,0.0,0.0,0,0.0,0.0,0.0,,0.0,,1948,2021,10229.0,0.0
BGD__CMR,BGD,CMR,0.0,0.0,0,0.0,0.0,0.0,,0.0,,1948,2021,8800.5,177.0
BGD__COD,BGD,COD,0.0,0.0,0,0.0,0.0,0.0,,0.0,,1948,2021,8699.0,0.0
BGD__COG,BGD,COG,0.0,0.0,0,0.0,0.0,0.0,,0.0,,1948,2021,8699.0,0.0
BGD__COL,BGD,COL,0.0,0.0,0,0.0,0.0,0.0,,0.0,,1948,2021,16454.0,0.0
BGD__COM,BGD,COM,0.0,0.0,0,0.0,0.0,0.0,,0.0,,1948,2021,6455.0,0.0
BGD__CPV,BGD,CPV,0.0,0.0,0,0.0,0.0,0.0,,0.0,,1948,2021,11667.0,0.0
BGD__CRI,BGD,CRI,0.0,0.0,0,0.0,0.0,0.0,,0.0,,1948,2021,16236.0,0.0
BGD__CUB,BGD,CUB,0.0,0.0,0,0.0,0.0,0.0,,0.0,,1948,2021,14765.0,0.0
BGD__CYP,BGD,CYP,0.0,0.0,0,1.0,0.0,0.0,,1.0,,1948,2021,5602.0,0.0
BGD__DEU,BGD,DEU,0.0,0.0,0,0.0,0.0,0.0,,0.0,,1948,2021,7084.0,0.0
BGD__DJI,BGD,DJI,0.0,0.0,0,0.0,0.0,0.0,,0.0,,1948,2021,5166.0,0.0
BGD__DMA,BGD,DMA,0.0,0.0,0,1.0,0.0,0.0,,1.0,,1948,2021,14719.0,0.0
BGD__DOM,BGD,DOM,0.0,0.0,0,0.0,0.0,0.0,,0.0,,1948,2021,14874.0,0.0
BGD__DZA,BGD,DZA,0.0,0.0,0,0.0,0.0,0.0,,0.0,,1948,2021,8252.0,0.0
BGD__ECU,BGD,ECU,0.0,0.0,0,0.0,0.0,0.0,,0.0,,1948,2021,17406.0,0.0
BGD__EGY,BGD,EGY,0.0,0.0,0,1.0,0.0,0.0,,0.0,,1948,2021,5858.0,0.0
BGD__ERI,BGD,ERI,0.0,0.0,0,1.0,0.0,0.0,,1.0,,1948,2021,5454.0,0.0
BGD__ESP,BGD,ESP,0.0,0.0,0,0.0,0.0,0.0,,0.0,,1948,2021,8670.0,0.0
BGD__ETH,BGD,ETH,0.0,0.0,0,0.0,0.0,0.0,,0.0,,1948,2021,5720.0,0.0
BGD__FJI,BGD,FJI,0.0,0.0,0,1.0,0.0,0.0,,1.0,,1948,2021,10616.0,0.0
BGD__FRA,BGD,FRA,0.0,0.0,0,0.0,0.0,0.0,,0.0,,1948,2021,7924.0,0.0
BGD__FSM,BGD,FSM,0.0,0.0,0,0.0,0.0,0.0,,0.0,,1948,2021,7445.0,0.0
BGD__GAB,BGD,GAB,0.0,0.0,0,0.0,0.0,0.0,,0.0,,1948,2021,9077.0,0.0
BGD__GBR,BGD,GBR,0.0,1.0,1,0.0,0.0,0.0,,0.0,1956.0,1948,2021,8017.0,0.0
BGD__GEO,BGD,GEO,0.0,0.0,0,0.0,0.0,0.0,,0.0,,1948,2021,4648.0,0.0
BGD__GHA,BGD,GHA,0.0,0.0,0,1.0,0.0,0.0,,1.0,,1948,2021,9878.5,95.0
BGD__GIN,BGD,GIN,0.0,0.0,0,0.0,0.0,0.0,,0.0,,1948,2021,10996.0,0.0
BGD__GMB,BGD,GMB,0.0,0.0,0,1.0,0.0,0.0,,1.0,,1948,2021,11098.0,0.0
BGD__GNB,BGD,GNB,0.0,0.0,0,0.0,0.0,0.0,,0.0,,1948,2021,11074.0,0.0
BGD__GNQ,BGD,GNQ,0.0,0.0,0,0.0,0.0,0.0,,0.0,,1948,2021,8979.0,0.0
BGD__GRD,BGD,GRD,0.0,0.0,0,1.0,0.0,0.0,,1.0,,1948,2021,15032.0,0.0
BGD__GTM,BGD,GTM,0.0,0.0,0,0.0,0.0,0.0,,0.0,,1948,2021,15763.0,0.0
BGD__GUY,BGD,GUY,0.0,0.0,0,1.0,0.0,0.0,,1.0,,1948,2021,15217.0,0.0
BGD__HND,BGD,HND,0.0,0.0,0,0.0,0.0,0.0,,0.0,,1948,2021,15815.0,0.0
BGD__HTI,BGD,HTI,0.0,0.0,0,0.0,0.0,0.0,,0.0,,1948,2021,14972.0,0.0
BGD__IDN,BGD,IDN,0.0,0.0,0,0.0,0.0,0.0,,0.0,,1948,2021,3761.0,0.0
BGD__IND,BGD,IND,1.0,0.0,0,1.0,1.0,0.0,,1.0,,1948,2021,1067.0,1640.0
BGD__IRN,BGD,IRN,0.0,0.0,0,0.0,0.0,0.0,,0.0,,1948,2021,3969.0,0.0
BGD__IRQ,BGD,IRQ,0.0,0.0,0,1.0,0.0,0.0,,0.0,,1948,2021,4590.0,0.0
BGD__ISR,BGD,ISR,0.0,0.0,0,1.0,0.0,0.0,,1.0,,1948,2021,5496.0,0.0
BGD__ITA,BGD,ITA,0.0,0.0,0,0.0,0.0,0.0,,0.0,,1948,2021,7321.0,0.0
BGD__JAM,BGD,JAM,0.0,0.0,0,1.0,0.0,0.0,,1.0,,1948,2021,15188.0,0.0
BGD__JOR,BGD,JOR,0.0,0.0,0,1.0,0.0,0.0,,1.0,,1948,2021,5387.0,0.0
BGD__JPN,BGD,JPN,0.0,0.0,0,0.0,0.0,0.0,,0.0,,1948,2021,4897.0,0.0
BGD__KAZ,BGD,KAZ,0.0,0.0,0,0.0,0.0,0.0,,0.0,,1948,2021,2496.0,0.0
BGD__KEN,BGD,KEN,0.0,0.0,0,1.0,0.0,0.0,,1.0,,1948,2021,6417.0,0.0
BGD__KGZ,BGD,KGZ,0.0,0.0,0,0.0,0.0,0.0,,0.0,,1948,2021,2576.0,0.0
BGD__KHM,BGD,KHM,0.0,0.0,0,0.0,0.0,0.0,,0.0,,1948,2021,2041.0,0.0
BGD__KIR,BGD,KIR,0.0,0.0,0,1.0,0.0,0.0,,1.0,,1948,2021,9200.0,0.0
BGD__KNA,BGD,KNA,0.0,0.0,0,1.0,0.0,0.0,,1.0,,1948,2021,14618.0,0.0
BGD__KOR,BGD,KOR,0.0,0.0,0,0.0,0.0,0.0,,0.0,,1948,2021,3797.0,0.0
BGD__KWT,BGD,KWT,0.0,0.0,0,1.0,0.0,0.0,,1.0,,1948,2021,4252.0,0.0
BGD__LAO,BGD,LAO,0.0,0.0,0,0.0,0.0,0.0,,0.0,,1948,2021,1418.0,0.0
BGD__LBN,BGD,LBN,0.0,0.0,0,0.0,0.0,0.0,,0.0,,1948,2021,5416.0,0.0
BGD__LBR,BGD,LBR,0.0,0.0,0,0.0,0.0,0.0,,0.0,,1948,2021,10868.0,0.0
BGD__LBY,BGD,LBY,0.0,0.0,0,0.0,0.0,0.0,,0.0,,1948,2021,7480.0,0.0
BGD__LCA,BGD,LCA,0.0,0.0,0,1.0,0.0,0.0,,1.0,,1948,2021,14810.0,0.0
BGD__LKA,BGD,LKA,0.0,0.0,0,1.0,0.0,0.0,,1.0,,1948,2021,2173.0,0.0
BGD__LSO,BGD,LSO,0.0,0.0,0,1.0,0.0,0.0,,1.0,,1948,2021,8930.0,0.0
BGD__MAR,BGD,MAR,0.0,0.0,0,0.0,0.0,0.0,,0.0,,1948,2021,9283.0,0.0
BGD__MDG,BGD,MDG,0.0,0.0,0,0.0,0.0,0.0,,0.0,,1948,2021,6626.0,0.0
BGD__MDV,BGD,MDV,0.0,0.0,0,1.0,0.0,0.0,,1.0,,1948,2021,2823.0,0.0
BGD__MEX,BGD,MEX,0.0,0.0,0,0.0,0.0,0.0,,0.0,,1948,2021,15122.0,0.0
BGD__MHL,BGD,MHL,0.0,0.0,0,0.0,0.0,0.0,,0.0,,1948,2021,8785.0,0.0
BGD__MLI,BGD,MLI,0.0,0.0,0,0.0,0.0,0.0,,0.0,,1948,2021,10292.0,0.0
BGD__MMR,BGD,MMR,1.0,0.0,0,1.0,0.0,0.0,,1.0,,1948,2021,972.0,0.0
BGD__MNG,BGD,MNG,0.0,0.0,0,0.0,0.0,0.0,,0.0,,1948,2021,3055.0,0.0
BGD__MOZ,BGD,MOZ,0.0,0.0,0,0.0,0.0,0.0,,0.0,,1948,2021,8309.0,10.0
BGD__MRT,BGD,MRT,0.0,0.0,0,0.0,0.0,0.0,,0.0,,1948,2021,10794.0,0.0
BGD__MUS,BGD,MUS,0.0,0.0,0,1.0,0.0,0.0,,1.0,,1948,2021,6025.0,0.0
BGD__MWI,BGD,MWI,0.0,0.0,0,1.0,0.0,0.0,,1.0,,1948,2021,7439.0,4.0
BGD__MYS,BGD,MYS,0.0,0.0,0,1.0,0.0,0.0,,1.0,,1948,2021,2579.0,0.0
BGD__NAM,BGD,NAM,0.0,0.0,0,0.0,0.0,0.0,,0.0,,1948,2021,9438.0,0.0
BGD__NER,BGD,NER,0.0,0.0,0,0.0,0.0,0.0,,0.0,,1948,2021,9251.0,0.0
BGD__NGA,BGD,NGA,0.0,0.0,0,1.0,0.0,0.0,,1.0,,1948,2021,9427.0,0.0
BGD__NIC,BGD,NIC,0.0,0.0,0,0.0,0.0,0.0,,0.0,,1948,2021,16023.0,0.0
BGD__NLD,BGD,NLD,0.0,0.0,0,0.0,0.0,0.0,,0.0,,1948,2021,7678.0,38.0
BGD__NPL,BGD,NPL,0.0,0.0,0,0.0,0.0,0.0,,0.0,,1948,2021,675.0,0.0
BGD__NRU,BGD,NRU,0.0,0.0,0,1.0,0.0,0.0,,1.0,,1948,2021,8666.0,0.0
BGD__NZL,BGD,NZL,0.0,0.0,0,1.0,0.0,0.0,,0.0,,1948,2021,11082.0,0.0
BGD__OMN,BGD,OMN,0.0,0.0,0,0.0,0.0,0.0,,0.0,,1948,2021,3239.0,0.0
BGD__PAK,BGD,PAK,0.0,0.0,0,1.0,0.0,0.0,,1.0,,1948,2021,2369.0,0.0
BGD__PAN,BGD,PAN,0.0,0.0,0,0.0,0.0,0.0,,0.0,,1948,2021,16226.0,0.0
BGD__PER,BGD,PER,0.0,0.0,0,0.0,0.0,0.0,,0.0,,1948,2021,18167.0,0.0
BGD__PHL,BGD,PHL,0.0,0.0,0,0.0,0.0,0.0,,0.0,,1948,2021,3362.0,0.0
BGD__PLW,BGD,PLW,0.0,0.0,0,1.0,0.0,0.0,,0.0,,1948,2021,5039.5,7.0
BGD__PNG,BGD,PNG,0.0,0.0,0,1.0,0.0,0.0,,0.0,,1948,2021,7180.0,0.0
BGD__PRK,BGD,PRK,0.0,0.0,0,0.0,0.0,0.0,,0.0,,1948,2021,3735.0,0.0
BGD__PRT,BGD,PRT,0.0,0.0,0,0.0,0.0,0.0,,0.0,,1948,2021,9174.0,0.0
BGD__PRY,BGD,PRY,0.0,0.0,0,0.0,0.0,0.0,,0.0,,1948,2021,16795.0,0.0
BGD__QAT,BGD,QAT,0.0,0.0,0,1.0,0.0,0.0,,1.0,,1948,2021,3936.0,10.0
BGD__RWA,BGD,RWA,0.0,0.0,0,0.0,0.0,0.0,,0.0,,1948,2021,7114.0,0.0
BGD__SAU,BGD,SAU,0.0,0.0,0,0.0,0.0,0.0,,0.0,,1948,2021,4422.0,0.0
BGD__SDN,BGD,SDN,0.0,0.0,0,1.0,0.0,0.0,,1.0,,1948,2021,6098.0,0.0
BGD__SEN,BGD,SEN,0.0,0.0,0,0.0,0.0,0.0,,0.0,,1948,2021,11108.0,0.0
BGD__SGP,BGD,SGP,0.0,0.0,0,1.0,0.0,0.0,,1.0,,1948,2021,2873.0,0.0
BGD__SLB,BGD,SLB,0.0,0.0,0,1.0,0.0,0.0,,1.0,,1948,2021,8399.0,0.0
BGD__SLE,BGD,SLE,0.0,0.0,0,1.0,0.0,0.0,,1.0,,1948,2021,11007.0,0.0
BGD__SLV,BGD,SLV,0.0,0.0,0,0.0,0.0,0.0,,0.0,,1948,2021,15867.0,0.0
BGD__SOM,BGD,SOM,0.0,0.0,0,1.0,0.0,0.0,,1.0,,1948,2021,5410.0,0.0
BGD__SSD,BGD,SSD,0.0,0.0,0,0.0,0.0,0.0,,1.0,,1948,2021,6630.0,0.0
BGD__STP,BGD,STP,0.0,0.0,0,0.0,0.0,0.0,,0.0,,1948,2021,9357.0,0.0
BGD__SUR,BGD,SUR,0.0,0.0,0,0.0,0.0,0.0,,0.0,,1948,2021,15053.0,0.0
BGD__SWZ,BGD,SWZ,0.0,0.0,0,1.0,0.0,0.0,,1.0,,1948,2021,8445.0,0.0
BGD__SYC,BGD,SYC,0.0,0.0,0,1.0,0.0,0.0,,1.0,,1948,2021,4920.0,0.0
BGD__SYR,BGD,SYR,0.0,0.0,0,0.0,0.0,0.0,,0.0,,1948,2021,5299.0,86.0
BGD__TCD,BGD,TCD,0.0,0.0,0,0.0,0.0,0.0,,0.0,,1948,2021,8006.0,0.0
BGD__TGO,BGD,TGO,0.0,0.0,0,0.0,0.0,0.0,,0.0,,1948,2021,9663.0,0.0
BGD__THA,BGD,THA,0.0,0.0,0,0.0,0.0,0.0,,0.0,,1948,2021,1535.0,0.0
BGD__TJK,BGD,TJK,0.0,0.0,0,0.0,0.0,0.0,,0.0,,1948,2021,2626.0,0.0
BGD__TKM,BGD,TKM,0.0,0.0,0,0.0,0.0,0.0,,0.0,,1948,2021,3422.0,0.0
BGD__TLS,BGD,TLS,0.0,0.0,0,0.0,0.0,0.0,,0.0,,1948,2021,5231.0,0.0
BGD__TON,BGD,TON,0.0,0.0,0,1.0,0.0,0.0,,1.0,,1948,2021,11359.0,0.0
BGD__TTO,BGD,TTO,0.0,0.0,0,1.0,0.0,0.0,,1.0,,1948,2021,15138.0,0.0
BGD__TUN,BGD,TUN,0.0,0.0,0,0.0,0.0,0.0,,0.0,,1948,2021,7639.0,0.0
BGD__TUR,BGD,TUR,0.0,0.0,0,0.0,0.0,0.0,,0.0,,1948,2021,5965.0,0.0
BGD__TUV,BGD,TUV,0.0,0.0,0,1.0,0.0,0.0,,1.0,,1948,2021,10270.0,0.0
BGD__TWN,BGD,TWN,0.0,0.0,0,0.0,0.0,0.0,,0.0,,1948,2021,3151.5,9.0
BGD__TZA,BGD,TZA,0.0,0.0,0,1.0,0.0,0.0,,1.0,,1948,2021,6501.0,0.0
BGD__UGA,BGD,UGA,0.0,0.0,0,1.0,0.0,0.0,,1.0,,1948,2021,6749.0,0.0
BGD__URY,BGD,URY,0.0,0.0,0,0.0,0.0,0.0,,0.0,,1948,2021,16571.0,0.0
BGD__USA,BGD,USA,0.0,0.0,0,1.0,0.0,0.0,,0.0,,1948,2021,12693.0,0.0
BGD__UZB,BGD,UZB,0.0,0.0,0,0.0,0.0,0.0,,0.0,,1948,2021,2770.0,0.0
BGD__VCT,BGD,VCT,0.0,0.0,0,1.0,0.0,0.0,,1.0,,1948,2021,14900.0,0.0
BGD__VEN,BGD,VEN,0.0,0.0,0,0.0,0.0,0.0,,0.0,,1948,2021,15494.0,0.0
BGD__VNM,BGD,VNM,0.0,0.0,0,0.0,0.0,0.0,,0.0,,1948,2021,2243.0,0.0
BGD__VUT,BGD,VUT,0.0,0.0,0,1.0,0.0,0.0,,1.0,,1948,2021,9622.0,0.0
BGD__WSM,BGD,WSM,0.0,0.0,0,0.0,0.0,0.0,,0.0,,1948,2021,11407.0,0.0
BGD__YEM,BGD,YEM,0.0,0.0,0,1.0,0.0,0.0,,1.0,,1948,2021,4915.0,0.0
BGD__ZAF,BGD,ZAF,0.0,0.0,0,1.0,0.0,0.0,,0.0,,1948,2021,9310.0,1238.0
BGD__ZMB,BGD,ZMB,0.0,0.0,0,1.0,0.0,0.0,,1.0,,1948,2021,8023.0,0.0
BGD__ZWE,BGD,ZWE,0.0,0.0,0,1.0,0.0,0.0,,1.0,,1948,2021,7917.0,0.0
BHR__BHS,BHR,BHS,0.0,0.0,0,1.0,0.0,0.0,,1.0,,1948,2021,12051.0,0.0
BHR__BLZ,BHR,BLZ,0.0,0.0,0,1.0,0.0,0.0,,1.0,,1948,2021,13502.0,0.0
BHR__BOL,BHR,BOL,0.0,0.0,0,0.0,0.0,0.0,,0.0,,1948,2021,13641.0,0.0
BHR__BRA,BHR,BRA,0.0,0.0,0,0.0,0.0,0.0,,0.0,,1948,2021,11638.0,352.0
BHR__BRB,BHR,BRB,0.0,0.0,0,1.0,0.0,0.0,,1.0,,1948,2021,11316.0,0.0
BHR__BRN,BHR,BRN,0.0,0.0,0,1.0,0.0,0.0,,1.0,,1948,2021,7218.0,0.0
BHR__BTN,BHR,BTN,0.0,0.0,0,0.0,0.0,0.0,,0.0,,1948,2021,3869.0,0.0
BHR__BWA,BHR,BWA,0.0,0.0,0,1.0,0.0,0.0,,1.0,,1948,2021,6223.0,0.0
BHR__CAF,BHR,CAF,0.0,0.0,0,0.0,0.0,0.0,,0.0,,1948,2021,4181.0,0.0
BHR__CAN,BHR,CAN,0.0,0.0,0,1.0,0.0,0.0,,0.0,,1948,2021,10505.5,471.0
BHR__CHL,BHR,CHL,0.0,0.0,0,0.0,0.0,0.0,,0.0,,1948,2021,14364.0,0.0
BHR__CHN,BHR,CHN,0.0,0.0,0,0.0,0.0,0.0,,0.0,,1948,2021,6828.0,0.0
BHR__CIV,BHR,CIV,0.0,0.0,0,0.0,0.0,0.0,,0.0,,1948,2021,6236.0,0.0
BHR__CMR,BHR,CMR,0.0,0.0,0,0.0,0.0,0.0,,0.0,,1948,2021,4919.5,155.0
BHR__COD,BHR,COD,0.0,0.0,0,0.0,0.0,0.0,,0.0,,1948,2021,5086.0,0.0
BHR__COG,BHR,COG,0.0,0.0,0,0.0,0.0,0.0,,0.0,,1948,2021,5084.0,0.0
BHR__COL,BHR,COL,0.0,0.0,0,0.0,0.0,0.0,,0.0,,1948,2021,13161.0,0.0
BHR__COM,BHR,COM,0.0,0.0,0,0.0,0.0,1.0,,0.0,,1948,2021,4269.0,0.0
BHR__CPV,BHR,CPV,0.0,0.0,0,0.0,0.0,0.0,,0.0,,1948,2021,7731.0,0.0
BHR__CRI,BHR,CRI,0.0,0.0,0,0.0,0.0,0.0,,0.0,,1948,2021,13696.0,0.0
BHR__CUB,BHR,CUB,0.0,0.0,0,0.0,0.0,0.0,,0.0,,1948,2021,12571.0,0.0
BHR__CYP,BHR,CYP,0.0,0.0,0,1.0,0.0,0.0,,1.0,,1948,2021,1920.0,0.0
BHR__DEU,BHR,DEU,0.0,0.0,0,0.0,0.0,0.0,,0.0,,1948,2021,4254.0,0.0
BHR__DJI,BHR,DJI,0.0,0.0,0,0.0,1.0,1.0,,0.0,,1948,2021,1798.0,0.0
BHR__DMA,BHR,DMA,0.0,0.0,0,1.0,0.0,0.0,,1.0,,1948,2021,11353.0,0.0
BHR__DOM,BHR,DOM,0.0,0.0,0,0.0,0.0,0.0,,0.0,,1948,2021,11910.0,0.0
BHR__DZA,BHR,DZA,0.0,0.0,0,0.0,1.0,1.0,,0.0,,1948,2021,4617.0,0.0
BHR__ECU,BHR,ECU,0.0,0.0,0,0.0,0.0,0.0,,0.0,,1948,2021,14110.0,0.0
BHR__EGY,BHR,EGY,0.0,0.0,0,1.0,1.0,1.0,,0.0,,1948,2021,1945.0,0.0
BHR__ERI,BHR,ERI,0.0,0.0,0,1.0,1.0,0.0,,1.0,,1948,2021,1708.0,0.0
BHR__ESP,BHR,ESP,0.0,0.0,0,0.0,0.0,0.0,,0.0,,1948,2021,4963.5,489.0
BHR__ETH,BHR,ETH,0.0,0.0,0,0.0,0.0,0.0,,0.0,,1948,2021,2276.0,0.0
BHR__FJI,BHR,FJI,0.0,0.0,0,1.0,0.0,0.0,,1.0,,1948,2021,14614.0,0.0
BHR__FRA,BHR,FRA,0.0,0.0,0,0.0,0.0,0.0,,0.0,,1948,2021,4838.0,0.0
BHR__FSM,BHR,FSM,0.0,0.0,0,0.0,0.0,0.0,,0.0,,1948,2021,11406.0,0.0
BHR__GAB,BHR,GAB,0.0,0.0,0,0.0,0.0,0.0,,0.0,,1948,2021,5252.0,0.0
BHR__GBR,BHR,GBR,0.0,1.0,1,0.0,0.0,0.0,0.0,0.0,1971.0,1948,2021,5079.0,0.0
BHR__GEO,BHR,GEO,0.0,0.0,0,0.0,0.0,0.0,,0.0,,1948,2021,1796.0,0.0
BHR__GHA,BHR,GHA,0.0,0.0,0,1.0,0.0,0.0,,1.0,,1948,2021,5891.5,79.0
BHR__GIN,BHR,GIN,0.0,0.0,0,0.0,0.0,0.0,,0.0,,1948,2021,6983.0,0.0
BHR__GMB,BHR,GMB,0.0,0.0,0,1.0,0.0,0.0,,1.0,,1948,2021,7114.0,0.0
BHR__GNB,BHR,GNB,0.0,0.0,0,0.0,0.0,0.0,,0.0,,1948,2021,7075.0,0.0
BHR__GNQ,BHR,GNQ,0.0,0.0,0,0.0,0.0,0.0,,0.0,,1948,2021,5128.0,0.0
BHR__GRD,BHR,GRD,0.0,0.0,0,1.0,0.0,0.0,,1.0,,1948,2021,11574.0,0.0
BHR__GTM,BHR,GTM,0.0,0.0,0,0.0,0.0,0.0,,0.0,,1948,2021,13844.0,0.0
BHR__GUY,BHR,GUY,0.0,0.0,0,1.0,0.0,0.0,,1.0,,1948,2021,11524.0,0.0
BHR__HND,BHR,HND,0.0,0.0,0,0.0,0.0,0.0,,0.0,,1948,2021,13636.0,0.0
BHR__HTI,BHR,HTI,0.0,0.0,0,0.0,0.0,0.0,,0.0,,1948,2021,12112.0,0.0
BHR__IDN,BHR,IDN,0.0,0.0,0,0.0,0.0,0.0,,0.0,,1948,2021,7048.0,0.0
BHR__IND,BHR,IND,0.0,0.0,0,1.0,0.0,0.0,,1.0,,1948,2021,3130.5,1421.0
BHR__IRN,BHR,IRN,0.0,0.0,0,0.0,0.0,0.0,,0.0,,1948,2021,1054.0,0.0
BHR__IRQ,BHR,IRQ,0.0,0.0,0,1.0,1.0,1.0,,0.0,,1948,2021,990.0,0.0
BHR__ISR,BHR,ISR,0.0,0.0,0,1.0,1.0,0.0,,1.0,,1948,2021,1667.0,0.0
BHR__ITA,BHR,ITA,0.0,0.0,0,0.0,0.0,0.0,,0.0,,1948,2021,3882.0,0.0
BHR__JAM,BHR,JAM,0.0,0.0,0,1.0,0.0,0.0,,1.0,,1948,2021,12519.0,0.0
BHR__JOR,BHR,JOR,0.0,0.0,0,1.0,1.0,1.0,,1.0,,1948,2021,1559.0,0.0
BHR__JPN,BHR,JPN,0.0,0.0,0,0.0,0.0,0.0,,0.0,,1948,2021,8288.0,0.0
BHR__KAZ,BHR,KAZ,0.0,0.0,0,0.0,0.0,0.0,,0.0,,1948,2021,3041.0,0.0
BHR__KEN,BHR,KEN,0.0,0.0,0,1.0,0.0,0.0,,1.0,,1948,2021,3383.0,0.0
BHR__KGZ,BHR,KGZ,0.0,0.0,0,0.0,0.0,0.0,,0.0,,1948,2021,2857.0,0.0
BHR__KHM,BHR,KHM,0.0,0.0,0,0.0,0.0,0.0,,0.0,,1948,2021,5906.0,0.0
BHR__KIR,BHR,KIR,0.0,0.0,0,1.0,0.0,0.0,,1.0,,1948,2021,13140.0,0.0
BHR__KNA,BHR,KNA,0.0,0.0,0,1.0,0.0,0.0,,1.0,,1948,2021,11356.0,0.0
BHR__KOR,BHR,KOR,0.0,0.0,0,0.0,0.0,0.0,,0.0,,1948,2021,7142.0,0.0
BHR__KWT,BHR,KWT,0.0,0.0,0,1.0,1.0,1.0,,1.0,,1948,2021,434.0,0.0
BHR__LAO,BHR,LAO,0.0,0.0,0,0.0,0.0,0.0,,0.0,,1948,2021,5410.0,0.0
BHR__LBN,BHR,LBN,0.0,0.0,0,0.0,1.0,1.0,,0.0,,1948,2021,1684.0,0.0
BHR__LBR,BHR,LBR,0.0,0.0,0,0.0,0.0,0.0,,0.0,,1948,2021,6855.0,0.0
BHR__LBY,BHR,LBY,0.0,0.0,0,0.0,1.0,1.0,,0.0,,1948,2021,3679.0,0.0
BHR__LCA,BHR,LCA,0.0,0.0,0,1.0,0.0,0.0,,1.0,,1948,2021,11392.0,0.0
BHR__LKA,BHR,LKA,0.0,0.0,0,1.0,0.0,0.0,,1.0,,1948,2021,3765.0,0.0
BHR__LSO,BHR,LSO,0.0,0.0,0,1.0,0.0,0.0,,1.0,,1948,2021,6621.0,0.0
BHR__MAR,BHR,MAR,0.0,0.0,0,0.0,1.0,1.0,,0.0,,1948,2021,5608.0,0.0
BHR__MDG,BHR,MDG,0.0,0.0,0,0.0,0.0,0.0,,0.0,,1948,2021,5004.0,0.0
BHR__MDV,BHR,MDV,0.0,0.0,0,1.0,0.0,0.0,,1.0,,1948,2021,3453.0,0.0
BHR__MEX,BHR,MEX,0.0,0.0,0,0.0,0.0,0.0,,0.0,,1948,2021,13996.0,0.0
BHR__MHL,BHR,MHL,0.0,0.0,0,0.0,0.0,0.0,,0.0,,1948,2021,12653.0,0.0
BHR__MLI,BHR,MLI,0.0,0.0,0,0.0,0.0,0.0,,0.0,,1948,2021,6281.0,0.0
BHR__MMR,BHR,MMR,0.0,0.0,0,1.0,0.0,0.0,,1.0,,1948,2021,4811.0,0.0
BHR__MNG,BHR,MNG,0.0,0.0,0,0.0,0.0,0.0,,0.0,,1948,2021,5411.0,0.0
BHR__MOZ,BHR,MOZ,0.0,0.0,0,0.0,0.0,0.0,,0.0,,1948,2021,6090.0,4.0
BHR__MRT,BHR,MRT,0.0,0.0,0,0.0,0.0,1.0,,0.0,,1948,2021,6855.0,0.0
BHR__MUS,BHR,MUS,0.0,0.0,0,1.0,0.0,0.0,,1.0,,1948,2021,5185.0,0.0
BHR__MWI,BHR,MWI,0.0,0.0,0,1.0,0.0,0.0,,1.0,,1948,2021,4873.0,140.0
BHR__MYS,BHR,MYS,0.0,0.0,0,1.0,0.0,0.0,,1.0,,1948,2021,6170.5,311.0
BHR__NAM,BHR,NAM,0.0,0.0,0,0.0,0.0,0.0,,0.0,,1948,2021,6493.0,0.0
BHR__NER,BHR,NER,0.0,0.0,0,0.0,0.0,1.0,,0.0,,1948,2021,5236.0,0.0
BHR__NGA,BHR,NGA,0.0,0.0,0,1.0,0.0,0.0,,1.0,,1948,2021,5406.5,99.0
BHR__NIC,BHR,NIC,0.0,0.0,0,0.0,0.0,0.0,,0.0,,1948,2021,13710.0,0.0
BHR__NLD,BHR,NLD,0.0,0.0,0,0.0,0.0,0.0,,0.0,,1948,2021,4781.0,10.0
BHR__NPL,BHR,NPL,0.0,0.0,0,0.0,0.0,0.0,,0.0,,1948,2021,3442.0,0.0
BHR__NRU,BHR,NRU,0.0,0.0,0,1.0,0.0,0.0,,1.0,,1948,2021,12655.0,0.0
BHR__NZL,BHR,NZL,0.0,0.0,0,1.0,0.0,0.0,,0.0,,1948,2021,14671.0,0.0
BHR__OMN,BHR,OMN,0.0,0.0,0,0.0,1.0,1.0,,0.0,,1948,2021,859.0,0.0
BHR__PAK,BHR,PAK,0.0,0.0,0,1.0,0.0,0.0,,1.0,,1948,2021,1663.0,0.0
BHR__PAN,BHR,PAN,0.0,0.0,0,0.0,0.0,0.0,,0.0,,1948,2021,13372.0,0.0
BHR__PER,BHR,PER,0.0,0.0,0,0.0,0.0,0.0,,0.0,,1948,2021,14340.0,0.0
BHR__PHL,BHR,PHL,0.0,0.0,0,0.0,0.0,0.0,,0.0,,1948,2021,7377.0,0.0
BHR__PLW,BHR,PLW,0.0,0.0,0,1.0,0.0,0.0,,0.0,,1948,2021,9054.5,7.0
BHR__PNG,BHR,PNG,0.0,0.0,0,1.0,0.0,0.0,,0.0,,1948,2021,11128.0,0.0
BHR__PRK,BHR,PRK,0.0,0.0,0,0.0,0.0,0.0,,0.0,,1948,2021,7000.0,0.0
BHR__PRT,BHR,PRT,0.0,0.0,0,0.0,0.0,0.0,,0.0,,1948,2021,5682.0,0.0
BHR__PRY,BHR,PRY,0.0,0.0,0,0.0,0.0,0.0,,0.0,,1948,2021,12928.0,0.0
BHR__QAT,BHR,QAT,0.0,0.0,0,1.0,1.0,1.0,,1.0,,1948,2021,137.0,8.0
BHR__RWA,BHR,RWA,0.0,0.0,0,0.0,0.0,0.0,,0.0,,1948,2021,3819.0,0.0
BHR__SAU,BHR,SAU,0.0,0.0,0,0.0,1.0,1.0,,0.0,,1948,2021,821.5,793.0
BHR__SDN,BHR,SDN,0.0,0.0,0,1.0,1.0,1.0,,1.0,,1948,2021,2214.0,0.0
BHR__SEN,BHR,SEN,0.0,0.0,0,0.0,0.0,0.0,,0.0,,1948,2021,7138.0,0.0
BHR__SGP,BHR,SGP,0.0,0.0,0,1.0,0.0,0.0,,1.0,,1948,2021,6326.0,0.0
BHR__SLB,BHR,SLB,0.0,0.0,0,1.0,0.0,0.0,,1.0,,1948,2021,12402.0,0.0
BHR__SLE,BHR,SLE,0.0,0.0,0,1.0,0.0,0.0,,1.0,,1948,2021,6992.0,0.0
BHR__SLV,BHR,SLV,0.0,0.0,0,0.0,0.0,0.0,,0.0,,1948,2021,13818.0,0.0
BHR__SOM,BHR,SOM,0.0,0.0,0,1.0,0.0,1.0,,1.0,,1948,2021,2733.0,0.0
BHR__SSD,BHR,SSD,0.0,0.0,0,0.0,1.0,1.0,,1.0,,1948,2021,3112.0,0.0
BHR__STP,BHR,STP,0.0,0.0,0,0.0,0.0,0.0,,0.0,,1948,2021,5502.0,0.0
BHR__SUR,BHR,SUR,0.0,0.0,0,0.0,0.0,0.0,,0.0,,1948,2021,11284.0,0.0
BHR__SWZ,BHR,SWZ,0.0,0.0,0,1.0,0.0,0.0,,1.0,,1948,2021,6176.0,0.0
BHR__SYC,BHR,SYC,0.0,0.0,0,1.0,0.0,0.0,,1.0,,1948,2021,3451.0,0.0
BHR__SYR,BHR,SYR,0.0,0.0,0,0.0,1.0,1.0,,0.0,,1948,2021,1643.0,94.0
BHR__TCD,BHR,TCD,0.0,0.0,0,0.0,1.0,1.0,,0.0,,1948,2021,4033.0,0.0
BHR__TGO,BHR,TGO,0.0,0.0,0,0.0,0.0,0.0,,0.0,,1948,2021,5684.0,0.0
BHR__THA,BHR,THA,0.0,0.0,0,0.0,0.0,0.0,,0.0,,1948,2021,5373.0,0.0
BHR__TJK,BHR,TJK,0.0,0.0,0,0.0,0.0,0.0,,0.0,,1948,2021,2183.0,0.0
BHR__TKM,BHR,TKM,0.0,0.0,0,0.0,0.0,0.0,,0.0,,1948,2021,1494.0,0.0
BHR__TLS,BHR,TLS,0.0,0.0,0,0.0,0.0,0.0,,0.0,,1948,2021,8958.0,0.0
BHR__TON,BHR,TON,0.0,0.0,0,1.0,0.0,0.0,,1.0,,1948,2021,15350.0,0.0
BHR__TTO,BHR,TTO,0.0,0.0,0,1.0,0.0,0.0,,1.0,,1948,2021,11632.0,0.0
BHR__TUN,BHR,TUN,0.0,0.0,0,0.0,1.0,1.0,,0.0,,1948,2021,3982.0,0.0
BHR__TUR,BHR,TUR,0.0,0.0,0,0.0,0.0,0.0,,0.0,,1948,2021,2580.0,0.0
BHR__TUV,BHR,TUV,0.0,0.0,0,1.0,0.0,0.0,,1.0,,1948,2021,14272.0,0.0
BHR__TWN,BHR,TWN,0.0,0.0,0,0.0,0.0,0.0,,0.0,,1948,2021,7027.5,7.0
BHR__TZA,BHR,TZA,0.0,0.0,0,1.0,0.0,0.0,,1.0,,1948,2021,3854.0,0.0
BHR__UGA,BHR,UGA,0.0,0.0,0,1.0,0.0,0.0,,1.0,,1948,2021,3455.0,0.0
BHR__URY,BHR,URY,0.0,0.0,0,0.0,0.0,0.0,,0.0,,1948,2021,13083.0,0.0
BHR__USA,BHR,USA,0.0,0.0,0,1.0,0.0,0.0,,0.0,,1948,2021,10652.0,0.0
BHR__UZB,BHR,UZB,0.0,0.0,0,0.0,0.0,0.0,,0.0,,1948,2021,2392.0,0.0
BHR__VCT,BHR,VCT,0.0,0.0,0,1.0,0.0,0.0,,1.0,,1948,2021,11462.0,0.0
BHR__VEN,BHR,VEN,0.0,0.0,0,0.0,0.0,0.0,,0.0,,1948,2021,12141.0,0.0
BHR__VNM,BHR,VNM,0.0,0.0,0,0.0,0.0,0.0,,0.0,,1948,2021,6117.0,0.0
BHR__VUT,BHR,VUT,0.0,0.0,0,1.0,0.0,0.0,,1.0,,1948,2021,13590.0,0.0
BHR__WSM,BHR,WSM,0.0,0.0,0,0.0,0.0,0.0,,0.0,,1948,2021,15416.0,0.0
BHR__YEM,BHR,YEM,0.0,0.0,0,1.0,1.0,1.0,,1.0,,1948,2021,1433.0,120.0
BHR__ZAF,BHR,ZAF,0.0,0.0,0,1.0,0.0,0.0,,0.0,,1948,2021,6878.5,1189.0
BHR__ZMB,BHR,ZMB,0.0,0.0,0,1.0,0.0,0.0,,1.0,,1948,2021,5076.0,248.0
BHR__ZWE,BHR,ZWE,0.0,0.0,0,1.0,0.0,0.0,,1.0,,1948,2021,5311.0,0.0
BHS__BLZ,BHS,BLZ,0.0,0.0,0,1.0,1.0,1.0,,1.0,,1948,2021,1467.0,0.0
BHS__BOL,BHS,BOL,0.0,0.0,0,0.0,0.0,0.0,,0.0,,1948,2021,4704.0,0.0
BHS__BRA,BHS,BRA,0.0,0.0,0,0.0,0.0,0.0,,0.0,,1948,2021,6388.0,144.0
BHS__BRB,BHS,BRB,0.0,0.0,0,1.0,1.0,1.0,,1.0,,1948,2021,2283.0,0.0
BHS__BRN,BHS,BRN,0.0,0.0,0,1.0,0.0,0.0,,1.0,,1948,2021,16433.0,0.0
BHS__BTN,BHS,BTN,0.0,0.0,0,0.0,0.0,0.0,,0.0,,1948,2021,14028.0,0.0
BHS__BWA,BHS,BWA,0.0,0.0,0,1.0,1.0,1.0,,1.0,,1948,2021,12392.0,0.0
BHS__CAF,BHS,CAF,0.0,0.0,0,0.0,0.0,0.0,,0.0,,1948,2021,10405.0,0.0
BHS__CAN,BHS,CAN,0.0,0.0,0,1.0,1.0,1.0,,0.0,,1948,2021,2185.5,217.0
BHS__CHL,BHS,CHL,0.0,0.0,0,0.0,0.0,0.0,,0.0,,1948,2021,6515.0,0.0
BHS__CHN,BHS,CHN,0.0,0.0,0,0.0,0.0,0.0,,0.0,,1948,2021,13465.0,0.0
BHS__CIV,BHS,CIV,0.0,0.0,0,0.0,0.0,0.0,,0.0,,1948,2021,8084.0,0.0
BHS__CMR,BHS,CMR,0.0,0.0,0,0.0,1.0,1.0,,0.0,,1948,2021,9624.5,191.0
BHS__COD,BHS,COD,0.0,0.0,0,0.0,0.0,0.0,,0.0,,1948,2021,10485.0,0.0
BHS__COG,BHS,COG,0.0,0.0,0,0.0,0.0,0.0,,0.0,,1948,2021,10479.0,0.0
BHS__COL,BHS,COL,0.0,0.0,0,0.0,0.0,0.0,,0.0,,1948,2021,2289.0,0.0
BHS__COM,BHS,COM,0.0,0.0,0,0.0,0.0,0.0,,0.0,,1948,2021,13631.0,0.0
BHS__CPV,BHS,CPV,0.0,0.0,0,0.0,0.0,0.0,,0.0,,1948,2021,5709.0,0.0
BHS__CRI,BHS,CRI,0.0,0.0,0,0.0,0.0,0.0,,0.0,,1948,2021,1820.0,0.0
BHS__CUB,BHS,CUB,0.0,0.0,0,0.0,0.0,0.0,,0.0,,1948,2021,555.0,0.0
BHS__CYP,BHS,CYP,0.0,0.0,0,1.0,0.0,0.0,,1.0,,1948,2021,10141.0,0.0
BHS__DEU,BHS,DEU,0.0,0.0,0,0.0,0.0,0.0,,0.0,,1948,2021,7886.0,0.0
BHS__DJI,BHS,DJI,0.0,0.0,0,0.0,0.0,0.0,,0.0,,1948,2021,12405.0,0.0
BHS__DMA,BHS,DMA,0.0,0.0,0,1.0,1.0,1.0,,1.0,,1948,2021,1984.0,0.0
BHS__DOM,BHS,DOM,0.0,0.0,0,0.0,0.0,0.0,,0.0,,1948,2021,1058.0,0.0
BHS__DZA,BHS,DZA,0.0,0.0,0,0.0,0.0,0.0,,0.0,,1948,2021,7575.0,0.0
BHS__ECU,BHS,ECU,0.0,0.0,0,0.0,0.0,0.0,,0.0,,1948,2021,3025.0,0.0
BHS__EGY,BHS,EGY,0.0,0.0,0,1.0,1.0,0.0,,0.0,,1948,2021,10267.0,0.0
BHS__ERI,BHS,ERI,0.0,0.0,0,1.0,1.0,1.0,,1.0,,1948,2021,11797.0,0.0
BHS__ESP,BHS,ESP,0.0,0.0,0,0.0,0.0,0.0,,0.0,,1948,2021,7141.5,461.0
BHS__ETH,BHS,ETH,0.0,0.0,0,0.0,0.0,1.0,,0.0,,1948,2021,12145.0,0.0
BHS__FJI,BHS,FJI,0.0,0.0,0,1.0,1.0,1.0,,1.0,,1948,2021,12244.0,0.0
BHS__FRA,BHS,FRA,0.0,0.0,0,0.0,0.0,0.0,,0.0,,1948,2021,7219.0,0.0
BHS__FSM,BHS,FSM,0.0,0.0,0,0.0,1.0,1.0,,0.0,,1948,2021,13056.0,0.0
BHS__GAB,BHS,GAB,0.0,0.0,0,0.0,0.0,0.0,,0.0,,1948,2021,9674.0,0.0
BHS__GBR,BHS,GBR,0.0,1.0,1,0.0,1.0,1.0,0.0,0.0,1973.0,1948,2021,7001.0,0.0
BHS__GEO,BHS,GEO,0.0,0.0,0,0.0,0.0,0.0,,0.0,,1948,2021,10528.0,0.0
BHS__GHA,BHS,GHA,0.0,0.0,0,1.0,1.0,1.0,,1.0,,1948,2021,8363.5,195.0
BHS__GIN,BHS,GIN,0.0,0.0,0,0.0,0.0,0.0,,0.0,,1948,2021,6924.0,0.0
BHS__GMB,BHS,GMB,0.0,0.0,0,1.0,1.0,1.0,,1.0,,1948,2021,6455.0,0.0
BHS__GNB,BHS,GNB,0.0,0.0,0,0.0,0.0,0.0,,0.0,,1948,2021,6630.0,0.0
BHS__GNQ,BHS,GNQ,0.0,0.0,0,0.0,0.0,0.0,,0.0,,1948,2021,9637.0,0.0
BHS__GRD,BHS,GRD,0.0,0.0,0,1.0,1.0,1.0,,1.0,,1948,2021,2183.0,0.0
BHS__GTM,BHS,GTM,0.0,0.0,0,0.0,0.0,0.0,,0.0,,1948,2021,1799.0,0.0
BHS__GUY,BHS,GUY,0.0,0.0,0,1.0,1.0,1.0,,1.0,,1948,2021,2873.0,0.0
BHS__HND,BHS,HND,0.0,0.0,0,0.0,0.0,0.0,,0.0,,1948,2021,1595.0,0.0
BHS__HTI,BHS,HTI,0.0,0.0,0,0.0,0.0,0.0,,0.0,,1948,2021,888.0,0.0
BHS__IDN,BHS,IDN,0.0,0.0,0,0.0,0.0,0.0,,0.0,,1948,2021,17872.0,0.0
BHS__IND,BHS,IND,0.0,0.0,0,1.0,1.0,1.0,,1.0,,1948,2021,13994.5,1049.0
BHS__IRN,BHS,IRN,0.0,0.0,0,0.0,0.0,0.0,,0.0,,1948,2021,11399.0,0.0
BHS__IRQ,BHS,IRQ,0.0,0.0,0,1.0,0.0,0.0,,0.0,,1948,2021,11085.0,0.0
BHS__ISR,BHS,ISR,0.0,0.0,0,1.0,1.0,1.0,,1.0,,1948,2021,10435.0,0.0
BHS__ITA,BHS,ITA,0.0,0.0,0,0.0,0.0,0.0,,0.0,,1948,2021,8182.0,0.0
BHS__JAM,BHS,JAM,0.0,0.0,0,1.0,1.0,1.0,,1.0,,1948,2021,784.0,0.0
BHS__JOR,BHS,JOR,0.0,0.0,0,1.0,1.0,0.0,,1.0,,1948,2021,10534.0,0.0
BHS__JPN,BHS,JPN,0.0,0.0,0,0.0,0.0,0.0,,0.0,,1948,2021,12240.0,0.0
BHS__KAZ,BHS,KAZ,0.0,0.0,0,0.0,0.0,0.0,,0.0,,1948,2021,11998.0,0.0
BHS__KEN,BHS,KEN,0.0,0.0,0,1.0,1.0,1.0,,1.0,,1948,2021,12503.0,0.0
BHS__KGZ,BHS,KGZ,0.0,0.0,0,0.0,0.0,0.0,,0.0,,1948,2021,11955.0,0.0
BHS__KHM,BHS,KHM,0.0,0.0,0,0.0,0.0,0.0,,0.0,,1948,2021,15945.0,0.0
BHS__KIR,BHS,KIR,0.0,0.0,0,1.0,1.0,1.0,,1.0,,1948,2021,11928.0,0.0
BHS__KNA,BHS,KNA,0.0,0.0,0,1.0,1.0,1.0,,1.0,,1948,2021,1742.0,0.0
BHS__KOR,BHS,KOR,0.0,0.0,0,0.0,1.0,0.0,,0.0,,1948,2021,12623.0,0.0
BHS__KWT,BHS,KWT,0.0,0.0,0,1.0,1.0,0.0,,1.0,,1948,2021,11628.0,0.0
BHS__LAO,BHS,LAO,0.0,0.0,0,0.0,0.0,0.0,,0.0,,1948,2021,15244.0,0.0
BHS__LBN,BHS,LBN,0.0,0.0,0,0.0,1.0,0.0,,0.0,,1948,2021,10380.0,0.0
BHS__LBR,BHS,LBR,0.0,0.0,0,0.0,1.0,1.0,,0.0,,1948,2021,7359.0,0.0
BHS__LBY,BHS,LBY,0.0,0.0,0,0.0,0.0,0.0,,0.0,,1948,2021,8591.0,0.0
BHS__LCA,BHS,LCA,0.0,0.0,0,1.0,1.0,1.0,,1.0,,1948,2021,2104.0,0.0
BHS__LKA,BHS,LKA,0.0,0.0,0,1.0,0.0,0.0,,1.0,,1948,2021,15698.0,0.0
BHS__LSO,BHS,LSO,0.0,0.0,0,1.0,1.0,1.0,,1.0,,1948,2021,12695.0,0.0
BHS__MAR,BHS,MAR,0.0,0.0,0,0.0,0.0,0.0,,0.0,,1948,2021,6714.0,0.0
BHS__MDG,BHS,MDG,0.0,0.0,0,0.0,0.0,0.0,,0.0,,1948,2021,14336.0,0.0
BHS__MDV,BHS,MDV,0.0,0.0,0,1.0,0.0,0.0,,1.0,,1948,2021,15503.0,0.0
BHS__MEX,BHS,MEX,0.0,0.0,0,0.0,0.0,0.0,,0.0,,1948,2021,2329.0,0.0
BHS__MHL,BHS,MHL,0.0,0.0,0,0.0,1.0,1.0,,0.0,,1948,2021,11789.0,0.0
BHS__MLI,BHS,MLI,0.0,0.0,0,0.0,0.0,0.0,,0.0,,1948,2021,7363.0,0.0
BHS__MMR,BHS,MMR,0.0,0.0,0,1.0,0.0,0.0,,1.0,,1948,2021,15320.0,0.0
BHS__MNG,BHS,MNG,0.0,0.0,0,0.0,0.0,0.0,,0.0,,1948,2021,11912.0,0.0
BHS__MOZ,BHS,MOZ,0.0,0.0,0,0.0,0.0,0.0,,0.0,,1948,2021,13070.5,13.0
BHS__MRT,BHS,MRT,0.0,0.0,0,0.0,0.0,0.0,,0.0,,1948,2021,6351.0,0.0
BHS__MUS,BHS,MUS,0.0,0.0,0,1.0,1.0,1.0,,1.0,,1948,2021,15378.0,0.0
BHS__MWI,BHS,MWI,0.0,0.0,0,1.0,1.0,1.0,,1.0,,1948,2021,12867.0,194.0
BHS__MYS,BHS,MYS,0.0,0.0,0,1.0,0.0,0.0,,1.0,,1948,2021,16984.0,204.0
BHS__NAM,BHS,NAM,0.0,0.0,0,0.0,1.0,1.0,,0.0,,1948,2021,11466.0,0.0
BHS__NER,BHS,NER,0.0,0.0,0,0.0,0.0,0.0,,0.0,,1948,2021,8342.0,0.0
BHS__NGA,BHS,NGA,0.0,0.0,0,1.0,1.0,1.0,,1.0,,1948,2021,8787.0,8.0
BHS__NIC,BHS,NIC,0.0,0.0,0,0.0,0.0,0.0,,0.0,,1948,2021,1710.0,0.0
BHS__NLD,BHS,NLD,0.0,0.0,0,0.0,0.0,0.0,,0.0,,1948,2021,7317.5,19.0
BHS__NPL,BHS,NPL,0.0,0.0,0,0.0,0.0,0.0,,0.0,,1948,2021,13880.0,0.0
BHS__NRU,BHS,NRU,0.0,0.0,0,1.0,1.0,1.0,,1.0,,1948,2021,12623.0,0.0
BHS__NZL,BHS,NZL,0.0,0.0,0,1.0,1.0,1.0,,0.0,,1948,2021,13171.0,0.0
BHS__OMN,BHS,OMN,0.0,0.0,0,0.0,0.0,0.0,,0.0,,1948,2021,12835.0,0.0
BHS__PAK,BHS,PAK,0.0,0.0,0,1.0,1.0,1.0,,1.0,,1948,2021,13288.0,0.0
BHS__PAN,BHS,PAN,0.0,0.0,0,0.0,0.0,0.0,,0.0,,1948,2021,1793.0,0.0
BHS__PER,BHS,PER,0.0,0.0,0,0.0,0.0,0.0,,0.0,,1948,2021,4105.0,0.0
BHS__PHL,BHS,PHL,0.0,0.0,0,0.0,1.0,1.0,,0.0,,1948,2021,15192.0,0.0
BHS__PLW,BHS,PLW,0.0,0.0,0,1.0,1.0,1.0,,0.0,,1948,2021,15033.5,23.0
BHS__PNG,BHS,PNG,0.0,0.0,0,1.0,1.0,1.0,,0.0,,1948,2021,15018.0,0.0
BHS__PRK,BHS,PRK,0.0,0.0,0,0.0,0.0,0.0,,0.0,,1948,2021,12516.0,0.0
BHS__PRT,BHS,PRT,0.0,0.0,0,0.0,0.0,0.0,,0.0,,1948,2021,6480.0,0.0
BHS__PRY,BHS,PRY,0.0,0.0,0,0.0,0.0,0.0,,0.0,,1948,2021,5962.0,0.0
BHS__QAT,BHS,QAT,0.0,0.0,0,1.0,0.0,0.0,,1.0,,1948,2021,12186.5,9.0
BHS__RWA,BHS,RWA,0.0,0.0,0,0.0,1.0,1.0,,0.0,,1948,2021,11860.0,0.0
BHS__SAU,BHS,SAU,0.0,0.0,0,0.0,0.0,0.0,,0.0,,1948,2021,11683.0,354.0
BHS__SDN,BHS,SDN,0.0,0.0,0,1.0,0.0,0.0,,1.0,,1948,2021,11197.0,0.0
BHS__SEN,BHS,SEN,0.0,0.0,0,0.0,0.0,0.0,,0.0,,1948,2021,6329.0,0.0
BHS__SGP,BHS,SGP,0.0,0.0,0,1.0,1.0,1.0,,1.0,,1948,2021,17086.0,0.0
BHS__SLB,BHS,SLB,0.0,0.0,0,1.0,0.0,1.0,,1.0,,1948,2021,13745.0,0.0
BHS__SLE,BHS,SLE,0.0,0.0,0,1.0,1.0,1.0,,1.0,,1948,2021,7015.0,0.0
BHS__SLV,BHS,SLV,0.0,0.0,0,0.0,0.0,0.0,,0.0,,1948,2021,1768.0,0.0
BHS__SOM,BHS,SOM,0.0,0.0,0,1.0,0.0,1.0,,1.0,,1948,2021,13166.0,0.0
BHS__SSD,BHS,SSD,0.0,0.0,0,0.0,0.0,0.0,,1.0,,1948,2021,11676.0,0.0
BHS__STP,BHS,STP,0.0,0.0,0,0.0,0.0,0.0,,0.0,,1948,2021,9402.0,0.0
BHS__SUR,BHS,SUR,0.0,0.0,0,0.0,0.0,0.0,,0.0,,1948,2021,3179.0,0.0
BHS__SWZ,BHS,SWZ,0.0,0.0,0,1.0,0.0,1.0,,1.0,,1948,2021,12948.0,0.0
BHS__SYC,BHS,SYC,0.0,0.0,0,1.0,1.0,1.0,,1.0,,1948,2021,14507.0,0.0
BHS__SYR,BHS,SYR,0.0,0.0,0,0.0,0.0,0.0,,0.0,,1948,2021,10415.0,104.0
BHS__TCD,BHS,TCD,0.0,0.0,0,0.0,0.0,0.0,,0.0,,1948,2021,9689.0,0.0
BHS__TGO,BHS,TGO,0.0,0.0,0,0.0,0.0,0.0,,0.0,,1948,2021,8577.0,0.0
BHS__THA,BHS,THA,0.0,0.0,0,0.0,0.0,0.0,,0.0,,1948,2021,15708.0,0.0
BHS__TJK,BHS,TJK,0.0,0.0,0,0.0,0.0,0.0,,0.0,,1948,2021,12133.0,0.0
BHS__TKM,BHS,TKM,0.0,0.0,0,0.0,0.0,0.0,,0.0,,1948,2021,11645.0,0.0
BHS__TLS,BHS,TLS,0.0,0.0,0,0.0,0.0,0.0,,0.0,,1948,2021,16984.0,0.0
BHS__TON,BHS,TON,0.0,0.0,0,1.0,0.0,1.0,,1.0,,1948,2021,11739.0,0.0
BHS__TTO,BHS,TTO,0.0,0.0,0,1.0,1.0,1.0,,1.0,,1948,2021,2309.0,0.0
BHS__TUN,BHS,TUN,0.0,0.0,0,0.0,0.0,0.0,,0.0,,1948,2021,8179.0,0.0
BHS__TUR,BHS,TUR,0.0,0.0,0,0.0,0.0,0.0,,0.0,,1948,2021,9476.0,0.0
BHS__TUV,BHS,TUV,0.0,0.0,0,1.0,0.0,0.0,,1.0,,1948,2021,11765.0,0.0
BHS__TWN,BHS,TWN,0.0,0.0,0,0.0,0.0,0.0,,0.0,,1948,2021,14106.0,6.0
BHS__TZA,BHS,TZA,0.0,0.0,0,1.0,0.0,1.0,,1.0,,1948,2021,13014.0,0.0
BHS__UGA,BHS,UGA,0.0,0.0,0,1.0,1.0,1.0,,1.0,,1948,2021,12003.0,0.0
BHS__URY,BHS,URY,0.0,0.0,0,0.0,0.0,0.0,,0.0,,1948,2021,6995.0,0.0
BHS__USA,BHS,USA,0.0,0.0,0,1.0,1.0,1.0,,0.0,,1948,2021,1764.0,0.0
BHS__UZB,BHS,UZB,0.0,0.0,0,0.0,0.0,0.0,,0.0,,1948,2021,11896.0,0.0
BHS__VCT,BHS,VCT,0.0,0.0,0,1.0,1.0,1.0,,1.0,,1948,2021,2144.0,0.0
BHS__VEN,BHS,VEN,0.0,0.0,0,0.0,0.0,0.0,,0.0,,1948,2021,1955.0,0.0
BHS__VNM,BHS,VNM,0.0,0.0,0,0.0,0.0,0.0,,0.0,,1948,2021,16019.0,0.0
BHS__VUT,BHS,VUT,0.0,0.0,0,1.0,1.0,1.0,,1.0,,1948,2021,13236.0,0.0
BHS__WSM,BHS,WSM,0.0,0.0,0,0.0,1.0,1.0,,0.0,,1948,2021,11093.0,0.0
BHS__YEM,BHS,YEM,0.0,0.0,0,1.0,0.0,0.0,,1.0,,1948,2021,12229.5,77.0
BHS__ZAF,BHS,ZAF,0.0,0.0,0,1.0,1.0,1.0,,0.0,,1948,2021,12336.0,626.0
BHS__ZMB,BHS,ZMB,0.0,0.0,0,1.0,1.0,1.0,,1.0,,1948,2021,12218.0,114.0
BHS__ZWE,BHS,ZWE,0.0,0.0,0,1.0,1.0,1.0,,1.0,,1948,2021,12647.0,0.0
BLZ__BOL,BLZ,BOL,0.0,0.0,0,0.0,1.0,1.0,,0.0,,1948,2021,4365.0,0.0
BLZ__BRA,BLZ,BRA,0.0,0.0,0,0.0,0.0,0.0,,0.0,,1948,2021,6543.5,227.0
BLZ__BRB,BLZ,BRB,0.0,0.0,0,1.0,1.0,1.0,,1.0,,1948,2021,3163.0,0.0
BLZ__BRN,BLZ,BRN,0.0,0.0,0,1.0,0.0,0.0,,1.0,,1948,2021,16440.0,0.0
BLZ__BTN,BLZ,BTN,0.0,0.0,0,0.0,0.0,0.0,,0.0,,1948,2021,15054.0,0.0
BLZ__BWA,BLZ,BWA,0.0,0.0,0,1.0,1.0,1.0,,1.0,,1948,2021,13248.0,0.0
BLZ__CAF,BLZ,CAF,0.0,0.0,0,0.0,0.0,0.0,,0.0,,1948,2021,11703.0,0.0
BLZ__CAN,BLZ,CAN,0.0,0.0,0,1.0,1.0,1.0,,0.0,,1948,2021,3249.5,375.0
BLZ__CHL,BLZ,CHL,0.0,0.0,0,0.0,1.0,1.0,,0.0,,1948,2021,5933.0,0.0
BLZ__CHN,BLZ,CHN,0.0,0.0,0,0.0,0.0,0.0,,0.0,,1948,2021,13750.0,0.0
BLZ__CIV,BLZ,CIV,0.0,0.0,0,0.0,0.0,0.0,,0.0,,1948,2021,9285.0,0.0
BLZ__CMR,BLZ,CMR,0.0,0.0,0,0.0,1.0,1.0,,0.0,,1948,2021,10881.0,198.0
BLZ__COD,BLZ,COD,0.0,0.0,0,0.0,0.0,0.0,,0.0,,1948,2021,11655.0,0.0
BLZ__COG,BLZ,COG,0.0,0.0,0,0.0,0.0,0.0,,0.0,,1948,2021,11649.0,0.0
BLZ__COL,BLZ,COL,0.0,0.0,0,0.0,1.0,1.0,,0.0,,1948,2021,2126.0,0.0
BLZ__COM,BLZ,COM,0.0,0.0,0,0.0,0.0,0.0,,0.0,,1948,2021,14838.0,0.0
BLZ__CPV,BLZ,CPV,0.0,0.0,0,0.0,0.0,0.0,,0.0,,1948,2021,6953.0,0.0
BLZ__CRI,BLZ,CRI,0.0,0.0,0,0.0,1.0,1.0,,0.0,,1948,2021,956.0,0.0
BLZ__CUB,BLZ,CUB,0.0,0.0,0,0.0,1.0,1.0,,0.0,,1948,2021,931.0,0.0
BLZ__CYP,BLZ,CYP,0.0,0.0,0,1.0,0.0,0.0,,1.0,,1948,2021,11599.0,0.0
BLZ__DEU,BLZ,DEU,0.0,0.0,0,0.0,0.0,0.0,,0.0,,1948,2021,9300.0,0.0
BLZ__DJI,BLZ,DJI,0.0,0.0,0,0.0,0.0,0.0,,0.0,,1948,2021,13852.0,0.0
BLZ__DMA,BLZ,DMA,0.0,0.0,0,1.0,1.0,1.0,,1.0,,1948,2021,2932.0,0.0
BLZ__DOM,BLZ,DOM,0.0,0.0,0,0.0,1.0,1.0,,0.0,,1948,2021,2003.0,0.0
BLZ__DZA,BLZ,DZA,0.0,0.0,0,0.0,0.0,0.0,,0.0,,1948,2021,9040.0,0.0
BLZ__ECU,BLZ,ECU,0.0,0.0,0,0.0,1.0,1.0,,0.0,,1948,2021,2358.0,0.0
BLZ__EGY,BLZ,EGY,0.0,0.0,0,1.0,1.0,0.0,,0.0,,1948,2021,11733.0,0.0
BLZ__ERI,BLZ,ERI,0.0,0.0,0,1.0,1.0,1.0,,1.0,,1948,2021,13249.0,0.0
BLZ__ESP,BLZ,ESP,0.0,0.0,0,0.0,1.0,1.0,,0.0,,1948,2021,8608.0,460.0
BLZ__ETH,BLZ,ETH,0.0,0.0,0,0.0,0.0,1.0,,0.0,,1948,2021,13566.0,0.0
BLZ__FJI,BLZ,FJI,0.0,0.0,0,1.0,1.0,1.0,,1.0,,1948,2021,10884.0,0.0
BLZ__FRA,BLZ,FRA,0.0,0.0,0,0.0,0.0,0.0,,0.0,,1948,2021,8664.0,0.0
BLZ__FSM,BLZ,FSM,0.0,0.0,0,0.0,1.0,1.0,,0.0,,1948,2021,12204.0,0.0
BLZ__GAB,BLZ,GAB,0.0,0.0,0,0.0,0.0,0.0,,0.0,,1948,2021,10878.0,0.0
BLZ__GBR,BLZ,GBR,0.0,1.0,1,0.0,1.0,1.0,0.0,0.0,1981.0,1948,2021,8433.0,0.0
BLZ__GEO,BLZ,GEO,0.0,0.0,0,0.0,0.0,0.0,,0.0,,1948,2021,11930.0,0.0
BLZ__GHA,BLZ,GHA,0.0,0.0,0,1.0,1.0,1.0,,1.0,,1948,2021,9590.5,187.0
BLZ__GIN,BLZ,GIN,0.0,0.0,0,0.0,0.0,0.0,,0.0,,1948,2021,8135.0,0.0
BLZ__GMB,BLZ,GMB,0.0,0.0,0,1.0,1.0,1.0,,1.0,,1948,2021,7708.0,0.0
BLZ__GNB,BLZ,GNB,0.0,0.0,0,0.0,0.0,0.0,,0.0,,1948,2021,7864.0,0.0
BLZ__GNQ,BLZ,GNQ,0.0,0.0,0,0.0,1.0,1.0,,0.0,,1948,2021,10862.0,0.0
BLZ__GRD,BLZ,GRD,0.0,0.0,0,1.0,1.0,1.0,,1.0,,1948,2021,2964.0,0.0
BLZ__GTM,BLZ,GTM,1.0,0.0,0,0.0,1.0,1.0,,0.0,,1948,2021,348.0,0.0
BLZ__GUY,BLZ,GUY,0.0,0.0,0,1.0,1.0,1.0,,1.0,,1948,2021,3521.0,0.0
BLZ__HND,BLZ,HND,0.0,0.0,0,0.0,1.0,1.0,,0.0,,1948,2021,388.0,0.0
BLZ__HTI,BLZ,HTI,0.0,0.0,0,0.0,0.0,0.0,,0.0,,1948,2021,1746.0,0.0
BLZ__IDN,BLZ,IDN,0.0,0.0,0,0.0,0.0,0.0,,0.0,,1948,2021,17933.0,0.0
BLZ__IND,BLZ,IND,0.0,0.0,0,1.0,1.0,1.0,,1.0,,1948,2021,15149.5,885.0
BLZ__IRN,BLZ,IRN,0.0,0.0,0,0.0,0.0,0.0,,0.0,,1948,2021,12806.0,0.0
BLZ__IRQ,BLZ,IRQ,0.0,0.0,0,1.0,0.0,0.0,,0.0,,1948,2021,12528.0,0.0
BLZ__ISR,BLZ,ISR,0.0,0.0,0,1.0,1.0,1.0,,1.0,,1948,2021,11897.0,0.0
BLZ__ITA,BLZ,ITA,0.0,0.0,0,0.0,0.0,0.0,,0.0,,1948,2021,9643.0,0.0
BLZ__JAM,BLZ,JAM,0.0,0.0,0,1.0,1.0,1.0,,1.0,,1948,2021,1273.0,0.0
BLZ__JOR,BLZ,JOR,0.0,0.0,0,1.0,1.0,0.0,,1.0,,1948,2021,11996.0,0.0
BLZ__JPN,BLZ,JPN,0.0,0.0,0,0.0,0.0,0.0,,0.0,,1948,2021,12245.0,0.0
BLZ__KAZ,BLZ,KAZ,0.0,0.0,0,0.0,0.0,0.0,,0.0,,1948,2021,13149.0,0.0
BLZ__KEN,BLZ,KEN,0.0,0.0,0,1.0,1.0,1.0,,1.0,,1948,2021,13826.0,0.0
BLZ__KGZ,BLZ,KGZ,0.0,0.0,0,0.0,0.0,0.0,,0.0,,1948,2021,13134.0,0.0
BLZ__KHM,BLZ,KHM,0.0,0.0,0,0.0,0.0,0.0,,0.0,,1948,2021,16486.0,0.0
BLZ__KIR,BLZ,KIR,0.0,0.0,0,1.0,1.0,1.0,,1.0,,1948,2021,10850.0,0.0
BLZ__KNA,BLZ,KNA,0.0,0.0,0,1.0,1.0,1.0,,1.0,,1948,2021,2767.0,0.0
BLZ__KOR,BLZ,KOR,0.0,0.0,0,0.0,1.0,0.0,,0.0,,1948,2021,12883.0,0.0
BLZ__KWT,BLZ,KWT,0.0,0.0,0,1.0,1.0,0.0,,1.0,,1948,2021,13076.0,0.0
BLZ__LAO,BLZ,LAO,0.0,0.0,0,0.0,0.0,0.0,,0.0,,1948,2021,15917.0,0.0
BLZ__LBN,BLZ,LBN,0.0,0.0,0,0.0,1.0,0.0,,0.0,,1948,2021,11838.0,0.0
BLZ__LBR,BLZ,LBR,0.0,0.0,0,0.0,1.0,1.0,,0.0,,1948,2021,8536.0,0.0
BLZ__LBY,BLZ,LBY,0.0,0.0,0,0.0,0.0,0.0,,0.0,,1948,2021,10056.0,0.0
BLZ__LCA,BLZ,LCA,0.0,0.0,0,1.0,1.0,1.0,,1.0,,1948,2021,2997.0,0.0
BLZ__LKA,BLZ,LKA,0.0,0.0,0,1.0,0.0,0.0,,1.0,,1948,2021,17056.0,0.0
BLZ__LSO,BLZ,LSO,0.0,0.0,0,1.0,1.0,1.0,,1.0,,1948,2021,13448.0,0.0
BLZ__MAR,BLZ,MAR,0.0,0.0,0,0.0,0.0,0.0,,0.0,,1948,2021,8168.0,0.0
BLZ__MDG,BLZ,MDG,0.0,0.0,0,0.0,0.0,0.0,,0.0,,1948,2021,15416.0,0.0
BLZ__MDV,BLZ,MDV,0.0,0.0,0,1.0,0.0,0.0,,1.0,,1948,2021,16949.0,0.0
BLZ__MEX,BLZ,MEX,1.0,0.0,0,0.0,1.0,1.0,,0.0,,1948,2021,1123.0,0.0
BLZ__MHL,BLZ,MHL,0.0,0.0,0,0.0,1.0,1.0,,0.0,,1948,2021,10823.0,0.0
BLZ__MLI,BLZ,MLI,0.0,0.0,0,0.0,0.0,0.0,,0.0,,1948,2021,8642.0,0.0
BLZ__MMR,BLZ,MMR,0.0,0.0,0,1.0,0.0,0.0,,1.0,,1948,2021,16199.0,0.0
BLZ__MNG,BLZ,MNG,0.0,0.0,0,0.0,0.0,0.0,,0.0,,1948,2021,12622.0,0.0
BLZ__MOZ,BLZ,MOZ,0.0,0.0,0,0.0,0.0,0.0,,0.0,,1948,2021,13923.5,13.0
BLZ__MRT,BLZ,MRT,0.0,0.0,0,0.0,0.0,0.0,,0.0,,1948,2021,7667.0,0.0
BLZ__MUS,BLZ,MUS,0.0,0.0,0,1.0,1.0,1.0,,1.0,,1948,2021,16467.0,0.0
BLZ__MWI,BLZ,MWI,0.0,0.0,0,1.0,1.0,1.0,,1.0,,1948,2021,13968.0,166.0
BLZ__MYS,BLZ,MYS,0.0,0.0,0,1.0,0.0,0.0,,1.0,,1948,2021,17510.0,60.0
BLZ__NAM,BLZ,NAM,0.0,0.0,0,0.0,1.0,1.0,,0.0,,1948,2021,12322.0,0.0
BLZ__NER,BLZ,NER,0.0,0.0,0,0.0,0.0,0.0,,0.0,,1948,2021,9669.0,0.0
BLZ__NGA,BLZ,NGA,0.0,0.0,0,1.0,1.0,1.0,,1.0,,1948,2021,10046.0,22.0
BLZ__NIC,BLZ,NIC,0.0,0.0,0,0.0,1.0,1.0,,0.0,,1948,2021,628.0,0.0
BLZ__NLD,BLZ,NLD,0.0,0.0,0,0.0,0.0,0.0,,0.0,,1948,2021,8743.0,16.0
BLZ__NPL,BLZ,NPL,0.0,0.0,0,0.0,0.0,0.0,,0.0,,1948,2021,14990.0,0.0
BLZ__NRU,BLZ,NRU,0.0,0.0,0,1.0,1.0,1.0,,1.0,,1948,2021,11557.0,0.0
BLZ__NZL,BLZ,NZL,0.0,0.0,0,1.0,1.0,1.0,,0.0,,1948,2021,11707.0,0.0
BLZ__OMN,BLZ,OMN,0.0,0.0,0,0.0,0.0,0.0,,0.0,,1948,2021,14269.0,0.0
BLZ__PAK,BLZ,PAK,0.0,0.0,0,1.0,1.0,1.0,,1.0,,1948,2021,14662.0,0.0
BLZ__PAN,BLZ,PAN,0.0,0.0,0,0.0,1.0,1.0,,0.0,,1948,2021,1355.0,0.0
BLZ__PER,BLZ,PER,0.0,0.0,0,0.0,1.0,1.0,,0.0,,1948,2021,3488.0,0.0
BLZ__PHL,BLZ,PHL,0.0,0.0,0,0.0,1.0,1.0,,0.0,,1948,2021,15214.0,0.0
BLZ__PLW,BLZ,PLW,0.0,0.0,0,1.0,1.0,1.0,,0.0,,1948,2021,14537.5,23.0
BLZ__PNG,BLZ,PNG,0.0,0.0,0,1.0,1.0,1.0,,0.0,,1948,2021,13932.0,0.0
BLZ__PRK,BLZ,PRK,0.0,0.0,0,0.0,0.0,0.0,,0.0,,1948,2021,12818.0,0.0
BLZ__PRT,BLZ,PRT,0.0,0.0,0,0.0,0.0,0.0,,0.0,,1948,2021,7946.0,0.0
BLZ__PRY,BLZ,PRY,0.0,0.0,0,0.0,1.0,1.0,,0.0,,1948,2021,5792.0,0.0
BLZ__QAT,BLZ,QAT,0.0,0.0,0,1.0,0.0,0.0,,1.0,,1948,2021,13638.0,8.0
BLZ__RWA,BLZ,RWA,0.0,0.0,0,0.0,1.0,1.0,,0.0,,1948,2021,13140.0,0.0
BLZ__SAU,BLZ,SAU,0.0,0.0,0,0.0,0.0,0.0,,0.0,,1948,2021,13146.5,351.0
BLZ__SDN,BLZ,SDN,0.0,0.0,0,1.0,0.0,0.0,,1.0,,1948,2021,12635.0,0.0
BLZ__SEN,BLZ,SEN,0.0,0.0,0,0.0,0.0,0.0,,0.0,,1948,2021,7596.0,0.0
BLZ__SGP,BLZ,SGP,0.0,0.0,0,1.0,1.0,1.0,,1.0,,1948,2021,17540.0,0.0
BLZ__SLB,BLZ,SLB,0.0,0.0,0,1.0,0.0,1.0,,1.0,,1948,2021,12574.0,0.0
BLZ__SLE,BLZ,SLE,0.0,0.0,0,1.0,1.0,1.0,,1.0,,1948,2021,8212.0,0.0
BLZ__SLV,BLZ,SLV,0.0,0.0,0,0.0,1.0,1.0,,0.0,,1948,2021,397.0,0.0
BLZ__SOM,BLZ,SOM,0.0,0.0,0,1.0,0.0,1.0,,1.0,,1948,2021,14562.0,0.0
BLZ__SSD,BLZ,SSD,0.0,0.0,0,0.0,0.0,0.0,,1.0,,1948,2021,13037.0,0.0
BLZ__STP,BLZ,STP,0.0,0.0,0,0.0,0.0,0.0,,0.0,,1948,2021,10590.0,0.0
BLZ__SUR,BLZ,SUR,0.0,0.0,0,0.0,0.0,0.0,,0.0,,1948,2021,3867.0,0.0
BLZ__SWZ,BLZ,SWZ,0.0,0.0,0,1.0,0.0,1.0,,1.0,,1948,2021,13787.0,0.0
BLZ__SYC,BLZ,SYC,0.0,0.0,0,1.0,1.0,1.0,,1.0,,1948,2021,15889.0,0.0
BLZ__SYR,BLZ,SYR,0.0,0.0,0,0.0,0.0,0.0,,0.0,,1948,2021,11868.5,113.0
BLZ__TCD,BLZ,TCD,0.0,0.0,0,0.0,0.0,0.0,,0.0,,1948,2021,11050.0,0.0
BLZ__TGO,BLZ,TGO,0.0,0.0,0,0.0,0.0,0.0,,0.0,,1948,2021,9815.0,0.0
BLZ__THA,BLZ,THA,0.0,0.0,0,0.0,0.0,0.0,,0.0,,1948,2021,16432.0,0.0
BLZ__TJK,BLZ,TJK,0.0,0.0,0,0.0,0.0,0.0,,0.0,,1948,2021,13403.0,0.0
BLZ__TKM,BLZ,TKM,0.0,0.0,0,0.0,0.0,0.0,,0.0,,1948,2021,13001.0,0.0
BLZ__TLS,BLZ,TLS,0.0,0.0,0,0.0,0.0,0.0,,0.0,,1948,2021,16192.0,0.0
BLZ__TON,BLZ,TON,0.0,0.0,0,1.0,0.0,1.0,,1.0,,1948,2021,10338.0,0.0
BLZ__TTO,BLZ,TTO,0.0,0.0,0,1.0,1.0,1.0,,1.0,,1948,2021,3030.0,0.0
BLZ__TUN,BLZ,TUN,0.0,0.0,0,0.0,0.0,0.0,,0.0,,1948,2021,9646.0,0.0
BLZ__TUR,BLZ,TUR,0.0,0.0,0,0.0,0.0,0.0,,0.0,,1948,2021,10922.0,0.0
BLZ__TUV,BLZ,TUV,0.0,0.0,0,1.0,0.0,0.0,,1.0,,1948,2021,10509.0,0.0
BLZ__TWN,BLZ,TWN,0.0,0.0,0,0.0,0.0,0.0,,0.0,,1948,2021,14300.0,8.0
BLZ__TZA,BLZ,TZA,0.0,0.0,0,1.0,0.0,1.0,,1.0,,1948,2021,14278.0,0.0
BLZ__UGA,BLZ,UGA,0.0,0.0,0,1.0,1.0,1.0,,1.0,,1948,2021,13322.0,0.0
BLZ__URY,BLZ,URY,0.0,0.0,0,0.0,1.0,1.0,,0.0,,1948,2021,6717.0,0.0
BLZ__USA,BLZ,USA,0.0,0.0,0,1.0,1.0,1.0,,0.0,,1948,2021,2963.0,0.0
BLZ__UZB,BLZ,UZB,0.0,0.0,0,0.0,0.0,0.0,,0.0,,1948,2021,13142.0,0.0
BLZ__VCT,BLZ,VCT,0.0,0.0,0,1.0,1.0,1.0,,1.0,,1948,2021,2991.0,0.0
BLZ__VEN,BLZ,VEN,0.0,0.0,0,0.0,1.0,1.0,,0.0,,1948,2021,2479.0,0.0
BLZ__VNM,BLZ,VNM,0.0,0.0,0,0.0,0.0,0.0,,0.0,,1948,2021,16480.0,0.0
BLZ__VUT,BLZ,VUT,0.0,0.0,0,1.0,1.0,1.0,,1.0,,1948,2021,11912.0,0.0
BLZ__WSM,BLZ,WSM,0.0,0.0,0,0.0,1.0,1.0,,0.0,,1948,2021,9743.0,0.0
BLZ__YEM,BLZ,YEM,0.0,0.0,0,1.0,0.0,0.0,,1.0,,1948,2021,13689.0,80.0
BLZ__ZAF,BLZ,ZAF,0.0,0.0,0,1.0,1.0,1.0,,0.0,,1948,2021,13054.0,850.0
BLZ__ZMB,BLZ,ZMB,0.0,0.0,0,1.0,1.0,1.0,,1.0,,1948,2021,13300.0,68.0
BLZ__ZWE,BLZ,ZWE,0.0,0.0,0,1.0,1.0,1.0,,1.0,,1948,2021,13673.0,0.0
BOL__BRA,BOL,BRA,1.0,0.0,0,0.0,0.0,0.0,,0.0,,1948,2021,2542.0,326.0
BOL__BRB,BOL,BRB,0.0,0.0,0,0.0,0.0,0.0,,0.0,,1948,2021,3406.0,0.0
BOL__BRN,BOL,BRN,0.0,0.0,0,0.0,0.0,0.0,,0.0,,1948,2021,18683.0,0.0
BOL__BTN,BOL,BTN,0.0,0.0,0,0.0,0.0,0.0,,0.0,,1948,2021,17437.0,0.0
BOL__BWA,BOL,BWA,0.0,0.0,0,0.0,0.0,0.0,,0.0,,1948,2021,9660.0,0.0
BOL__CAF,BOL,CAF,0.0,0.0,0,0.0,0.0,0.0,,0.0,,1948,2021,9803.0,0.0
BOL__CAN,BOL,CAN,0.0,0.0,0,0.0,0.0,0.0,,0.0,,1948,2021,6826.0,124.0
BOL__CHL,BOL,CHL,1.0,0.0,0,1.0,1.0,1.0,,0.0,,1948,2021,1895.0,0.0
BOL__CHN,BOL,CHN,0.0,0.0,0,0.0,0.0,0.0,,0.0,,1948,2021,18112.0,0.0
BOL__CIV,BOL,CIV,0.0,0.0,0,0.0,0.0,0.0,,0.0,,1948,2021,7458.0,0.0
BOL__CMR,BOL,CMR,0.0,0.0,0,0.0,0.0,0.0,,0.0,,1948,2021,8947.0,186.0
BOL__COD,BOL,COD,0.0,0.0,0,0.0,0.0,0.0,,0.0,,1948,2021,9185.0,0.0
BOL__COG,BOL,COG,0.0,0.0,0,0.0,0.0,0.0,,0.0,,1948,2021,9184.0,0.0
BOL__COL,BOL,COL,0.0,0.0,0,1.0,1.0,1.0,,0.0,,1948,2021,2424.0,0.0
BOL__COM,BOL,COM,0.0,0.0,0,0.0,0.0,0.0,,0.0,,1948,2021,11864.0,0.0
BOL__CPV,BOL,CPV,0.0,0.0,0,0.0,0.0,0.0,,0.0,,1948,2021,6012.0,0.0
BOL__CRI,BOL,CRI,0.0,0.0,0,1.0,1.0,1.0,,0.0,,1948,2021,3409.0,0.0
BOL__CUB,BOL,CUB,0.0,0.0,0,1.0,1.0,1.0,,0.0,,1948,2021,4648.0,0.0
BOL__CYP,BOL,CYP,0.0,0.0,0,0.0,0.0,0.0,,0.0,,1948,2021,12083.0,0.0
BOL__DEU,BOL,DEU,0.0,0.0,0,0.0,0.0,0.0,,0.0,,1948,2021,10890.0,0.0
BOL__DJI,BOL,DJI,0.0,0.0,0,0.0,0.0,0.0,,0.0,,1948,2021,12626.0,0.0
BOL__DMA,BOL,DMA,0.0,0.0,0,0.0,0.0,0.0,,0.0,,1948,2021,3595.0,0.0
BOL__DOM,BOL,DOM,0.0,0.0,0,1.0,1.0,1.0,,0.0,,1948,2021,3875.0,0.0
BOL__DZA,BOL,DZA,0.0,0.0,0,0.0,0.0,0.0,,0.0,,1948,2021,9503.0,0.0
BOL__ECU,BOL,ECU,0.0,0.0,0,1.0,1.0,1.0,,0.0,,1948,2021,2042.0,0.0
BOL__EGY,BOL,EGY,0.0,0.0,0,0.0,0.0,0.0,,0.0,,1948,2021,11801.0,0.0
BOL__ERI,BOL,ERI,0.0,0.0,0,0.0,0.0,0.0,,0.0,,1948,2021,12272.0,0.0
BOL__ESP,BOL,ESP,0.0,0.0,1,0.0,1.0,1.0,0.0,0.0,1825.0,1948,2021,9404.5,489.0
BOL__ETH,BOL,ETH,0.0,0.0,0,0.0,0.0,0.0,,0.0,,1948,2021,12091.0,0.0
BOL__FJI,BOL,FJI,0.0,0.0,0,0.0,0.0,0.0,,0.0,,1948,2021,11789.0,0.0
BOL__FRA,BOL,FRA,0.0,0.0,0,0.0,0.0,0.0,,0.0,,1948,2021,10015.0,0.0
BOL__FSM,BOL,FSM,0.0,0.0,0,1.0,0.0,0.0,,0.0,,1948,2021,14888.0,0.0
BOL__GAB,BOL,GAB,0.0,0.0,0,0.0,0.0,0.0,,0.0,,1948,2021,8707.0,0.0
BOL__GBR,BOL,GBR,0.0,0.0,0,0.0,0.0,0.0,,0.0,,1948,2021,9986.0,0.0
BOL__GEO,BOL,GEO,0.0,0.0,0,0.0,0.0,0.0,,0.0,,1948,2021,13114.0,0.0
BOL__GHA,BOL,GHA,0.0,0.0,0,0.0,0.0,0.0,,0.0,,1948,2021,7811.0,106.0
BOL__GIN,BOL,GIN,0.0,0.0,0,0.0,0.0,0.0,,0.0,,1948,2021,6658.0,0.0
BOL__GMB,BOL,GMB,0.0,0.0,0,0.0,0.0,0.0,,0.0,,1948,2021,6559.0,0.0
BOL__GNB,BOL,GNB,0.0,0.0,0,0.0,0.0,0.0,,0.0,,1948,2021,6580.0,0.0
BOL__GNQ,BOL,GNQ,0.0,0.0,0,1.0,1.0,1.0,,0.0,,1948,2021,8788.0,0.0
BOL__GRD,BOL,GRD,0.0,0.0,0,0.0,0.0,0.0,,0.0,,1948,2021,3236.0,0.0
BOL__GTM,BOL,GTM,0.0,0.0,0,1.0,1.0,1.0,,0.0,,1948,2021,4230.0,0.0
BOL__GUY,BOL,GUY,0.0,0.0,0,0.0,0.0,0.0,,0.0,,1948,2021,2803.0,0.0
BOL__HND,BOL,HND,0.0,0.0,0,1.0,1.0,1.0,,0.0,,1948,2021,3979.0,0.0
BOL__HTI,BOL,HTI,0.0,0.0,0,0.0,0.0,0.0,,0.0,,1948,2021,3903.0,0.0
BOL__IDN,BOL,IDN,0.0,0.0,0,0.0,0.0,0.0,,0.0,,1948,2021,17434.0,0.0
BOL__IND,BOL,IND,0.0,0.0,0,0.0,0.0,0.0,,0.0,,1948,2021,16690.0,1580.0
BOL__IRN,BOL,IRN,0.0,0.0,0,0.0,0.0,0.0,,0.0,,1948,2021,13722.0,0.0
BOL__IRQ,BOL,IRQ,0.0,0.0,0,0.0,0.0,0.0,,0.0,,1948,2021,13080.0,0.0
BOL__ISR,BOL,ISR,0.0,0.0,0,0.0,0.0,0.0,,0.0,,1948,2021,12169.0,0.0
BOL__ITA,BOL,ITA,0.0,0.0,0,0.0,0.0,0.0,,0.0,,1948,2021,10468.0,0.0
BOL__JAM,BOL,JAM,0.0,0.0,0,0.0,0.0,0.0,,0.0,,1948,2021,3931.0,0.0
BOL__JOR,BOL,JOR,0.0,0.0,0,0.0,0.0,0.0,,0.0,,1948,2021,12277.0,0.0
BOL__JPN,BOL,JPN,0.0,0.0,0,0.0,0.0,0.0,,0.0,,1948,2021,16539.0,0.0
BOL__KAZ,BOL,KAZ,0.0,0.0,0,0.0,0.0,0.0,,0.0,,1948,2021,15581.0,0.0
BOL__KEN,BOL,KEN,0.0,0.0,0,0.0,0.0,0.0,,0.0,,1948,2021,11572.0,0.0
BOL__KGZ,BOL,KGZ,0.0,0.0,0,0.0,0.0,0.0,,0.0,,1948,2021,15438.0,0.0
BOL__KHM,BOL,KHM,0.0,0.0,0,0.0,0.0,0.0,,0.0,,1948,2021,19097.0,0.0
BOL__KIR,BOL,KIR,0.0,0.0,0,0.0,0.0,0.0,,0.0,,1948,2021,13134.0,0.0
BOL__KNA,BOL,KNA,0.0,0.0,0,0.0,0.0,0.0,,0.0,,1948,2021,3785.0,0.0
BOL__KOR,BOL,KOR,0.0,0.0,0,0.0,0.0,0.0,,0.0,,1948,2021,17245.0,0.0
BOL__KWT,BOL,KWT,0.0,0.0,0,0.0,0.0,0.0,,0.0,,1948,2021,13402.0,0.0
BOL__LAO,BOL,LAO,0.0,0.0,0,0.0,0.0,0.0,,0.0,,1948,2021,19037.0,0.0
BOL__LBN,BOL,LBN,0.0,0.0,0,0.0,0.0,0.0,,0.0,,1948,2021,12259.0,0.0
BOL__LBR,BOL,LBR,0.0,0.0,0,0.0,0.0,0.0,,0.0,,1948,2021,6798.0,0.0
BOL__LBY,BOL,LBY,0.0,0.0,0,0.0,0.0,0.0,,0.0,,1948,2021,10213.0,0.0
BOL__LCA,BOL,LCA,0.0,0.0,0,0.0,0.0,0.0,,0.0,,1948,2021,3465.0,0.0
BOL__LKA,BOL,LKA,0.0,0.0,0,0.0,0.0,0.0,,0.0,,1948,2021,16394.0,0.0
BOL__LSO,BOL,LSO,0.0,0.0,0,0.0,0.0,0.0,,0.0,,1948,2021,9658.0,0.0
BOL__MAR,BOL,MAR,0.0,0.0,0,0.0,0.0,0.0,,0.0,,1948,2021,8480.0,0.0
BOL__MDG,BOL,MDG,0.0,0.0,0,0.0,0.0,0.0,,0.0,,1948,2021,11972.0,0.0
BOL__MDV,BOL,MDV,0.0,0.0,0,0.0,0.0,0.0,,0.0,,1948,2021,15629.0,0.0
BOL__MEX,BOL,MEX,0.0,0.0,0,1.0,1.0,1.0,,0.0,,1948,2021,5224.0,0.0
BOL__MHL,BOL,MHL,0.0,0.0,0,0.0,0.0,0.0,,0.0,,1948,2021,13486.0,0.0
BOL__MLI,BOL,MLI,0.0,0.0,0,0.0,0.0,0.0,,0.0,,1948,2021,7361.0,0.0
BOL__MMR,BOL,MMR,0.0,0.0,0,0.0,0.0,0.0,,0.0,,1948,2021,18361.0,0.0
BOL__MNG,BOL,MNG,0.0,0.0,0,0.0,0.0,0.0,,0.0,,1948,2021,16492.0,0.0
BOL__MOZ,BOL,MOZ,0.0,0.0,0,0.0,0.0,0.0,,0.0,,1948,2021,10247.5,13.0
BOL__MRT,BOL,MRT,0.0,0.0,0,0.0,0.0,0.0,,0.0,,1948,2021,6879.0,0.0
BOL__MUS,BOL,MUS,0.0,0.0,0,0.0,0.0,0.0,,0.0,,1948,2021,12833.0,0.0
BOL__MWI,BOL,MWI,0.0,0.0,0,0.0,0.0,0.0,,0.0,,1948,2021,10842.0,58.0
BOL__MYS,BOL,MYS,0.0,0.0,0,0.0,0.0,0.0,,0.0,,1948,2021,18139.5,53.0
BOL__NAM,BOL,NAM,0.0,0.0,0,0.0,0.0,0.0,,0.0,,1948,2021,8851.0,0.0
BOL__NER,BOL,NER,0.0,0.0,0,0.0,0.0,0.0,,0.0,,1948,2021,8409.0,0.0
BOL__NGA,BOL,NGA,0.0,0.0,0,0.0,0.0,0.0,,0.0,,1948,2021,8316.0,86.0
BOL__NIC,BOL,NIC,0.0,0.0,0,1.0,1.0,1.0,,0.0,,1948,2021,3741.0,0.0
BOL__NLD,BOL,NLD,0.0,0.0,0,0.0,0.0,0.0,,0.0,,1948,2021,10316.5,45.0
BOL__NPL,BOL,NPL,0.0,0.0,0,0.0,0.0,0.0,,0.0,,1948,2021,17031.0,0.0
BOL__NRU,BOL,NRU,0.0,0.0,0,0.0,0.0,0.0,,0.0,,1948,2021,13705.0,0.0
BOL__NZL,BOL,NZL,0.0,0.0,0,0.0,0.0,0.0,,0.0,,1948,2021,11170.0,0.0
BOL__OMN,BOL,OMN,0.0,0.0,0,0.0,0.0,0.0,,0.0,,1948,2021,14436.0,0.0
BOL__PAK,BOL,PAK,0.0,0.0,0,0.0,0.0,0.0,,0.0,,1948,2021,15297.0,0.0
BOL__PAN,BOL,PAN,0.0,0.0,0,1.0,1.0,1.0,,0.0,,1948,2021,3085.0,0.0
BOL__PER,BOL,PER,1.0,0.0,0,1.0,1.0,1.0,,0.0,,1948,2021,1077.0,0.0
BOL__PHL,BOL,PHL,0.0,0.0,0,1.0,0.0,0.0,,0.0,,1948,2021,19032.0,0.0
BOL__PLW,BOL,PLW,0.0,0.0,0,0.0,0.0,0.0,,0.0,,1948,2021,17366.5,7.0
BOL__PNG,BOL,PNG,0.0,0.0,0,0.0,0.0,0.0,,0.0,,1948,2021,15191.0,0.0
BOL__PRK,BOL,PRK,0.0,0.0,0,0.0,0.0,0.0,,0.0,,1948,2021,17169.0,0.0
BOL__PRT,BOL,PRT,0.0,0.0,0,0.0,0.0,0.0,,0.0,,1948,2021,8662.0,0.0
BOL__PRY,BOL,PRY,1.0,0.0,0,1.0,1.0,1.0,,0.0,,1948,2021,1464.0,0.0
BOL__QAT,BOL,QAT,0.0,0.0,0,0.0,0.0,0.0,,0.0,,1948,2021,13724.0,10.0
BOL__RWA,BOL,RWA,0.0,0.0,0,0.0,0.0,0.0,,0.0,,1948,2021,10831.0,0.0
BOL__SAU,BOL,SAU,0.0,0.0,0,0.0,0.0,0.0,,0.0,,1948,2021,12865.0,748.0
BOL__SDN,BOL,SDN,0.0,0.0,0,0.0,0.0,0.0,,0.0,,1948,2021,11607.0,0.0
BOL__SEN,BOL,SEN,0.0,0.0,0,0.0,0.0,0.0,,0.0,,1948,2021,6554.0,0.0
BOL__SGP,BOL,SGP,0.0,0.0,0,0.0,0.0,0.0,,0.0,,1948,2021,18113.0,0.0
BOL__SLB,BOL,SLB,0.0,0.0,0,0.0,0.0,0.0,,0.0,,1948,2021,14006.0,0.0
BOL__SLE,BOL,SLE,0.0,0.0,0,0.0,0.0,0.0,,0.0,,1948,2021,6649.0,0.0
BOL__SLV,BOL,SLV,0.0,0.0,0,1.0,1.0,1.0,,0.0,,1948,2021,4062.0,0.0
BOL__SOM,BOL,SOM,0.0,0.0,0,0.0,0.0,0.0,,0.0,,1948,2021,12587.0,0.0
BOL__SSD,BOL,SSD,0.0,0.0,0,0.0,0.0,0.0,,0.0,,1948,2021,11206.0,0.0
BOL__STP,BOL,STP,0.0,0.0,0,0.0,0.0,0.0,,0.0,,1948,2021,8415.0,0.0
BOL__SUR,BOL,SUR,0.0,0.0,0,0.0,0.0,0.0,,0.0,,1948,2021,2857.0,0.0
BOL__SWZ,BOL,SWZ,0.0,0.0,0,0.0,0.0,0.0,,0.0,,1948,2021,10103.0,0.0
BOL__SYC,BOL,SYC,0.0,0.0,0,0.0,0.0,0.0,,0.0,,1948,2021,13403.0,0.0
BOL__SYR,BOL,SYR,0.0,0.0,0,0.0,0.0,0.0,,0.0,,1948,2021,12384.0,106.0
BOL__TCD,BOL,TCD,0.0,0.0,0,0.0,0.0,0.0,,0.0,,1948,2021,9684.0,0.0
BOL__TGO,BOL,TGO,0.0,0.0,0,0.0,0.0,0.0,,0.0,,1948,2021,8033.0,0.0
BOL__THA,BOL,THA,0.0,0.0,0,0.0,0.0,0.0,,0.0,,1948,2021,18778.0,0.0
BOL__TJK,BOL,TJK,0.0,0.0,0,0.0,0.0,0.0,,0.0,,1948,2021,15178.0,0.0
BOL__TKM,BOL,TKM,0.0,0.0,0,0.0,0.0,0.0,,0.0,,1948,2021,14311.0,0.0
BOL__TLS,BOL,TLS,0.0,0.0,0,0.0,0.0,0.0,,0.0,,1948,2021,16855.0,0.0
BOL__TON,BOL,TON,0.0,0.0,0,0.0,0.0,0.0,,0.0,,1948,2021,11046.0,0.0
BOL__TTO,BOL,TTO,0.0,0.0,0,0.0,0.0,0.0,,0.0,,1948,2021,3092.0,0.0
BOL__TUN,BOL,TUN,0.0,0.0,0,0.0,0.0,0.0,,0.0,,1948,2021,10095.0,0.0
BOL__TUR,BOL,TUR,0.0,0.0,0,0.0,0.0,0.0,,0.0,,1948,2021,11785.0,0.0
BOL__TUV,BOL,TUV,0.0,0.0,0,0.0,0.0,0.0,,0.0,,1948,2021,12118.0,0.0
BOL__TWN,BOL,TWN,0.0,0.0,0,0.0,0.0,0.0,,0.0,,1948,2021,18641.0,8.0
BOL__TZA,BOL,TZA,0.0,0.0,0,0.0,0.0,0.0,,0.0,,1948,2021,11639.0,0.0
BOL__UGA,BOL,UGA,0.0,0.0,0,0.0,0.0,0.0,,0.0,,1948,2021,11173.0,0.0
BOL__URY,BOL,URY,0.0,0.0,0,1.0,1.0,1.0,,0.0,,1948,2021,2356.0,0.0
BOL__USA,BOL,USA,0.0,0.0,0,1.0,1.0,0.0,,0.0,,1948,2021,6363.0,0.0
BOL__UZB,BOL,UZB,0.0,0.0,0,0.0,0.0,0.0,,0.0,,1948,2021,15110.0,0.0
BOL__VCT,BOL,VCT,0.0,0.0,0,0.0,0.0,0.0,,0.0,,1948,2021,3368.0,0.0
BOL__VEN,BOL,VEN,0.0,0.0,0,1.0,1.0,1.0,,0.0,,1948,2021,2988.0,0.0
BOL__VNM,BOL,VNM,0.0,0.0,0,0.0,0.0,0.0,,0.0,,1948,2021,19169.0,0.0
BOL__VUT,BOL,VUT,0.0,0.0,0,0.0,0.0,0.0,,0.0,,1948,2021,12771.0,0.0
BOL__WSM,BOL,WSM,0.0,0.0,0,0.0,0.0,0.0,,0.0,,1948,2021,10989.0,0.0
BOL__YEM,BOL,YEM,0.0,0.0,0,0.0,0.0,0.0,,0.0,,1948,2021,12754.5,145.0
BOL__ZAF,BOL,ZAF,0.0,0.0,0,0.0,0.0,0.0,,0.0,,1948,2021,9256.0,1116.0
BOL__ZMB,BOL,ZMB,0.0,0.0,0,0.0,0.0,0.0,,0.0,,1948,2021,10239.0,78.0
BOL__ZWE,BOL,ZWE,0.0,0.0,0,0.0,0.0,0.0,,0.0,,1948,2021,10398.0,0.0
BRA__BRB,BRA,BRB,0.0,0.0,0,0.0,0.0,0.0,,0.0,,1948,2021,4329.5,73.0
BRA__BRN,BRA,BRN,0.0,0.0,0,0.0,0.0,0.0,,0.0,,1948,2021,17055.0,220.0
BRA__BTN,BRA,BTN,0.0,0.0,0,0.0,0.0,0.0,,0.0,,1948,2021,15456.5,357.0
BRA__BWA,BRA,BWA,0.0,0.0,0,0.0,0.0,0.0,,0.0,,1948,2021,7125.0,314.0
BRA__CAF,BRA,CAF,0.0,0.0,0,0.0,0.0,0.0,,0.0,,1948,2021,7531.0,358.0
BRA__CAN,BRA,CAN,0.0,0.0,0,0.0,0.0,0.0,,0.0,,1948,2021,8148.5,57.0
BRA__CHL,BRA,CHL,0.0,0.0,0,0.0,0.0,0.0,,0.0,,1948,2021,2756.0,340.0
BRA__CHN,BRA,CHN,0.0,0.0,0,0.0,0.0,0.0,,0.0,,1948,2021,18408.5,323.0
BRA__CIV,BRA,CIV,0.0,0.0,0,0.0,0.0,0.0,,0.0,,1948,2021,5453.5,339.0
BRA__CMR,BRA,CMR,0.0,0.0,0,0.0,0.0,0.0,,0.0,,1948,2021,6733.5,521.0
BRA__COD,BRA,COD,0.0,0.0,0,0.0,0.0,0.0,,0.0,,1948,2021,6788.5,357.0
BRA__COG,BRA,COG,0.0,0.0,0,0.0,0.0,0.0,,0.0,,1948,2021,6788.5,357.0
BRA__COL,BRA,COL,1.0,0.0,0,0.0,0.0,0.0,,0.0,,1948,2021,4421.0,220.0
BRA__COM,BRA,COM,0.0,0.0,0,0.0,0.0,0.0,,0.0,,1948,2021,9325.5,333.0
BRA__CPV,BRA,CPV,0.0,0.0,0,1.0,1.0,1.0,,0.0,,1948,2021,4823.5,241.0
BRA__CRI,BRA,CRI,0.0,0.0,0,0.0,0.0,0.0,,0.0,,1948,2021,5627.0,240.0
BRA__CUB,BRA,CUB,0.0,0.0,0,0.0,0.0,0.0,,0.0,,1948,2021,6538.0,176.0
BRA__CYP,BRA,CYP,0.0,0.0,0,0.0,0.0,0.0,,0.0,,1948,2021,10473.5,325.0
BRA__DEU,BRA,DEU,0.0,0.0,0,0.0,0.0,0.0,,0.0,,1948,2021,10110.5,243.0
BRA__DJI,BRA,DJI,0.0,0.0,0,0.0,0.0,0.0,,0.0,,1948,2021,10322.0,358.0
BRA__DMA,BRA,DMA,0.0,0.0,0,0.0,0.0,0.0,,0.0,,1948,2021,4627.5,79.0
BRA__DOM,BRA,DOM,0.0,0.0,0,0.0,0.0,0.0,,0.0,,1948,2021,5357.5,129.0
BRA__DZA,BRA,DZA,0.0,0.0,0,0.0,0.0,0.0,,0.0,,1948,2021,8331.5,273.0
BRA__ECU,BRA,ECU,0.0,0.0,0,0.0,0.0,0.0,,0.0,,1948,2021,4435.0,282.0
BRA__EGY,BRA,EGY,0.0,0.0,0,0.0,0.0,0.0,,0.0,,1948,2021,10045.0,334.0
BRA__ERI,BRA,ERI,0.0,0.0,0,0.0,0.0,0.0,,0.0,,1948,2021,10247.0,0.0
BRA__ESP,BRA,ESP,0.0,0.0,0,0.0,0.0,0.0,,0.0,,1948,2021,8439.5,157.0
BRA__ETH,BRA,ETH,0.0,0.0,0,0.0,0.0,0.0,,0.0,,1948,2021,9767.0,358.0
BRA__FJI,BRA,FJI,0.0,0.0,0,0.0,0.0,0.0,,0.0,,1948,2021,13449.5,313.0
BRA__FRA,BRA,FRA,0.0,0.0,0,0.0,0.0,0.0,,0.0,,1948,2021,9261.0,234.0
BRA__FSM,BRA,FSM,0.0,0.0,0,0.0,0.0,0.0,,0.0,,1948,2021,16964.0,332.0
BRA__GAB,BRA,GAB,0.0,0.0,0,0.0,0.0,0.0,,0.0,,1948,2021,6430.5,357.0
BRA__GBR,BRA,GBR,0.0,0.0,0,0.0,0.0,0.0,,0.0,,1948,2021,9363.5,219.0
BRA__GEO,BRA,GEO,0.0,0.0,0,0.0,0.0,0.0,,0.0,,1948,2021,11829.0,0.0
BRA__GHA,BRA,GHA,0.0,0.0,0,0.0,0.0,0.0,,0.0,,1948,2021,5811.0,344.0
BRA__GIN,BRA,GIN,0.0,0.0,0,0.0,0.0,0.0,,0.0,,1948,2021,4977.5,305.0
BRA__GMB,BRA,GMB,0.0,0.0,0,0.0,0.0,0.0,,0.0,,1948,2021,5093.5,281.0
BRA__GNB,BRA,GNB,0.0,0.0,0,1.0,0.0,1.0,,0.0,,1948,2021,5029.0,290.0
BRA__GNQ,BRA,GNQ,0.0,0.0,0,0.0,0.0,0.0,,0.0,,1948,2021,6538.5,357.0
BRA__GRD,BRA,GRD,0.0,0.0,0,0.0,0.0,0.0,,0.0,,1948,2021,4316.5,95.0
BRA__GTM,BRA,GTM,0.0,0.0,0,0.0,0.0,0.0,,0.0,,1948,2021,6497.0,244.0
BRA__GUY,BRA,GUY,1.0,0.0,0,0.0,0.0,0.0,,0.0,,1948,2021,3625.5,83.0
BRA__HND,BRA,HND,0.0,0.0,0,0.0,0.0,0.0,,0.0,,1948,2021,6186.0,234.0
BRA__HTI,BRA,HTI,0.0,0.0,0,0.0,0.0,0.0,,0.0,,1948,2021,5500.5,143.0
BRA__IDN,BRA,IDN,0.0,0.0,0,0.0,0.0,0.0,,0.0,,1948,2021,15539.5,205.0
BRA__IND,BRA,IND,0.0,0.0,0,0.0,0.0,0.0,,0.0,,1948,2021,14609.5,1655.0
BRA__IRN,BRA,IRN,0.0,0.0,0,0.0,0.0,0.0,,0.0,,1948,2021,12028.0,336.0
BRA__IRQ,BRA,IRQ,0.0,0.0,0,0.0,0.0,0.0,,0.0,,1948,2021,11334.5,337.0
BRA__ISR,BRA,ISR,0.0,0.0,0,0.0,0.0,0.0,,0.0,,1948,2021,10447.5,333.0
BRA__ITA,BRA,ITA,0.0,0.0,0,0.0,0.0,0.0,,0.0,,1948,2021,9318.0,278.0
BRA__JAM,BRA,JAM,0.0,0.0,0,0.0,0.0,0.0,,0.0,,1948,2021,5730.5,171.0
BRA__JOR,BRA,JOR,0.0,0.0,0,0.0,0.0,0.0,,0.0,,1948,2021,10542.0,334.0
BRA__JPN,BRA,JPN,0.0,0.0,0,0.0,0.0,0.0,,0.0,,1948,2021,18545.0,30.0
BRA__KAZ,BRA,KAZ,0.0,0.0,0,0.0,0.0,0.0,,0.0,,1948,2021,14454.0,0.0
BRA__KEN,BRA,KEN,0.0,0.0,0,0.0,0.0,0.0,,0.0,,1948,2021,9114.5,353.0
BRA__KGZ,BRA,KGZ,0.0,0.0,0,0.0,0.0,0.0,,0.0,,1948,2021,14267.0,0.0
BRA__KHM,BRA,KHM,0.0,0.0,0,0.0,0.0,0.0,,0.0,,1948,2021,16583.0,314.0
BRA__KIR,BRA,KIR,0.0,0.0,0,0.0,0.0,0.0,,0.0,,1948,2021,15272.5,347.0
BRA__KNA,BRA,KNA,0.0,0.0,0,0.0,0.0,0.0,,0.0,,1948,2021,4886.5,83.0
BRA__KOR,BRA,KOR,0.0,0.0,0,0.0,0.0,0.0,,0.0,,1948,2021,18235.0,206.0
BRA__KWT,BRA,KWT,0.0,0.0,0,0.0,0.0,0.0,,0.0,,1948,2021,11509.0,346.0
BRA__LAO,BRA,LAO,0.0,0.0,0,0.0,0.0,0.0,,0.0,,1948,2021,16603.5,345.0
BRA__LBN,BRA,LBN,0.0,0.0,0,0.0,0.0,0.0,,0.0,,1948,2021,10591.5,329.0
BRA__LBR,BRA,LBR,0.0,0.0,0,0.0,0.0,0.0,,0.0,,1948,2021,4944.5,323.0
BRA__LBY,BRA,LBY,0.0,0.0,0,0.0,0.0,0.0,,0.0,,1948,2021,8751.0,304.0
BRA__LCA,BRA,LCA,0.0,0.0,0,0.0,0.0,0.0,,0.0,,1948,2021,4479.0,82.0
BRA__LKA,BRA,LKA,0.0,0.0,0,0.0,0.0,0.0,,0.0,,1948,2021,13865.5,337.0
BRA__LSO,BRA,LSO,0.0,0.0,0,0.0,0.0,0.0,,0.0,,1948,2021,7150.0,296.0
BRA__MAR,BRA,MAR,0.0,0.0,0,0.0,0.0,0.0,,0.0,,1948,2021,7429.0,252.0
BRA__MDG,BRA,MDG,0.0,0.0,0,0.0,0.0,0.0,,0.0,,1948,2021,9443.5,311.0
BRA__MDV,BRA,MDV,0.0,0.0,0,0.0,0.0,0.0,,0.0,,1948,2021,13100.0,338.0
BRA__MEX,BRA,MEX,0.0,0.0,0,0.0,0.0,0.0,,0.0,,1948,2021,7547.0,250.0
BRA__MHL,BRA,MHL,0.0,0.0,0,0.0,0.0,0.0,,0.0,,1948,2021,15757.5,355.0
BRA__MLI,BRA,MLI,0.0,0.0,0,0.0,0.0,0.0,,0.0,,1948,2021,5651.0,312.0
BRA__MMR,BRA,MMR,0.0,0.0,0,0.0,0.0,0.0,,0.0,,1948,2021,15909.5,347.0
BRA__MNG,BRA,MNG,0.0,0.0,0,0.0,0.0,0.0,,0.0,,1948,2021,16307.0,260.0
BRA__MOZ,BRA,MOZ,0.0,0.0,0,1.0,1.0,1.0,,0.0,,1948,2021,7733.0,304.0
BRA__MRT,BRA,MRT,0.0,0.0,0,0.0,0.0,0.0,,0.0,,1948,2021,5550.0,268.0
BRA__MUS,BRA,MUS,0.0,0.0,0,0.0,0.0,0.0,,0.0,,1948,2021,10339.0,294.0
BRA__MWI,BRA,MWI,0.0,0.0,0,0.0,0.0,0.0,,0.0,,1948,2021,8330.5,331.0
BRA__MYS,BRA,MYS,0.0,0.0,0,0.0,0.0,0.0,,0.0,,1948,2021,15798.0,280.0
BRA__NAM,BRA,NAM,0.0,0.0,0,0.0,0.0,0.0,,0.0,,1948,2021,6309.5,327.0
BRA__NER,BRA,NER,0.0,0.0,0,0.0,0.0,0.0,,0.0,,1948,2021,6539.0,332.0
BRA__NGA,BRA,NGA,0.0,0.0,0,0.0,0.0,0.0,,0.0,,1948,2021,6195.0,346.0
BRA__NIC,BRA,NIC,0.0,0.0,0,0.0,0.0,0.0,,0.0,,1948,2021,5965.5,239.0
BRA__NLD,BRA,NLD,0.0,0.0,0,0.0,0.0,0.0,,0.0,,1948,2021,9640.0,284.0
BRA__NPL,BRA,NPL,0.0,0.0,0,0.0,0.0,0.0,,0.0,,1948,2021,15034.5,357.0
BRA__NRU,BRA,NRU,0.0,0.0,0,0.0,0.0,0.0,,0.0,,1948,2021,15690.0,332.0
BRA__NZL,BRA,NZL,0.0,0.0,0,0.0,0.0,0.0,,0.0,,1948,2021,12163.5,249.0
BRA__OMN,BRA,OMN,0.0,0.0,0,0.0,0.0,0.0,,0.0,,1948,2021,12320.0,356.0
BRA__PAK,BRA,PAK,0.0,0.0,0,0.0,0.0,0.0,,0.0,,1948,2021,13188.5,357.0
BRA__PAN,BRA,PAN,0.0,0.0,0,0.0,0.0,0.0,,0.0,,1948,2021,5189.0,226.0
BRA__PER,BRA,PER,1.0,0.0,0,0.0,0.0,0.0,,0.0,,1948,2021,3616.0,322.0
BRA__PHL,BRA,PHL,0.0,0.0,0,0.0,0.0,0.0,,0.0,,1948,2021,18257.0,262.0
BRA__PLW,BRA,PLW,0.0,0.0,0,0.0,0.0,0.0,,0.0,,1948,2021,18236.0,58.0
BRA__PNG,BRA,PNG,0.0,0.0,0,0.0,0.0,0.0,,0.0,,1948,2021,16157.5,193.0
BRA__PRK,BRA,PRK,0.0,0.0,0,0.0,0.0,0.0,,0.0,,1948,2021,18042.0,208.0
BRA__PRT,BRA,PRT,0.0,0.0,1,0.0,1.0,1.0,0.0,0.0,1822.0,1948,2021,7807.5,233.0
BRA__PRY,BRA,PRY,1.0,0.0,0,0.0,0.0,0.0,,0.0,,1948,2021,1311.0,358.0
BRA__QAT,BRA,QAT,0.0,0.0,0,0.0,0.0,0.0,,0.0,,1948,2021,11693.5,353.0
BRA__RWA,BRA,RWA,0.0,0.0,0,0.0,0.0,0.0,,0.0,,1948,2021,8394.5,355.0
BRA__SAU,BRA,SAU,0.0,0.0,0,0.0,0.0,0.0,,0.0,,1948,2021,10818.5,1143.0
BRA__SDN,BRA,SDN,0.0,0.0,0,0.0,0.0,0.0,,0.0,,1948,2021,9454.5,355.0
BRA__SEN,BRA,SEN,0.0,0.0,0,0.0,0.0,0.0,,0.0,,1948,2021,5154.5,273.0
BRA__SGP,BRA,SGP,0.0,0.0,0,0.0,0.0,0.0,,0.0,,1948,2021,15867.5,261.0
BRA__SLB,BRA,SLB,0.0,0.0,0,0.0,0.0,0.0,,0.0,,1948,2021,15498.0,278.0
BRA__SLE,BRA,SLE,0.0,0.0,0,0.0,0.0,0.0,,0.0,,1948,2021,4921.5,309.0
BRA__SLV,BRA,SLV,0.0,0.0,0,0.0,0.0,0.0,,0.0,,1948,2021,6319.5,243.0
BRA__SOM,BRA,SOM,0.0,0.0,0,0.0,0.0,0.0,,0.0,,1948,2021,10131.5,353.0
BRA__SSD,BRA,SSD,0.0,0.0,0,0.0,0.0,0.0,,0.0,,1948,2021,9035.0,0.0
BRA__STP,BRA,STP,0.0,0.0,0,1.0,1.0,1.0,,0.0,,1948,2021,6161.0,356.0
BRA__SUR,BRA,SUR,1.0,0.0,0,0.0,0.0,0.0,,0.0,,1948,2021,3410.5,55.0
BRA__SWZ,BRA,SWZ,0.0,0.0,0,0.0,0.0,0.0,,0.0,,1948,2021,7582.0,304.0
BRA__SYC,BRA,SYC,0.0,0.0,0,0.0,0.0,0.0,,0.0,,1948,2021,10869.5,337.0
BRA__SYR,BRA,SYR,0.0,0.0,0,0.0,0.0,0.0,,0.0,,1948,2021,10737.5,519.0
BRA__TCD,BRA,TCD,0.0,0.0,0,0.0,0.0,0.0,,0.0,,1948,2021,7610.0,350.0
BRA__TGO,BRA,TGO,0.0,0.0,0,0.0,0.0,0.0,,0.0,,1948,2021,5975.5,345.0
BRA__THA,BRA,THA,0.0,0.0,0,0.0,0.0,0.0,,0.0,,1948,2021,16243.0,332.0
BRA__TJK,BRA,TJK,0.0,0.0,0,0.0,0.0,0.0,,0.0,,1948,2021,13768.0,0.0
BRA__TKM,BRA,TKM,0.0,0.0,0,0.0,0.0,0.0,,0.0,,1948,2021,12857.0,0.0
BRA__TLS,BRA,TLS,0.0,0.0,0,0.0,0.0,1.0,,0.0,,1948,2021,16354.0,0.0
BRA__TON,BRA,TON,0.0,0.0,0,0.0,0.0,0.0,,0.0,,1948,2021,12730.0,318.0
BRA__TTO,BRA,TTO,0.0,0.0,0,0.0,0.0,0.0,,0.0,,1948,2021,4166.5,99.0
BRA__TUN,BRA,TUN,0.0,0.0,0,0.0,0.0,0.0,,0.0,,1948,2021,8807.0,288.0
BRA__TUR,BRA,TUR,0.0,0.0,0,0.0,0.0,0.0,,0.0,,1948,2021,10416.5,305.0
BRA__TUV,BRA,TUV,0.0,0.0,0,0.0,0.0,0.0,,0.0,,1948,2021,14074.5,337.0
BRA__TWN,BRA,TWN,0.0,0.0,0,0.0,0.0,0.0,,0.0,,1948,2021,18641.0,358.0
BRA__TZA,BRA,TZA,0.0,0.0,0,0.0,0.0,0.0,,0.0,,1948,2021,9127.5,345.0
BRA__UGA,BRA,UGA,0.0,0.0,0,0.0,0.0,0.0,,0.0,,1948,2021,8752.0,356.0
BRA__URY,BRA,URY,1.0,0.0,0,0.0,0.0,0.0,,0.0,,1948,2021,1690.5,271.0
BRA__USA,BRA,USA,0.0,0.0,0,0.0,0.0,0.0,,0.0,,1948,2021,7694.5,73.0
BRA__UZB,BRA,UZB,0.0,0.0,0,0.0,0.0,0.0,,0.0,,1948,2021,13823.0,0.0
BRA__VCT,BRA,VCT,0.0,0.0,0,0.0,0.0,0.0,,0.0,,1948,2021,4403.0,86.0
BRA__VEN,BRA,VEN,1.0,0.0,0,0.0,0.0,0.0,,0.0,,1948,2021,4434.5,143.0
BRA__VNM,BRA,VNM,0.0,0.0,0,0.0,0.0,0.0,,0.0,,1948,2021,16711.0,304.0
BRA__VUT,BRA,VUT,0.0,0.0,0,0.0,0.0,0.0,,0.0,,1948,2021,14218.5,285.0
BRA__WSM,BRA,WSM,0.0,0.0,0,0.0,0.0,0.0,,0.0,,1948,2021,12932.0,340.0
BRA__YEM,BRA,YEM,0.0,0.0,0,0.0,0.0,0.0,,0.0,,1948,2021,10516.0,506.0
BRA__ZAF,BRA,ZAF,0.0,0.0,0,0.0,0.0,0.0,,0.0,,1948,2021,6899.0,1086.0
BRA__ZMB,BRA,ZMB,0.0,0.0,0,0.0,0.0,0.0,,0.0,,1948,2021,7665.5,337.0
BRA__ZWE,BRA,ZWE,0.0,0.0,0,0.0,0.0,0.0,,0.0,,1948,2021,7857.5,329.0
BRB__BRN,BRB,BRN,0.0,0.0,0,1.0,0.0,0.0,,1.0,,1948,2021,17923.0,0.0
BRB__BTN,BRB,BTN,0.0,0.0,0,0.0,0.0,0.0,,0.0,,1948,2021,14433.0,0.0
BRB__BWA,BRB,BWA,0.0,0.0,0,1.0,1.0,1.0,,1.0,,1948,2021,10172.0,0.0
BRB__CAF,BRB,CAF,0.0,0.0,0,0.0,0.0,0.0,,0.0,,1948,2021,8628.0,0.0
BRB__CAN,BRB,CAN,0.0,0.0,0,1.0,1.0,1.0,,0.0,,1948,2021,3856.5,57.0
BRB__CHL,BRB,CHL,0.0,0.0,0,0.0,0.0,0.0,,0.0,,1948,2021,5284.0,0.0
BRB__CHN,BRB,CHN,0.0,0.0,0,0.0,0.0,0.0,,0.0,,1948,2021,15098.0,0.0
BRB__CIV,BRB,CIV,0.0,0.0,0,0.0,0.0,0.0,,0.0,,1948,2021,6157.0,0.0
BRB__CMR,BRB,CMR,0.0,0.0,0,0.0,1.0,1.0,,0.0,,1948,2021,7776.5,201.0
BRB__COD,BRB,COD,0.0,0.0,0,0.0,0.0,0.0,,0.0,,1948,2021,8501.0,0.0
BRB__COG,BRB,COG,0.0,0.0,0,0.0,0.0,0.0,,0.0,,1948,2021,8496.0,0.0
BRB__COL,BRB,COL,0.0,0.0,0,0.0,0.0,0.0,,0.0,,1948,2021,1846.0,0.0
BRB__COM,BRB,COM,0.0,0.0,0,0.0,0.0,0.0,,0.0,,1948,2021,11682.0,0.0
BRB__CPV,BRB,CPV,0.0,0.0,0,0.0,0.0,0.0,,0.0,,1948,2021,3902.0,0.0
BRB__CRI,BRB,CRI,0.0,0.0,0,0.0,0.0,0.0,,0.0,,1948,2021,2691.0,0.0
BRB__CUB,BRB,CUB,0.0,0.0,0,0.0,0.0,0.0,,0.0,,1948,2021,2647.0,0.0
BRB__CYP,BRB,CYP,0.0,0.0,0,1.0,0.0,0.0,,1.0,,1948,2021,9451.0,0.0
BRB__DEU,BRB,DEU,0.0,0.0,0,0.0,0.0,0.0,,0.0,,1948,2021,7715.0,0.0
BRB__DJI,BRB,DJI,0.0,0.0,0,0.0,0.0,0.0,,0.0,,1948,2021,11079.0,0.0
BRB__DMA,BRB,DMA,0.0,0.0,0,1.0,1.0,1.0,,1.0,,1948,2021,310.0,0.0
BRB__DOM,BRB,DOM,0.0,0.0,0,0.0,0.0,0.0,,0.0,,1948,2021,1252.0,0.0
BRB__DZA,BRB,DZA,0.0,0.0,0,0.0,0.0,0.0,,0.0,,1948,2021,6721.0,0.0
BRB__ECU,BRB,ECU,0.0,0.0,0,0.0,0.0,0.0,,0.0,,1948,2021,2806.0,0.0
BRB__EGY,BRB,EGY,0.0,0.0,0,1.0,1.0,0.0,,0.0,,1948,2021,9376.0,0.0
BRB__ERI,BRB,ERI,0.0,0.0,0,1.0,1.0,1.0,,1.0,,1948,2021,10530.0,0.0
BRB__ESP,BRB,ESP,0.0,0.0,0,0.0,0.0,0.0,,0.0,,1948,2021,6457.5,505.0
BRB__ETH,BRB,ETH,0.0,0.0,0,0.0,0.0,1.0,,0.0,,1948,2021,10687.0,0.0
BRB__FJI,BRB,FJI,0.0,0.0,0,1.0,1.0,1.0,,1.0,,1948,2021,13807.0,0.0
BRB__FRA,BRB,FRA,0.0,0.0,0,0.0,0.0,0.0,,0.0,,1948,2021,6879.0,0.0
BRB__FSM,BRB,FSM,0.0,0.0,0,0.0,1.0,1.0,,0.0,,1948,2021,15302.0,0.0
BRB__GAB,BRB,GAB,0.0,0.0,0,0.0,0.0,0.0,,0.0,,1948,2021,7740.0,0.0
BRB__GBR,BRB,GBR,0.0,1.0,1,0.0,1.0,1.0,0.0,0.0,1966.0,1948,2021,6782.0,0.0
BRB__GEO,BRB,GEO,0.0,0.0,0,0.0,0.0,0.0,,0.0,,1948,2021,10216.0,0.0
BRB__GHA,BRB,GHA,0.0,0.0,0,1.0,1.0,1.0,,1.0,,1948,2021,6477.0,180.0
BRB__GIN,BRB,GIN,0.0,0.0,0,0.0,0.0,0.0,,0.0,,1948,2021,5027.0,0.0
BRB__GMB,BRB,GMB,0.0,0.0,0,1.0,1.0,1.0,,1.0,,1948,2021,4647.0,0.0
BRB__GNB,BRB,GNB,0.0,0.0,0,0.0,0.0,0.0,,0.0,,1948,2021,4781.0,0.0
BRB__GNQ,BRB,GNQ,0.0,0.0,0,0.0,0.0,0.0,,0.0,,1948,2021,7736.0,0.0
BRB__GRD,BRB,GRD,0.0,0.0,0,1.0,1.0,1.0,,1.0,,1948,2021,259.0,0.0
BRB__GTM,BRB,GTM,0.0,0.0,0,0.0,0.0,0.0,,0.0,,1948,2021,3344.0,0.0
BRB__GUY,BRB,GUY,0.0,0.0,0,1.0,1.0,1.0,,1.0,,1948,2021,715.0,0.0
BRB__HND,BRB,HND,0.0,0.0,0,0.0,0.0,0.0,,0.0,,1948,2021,2986.0,0.0
BRB__HTI,BRB,HTI,0.0,0.0,0,0.0,0.0,0.0,,0.0,,1948,2021,1489.0,0.0
BRB__IDN,BRB,IDN,0.0,0.0,0,0.0,0.0,0.0,,0.0,,1948,2021,18360.0,0.0
BRB__IND,BRB,IND,0.0,0.0,0,1.0,1.0,1.0,,1.0,,1948,2021,14109.5,1283.0
BRB__IRN,BRB,IRN,0.0,0.0,0,0.0,0.0,0.0,,0.0,,1948,2021,10993.0,0.0
BRB__IRQ,BRB,IRQ,0.0,0.0,0,1.0,0.0,0.0,,0.0,,1948,2021,10484.0,0.0
BRB__ISR,BRB,ISR,0.0,0.0,0,1.0,1.0,1.0,,1.0,,1948,2021,9656.0,0.0
BRB__ITA,BRB,ITA,0.0,0.0,0,0.0,0.0,0.0,,0.0,,1948,2021,7571.0,0.0
BRB__JAM,BRB,JAM,0.0,0.0,0,1.0,1.0,1.0,,1.0,,1948,2021,1919.0,0.0
BRB__JOR,BRB,JOR,0.0,0.0,0,1.0,1.0,0.0,,1.0,,1948,2021,9766.0,0.0
BRB__JPN,BRB,JPN,0.0,0.0,0,0.0,0.0,0.0,,0.0,,1948,2021,14237.0,0.0
BRB__KAZ,BRB,KAZ,0.0,0.0,0,0.0,0.0,0.0,,0.0,,1948,2021,12367.0,0.0
BRB__KEN,BRB,KEN,0.0,0.0,0,1.0,1.0,1.0,,1.0,,1948,2021,10748.0,0.0
BRB__KGZ,BRB,KGZ,0.0,0.0,0,0.0,0.0,0.0,,0.0,,1948,2021,12257.0,0.0
BRB__KHM,BRB,KHM,0.0,0.0,0,0.0,0.0,0.0,,0.0,,1948,2021,16795.0,0.0
BRB__KIR,BRB,KIR,0.0,0.0,0,1.0,1.0,1.0,,1.0,,1948,2021,14013.0,0.0
BRB__KNA,BRB,KNA,0.0,0.0,0,1.0,1.0,1.0,,1.0,,1948,2021,572.0,0.0
BRB__KOR,BRB,KOR,0.0,0.0,0,0.0,1.0,0.0,,0.0,,1948,2021,14354.0,0.0
BRB__KWT,BRB,KWT,0.0,0.0,0,1.0,1.0,0.0,,1.0,,1948,2021,10952.0,0.0
BRB__LAO,BRB,LAO,0.0,0.0,0,0.0,0.0,0.0,,0.0,,1948,2021,16059.0,0.0
BRB__LBN,BRB,LBN,0.0,0.0,0,0.0,1.0,0.0,,0.0,,1948,2021,9672.0,0.0
BRB__LBR,BRB,LBR,0.0,0.0,0,0.0,1.0,1.0,,0.0,,1948,2021,5402.0,0.0
BRB__LBY,BRB,LBY,0.0,0.0,0,0.0,0.0,0.0,,0.0,,1948,2021,7637.0,0.0
BRB__LCA,BRB,LCA,0.0,0.0,0,1.0,1.0,1.0,,1.0,,1948,2021,179.0,0.0
BRB__LKA,BRB,LKA,0.0,0.0,0,1.0,0.0,0.0,,1.0,,1948,2021,15031.0,0.0
BRB__LSO,BRB,LSO,0.0,0.0,0,1.0,1.0,1.0,,1.0,,1948,2021,10442.0,0.0
BRB__MAR,BRB,MAR,0.0,0.0,0,0.0,0.0,0.0,,0.0,,1948,2021,5711.0,0.0
BRB__MDG,BRB,MDG,0.0,0.0,0,0.0,0.0,0.0,,0.0,,1948,2021,12261.0,0.0
BRB__MDV,BRB,MDV,0.0,0.0,0,1.0,0.0,0.0,,1.0,,1948,2021,14511.0,0.0
BRB__MEX,BRB,MEX,0.0,0.0,0,0.0,0.0,0.0,,0.0,,1948,2021,4273.0,0.0
BRB__MHL,BRB,MHL,0.0,0.0,0,0.0,1.0,1.0,,0.0,,1948,2021,13968.0,0.0
BRB__MLI,BRB,MLI,0.0,0.0,0,0.0,0.0,0.0,,0.0,,1948,2021,5592.0,0.0
BRB__MMR,BRB,MMR,0.0,0.0,0,1.0,0.0,0.0,,1.0,,1948,2021,15769.0,0.0
BRB__MNG,BRB,MNG,0.0,0.0,0,0.0,0.0,0.0,,0.0,,1948,2021,13116.0,0.0
BRB__MOZ,BRB,MOZ,0.0,0.0,0,0.0,0.0,0.0,,0.0,,1948,2021,10853.5,13.0
BRB__MRT,BRB,MRT,0.0,0.0,0,0.0,0.0,0.0,,0.0,,1948,2021,4702.0,0.0
BRB__MUS,BRB,MUS,0.0,0.0,0,1.0,1.0,1.0,,1.0,,1948,2021,13315.0,0.0
BRB__MWI,BRB,MWI,0.0,0.0,0,1.0,1.0,1.0,,1.0,,1948,2021,10806.5,169.0
BRB__MYS,BRB,MYS,0.0,0.0,0,1.0,0.0,0.0,,1.0,,1948,2021,17443.0,316.0
BRB__NAM,BRB,NAM,0.0,0.0,0,0.0,1.0,1.0,,0.0,,1948,2021,9242.0,0.0
BRB__NER,BRB,NER,0.0,0.0,0,0.0,0.0,0.0,,0.0,,1948,2021,6669.0,0.0
BRB__NGA,BRB,NGA,0.0,0.0,0,1.0,1.0,1.0,,1.0,,1948,2021,6954.0,34.0
BRB__NIC,BRB,NIC,0.0,0.0,0,0.0,0.0,0.0,,0.0,,1948,2021,2894.0,0.0
BRB__NLD,BRB,NLD,0.0,0.0,0,0.0,0.0,0.0,,0.0,,1948,2021,7121.0,38.0
BRB__NPL,BRB,NPL,0.0,0.0,0,0.0,0.0,0.0,,0.0,,1948,2021,14127.0,0.0
BRB__NRU,BRB,NRU,0.0,0.0,0,1.0,1.0,1.0,,1.0,,1948,2021,14719.0,0.0
BRB__NZL,BRB,NZL,0.0,0.0,0,1.0,1.0,1.0,,0.0,,1948,2021,14032.0,0.0
BRB__OMN,BRB,OMN,0.0,0.0,0,0.0,0.0,0.0,,0.0,,1948,2021,12173.0,0.0
BRB__PAK,BRB,PAK,0.0,0.0,0,1.0,1.0,1.0,,1.0,,1948,2021,12873.0,0.0
BRB__PAN,BRB,PAN,0.0,0.0,0,0.0,0.0,0.0,,0.0,,1948,2021,2221.0,0.0
BRB__PER,BRB,PER,0.0,0.0,0,0.0,0.0,0.0,,0.0,,1948,2021,3381.0,0.0
BRB__PHL,BRB,PHL,0.0,0.0,0,0.0,1.0,1.0,,0.0,,1948,2021,16939.0,0.0
BRB__PLW,BRB,PLW,0.0,0.0,0,1.0,1.0,1.0,,0.0,,1948,2021,17256.5,23.0
BRB__PNG,BRB,PNG,0.0,0.0,0,1.0,1.0,1.0,,0.0,,1948,2021,17083.0,0.0
BRB__PRK,BRB,PRK,0.0,0.0,0,0.0,0.0,0.0,,0.0,,1948,2021,14206.0,0.0
BRB__PRT,BRB,PRT,0.0,0.0,0,0.0,0.0,0.0,,0.0,,1948,2021,5706.0,0.0
BRB__PRY,BRB,PRY,0.0,0.0,0,0.0,0.0,0.0,,0.0,,1948,2021,4254.0,0.0
BRB__QAT,BRB,QAT,0.0,0.0,0,1.0,0.0,0.0,,1.0,,1948,2021,11437.0,10.0
BRB__RWA,BRB,RWA,0.0,0.0,0,0.0,1.0,1.0,,0.0,,1948,2021,10031.0,0.0
BRB__SAU,BRB,SAU,0.0,0.0,0,0.0,0.0,0.0,,0.0,,1948,2021,10724.5,567.0
BRB__SDN,BRB,SDN,0.0,0.0,0,1.0,0.0,0.0,,1.0,,1948,2021,9857.0,0.0
BRB__SEN,BRB,SEN,0.0,0.0,0,0.0,0.0,0.0,,0.0,,1948,2021,4555.0,0.0
BRB__SGP,BRB,SGP,0.0,0.0,0,1.0,1.0,1.0,,1.0,,1948,2021,17601.0,0.0
BRB__SLB,BRB,SLB,0.0,0.0,0,1.0,0.0,1.0,,1.0,,1948,2021,15701.0,0.0
BRB__SLE,BRB,SLE,0.0,0.0,0,1.0,1.0,1.0,,1.0,,1948,2021,5092.0,0.0
BRB__SLV,BRB,SLV,0.0,0.0,0,0.0,0.0,0.0,,0.0,,1948,2021,3201.0,0.0
BRB__SOM,BRB,SOM,0.0,0.0,0,1.0,0.0,1.0,,1.0,,1948,2021,11585.0,0.0
BRB__SSD,BRB,SSD,0.0,0.0,0,0.0,0.0,0.0,,1.0,,1948,2021,10026.0,0.0
BRB__STP,BRB,STP,0.0,0.0,0,0.0,0.0,0.0,,0.0,,1948,2021,7447.0,0.0
BRB__SUR,BRB,SUR,0.0,0.0,0,0.0,0.0,0.0,,0.0,,1948,2021,937.0,0.0
BRB__SWZ,BRB,SWZ,0.0,0.0,0,1.0,0.0,1.0,,1.0,,1948,2021,10724.0,0.0
BRB__SYC,BRB,SYC,0.0,0.0,0,1.0,1.0,1.0,,1.0,,1948,2021,12849.0,0.0
BRB__SYR,BRB,SYR,0.0,0.0,0,0.0,0.0,0.0,,0.0,,1948,2021,9757.0,0.0
BRB__TCD,BRB,TCD,0.0,0.0,0,0.0,0.0,0.0,,0.0,,1948,2021,8080.0,0.0
BRB__TGO,BRB,TGO,0.0,0.0,0,0.0,0.0,0.0,,0.0,,1948,2021,6707.0,0.0
BRB__THA,BRB,THA,0.0,0.0,0,0.0,0.0,0.0,,0.0,,1948,2021,16328.0,0.0
BRB__TJK,BRB,TJK,0.0,0.0,0,0.0,0.0,0.0,,0.0,,1948,2021,12179.0,0.0
BRB__TKM,BRB,TKM,0.0,0.0,0,0.0,0.0,0.0,,0.0,,1948,2021,11444.0,0.0
BRB__TLS,BRB,TLS,0.0,0.0,0,0.0,0.0,0.0,,0.0,,1948,2021,19264.0,0.0
BRB__TON,BRB,TON,0.0,0.0,0,1.0,0.0,1.0,,1.0,,1948,2021,13163.0,0.0
BRB__TTO,BRB,TTO,0.0,0.0,0,1.0,1.0,1.0,,1.0,,1948,2021,340.0,0.0
BRB__TUN,BRB,TUN,0.0,0.0,0,0.0,0.0,0.0,,0.0,,1948,2021,7357.0,0.0
BRB__TUR,BRB,TUR,0.0,0.0,0,0.0,0.0,0.0,,0.0,,1948,2021,8948.0,0.0
BRB__TUV,BRB,TUV,0.0,0.0,0,1.0,0.0,0.0,,1.0,,1948,2021,13597.0,0.0
BRB__TWN,BRB,TWN,0.0,0.0,0,0.0,0.0,0.0,,0.0,,1948,2021,15784.0,4.0
BRB__TZA,BRB,TZA,0.0,0.0,0,1.0,0.0,1.0,,1.0,,1948,2021,11147.0,0.0
BRB__UGA,BRB,UGA,0.0,0.0,0,1.0,1.0,1.0,,1.0,,1948,2021,10248.0,0.0
BRB__URY,BRB,URY,0.0,0.0,0,0.0,0.0,0.0,,0.0,,1948,2021,5317.0,0.0
BRB__USA,BRB,USA,0.0,0.0,0,1.0,1.0,1.0,,0.0,,1948,2021,3367.0,0.0
BRB__UZB,BRB,UZB,0.0,0.0,0,0.0,0.0,0.0,,0.0,,1948,2021,12029.0,0.0
BRB__VCT,BRB,VCT,0.0,0.0,0,1.0,1.0,1.0,,1.0,,1948,2021,174.0,0.0
BRB__VEN,BRB,VEN,0.0,0.0,0,0.0,0.0,0.0,,0.0,,1948,2021,843.0,0.0
BRB__VNM,BRB,VNM,0.0,0.0,0,0.0,0.0,0.0,,0.0,,1948,2021,16970.0,0.0
BRB__VUT,BRB,VUT,0.0,0.0,0,1.0,1.0,1.0,,1.0,,1948,2021,14876.0,0.0
BRB__WSM,BRB,WSM,0.0,0.0,0,0.0,1.0,1.0,,0.0,,1948,2021,12715.0,0.0
BRB__YEM,BRB,YEM,0.0,0.0,0,1.0,0.0,0.0,,1.0,,1948,2021,11018.0,112.0
BRB__ZAF,BRB,ZAF,0.0,0.0,0,1.0,1.0,1.0,,0.0,,1948,2021,10081.5,677.0
BRB__ZMB,BRB,ZMB,0.0,0.0,0,1.0,1.0,1.0,,1.0,,1948,2021,10140.5,73.0
BRB__ZWE,BRB,ZWE,0.0,0.0,0,1.0,1.0,1.0,,1.0,,1948,2021,10525.0,0.0
BRN__BTN,BRN,BTN,0.0,0.0,0,0.0,0.0,0.0,,0.0,,1948,2021,3662.0,0.0
BRN__BWA,BRN,BWA,0.0,0.0,0,1.0,0.0,0.0,,1.0,,1948,2021,10146.0,0.0
BRN__CAF,BRN,CAF,0.0,0.0,0,0.0,0.0,0.0,,0.0,,1948,2021,10684.0,0.0
BRN__CAN,BRN,CAN,0.0,0.0,0,1.0,0.0,0.0,,0.0,,1948,2021,14391.0,76.0
BRN__CHL,BRN,CHL,0.0,0.0,0,0.0,0.0,0.0,,0.0,,1948,2021,16795.0,0.0
BRN__CHN,BRN,CHN,0.0,0.0,0,0.0,0.0,0.0,,0.0,,1948,2021,2988.0,0.0
BRN__CIV,BRN,CIV,0.0,0.0,0,0.0,0.0,0.0,,0.0,,1948,2021,13158.0,0.0
BRN__CMR,BRN,CMR,0.0,0.0,0,0.0,0.0,0.0,,0.0,,1948,2021,11566.0,198.0
BRN__COD,BRN,COD,0.0,0.0,0,0.0,0.0,0.0,,0.0,,1948,2021,11126.0,0.0
BRN__COG,BRN,COG,0.0,0.0,0,0.0,0.0,0.0,,0.0,,1948,2021,11129.0,0.0
BRN__COL,BRN,COL,0.0,0.0,0,0.0,0.0,0.0,,0.0,,1948,2021,18562.0,0.0
BRN__COM,BRN,COM,0.0,0.0,0,0.0,0.0,0.0,,0.0,,1948,2021,8146.0,0.0
BRN__CPV,BRN,CPV,0.0,0.0,0,0.0,0.0,0.0,,0.0,,1948,2021,14949.0,0.0
BRN__CRI,BRN,CRI,0.0,0.0,0,0.0,0.0,0.0,,0.0,,1948,2021,17349.0,0.0
BRN__CUB,BRN,CUB,0.0,0.0,0,0.0,0.0,0.0,,0.0,,1948,2021,16381.0,0.0
BRN__CYP,BRN,CYP,0.0,0.0,0,1.0,0.0,0.0,,1.0,,1948,2021,8933.0,0.0
BRN__DEU,BRN,DEU,0.0,0.0,0,0.0,0.0,0.0,,0.0,,1948,2021,10351.0,0.0
BRN__DJI,BRN,DJI,0.0,0.0,0,0.0,0.0,0.0,,0.0,,1948,2021,7927.0,0.0
BRN__DMA,BRN,DMA,0.0,0.0,0,1.0,0.0,0.0,,1.0,,1948,2021,17730.0,0.0
BRN__DOM,BRN,DOM,0.0,0.0,0,0.0,0.0,0.0,,0.0,,1948,2021,17360.0,0.0
BRN__DZA,BRN,DZA,0.0,0.0,0,0.0,0.0,0.0,,0.0,,1948,2021,11604.0,0.0
BRN__ECU,BRN,ECU,0.0,0.0,0,0.0,0.0,0.0,,0.0,,1948,2021,18358.0,0.0
BRN__EGY,BRN,EGY,0.0,0.0,0,1.0,0.0,0.0,,0.0,,1948,2021,9136.0,0.0
BRN__ERI,BRN,ERI,0.0,0.0,0,1.0,0.0,0.0,,1.0,,1948,2021,8374.0,0.0
BRN__ESP,BRN,ESP,0.0,0.0,0,0.0,0.0,0.0,,0.0,,1948,2021,11763.0,500.0
BRN__ETH,BRN,ETH,0.0,0.0,0,0.0,0.0,0.0,,0.0,,1948,2021,8419.0,0.0
BRN__FJI,BRN,FJI,0.0,0.0,0,1.0,0.0,0.0,,1.0,,1948,2021,7419.0,0.0
BRN__FRA,BRN,FRA,0.0,0.0,0,0.0,0.0,0.0,,0.0,,1948,2021,11215.0,0.0
BRN__FSM,BRN,FSM,0.0,0.0,0,0.0,0.0,0.0,,0.0,,1948,2021,4788.0,0.0
BRN__GAB,BRN,GAB,0.0,0.0,0,0.0,0.0,0.0,,0.0,,1948,2021,11733.0,0.0
BRN__GBR,BRN,GBR,0.0,1.0,1,0.0,0.0,0.0,0.0,0.0,1984.0,1948,2021,11269.0,0.0
BRN__GEO,BRN,GEO,0.0,0.0,0,0.0,0.0,0.0,,0.0,,1948,2021,7999.0,0.0
BRN__GHA,BRN,GHA,0.0,0.0,0,1.0,0.0,0.0,,1.0,,1948,2021,12803.0,138.0
BRN__GIN,BRN,GIN,0.0,0.0,0,0.0,0.0,0.0,,0.0,,1948,2021,14111.0,0.0
BRN__GMB,BRN,GMB,0.0,0.0,0,1.0,0.0,0.0,,1.0,,1948,2021,14313.0,0.0
BRN__GNB,BRN,GNB,0.0,0.0,0,0.0,0.0,0.0,,0.0,,1948,2021,14252.0,0.0
BRN__GNQ,BRN,GNQ,0.0,0.0,0,0.0,0.0,0.0,,0.0,,1948,2021,11683.0,0.0
BRN__GRD,BRN,GRD,0.0,0.0,0,1.0,0.0,0.0,,1.0,,1948,2021,18090.0,0.0
BRN__GTM,BRN,GTM,0.0,0.0,0,0.0,0.0,0.0,,0.0,,1948,2021,16477.0,0.0
BRN__GUY,BRN,GUY,0.0,0.0,0,1.0,0.0,0.0,,1.0,,1948,2021,18504.0,0.0
BRN__HND,BRN,HND,0.0,0.0,0,0.0,0.0,0.0,,0.0,,1948,2021,16796.0,0.0
BRN__HTI,BRN,HTI,0.0,0.0,0,0.0,0.0,0.0,,0.0,,1948,2021,17290.0,0.0
BRN__IDN,BRN,IDN,0.0,0.0,0,0.0,1.0,0.0,,0.0,,1948,2021,1527.0,0.0
BRN__IND,BRN,IND,0.0,0.0,0,1.0,0.0,0.0,,1.0,,1948,2021,4142.5,1363.0
BRN__IRN,BRN,IRN,0.0,0.0,0,0.0,0.0,0.0,,0.0,,1948,2021,7312.0,0.0
BRN__IRQ,BRN,IRQ,0.0,0.0,0,1.0,0.0,0.0,,0.0,,1948,2021,7906.0,0.0
BRN__ISR,BRN,ISR,0.0,0.0,0,1.0,0.0,0.0,,1.0,,1948,2021,8797.0,0.0
BRN__ITA,BRN,ITA,0.0,0.0,0,0.0,0.0,0.0,,0.0,,1948,2021,10671.0,0.0
BRN__JAM,BRN,JAM,0.0,0.0,0,1.0,0.0,0.0,,1.0,,1948,2021,17165.0,0.0
BRN__JOR,BRN,JOR,0.0,0.0,0,1.0,0.0,0.0,,1.0,,1948,2021,8687.0,0.0
BRN__JPN,BRN,JPN,0.0,0.0,0,0.0,0.0,0.0,,0.0,,1948,2021,4246.0,0.0
BRN__KAZ,BRN,KAZ,0.0,0.0,0,0.0,0.0,0.0,,0.0,,1948,2021,5653.0,0.0
BRN__KEN,BRN,KEN,0.0,0.0,0,1.0,0.0,0.0,,1.0,,1948,2021,8715.0,0.0
BRN__KGZ,BRN,KGZ,0.0,0.0,0,0.0,0.0,0.0,,0.0,,1948,2021,5781.0,0.0
BRN__KHM,BRN,KHM,0.0,0.0,0,0.0,0.0,0.0,,0.0,,1948,2021,1325.0,0.0
BRN__KIR,BRN,KIR,0.0,0.0,0,1.0,0.0,0.0,,1.0,,1948,2021,6461.0,0.0
BRN__KNA,BRN,KNA,0.0,0.0,0,1.0,0.0,0.0,,1.0,,1948,2021,17532.0,0.0
BRN__KOR,BRN,KOR,0.0,0.0,0,0.0,0.0,0.0,,0.0,,1948,2021,3815.0,0.0
BRN__KWT,BRN,KWT,0.0,0.0,0,1.0,0.0,0.0,,1.0,,1948,2021,7516.0,0.0
BRN__LAO,BRN,LAO,0.0,0.0,0,0.0,0.0,0.0,,0.0,,1948,2021,1971.0,0.0
BRN__LBN,BRN,LBN,0.0,0.0,0,0.0,0.0,0.0,,0.0,,1948,2021,8736.0,0.0
BRN__LBR,BRN,LBR,0.0,0.0,0,0.0,0.0,0.0,,0.0,,1948,2021,13880.0,0.0
BRN__LBY,BRN,LBY,0.0,0.0,0,0.0,0.0,0.0,,0.0,,1948,2021,10809.0,0.0
BRN__LCA,BRN,LCA,0.0,0.0,0,1.0,0.0,0.0,,1.0,,1948,2021,17863.0,0.0
BRN__LKA,BRN,LKA,0.0,0.0,0,1.0,0.0,0.0,,1.0,,1948,2021,3892.0,0.0
BRN__LSO,BRN,LSO,0.0,0.0,0,1.0,0.0,0.0,,1.0,,1948,2021,10036.0,0.0
BRN__MAR,BRN,MAR,0.0,0.0,0,0.0,0.0,0.0,,0.0,,1948,2021,12636.0,0.0
BRN__MDG,BRN,MDG,0.0,0.0,0,0.0,0.0,0.0,,0.0,,1948,2021,7841.0,0.0
BRN__MDV,BRN,MDV,0.0,0.0,0,1.0,0.0,0.0,,1.0,,1948,2021,4599.0,0.0
BRN__MEX,BRN,MEX,0.0,0.0,0,0.0,0.0,0.0,,0.0,,1948,2021,15420.0,0.0
BRN__MHL,BRN,MHL,0.0,0.0,0,0.0,0.0,0.0,,0.0,,1948,2021,6249.0,0.0
BRN__MLI,BRN,MLI,0.0,0.0,0,0.0,0.0,0.0,,0.0,,1948,2021,13431.0,0.0
BRN__MMR,BRN,MMR,0.0,0.0,0,1.0,0.0,0.0,,1.0,,1948,2021,2434.0,0.0
BRN__MNG,BRN,MNG,0.0,0.0,0,0.0,0.0,0.0,,0.0,,1948,2021,4824.0,0.0
BRN__MOZ,BRN,MOZ,0.0,0.0,0,0.0,0.0,0.0,,0.0,,1948,2021,9499.5,13.0
BRN__MRT,BRN,MRT,0.0,0.0,0,0.0,0.0,0.0,,0.0,,1948,2021,14072.0,0.0
BRN__MUS,BRN,MUS,0.0,0.0,0,1.0,0.0,0.0,,1.0,,1948,2021,6866.0,0.0
BRN__MWI,BRN,MWI,0.0,0.0,0,1.0,0.0,0.0,,1.0,,1948,2021,9146.5,105.0
BRN__MYS,BRN,MYS,1.0,0.0,0,1.0,1.0,1.0,,1.0,,1948,2021,1392.0,188.0
BRN__NAM,BRN,NAM,0.0,0.0,0,0.0,0.0,0.0,,0.0,,1948,2021,11033.0,0.0
BRN__NER,BRN,NER,0.0,0.0,0,0.0,0.0,0.0,,0.0,,1948,2021,12340.0,0.0
BRN__NGA,BRN,NGA,0.0,0.0,0,1.0,0.0,0.0,,1.0,,1948,2021,12292.5,69.0
BRN__NIC,BRN,NIC,0.0,0.0,0,0.0,0.0,0.0,,0.0,,1948,2021,17012.0,0.0
BRN__NLD,BRN,NLD,0.0,0.0,0,0.0,0.0,0.0,,0.0,,1948,2021,10934.0,44.0
BRN__NPL,BRN,NPL,0.0,0.0,0,0.0,0.0,0.0,,0.0,,1948,2021,4023.0,0.0
BRN__NRU,BRN,NRU,0.0,0.0,0,1.0,0.0,0.0,,1.0,,1948,2021,5809.0,0.0
BRN__NZL,BRN,NZL,0.0,0.0,0,1.0,0.0,0.0,,0.0,,1948,2021,7731.0,0.0
BRN__OMN,BRN,OMN,0.0,0.0,0,0.0,0.0,0.0,,0.0,,1948,2021,6376.0,0.0
BRN__PAK,BRN,PAK,0.0,0.0,0,1.0,0.0,0.0,,1.0,,1948,2021,5564.0,0.0
BRN__PAN,BRN,PAN,0.0,0.0,0,0.0,0.0,0.0,,0.0,,1948,2021,17796.0,0.0
BRN__PER,BRN,PER,0.0,0.0,0,0.0,0.0,0.0,,0.0,,1948,2021,18494.0,0.0
BRN__PHL,BRN,PHL,0.0,0.0,0,0.0,0.0,0.0,,0.0,,1948,2021,1257.0,0.0
BRN__PLW,BRN,PLW,0.0,0.0,0,1.0,0.0,0.0,,0.0,,1948,2021,2186.5,17.0
BRN__PNG,BRN,PNG,0.0,0.0,0,1.0,0.0,0.0,,0.0,,1948,2021,3914.0,0.0
BRN__PRK,BRN,PRK,0.0,0.0,0,0.0,0.0,0.0,,0.0,,1948,2021,3930.0,0.0
BRN__PRT,BRN,PRT,0.0,0.0,0,0.0,0.0,0.0,,0.0,,1948,2021,12516.0,0.0
BRN__PRY,BRN,PRY,0.0,0.0,0,0.0,0.0,0.0,,0.0,,1948,2021,17619.0,0.0
BRN__QAT,BRN,QAT,0.0,0.0,0,1.0,0.0,0.0,,1.0,,1948,2021,7116.5,11.0
BRN__RWA,BRN,RWA,0.0,0.0,0,0.0,0.0,0.0,,0.0,,1948,2021,9471.0,0.0
BRN__SAU,BRN,SAU,0.0,0.0,0,0.0,0.0,0.0,,0.0,,1948,2021,7933.0,690.0
BRN__SDN,BRN,SDN,0.0,0.0,0,1.0,0.0,0.0,,1.0,,1948,2021,9060.0,0.0
BRN__SEN,BRN,SEN,0.0,0.0,0,0.0,0.0,0.0,,0.0,,1948,2021,14348.0,0.0
BRN__SGP,BRN,SGP,0.0,0.0,0,1.0,1.0,0.0,,1.0,,1948,2021,1298.0,0.0
BRN__SLB,BRN,SLB,0.0,0.0,0,1.0,0.0,0.0,,1.0,,1948,2021,5239.0,0.0
BRN__SLE,BRN,SLE,0.0,0.0,0,1.0,0.0,0.0,,1.0,,1948,2021,14094.0,0.0
BRN__SLV,BRN,SLV,0.0,0.0,0,0.0,0.0,0.0,,0.0,,1948,2021,16655.0,0.0
BRN__SOM,BRN,SOM,0.0,0.0,0,1.0,0.0,0.0,,1.0,,1948,2021,7738.0,0.0
BRN__SSD,BRN,SSD,0.0,0.0,0,0.0,0.0,0.0,,1.0,,1948,2021,9239.0,0.0
BRN__STP,BRN,STP,0.0,0.0,0,0.0,0.0,0.0,,0.0,,1948,2021,12036.0,0.0
BRN__SUR,BRN,SUR,0.0,0.0,0,0.0,0.0,0.0,,0.0,,1948,2021,18396.0,0.0
BRN__SWZ,BRN,SWZ,0.0,0.0,0,1.0,0.0,0.0,,1.0,,1948,2021,9642.0,0.0
BRN__SYC,BRN,SYC,0.0,0.0,0,1.0,0.0,0.0,,1.0,,1948,2021,6699.0,0.0
BRN__SYR,BRN,SYR,0.0,0.0,0,0.0,0.0,0.0,,0.0,,1948,2021,8626.0,64.0
BRN__TCD,BRN,TCD,0.0,0.0,0,0.0,0.0,0.0,,0.0,,1948,2021,10976.0,0.0
BRN__TGO,BRN,TGO,0.0,0.0,0,0.0,0.0,0.0,,0.0,,1948,2021,12571.0,0.0
BRN__THA,BRN,THA,0.0,0.0,0,0.0,0.0,0.0,,0.0,,1948,2021,1857.0,0.0
BRN__TJK,BRN,TJK,0.0,0.0,0,0.0,0.0,0.0,,0.0,,1948,2021,5957.0,0.0
BRN__TKM,BRN,TKM,0.0,0.0,0,0.0,0.0,0.0,,0.0,,1948,2021,6775.0,0.0
BRN__TLS,BRN,TLS,0.0,0.0,0,0.0,0.0,0.0,,0.0,,1948,2021,1902.0,0.0
BRN__TON,BRN,TON,0.0,0.0,0,1.0,0.0,0.0,,1.0,,1948,2021,8143.0,0.0
BRN__TTO,BRN,TTO,0.0,0.0,0,1.0,0.0,0.0,,1.0,,1948,2021,18236.0,0.0
BRN__TUN,BRN,TUN,0.0,0.0,0,0.0,0.0,0.0,,0.0,,1948,2021,10989.0,0.0
BRN__TUR,BRN,TUR,0.0,0.0,0,0.0,0.0,0.0,,0.0,,1948,2021,9318.0,0.0
BRN__TUV,BRN,TUV,0.0,0.0,0,1.0,0.0,0.0,,1.0,,1948,2021,7285.0,0.0
BRN__TWN,BRN,TWN,0.0,0.0,0,0.0,0.0,0.0,,0.0,,1948,2021,2331.0,6.0
BRN__TZA,BRN,TZA,0.0,0.0,0,1.0,0.0,0.0,,1.0,,1948,2021,8508.0,0.0
BRN__UGA,BRN,UGA,0.0,0.0,0,1.0,0.0,0.0,,1.0,,1948,2021,9169.0,0.0
BRN__URY,BRN,URY,0.0,0.0,0,0.0,0.0,0.0,,0.0,,1948,2021,16572.0,0.0
BRN__USA,BRN,USA,0.0,0.0,0,1.0,0.0,0.0,,0.0,,1948,2021,14867.0,0.0
BRN__UZB,BRN,UZB,0.0,0.0,0,0.0,0.0,0.0,,0.0,,1948,2021,6065.0,0.0
BRN__VCT,BRN,VCT,0.0,0.0,0,1.0,0.0,0.0,,1.0,,1948,2021,17960.0,0.0
BRN__VEN,BRN,VEN,0.0,0.0,0,0.0,0.0,0.0,,0.0,,1948,2021,18286.0,0.0
BRN__VNM,BRN,VNM,0.0,0.0,0,0.0,0.0,0.0,,0.0,,1948,2021,1116.0,0.0
BRN__VUT,BRN,VUT,0.0,0.0,0,1.0,0.0,0.0,,1.0,,1948,2021,6375.0,0.0
BRN__WSM,BRN,WSM,0.0,0.0,0,0.0,0.0,0.0,,0.0,,1948,2021,8354.0,0.0
BRN__YEM,BRN,YEM,0.0,0.0,0,1.0,0.0,0.0,,1.0,,1948,2021,7875.5,135.0
BRN__ZAF,BRN,ZAF,0.0,0.0,0,1.0,0.0,0.0,,0.0,,1948,2021,10434.0,972.0
BRN__ZMB,BRN,ZMB,0.0,0.0,0,1.0,0.0,0.0,,1.0,,1948,2021,9796.5,19.0
BRN__ZWE,BRN,ZWE,0.0,0.0,0,1.0,0.0,0.0,,1.0,,1948,2021,9539.0,0.0
BTN__BWA,BTN,BWA,0.0,0.0,0,0.0,0.0,0.0,,0.0,,1948,2021,8943.0,0.0
BTN__CAF,BTN,CAF,0.0,0.0,0,0.0,0.0,0.0,,0.0,,1948,2021,7926.0,0.0
BTN__CAN,BTN,CAN,0.0,0.0,0,0.0,0.0,0.0,,0.0,,1948,2021,11897.0,298.0
BTN__CHL,BTN,CHL,0.0,0.0,0,0.0,0.0,0.0,,0.0,,1948,2021,18024.0,0.0
BTN__CHN,BTN,CHN,1.0,0.0,0,0.0,0.0,0.0,,0.0,,1948,2021,3107.0,0.0
BTN__CIV,BTN,CIV,0.0,0.0,0,0.0,0.0,0.0,,0.0,,1948,2021,10104.0,0.0
BTN__CMR,BTN,CMR,0.0,0.0,0,0.0,0.0,0.0,,0.0,,1948,2021,8730.0,170.0
BTN__COD,BTN,COD,0.0,0.0,0,0.0,0.0,0.0,,0.0,,1948,2021,8700.0,0.0
BTN__COG,BTN,COG,0.0,0.0,0,0.0,0.0,0.0,,0.0,,1948,2021,8700.0,0.0
BTN__COL,BTN,COL,0.0,0.0,0,0.0,0.0,0.0,,0.0,,1948,2021,16053.0,0.0
BTN__COM,BTN,COM,0.0,0.0,0,0.0,0.0,0.0,,0.0,,1948,2021,6620.0,0.0
BTN__CPV,BTN,CPV,0.0,0.0,0,0.0,0.0,0.0,,0.0,,1948,2021,11426.0,0.0
BTN__CRI,BTN,CRI,0.0,0.0,0,0.0,0.0,0.0,,0.0,,1948,2021,15813.0,0.0
BTN__CUB,BTN,CUB,0.0,0.0,0,0.0,0.0,0.0,,0.0,,1948,2021,14342.0,0.0
BTN__CYP,BTN,CYP,0.0,0.0,0,0.0,0.0,0.0,,0.0,,1948,2021,5354.0,0.0
BTN__DEU,BTN,DEU,0.0,0.0,0,0.0,0.0,0.0,,0.0,,1948,2021,6724.0,0.0
BTN__DJI,BTN,DJI,0.0,0.0,0,0.0,0.0,0.0,,0.0,,1948,2021,5152.0,0.0
BTN__DMA,BTN,DMA,0.0,0.0,0,0.0,0.0,0.0,,0.0,,1948,2021,14341.0,0.0
BTN__DOM,BTN,DOM,0.0,0.0,0,0.0,0.0,0.0,,0.0,,1948,2021,14466.0,0.0
BTN__DZA,BTN,DZA,0.0,0.0,0,0.0,0.0,0.0,,0.0,,1948,2021,7960.0,0.0
BTN__ECU,BTN,ECU,0.0,0.0,0,0.0,0.0,0.0,,0.0,,1948,2021,16995.0,0.0
BTN__EGY,BTN,EGY,0.0,0.0,0,0.0,0.0,0.0,,0.0,,1948,2021,5649.0,0.0
BTN__ERI,BTN,ERI,0.0,0.0,0,0.0,0.0,0.0,,0.0,,1948,2021,5389.0,0.0
BTN__ESP,BTN,ESP,0.0,0.0,0,0.0,0.0,0.0,,0.0,,1948,2021,8101.5,499.0
BTN__ETH,BTN,ETH,0.0,0.0,0,0.0,0.0,0.0,,0.0,,1948,2021,5710.0,0.0
BTN__FJI,BTN,FJI,0.0,0.0,0,0.0,0.0,0.0,,0.0,,1948,2021,10811.0,0.0
BTN__FRA,BTN,FRA,0.0,0.0,0,0.0,0.0,0.0,,0.0,,1948,2021,7574.0,0.0
BTN__FSM,BTN,FSM,0.0,0.0,0,0.0,0.0,0.0,,0.0,,1948,2021,7544.0,0.0
BTN__GAB,BTN,GAB,0.0,0.0,0,0.0,0.0,0.0,,0.0,,1948,2021,9026.0,0.0
BTN__GBR,BTN,GBR,0.0,0.0,0,0.0,0.0,0.0,,0.0,,1948,2021,7654.0,0.0
BTN__GEO,BTN,GEO,0.0,0.0,0,0.0,0.0,0.0,,0.0,,1948,2021,4347.0,0.0
BTN__GHA,BTN,GHA,0.0,0.0,0,0.0,0.0,0.0,,0.0,,1948,2021,9758.5,83.0
BTN__GIN,BTN,GIN,0.0,0.0,0,0.0,0.0,0.0,,0.0,,1948,2021,10816.0,0.0
BTN__GMB,BTN,GMB,0.0,0.0,0,0.0,0.0,0.0,,0.0,,1948,2021,10886.0,0.0
BTN__GNB,BTN,GNB,0.0,0.0,0,0.0,0.0,0.0,,0.0,,1948,2021,10874.0,0.0
BTN__GNQ,BTN,GNQ,0.0,0.0,0,0.0,0.0,0.0,,0.0,,1948,2021,8920.0,0.0
BTN__GRD,BTN,GRD,0.0,0.0,0,0.0,0.0,0.0,,0.0,,1948,2021,14661.0,0.0
BTN__GTM,BTN,GTM,0.0,0.0,0,0.0,0.0,0.0,,0.0,,1948,2021,15348.0,0.0
BTN__GUY,BTN,GUY,0.0,0.0,0,0.0,0.0,0.0,,0.0,,1948,2021,14881.0,0.0
BTN__HND,BTN,HND,0.0,0.0,0,0.0,0.0,0.0,,0.0,,1948,2021,15395.0,0.0
BTN__HTI,BTN,HTI,0.0,0.0,0,0.0,0.0,0.0,,0.0,,1948,2021,14559.0,0.0
BTN__IDN,BTN,IDN,0.0,0.0,0,0.0,0.0,0.0,,0.0,,1948,2021,4161.0,0.0
BTN__IND,BTN,IND,1.0,0.0,0,0.0,0.0,0.0,,0.0,,1948,2021,1255.0,1386.0
BTN__IRN,BTN,IRN,0.0,0.0,0,0.0,0.0,0.0,,0.0,,1948,2021,3716.0,0.0
BTN__IRQ,BTN,IRQ,0.0,0.0,0,0.0,0.0,0.0,,0.0,,1948,2021,4362.0,0.0
BTN__ISR,BTN,ISR,0.0,0.0,0,0.0,0.0,0.0,,0.0,,1948,2021,5274.0,0.0
BTN__ITA,BTN,ITA,0.0,0.0,0,0.0,0.0,0.0,,0.0,,1948,2021,7013.0,0.0
BTN__JAM,BTN,JAM,0.0,0.0,0,0.0,0.0,0.0,,0.0,,1948,2021,14768.0,0.0
BTN__JOR,BTN,JOR,0.0,0.0,0,0.0,0.0,0.0,,0.0,,1948,2021,5167.0,0.0
BTN__JPN,BTN,JPN,0.0,0.0,0,0.0,0.0,0.0,,0.0,,1948,2021,4786.0,0.0
BTN__KAZ,BTN,KAZ,0.0,0.0,0,0.0,0.0,0.0,,0.0,,1948,2021,2093.0,0.0
BTN__KEN,BTN,KEN,0.0,0.0,0,0.0,0.0,0.0,,0.0,,1948,2021,6480.0,0.0
BTN__KGZ,BTN,KGZ,0.0,0.0,0,0.0,0.0,0.0,,0.0,,1948,2021,2184.0,0.0
BTN__KHM,BTN,KHM,0.0,0.0,0,0.0,0.0,0.0,,0.0,,1948,2021,2376.0,0.0
BTN__KIR,BTN,KIR,0.0,0.0,0,0.0,0.0,0.0,,0.0,,1948,2021,9289.0,0.0
BTN__KNA,BTN,KNA,0.0,0.0,0,0.0,0.0,0.0,,0.0,,1948,2021,14231.0,0.0
BTN__KOR,BTN,KOR,0.0,0.0,0,0.0,0.0,0.0,,0.0,,1948,2021,3655.0,0.0
BTN__KWT,BTN,KWT,0.0,0.0,0,0.0,0.0,0.0,,0.0,,1948,2021,4066.0,0.0
BTN__LAO,BTN,LAO,0.0,0.0,0,0.0,0.0,0.0,,0.0,,1948,2021,1695.0,0.0
BTN__LBN,BTN,LBN,0.0,0.0,0,0.0,0.0,0.0,,0.0,,1948,2021,5179.0,0.0
BTN__LBR,BTN,LBR,0.0,0.0,0,0.0,0.0,0.0,,0.0,,1948,2021,10716.0,0.0
BTN__LBY,BTN,LBY,0.0,0.0,0,0.0,0.0,0.0,,0.0,,1948,2021,7225.0,0.0
BTN__LCA,BTN,LCA,0.0,0.0,0,0.0,0.0,0.0,,0.0,,1948,2021,14437.0,0.0
BTN__LKA,BTN,LKA,0.0,0.0,0,0.0,0.0,0.0,,0.0,,1948,2021,2497.0,0.0
BTN__LSO,BTN,LSO,0.0,0.0,0,0.0,0.0,0.0,,0.0,,1948,2021,9127.0,0.0
BTN__MAR,BTN,MAR,0.0,0.0,0,0.0,0.0,0.0,,0.0,,1948,2021,8989.0,0.0
BTN__MDG,BTN,MDG,0.0,0.0,0,0.0,0.0,0.0,,0.0,,1948,2021,6851.0,0.0
BTN__MDV,BTN,MDV,0.0,0.0,0,0.0,0.0,0.0,,0.0,,1948,2021,3095.0,0.0
BTN__MEX,BTN,MEX,0.0,0.0,0,0.0,0.0,0.0,,0.0,,1948,2021,14731.0,0.0
BTN__MHL,BTN,MHL,0.0,0.0,0,0.0,0.0,0.0,,0.0,,1948,2021,8841.0,0.0
BTN__MLI,BTN,MLI,0.0,0.0,0,0.0,0.0,0.0,,0.0,,1948,2021,10111.0,0.0
BTN__MMR,BTN,MMR,0.0,0.0,0,0.0,0.0,1.0,,0.0,,1948,2021,1358.0,0.0
BTN__MNG,BTN,MNG,0.0,0.0,0,0.0,0.0,0.0,,0.0,,1948,2021,2718.0,0.0
BTN__MOZ,BTN,MOZ,0.0,0.0,0,0.0,0.0,0.0,,0.0,,1948,2021,8507.0,10.0
BTN__MRT,BTN,MRT,0.0,0.0,0,0.0,0.0,0.0,,0.0,,1948,2021,10559.0,0.0
BTN__MUS,BTN,MUS,0.0,0.0,0,0.0,0.0,0.0,,0.0,,1948,2021,6306.0,0.0
BTN__MWI,BTN,MWI,0.0,0.0,0,0.0,0.0,0.0,,0.0,,1948,2021,7581.5,21.0
BTN__MYS,BTN,MYS,0.0,0.0,0,0.0,0.0,0.0,,0.0,,1948,2021,3125.0,288.0
BTN__NAM,BTN,NAM,0.0,0.0,0,0.0,0.0,0.0,,0.0,,1948,2021,9562.0,0.0
BTN__NER,BTN,NER,0.0,0.0,0,0.0,0.0,0.0,,0.0,,1948,2021,9093.0,0.0
BTN__NGA,BTN,NGA,0.0,0.0,0,0.0,0.0,0.0,,0.0,,1948,2021,9270.0,96.0
BTN__NIC,BTN,NIC,0.0,0.0,0,0.0,0.0,0.0,,0.0,,1948,2021,15601.0,0.0
BTN__NLD,BTN,NLD,0.0,0.0,0,0.0,0.0,0.0,,0.0,,1948,2021,7315.5,39.0
BTN__NPL,BTN,NPL,0.0,0.0,0,0.0,1.0,0.0,,0.0,,1948,2021,427.0,0.0
BTN__NRU,BTN,NRU,0.0,0.0,0,0.0,0.0,0.0,,0.0,,1948,2021,8787.0,0.0
BTN__NZL,BTN,NZL,0.0,0.0,0,0.0,0.0,0.0,,0.0,,1948,2021,11387.0,0.0
BTN__OMN,BTN,OMN,0.0,0.0,0,0.0,0.0,0.0,,0.0,,1948,2021,3141.0,0.0
BTN__PAK,BTN,PAK,0.0,0.0,0,0.0,0.0,0.0,,0.0,,1948,2021,2270.0,0.0
BTN__PAN,BTN,PAN,0.0,0.0,0,0.0,0.0,0.0,,0.0,,1948,2021,15806.0,0.0
BTN__PER,BTN,PER,0.0,0.0,0,0.0,0.0,0.0,,0.0,,1948,2021,17813.0,0.0
BTN__PHL,BTN,PHL,0.0,0.0,0,0.0,0.0,0.0,,0.0,,1948,2021,3541.0,0.0
BTN__PLW,BTN,PLW,0.0,0.0,0,0.0,0.0,0.0,,0.0,,1948,2021,5221.5,5.0
BTN__PNG,BTN,PNG,0.0,0.0,0,0.0,0.0,0.0,,0.0,,1948,2021,7422.0,0.0
BTN__PRK,BTN,PRK,0.0,0.0,0,0.0,0.0,0.0,,0.0,,1948,2021,3573.0,0.0
BTN__PRT,BTN,PRT,0.0,0.0,0,0.0,0.0,0.0,,0.0,,1948,2021,8854.0,0.0
BTN__PRY,BTN,PRY,0.0,0.0,0,0.0,0.0,0.0,,0.0,,1948,2021,16765.0,0.0
BTN__QAT,BTN,QAT,0.0,0.0,0,0.0,0.0,0.0,,0.0,,1948,2021,3802.0,10.0
BTN__RWA,BTN,RWA,0.0,0.0,0,0.0,0.0,0.0,,0.0,,1948,2021,7153.0,0.0
BTN__SAU,BTN,SAU,0.0,0.0,0,0.0,0.0,0.0,,0.0,,1948,2021,4674.5,779.0
BTN__SDN,BTN,SDN,0.0,0.0,0,0.0,0.0,0.0,,0.0,,1948,2021,6012.0,0.0
BTN__SEN,BTN,SEN,0.0,0.0,0,0.0,0.0,0.0,,0.0,,1948,2021,10887.0,0.0
BTN__SGP,BTN,SGP,0.0,0.0,0,0.0,0.0,0.0,,0.0,,1948,2021,3269.0,0.0
BTN__SLB,BTN,SLB,0.0,0.0,0,0.0,0.0,0.0,,0.0,,1948,2021,8597.0,0.0
BTN__SLE,BTN,SLE,0.0,0.0,0,0.0,0.0,0.0,,0.0,,1948,2021,10835.0,0.0
BTN__SLV,BTN,SLV,0.0,0.0,0,0.0,0.0,0.0,,0.0,,1948,2021,15449.0,0.0
BTN__SOM,BTN,SOM,0.0,0.0,0,0.0,0.0,0.0,,0.0,,1948,2021,5489.0,0.0
BTN__SSD,BTN,SSD,0.0,0.0,0,0.0,0.0,0.0,,0.0,,1948,2021,6626.0,0.0
BTN__STP,BTN,STP,0.0,0.0,0,0.0,0.0,0.0,,0.0,,1948,2021,9298.0,0.0
BTN__SUR,BTN,SUR,0.0,0.0,0,0.0,0.0,0.0,,0.0,,1948,2021,14735.0,0.0
BTN__SWZ,BTN,SWZ,0.0,0.0,0,0.0,0.0,0.0,,0.0,,1948,2021,8639.0,0.0
BTN__SYC,BTN,SYC,0.0,0.0,0,0.0,0.0,0.0,,0.0,,1948,2021,5108.0,0.0
BTN__SYR,BTN,SYR,0.0,0.0,0,0.0,0.0,0.0,,0.0,,1948,2021,5055.0,108.0
BTN__TCD,BTN,TCD,0.0,0.0,0,0.0,0.0,0.0,,0.0,,1948,2021,7894.0,0.0
BTN__TGO,BTN,TGO,0.0,0.0,0,0.0,0.0,0.0,,0.0,,1948,2021,9549.0,0.0
BTN__THA,BTN,THA,0.0,0.0,0,0.0,0.0,0.0,,0.0,,1948,2021,1896.0,0.0
BTN__TJK,BTN,TJK,0.0,0.0,0,0.0,0.0,0.0,,0.0,,1948,2021,2295.0,0.0
BTN__TKM,BTN,TKM,0.0,0.0,0,0.0,0.0,0.0,,0.0,,1948,2021,3134.0,0.0
BTN__TLS,BTN,TLS,0.0,0.0,0,0.0,0.0,0.0,,0.0,,1948,2021,5557.0,0.0
BTN__TON,BTN,TON,0.0,0.0,0,0.0,0.0,0.0,,0.0,,1948,2021,11556.0,0.0
BTN__TTO,BTN,TTO,0.0,0.0,0,0.0,0.0,0.0,,0.0,,1948,2021,14773.0,0.0
BTN__TUN,BTN,TUN,0.0,0.0,0,0.0,0.0,0.0,,0.0,,1948,2021,7357.0,0.0
BTN__TUR,BTN,TUR,0.0,0.0,0,0.0,0.0,0.0,,0.0,,1948,2021,5673.0,0.0
BTN__TUV,BTN,TUV,0.0,0.0,0,0.0,0.0,0.0,,0.0,,1948,2021,10404.0,0.0
BTN__TWN,BTN,TWN,0.0,0.0,0,0.0,0.0,0.0,,0.0,,1948,2021,3186.0,8.0
BTN__TZA,BTN,TZA,0.0,0.0,0,0.0,0.0,0.0,,0.0,,1948,2021,6614.0,0.0
BTN__UGA,BTN,UGA,0.0,0.0,0,0.0,0.0,0.0,,0.0,,1948,2021,6782.0,0.0
BTN__URY,BTN,URY,0.0,0.0,0,0.0,0.0,0.0,,0.0,,1948,2021,16683.0,0.0
BTN__USA,BTN,USA,0.0,0.0,0,0.0,0.0,0.0,,0.0,,1948,2021,12270.0,0.0
BTN__UZB,BTN,UZB,0.0,0.0,0,0.0,0.0,0.0,,0.0,,1948,2021,2412.0,0.0
BTN__VCT,BTN,VCT,0.0,0.0,0,0.0,0.0,0.0,,0.0,,1948,2021,14528.0,0.0
BTN__VEN,BTN,VEN,0.0,0.0,0,0.0,0.0,0.0,,0.0,,1948,2021,15108.0,0.0
BTN__VNM,BTN,VNM,0.0,0.0,0,0.0,0.0,0.0,,0.0,,1948,2021,2569.0,0.0
BTN__VUT,BTN,VUT,0.0,0.0,0,0.0,0.0,0.0,,0.0,,1948,2021,9842.0,0.0
BTN__WSM,BTN,WSM,0.0,0.0,0,0.0,0.0,0.0,,0.0,,1948,2021,11548.0,0.0
BTN__YEM,BTN,YEM,0.0,0.0,0,0.0,0.0,0.0,,0.0,,1948,2021,4943.0,148.0
BTN__ZAF,BTN,ZAF,0.0,0.0,0,0.0,0.0,0.0,,0.0,,1948,2021,9499.0,1250.0
BTN__ZMB,BTN,ZMB,0.0,0.0,0,0.0,0.0,0.0,,0.0,,1948,2021,8064.5,159.0
BTN__ZWE,BTN,ZWE,0.0,0.0,0,0.0,0.0,0.0,,0.0,,1948,2021,8064.0,0.0
BWA__CAF,BWA,CAF,0.0,0.0,0,0.0,0.0,0.0,,0.0,,1948,2021,3307.0,0.0
BWA__CAN,BWA,CAN,0.0,0.0,0,1.0,1.0,1.0,,0.0,,1948,2021,12850.0,420.0
BWA__CHL,BWA,CHL,0.0,0.0,0,0.0,0.0,0.0,,0.0,,1948,2021,9107.0,0.0
BWA__CHN,BWA,CHN,0.0,0.0,0,0.0,0.0,0.0,,0.0,,1948,2021,11888.0,0.0
BWA__CIV,BWA,CIV,0.0,0.0,0,0.0,0.0,0.0,,0.0,,1948,2021,4640.0,0.0
BWA__CMR,BWA,CMR,0.0,0.0,0,0.0,1.0,1.0,,0.0,,1948,2021,3573.5,109.0
BWA__COD,BWA,COD,0.0,0.0,0,0.0,0.0,0.0,,0.0,,1948,2021,2519.0,0.0
BWA__COG,BWA,COG,0.0,0.0,0,0.0,0.0,0.0,,0.0,,1948,2021,2527.0,0.0
BWA__COL,BWA,COL,0.0,0.0,0,0.0,0.0,0.0,,0.0,,1948,2021,11238.0,0.0
BWA__COM,BWA,COM,0.0,0.0,0,0.0,0.0,0.0,,0.0,,1948,2021,2324.0,0.0
BWA__CPV,BWA,CPV,0.0,0.0,0,0.0,0.0,0.0,,0.0,,1948,2021,6925.0,0.0
BWA__CRI,BWA,CRI,0.0,0.0,0,0.0,0.0,0.0,,0.0,,1948,2021,12485.0,0.0
BWA__CUB,BWA,CUB,0.0,0.0,0,0.0,0.0,0.0,,0.0,,1948,2021,12814.0,0.0
BWA__CYP,BWA,CYP,0.0,0.0,0,1.0,0.0,0.0,,1.0,,1948,2021,6667.0,0.0
BWA__DEU,BWA,DEU,0.0,0.0,0,0.0,0.0,0.0,,0.0,,1948,2021,8636.0,0.0
BWA__DJI,BWA,DJI,0.0,0.0,0,0.0,0.0,0.0,,0.0,,1948,2021,4425.0,0.0
BWA__DMA,BWA,DMA,0.0,0.0,0,1.0,1.0,1.0,,1.0,,1948,2021,10447.0,0.0
BWA__DOM,BWA,DOM,0.0,0.0,0,0.0,0.0,0.0,,0.0,,1948,2021,11420.0,0.0
BWA__DZA,BWA,DZA,0.0,0.0,0,0.0,0.0,0.0,,0.0,,1948,2021,7208.0,0.0
BWA__ECU,BWA,ECU,0.0,0.0,0,0.0,0.0,0.0,,0.0,,1948,2021,11508.0,0.0
BWA__EGY,BWA,EGY,0.0,0.0,0,1.0,1.0,0.0,,0.0,,1948,2021,6079.0,0.0
BWA__ERI,BWA,ERI,0.0,0.0,0,1.0,1.0,1.0,,1.0,,1948,2021,4644.0,0.0
BWA__ESP,BWA,ESP,0.0,0.0,0,0.0,0.0,0.0,,0.0,,1948,2021,7771.0,118.0
BWA__ETH,BWA,ETH,0.0,0.0,0,0.0,0.0,1.0,,0.0,,1948,2021,3978.0,0.0
BWA__FJI,BWA,FJI,0.0,0.0,0,1.0,1.0,1.0,,1.0,,1948,2021,14419.0,0.0
BWA__FRA,BWA,FRA,0.0,0.0,0,0.0,0.0,0.0,,0.0,,1948,2021,8472.0,0.0
BWA__FSM,BWA,FSM,0.0,0.0,0,0.0,1.0,1.0,,0.0,,1948,2021,14585.0,0.0
BWA__GAB,BWA,GAB,0.0,0.0,0,0.0,0.0,0.0,,0.0,,1948,2021,3291.0,0.0
BWA__GBR,BWA,GBR,0.0,1.0,1,0.0,1.0,1.0,0.0,0.0,1966.0,1948,2021,8813.0,0.0
BWA__GEO,BWA,GEO,0.0,0.0,0,0.0,0.0,0.0,,0.0,,1948,2021,7600.0,0.0
BWA__GHA,BWA,GHA,0.0,0.0,0,1.0,1.0,1.0,,1.0,,1948,2021,4477.5,197.0
BWA__GIN,BWA,GIN,0.0,0.0,0,0.0,0.0,0.0,,0.0,,1948,2021,5725.0,0.0
BWA__GMB,BWA,GMB,0.0,0.0,0,1.0,1.0,1.0,,1.0,,1948,2021,6259.0,0.0
BWA__GNB,BWA,GNB,0.0,0.0,0,0.0,0.0,0.0,,0.0,,1948,2021,6053.0,0.0
BWA__GNQ,BWA,GNQ,0.0,0.0,0,0.0,0.0,0.0,,0.0,,1948,2021,3413.0,0.0
BWA__GRD,BWA,GRD,0.0,0.0,0,1.0,1.0,1.0,,1.0,,1948,2021,10334.0,0.0
BWA__GTM,BWA,GTM,0.0,0.0,0,0.0,0.0,0.0,,0.0,,1948,2021,13328.0,0.0
BWA__GUY,BWA,GUY,0.0,0.0,0,1.0,1.0,1.0,,1.0,,1948,2021,9732.0,0.0
BWA__HND,BWA,HND,0.0,0.0,0,0.0,0.0,0.0,,0.0,,1948,2021,12971.0,0.0
BWA__HTI,BWA,HTI,0.0,0.0,0,0.0,0.0,0.0,,0.0,,1948,2021,11660.0,0.0
BWA__IDN,BWA,IDN,0.0,0.0,0,0.0,0.0,0.0,,0.0,,1948,2021,8815.0,0.0
BWA__IND,BWA,IND,0.0,0.0,0,1.0,1.0,1.0,,1.0,,1948,2021,7776.5,1507.0
BWA__IRN,BWA,IRN,0.0,0.0,0,0.0,0.0,0.0,,0.0,,1948,2021,7199.0,0.0
BWA__IRQ,BWA,IRQ,0.0,0.0,0,1.0,0.0,0.0,,0.0,,1948,2021,6711.0,0.0
BWA__ISR,BWA,ISR,0.0,0.0,0,1.0,1.0,1.0,,1.0,,1948,2021,6349.0,0.0
BWA__ITA,BWA,ITA,0.0,0.0,0,0.0,0.0,0.0,,0.0,,1948,2021,7497.0,0.0
BWA__JAM,BWA,JAM,0.0,0.0,0,1.0,1.0,1.0,,1.0,,1948,2021,12079.0,0.0
BWA__JOR,BWA,JOR,0.0,0.0,0,1.0,1.0,0.0,,1.0,,1948,2021,6355.0,0.0
BWA__JPN,BWA,JPN,0.0,0.0,0,0.0,0.0,0.0,,0.0,,1948,2021,13649.0,0.0
BWA__KAZ,BWA,KAZ,0.0,0.0,0,0.0,0.0,0.0,,0.0,,1948,2021,9150.0,0.0
BWA__KEN,BWA,KEN,0.0,0.0,0,1.0,1.0,1.0,,1.0,,1948,2021,2840.0,0.0
BWA__KGZ,BWA,KGZ,0.0,0.0,0,0.0,0.0,0.0,,0.0,,1948,2021,8987.0,0.0
BWA__KHM,BWA,KHM,0.0,0.0,0,0.0,0.0,0.0,,0.0,,1948,2021,9459.0,0.0
BWA__KIR,BWA,KIR,0.0,0.0,0,1.0,1.0,1.0,,1.0,,1948,2021,15643.0,0.0
BWA__KNA,BWA,KNA,0.0,0.0,0,1.0,1.0,1.0,,1.0,,1948,2021,10668.0,0.0
BWA__KOR,BWA,KOR,0.0,0.0,0,0.0,1.0,0.0,,0.0,,1948,2021,12574.0,0.0
BWA__KWT,BWA,KWT,0.0,0.0,0,1.0,1.0,0.0,,1.0,,1948,2021,6427.0,0.0
BWA__LAO,BWA,LAO,0.0,0.0,0,0.0,0.0,0.0,,0.0,,1948,2021,9556.0,0.0
BWA__LBN,BWA,LBN,0.0,0.0,0,0.0,1.0,0.0,,0.0,,1948,2021,6559.0,0.0
BWA__LBR,BWA,LBR,0.0,0.0,0,0.0,1.0,1.0,,0.0,,1948,2021,5249.0,0.0
BWA__LBY,BWA,LBY,0.0,0.0,0,0.0,0.0,0.0,,0.0,,1948,2021,6508.0,0.0
BWA__LCA,BWA,LCA,0.0,0.0,0,1.0,1.0,1.0,,1.0,,1948,2021,10349.0,0.0
BWA__LKA,BWA,LKA,0.0,0.0,0,1.0,0.0,0.0,,1.0,,1948,2021,6810.0,0.0
BWA__LSO,BWA,LSO,0.0,0.0,0,1.0,1.0,1.0,,1.0,,1948,2021,540.0,0.0
BWA__MAR,BWA,MAR,0.0,0.0,0,0.0,0.0,0.0,,0.0,,1948,2021,7359.0,0.0
BWA__MDG,BWA,MDG,0.0,0.0,0,0.0,0.0,0.0,,0.0,,1948,2021,2322.0,0.0
BWA__MDV,BWA,MDV,0.0,0.0,0,1.0,0.0,0.0,,1.0,,1948,2021,6056.0,0.0
BWA__MEX,BWA,MEX,0.0,0.0,0,0.0,0.0,0.0,,0.0,,1948,2021,14365.0,0.0
BWA__MHL,BWA,MHL,0.0,0.0,0,0.0,1.0,1.0,,0.0,,1948,2021,15870.0,0.0
BWA__MLI,BWA,MLI,0.0,0.0,0,0.0,0.0,0.0,,0.0,,1948,2021,5532.0,0.0
BWA__MMR,BWA,MMR,0.0,0.0,0,1.0,0.0,0.0,,1.0,,1948,2021,8893.0,0.0
BWA__MNG,BWA,MNG,0.0,0.0,0,0.0,0.0,0.0,,0.0,,1948,2021,11367.0,0.0
BWA__MOZ,BWA,MOZ,0.0,0.0,0,0.0,0.0,0.0,,0.0,,1948,2021,681.5,13.0
BWA__MRT,BWA,MRT,0.0,0.0,0,0.0,0.0,0.0,,0.0,,1948,2021,6557.0,0.0
BWA__MUS,BWA,MUS,0.0,0.0,0,1.0,1.0,1.0,,1.0,,1948,2021,3283.0,0.0
BWA__MWI,BWA,MWI,0.0,0.0,0,1.0,1.0,1.0,,1.0,,1948,2021,1404.5,77.0
BWA__MYS,BWA,MYS,0.0,0.0,0,1.0,0.0,0.0,,1.0,,1948,2021,8792.5,129.0
BWA__NAM,BWA,NAM,1.0,0.0,0,0.0,1.0,1.0,,0.0,,1948,2021,930.0,0.0
BWA__NER,BWA,NER,0.0,0.0,0,0.0,0.0,0.0,,0.0,,1948,2021,4951.0,0.0
BWA__NGA,BWA,NGA,0.0,0.0,0,1.0,1.0,1.0,,1.0,,1948,2021,4246.5,55.0
BWA__NIC,BWA,NIC,0.0,0.0,0,0.0,0.0,0.0,,0.0,,1948,2021,12796.0,0.0
BWA__NLD,BWA,NLD,0.0,0.0,0,0.0,0.0,0.0,,0.0,,1948,2021,8756.0,38.0
BWA__NPL,BWA,NPL,0.0,0.0,0,0.0,0.0,0.0,,0.0,,1948,2021,8610.0,0.0
BWA__NRU,BWA,NRU,0.0,0.0,0,1.0,1.0,1.0,,1.0,,1948,2021,14983.0,0.0
BWA__NZL,BWA,NZL,0.0,0.0,0,1.0,1.0,1.0,,0.0,,1948,2021,12457.0,0.0
BWA__OMN,BWA,OMN,0.0,0.0,0,0.0,0.0,0.0,,0.0,,1948,2021,6400.0,0.0
BWA__PAK,BWA,PAK,0.0,0.0,0,1.0,1.0,1.0,,1.0,,1948,2021,7053.0,0.0
BWA__PAN,BWA,PAN,0.0,0.0,0,0.0,0.0,0.0,,0.0,,1948,2021,11983.0,0.0
BWA__PER,BWA,PER,0.0,0.0,0,0.0,0.0,0.0,,0.0,,1948,2021,10736.0,0.0
BWA__PHL,BWA,PHL,0.0,0.0,0,0.0,1.0,1.0,,0.0,,1948,2021,11183.0,0.0
BWA__PLW,BWA,PLW,0.0,0.0,0,1.0,1.0,1.0,,0.0,,1948,2021,12239.5,21.0
BWA__PNG,BWA,PNG,0.0,0.0,0,1.0,1.0,1.0,,0.0,,1948,2021,12623.0,0.0
BWA__PRK,BWA,PRK,0.0,0.0,0,0.0,0.0,0.0,,0.0,,1948,2021,12509.0,0.0
BWA__PRT,BWA,PRT,0.0,0.0,0,0.0,0.0,0.0,,0.0,,1948,2021,7909.0,0.0
BWA__PRY,BWA,PRY,0.0,0.0,0,0.0,0.0,0.0,,0.0,,1948,2021,8275.0,0.0
BWA__QAT,BWA,QAT,0.0,0.0,0,1.0,0.0,0.0,,1.0,,1948,2021,6173.5,3.0
BWA__RWA,BWA,RWA,0.0,0.0,0,0.0,1.0,1.0,,0.0,,1948,2021,2552.0,0.0
BWA__SAU,BWA,SAU,0.0,0.0,0,0.0,0.0,0.0,,0.0,,1948,2021,5608.5,587.0
BWA__SDN,BWA,SDN,0.0,0.0,0,1.0,0.0,0.0,,1.0,,1948,2021,4506.0,0.0
BWA__SEN,BWA,SEN,0.0,0.0,0,0.0,0.0,0.0,,0.0,,1948,2021,6412.0,0.0
BWA__SGP,BWA,SGP,0.0,0.0,0,1.0,1.0,1.0,,1.0,,1948,2021,8857.0,0.0
BWA__SLB,BWA,SLB,0.0,0.0,0,1.0,0.0,1.0,,1.0,,1948,2021,13771.0,0.0
BWA__SLE,BWA,SLE,0.0,0.0,0,1.0,1.0,1.0,,1.0,,1948,2021,5611.0,0.0
BWA__SLV,BWA,SLV,0.0,0.0,0,0.0,0.0,0.0,,0.0,,1948,2021,13156.0,0.0
BWA__SOM,BWA,SOM,0.0,0.0,0,1.0,0.0,1.0,,1.0,,1948,2021,3624.0,0.0
BWA__SSD,BWA,SSD,0.0,0.0,0,0.0,0.0,0.0,,1.0,,1948,2021,3322.0,0.0
BWA__STP,BWA,STP,0.0,0.0,0,0.0,0.0,0.0,,0.0,,1948,2021,3453.0,0.0
BWA__SUR,BWA,SUR,0.0,0.0,0,0.0,0.0,0.0,,0.0,,1948,2021,9389.0,0.0
BWA__SWZ,BWA,SWZ,0.0,0.0,0,1.0,0.0,1.0,,1.0,,1948,2021,557.0,0.0
BWA__SYC,BWA,SYC,0.0,0.0,0,1.0,1.0,1.0,,1.0,,1948,2021,3861.0,0.0
BWA__SYR,BWA,SYR,0.0,0.0,0,0.0,0.0,0.0,,0.0,,1948,2021,6685.5,309.0
BWA__TCD,BWA,TCD,0.0,0.0,0,0.0,0.0,0.0,,0.0,,1948,2021,4235.0,0.0
BWA__TGO,BWA,TGO,0.0,0.0,0,0.0,0.0,0.0,,0.0,,1948,2021,4333.0,0.0
BWA__THA,BWA,THA,0.0,0.0,0,0.0,0.0,0.0,,0.0,,1948,2021,9142.0,0.0
BWA__TJK,BWA,TJK,0.0,0.0,0,0.0,0.0,0.0,,0.0,,1948,2021,8301.0,0.0
BWA__TKM,BWA,TKM,0.0,0.0,0,0.0,0.0,0.0,,0.0,,1948,2021,7716.0,0.0
BWA__TLS,BWA,TLS,0.0,0.0,0,0.0,0.0,0.0,,0.0,,1948,2021,10586.0,0.0
BWA__TON,BWA,TON,0.0,0.0,0,1.0,0.0,1.0,,1.0,,1948,2021,14451.0,0.0
BWA__TTO,BWA,TTO,0.0,0.0,0,1.0,1.0,1.0,,1.0,,1948,2021,10247.0,0.0
BWA__TUN,BWA,TUN,0.0,0.0,0,0.0,0.0,0.0,,0.0,,1948,2021,7002.0,0.0
BWA__TUR,BWA,TUR,0.0,0.0,0,0.0,0.0,0.0,,0.0,,1948,2021,7277.0,0.0
BWA__TUV,BWA,TUV,0.0,0.0,0,1.0,0.0,0.0,,1.0,,1948,2021,15339.0,0.0
BWA__TWN,BWA,TWN,0.0,0.0,0,0.0,0.0,0.0,,0.0,,1948,2021,11661.0,10.0
BWA__TZA,BWA,TZA,0.0,0.0,0,1.0,0.0,1.0,,1.0,,1948,2021,2434.0,0.0
BWA__UGA,BWA,UGA,0.0,0.0,0,1.0,1.0,1.0,,1.0,,1948,2021,2855.0,0.0
BWA__URY,BWA,URY,0.0,0.0,0,0.0,0.0,0.0,,0.0,,1948,2021,7804.0,0.0
BWA__USA,BWA,USA,0.0,0.0,0,1.0,1.0,1.0,,0.0,,1948,2021,12558.0,0.0
BWA__UZB,BWA,UZB,0.0,0.0,0,0.0,0.0,0.0,,0.0,,1948,2021,8557.0,0.0
BWA__VCT,BWA,VCT,0.0,0.0,0,1.0,1.0,1.0,,1.0,,1948,2021,10333.0,0.0
BWA__VEN,BWA,VEN,0.0,0.0,0,0.0,0.0,0.0,,0.0,,1948,2021,10775.0,0.0
BWA__VNM,BWA,VNM,0.0,0.0,0,0.0,0.0,0.0,,0.0,,1948,2021,9591.0,0.0
BWA__VUT,BWA,VUT,0.0,0.0,0,1.0,1.0,1.0,,1.0,,1948,2021,13803.0,0.0
BWA__WSM,BWA,WSM,0.0,0.0,0,0.0,1.0,1.0,,0.0,,1948,2021,15339.0,0.0
BWA__YEM,BWA,YEM,0.0,0.0,0,1.0,0.0,0.0,,1.0,,1948,2021,4796.5,111.0
BWA__ZAF,BWA,ZAF,1.0,0.0,0,1.0,1.0,1.0,,0.0,,1948,2021,766.5,983.0
BWA__ZMB,BWA,ZMB,1.0,0.0,0,1.0,1.0,1.0,,1.0,,1948,2021,1192.5,279.0
BWA__ZWE,BWA,ZWE,1.0,0.0,0,1.0,1.0,1.0,,1.0,,1948,2021,925.0,0.0
CAF__CAN,CAF,CAN,0.0,0.0,0,1.0,1.0,1.0,,0.0,,1948,2021,10075.5,483.0
CAF__CHL,CAF,CHL,0.0,0.0,0,0.0,0.0,0.0,,0.0,,1948,2021,10205.0,0.0
CAF__CHN,CAF,CHN,0.0,0.0,0,0.0,0.0,0.0,,0.0,,1948,2021,10984.0,0.0
CAF__CIV,CAF,CIV,0.0,0.0,0,1.0,1.0,1.0,,1.0,,1948,2021,2507.0,0.0
CAF__CMR,CAF,CMR,1.0,0.0,0,1.0,1.0,1.0,,1.0,,1948,2021,883.0,200.0
CAF__COD,CAF,COD,1.0,0.0,0,0.0,1.0,1.0,,0.0,,1948,2021,1026.0,0.0
CAF__COG,CAF,COG,1.0,0.0,0,1.0,1.0,1.0,,1.0,,1948,2021,1021.0,0.0
CAF__COL,CAF,COL,0.0,0.0,0,0.0,0.0,0.0,,0.0,,1948,2021,10272.0,0.0
CAF__COM,CAF,COM,0.0,0.0,0,1.0,1.0,1.0,,1.0,,1948,2021,3261.0,0.0
CAF__CPV,CAF,CPV,0.0,0.0,0,0.0,0.0,0.0,,0.0,,1948,2021,4752.0,0.0
CAF__CRI,CAF,CRI,0.0,0.0,0,0.0,0.0,0.0,,0.0,,1948,2021,11315.0,0.0
CAF__CUB,CAF,CUB,0.0,0.0,0,0.0,0.0,0.0,,0.0,,1948,2021,10940.0,0.0
CAF__CYP,CAF,CYP,0.0,0.0,0,0.0,0.0,0.0,,0.0,,1948,2021,3736.0,0.0
CAF__DEU,CAF,DEU,0.0,0.0,0,0.0,0.0,0.0,,0.0,,1948,2021,5360.0,0.0
CAF__DJI,CAF,DJI,0.0,0.0,0,1.0,1.0,1.0,,1.0,,1948,2021,2824.0,0.0
CAF__DMA,CAF,DMA,0.0,0.0,0,0.0,0.0,1.0,,0.0,,1948,2021,8812.0,0.0
CAF__DOM,CAF,DOM,0.0,0.0,0,1.0,0.0,0.0,,0.0,,1948,2021,9702.0,0.0
CAF__DZA,CAF,DZA,0.0,0.0,0,1.0,1.0,1.0,,1.0,,1948,2021,3922.0,0.0
CAF__ECU,CAF,ECU,0.0,0.0,0,0.0,0.0,0.0,,0.0,,1948,2021,10975.0,0.0
CAF__EGY,CAF,EGY,0.0,0.0,0,0.0,0.0,0.0,,0.0,,1948,2021,3140.0,0.0
CAF__ERI,CAF,ERI,0.0,0.0,0,0.0,0.0,0.0,,0.0,,1948,2021,2540.0,0.0
CAF__ESP,CAF,ESP,0.0,0.0,0,0.0,0.0,0.0,,0.0,,1948,2021,4494.5,159.0
CAF__ETH,CAF,ETH,0.0,0.0,0,0.0,0.0,0.0,,0.0,,1948,2021,2291.0,0.0
CAF__FJI,CAF,FJI,0.0,0.0,0,0.0,0.0,0.0,,0.0,,1948,2021,17357.0,0.0
CAF__FRA,CAF,FRA,0.0,1.0,1,0.0,1.0,1.0,0.0,0.0,1960.0,1948,2021,5165.0,0.0
CAF__FSM,CAF,FSM,0.0,0.0,0,0.0,0.0,0.0,,0.0,,1948,2021,15376.0,0.0
CAF__GAB,CAF,GAB,0.0,0.0,0,1.0,1.0,1.0,,1.0,,1948,2021,1103.0,0.0
CAF__GBR,CAF,GBR,0.0,0.0,0,0.0,0.0,0.0,,0.0,,1948,2021,5507.0,0.0
CAF__GEO,CAF,GEO,0.0,0.0,0,0.0,0.0,0.0,,0.0,,1948,2021,4892.0,0.0
CAF__GHA,CAF,GHA,0.0,0.0,0,0.0,0.0,0.0,,0.0,,1948,2021,2167.0,166.0
CAF__GIN,CAF,GIN,0.0,0.0,0,1.0,1.0,1.0,,1.0,,1948,2021,3603.0,0.0
CAF__GMB,CAF,GMB,0.0,0.0,0,0.0,0.0,0.0,,0.0,,1948,2021,3998.0,0.0
CAF__GNB,CAF,GNB,0.0,0.0,0,0.0,0.0,0.0,,0.0,,1948,2021,3851.0,0.0
CAF__GNQ,CAF,GNQ,0.0,0.0,0,0.0,0.0,1.0,,0.0,,1948,2021,1015.0,0.0
CAF__GRD,CAF,GRD,0.0,0.0,0,0.0,0.0,0.0,,0.0,,1948,2021,8864.0,0.0
CAF__GTM,CAF,GTM,0.0,0.0,0,0.0,0.0,0.0,,0.0,,1948,2021,11938.0,0.0
CAF__GUY,CAF,GUY,0.0,0.0,0,0.0,0.0,0.0,,0.0,,1948,2021,8495.0,0.0
CAF__HND,CAF,HND,0.0,0.0,0,0.0,0.0,0.0,,0.0,,1948,2021,11592.0,0.0
CAF__HTI,CAF,HTI,0.0,0.0,0,1.0,0.0,1.0,,0.0,,1948,2021,9958.0,0.0
CAF__IDN,CAF,IDN,0.0,0.0,0,0.0,0.0,0.0,,0.0,,1948,2021,9881.0,0.0
CAF__IND,CAF,IND,0.0,0.0,0,0.0,0.0,0.0,,0.0,,1948,2021,6935.0,1642.0
CAF__IRN,CAF,IRN,0.0,0.0,0,0.0,0.0,0.0,,0.0,,1948,2021,4838.0,0.0
CAF__IRQ,CAF,IRQ,0.0,0.0,0,0.0,0.0,0.0,,0.0,,1948,2021,4181.0,0.0
CAF__ISR,CAF,ISR,0.0,0.0,0,0.0,1.0,0.0,,0.0,,1948,2021,3505.0,0.0
CAF__ITA,CAF,ITA,0.0,0.0,0,0.0,0.0,0.0,,0.0,,1948,2021,4201.0,0.0
CAF__JAM,CAF,JAM,0.0,0.0,0,0.0,0.0,0.0,,0.0,,1948,2021,10433.0,0.0
CAF__JOR,CAF,JOR,0.0,0.0,0,0.0,0.0,0.0,,0.0,,1948,2021,3553.0,0.0
CAF__JPN,CAF,JPN,0.0,0.0,0,0.0,0.0,0.0,,0.0,,1948,2021,12465.0,0.0
CAF__KAZ,CAF,KAZ,0.0,0.0,0,0.0,0.0,0.0,,0.0,,1948,2021,7151.0,0.0
CAF__KEN,CAF,KEN,0.0,0.0,0,0.0,0.0,0.0,,0.0,,1948,2021,2125.0,0.0
CAF__KGZ,CAF,KGZ,0.0,0.0,0,0.0,0.0,0.0,,0.0,,1948,2021,6960.0,0.0
CAF__KHM,CAF,KHM,0.0,0.0,0,1.0,0.0,0.0,,1.0,,1948,2021,9526.0,0.0
CAF__KIR,CAF,KIR,0.0,0.0,0,0.0,0.0,0.0,,0.0,,1948,2021,17122.0,0.0
CAF__KNA,CAF,KNA,0.0,0.0,0,0.0,0.0,0.0,,0.0,,1948,2021,8949.0,0.0
CAF__KOR,CAF,KOR,0.0,0.0,0,0.0,0.0,0.0,,0.0,,1948,2021,11323.0,0.0
CAF__KWT,CAF,KWT,0.0,0.0,0,0.0,0.0,0.0,,0.0,,1948,2021,4156.0,0.0
CAF__LAO,CAF,LAO,0.0,0.0,0,1.0,0.0,0.0,,1.0,,1948,2021,9239.0,0.0
CAF__LBN,CAF,LBN,0.0,0.0,0,1.0,1.0,1.0,,0.0,,1948,2021,3711.0,0.0
CAF__LBR,CAF,LBR,0.0,0.0,0,0.0,0.0,0.0,,0.0,,1948,2021,3260.0,0.0
CAF__LBY,CAF,LBY,0.0,0.0,0,0.0,0.0,0.0,,0.0,,1948,2021,3206.0,0.0
CAF__LCA,CAF,LCA,0.0,0.0,0,0.0,0.0,0.0,,0.0,,1948,2021,8774.0,0.0
CAF__LKA,CAF,LKA,0.0,0.0,0,0.0,0.0,0.0,,0.0,,1948,2021,6792.0,0.0
CAF__LSO,CAF,LSO,0.0,0.0,0,0.0,0.0,0.0,,0.0,,1948,2021,3847.0,0.0
CAF__MAR,CAF,MAR,0.0,0.0,0,1.0,1.0,1.0,,1.0,,1948,2021,4223.0,0.0
CAF__MDG,CAF,MDG,0.0,0.0,0,1.0,1.0,1.0,,1.0,,1948,2021,4089.0,0.0
CAF__MDV,CAF,MDV,0.0,0.0,0,0.0,0.0,0.0,,0.0,,1948,2021,6099.0,0.0
CAF__MEX,CAF,MEX,0.0,0.0,0,0.0,0.0,0.0,,0.0,,1948,2021,12726.0,0.0
CAF__MHL,CAF,MHL,0.0,0.0,0,0.0,0.0,0.0,,0.0,,1948,2021,16758.0,0.0
CAF__MLI,CAF,MLI,0.0,0.0,0,1.0,0.0,1.0,,1.0,,1948,2021,3061.0,0.0
CAF__MMR,CAF,MMR,0.0,0.0,0,0.0,0.0,0.0,,0.0,,1948,2021,8558.0,0.0
CAF__MNG,CAF,MNG,0.0,0.0,0,0.0,0.0,0.0,,0.0,,1948,2021,9527.0,0.0
CAF__MOZ,CAF,MOZ,0.0,0.0,0,0.0,0.0,0.0,,0.0,,1948,2021,3678.0,6.0
CAF__MRT,CAF,MRT,0.0,0.0,0,1.0,0.0,0.0,,1.0,,1948,2021,4054.0,0.0
CAF__MUS,CAF,MUS,0.0,0.0,0,1.0,1.0,1.0,,0.0,,1948,2021,5048.0,0.0
CAF__MWI,CAF,MWI,0.0,0.0,0,0.0,0.0,0.0,,0.0,,1948,2021,2753.0,238.0
CAF__MYS,CAF,MYS,0.0,0.0,0,0.0,0.0,0.0,,0.0,,1948,2021,9358.5,255.0
CAF__NAM,CAF,NAM,0.0,0.0,0,0.0,0.0,0.0,,0.0,,1948,2021,2982.0,0.0
CAF__NER,CAF,NER,0.0,0.0,0,1.0,1.0,1.0,,1.0,,1948,2021,2071.0,0.0
CAF__NGA,CAF,NGA,0.0,0.0,0,0.0,0.0,0.0,,0.0,,1948,2021,1676.5,39.0
CAF__NIC,CAF,NIC,0.0,0.0,0,0.0,0.0,0.0,,0.0,,1948,2021,11520.0,0.0
CAF__NLD,CAF,NLD,0.0,0.0,0,0.0,0.0,0.0,,0.0,,1948,2021,5450.5,39.0
CAF__NPL,CAF,NPL,0.0,0.0,0,0.0,0.0,0.0,,0.0,,1948,2021,7504.0,0.0
CAF__NRU,CAF,NRU,0.0,0.0,0,0.0,0.0,0.0,,0.0,,1948,2021,16493.0,0.0
CAF__NZL,CAF,NZL,0.0,0.0,0,0.0,0.0,0.0,,0.0,,1948,2021,15670.0,0.0
CAF__OMN,CAF,OMN,0.0,0.0,0,0.0,0.0,0.0,,0.0,,1948,2021,4795.0,0.0
CAF__PAK,CAF,PAK,0.0,0.0,0,0.0,0.0,0.0,,0.0,,1948,2021,5659.0,0.0
CAF__PAN,CAF,PAN,0.0,0.0,0,0.0,0.0,0.0,,0.0,,1948,2021,10828.0,0.0
CAF__PER,CAF,PER,0.0,0.0,0,0.0,0.0,0.0,,0.0,,1948,2021,10725.0,0.0
CAF__PHL,CAF,PHL,0.0,0.0,0,0.0,0.0,0.0,,0.0,,1948,2021,11228.0,0.0
CAF__PLW,CAF,PLW,0.0,0.0,0,0.0,0.0,0.0,,0.0,,1948,2021,12808.5,13.0
CAF__PNG,CAF,PNG,0.0,0.0,0,0.0,0.0,0.0,,0.0,,1948,2021,14336.0,0.0
CAF__PRK,CAF,PRK,0.0,0.0,0,0.0,0.0,0.0,,0.0,,1948,2021,11178.0,0.0
CAF__PRT,CAF,PRT,0.0,0.0,0,0.0,0.0,0.0,,0.0,,1948,2021,4724.0,0.0
CAF__PRY,CAF,PRY,0.0,0.0,0,0.0,0.0,0.0,,0.0,,1948,2021,8841.0,0.0
CAF__QAT,CAF,QAT,0.0,0.0,0,0.0,0.0,0.0,,0.0,,1948,2021,4210.0,8.0
CAF__RWA,CAF,RWA,0.0,0.0,0,0.0,1.0,1.0,,0.0,,1948,2021,1457.0,0.0
CAF__SAU,CAF,SAU,0.0,0.0,0,0.0,0.0,0.0,,0.0,,1948,2021,3366.5,787.0
CAF__SDN,CAF,SDN,1.0,0.0,0,0.0,0.0,0.0,,0.0,,1948,2021,1968.0,0.0
CAF__SEN,CAF,SEN,0.0,0.0,0,1.0,1.0,1.0,,1.0,,1948,2021,4107.0,0.0
CAF__SGP,CAF,SGP,0.0,0.0,0,0.0,0.0,0.0,,0.0,,1948,2021,9486.0,0.0
CAF__SLB,CAF,SLB,0.0,0.0,0,0.0,0.0,0.0,,0.0,,1948,2021,15736.0,0.0
CAF__SLE,CAF,SLE,0.0,0.0,0,0.0,0.0,0.0,,0.0,,1948,2021,3544.0,0.0
CAF__SLV,CAF,SLV,0.0,0.0,0,0.0,0.0,0.0,,0.0,,1948,2021,11811.0,0.0
CAF__SOM,CAF,SOM,0.0,0.0,0,0.0,0.0,0.0,,0.0,,1948,2021,2988.0,0.0
CAF__SSD,CAF,SSD,1.0,0.0,0,0.0,0.0,0.0,,0.0,,1948,2021,1447.0,0.0
CAF__STP,CAF,STP,0.0,0.0,0,0.0,0.0,0.0,,0.0,,1948,2021,1389.0,0.0
CAF__SUR,CAF,SUR,0.0,0.0,0,0.0,0.0,0.0,,0.0,,1948,2021,8170.0,0.0
CAF__SWZ,CAF,SWZ,0.0,0.0,0,0.0,0.0,0.0,,0.0,,1948,2021,3655.0,0.0
CAF__SYC,CAF,SYC,0.0,0.0,0,1.0,1.0,1.0,,0.0,,1948,2021,4221.0,0.0
CAF__SYR,CAF,SYR,0.0,0.0,0,1.0,0.0,0.0,,1.0,,1948,2021,3862.0,294.0
CAF__TCD,CAF,TCD,1.0,0.0,0,1.0,0.0,1.0,,1.0,,1948,2021,940.0,0.0
CAF__TGO,CAF,TGO,0.0,0.0,0,1.0,1.0,1.0,,1.0,,1948,2021,1932.0,0.0
CAF__THA,CAF,THA,0.0,0.0,0,0.0,0.0,0.0,,0.0,,1948,2021,9037.0,0.0
CAF__TJK,CAF,TJK,0.0,0.0,0,0.0,0.0,0.0,,0.0,,1948,2021,6322.0,0.0
CAF__TKM,CAF,TKM,0.0,0.0,0,0.0,0.0,0.0,,0.0,,1948,2021,5489.0,0.0
CAF__TLS,CAF,TLS,0.0,0.0,0,0.0,0.0,0.0,,0.0,,1948,2021,11960.0,0.0
CAF__TON,CAF,TON,0.0,0.0,0,0.0,0.0,0.0,,0.0,,1948,2021,17637.0,0.0
CAF__TTO,CAF,TTO,0.0,0.0,0,0.0,0.0,0.0,,0.0,,1948,2021,8845.0,0.0
CAF__TUN,CAF,TUN,0.0,0.0,0,1.0,0.0,1.0,,1.0,,1948,2021,3695.0,0.0
CAF__TUR,CAF,TUR,0.0,0.0,0,0.0,0.0,0.0,,0.0,,1948,2021,4191.0,0.0
CAF__TUV,CAF,TUV,0.0,0.0,0,0.0,0.0,0.0,,0.0,,1948,2021,17846.0,0.0
CAF__TWN,CAF,TWN,0.0,0.0,0,0.0,0.0,0.0,,0.0,,1948,2021,11109.5,7.0
CAF__TZA,CAF,TZA,0.0,0.0,0,0.0,0.0,0.0,,0.0,,1948,2021,2613.0,0.0
CAF__UGA,CAF,UGA,0.0,0.0,0,0.0,0.0,0.0,,0.0,,1948,2021,1623.0,0.0
CAF__URY,CAF,URY,0.0,0.0,0,0.0,0.0,0.0,,0.0,,1948,2021,8905.0,0.0
CAF__USA,CAF,USA,0.0,0.0,0,1.0,0.0,0.0,,0.0,,1948,2021,9913.0,0.0
CAF__UZB,CAF,UZB,0.0,0.0,0,0.0,0.0,0.0,,0.0,,1948,2021,6481.0,0.0
CAF__VCT,CAF,VCT,0.0,0.0,0,0.0,0.0,0.0,,0.0,,1948,2021,8802.0,0.0
CAF__VEN,CAF,VEN,0.0,0.0,0,0.0,0.0,0.0,,0.0,,1948,2021,9432.0,0.0
CAF__VNM,CAF,VNM,0.0,0.0,0,1.0,0.0,0.0,,1.0,,1948,2021,9723.0,0.0
CAF__VUT,CAF,VUT,0.0,0.0,0,1.0,1.0,1.0,,1.0,,1948,2021,16420.0,0.0
CAF__WSM,CAF,WSM,0.0,0.0,0,0.0,0.0,0.0,,0.0,,1948,2021,18478.0,0.0
CAF__YEM,CAF,YEM,0.0,0.0,0,0.0,0.0,0.0,,0.0,,1948,2021,2986.0,148.0
CAF__ZAF,CAF,ZAF,0.0,0.0,0,0.0,0.0,0.0,,0.0,,1948,2021,3885.5,705.0
CAF__ZMB,CAF,ZMB,0.0,0.0,0,0.0,0.0,0.0,,0.0,,1948,2021,2307.0,256.0
CAF__ZWE,CAF,ZWE,0.0,0.0,0,0.0,0.0,0.0,,0.0,,1948,2021,2812.0,0.0
CAN__CHL,CAN,CHL,0.0,0.0,0,0.0,0.0,0.0,,0.0,,1948,2021,8670.0,160.0
CAN__CHN,CAN,CHN,0.0,0.0,0,0.0,0.0,0.0,,0.0,,1948,2021,11407.0,68.0
CAN__CIV,CAN,CIV,0.0,0.0,0,1.0,1.0,1.0,,0.0,,1948,2021,8213.5,427.0
CAN__CMR,CAN,CMR,0.0,0.0,0,1.0,1.0,1.0,,0.0,,1948,2021,9479.5,623.0
CAN__COD,CAN,COD,0.0,0.0,0,0.0,1.0,1.0,,0.0,,1948,2021,10493.5,457.0
CAN__COG,CAN,COG,0.0,0.0,0,1.0,1.0,1.0,,0.0,,1948,2021,10486.5,457.0
CAN__COL,CAN,COL,0.0,0.0,0,0.0,0.0,0.0,,0.0,,1948,2021,4447.0,170.0
CAN__COM,CAN,COM,0.0,0.0,0,1.0,1.0,1.0,,0.0,,1948,2021,13264.0,496.0
CAN__CPV,CAN,CPV,0.0,0.0,0,0.0,0.0,0.0,,0.0,,1948,2021,5957.0,388.0
CAN__CRI,CAN,CRI,0.0,0.0,0,0.0,0.0,0.0,,0.0,,1948,2021,3919.5,299.0
CAN__CUB,CAN,CUB,0.0,0.0,0,0.0,0.0,0.0,,0.0,,1948,2021,2453.5,309.0
CAN__CYP,CAN,CYP,0.0,0.0,0,1.0,0.0,0.0,,0.0,,1948,2021,8703.0,488.0
CAN__DEU,CAN,DEU,0.0,0.0,0,0.0,0.0,0.0,,0.0,,1948,2021,6255.0,476.0
CAN__DJI,CAN,DJI,0.0,0.0,0,1.0,1.0,1.0,,0.0,,1948,2021,11331.0,502.0
CAN__DMA,CAN,DMA,0.0,0.0,0,1.0,1.0,1.0,,0.0,,1948,2021,3561.0,44.0
CAN__DOM,CAN,DOM,0.0,0.0,0,1.0,0.0,0.0,,0.0,,1948,2021,2975.0,82.0
CAN__DZA,CAN,DZA,0.0,0.0,0,1.0,1.0,1.0,,0.0,,1948,2021,6514.0,504.0
CAN__ECU,CAN,ECU,0.0,0.0,0,0.0,0.0,0.0,,0.0,,1948,2021,5199.0,238.0
CAN__EGY,CAN,EGY,0.0,0.0,0,1.0,1.0,0.0,,0.0,,1948,2021,8979.5,497.0
CAN__ERI,CAN,ERI,0.0,0.0,0,1.0,1.0,1.0,,0.0,,1948,2021,10972.0,0.0
CAN__ESP,CAN,ESP,0.0,0.0,0,0.0,0.0,0.0,,0.0,,1948,2021,5800.0,504.0
CAN__ETH,CAN,ETH,0.0,0.0,0,0.0,0.0,1.0,,0.0,,1948,2021,11238.0,504.0
CAN__FJI,CAN,FJI,0.0,0.0,0,1.0,1.0,1.0,,0.0,,1948,2021,12583.0,472.0
CAN__FRA,CAN,FRA,0.0,0.0,1,0.0,1.0,1.0,,0.0,1763.0,1948,2021,5769.5,495.0
CAN__FSM,CAN,FSM,0.0,0.0,0,0.0,1.0,1.0,,0.0,,1948,2021,12117.5,291.0
CAN__GAB,CAN,GAB,0.0,0.0,0,1.0,1.0,1.0,,0.0,,1948,2021,9663.0,454.0
CAN__GBR,CAN,GBR,0.0,0.0,1,0.0,1.0,1.0,0.0,0.0,1948.0,1948,2021,5482.5,491.0
CAN__GEO,CAN,GEO,0.0,0.0,0,0.0,0.0,0.0,,0.0,,1948,2021,9035.0,0.0
CAN__GHA,CAN,GHA,0.0,0.0,0,1.0,1.0,1.0,,0.0,,1948,2021,8498.5,441.0
CAN__GIN,CAN,GIN,0.0,0.0,0,1.0,1.0,1.0,,0.0,,1948,2021,7133.0,408.0
CAN__GMB,CAN,GMB,0.0,0.0,0,1.0,1.0,1.0,,0.0,,1948,2021,6596.0,412.0
CAN__GNB,CAN,GNB,0.0,0.0,0,0.0,0.0,0.0,,0.0,,1948,2021,6803.0,410.0
CAN__GNQ,CAN,GNQ,0.0,0.0,0,0.0,0.0,1.0,,0.0,,1948,2021,9573.5,459.0
CAN__GRD,CAN,GRD,0.0,0.0,0,1.0,1.0,1.0,,0.0,,1948,2021,3885.5,21.0
CAN__GTM,CAN,GTM,0.0,0.0,0,0.0,0.0,0.0,,0.0,,1948,2021,3585.0,384.0
CAN__GUY,CAN,GUY,0.0,0.0,0,1.0,1.0,1.0,,0.0,,1948,2021,4562.5,45.0
CAN__HND,CAN,HND,0.0,0.0,0,0.0,0.0,0.0,,0.0,,1948,2021,3539.5,347.0
CAN__HTI,CAN,HTI,0.0,0.0,0,1.0,0.0,1.0,,0.0,,1948,2021,2930.5,125.0
CAN__IDN,CAN,IDN,0.0,0.0,0,0.0,0.0,0.0,,0.0,,1948,2021,15727.5,157.0
CAN__IND,CAN,IND,0.0,0.0,0,1.0,1.0,1.0,,0.0,,1948,2021,12075.0,858.0
CAN__IRN,CAN,IRN,0.0,0.0,0,0.0,0.0,0.0,,0.0,,1948,2021,9683.5,451.0
CAN__IRQ,CAN,IRQ,0.0,0.0,0,1.0,0.0,0.0,,0.0,,1948,2021,9516.0,472.0
CAN__ISR,CAN,ISR,0.0,0.0,0,1.0,1.0,1.0,,0.0,,1948,2021,9043.0,490.0
CAN__ITA,CAN,ITA,0.0,0.0,0,0.0,0.0,0.0,,0.0,,1948,2021,6849.5,499.0
CAN__JAM,CAN,JAM,0.0,0.0,0,1.0,1.0,1.0,,0.0,,1948,2021,2962.5,205.0
CAN__JOR,CAN,JOR,0.0,0.0,0,1.0,1.0,0.0,,0.0,,1948,2021,9126.5,489.0
CAN__JPN,CAN,JPN,0.0,0.0,0,0.0,0.0,0.0,,0.0,,1948,2021,10389.5,45.0
CAN__KAZ,CAN,KAZ,0.0,0.0,0,0.0,0.0,0.0,,0.0,,1948,2021,10090.0,0.0
CAN__KEN,CAN,KEN,0.0,0.0,0,1.0,1.0,1.0,,0.0,,1948,2021,11941.0,500.0
CAN__KGZ,CAN,KGZ,0.0,0.0,0,0.0,0.0,0.0,,0.0,,1948,2021,10073.0,0.0
CAN__KHM,CAN,KHM,0.0,0.0,0,1.0,0.0,0.0,,0.0,,1948,2021,13775.5,187.0
CAN__KIR,CAN,KIR,0.0,0.0,0,1.0,1.0,1.0,,0.0,,1948,2021,11509.5,391.0
CAN__KNA,CAN,KNA,0.0,0.0,0,1.0,1.0,1.0,,0.0,,1948,2021,3305.5,35.0
CAN__KOR,CAN,KOR,0.0,0.0,0,0.0,1.0,0.0,,0.0,,1948,2021,10598.0,44.0
CAN__KWT,CAN,KWT,0.0,0.0,0,1.0,1.0,0.0,,0.0,,1948,2021,10072.0,472.0
CAN__LAO,CAN,LAO,0.0,0.0,0,1.0,0.0,0.0,,0.0,,1948,2021,13069.0,208.0
CAN__LBN,CAN,LBN,0.0,0.0,0,1.0,1.0,1.0,,0.0,,1948,2021,8937.5,487.0
CAN__LBR,CAN,LBR,0.0,0.0,0,0.0,1.0,1.0,,0.0,,1948,2021,7611.0,406.0
CAN__LBY,CAN,LBY,0.0,0.0,0,0.0,0.0,0.0,,0.0,,1948,2021,7512.0,504.0
CAN__LCA,CAN,LCA,0.0,0.0,0,1.0,1.0,1.0,,0.0,,1948,2021,3710.0,42.0
CAN__LKA,CAN,LKA,0.0,0.0,0,1.0,0.0,0.0,,0.0,,1948,2021,13824.0,398.0
CAN__LSO,CAN,LSO,0.0,0.0,0,1.0,1.0,1.0,,0.0,,1948,2021,13293.0,404.0
CAN__MAR,CAN,MAR,0.0,0.0,0,1.0,1.0,1.0,,0.0,,1948,2021,5906.5,497.0
CAN__MDG,CAN,MDG,0.0,0.0,0,1.0,1.0,1.0,,0.0,,1948,2021,14146.5,491.0
CAN__MDV,CAN,MDV,0.0,0.0,0,1.0,0.0,0.0,,0.0,,1948,2021,13834.0,438.0
CAN__MEX,CAN,MEX,0.0,0.0,0,0.0,0.0,0.0,,0.0,,1948,2021,3493.0,466.0
CAN__MHL,CAN,MHL,0.0,0.0,0,0.0,1.0,1.0,,0.0,,1948,2021,11162.0,360.0
CAN__MLI,CAN,MLI,0.0,0.0,0,1.0,0.0,1.0,,0.0,,1948,2021,7337.0,440.0
CAN__MMR,CAN,MMR,0.0,0.0,0,1.0,0.0,0.0,,0.0,,1948,2021,13158.5,263.0
CAN__MNG,CAN,MNG,0.0,0.0,0,0.0,0.0,0.0,,0.0,,1948,2021,9745.5,183.0
CAN__MOZ,CAN,MOZ,0.0,0.0,0,0.0,0.0,0.0,,0.0,,1948,2021,13465.0,436.0
CAN__MRT,CAN,MRT,0.0,0.0,0,1.0,0.0,0.0,,0.0,,1948,2021,6300.5,433.0
CAN__MUS,CAN,MUS,0.0,0.0,0,1.0,1.0,1.0,,0.0,,1948,2021,15007.0,502.0
CAN__MWI,CAN,MWI,0.0,0.0,0,1.0,1.0,1.0,,0.0,,1948,2021,12928.0,474.0
CAN__MYS,CAN,MYS,0.0,0.0,0,1.0,0.0,0.0,,0.0,,1948,2021,14705.0,220.0
CAN__NAM,CAN,NAM,0.0,0.0,0,0.0,1.0,1.0,,0.0,,1948,2021,12014.5,401.0
CAN__NER,CAN,NER,0.0,0.0,0,1.0,1.0,1.0,,0.0,,1948,2021,8072.5,469.0
CAN__NGA,CAN,NGA,0.0,0.0,0,1.0,1.0,1.0,,0.0,,1948,2021,8696.0,488.0
CAN__NIC,CAN,NIC,0.0,0.0,0,0.0,0.0,0.0,,0.0,,1948,2021,3725.0,330.0
CAN__NLD,CAN,NLD,0.0,0.0,0,0.0,0.0,0.0,,0.0,,1948,2021,5752.5,489.0
CAN__NPL,CAN,NPL,0.0,0.0,0,0.0,0.0,0.0,,0.0,,1948,2021,11784.5,325.0
CAN__NRU,CAN,NRU,0.0,0.0,0,1.0,1.0,1.0,,0.0,,1948,2021,12119.5,371.0
CAN__NZL,CAN,NZL,0.0,0.0,0,1.0,1.0,1.0,,0.0,,1948,2021,14129.0,502.0
CAN__OMN,CAN,OMN,0.0,0.0,0,0.0,0.0,0.0,,0.0,,1948,2021,11184.5,455.0
CAN__PAK,CAN,PAK,0.0,0.0,0,1.0,1.0,1.0,,0.0,,1948,2021,11465.5,423.0
CAN__PAN,CAN,PAN,0.0,0.0,0,0.0,0.0,0.0,,0.0,,1948,2021,3966.5,241.0
CAN__PER,CAN,PER,0.0,0.0,0,0.0,0.0,0.0,,0.0,,1948,2021,6280.0,206.0
CAN__PHL,CAN,PHL,0.0,0.0,0,0.0,1.0,1.0,,0.0,,1948,2021,13206.5,37.0
CAN__PLW,CAN,PLW,0.0,0.0,0,1.0,1.0,1.0,,0.0,,1948,2021,13453.0,136.0
CAN__PNG,CAN,PNG,0.0,0.0,0,1.0,1.0,1.0,,0.0,,1948,2021,14291.0,302.0
CAN__PRK,CAN,PRK,0.0,0.0,0,0.0,0.0,0.0,,0.0,,1948,2021,10471.0,56.0
CAN__PRT,CAN,PRT,0.0,0.0,0,0.0,0.0,0.0,,0.0,,1948,2021,5490.0,502.0
CAN__PRY,CAN,PRY,0.0,0.0,0,0.0,0.0,0.0,,0.0,,1948,2021,7982.0,48.0
CAN__QAT,CAN,QAT,0.0,0.0,0,1.0,0.0,0.0,,0.0,,1948,2021,10644.5,471.0
CAN__RWA,CAN,RWA,0.0,0.0,0,0.0,1.0,1.0,,0.0,,1948,2021,11472.0,492.0
CAN__SAU,CAN,SAU,0.0,0.0,0,0.0,0.0,0.0,,0.0,,1948,2021,10336.5,641.0
CAN__SDN,CAN,SDN,0.0,0.0,0,1.0,0.0,0.0,,0.0,,1948,2021,10249.0,504.0
CAN__SEN,CAN,SEN,0.0,0.0,0,1.0,1.0,1.0,,0.0,,1948,2021,6441.0,414.0
CAN__SGP,CAN,SGP,0.0,0.0,0,1.0,1.0,1.0,,0.0,,1948,2021,14912.0,196.0
CAN__SLB,CAN,SLB,0.0,0.0,0,1.0,0.0,1.0,,0.0,,1948,2021,13365.5,377.0
CAN__SLE,CAN,SLE,0.0,0.0,0,1.0,1.0,1.0,,0.0,,1948,2021,7250.5,405.0
CAN__SLV,CAN,SLV,0.0,0.0,0,0.0,0.0,0.0,,0.0,,1948,2021,3638.5,367.0
CAN__SOM,CAN,SOM,0.0,0.0,0,1.0,0.0,1.0,,0.0,,1948,2021,12299.0,504.0
CAN__SSD,CAN,SSD,0.0,0.0,0,0.0,0.0,0.0,,0.0,,1948,2021,11298.0,0.0
CAN__STP,CAN,STP,0.0,0.0,0,0.0,0.0,0.0,,0.0,,1948,2021,9451.0,446.0
CAN__SUR,CAN,SUR,0.0,0.0,0,0.0,0.0,0.0,,0.0,,1948,2021,4779.0,76.0
CAN__SWZ,CAN,SWZ,0.0,0.0,0,1.0,0.0,1.0,,0.0,,1948,2021,13374.5,429.0
CAN__SYC,CAN,SYC,0.0,0.0,0,1.0,1.0,1.0,,0.0,,1948,2021,13581.5,501.0
CAN__SYR,CAN,SYR,0.0,0.0,0,1.0,0.0,0.0,,0.0,,1948,2021,9021.0,486.0
CAN__TCD,CAN,TCD,0.0,0.0,0,1.0,0.0,1.0,,0.0,,1948,2021,9199.0,490.0
CAN__TGO,CAN,TGO,0.0,0.0,0,1.0,1.0,1.0,,0.0,,1948,2021,8564.5,447.0
CAN__THA,CAN,THA,0.0,0.0,0,0.0,0.0,0.0,,0.0,,1948,2021,13532.0,228.0
CAN__TJK,CAN,TJK,0.0,0.0,0,0.0,0.0,0.0,,0.0,,1948,2021,10352.0,0.0
CAN__TKM,CAN,TKM,0.0,0.0,0,0.0,0.0,0.0,,0.0,,1948,2021,10015.0,0.0
CAN__TLS,CAN,TLS,0.0,0.0,0,0.0,0.0,0.0,,0.0,,1948,2021,15424.0,0.0
CAN__TON,CAN,TON,0.0,0.0,0,1.0,0.0,1.0,,0.0,,1948,2021,12301.5,489.0
CAN__TTO,CAN,TTO,0.0,0.0,0,1.0,1.0,1.0,,0.0,,1948,2021,4039.0,18.0
CAN__TUN,CAN,TUN,0.0,0.0,0,1.0,0.0,1.0,,0.0,,1948,2021,7024.0,504.0
CAN__TUR,CAN,TUR,0.0,0.0,0,0.0,0.0,0.0,,0.0,,1948,2021,7969.0,484.0
CAN__TUV,CAN,TUV,0.0,0.0,0,1.0,0.0,0.0,,0.0,,1948,2021,11798.5,447.0
CAN__TWN,CAN,TWN,0.0,0.0,0,0.0,0.0,0.0,,0.0,,1948,2021,12073.5,61.0
CAN__TZA,CAN,TZA,0.0,0.0,0,1.0,0.0,1.0,,0.0,,1948,2021,12572.0,498.0
CAN__UGA,CAN,UGA,0.0,0.0,0,1.0,1.0,1.0,,0.0,,1948,2021,11488.0,498.0
CAN__URY,CAN,URY,0.0,0.0,0,0.0,0.0,0.0,,0.0,,1948,2021,9040.0,58.0
CAN__USA,CAN,USA,1.0,0.0,0,1.0,1.0,1.0,,0.0,,1948,2021,544.5,23.0
CAN__UZB,CAN,UZB,0.0,0.0,0,0.0,0.0,0.0,,0.0,,1948,2021,10086.0,0.0
CAN__VCT,CAN,VCT,0.0,0.0,0,1.0,1.0,1.0,,0.0,,1948,2021,3789.0,34.0
CAN__VEN,CAN,VEN,0.0,0.0,0,0.0,0.0,0.0,,0.0,,1948,2021,3904.5,59.0
CAN__VNM,CAN,VNM,0.0,0.0,0,1.0,0.0,0.0,,0.0,,1948,2021,13858.5,169.0
CAN__VUT,CAN,VUT,0.0,0.0,0,1.0,1.0,1.0,,0.0,,1948,2021,13355.0,444.0
CAN__WSM,CAN,WSM,0.0,0.0,0,0.0,1.0,1.0,,0.0,,1948,2021,11488.0,482.0
CAN__YEM,CAN,YEM,0.0,0.0,0,1.0,0.0,0.0,,0.0,,1948,2021,11059.5,535.0
CAN__ZAF,CAN,ZAF,0.0,0.0,0,1.0,1.0,1.0,,0.0,,1948,2021,13124.5,421.0
CAN__ZMB,CAN,ZMB,0.0,0.0,0,1.0,1.0,1.0,,0.0,,1948,2021,12265.0,664.0
CAN__ZWE,CAN,ZWE,0.0,0.0,0,1.0,1.0,1.0,,0.0,,1948,2021,12765.5,459.0
CHL__CHN,CHL,CHN,0.0,0.0,0,0.0,0.0,0.0,,0.0,,1948,2021,18861.0,0.0
CHL__CIV,CHL,CIV,0.0,0.0,0,0.0,0.0,0.0,,0.0,,1948,2021,8209.0,0.0
CHL__CMR,CHL,CMR,0.0,0.0,0,0.0,0.0,0.0,,0.0,,1948,2021,9445.5,155.0
CHL__COD,CHL,COD,0.0,0.0,0,0.0,0.0,0.0,,0.0,,1948,2021,9376.0,0.0
CHL__COG,CHL,COG,0.0,0.0,0,0.0,0.0,0.0,,0.0,,1948,2021,9377.0,0.0
CHL__COL,CHL,COL,0.0,0.0,0,1.0,1.0,1.0,,0.0,,1948,2021,4229.0,0.0
CHL__COM,CHL,COM,0.0,0.0,0,0.0,0.0,0.0,,0.0,,1948,2021,11430.0,0.0
CHL__CPV,CHL,CPV,0.0,0.0,0,0.0,0.0,0.0,,0.0,,1948,2021,7327.0,0.0
CHL__CRI,CHL,CRI,0.0,0.0,0,1.0,1.0,1.0,,0.0,,1948,2021,5008.0,0.0
CHL__CUB,CHL,CUB,0.0,0.0,0,1.0,1.0,1.0,,0.0,,1948,2021,6384.0,0.0
CHL__CYP,CHL,CYP,0.0,0.0,0,0.0,0.0,0.0,,0.0,,1948,2021,13210.0,0.0
CHL__DEU,CHL,DEU,0.0,0.0,0,0.0,0.0,0.0,,0.0,,1948,2021,12507.0,0.0
CHL__DJI,CHL,DJI,0.0,0.0,0,0.0,0.0,0.0,,0.0,,1948,2021,12919.0,0.0
CHL__DMA,CHL,DMA,0.0,0.0,0,0.0,0.0,0.0,,0.0,,1948,2021,5485.0,0.0
CHL__DOM,CHL,DOM,0.0,0.0,0,1.0,1.0,1.0,,0.0,,1948,2021,5749.0,0.0
CHL__DZA,CHL,DZA,0.0,0.0,0,0.0,0.0,0.0,,0.0,,1948,2021,10900.0,0.0
CHL__ECU,CHL,ECU,0.0,0.0,0,1.0,1.0,1.0,,0.0,,1948,2021,3596.0,0.0
CHL__EGY,CHL,EGY,0.0,0.0,0,0.0,0.0,0.0,,0.0,,1948,2021,12797.0,0.0
CHL__ERI,CHL,ERI,0.0,0.0,0,0.0,0.0,0.0,,0.0,,1948,2021,12740.0,0.0
CHL__ESP,CHL,ESP,0.0,0.0,1,0.0,1.0,1.0,1.0,0.0,1810.0,1948,2021,10910.0,458.0
CHL__ETH,CHL,ETH,0.0,0.0,0,0.0,0.0,0.0,,0.0,,1948,2021,12360.0,0.0
CHL__FJI,CHL,FJI,0.0,0.0,0,0.0,0.0,0.0,,0.0,,1948,2021,10735.0,0.0
CHL__FRA,CHL,FRA,0.0,0.0,0,0.0,0.0,0.0,,0.0,,1948,2021,11627.0,0.0
CHL__FSM,CHL,FSM,0.0,0.0,0,1.0,0.0,0.0,,0.0,,1948,2021,14212.0,0.0
CHL__GAB,CHL,GAB,0.0,0.0,0,0.0,0.0,0.0,,0.0,,1948,2021,9119.0,0.0
CHL__GBR,CHL,GBR,0.0,0.0,0,0.0,0.0,0.0,,0.0,,1948,2021,11650.0,0.0
CHL__GEO,CHL,GEO,0.0,0.0,0,0.0,0.0,0.0,,0.0,,1948,2021,14383.0,0.0
CHL__GHA,CHL,GHA,0.0,0.0,0,0.0,0.0,0.0,,0.0,,1948,2021,8537.5,53.0
CHL__GIN,CHL,GIN,0.0,0.0,0,0.0,0.0,0.0,,0.0,,1948,2021,7678.0,0.0
CHL__GMB,CHL,GMB,0.0,0.0,0,0.0,0.0,0.0,,0.0,,1948,2021,7725.0,0.0
CHL__GNB,CHL,GNB,0.0,0.0,0,0.0,0.0,0.0,,0.0,,1948,2021,7690.0,0.0
CHL__GNQ,CHL,GNQ,0.0,0.0,0,1.0,1.0,1.0,,0.0,,1948,2021,9238.0,0.0
CHL__GRD,CHL,GRD,0.0,0.0,0,0.0,0.0,0.0,,0.0,,1948,2021,5125.0,0.0
CHL__GTM,CHL,GTM,0.0,0.0,0,1.0,1.0,1.0,,0.0,,1948,2021,5723.0,0.0
CHL__GUY,CHL,GUY,0.0,0.0,0,0.0,0.0,0.0,,0.0,,1948,2021,4647.0,0.0
CHL__HND,CHL,HND,0.0,0.0,0,1.0,1.0,1.0,,0.0,,1948,2021,5547.0,0.0
CHL__HTI,CHL,HTI,0.0,0.0,0,0.0,0.0,0.0,,0.0,,1948,2021,5757.0,0.0
CHL__IDN,CHL,IDN,0.0,0.0,0,0.0,0.0,0.0,,0.0,,1948,2021,15606.0,0.0
CHL__IND,CHL,IND,0.0,0.0,0,0.0,0.0,0.0,,0.0,,1948,2021,16856.0,1560.0
CHL__IRN,CHL,IRN,0.0,0.0,0,0.0,0.0,0.0,,0.0,,1948,2021,14782.0,0.0
CHL__IRQ,CHL,IRQ,0.0,0.0,0,0.0,0.0,0.0,,0.0,,1948,2021,14089.0,0.0
CHL__ISR,CHL,ISR,0.0,0.0,0,0.0,0.0,0.0,,0.0,,1948,2021,13199.0,0.0
CHL__ITA,CHL,ITA,0.0,0.0,0,0.0,0.0,0.0,,0.0,,1948,2021,11892.0,0.0
CHL__JAM,CHL,JAM,0.0,0.0,0,0.0,0.0,0.0,,0.0,,1948,2021,5731.0,0.0
CHL__JOR,CHL,JOR,0.0,0.0,0,0.0,0.0,0.0,,0.0,,1948,2021,13294.0,0.0
CHL__JPN,CHL,JPN,0.0,0.0,0,0.0,0.0,0.0,,0.0,,1948,2021,17242.0,0.0
CHL__KAZ,CHL,KAZ,0.0,0.0,0,0.0,0.0,0.0,,0.0,,1948,2021,17008.0,0.0
CHL__KEN,CHL,KEN,0.0,0.0,0,0.0,0.0,0.0,,0.0,,1948,2021,11548.0,0.0
CHL__KGZ,CHL,KGZ,0.0,0.0,0,0.0,0.0,0.0,,0.0,,1948,2021,16828.0,0.0
CHL__KHM,CHL,KHM,0.0,0.0,0,0.0,0.0,0.0,,0.0,,1948,2021,17538.0,0.0
CHL__KIR,CHL,KIR,0.0,0.0,0,0.0,0.0,0.0,,0.0,,1948,2021,12523.0,0.0
CHL__KNA,CHL,KNA,0.0,0.0,0,0.0,0.0,0.0,,0.0,,1948,2021,5679.0,0.0
CHL__KOR,CHL,KOR,0.0,0.0,0,0.0,0.0,0.0,,0.0,,1948,2021,18364.0,0.0
CHL__KWT,CHL,KWT,0.0,0.0,0,0.0,0.0,0.0,,0.0,,1948,2021,14257.0,0.0
CHL__LAO,CHL,LAO,0.0,0.0,0,0.0,0.0,0.0,,0.0,,1948,2021,18164.0,0.0
CHL__LBN,CHL,LBN,0.0,0.0,0,0.0,0.0,0.0,,0.0,,1948,2021,13337.0,0.0
CHL__LBR,CHL,LBR,0.0,0.0,0,0.0,0.0,0.0,,0.0,,1948,2021,7684.0,0.0
CHL__LBY,CHL,LBY,0.0,0.0,0,0.0,0.0,0.0,,0.0,,1948,2021,11435.0,0.0
CHL__LCA,CHL,LCA,0.0,0.0,0,0.0,0.0,0.0,,0.0,,1948,2021,5352.0,0.0
CHL__LKA,CHL,LKA,0.0,0.0,0,0.0,0.0,0.0,,0.0,,1948,2021,15792.0,0.0
CHL__LSO,CHL,LSO,0.0,0.0,0,0.0,0.0,0.0,,0.0,,1948,2021,8956.0,0.0
CHL__MAR,CHL,MAR,0.0,0.0,0,0.0,0.0,0.0,,0.0,,1948,2021,9924.0,0.0
CHL__MDG,CHL,MDG,0.0,0.0,0,0.0,0.0,0.0,,0.0,,1948,2021,11269.0,0.0
CHL__MDV,CHL,MDV,0.0,0.0,0,0.0,0.0,0.0,,0.0,,1948,2021,15090.0,0.0
CHL__MEX,CHL,MEX,0.0,0.0,0,1.0,1.0,1.0,,0.0,,1948,2021,6589.0,0.0
CHL__MHL,CHL,MHL,0.0,0.0,0,0.0,0.0,0.0,,0.0,,1948,2021,13035.0,0.0
CHL__MLI,CHL,MLI,0.0,0.0,0,0.0,0.0,0.0,,0.0,,1948,2021,8368.0,0.0
CHL__MMR,CHL,MMR,0.0,0.0,0,0.0,0.0,0.0,,0.0,,1948,2021,17743.0,0.0
CHL__MNG,CHL,MNG,0.0,0.0,0,0.0,0.0,0.0,,0.0,,1948,2021,18386.0,0.0
CHL__MOZ,CHL,MOZ,0.0,0.0,0,0.0,0.0,0.0,,0.0,,1948,2021,9576.0,10.0
CHL__MRT,CHL,MRT,0.0,0.0,0,0.0,0.0,0.0,,0.0,,1948,2021,8136.0,0.0
CHL__MUS,CHL,MUS,0.0,0.0,0,0.0,0.0,0.0,,0.0,,1948,2021,11925.0,0.0
CHL__MWI,CHL,MWI,0.0,0.0,0,0.0,0.0,0.0,,0.0,,1948,2021,10454.0,12.0
CHL__MYS,CHL,MYS,0.0,0.0,0,0.0,0.0,0.0,,0.0,,1948,2021,16477.0,158.0
CHL__NAM,CHL,NAM,0.0,0.0,0,0.0,0.0,0.0,,0.0,,1948,2021,8465.0,0.0
CHL__NER,CHL,NER,0.0,0.0,0,0.0,0.0,0.0,,0.0,,1948,2021,9290.0,0.0
CHL__NGA,CHL,NGA,0.0,0.0,0,0.0,0.0,0.0,,0.0,,1948,2021,8997.5,105.0
CHL__NIC,CHL,NIC,0.0,0.0,0,1.0,1.0,1.0,,0.0,,1948,2021,5310.0,0.0
CHL__NLD,CHL,NLD,0.0,0.0,0,0.0,0.0,0.0,,0.0,,1948,2021,11966.0,50.0
CHL__NPL,CHL,NPL,0.0,0.0,0,0.0,0.0,0.0,,0.0,,1948,2021,17641.0,0.0
CHL__NRU,CHL,NRU,0.0,0.0,0,0.0,0.0,0.0,,0.0,,1948,2021,12939.0,0.0
CHL__NZL,CHL,NZL,0.0,0.0,0,0.0,0.0,0.0,,0.0,,1948,2021,9690.0,0.0
CHL__OMN,CHL,OMN,0.0,0.0,0,0.0,0.0,0.0,,0.0,,1948,2021,14991.0,0.0
CHL__PAK,CHL,PAK,0.0,0.0,0,0.0,0.0,0.0,,0.0,,1948,2021,15838.0,0.0
CHL__PAN,CHL,PAN,0.0,0.0,0,1.0,1.0,1.0,,0.0,,1948,2021,4791.0,0.0
CHL__PER,CHL,PER,1.0,0.0,0,1.0,1.0,1.0,,0.0,,1948,2021,2459.0,0.0
CHL__PHL,CHL,PHL,0.0,0.0,0,1.0,0.0,0.0,,0.0,,1948,2021,17615.0,0.0
CHL__PLW,CHL,PLW,0.0,0.0,0,0.0,0.0,0.0,,0.0,,1948,2021,16138.0,4.0
CHL__PNG,CHL,PNG,0.0,0.0,0,0.0,0.0,0.0,,0.0,,1948,2021,13806.0,0.0
CHL__PRK,CHL,PRK,0.0,0.0,0,0.0,0.0,0.0,,0.0,,1948,2021,18426.0,0.0
CHL__PRT,CHL,PRT,0.0,0.0,0,0.0,0.0,0.0,,0.0,,1948,2021,10205.0,0.0
CHL__PRY,CHL,PRY,0.0,0.0,0,1.0,1.0,1.0,,0.0,,1948,2021,1551.0,0.0
CHL__QAT,CHL,QAT,0.0,0.0,0,0.0,0.0,0.0,,0.0,,1948,2021,14406.0,8.0
CHL__RWA,CHL,RWA,0.0,0.0,0,0.0,0.0,0.0,,0.0,,1948,2021,10887.0,0.0
CHL__SAU,CHL,SAU,0.0,0.0,0,0.0,0.0,0.0,,0.0,,1948,2021,13543.0,794.0
CHL__SDN,CHL,SDN,0.0,0.0,0,0.0,0.0,0.0,,0.0,,1948,2021,12159.0,0.0
CHL__SEN,CHL,SEN,0.0,0.0,0,0.0,0.0,0.0,,0.0,,1948,2021,7761.0,0.0
CHL__SGP,CHL,SGP,0.0,0.0,0,0.0,0.0,0.0,,0.0,,1948,2021,16398.0,0.0
CHL__SLB,CHL,SLB,0.0,0.0,0,0.0,0.0,0.0,,0.0,,1948,2021,12869.0,0.0
CHL__SLE,CHL,SLE,0.0,0.0,0,0.0,0.0,0.0,,0.0,,1948,2021,7634.0,0.0
CHL__SLV,CHL,SLV,0.0,0.0,0,1.0,1.0,1.0,,0.0,,1948,2021,5576.0,0.0
CHL__SOM,CHL,SOM,0.0,0.0,0,0.0,0.0,0.0,,0.0,,1948,2021,12535.0,0.0
CHL__SSD,CHL,SSD,0.0,0.0,0,0.0,0.0,0.0,,0.0,,1948,2021,11445.0,0.0
CHL__STP,CHL,STP,0.0,0.0,0,0.0,0.0,0.0,,0.0,,1948,2021,8864.0,0.0
CHL__SUR,CHL,SUR,0.0,0.0,0,0.0,0.0,0.0,,0.0,,1948,2021,4649.0,0.0
CHL__SWZ,CHL,SWZ,0.0,0.0,0,0.0,0.0,0.0,,0.0,,1948,2021,9440.0,0.0
CHL__SYC,CHL,SYC,0.0,0.0,0,0.0,0.0,0.0,,0.0,,1948,2021,12963.0,0.0
CHL__SYR,CHL,SYR,0.0,0.0,0,0.0,0.0,0.0,,0.0,,1948,2021,13482.0,180.0
CHL__TCD,CHL,TCD,0.0,0.0,0,0.0,0.0,0.0,,0.0,,1948,2021,10353.0,0.0
CHL__TGO,CHL,TGO,0.0,0.0,0,0.0,0.0,0.0,,0.0,,1948,2021,8728.0,0.0
CHL__THA,CHL,THA,0.0,0.0,0,0.0,0.0,0.0,,0.0,,1948,2021,17646.0,0.0
CHL__TJK,CHL,TJK,0.0,0.0,0,0.0,0.0,0.0,,0.0,,1948,2021,16353.0,0.0
CHL__TKM,CHL,TKM,0.0,0.0,0,0.0,0.0,0.0,,0.0,,1948,2021,15442.0,0.0
CHL__TLS,CHL,TLS,0.0,0.0,0,0.0,0.0,0.0,,0.0,,1948,2021,15051.0,0.0
CHL__TON,CHL,TON,0.0,0.0,0,0.0,0.0,0.0,,0.0,,1948,2021,10003.0,0.0
CHL__TTO,CHL,TTO,0.0,0.0,0,0.0,0.0,0.0,,0.0,,1948,2021,4978.0,0.0
CHL__TUN,CHL,TUN,0.0,0.0,0,0.0,0.0,0.0,,0.0,,1948,2021,11431.0,0.0
CHL__TUR,CHL,TUR,0.0,0.0,0,0.0,0.0,0.0,,0.0,,1948,2021,13091.0,0.0
CHL__TUV,CHL,TUV,0.0,0.0,0,0.0,0.0,0.0,,0.0,,1948,2021,11320.0,0.0
CHL__TWN,CHL,TWN,0.0,0.0,0,0.0,0.0,0.0,,0.0,,1948,2021,18515.5,3.0
CHL__TZA,CHL,TZA,0.0,0.0,0,0.0,0.0,0.0,,0.0,,1948,2021,11412.0,0.0
CHL__UGA,CHL,UGA,0.0,0.0,0,0.0,0.0,0.0,,0.0,,1948,2021,11260.0,0.0
CHL__URY,CHL,URY,0.0,0.0,0,1.0,1.0,1.0,,0.0,,1948,2021,1343.0,0.0
CHL__USA,CHL,USA,0.0,0.0,0,1.0,1.0,0.0,,0.0,,1948,2021,8220.0,0.0
CHL__UZB,CHL,UZB,0.0,0.0,0,0.0,0.0,0.0,,0.0,,1948,2021,16398.0,0.0
CHL__VCT,CHL,VCT,0.0,0.0,0,0.0,0.0,0.0,,0.0,,1948,2021,5255.0,0.0
CHL__VEN,CHL,VEN,0.0,0.0,0,1.0,1.0,1.0,,0.0,,1948,2021,4880.0,0.0
CHL__VNM,CHL,VNM,0.0,0.0,0,0.0,0.0,0.0,,0.0,,1948,2021,17475.0,0.0
CHL__VUT,CHL,VUT,0.0,0.0,0,0.0,0.0,0.0,,0.0,,1948,2021,11580.0,0.0
CHL__WSM,CHL,WSM,0.0,0.0,0,0.0,0.0,0.0,,0.0,,1948,2021,10177.0,0.0
CHL__YEM,CHL,YEM,0.0,0.0,0,0.0,0.0,0.0,,0.0,,1948,2021,13157.5,147.0
CHL__ZAF,CHL,ZAF,0.0,0.0,0,0.0,0.0,0.0,,0.0,,1948,2021,8574.0,1236.0
CHL__ZMB,CHL,ZMB,0.0,0.0,0,0.0,0.0,0.0,,0.0,,1948,2021,9961.0,156.0
CHL__ZWE,CHL,ZWE,0.0,0.0,0,0.0,0.0,0.0,,0.0,,1948,2021,9974.0,0.0
CHN__CIV,CHN,CIV,0.0,0.0,0,0.0,0.0,0.0,,0.0,,1948,2021,12966.0,0.0
CHN__CMR,CHN,CMR,0.0,0.0,0,0.0,0.0,0.0,,0.0,,1948,2021,11747.0,156.0
CHN__COD,CHN,COD,0.0,0.0,0,0.0,0.0,0.0,,0.0,,1948,2021,11798.0,0.0
CHN__COG,CHN,COG,0.0,0.0,0,0.0,0.0,0.0,,0.0,,1948,2021,11798.0,0.0
CHN__COL,CHN,COL,0.0,0.0,0,0.0,0.0,0.0,,0.0,,1948,2021,15713.0,0.0
CHN__COM,CHN,COM,0.0,0.0,0,0.0,0.0,0.0,,0.0,,1948,2021,9584.0,0.0
CHN__CPV,CHN,CPV,0.0,0.0,0,0.0,0.0,0.0,,0.0,,1948,2021,13682.0,0.0
CHN__CRI,CHN,CRI,0.0,0.0,0,0.0,0.0,0.0,,0.0,,1948,2021,14705.0,0.0
CHN__CUB,CHN,CUB,0.0,0.0,0,0.0,0.0,0.0,,0.0,,1948,2021,13480.0,0.0
CHN__CYP,CHN,CYP,0.0,0.0,0,0.0,0.0,0.0,,0.0,,1948,2021,7937.0,0.0
CHN__DEU,CHN,DEU,0.0,0.0,0,0.0,0.0,0.0,,0.0,,1948,2021,8415.0,0.0
CHN__DJI,CHN,DJI,0.0,0.0,0,0.0,0.0,0.0,,0.0,,1948,2021,8250.0,0.0
CHN__DMA,CHN,DMA,0.0,0.0,0,0.0,0.0,0.0,,0.0,,1948,2021,14847.0,0.0
CHN__DOM,CHN,DOM,0.0,0.0,0,0.0,0.0,0.0,,0.0,,1948,2021,14372.0,0.0
CHN__DZA,CHN,DZA,0.0,0.0,0,0.0,0.0,0.0,,0.0,,1948,2021,10130.0,0.0
CHN__ECU,CHN,ECU,0.0,0.0,0,0.0,0.0,0.0,,0.0,,1948,2021,16091.0,0.0
CHN__EGY,CHN,EGY,0.0,0.0,0,0.0,0.0,0.0,,0.0,,1948,2021,8370.0,0.0
CHN__ERI,CHN,ERI,0.0,0.0,0,0.0,0.0,0.0,,0.0,,1948,2021,8446.0,0.0
CHN__ESP,CHN,ESP,0.0,0.0,0,0.0,0.0,0.0,,0.0,,1948,2021,10061.0,432.0
CHN__ETH,CHN,ETH,0.0,0.0,0,0.0,0.0,0.0,,0.0,,1948,2021,8809.0,0.0
CHN__FJI,CHN,FJI,0.0,0.0,0,0.0,0.0,0.0,,0.0,,1948,2021,8178.0,0.0
CHN__FRA,CHN,FRA,0.0,0.0,0,0.0,0.0,0.0,,0.0,,1948,2021,9284.0,0.0
CHN__FSM,CHN,FSM,0.0,0.0,0,0.0,0.0,0.0,,0.0,,1948,2021,4669.0,0.0
CHN__GAB,CHN,GAB,0.0,0.0,0,0.0,0.0,0.0,,0.0,,1948,2021,12072.0,0.0
CHN__GBR,CHN,GBR,0.0,0.0,0,0.0,0.0,0.0,,0.0,,1948,2021,9217.0,0.0
CHN__GEO,CHN,GEO,0.0,0.0,0,0.0,0.0,0.0,,0.0,,1948,2021,6741.0,0.0
CHN__GHA,CHN,GHA,0.0,0.0,0,0.0,0.0,0.0,,0.0,,1948,2021,12642.0,48.0
CHN__GIN,CHN,GIN,0.0,0.0,0,0.0,0.0,0.0,,0.0,,1948,2021,13441.0,0.0
CHN__GMB,CHN,GMB,0.0,0.0,0,0.0,0.0,0.0,,0.0,,1948,2021,13351.0,0.0
CHN__GNB,CHN,GNB,0.0,0.0,0,0.0,0.0,0.0,,0.0,,1948,2021,13404.0,0.0
CHN__GNQ,CHN,GNQ,0.0,0.0,0,0.0,0.0,0.0,,0.0,,1948,2021,11954.0,0.0
CHN__GRD,CHN,GRD,0.0,0.0,0,0.0,0.0,0.0,,0.0,,1948,2021,15203.0,0.0
CHN__GTM,CHN,GTM,0.0,0.0,0,0.0,0.0,0.0,,0.0,,1948,2021,13896.0,0.0
CHN__GUY,CHN,GUY,0.0,0.0,0,0.0,0.0,0.0,,0.0,,1948,2021,15796.0,0.0
CHN__HND,CHN,HND,0.0,0.0,0,0.0,0.0,0.0,,0.0,,1948,2021,14137.0,0.0
CHN__HTI,CHN,HTI,0.0,0.0,0,0.0,0.0,0.0,,0.0,,1948,2021,14306.0,0.0
CHN__IDN,CHN,IDN,0.0,0.0,0,0.0,0.0,0.0,,0.0,,1948,2021,4425.0,0.0
CHN__IND,CHN,IND,1.0,0.0,0,0.0,0.0,0.0,,0.0,,1948,2021,4224.5,1625.0
CHN__IRN,CHN,IRN,0.0,0.0,0,0.0,0.0,0.0,,0.0,,1948,2021,6390.0,0.0
CHN__IRQ,CHN,IRQ,0.0,0.0,0,0.0,0.0,0.0,,0.0,,1948,2021,7085.0,0.0
CHN__ISR,CHN,ISR,0.0,0.0,0,0.0,0.0,0.0,,0.0,,1948,2021,7966.0,0.0
CHN__ITA,CHN,ITA,0.0,0.0,0,0.0,0.0,0.0,,0.0,,1948,2021,9138.0,0.0
CHN__JAM,CHN,JAM,0.0,0.0,0,0.0,0.0,0.0,,0.0,,1948,2021,14222.0,0.0
CHN__JOR,CHN,JOR,0.0,0.0,0,0.0,0.0,0.0,,0.0,,1948,2021,7873.0,0.0
CHN__JPN,CHN,JPN,0.0,0.0,0,0.0,0.0,0.0,,0.0,,1948,2021,1763.0,0.0
CHN__KAZ,CHN,KAZ,1.0,0.0,0,0.0,0.0,0.0,,0.0,,1948,2021,4117.0,0.0
CHN__KEN,CHN,KEN,0.0,0.0,0,0.0,0.0,0.0,,0.0,,1948,2021,9578.0,0.0
CHN__KGZ,CHN,KGZ,1.0,0.0,0,0.0,0.0,0.0,,0.0,,1948,2021,4304.0,0.0
CHN__KHM,CHN,KHM,0.0,0.0,0,0.0,0.0,0.0,,0.0,,1948,2021,2763.0,0.0
CHN__KIR,CHN,KIR,0.0,0.0,0,0.0,0.0,0.0,,0.0,,1948,2021,6342.0,0.0
CHN__KNA,CHN,KNA,0.0,0.0,0,0.0,0.0,0.0,,0.0,,1948,2021,14617.0,0.0
CHN__KOR,CHN,KOR,0.0,0.0,0,0.0,0.0,0.0,,0.0,,1948,2021,867.0,0.0
CHN__KWT,CHN,KWT,0.0,0.0,0,0.0,0.0,0.0,,0.0,,1948,2021,6932.0,0.0
CHN__LAO,CHN,LAO,1.0,0.0,0,0.0,0.0,0.0,,0.0,,1948,2021,2402.0,0.0
CHN__LBN,CHN,LBN,0.0,0.0,0,0.0,0.0,0.0,,0.0,,1948,2021,7821.0,0.0
CHN__LBR,CHN,LBR,0.0,0.0,0,0.0,0.0,0.0,,0.0,,1948,2021,13466.0,0.0
CHN__LBY,CHN,LBY,0.0,0.0,0,0.0,0.0,0.0,,0.0,,1948,2021,9668.0,0.0
CHN__LCA,CHN,LCA,0.0,0.0,0,0.0,0.0,0.0,,0.0,,1948,2021,14993.0,0.0
CHN__LKA,CHN,LKA,0.0,0.0,0,0.0,0.0,0.0,,0.0,,1948,2021,5091.0,0.0
CHN__LSO,CHN,LSO,0.0,0.0,0,0.0,0.0,0.0,,0.0,,1948,2021,11979.0,0.0
CHN__MAR,CHN,MAR,0.0,0.0,0,0.0,0.0,0.0,,0.0,,1948,2021,11067.0,0.0
CHN__MDG,CHN,MDG,0.0,0.0,0,0.0,0.0,0.0,,0.0,,1948,2021,9643.0,0.0
CHN__MDV,CHN,MDV,0.0,0.0,0,0.0,0.0,0.0,,0.0,,1948,2021,5835.0,0.0
CHN__MEX,CHN,MEX,0.0,0.0,0,0.0,0.0,0.0,,0.0,,1948,2021,12928.0,0.0
CHN__MHL,CHN,MHL,0.0,0.0,0,0.0,0.0,0.0,,0.0,,1948,2021,5827.0,0.0
CHN__MLI,CHN,MLI,0.0,0.0,0,0.0,0.0,0.0,,0.0,,1948,2021,12763.0,0.0
CHN__MMR,CHN,MMR,1.0,0.0,0,0.0,0.0,0.0,,0.0,,1948,2021,3017.0,0.0
CHN__MNG,CHN,MNG,1.0,0.0,1,0.0,0.0,0.0,1.0,0.0,1921.0,1948,2021,2228.0,0.0
CHN__MOZ,CHN,MOZ,0.0,0.0,0,0.0,0.0,0.0,,0.0,,1948,2021,11366.5,11.0
CHN__MRT,CHN,MRT,0.0,0.0,0,0.0,0.0,0.0,,0.0,,1948,2021,12913.0,0.0
CHN__MUS,CHN,MUS,0.0,0.0,0,0.0,0.0,0.0,,0.0,,1948,2021,8884.0,0.0
CHN__MWI,CHN,MWI,0.0,0.0,0,0.0,0.0,0.0,,0.0,,1948,2021,10585.0,10.0
CHN__MYS,CHN,MYS,0.0,0.0,0,0.0,1.0,1.0,,0.0,,1948,2021,3767.0,60.0
CHN__NAM,CHN,NAM,0.0,0.0,0,0.0,0.0,0.0,,0.0,,1948,2021,12594.0,0.0
CHN__NER,CHN,NER,0.0,0.0,0,0.0,0.0,0.0,,0.0,,1948,2021,11874.0,0.0
CHN__NGA,CHN,NGA,0.0,0.0,0,0.0,0.0,0.0,,0.0,,1948,2021,12188.0,106.0
CHN__NIC,CHN,NIC,0.0,0.0,0,0.0,0.0,0.0,,0.0,,1948,2021,14375.0,0.0
CHN__NLD,CHN,NLD,0.0,0.0,0,0.0,0.0,0.0,,0.0,,1948,2021,8920.5,53.0
CHN__NPL,CHN,NPL,1.0,0.0,0,0.0,0.0,0.0,,0.0,,1948,2021,3512.0,0.0
CHN__NRU,CHN,NRU,0.0,0.0,0,0.0,0.0,0.0,,0.0,,1948,2021,5943.0,0.0
CHN__NZL,CHN,NZL,0.0,0.0,0,0.0,0.0,0.0,,0.0,,1948,2021,9361.0,0.0
CHN__OMN,CHN,OMN,0.0,0.0,0,0.0,0.0,0.0,,0.0,,1948,2021,6193.0,0.0
CHN__PAK,CHN,PAK,1.0,0.0,0,0.0,0.0,0.0,,0.0,,1948,2021,5339.0,0.0
CHN__PAN,CHN,PAN,0.0,0.0,0,0.0,0.0,0.0,,0.0,,1948,2021,15029.0,0.0
CHN__PER,CHN,PER,0.0,0.0,0,0.0,0.0,0.0,,0.0,,1948,2021,17167.0,0.0
CHN__PHL,CHN,PHL,0.0,0.0,0,0.0,0.0,0.0,,0.0,,1948,2021,1841.0,0.0
CHN__PLW,CHN,PLW,0.0,0.0,0,0.0,0.0,0.0,,0.0,,1948,2021,2966.5,9.0
CHN__PNG,CHN,PNG,0.0,0.0,0,0.0,0.0,0.0,,0.0,,1948,2021,5271.0,0.0
CHN__PRK,CHN,PRK,1.0,0.0,0,0.0,0.0,0.0,,0.0,,1948,2021,951.0,0.0
CHN__PRT,CHN,PRT,0.0,0.0,0,0.0,0.0,0.0,,0.0,,1948,2021,10732.0,0.0
CHN__PRY,CHN,PRY,0.0,0.0,0,0.0,0.0,0.0,,0.0,,1948,2021,19342.0,0.0
CHN__QAT,CHN,QAT,0.0,0.0,0,0.0,0.0,0.0,,0.0,,1948,2021,6786.0,8.0
CHN__RWA,CHN,RWA,0.0,0.0,0,0.0,0.0,0.0,,0.0,,1948,2021,10259.0,0.0
CHN__SAU,CHN,SAU,0.0,0.0,0,0.0,0.0,0.0,,0.0,,1948,2021,7649.5,793.0
CHN__SDN,CHN,SDN,0.0,0.0,0,0.0,0.0,0.0,,0.0,,1948,2021,9033.0,0.0
CHN__SEN,CHN,SEN,0.0,0.0,0,0.0,0.0,0.0,,0.0,,1948,2021,13301.0,0.0
CHN__SGP,CHN,SGP,0.0,0.0,0,0.0,1.0,1.0,,0.0,,1948,2021,3797.0,0.0
CHN__SLB,CHN,SLB,0.0,0.0,0,0.0,0.0,0.0,,0.0,,1948,2021,6090.0,0.0
CHN__SLE,CHN,SLE,0.0,0.0,0,0.0,0.0,0.0,,0.0,,1948,2021,13494.0,0.0
CHN__SLV,CHN,SLV,0.0,0.0,0,0.0,0.0,0.0,,0.0,,1948,2021,14061.0,0.0
CHN__SOM,CHN,SOM,0.0,0.0,0,0.0,0.0,0.0,,0.0,,1948,2021,8576.0,0.0
CHN__SSD,CHN,SSD,0.0,0.0,0,0.0,0.0,0.0,,0.0,,1948,2021,9725.0,0.0
CHN__STP,CHN,STP,0.0,0.0,0,0.0,0.0,0.0,,0.0,,1948,2021,12329.0,0.0
CHN__SUR,CHN,SUR,0.0,0.0,0,0.0,0.0,0.0,,0.0,,1948,2021,15884.0,0.0
CHN__SWZ,CHN,SWZ,0.0,0.0,0,0.0,0.0,0.0,,0.0,,1948,2021,11507.0,0.0
CHN__SYC,CHN,SYC,0.0,0.0,0,0.0,0.0,0.0,,0.0,,1948,2021,8033.0,0.0
CHN__SYR,CHN,SYR,0.0,0.0,0,0.0,0.0,0.0,,0.0,,1948,2021,7672.5,193.0
CHN__TCD,CHN,TCD,0.0,0.0,0,0.0,0.0,0.0,,0.0,,1948,2021,10837.0,0.0
CHN__TGO,CHN,TGO,0.0,0.0,0,0.0,0.0,0.0,,0.0,,1948,2021,12455.0,0.0
CHN__THA,CHN,THA,0.0,0.0,0,0.0,0.0,0.0,,0.0,,1948,2021,2887.0,0.0
CHN__TJK,CHN,TJK,1.0,0.0,0,0.0,0.0,0.0,,0.0,,1948,2021,4818.0,0.0
CHN__TKM,CHN,TKM,0.0,0.0,0,0.0,0.0,0.0,,0.0,,1948,2021,5725.0,0.0
CHN__TLS,CHN,TLS,0.0,0.0,0,0.0,0.0,0.0,,0.0,,1948,2021,4424.0,0.0
CHN__TON,CHN,TON,0.0,0.0,0,0.0,0.0,0.0,,0.0,,1948,2021,8901.0,0.0
CHN__TTO,CHN,TTO,0.0,0.0,0,0.0,0.0,0.0,,0.0,,1948,2021,15358.0,0.0
CHN__TUN,CHN,TUN,0.0,0.0,0,0.0,0.0,0.0,,0.0,,1948,2021,9632.0,0.0
CHN__TUR,CHN,TUR,0.0,0.0,0,0.0,0.0,0.0,,0.0,,1948,2021,8004.0,0.0
CHN__TUV,CHN,TUV,0.0,0.0,0,0.0,0.0,0.0,,0.0,,1948,2021,7555.0,0.0
CHN__TWN,CHN,TWN,0.0,0.0,0,,1.0,1.0,,0.0,,1948,2021,686.0,4.0
CHN__TZA,CHN,TZA,0.0,0.0,0,0.0,0.0,0.0,,0.0,,1948,2021,9666.0,0.0
CHN__UGA,CHN,UGA,0.0,0.0,0,0.0,0.0,0.0,,0.0,,1948,2021,9889.0,0.0
CHN__URY,CHN,URY,0.0,0.0,0,0.0,0.0,0.0,,0.0,,1948,2021,19551.0,0.0
CHN__USA,CHN,USA,0.0,0.0,0,0.0,0.0,0.0,,0.0,,1948,2021,11883.0,0.0
CHN__UZB,CHN,UZB,0.0,0.0,0,0.0,0.0,0.0,,0.0,,1948,2021,4752.0,0.0
CHN__VCT,CHN,VCT,0.0,0.0,0,0.0,0.0,0.0,,0.0,,1948,2021,15085.0,0.0
CHN__VEN,CHN,VEN,0.0,0.0,0,0.0,0.0,0.0,,0.0,,1948,2021,15304.0,0.0
CHN__VNM,CHN,VNM,1.0,0.0,0,0.0,0.0,0.0,,0.0,,1948,2021,2732.0,0.0
CHN__VUT,CHN,VUT,0.0,0.0,0,0.0,0.0,0.0,,0.0,,1948,2021,7378.0,0.0
CHN__WSM,CHN,WSM,0.0,0.0,0,0.0,0.0,0.0,,0.0,,1948,2021,8696.0,0.0
CHN__YEM,CHN,YEM,0.0,0.0,0,0.0,0.0,0.0,,0.0,,1948,2021,8022.0,148.0
CHN__ZAF,CHN,ZAF,0.0,0.0,0,0.0,0.0,0.0,,0.0,,1948,2021,12373.0,1196.0
CHN__ZMB,CHN,ZMB,0.0,0.0,0,0.0,0.0,0.0,,0.0,,1948,2021,11115.5,135.0
CHN__ZWE,CHN,ZWE,0.0,0.0,0,0.0,0.0,0.0,,0.0,,1948,2021,11058.0,0.0
CIV__CMR,CIV,CMR,0.0,0.0,0,1.0,1.0,1.0,,1.0,,1948,2021,1631.0,202.0
CIV__COD,CIV,COD,0.0,0.0,0,0.0,1.0,1.0,,0.0,,1948,2021,2402.0,0.0
CIV__COG,CIV,COG,0.0,0.0,0,1.0,1.0,1.0,,1.0,,1948,2021,2396.0,0.0
CIV__COL,CIV,COL,0.0,0.0,0,0.0,0.0,0.0,,0.0,,1948,2021,7765.0,0.0
CIV__COM,CIV,COM,0.0,0.0,0,1.0,1.0,1.0,,1.0,,1948,2021,5564.0,0.0
CIV__CPV,CIV,CPV,0.0,0.0,0,0.0,0.0,0.0,,0.0,,1948,2021,2381.0,0.0
CIV__CRI,CIV,CRI,0.0,0.0,0,0.0,0.0,0.0,,0.0,,1948,2021,8829.0,0.0
CIV__CUB,CIV,CUB,0.0,0.0,0,0.0,0.0,0.0,,0.0,,1948,2021,8593.0,0.0
CIV__CYP,CIV,CYP,0.0,0.0,0,0.0,0.0,0.0,,0.0,,1948,2021,5060.0,0.0
CIV__DEU,CIV,DEU,0.0,0.0,0,0.0,0.0,0.0,,0.0,,1948,2021,5470.0,0.0
CIV__DJI,CIV,DJI,0.0,0.0,0,1.0,1.0,1.0,,1.0,,1948,2021,5234.0,0.0
CIV__DMA,CIV,DMA,0.0,0.0,0,0.0,0.0,1.0,,0.0,,1948,2021,6361.0,0.0
CIV__DOM,CIV,DOM,0.0,0.0,0,1.0,0.0,0.0,,0.0,,1948,2021,7285.0,0.0
CIV__DZA,CIV,DZA,0.0,0.0,0,1.0,1.0,1.0,,1.0,,1948,2021,3552.0,0.0
CIV__ECU,CIV,ECU,0.0,0.0,0,0.0,0.0,0.0,,0.0,,1948,2021,8477.0,0.0
CIV__EGY,CIV,EGY,0.0,0.0,0,0.0,0.0,0.0,,0.0,,1948,2021,4598.0,0.0
CIV__ERI,CIV,ERI,0.0,0.0,0,0.0,0.0,0.0,,0.0,,1948,2021,4823.0,0.0
CIV__ESP,CIV,ESP,0.0,0.0,0,0.0,0.0,0.0,,0.0,,1948,2021,3962.5,155.0
CIV__ETH,CIV,ETH,0.0,0.0,0,0.0,0.0,0.0,,0.0,,1948,2021,4739.0,0.0
CIV__FJI,CIV,FJI,0.0,0.0,0,0.0,0.0,0.0,,0.0,,1948,2021,18564.0,0.0
CIV__FRA,CIV,FRA,0.0,1.0,1,0.0,1.0,1.0,0.0,0.0,1960.0,1948,2021,4860.0,0.0
CIV__FSM,CIV,FSM,0.0,0.0,0,0.0,0.0,0.0,,0.0,,1948,2021,17627.0,0.0
CIV__GAB,CIV,GAB,0.0,0.0,0,1.0,1.0,1.0,,1.0,,1948,2021,1595.0,0.0
CIV__GBR,CIV,GBR,0.0,0.0,0,0.0,0.0,0.0,,0.0,,1948,2021,5130.0,0.0
CIV__GEO,CIV,GEO,0.0,0.0,0,0.0,0.0,0.0,,0.0,,1948,2021,6286.0,0.0
CIV__GHA,CIV,GHA,1.0,0.0,0,0.0,0.0,0.0,,0.0,,1948,2021,365.0,120.0
CIV__GIN,CIV,GIN,1.0,0.0,0,1.0,1.0,1.0,,1.0,,1948,2021,1160.0,0.0
CIV__GMB,CIV,GMB,0.0,0.0,0,0.0,0.0,0.0,,0.0,,1948,2021,1653.0,0.0
CIV__GNB,CIV,GNB,0.0,0.0,0,0.0,0.0,0.0,,0.0,,1948,2021,1463.0,0.0
CIV__GNQ,CIV,GNQ,0.0,0.0,0,0.0,0.0,1.0,,0.0,,1948,2021,1580.0,0.0
CIV__GRD,CIV,GRD,0.0,0.0,0,0.0,0.0,0.0,,0.0,,1948,2021,6385.0,0.0
CIV__GTM,CIV,GTM,0.0,0.0,0,0.0,0.0,0.0,,0.0,,1948,2021,9494.0,0.0
CIV__GUY,CIV,GUY,0.0,0.0,0,0.0,0.0,0.0,,0.0,,1948,2021,5991.0,0.0
CIV__HND,CIV,HND,0.0,0.0,0,0.0,0.0,0.0,,0.0,,1948,2021,9140.0,0.0
CIV__HTI,CIV,HTI,0.0,0.0,0,1.0,0.0,1.0,,0.0,,1948,2021,7542.0,0.0
CIV__IDN,CIV,IDN,0.0,0.0,0,0.0,0.0,0.0,,0.0,,1948,2021,12385.0,0.0
CIV__IND,CIV,IND,0.0,0.0,0,0.0,0.0,0.0,,0.0,,1948,2021,9242.0,1586.0
CIV__IRN,CIV,IRN,0.0,0.0,0,0.0,0.0,0.0,,0.0,,1948,2021,6576.0,0.0
CIV__IRQ,CIV,IRQ,0.0,0.0,0,0.0,0.0,0.0,,0.0,,1948,2021,5882.0,0.0
CIV__ISR,CIV,ISR,0.0,0.0,0,0.0,1.0,0.0,,0.0,,1948,2021,5003.0,0.0
CIV__ITA,CIV,ITA,0.0,0.0,0,0.0,0.0,0.0,,0.0,,1948,2021,4367.0,0.0
CIV__JAM,CIV,JAM,0.0,0.0,0,0.0,0.0,0.0,,0.0,,1948,2021,8013.0,0.0
CIV__JOR,CIV,JOR,0.0,0.0,0,0.0,0.0,0.0,,0.0,,1948,2021,5094.0,0.0
CIV__JPN,CIV,JPN,0.0,0.0,0,0.0,0.0,0.0,,0.0,,1948,2021,14101.0,0.0
CIV__KAZ,CIV,KAZ,0.0,0.0,0,0.0,0.0,0.0,,0.0,,1948,2021,8871.0,0.0
CIV__KEN,CIV,KEN,0.0,0.0,0,0.0,0.0,0.0,,0.0,,1948,2021,4600.0,0.0
CIV__KGZ,CIV,KGZ,0.0,0.0,0,0.0,0.0,0.0,,0.0,,1948,2021,8680.0,0.0
CIV__KHM,CIV,KHM,0.0,0.0,0,1.0,0.0,0.0,,1.0,,1948,2021,11949.0,0.0
CIV__KIR,CIV,KIR,0.0,0.0,0,0.0,0.0,0.0,,0.0,,1948,2021,19200.0,0.0
CIV__KNA,CIV,KNA,0.0,0.0,0,0.0,0.0,0.0,,0.0,,1948,2021,6518.0,0.0
CIV__KOR,CIV,KOR,0.0,0.0,0,0.0,0.0,0.0,,0.0,,1948,2021,13073.0,0.0
CIV__KWT,CIV,KWT,0.0,0.0,0,0.0,0.0,0.0,,0.0,,1948,2021,6069.0,0.0
CIV__LAO,CIV,LAO,0.0,0.0,0,1.0,0.0,0.0,,1.0,,1948,2021,11580.0,0.0
CIV__LBN,CIV,LBN,0.0,0.0,0,1.0,1.0,1.0,,0.0,,1948,2021,5157.0,0.0
CIV__LBR,CIV,LBR,1.0,0.0,0,0.0,0.0,0.0,,0.0,,1948,2021,757.0,0.0
CIV__LBY,CIV,LBY,0.0,0.0,0,0.0,0.0,0.0,,0.0,,1948,2021,3533.0,0.0
CIV__LCA,CIV,LCA,0.0,0.0,0,0.0,0.0,0.0,,0.0,,1948,2021,6310.0,0.0
CIV__LKA,CIV,LKA,0.0,0.0,0,0.0,0.0,0.0,,0.0,,1948,2021,9273.0,0.0
CIV__LSO,CIV,LSO,0.0,0.0,0,0.0,0.0,0.0,,0.0,,1948,2021,5105.0,0.0
CIV__MAR,CIV,MAR,0.0,0.0,0,1.0,1.0,1.0,,1.0,,1948,2021,3149.0,0.0
CIV__MDG,CIV,MDG,0.0,0.0,0,1.0,1.0,1.0,,1.0,,1948,2021,6257.0,0.0
CIV__MDV,CIV,MDV,0.0,0.0,0,0.0,0.0,0.0,,0.0,,1948,2021,8597.0,0.0
CIV__MEX,CIV,MEX,0.0,0.0,0,0.0,0.0,0.0,,0.0,,1948,2021,10355.0,0.0
CIV__MHL,CIV,MHL,0.0,0.0,0,0.0,0.0,0.0,,0.0,,1948,2021,18541.0,0.0
CIV__MLI,CIV,MLI,1.0,0.0,0,1.0,0.0,1.0,,1.0,,1948,2021,918.0,0.0
CIV__MMR,CIV,MMR,0.0,0.0,0,0.0,0.0,0.0,,0.0,,1948,2021,10925.0,0.0
CIV__MNG,CIV,MNG,0.0,0.0,0,0.0,0.0,0.0,,0.0,,1948,2021,11099.0,0.0
CIV__MOZ,CIV,MOZ,0.0,0.0,0,0.0,0.0,0.0,,0.0,,1948,2021,5250.5,11.0
CIV__MRT,CIV,MRT,0.0,0.0,0,1.0,0.0,0.0,,1.0,,1948,2021,1917.0,0.0
CIV__MUS,CIV,MUS,0.0,0.0,0,1.0,1.0,1.0,,0.0,,1948,2021,7293.0,0.0
CIV__MWI,CIV,MWI,0.0,0.0,0,0.0,0.0,0.0,,0.0,,1948,2021,4793.0,204.0
CIV__MYS,CIV,MYS,0.0,0.0,0,0.0,0.0,0.0,,0.0,,1948,2021,11854.5,261.0
CIV__NAM,CIV,NAM,0.0,0.0,0,0.0,0.0,0.0,,0.0,,1948,2021,3849.0,0.0
CIV__NER,CIV,NER,0.0,0.0,0,1.0,1.0,1.0,,1.0,,1948,2021,1127.0,0.0
CIV__NGA,CIV,NGA,0.0,0.0,0,0.0,0.0,0.0,,0.0,,1948,2021,868.0,74.0
CIV__NIC,CIV,NIC,0.0,0.0,0,0.0,0.0,0.0,,0.0,,1948,2021,9050.0,0.0
CIV__NLD,CIV,NLD,0.0,0.0,0,0.0,0.0,0.0,,0.0,,1948,2021,5250.5,55.0
CIV__NPL,CIV,NPL,0.0,0.0,0,0.0,0.0,0.0,,0.0,,1948,2021,9677.0,0.0
CIV__NRU,CIV,NRU,0.0,0.0,0,0.0,0.0,0.0,,0.0,,1948,2021,18891.0,0.0
CIV__NZL,CIV,NZL,0.0,0.0,0,0.0,0.0,0.0,,0.0,,1948,2021,16511.0,0.0
CIV__OMN,CIV,OMN,0.0,0.0,0,0.0,0.0,0.0,,0.0,,1948,2021,6990.0,0.0
CIV__PAK,CIV,PAK,0.0,0.0,0,0.0,0.0,0.0,,0.0,,1948,2021,7861.0,0.0
CIV__PAN,CIV,PAN,0.0,0.0,0,0.0,0.0,0.0,,0.0,,1948,2021,8335.0,0.0
CIV__PER,CIV,PER,0.0,0.0,0,0.0,0.0,0.0,,0.0,,1948,2021,8304.0,0.0
CIV__PHL,CIV,PHL,0.0,0.0,0,0.0,0.0,0.0,,0.0,,1948,2021,13576.0,0.0
CIV__PLW,CIV,PLW,0.0,0.0,0,0.0,0.0,0.0,,0.0,,1948,2021,15222.0,10.0
CIV__PNG,CIV,PNG,0.0,0.0,0,0.0,0.0,0.0,,0.0,,1948,2021,16827.0,0.0
CIV__PRK,CIV,PRK,0.0,0.0,0,0.0,0.0,0.0,,0.0,,1948,2021,12896.0,0.0
CIV__PRT,CIV,PRT,0.0,0.0,0,0.0,0.0,0.0,,0.0,,1948,2021,3732.0,0.0
CIV__PRY,CIV,PRY,0.0,0.0,0,0.0,0.0,0.0,,0.0,,1948,2021,6712.0,0.0
CIV__QAT,CIV,QAT,0.0,0.0,0,0.0,0.0,0.0,,0.0,,1948,2021,6303.5,9.0
CIV__RWA,CIV,RWA,0.0,0.0,0,0.0,1.0,1.0,,0.0,,1948,2021,3875.0,0.0
CIV__SAU,CIV,SAU,0.0,0.0,0,0.0,0.0,0.0,,0.0,,1948,2021,5433.0,772.0
CIV__SDN,CIV,SDN,0.0,0.0,0,0.0,0.0,0.0,,0.0,,1948,2021,4151.0,0.0
CIV__SEN,CIV,SEN,0.0,0.0,0,1.0,1.0,1.0,,1.0,,1948,2021,1797.0,0.0
CIV__SGP,CIV,SGP,0.0,0.0,0,0.0,0.0,0.0,,0.0,,1948,2021,11985.0,0.0
CIV__SLB,CIV,SLB,0.0,0.0,0,0.0,0.0,0.0,,0.0,,1948,2021,18209.0,0.0
CIV__SLE,CIV,SLE,0.0,0.0,0,0.0,0.0,0.0,,0.0,,1948,2021,1075.0,0.0
CIV__SLV,CIV,SLV,0.0,0.0,0,0.0,0.0,0.0,,0.0,,1948,2021,9357.0,0.0
CIV__SOM,CIV,SOM,0.0,0.0,0,0.0,0.0,0.0,,0.0,,1948,2021,5495.0,0.0
CIV__SSD,CIV,SSD,0.0,0.0,0,0.0,0.0,0.0,,0.0,,1948,2021,3948.0,0.0
CIV__STP,CIV,STP,0.0,0.0,0,0.0,0.0,0.0,,0.0,,1948,2021,1317.0,0.0
CIV__SUR,CIV,SUR,0.0,0.0,0,0.0,0.0,0.0,,0.0,,1948,2021,5664.0,0.0
CIV__SWZ,CIV,SWZ,0.0,0.0,0,0.0,0.0,0.0,,0.0,,1948,2021,5162.0,0.0
CIV__SYC,CIV,SYC,0.0,0.0,0,1.0,1.0,1.0,,0.0,,1948,2021,6703.0,0.0
CIV__SYR,CIV,SYR,0.0,0.0,0,1.0,0.0,0.0,,1.0,,1948,2021,5309.0,212.0
CIV__TCD,CIV,TCD,0.0,0.0,0,1.0,0.0,1.0,,1.0,,1948,2021,2226.0,0.0
CIV__TGO,CIV,TGO,0.0,0.0,0,1.0,1.0,1.0,,1.0,,1948,2021,587.0,0.0
CIV__THA,CIV,THA,0.0,0.0,0,0.0,0.0,0.0,,0.0,,1948,2021,11440.0,0.0
CIV__TJK,CIV,TJK,0.0,0.0,0,0.0,0.0,0.0,,0.0,,1948,2021,8148.0,0.0
CIV__TKM,CIV,TKM,0.0,0.0,0,0.0,0.0,0.0,,0.0,,1948,2021,7241.0,0.0
CIV__TLS,CIV,TLS,0.0,0.0,0,0.0,0.0,0.0,,0.0,,1948,2021,14459.0,0.0
CIV__TON,CIV,TON,0.0,0.0,0,0.0,0.0,0.0,,0.0,,1948,2021,18021.0,0.0
CIV__TTO,CIV,TTO,0.0,0.0,0,0.0,0.0,0.0,,0.0,,1948,2021,6357.0,0.0
CIV__TUN,CIV,TUN,0.0,0.0,0,1.0,0.0,1.0,,1.0,,1948,2021,3774.0,0.0
CIV__TUR,CIV,TUR,0.0,0.0,0,0.0,0.0,0.0,,0.0,,1948,2021,5136.0,0.0
CIV__TUV,CIV,TUV,0.0,0.0,0,0.0,0.0,0.0,,0.0,,1948,2021,19519.0,0.0
CIV__TWN,CIV,TWN,0.0,0.0,0,0.0,0.0,0.0,,0.0,,1948,2021,13247.0,6.0
CIV__TZA,CIV,TZA,0.0,0.0,0,0.0,0.0,0.0,,0.0,,1948,2021,4995.0,0.0
CIV__UGA,CIV,UGA,0.0,0.0,0,0.0,0.0,0.0,,0.0,,1948,2021,4107.0,0.0
CIV__URY,CIV,URY,0.0,0.0,0,0.0,0.0,0.0,,0.0,,1948,2021,7039.0,0.0
CIV__USA,CIV,USA,0.0,0.0,0,1.0,0.0,0.0,,0.0,,1948,2021,7940.0,0.0
CIV__UZB,CIV,UZB,0.0,0.0,0,0.0,0.0,0.0,,0.0,,1948,2021,8221.0,0.0
CIV__VCT,CIV,VCT,0.0,0.0,0,0.0,0.0,0.0,,0.0,,1948,2021,6331.0,0.0
CIV__VEN,CIV,VEN,0.0,0.0,0,0.0,0.0,0.0,,0.0,,1948,2021,6944.0,0.0
CIV__VNM,CIV,VNM,0.0,0.0,0,1.0,0.0,0.0,,1.0,,1948,2021,12153.0,0.0
CIV__VUT,CIV,VUT,0.0,0.0,0,1.0,1.0,1.0,,1.0,,1948,2021,18409.0,0.0
CIV__WSM,CIV,WSM,0.0,0.0,0,0.0,0.0,0.0,,0.0,,1948,2021,18386.0,0.0
CIV__YEM,CIV,YEM,0.0,0.0,0,0.0,0.0,0.0,,0.0,,1948,2021,5314.5,141.0
CIV__ZAF,CIV,ZAF,0.0,0.0,0,0.0,0.0,0.0,,0.0,,1948,2021,4931.0,32.0
CIV__ZMB,CIV,ZMB,0.0,0.0,0,0.0,0.0,0.0,,0.0,,1948,2021,4164.5,147.0
CIV__ZWE,CIV,ZWE,0.0,0.0,0,0.0,0.0,0.0,,0.0,,1948,2021,4628.0,0.0
CMR__COD,CMR,COD,0.0,0.0,0,0.0,1.0,1.0,,0.0,,1948,2021,1058.5,117.0
CMR__COG,CMR,COG,1.0,0.0,0,1.0,1.0,1.0,,1.0,,1948,2021,1050.5,117.0
CMR__COL,CMR,COL,0.0,0.0,0,0.0,0.0,0.0,,0.0,,1948,2021,9396.0,202.0
CMR__COM,CMR,COM,0.0,0.0,0,1.0,1.0,1.0,,1.0,,1948,2021,4008.0,190.0
CMR__CPV,CMR,CPV,0.0,0.0,0,0.0,0.0,0.0,,0.0,,1948,2021,3931.0,196.0
CMR__CRI,CMR,CRI,0.0,0.0,0,0.0,0.0,0.0,,0.0,,1948,2021,10456.0,202.0
CMR__CUB,CMR,CUB,0.0,0.0,0,0.0,0.0,0.0,,0.0,,1948,2021,10150.5,193.0
CMR__CYP,CMR,CYP,0.0,0.0,0,0.0,0.0,0.0,,0.0,,1948,2021,4176.0,88.0
CMR__DEU,CMR,DEU,0.0,0.0,0,0.0,0.0,0.0,,0.0,,1948,2021,5391.0,12.0
CMR__DJI,CMR,DJI,0.0,0.0,0,1.0,1.0,1.0,,1.0,,1948,2021,3683.5,189.0
CMR__DMA,CMR,DMA,0.0,0.0,0,0.0,1.0,1.0,,0.0,,1948,2021,7970.5,199.0
CMR__DOM,CMR,DOM,0.0,0.0,0,1.0,0.0,0.0,,0.0,,1948,2021,8878.0,198.0
CMR__DZA,CMR,DZA,0.0,0.0,0,1.0,1.0,1.0,,1.0,,1948,2021,3714.0,58.0
CMR__ECU,CMR,ECU,0.0,0.0,0,0.0,0.0,0.0,,0.0,,1948,2021,10092.0,200.0
CMR__EGY,CMR,EGY,0.0,0.0,0,0.0,1.0,0.0,,0.0,,1948,2021,3613.0,98.0
CMR__ERI,CMR,ERI,0.0,0.0,0,0.0,1.0,1.0,,0.0,,1948,2021,3348.0,176.0
CMR__ESP,CMR,ESP,0.0,0.0,0,0.0,0.0,0.0,,0.0,,1948,2021,4265.5,123.0
CMR__ETH,CMR,ETH,0.0,0.0,0,0.0,0.0,1.0,,0.0,,1948,2021,3160.5,193.0
CMR__FJI,CMR,FJI,0.0,0.0,0,0.0,1.0,1.0,,0.0,,1948,2021,17961.5,141.0
CMR__FRA,CMR,FRA,0.0,1.0,1,0.0,1.0,1.0,0.0,0.0,1960.0,1948,2021,5038.0,46.0
CMR__FSM,CMR,FSM,0.0,0.0,0,0.0,1.0,1.0,,0.0,,1948,2021,16233.0,184.0
CMR__GAB,CMR,GAB,1.0,0.0,0,1.0,1.0,1.0,,1.0,,1948,2021,426.0,42.0
CMR__GBR,CMR,GBR,0.0,0.0,0,0.0,1.0,1.0,,0.0,,1948,2021,5365.5,51.0
CMR__GEO,CMR,GEO,0.0,0.0,0,0.0,0.0,0.0,,0.0,,1948,2021,5391.0,96.0
CMR__GHA,CMR,GHA,0.0,0.0,0,0.0,1.0,1.0,,0.0,,1948,2021,1300.5,379.0
CMR__GIN,CMR,GIN,0.0,0.0,0,1.0,1.0,1.0,,1.0,,1948,2021,2751.0,200.0
CMR__GMB,CMR,GMB,0.0,0.0,0,0.0,1.0,1.0,,0.0,,1948,2021,3177.5,195.0
CMR__GNB,CMR,GNB,0.0,0.0,0,0.0,0.0,0.0,,0.0,,1948,2021,3016.5,197.0
CMR__GNQ,CMR,GNQ,1.0,0.0,0,0.0,1.0,1.0,,0.0,,1948,2021,268.5,53.0
CMR__GRD,CMR,GRD,0.0,0.0,0,0.0,1.0,1.0,,0.0,,1948,2021,8007.5,201.0
CMR__GTM,CMR,GTM,0.0,0.0,0,0.0,0.0,0.0,,0.0,,1948,2021,11102.5,199.0
CMR__GUY,CMR,GUY,0.0,0.0,0,0.0,1.0,1.0,,0.0,,1948,2021,7622.5,203.0
CMR__HND,CMR,HND,0.0,0.0,0,0.0,0.0,0.0,,0.0,,1948,2021,10753.0,200.0
CMR__HTI,CMR,HTI,0.0,0.0,0,1.0,0.0,1.0,,0.0,,1948,2021,9134.5,197.0
CMR__IDN,CMR,IDN,0.0,0.0,0,0.0,0.0,0.0,,0.0,,1948,2021,10754.0,202.0
CMR__IND,CMR,IND,0.0,0.0,0,0.0,1.0,1.0,,0.0,,1948,2021,7865.0,1628.0
CMR__IRN,CMR,IRN,0.0,0.0,0,0.0,0.0,0.0,,0.0,,1948,2021,5466.0,128.0
CMR__IRQ,CMR,IRQ,0.0,0.0,0,0.0,0.0,0.0,,0.0,,1948,2021,4783.5,123.0
CMR__ISR,CMR,ISR,0.0,0.0,0,0.0,1.0,1.0,,0.0,,1948,2021,4008.0,102.0
CMR__ITA,CMR,ITA,0.0,0.0,0,0.0,0.0,0.0,,0.0,,1948,2021,4207.0,12.0
CMR__JAM,CMR,JAM,0.0,0.0,0,0.0,1.0,1.0,,0.0,,1948,2021,9608.0,198.0
CMR__JOR,CMR,JOR,0.0,0.0,0,0.0,1.0,0.0,,0.0,,1948,2021,4075.5,107.0
CMR__JPN,CMR,JPN,0.0,0.0,0,0.0,0.0,0.0,,0.0,,1948,2021,13141.0,130.0
CMR__KAZ,CMR,KAZ,0.0,0.0,0,0.0,0.0,0.0,,0.0,,1948,2021,7801.5,129.0
CMR__KEN,CMR,KEN,0.0,0.0,0,0.0,1.0,1.0,,0.0,,1948,2021,2972.5,201.0
CMR__KGZ,CMR,KGZ,0.0,0.0,0,0.0,0.0,0.0,,0.0,,1948,2021,7608.5,129.0
CMR__KHM,CMR,KHM,0.0,0.0,0,1.0,0.0,0.0,,1.0,,1948,2021,10398.5,193.0
CMR__KIR,CMR,KIR,0.0,0.0,0,0.0,1.0,1.0,,0.0,,1948,2021,17987.5,187.0
CMR__KNA,CMR,KNA,0.0,0.0,0,0.0,1.0,1.0,,0.0,,1948,2021,8117.0,198.0
CMR__KOR,CMR,KOR,0.0,0.0,0,0.0,1.0,0.0,,0.0,,1948,2021,12020.5,137.0
CMR__KWT,CMR,KWT,0.0,0.0,0,0.0,1.0,0.0,,0.0,,1948,2021,4840.0,142.0
CMR__LAO,CMR,LAO,0.0,0.0,0,1.0,0.0,0.0,,1.0,,1948,2021,10092.5,185.0
CMR__LBN,CMR,LBN,0.0,0.0,0,1.0,1.0,1.0,,0.0,,1948,2021,4199.5,99.0
CMR__LBR,CMR,LBR,0.0,0.0,0,0.0,1.0,1.0,,0.0,,1948,2021,2387.5,203.0
CMR__LBY,CMR,LBY,0.0,0.0,0,0.0,0.0,0.0,,0.0,,1948,2021,3214.0,4.0
CMR__LCA,CMR,LCA,0.0,0.0,0,0.0,1.0,1.0,,0.0,,1948,2021,7926.0,200.0
CMR__LKA,CMR,LKA,0.0,0.0,0,0.0,0.0,0.0,,0.0,,1948,2021,7674.0,198.0
CMR__LSO,CMR,LSO,0.0,0.0,0,0.0,1.0,1.0,,0.0,,1948,2021,4100.5,103.0
CMR__MAR,CMR,MAR,0.0,0.0,0,1.0,1.0,1.0,,1.0,,1948,2021,3788.0,112.0
CMR__MDG,CMR,MDG,0.0,0.0,0,1.0,1.0,1.0,,1.0,,1948,2021,4771.5,179.0
CMR__MDV,CMR,MDV,0.0,0.0,0,0.0,0.0,0.0,,0.0,,1948,2021,6982.0,200.0
CMR__MEX,CMR,MEX,0.0,0.0,0,0.0,0.0,0.0,,0.0,,1948,2021,11928.5,195.0
CMR__MHL,CMR,MHL,0.0,0.0,0,0.0,1.0,1.0,,0.0,,1948,2021,17567.0,164.0
CMR__MLI,CMR,MLI,0.0,0.0,0,1.0,0.0,1.0,,1.0,,1948,2021,2262.5,189.0
CMR__MMR,CMR,MMR,0.0,0.0,0,0.0,0.0,0.0,,0.0,,1948,2021,9417.5,187.0
CMR__MNG,CMR,MNG,0.0,0.0,0,0.0,0.0,0.0,,0.0,,1948,2021,10152.5,119.0
CMR__MOZ,CMR,MOZ,0.0,0.0,0,0.0,0.0,0.0,,0.0,,1948,2021,4068.5,139.0
CMR__MRT,CMR,MRT,0.0,0.0,0,1.0,0.0,0.0,,1.0,,1948,2021,3291.5,183.0
CMR__MUS,CMR,MUS,0.0,0.0,0,1.0,1.0,1.0,,0.0,,1948,2021,5776.5,185.0
CMR__MWI,CMR,MWI,0.0,0.0,0,0.0,1.0,1.0,,0.0,,1948,2021,3349.5,395.0
CMR__MYS,CMR,MYS,0.0,0.0,0,0.0,0.0,0.0,,0.0,,1948,2021,10241.5,455.0
CMR__NAM,CMR,NAM,0.0,0.0,0,0.0,1.0,1.0,,0.0,,1948,2021,3018.0,66.0
CMR__NER,CMR,NER,0.0,0.0,0,1.0,1.0,1.0,,1.0,,1948,2021,1412.5,147.0
CMR__NGA,CMR,NGA,1.0,0.0,0,0.0,1.0,1.0,,0.0,,1948,2021,843.5,203.0
CMR__NIC,CMR,NIC,0.0,0.0,0,0.0,0.0,0.0,,0.0,,1948,2021,10670.5,201.0
CMR__NLD,CMR,NLD,0.0,0.0,0,0.0,0.0,0.0,,0.0,,1948,2021,5370.5,83.0
CMR__NPL,CMR,NPL,0.0,0.0,0,0.0,0.0,0.0,,0.0,,1948,2021,8305.5,169.0
CMR__NRU,CMR,NRU,0.0,0.0,0,0.0,1.0,1.0,,0.0,,1948,2021,17373.5,197.0
CMR__NZL,CMR,NZL,0.0,0.0,0,0.0,1.0,1.0,,0.0,,1948,2021,16019.5,93.0
CMR__OMN,CMR,OMN,0.0,0.0,0,0.0,0.0,0.0,,0.0,,1948,2021,5589.5,169.0
CMR__PAK,CMR,PAK,0.0,0.0,0,0.0,1.0,1.0,,0.0,,1948,2021,6461.0,170.0
CMR__PAN,CMR,PAN,0.0,0.0,0,0.0,0.0,0.0,,0.0,,1948,2021,9964.0,202.0
CMR__PER,CMR,PER,0.0,0.0,0,0.0,0.0,0.0,,0.0,,1948,2021,9852.5,193.0
CMR__PHL,CMR,PHL,0.0,0.0,0,0.0,1.0,1.0,,0.0,,1948,2021,12087.5,187.0
CMR__PLW,CMR,PLW,0.0,0.0,0,0.0,1.0,1.0,,0.0,,1948,2021,13683.0,206.0
CMR__PNG,CMR,PNG,0.0,0.0,0,0.0,1.0,1.0,,0.0,,1948,2021,15200.0,202.0
CMR__PRK,CMR,PRK,0.0,0.0,0,0.0,0.0,0.0,,0.0,,1948,2021,11865.0,134.0
CMR__PRT,CMR,PRT,0.0,0.0,0,0.0,0.0,0.0,,0.0,,1948,2021,4339.0,102.0
CMR__PRY,CMR,PRY,0.0,0.0,0,0.0,0.0,0.0,,0.0,,1948,2021,8037.0,168.0
CMR__QAT,CMR,QAT,0.0,0.0,0,0.0,0.0,0.0,,0.0,,1948,2021,4962.5,167.0
CMR__RWA,CMR,RWA,0.0,0.0,0,0.0,1.0,1.0,,0.0,,1948,2021,2260.0,198.0
CMR__SAU,CMR,SAU,0.0,0.0,0,0.0,0.0,0.0,,0.0,,1948,2021,4175.5,793.0
CMR__SDN,CMR,SDN,0.0,0.0,0,0.0,0.0,0.0,,0.0,,1948,2021,2722.5,165.0
CMR__SEN,CMR,SEN,0.0,0.0,0,1.0,1.0,1.0,,1.0,,1948,2021,3297.5,193.0
CMR__SGP,CMR,SGP,0.0,0.0,0,0.0,1.0,1.0,,0.0,,1948,2021,10368.5,201.0
CMR__SLB,CMR,SLB,0.0,0.0,0,0.0,0.0,1.0,,0.0,,1948,2021,16594.5,201.0
CMR__SLE,CMR,SLE,0.0,0.0,0,0.0,1.0,1.0,,0.0,,1948,2021,2684.5,201.0
CMR__SLV,CMR,SLV,0.0,0.0,0,0.0,0.0,0.0,,0.0,,1948,2021,10970.0,200.0
CMR__SOM,CMR,SOM,0.0,0.0,0,0.0,0.0,1.0,,0.0,,1948,2021,3867.0,202.0
CMR__SSD,CMR,SSD,0.0,0.0,0,0.0,0.0,0.0,,0.0,,1948,2021,2330.0,200.0
CMR__STP,CMR,STP,0.0,0.0,0,0.0,0.0,0.0,,0.0,,1948,2021,593.5,133.0
CMR__SUR,CMR,SUR,0.0,0.0,0,0.0,0.0,0.0,,0.0,,1948,2021,7295.0,202.0
CMR__SWZ,CMR,SWZ,0.0,0.0,0,0.0,0.0,1.0,,0.0,,1948,2021,4014.5,125.0
CMR__SYC,CMR,SYC,0.0,0.0,0,1.0,1.0,1.0,,0.0,,1948,2021,5076.0,202.0
CMR__SYR,CMR,SYR,0.0,0.0,0,1.0,0.0,0.0,,1.0,,1948,2021,4354.0,368.0
CMR__TCD,CMR,TCD,1.0,0.0,0,1.0,0.0,1.0,,1.0,,1948,2021,1029.5,77.0
CMR__TGO,CMR,TGO,0.0,0.0,0,1.0,1.0,1.0,,1.0,,1948,2021,1069.5,201.0
CMR__THA,CMR,THA,0.0,0.0,0,0.0,0.0,0.0,,0.0,,1948,2021,9905.5,191.0
CMR__TJK,CMR,TJK,0.0,0.0,0,0.0,0.0,0.0,,0.0,,1948,2021,7000.5,137.0
CMR__TKM,CMR,TKM,0.0,0.0,0,0.0,0.0,0.0,,0.0,,1948,2021,6131.5,129.0
CMR__TLS,CMR,TLS,0.0,0.0,0,0.0,0.0,0.0,,0.0,,1948,2021,12828.0,202.0
CMR__TON,CMR,TON,0.0,0.0,0,0.0,0.0,1.0,,0.0,,1948,2021,18002.5,79.0
CMR__TTO,CMR,TTO,0.0,0.0,0,0.0,1.0,1.0,,0.0,,1948,2021,7984.0,202.0
CMR__TUN,CMR,TUN,0.0,0.0,0,1.0,0.0,1.0,,1.0,,1948,2021,3640.0,22.0
CMR__TUR,CMR,TUR,0.0,0.0,0,0.0,0.0,0.0,,0.0,,1948,2021,4496.5,55.0
CMR__TUV,CMR,TUV,0.0,0.0,0,0.0,0.0,0.0,,0.0,,1948,2021,18672.5,193.0
CMR__TWN,CMR,TWN,0.0,0.0,0,0.0,0.0,0.0,,0.0,,1948,2021,11916.0,176.0
CMR__TZA,CMR,TZA,0.0,0.0,0,0.0,0.0,1.0,,0.0,,1948,2021,3400.5,195.0
CMR__UGA,CMR,UGA,0.0,0.0,0,0.0,1.0,1.0,,0.0,,1948,2021,2477.0,202.0
CMR__URY,CMR,URY,0.0,0.0,0,0.0,0.0,0.0,,0.0,,1948,2021,8175.0,146.0
CMR__USA,CMR,USA,0.0,0.0,0,1.0,1.0,1.0,,0.0,,1948,2021,9272.0,166.0
CMR__UZB,CMR,UZB,0.0,0.0,0,0.0,0.0,0.0,,0.0,,1948,2021,7131.0,130.0
CMR__VCT,CMR,VCT,0.0,0.0,0,0.0,1.0,1.0,,0.0,,1948,2021,7950.5,201.0
CMR__VEN,CMR,VEN,0.0,0.0,0,0.0,0.0,0.0,,0.0,,1948,2021,8571.0,202.0
CMR__VNM,CMR,VNM,0.0,0.0,0,1.0,0.0,0.0,,1.0,,1948,2021,10597.0,194.0
CMR__VUT,CMR,VUT,0.0,0.0,0,1.0,1.0,1.0,,1.0,,1948,2021,17158.0,178.0
CMR__WSM,CMR,WSM,0.0,0.0,0,0.0,1.0,1.0,,0.0,,1948,2021,18878.5,63.0
CMR__YEM,CMR,YEM,0.0,0.0,0,0.0,0.0,0.0,,0.0,,1948,2021,3889.5,181.0
CMR__ZAF,CMR,ZAF,0.0,0.0,0,0.0,1.0,1.0,,0.0,,1948,2021,4038.0,528.0
CMR__ZMB,CMR,ZMB,0.0,0.0,0,0.0,1.0,1.0,,0.0,,1948,2021,2869.0,202.0
CMR__ZWE,CMR,ZWE,0.0,0.0,0,0.0,1.0,1.0,,0.0,,1948,2021,3294.0,150.0
COD__COG,COD,COG,1.0,0.0,0,0.0,1.0,1.0,,0.0,,1948,2021,8.0,0.0
COD__COL,COD,COL,0.0,0.0,0,0.0,0.0,0.0,,0.0,,1948,2021,9990.0,0.0
COD__COM,COD,COM,0.0,0.0,0,0.0,1.0,1.0,,0.0,,1948,2021,3184.0,0.0
COD__CPV,COD,CPV,0.0,0.0,0,0.0,0.0,0.0,,0.0,,1948,2021,4782.0,0.0
COD__CRI,COD,CRI,0.0,0.0,0,0.0,0.0,0.0,,0.0,,1948,2021,11129.0,0.0
COD__CUB,COD,CUB,0.0,0.0,0,0.0,0.0,0.0,,0.0,,1948,2021,10990.0,0.0
COD__CYP,COD,CYP,0.0,0.0,0,0.0,0.0,0.0,,0.0,,1948,2021,4762.0,0.0
COD__DEU,COD,DEU,0.0,0.0,0,0.0,0.0,0.0,,0.0,,1948,2021,6303.0,0.0
COD__DJI,COD,DJI,0.0,0.0,0,0.0,1.0,1.0,,0.0,,1948,2021,3549.0,0.0
COD__DMA,COD,DMA,0.0,0.0,0,0.0,0.0,1.0,,0.0,,1948,2021,8723.0,0.0
COD__DOM,COD,DOM,0.0,0.0,0,0.0,0.0,0.0,,0.0,,1948,2021,9665.0,0.0
COD__DZA,COD,DZA,0.0,0.0,0,0.0,1.0,1.0,,0.0,,1948,2021,4723.0,0.0
COD__ECU,COD,ECU,0.0,0.0,0,0.0,0.0,0.0,,0.0,,1948,2021,10579.0,0.0
COD__EGY,COD,EGY,0.0,0.0,0,0.0,0.0,0.0,,0.0,,1948,2021,4165.0,0.0
COD__ERI,COD,ERI,0.0,0.0,0,0.0,0.0,0.0,,0.0,,1948,2021,3392.0,0.0
COD__ESP,COD,ESP,0.0,0.0,0,0.0,0.0,0.0,,0.0,,1948,2021,5278.5,85.0
COD__ETH,COD,ETH,0.0,0.0,0,0.0,0.0,0.0,,0.0,,1948,2021,2990.0,0.0
COD__FJI,COD,FJI,0.0,0.0,0,0.0,0.0,0.0,,0.0,,1948,2021,16916.0,0.0
COD__FRA,COD,FRA,0.0,0.0,0,0.0,1.0,1.0,,0.0,,1948,2021,6025.0,0.0
COD__FSM,COD,FSM,0.0,0.0,0,0.0,0.0,0.0,,0.0,,1948,2021,15912.0,0.0
COD__GAB,COD,GAB,0.0,0.0,0,0.0,1.0,1.0,,0.0,,1948,2021,835.0,0.0
COD__GBR,COD,GBR,0.0,0.0,0,0.0,0.0,0.0,,0.0,,1948,2021,6359.0,0.0
COD__GEO,COD,GEO,0.0,0.0,0,0.0,0.0,0.0,,0.0,,1948,2021,5910.0,0.0
COD__GHA,COD,GHA,0.0,0.0,0,0.0,0.0,0.0,,0.0,,1948,2021,2142.0,200.0
COD__GIN,COD,GIN,0.0,0.0,0,0.0,1.0,1.0,,0.0,,1948,2021,3561.0,0.0
COD__GMB,COD,GMB,0.0,0.0,0,0.0,0.0,0.0,,0.0,,1948,2021,4045.0,0.0
COD__GNB,COD,GNB,0.0,0.0,0,0.0,0.0,0.0,,0.0,,1948,2021,3862.0,0.0
COD__GNQ,COD,GNQ,0.0,0.0,0,0.0,0.0,1.0,,0.0,,1948,2021,922.0,0.0
COD__GRD,COD,GRD,0.0,0.0,0,0.0,0.0,0.0,,0.0,,1948,2021,8716.0,0.0
COD__GTM,COD,GTM,0.0,0.0,0,0.0,0.0,0.0,,0.0,,1948,2021,11843.0,0.0
COD__GUY,COD,GUY,0.0,0.0,0,0.0,0.0,0.0,,0.0,,1948,2021,8255.0,0.0
COD__HND,COD,HND,0.0,0.0,0,0.0,0.0,0.0,,0.0,,1948,2021,11484.0,0.0
COD__HTI,COD,HTI,0.0,0.0,0,0.0,0.0,1.0,,0.0,,1948,2021,9921.0,0.0
COD__IDN,COD,IDN,0.0,0.0,0,0.0,0.0,0.0,,0.0,,1948,2021,10136.0,0.0
COD__IND,COD,IND,0.0,0.0,0,0.0,0.0,0.0,,0.0,,1948,2021,7641.5,1655.0
COD__IRN,COD,IRN,0.0,0.0,0,0.0,0.0,0.0,,0.0,,1948,2021,5814.0,0.0
COD__IRQ,COD,IRQ,0.0,0.0,0,0.0,0.0,0.0,,0.0,,1948,2021,5174.0,0.0
COD__ISR,COD,ISR,0.0,0.0,0,0.0,1.0,0.0,,0.0,,1948,2021,4526.0,0.0
COD__ITA,COD,ITA,0.0,0.0,0,0.0,0.0,0.0,,0.0,,1948,2021,5127.0,0.0
COD__JAM,COD,JAM,0.0,0.0,0,0.0,0.0,0.0,,0.0,,1948,2021,10387.0,0.0
COD__JOR,COD,JOR,0.0,0.0,0,0.0,0.0,0.0,,0.0,,1948,2021,4571.0,0.0
COD__JPN,COD,JPN,0.0,0.0,0,0.0,0.0,0.0,,0.0,,1948,2021,13362.0,0.0
COD__KAZ,COD,KAZ,0.0,0.0,0,0.0,0.0,0.0,,0.0,,1948,2021,8101.0,0.0
COD__KEN,COD,KEN,0.0,0.0,0,0.0,1.0,0.0,,0.0,,1948,2021,2414.0,0.0
COD__KGZ,COD,KGZ,0.0,0.0,0,0.0,0.0,0.0,,0.0,,1948,2021,7912.0,0.0
COD__KHM,COD,KHM,0.0,0.0,0,0.0,0.0,0.0,,0.0,,1948,2021,10070.0,0.0
COD__KIR,COD,KIR,0.0,0.0,0,0.0,0.0,0.0,,0.0,,1948,2021,17532.0,0.0
COD__KNA,COD,KNA,0.0,0.0,0,0.0,0.0,0.0,,0.0,,1948,2021,8894.0,0.0
COD__KOR,COD,KOR,0.0,0.0,0,0.0,0.0,0.0,,0.0,,1948,2021,12210.0,0.0
COD__KWT,COD,KWT,0.0,0.0,0,0.0,0.0,0.0,,0.0,,1948,2021,5106.0,0.0
COD__LAO,COD,LAO,0.0,0.0,0,0.0,0.0,0.0,,0.0,,1948,2021,9878.0,0.0
COD__LBN,COD,LBN,0.0,0.0,0,0.0,1.0,1.0,,0.0,,1948,2021,4733.0,0.0
COD__LBR,COD,LBR,0.0,0.0,0,0.0,0.0,0.0,,0.0,,1948,2021,3131.0,0.0
COD__LBY,COD,LBY,0.0,0.0,0,0.0,0.0,0.0,,0.0,,1948,2021,4124.0,0.0
COD__LCA,COD,LCA,0.0,0.0,0,0.0,0.0,0.0,,0.0,,1948,2021,8661.0,0.0
COD__LKA,COD,LKA,0.0,0.0,0,0.0,0.0,0.0,,0.0,,1948,2021,7277.0,0.0
COD__LSO,COD,LSO,0.0,0.0,0,0.0,0.0,0.0,,0.0,,1948,2021,3049.0,0.0
COD__MAR,COD,MAR,0.0,0.0,0,0.0,1.0,1.0,,0.0,,1948,2021,4842.0,0.0
COD__MDG,COD,MDG,0.0,0.0,0,0.0,1.0,1.0,,0.0,,1948,2021,3855.0,0.0
COD__MDV,COD,MDV,0.0,0.0,0,0.0,0.0,0.0,,0.0,,1948,2021,6540.0,0.0
COD__MEX,COD,MEX,0.0,0.0,0,0.0,0.0,0.0,,0.0,,1948,2021,12742.0,0.0
COD__MHL,COD,MHL,0.0,0.0,0,0.0,0.0,0.0,,0.0,,1948,2021,17369.0,0.0
COD__MLI,COD,MLI,0.0,0.0,0,0.0,0.0,1.0,,0.0,,1948,2021,3190.0,0.0
COD__MMR,COD,MMR,0.0,0.0,0,0.0,0.0,0.0,,0.0,,1948,2021,9183.0,0.0
COD__MNG,COD,MNG,0.0,0.0,0,0.0,0.0,0.0,,0.0,,1948,2021,10481.0,0.0
COD__MOZ,COD,MOZ,0.0,0.0,0,0.0,0.0,0.0,,0.0,,1948,2021,3017.0,8.0
COD__MRT,COD,MRT,0.0,0.0,0,0.0,0.0,0.0,,0.0,,1948,2021,4236.0,0.0
COD__MUS,COD,MUS,0.0,0.0,0,0.0,1.0,1.0,,0.0,,1948,2021,4892.0,0.0
COD__MWI,COD,MWI,0.0,0.0,0,0.0,0.0,0.0,,0.0,,1948,2021,2395.5,209.0
COD__MYS,COD,MYS,0.0,0.0,0,0.0,0.0,0.0,,0.0,,1948,2021,9755.0,224.0
COD__NAM,COD,NAM,0.0,0.0,0,0.0,0.0,0.0,,0.0,,1948,2021,2026.0,0.0
COD__NER,COD,NER,0.0,0.0,0,0.0,1.0,1.0,,0.0,,1948,2021,2454.0,0.0
COD__NGA,COD,NGA,0.0,0.0,0,0.0,0.0,0.0,,0.0,,1948,2021,1797.5,31.0
COD__NIC,COD,NIC,0.0,0.0,0,0.0,0.0,0.0,,0.0,,1948,2021,11375.0,0.0
COD__NLD,COD,NLD,0.0,0.0,0,0.0,0.0,0.0,,0.0,,1948,2021,6338.5,43.0
COD__NPL,COD,NPL,0.0,0.0,0,0.0,0.0,0.0,,0.0,,1948,2021,8289.0,0.0
COD__NRU,COD,NRU,0.0,0.0,0,0.0,0.0,0.0,,0.0,,1948,2021,16832.0,0.0
COD__NZL,COD,NZL,0.0,0.0,0,0.0,0.0,0.0,,0.0,,1948,2021,14974.0,0.0
COD__OMN,COD,OMN,0.0,0.0,0,0.0,0.0,0.0,,0.0,,1948,2021,5621.0,0.0
COD__PAK,COD,PAK,0.0,0.0,0,0.0,0.0,0.0,,0.0,,1948,2021,6462.0,0.0
COD__PAN,COD,PAN,0.0,0.0,0,0.0,0.0,0.0,,0.0,,1948,2021,10623.0,0.0
COD__PER,COD,PER,0.0,0.0,0,0.0,0.0,0.0,,0.0,,1948,2021,10173.0,0.0
COD__PHL,COD,PHL,0.0,0.0,0,0.0,0.0,0.0,,0.0,,1948,2021,11824.0,0.0
COD__PLW,COD,PLW,0.0,0.0,0,0.0,0.0,0.0,,0.0,,1948,2021,13304.0,16.0
COD__PNG,COD,PNG,0.0,0.0,0,0.0,0.0,0.0,,0.0,,1948,2021,14482.0,0.0
COD__PRK,COD,PRK,0.0,0.0,0,0.0,0.0,0.0,,0.0,,1948,2021,12076.0,0.0
COD__PRT,COD,PRT,0.0,0.0,0,0.0,0.0,0.0,,0.0,,1948,2021,5390.0,0.0
COD__PRY,COD,PRY,0.0,0.0,0,0.0,0.0,0.0,,0.0,,1948,2021,8096.0,0.0
COD__QAT,COD,QAT,0.0,0.0,0,0.0,0.0,0.0,,0.0,,1948,2021,5098.5,7.0
COD__RWA,COD,RWA,1.0,0.0,0,0.0,1.0,1.0,,1.0,,1948,2021,1660.0,0.0
COD__SAU,COD,SAU,0.0,0.0,0,0.0,0.0,0.0,,0.0,,1948,2021,4290.5,769.0
COD__SDN,COD,SDN,1.0,0.0,0,0.0,0.0,0.0,,0.0,,1948,2021,2904.0,0.0
COD__SEN,COD,SEN,0.0,0.0,0,0.0,1.0,1.0,,0.0,,1948,2021,4182.0,0.0
COD__SGP,COD,SGP,0.0,0.0,0,0.0,0.0,0.0,,0.0,,1948,2021,9867.0,0.0
COD__SLB,COD,SLB,0.0,0.0,0,0.0,0.0,0.0,,0.0,,1948,2021,15825.0,0.0
COD__SLE,COD,SLE,0.0,0.0,0,0.0,0.0,0.0,,0.0,,1948,2021,3471.0,0.0
COD__SLV,COD,SLV,0.0,0.0,0,0.0,0.0,0.0,,0.0,,1948,2021,11698.0,0.0
COD__SOM,COD,SOM,0.0,0.0,0,0.0,0.0,0.0,,0.0,,1948,2021,3414.0,0.0
COD__SSD,COD,SSD,1.0,0.0,0,0.0,0.0,0.0,,0.0,,1948,2021,2074.0,0.0
COD__STP,COD,STP,0.0,0.0,0,0.0,0.0,0.0,,0.0,,1948,2021,1085.0,0.0
COD__SUR,COD,SUR,0.0,0.0,0,0.0,0.0,0.0,,0.0,,1948,2021,7915.0,0.0
COD__SWZ,COD,SWZ,0.0,0.0,0,0.0,0.0,0.0,,0.0,,1948,2021,2960.0,0.0
COD__SYC,COD,SYC,0.0,0.0,0,0.0,1.0,1.0,,0.0,,1948,2021,4454.0,0.0
COD__SYR,COD,SYR,0.0,0.0,0,0.0,0.0,0.0,,0.0,,1948,2021,4883.5,297.0
COD__TCD,COD,TCD,0.0,0.0,0,0.0,0.0,1.0,,0.0,,1948,2021,1818.0,0.0
COD__TGO,COD,TGO,0.0,0.0,0,0.0,1.0,1.0,,0.0,,1948,2021,1948.0,0.0
COD__THA,COD,THA,0.0,0.0,0,0.0,0.0,0.0,,0.0,,1948,2021,9615.0,0.0
COD__TJK,COD,TJK,0.0,0.0,0,0.0,0.0,0.0,,0.0,,1948,2021,7258.0,0.0
COD__TKM,COD,TKM,0.0,0.0,0,0.0,0.0,0.0,,0.0,,1948,2021,6453.0,0.0
COD__TLS,COD,TLS,0.0,0.0,0,0.0,0.0,0.0,,0.0,,1948,2021,12165.0,0.0
COD__TON,COD,TON,0.0,0.0,0,0.0,0.0,0.0,,0.0,,1948,2021,16966.0,0.0
COD__TTO,COD,TTO,0.0,0.0,0,0.0,0.0,0.0,,0.0,,1948,2021,8672.0,0.0
COD__TUN,COD,TUN,0.0,0.0,0,0.0,0.0,1.0,,0.0,,1948,2021,4586.0,0.0
COD__TUR,COD,TUR,0.0,0.0,0,0.0,0.0,0.0,,0.0,,1948,2021,5209.0,0.0
COD__TUV,COD,TUV,0.0,0.0,0,0.0,0.0,0.0,,0.0,,1948,2021,17740.0,0.0
COD__TWN,COD,TWN,0.0,0.0,0,0.0,0.0,0.0,,0.0,,1948,2021,11850.5,9.0
COD__TZA,COD,TZA,1.0,0.0,0,0.0,1.0,0.0,,0.0,,1948,2021,2668.0,0.0
COD__UGA,COD,UGA,1.0,0.0,0,0.0,0.0,0.0,,0.0,,1948,2021,1988.0,0.0
COD__URY,COD,URY,0.0,0.0,0,0.0,0.0,0.0,,0.0,,1948,2021,8050.0,0.0
COD__USA,COD,USA,0.0,0.0,0,0.0,0.0,0.0,,0.0,,1948,2021,10265.0,0.0
COD__UZB,COD,UZB,0.0,0.0,0,0.0,0.0,0.0,,0.0,,1948,2021,7434.0,0.0
COD__VCT,COD,VCT,0.0,0.0,0,0.0,0.0,0.0,,0.0,,1948,2021,8674.0,0.0
COD__VEN,COD,VEN,0.0,0.0,0,0.0,0.0,0.0,,0.0,,1948,2021,9253.0,0.0
COD__VNM,COD,VNM,0.0,0.0,0,0.0,0.0,0.0,,0.0,,1948,2021,10255.0,0.0
COD__VUT,COD,VUT,0.0,0.0,0,0.0,1.0,1.0,,0.0,,1948,2021,16184.0,0.0
COD__WSM,COD,WSM,0.0,0.0,0,0.0,0.0,0.0,,0.0,,1948,2021,17853.0,0.0
COD__YEM,COD,YEM,0.0,0.0,0,0.0,0.0,0.0,,0.0,,1948,2021,3784.5,147.0
COD__ZAF,COD,ZAF,0.0,0.0,0,0.0,0.0,0.0,,0.0,,1948,2021,3034.0,518.0
COD__ZMB,COD,ZMB,1.0,0.0,0,0.0,0.0,0.0,,0.0,,1948,2021,1788.0,176.0
COD__ZWE,COD,ZWE,0.0,0.0,0,0.0,0.0,0.0,,0.0,,1948,2021,2274.0,0.0
COG__COL,COG,COL,0.0,0.0,0,0.0,0.0,0.0,,0.0,,1948,2021,9986.0,0.0
COG__COM,COG,COM,0.0,0.0,0,1.0,1.0,1.0,,1.0,,1948,2021,3189.0,0.0
COG__CPV,COG,CPV,0.0,0.0,0,0.0,0.0,0.0,,0.0,,1948,2021,4776.0,0.0
COG__CRI,COG,CRI,0.0,0.0,0,0.0,0.0,0.0,,0.0,,1948,2021,11124.0,0.0
COG__CUB,COG,CUB,0.0,0.0,0,0.0,0.0,0.0,,0.0,,1948,2021,10985.0,0.0
COG__CYP,COG,CYP,0.0,0.0,0,0.0,0.0,0.0,,0.0,,1948,2021,4756.0,0.0
COG__DEU,COG,DEU,0.0,0.0,0,0.0,0.0,0.0,,0.0,,1948,2021,6296.0,0.0
COG__DJI,COG,DJI,0.0,0.0,0,1.0,1.0,1.0,,1.0,,1948,2021,3548.0,0.0
COG__DMA,COG,DMA,0.0,0.0,0,0.0,0.0,1.0,,0.0,,1948,2021,8718.0,0.0
COG__DOM,COG,DOM,0.0,0.0,0,1.0,0.0,0.0,,0.0,,1948,2021,9659.0,0.0
COG__DZA,COG,DZA,0.0,0.0,0,1.0,1.0,1.0,,1.0,,1948,2021,4716.0,0.0
COG__ECU,COG,ECU,0.0,0.0,0,0.0,0.0,0.0,,0.0,,1948,2021,10576.0,0.0
COG__EGY,COG,EGY,0.0,0.0,0,0.0,0.0,0.0,,0.0,,1948,2021,4160.0,0.0
COG__ERI,COG,ERI,0.0,0.0,0,0.0,0.0,0.0,,0.0,,1948,2021,3391.0,0.0
COG__ESP,COG,ESP,0.0,0.0,0,0.0,0.0,0.0,,0.0,,1948,2021,5271.5,85.0
COG__ETH,COG,ETH,0.0,0.0,0,0.0,0.0,0.0,,0.0,,1948,2021,2990.0,0.0
COG__FJI,COG,FJI,0.0,0.0,0,0.0,0.0,0.0,,0.0,,1948,2021,16924.0,0.0
COG__FRA,COG,FRA,0.0,1.0,1,0.0,1.0,1.0,0.0,0.0,1960.0,1948,2021,6018.0,0.0
COG__FSM,COG,FSM,0.0,0.0,0,0.0,0.0,0.0,,0.0,,1948,2021,15914.0,0.0
COG__GAB,COG,GAB,1.0,0.0,0,1.0,1.0,1.0,,1.0,,1948,2021,828.0,0.0
COG__GBR,COG,GBR,0.0,0.0,0,0.0,0.0,0.0,,0.0,,1948,2021,6352.0,0.0
COG__GEO,COG,GEO,0.0,0.0,0,0.0,0.0,0.0,,0.0,,1948,2021,5905.0,0.0
COG__GHA,COG,GHA,0.0,0.0,0,0.0,0.0,0.0,,0.0,,1948,2021,2135.0,200.0
COG__GIN,COG,GIN,0.0,0.0,0,1.0,1.0,1.0,,1.0,,1948,2021,3555.0,0.0
COG__GMB,COG,GMB,0.0,0.0,0,0.0,0.0,0.0,,0.0,,1948,2021,4039.0,0.0
COG__GNB,COG,GNB,0.0,0.0,0,0.0,0.0,0.0,,0.0,,1948,2021,3856.0,0.0
COG__GNQ,COG,GNQ,0.0,0.0,0,0.0,0.0,1.0,,0.0,,1948,2021,914.0,0.0
COG__GRD,COG,GRD,0.0,0.0,0,0.0,0.0,0.0,,0.0,,1948,2021,8711.0,0.0
COG__GTM,COG,GTM,0.0,0.0,0,0.0,0.0,0.0,,0.0,,1948,2021,11839.0,0.0
COG__GUY,COG,GUY,0.0,0.0,0,0.0,0.0,0.0,,0.0,,1948,2021,8251.0,0.0
COG__HND,COG,HND,0.0,0.0,0,0.0,0.0,0.0,,0.0,,1948,2021,11479.0,0.0
COG__HTI,COG,HTI,0.0,0.0,0,1.0,0.0,1.0,,0.0,,1948,2021,9916.0,0.0
COG__IDN,COG,IDN,0.0,0.0,0,0.0,0.0,0.0,,0.0,,1948,2021,10140.0,0.0
COG__IND,COG,IND,0.0,0.0,0,0.0,0.0,0.0,,0.0,,1948,2021,7641.5,1655.0
COG__IRN,COG,IRN,0.0,0.0,0,0.0,0.0,0.0,,0.0,,1948,2021,5811.0,0.0
COG__IRQ,COG,IRQ,0.0,0.0,0,0.0,0.0,0.0,,0.0,,1948,2021,5170.0,0.0
COG__ISR,COG,ISR,0.0,0.0,0,0.0,1.0,0.0,,0.0,,1948,2021,4521.0,0.0
COG__ITA,COG,ITA,0.0,0.0,0,0.0,0.0,0.0,,0.0,,1948,2021,5120.0,0.0
COG__JAM,COG,JAM,0.0,0.0,0,0.0,0.0,0.0,,0.0,,1948,2021,10382.0,0.0
COG__JOR,COG,JOR,0.0,0.0,0,0.0,0.0,0.0,,0.0,,1948,2021,4567.0,0.0
COG__JPN,COG,JPN,0.0,0.0,0,0.0,0.0,0.0,,0.0,,1948,2021,13361.0,0.0
COG__KAZ,COG,KAZ,0.0,0.0,0,0.0,0.0,0.0,,0.0,,1948,2021,8098.0,0.0
COG__KEN,COG,KEN,0.0,0.0,0,0.0,0.0,0.0,,0.0,,1948,2021,2417.0,0.0
COG__KGZ,COG,KGZ,0.0,0.0,0,0.0,0.0,0.0,,0.0,,1948,2021,7909.0,0.0
COG__KHM,COG,KHM,0.0,0.0,0,1.0,0.0,0.0,,1.0,,1948,2021,10072.0,0.0
COG__KIR,COG,KIR,0.0,0.0,0,0.0,0.0,0.0,,0.0,,1948,2021,17536.0,0.0
COG__KNA,COG,KNA,0.0,0.0,0,0.0,0.0,0.0,,0.0,,1948,2021,8889.0,0.0
COG__KOR,COG,KOR,0.0,0.0,0,0.0,0.0,0.0,,0.0,,1948,2021,12208.0,0.0
COG__KWT,COG,KWT,0.0,0.0,0,0.0,0.0,0.0,,0.0,,1948,2021,5103.0,0.0
COG__LAO,COG,LAO,0.0,0.0,0,1.0,0.0,0.0,,1.0,,1948,2021,9879.0,0.0
COG__LBN,COG,LBN,0.0,0.0,0,1.0,1.0,1.0,,0.0,,1948,2021,4728.0,0.0
COG__LBR,COG,LBR,0.0,0.0,0,0.0,0.0,0.0,,0.0,,1948,2021,3125.0,0.0
COG__LBY,COG,LBY,0.0,0.0,0,0.0,0.0,0.0,,0.0,,1948,2021,4117.0,0.0
COG__LCA,COG,LCA,0.0,0.0,0,0.0,0.0,0.0,,0.0,,1948,2021,8656.0,0.0
COG__LKA,COG,LKA,0.0,0.0,0,0.0,0.0,0.0,,0.0,,1948,2021,7280.0,0.0
COG__LSO,COG,LSO,0.0,0.0,0,0.0,0.0,0.0,,0.0,,1948,2021,3057.0,0.0
COG__MAR,COG,MAR,0.0,0.0,0,1.0,1.0,1.0,,1.0,,1948,2021,4834.0,0.0
COG__MDG,COG,MDG,0.0,0.0,0,1.0,1.0,1.0,,1.0,,1948,2021,3861.0,0.0
COG__MDV,COG,MDV,0.0,0.0,0,0.0,0.0,0.0,,0.0,,1948,2021,6543.0,0.0
COG__MEX,COG,MEX,0.0,0.0,0,0.0,0.0,0.0,,0.0,,1948,2021,12736.0,0.0
COG__MHL,COG,MHL,0.0,0.0,0,0.0,0.0,0.0,,0.0,,1948,2021,17371.0,0.0
COG__MLI,COG,MLI,0.0,0.0,0,1.0,0.0,1.0,,1.0,,1948,2021,3183.0,0.0
COG__MMR,COG,MMR,0.0,0.0,0,0.0,0.0,0.0,,0.0,,1948,2021,9185.0,0.0
COG__MNG,COG,MNG,0.0,0.0,0,0.0,0.0,0.0,,0.0,,1948,2021,10478.0,0.0
COG__MOZ,COG,MOZ,0.0,0.0,0,0.0,0.0,0.0,,0.0,,1948,2021,3024.5,9.0
COG__MRT,COG,MRT,0.0,0.0,0,1.0,0.0,0.0,,1.0,,1948,2021,4229.0,0.0
COG__MUS,COG,MUS,0.0,0.0,0,1.0,1.0,1.0,,0.0,,1948,2021,4898.0,0.0
COG__MWI,COG,MWI,0.0,0.0,0,0.0,0.0,0.0,,0.0,,1948,2021,2401.5,209.0
COG__MYS,COG,MYS,0.0,0.0,0,0.0,0.0,0.0,,0.0,,1948,2021,9758.0,224.0
COG__NAM,COG,NAM,0.0,0.0,0,0.0,0.0,0.0,,0.0,,1948,2021,2033.0,0.0
COG__NER,COG,NER,0.0,0.0,0,1.0,1.0,1.0,,1.0,,1948,2021,2446.0,0.0
COG__NGA,COG,NGA,0.0,0.0,0,0.0,0.0,0.0,,0.0,,1948,2021,1790.5,31.0
COG__NIC,COG,NIC,0.0,0.0,0,0.0,0.0,0.0,,0.0,,1948,2021,11370.0,0.0
COG__NLD,COG,NLD,0.0,0.0,0,0.0,0.0,0.0,,0.0,,1948,2021,6331.5,43.0
COG__NPL,COG,NPL,0.0,0.0,0,0.0,0.0,0.0,,0.0,,1948,2021,8288.0,0.0
COG__NRU,COG,NRU,0.0,0.0,0,0.0,0.0,0.0,,0.0,,1948,2021,16837.0,0.0
COG__NZL,COG,NZL,0.0,0.0,0,0.0,0.0,0.0,,0.0,,1948,2021,14982.0,0.0
COG__OMN,COG,OMN,0.0,0.0,0,0.0,0.0,0.0,,0.0,,1948,2021,5620.0,0.0
COG__PAK,COG,PAK,0.0,0.0,0,0.0,0.0,0.0,,0.0,,1948,2021,6461.0,0.0
COG__PAN,COG,PAN,0.0,0.0,0,0.0,0.0,0.0,,0.0,,1948,2021,10619.0,0.0
COG__PER,COG,PER,0.0,0.0,0,0.0,0.0,0.0,,0.0,,1948,2021,10171.0,0.0
COG__PHL,COG,PHL,0.0,0.0,0,0.0,0.0,0.0,,0.0,,1948,2021,11826.0,0.0
COG__PLW,COG,PLW,0.0,0.0,0,0.0,0.0,0.0,,0.0,,1948,2021,13307.0,16.0
COG__PNG,COG,PNG,0.0,0.0,0,0.0,0.0,0.0,,0.0,,1948,2021,14487.0,0.0
COG__PRK,COG,PRK,0.0,0.0,0,0.0,0.0,0.0,,0.0,,1948,2021,12074.0,0.0
COG__PRT,COG,PRT,0.0,0.0,0,0.0,0.0,0.0,,0.0,,1948,2021,5382.0,0.0
COG__PRY,COG,PRY,0.0,0.0,0,0.0,0.0,0.0,,0.0,,1948,2021,8096.0,0.0
COG__QAT,COG,QAT,0.0,0.0,0,0.0,0.0,0.0,,0.0,,1948,2021,5096.5,7.0
COG__RWA,COG,RWA,0.0,0.0,0,0.0,1.0,1.0,,0.0,,1948,2021,1662.0,0.0
COG__SAU,COG,SAU,0.0,0.0,0,0.0,0.0,0.0,,0.0,,1948,2021,4287.5,769.0
COG__SDN,COG,SDN,0.0,0.0,0,0.0,0.0,0.0,,0.0,,1948,2021,2901.0,0.0
COG__SEN,COG,SEN,0.0,0.0,0,1.0,1.0,1.0,,1.0,,1948,2021,4175.0,0.0
COG__SGP,COG,SGP,0.0,0.0,0,0.0,0.0,0.0,,0.0,,1948,2021,9870.0,0.0
COG__SLB,COG,SLB,0.0,0.0,0,0.0,0.0,0.0,,0.0,,1948,2021,15831.0,0.0
COG__SLE,COG,SLE,0.0,0.0,0,0.0,0.0,0.0,,0.0,,1948,2021,3465.0,0.0
COG__SLV,COG,SLV,0.0,0.0,0,0.0,0.0,0.0,,0.0,,1948,2021,11693.0,0.0
COG__SOM,COG,SOM,0.0,0.0,0,0.0,0.0,0.0,,0.0,,1948,2021,3416.0,0.0
COG__SSD,COG,SSD,0.0,0.0,0,0.0,0.0,0.0,,0.0,,1948,2021,2074.0,0.0
COG__STP,COG,STP,0.0,0.0,0,0.0,0.0,0.0,,0.0,,1948,2021,1079.0,0.0
COG__SUR,COG,SUR,0.0,0.0,0,0.0,0.0,0.0,,0.0,,1948,2021,7911.0,0.0
COG__SWZ,COG,SWZ,0.0,0.0,0,0.0,0.0,0.0,,0.0,,1948,2021,2968.0,0.0
COG__SYC,COG,SYC,0.0,0.0,0,1.0,1.0,1.0,,0.0,,1948,2021,4458.0,0.0
COG__SYR,COG,SYR,0.0,0.0,0,1.0,0.0,0.0,,1.0,,1948,2021,4879.0,296.0
COG__TCD,COG,TCD,0.0,0.0,0,1.0,0.0,1.0,,1.0,,1948,2021,1811.0,0.0
COG__TGO,COG,TGO,0.0,0.0,0,1.0,1.0,1.0,,1.0,,1948,2021,1942.0,0.0
COG__THA,COG,THA,0.0,0.0,0,0.0,0.0,0.0,,0.0,,1948,2021,9616.0,0.0
COG__TJK,COG,TJK,0.0,0.0,0,0.0,0.0,0.0,,0.0,,1948,2021,7255.0,0.0
COG__TKM,COG,TKM,0.0,0.0,0,0.0,0.0,0.0,,0.0,,1948,2021,6450.0,0.0
COG__TLS,COG,TLS,0.0,0.0,0,0.0,0.0,0.0,,0.0,,1948,2021,12169.0,0.0
COG__TON,COG,TON,0.0,0.0,0,0.0,0.0,0.0,,0.0,,1948,2021,16974.0,0.0
COG__TTO,COG,TTO,0.0,0.0,0,0.0,0.0,0.0,,0.0,,1948,2021,8667.0,0.0
COG__TUN,COG,TUN,0.0,0.0,0,1.0,0.0,1.0,,1.0,,1948,2021,4579.0,0.0
COG__TUR,COG,TUR,0.0,0.0,0,0.0,0.0,0.0,,0.0,,1948,2021,5203.0,0.0
COG__TUV,COG,TUV,0.0,0.0,0,0.0,0.0,0.0,,0.0,,1948,2021,17747.0,0.0
COG__TWN,COG,TWN,0.0,0.0,0,0.0,0.0,0.0,,0.0,,1948,2021,11851.0,8.0
COG__TZA,COG,TZA,0.0,0.0,0,0.0,0.0,0.0,,0.0,,1948,2021,2672.0,0.0
COG__UGA,COG,UGA,0.0,0.0,0,0.0,0.0,0.0,,0.0,,1948,2021,1990.0,0.0
COG__URY,COG,URY,0.0,0.0,0,0.0,0.0,0.0,,0.0,,1948,2021,8051.0,0.0
COG__USA,COG,USA,0.0,0.0,0,1.0,0.0,0.0,,0.0,,1948,2021,10258.0,0.0
COG__UZB,COG,UZB,0.0,0.0,0,0.0,0.0,0.0,,0.0,,1948,2021,7431.0,0.0
COG__VCT,COG,VCT,0.0,0.0,0,0.0,0.0,0.0,,0.0,,1948,2021,8669.0,0.0
COG__VEN,COG,VEN,0.0,0.0,0,0.0,0.0,0.0,,0.0,,1948,2021,9249.0,0.0
COG__VNM,COG,VNM,0.0,0.0,0,1.0,0.0,0.0,,1.0,,1948,2021,10257.0,0.0
COG__VUT,COG,VUT,0.0,0.0,0,1.0,1.0,1.0,,1.0,,1948,2021,16191.0,0.0
COG__WSM,COG,WSM,0.0,0.0,0,0.0,0.0,0.0,,0.0,,1948,2021,17860.0,0.0
COG__YEM,COG,YEM,0.0,0.0,0,0.0,0.0,0.0,,0.0,,1948,2021,3783.5,147.0
COG__ZAF,COG,ZAF,0.0,0.0,0,0.0,0.0,0.0,,0.0,,1948,2021,3041.5,517.0
COG__ZMB,COG,ZMB,0.0,0.0,0,0.0,0.0,0.0,,0.0,,1948,2021,1795.0,176.0
COG__ZWE,COG,ZWE,0.0,0.0,0,0.0,0.0,0.0,,0.0,,1948,2021,2281.0,0.0
COL__COM,COL,COM,0.0,0.0,0,0.0,0.0,0.0,,0.0,,1948,2021,13099.0,0.0
COL__CPV,COL,CPV,0.0,0.0,0,0.0,0.0,0.0,,0.0,,1948,2021,5651.0,0.0
COL__CRI,COL,CRI,0.0,0.0,0,1.0,1.0,1.0,,0.0,,1948,2021,1251.0,0.0
COL__CUB,COL,CUB,0.0,0.0,0,1.0,1.0,1.0,,0.0,,1948,2021,2234.0,0.0
COL__CYP,COL,CYP,0.0,0.0,0,0.0,0.0,0.0,,0.0,,1948,2021,11289.0,0.0
COL__DEU,COL,DEU,0.0,0.0,0,0.0,0.0,0.0,,0.0,,1948,2021,9434.0,0.0
COL__DJI,COL,DJI,0.0,0.0,0,0.0,0.0,0.0,,0.0,,1948,2021,12858.0,0.0
COL__DMA,COL,DMA,0.0,0.0,0,0.0,0.0,0.0,,0.0,,1948,2021,1825.0,0.0
COL__DOM,COL,DOM,0.0,0.0,0,1.0,1.0,1.0,,0.0,,1948,2021,1601.0,0.0
COL__DZA,COL,DZA,0.0,0.0,0,0.0,0.0,0.0,,0.0,,1948,2021,8560.0,0.0
COL__ECU,COL,ECU,1.0,0.0,0,1.0,1.0,1.0,,0.0,,1948,2021,990.0,0.0
COL__EGY,COL,EGY,0.0,0.0,0,0.0,0.0,0.0,,0.0,,1948,2021,11222.0,0.0
COL__ERI,COL,ERI,0.0,0.0,0,0.0,0.0,0.0,,0.0,,1948,2021,12331.0,0.0
COL__ESP,COL,ESP,0.0,0.0,1,0.0,1.0,1.0,0.0,0.0,1810.0,1948,2021,8274.0,504.0
COL__ETH,COL,ETH,0.0,0.0,0,0.0,0.0,0.0,,0.0,,1948,2021,12432.0,0.0
COL__FJI,COL,FJI,0.0,0.0,0,0.0,0.0,0.0,,0.0,,1948,2021,12023.0,0.0
COL__FRA,COL,FRA,0.0,0.0,0,0.0,0.0,0.0,,0.0,,1948,2021,8632.0,0.0
COL__FSM,COL,FSM,0.0,0.0,0,1.0,0.0,0.0,,0.0,,1948,2021,14093.0,0.0
COL__GAB,COL,GAB,0.0,0.0,0,0.0,0.0,0.0,,0.0,,1948,2021,9298.0,0.0
COL__GBR,COL,GBR,0.0,0.0,0,0.0,0.0,0.0,,0.0,,1948,2021,8500.0,0.0
COL__GEO,COL,GEO,0.0,0.0,0,0.0,0.0,0.0,,0.0,,1948,2021,12003.0,0.0
COL__GHA,COL,GHA,0.0,0.0,0,0.0,0.0,0.0,,0.0,,1948,2021,8106.0,164.0
COL__GIN,COL,GIN,0.0,0.0,0,0.0,0.0,0.0,,0.0,,1948,2021,6691.0,0.0
COL__GMB,COL,GMB,0.0,0.0,0,0.0,0.0,0.0,,0.0,,1948,2021,6373.0,0.0
COL__GNB,COL,GNB,0.0,0.0,0,0.0,0.0,0.0,,0.0,,1948,2021,6482.0,0.0
COL__GNQ,COL,GNQ,0.0,0.0,0,1.0,1.0,1.0,,0.0,,1948,2021,9320.0,0.0
COL__GRD,COL,GRD,0.0,0.0,0,0.0,0.0,0.0,,0.0,,1948,2021,1588.0,0.0
COL__GTM,COL,GTM,0.0,0.0,0,1.0,1.0,1.0,,0.0,,1948,2021,2115.0,0.0
COL__GUY,COL,GUY,0.0,0.0,0,0.0,0.0,0.0,,0.0,,1948,2021,1781.0,0.0
COL__HND,COL,HND,0.0,0.0,0,1.0,1.0,1.0,,0.0,,1948,2021,1781.0,0.0
COL__HTI,COL,HTI,0.0,0.0,0,0.0,0.0,0.0,,0.0,,1948,2021,1553.0,0.0
COL__IDN,COL,IDN,0.0,0.0,0,0.0,0.0,0.0,,0.0,,1948,2021,19806.0,0.0
COL__IND,COL,IND,0.0,0.0,0,0.0,0.0,0.0,,0.0,,1948,2021,15837.5,1233.0
COL__IRN,COL,IRN,0.0,0.0,0,0.0,0.0,0.0,,0.0,,1948,2021,12804.0,0.0
COL__IRQ,COL,IRQ,0.0,0.0,0,0.0,0.0,0.0,,0.0,,1948,2021,12318.0,0.0
COL__ISR,COL,ISR,0.0,0.0,0,0.0,0.0,0.0,,0.0,,1948,2021,11500.0,0.0
COL__ITA,COL,ITA,0.0,0.0,0,0.0,0.0,0.0,,0.0,,1948,2021,9387.0,0.0
COL__JAM,COL,JAM,0.0,0.0,0,0.0,0.0,0.0,,0.0,,1948,2021,1510.0,0.0
COL__JOR,COL,JOR,0.0,0.0,0,0.0,0.0,0.0,,0.0,,1948,2021,11610.0,0.0
COL__JPN,COL,JPN,0.0,0.0,0,0.0,0.0,0.0,,0.0,,1948,2021,14330.0,0.0
COL__KAZ,COL,KAZ,0.0,0.0,0,0.0,0.0,0.0,,0.0,,1948,2021,13960.0,0.0
COL__KEN,COL,KEN,0.0,0.0,0,0.0,0.0,0.0,,0.0,,1948,2021,12349.0,0.0
COL__KGZ,COL,KGZ,0.0,0.0,0,0.0,0.0,0.0,,0.0,,1948,2021,13878.0,0.0
COL__KHM,COL,KHM,0.0,0.0,0,0.0,0.0,0.0,,0.0,,1948,2021,18212.0,0.0
COL__KIR,COL,KIR,0.0,0.0,0,0.0,0.0,0.0,,0.0,,1948,2021,12550.0,0.0
COL__KNA,COL,KNA,0.0,0.0,0,0.0,0.0,0.0,,0.0,,1948,2021,1871.0,0.0
COL__KOR,COL,KOR,0.0,0.0,0,0.0,0.0,0.0,,0.0,,1948,2021,14855.0,0.0
COL__KWT,COL,KWT,0.0,0.0,0,0.0,0.0,0.0,,0.0,,1948,2021,12794.0,0.0
COL__LAO,COL,LAO,0.0,0.0,0,0.0,0.0,0.0,,0.0,,1948,2021,17481.0,0.0
COL__LBN,COL,LBN,0.0,0.0,0,0.0,0.0,0.0,,0.0,,1948,2021,11512.0,0.0
COL__LBR,COL,LBR,0.0,0.0,0,0.0,0.0,0.0,,0.0,,1948,2021,7012.0,0.0
COL__LBY,COL,LBY,0.0,0.0,0,0.0,0.0,0.0,,0.0,,1948,2021,9483.0,0.0
COL__LCA,COL,LCA,0.0,0.0,0,0.0,0.0,0.0,,0.0,,1948,2021,1773.0,0.0
COL__LKA,COL,LKA,0.0,0.0,0,0.0,0.0,0.0,,0.0,,1948,2021,16867.0,0.0
COL__LSO,COL,LSO,0.0,0.0,0,0.0,0.0,0.0,,0.0,,1948,2021,11386.0,0.0
COL__MAR,COL,MAR,0.0,0.0,0,0.0,0.0,0.0,,0.0,,1948,2021,7555.0,0.0
COL__MDG,COL,MDG,0.0,0.0,0,0.0,0.0,0.0,,0.0,,1948,2021,13507.0,0.0
COL__MDV,COL,MDV,0.0,0.0,0,0.0,0.0,0.0,,0.0,,1948,2021,16302.0,0.0
COL__MEX,COL,MEX,0.0,0.0,0,1.0,1.0,1.0,,0.0,,1948,2021,3175.0,0.0
COL__MHL,COL,MHL,0.0,0.0,0,0.0,0.0,0.0,,0.0,,1948,2021,12650.0,0.0
COL__MLI,COL,MLI,0.0,0.0,0,0.0,0.0,0.0,,0.0,,1948,2021,7311.0,0.0
COL__MMR,COL,MMR,0.0,0.0,0,0.0,0.0,0.0,,0.0,,1948,2021,17409.0,0.0
COL__MNG,COL,MNG,0.0,0.0,0,0.0,0.0,0.0,,0.0,,1948,2021,14185.0,0.0
COL__MOZ,COL,MOZ,0.0,0.0,0,0.0,0.0,0.0,,0.0,,1948,2021,11899.5,13.0
COL__MRT,COL,MRT,0.0,0.0,0,0.0,0.0,0.0,,0.0,,1948,2021,6488.0,0.0
COL__MUS,COL,MUS,0.0,0.0,0,0.0,0.0,0.0,,0.0,,1948,2021,14518.0,0.0
COL__MWI,COL,MWI,0.0,0.0,0,0.0,0.0,0.0,,0.0,,1948,2021,12134.0,130.0
COL__MYS,COL,MYS,0.0,0.0,0,0.0,0.0,0.0,,0.0,,1948,2021,19174.5,283.0
COL__NAM,COL,NAM,0.0,0.0,0,0.0,0.0,0.0,,0.0,,1948,2021,10331.0,0.0
COL__NER,COL,NER,0.0,0.0,0,0.0,0.0,0.0,,0.0,,1948,2021,8406.0,0.0
COL__NGA,COL,NGA,0.0,0.0,0,0.0,0.0,0.0,,0.0,,1948,2021,8604.0,50.0
COL__NIC,COL,NIC,0.0,0.0,0,1.0,1.0,1.0,,0.0,,1948,2021,1577.0,0.0
COL__NLD,COL,NLD,0.0,0.0,0,0.0,0.0,0.0,,0.0,,1948,2021,8838.5,33.0
COL__NPL,COL,NPL,0.0,0.0,0,0.0,0.0,0.0,,0.0,,1948,2021,15808.0,0.0
COL__NRU,COL,NRU,0.0,0.0,0,0.0,0.0,0.0,,0.0,,1948,2021,13242.0,0.0
COL__NZL,COL,NZL,0.0,0.0,0,0.0,0.0,0.0,,0.0,,1948,2021,12197.0,0.0
COL__OMN,COL,OMN,0.0,0.0,0,0.0,0.0,0.0,,0.0,,1948,2021,14018.0,0.0
COL__PAK,COL,PAK,0.0,0.0,0,0.0,0.0,0.0,,0.0,,1948,2021,14703.0,0.0
COL__PAN,COL,PAN,1.0,0.0,0,1.0,1.0,1.0,,0.0,,1948,2021,772.0,0.0
COL__PER,COL,PER,1.0,0.0,0,1.0,1.0,1.0,,0.0,,1948,2021,1870.0,0.0
COL__PHL,COL,PHL,0.0,0.0,0,1.0,0.0,0.0,,0.0,,1948,2021,17318.0,0.0
COL__PLW,COL,PLW,0.0,0.0,0,0.0,0.0,0.0,,0.0,,1948,2021,16584.5,21.0
COL__PNG,COL,PNG,0.0,0.0,0,0.0,0.0,0.0,,0.0,,1948,2021,15449.0,0.0
COL__PRK,COL,PRK,0.0,0.0,0,0.0,0.0,0.0,,0.0,,1948,2021,14763.0,0.0
COL__PRT,COL,PRT,0.0,0.0,0,0.0,0.0,0.0,,0.0,,1948,2021,7528.0,0.0
COL__PRY,COL,PRY,0.0,0.0,0,1.0,1.0,1.0,,0.0,,1948,2021,3757.0,0.0
COL__QAT,COL,QAT,0.0,0.0,0,0.0,0.0,0.0,,0.0,,1948,2021,13283.0,10.0
COL__RWA,COL,RWA,0.0,0.0,0,0.0,0.0,0.0,,0.0,,1948,2021,11604.0,0.0
COL__SAU,COL,SAU,0.0,0.0,0,0.0,0.0,0.0,,0.0,,1948,2021,12565.0,578.0
COL__SDN,COL,SDN,0.0,0.0,0,0.0,0.0,0.0,,0.0,,1948,2021,11651.0,0.0
COL__SEN,COL,SEN,0.0,0.0,0,0.0,0.0,0.0,,0.0,,1948,2021,6299.0,0.0
COL__SGP,COL,SGP,0.0,0.0,0,0.0,0.0,0.0,,0.0,,1948,2021,19316.0,0.0
COL__SLB,COL,SLB,0.0,0.0,0,0.0,0.0,0.0,,0.0,,1948,2021,14048.0,0.0
COL__SLE,COL,SLE,0.0,0.0,0,0.0,0.0,0.0,,0.0,,1948,2021,6738.0,0.0
COL__SLV,COL,SLV,0.0,0.0,0,1.0,1.0,1.0,,0.0,,1948,2021,1939.0,0.0
COL__SOM,COL,SOM,0.0,0.0,0,0.0,0.0,0.0,,0.0,,1948,2021,13260.0,0.0
COL__SSD,COL,SSD,0.0,0.0,0,0.0,0.0,0.0,,0.0,,1948,2021,11706.0,0.0
COL__STP,COL,STP,0.0,0.0,0,0.0,0.0,0.0,,0.0,,1948,2021,8996.0,0.0
COL__SUR,COL,SUR,0.0,0.0,0,0.0,0.0,0.0,,0.0,,1948,2021,2101.0,0.0
COL__SWZ,COL,SWZ,0.0,0.0,0,0.0,0.0,0.0,,0.0,,1948,2021,11759.0,0.0
COL__SYC,COL,SYC,0.0,0.0,0,0.0,0.0,0.0,,0.0,,1948,2021,14438.0,0.0
COL__SYR,COL,SYR,0.0,0.0,0,0.0,0.0,0.0,,0.0,,1948,2021,11592.5,9.0
COL__TCD,COL,TCD,0.0,0.0,0,0.0,0.0,0.0,,0.0,,1948,2021,9817.0,0.0
COL__TGO,COL,TGO,0.0,0.0,0,0.0,0.0,0.0,,0.0,,1948,2021,8340.0,0.0
COL__THA,COL,THA,0.0,0.0,0,0.0,0.0,0.0,,0.0,,1948,2021,17893.0,0.0
COL__TJK,COL,TJK,0.0,0.0,0,0.0,0.0,0.0,,0.0,,1948,2021,13896.0,0.0
COL__TKM,COL,TKM,0.0,0.0,0,0.0,0.0,0.0,,0.0,,1948,2021,13219.0,0.0
COL__TLS,COL,TLS,0.0,0.0,0,0.0,0.0,0.0,,0.0,,1948,2021,17820.0,0.0
COL__TON,COL,TON,0.0,0.0,0,0.0,0.0,0.0,,0.0,,1948,2021,11354.0,0.0
COL__TTO,COL,TTO,0.0,0.0,0,0.0,0.0,0.0,,0.0,,1948,2021,1539.0,0.0
COL__TUN,COL,TUN,0.0,0.0,0,0.0,0.0,0.0,,0.0,,1948,2021,9195.0,0.0
COL__TUR,COL,TUR,0.0,0.0,0,0.0,0.0,0.0,,0.0,,1948,2021,10763.0,0.0
COL__TUV,COL,TUV,0.0,0.0,0,0.0,0.0,0.0,,0.0,,1948,2021,11931.0,0.0
COL__TWN,COL,TWN,0.0,0.0,0,0.0,0.0,0.0,,0.0,,1948,2021,16323.0,8.0
COL__TZA,COL,TZA,0.0,0.0,0,0.0,0.0,0.0,,0.0,,1948,2021,12656.0,0.0
COL__UGA,COL,UGA,0.0,0.0,0,0.0,0.0,0.0,,0.0,,1948,2021,11865.0,0.0
COL__URY,COL,URY,0.0,0.0,0,1.0,1.0,1.0,,0.0,,1948,2021,4752.0,0.0
COL__USA,COL,USA,0.0,0.0,0,1.0,1.0,0.0,,0.0,,1948,2021,3999.0,0.0
COL__UZB,COL,UZB,0.0,0.0,0,0.0,0.0,0.0,,0.0,,1948,2021,13713.0,0.0
COL__VCT,COL,VCT,0.0,0.0,0,0.0,0.0,0.0,,0.0,,1948,2021,1700.0,0.0
COL__VEN,COL,VEN,1.0,0.0,0,1.0,1.0,1.0,,0.0,,1948,2021,1027.0,0.0
COL__VNM,COL,VNM,0.0,0.0,0,0.0,0.0,0.0,,0.0,,1948,2021,18303.0,0.0
COL__VUT,COL,VUT,0.0,0.0,0,0.0,0.0,0.0,,0.0,,1948,2021,13096.0,0.0
COL__WSM,COL,WSM,0.0,0.0,0,0.0,0.0,0.0,,0.0,,1948,2021,10968.0,0.0
COL__YEM,COL,YEM,0.0,0.0,0,0.0,0.0,0.0,,0.0,,1948,2021,12825.0,118.0
COL__ZAF,COL,ZAF,0.0,0.0,0,0.0,0.0,0.0,,0.0,,1948,2021,10989.5,923.0
COL__ZMB,COL,ZMB,0.0,0.0,0,0.0,0.0,0.0,,0.0,,1948,2021,11469.5,15.0
COL__ZWE,COL,ZWE,0.0,0.0,0,0.0,0.0,0.0,,0.0,,1948,2021,11776.0,0.0
COM__CPV,COM,CPV,0.0,0.0,0,0.0,0.0,0.0,,0.0,,1948,2021,7927.0,0.0
COM__CRI,COM,CRI,0.0,0.0,0,0.0,0.0,0.0,,0.0,,1948,2021,14282.0,0.0
COM__CUB,COM,CUB,0.0,0.0,0,0.0,0.0,0.0,,0.0,,1948,2021,14152.0,0.0
COM__CYP,COM,CYP,0.0,0.0,0,0.0,0.0,0.0,,0.0,,1948,2021,5290.0,0.0
COM__DEU,COM,DEU,0.0,0.0,0,0.0,0.0,0.0,,0.0,,1948,2021,7668.0,0.0
COM__DJI,COM,DJI,0.0,0.0,0,1.0,1.0,1.0,,1.0,,1948,2021,2576.0,0.0
COM__DMA,COM,DMA,0.0,0.0,0,0.0,0.0,1.0,,0.0,,1948,2021,11906.0,0.0
COM__DOM,COM,DOM,0.0,0.0,0,1.0,0.0,0.0,,0.0,,1948,2021,12846.0,0.0
COM__DZA,COM,DZA,0.0,0.0,0,1.0,1.0,1.0,,1.0,,1948,2021,6818.0,0.0
COM__ECU,COM,ECU,0.0,0.0,0,0.0,0.0,0.0,,0.0,,1948,2021,13563.0,0.0
COM__EGY,COM,EGY,0.0,0.0,0,0.0,0.0,1.0,,0.0,,1948,2021,4795.0,0.0
COM__ERI,COM,ERI,0.0,0.0,0,0.0,0.0,0.0,,0.0,,1948,2021,3028.0,0.0
COM__ESP,COM,ESP,0.0,0.0,0,0.0,0.0,0.0,,0.0,,1948,2021,7379.5,295.0
COM__ETH,COM,ETH,0.0,0.0,0,0.0,0.0,0.0,,0.0,,1948,2021,2346.0,0.0
COM__FJI,COM,FJI,0.0,0.0,0,0.0,0.0,0.0,,0.0,,1948,2021,14099.0,0.0
COM__FRA,COM,FRA,0.0,1.0,1,0.0,1.0,1.0,0.0,0.0,1975.0,1948,2021,7817.0,0.0
COM__FSM,COM,FSM,0.0,0.0,0,0.0,0.0,0.0,,0.0,,1948,2021,12879.0,0.0
COM__GAB,COM,GAB,0.0,0.0,0,1.0,1.0,1.0,,1.0,,1948,2021,3969.0,0.0
COM__GBR,COM,GBR,0.0,0.0,0,0.0,0.0,0.0,,0.0,,1948,2021,8153.0,0.0
COM__GEO,COM,GEO,0.0,0.0,0,0.0,0.0,0.0,,0.0,,1948,2021,5914.0,0.0
COM__GHA,COM,GHA,0.0,0.0,0,0.0,0.0,0.0,,0.0,,1948,2021,5272.5,193.0
COM__GIN,COM,GIN,0.0,0.0,0,1.0,1.0,1.0,,1.0,,1948,2021,6721.0,0.0
COM__GMB,COM,GMB,0.0,0.0,0,0.0,0.0,0.0,,0.0,,1948,2021,7177.0,0.0
COM__GNB,COM,GNB,0.0,0.0,0,0.0,0.0,0.0,,0.0,,1948,2021,7007.0,0.0
COM__GNQ,COM,GNQ,0.0,0.0,0,0.0,0.0,1.0,,0.0,,1948,2021,3997.0,0.0
COM__GRD,COM,GRD,0.0,0.0,0,0.0,0.0,0.0,,0.0,,1948,2021,11894.0,0.0
COM__GTM,COM,GTM,0.0,0.0,0,0.0,0.0,0.0,,0.0,,1948,2021,15023.0,0.0
COM__GUY,COM,GUY,0.0,0.0,0,0.0,0.0,0.0,,0.0,,1948,2021,11408.0,0.0
COM__HND,COM,HND,0.0,0.0,0,0.0,0.0,0.0,,0.0,,1948,2021,14662.0,0.0
COM__HTI,COM,HTI,0.0,0.0,0,1.0,0.0,1.0,,0.0,,1948,2021,13102.0,0.0
COM__IDN,COM,IDN,0.0,0.0,0,0.0,0.0,0.0,,0.0,,1948,2021,7006.0,0.0
COM__IND,COM,IND,0.0,0.0,0,0.0,0.0,0.0,,0.0,,1948,2021,5457.5,1501.0
COM__IRN,COM,IRN,0.0,0.0,0,0.0,0.0,0.0,,0.0,,1948,2021,5316.0,0.0
COM__IRQ,COM,IRQ,0.0,0.0,0,0.0,0.0,1.0,,0.0,,1948,2021,4986.0,0.0
COM__ISR,COM,ISR,0.0,0.0,0,0.0,1.0,0.0,,0.0,,1948,2021,4928.0,0.0
COM__ITA,COM,ITA,0.0,0.0,0,0.0,0.0,0.0,,0.0,,1948,2021,6719.0,0.0
COM__JAM,COM,JAM,0.0,0.0,0,0.0,0.0,0.0,,0.0,,1948,2021,13570.0,0.0
COM__JOR,COM,JOR,0.0,0.0,0,0.0,0.0,1.0,,0.0,,1948,2021,4893.0,0.0
COM__JPN,COM,JPN,0.0,0.0,0,0.0,0.0,0.0,,0.0,,1948,2021,11340.0,0.0
COM__KAZ,COM,KAZ,0.0,0.0,0,0.0,0.0,0.0,,0.0,,1948,2021,6980.0,0.0
COM__KEN,COM,KEN,0.0,0.0,0,0.0,0.0,0.0,,0.0,,1948,2021,1354.0,0.0
COM__KGZ,COM,KGZ,0.0,0.0,0,0.0,0.0,0.0,,0.0,,1948,2021,6834.0,0.0
COM__KHM,COM,KHM,0.0,0.0,0,1.0,0.0,0.0,,1.0,,1948,2021,7285.0,0.0
COM__KIR,COM,KIR,0.0,0.0,0,0.0,0.0,0.0,,0.0,,1948,2021,14368.0,0.0
COM__KNA,COM,KNA,0.0,0.0,0,0.0,0.0,0.0,,0.0,,1948,2021,12076.0,0.0
COM__KOR,COM,KOR,0.0,0.0,0,0.0,0.0,0.0,,0.0,,1948,2021,10252.0,0.0
COM__KWT,COM,KWT,0.0,0.0,0,0.0,0.0,1.0,,0.0,,1948,2021,4573.0,0.0
COM__LAO,COM,LAO,0.0,0.0,0,1.0,0.0,0.0,,1.0,,1948,2021,7299.0,0.0
COM__LBN,COM,LBN,0.0,0.0,0,1.0,1.0,1.0,,0.0,,1948,2021,5113.0,0.0
COM__LBR,COM,LBR,0.0,0.0,0,0.0,0.0,0.0,,0.0,,1948,2021,6307.0,0.0
COM__LBY,COM,LBY,0.0,0.0,0,0.0,0.0,1.0,,0.0,,1948,2021,5877.0,0.0
COM__LCA,COM,LCA,0.0,0.0,0,0.0,0.0,0.0,,0.0,,1948,2021,11844.0,0.0
COM__LKA,COM,LKA,0.0,0.0,0,0.0,0.0,0.0,,0.0,,1948,2021,4546.0,0.0
COM__LSO,COM,LSO,0.0,0.0,0,0.0,0.0,0.0,,0.0,,1948,2021,2545.0,0.0
COM__MAR,COM,MAR,0.0,0.0,0,1.0,1.0,1.0,,1.0,,1948,2021,7358.0,0.0
COM__MDG,COM,MDG,0.0,0.0,0,1.0,1.0,1.0,,1.0,,1948,2021,921.0,0.0
COM__MDV,COM,MDV,0.0,0.0,0,0.0,0.0,0.0,,0.0,,1948,2021,3782.0,0.0
COM__MEX,COM,MEX,0.0,0.0,0,0.0,0.0,0.0,,0.0,,1948,2021,15919.0,0.0
COM__MHL,COM,MHL,0.0,0.0,0,0.0,0.0,0.0,,0.0,,1948,2021,14323.0,0.0
COM__MLI,COM,MLI,0.0,0.0,0,1.0,0.0,1.0,,1.0,,1948,2021,6270.0,0.0
COM__MMR,COM,MMR,0.0,0.0,0,0.0,0.0,0.0,,0.0,,1948,2021,6620.0,0.0
COM__MNG,COM,MNG,0.0,0.0,0,0.0,0.0,0.0,,0.0,,1948,2021,9094.0,0.0
COM__MOZ,COM,MOZ,0.0,0.0,0,0.0,0.0,0.0,,0.0,,1948,2021,1939.5,7.0
COM__MRT,COM,MRT,0.0,0.0,0,1.0,0.0,1.0,,1.0,,1948,2021,7293.0,0.0
COM__MUS,COM,MUS,0.0,0.0,0,1.0,1.0,1.0,,0.0,,1948,2021,1788.0,0.0
COM__MWI,COM,MWI,0.0,0.0,0,0.0,0.0,0.0,,0.0,,1948,2021,1029.0,58.0
COM__MYS,COM,MYS,0.0,0.0,0,0.0,0.0,0.0,,0.0,,1948,2021,6761.5,181.0
COM__NAM,COM,NAM,0.0,0.0,0,0.0,0.0,0.0,,0.0,,1948,2021,3026.0,0.0
COM__NER,COM,NER,0.0,0.0,0,1.0,1.0,1.0,,1.0,,1948,2021,5330.0,0.0
COM__NGA,COM,NGA,0.0,0.0,0,0.0,0.0,0.0,,0.0,,1948,2021,4845.5,7.0
COM__NIC,COM,NIC,0.0,0.0,0,0.0,0.0,0.0,,0.0,,1948,2021,14543.0,0.0
COM__NLD,COM,NLD,0.0,0.0,0,0.0,0.0,0.0,,0.0,,1948,2021,7982.0,20.0
COM__NPL,COM,NPL,0.0,0.0,0,0.0,0.0,0.0,,0.0,,1948,2021,6291.0,0.0
COM__NRU,COM,NRU,0.0,0.0,0,0.0,0.0,0.0,,0.0,,1948,2021,13663.0,0.0
COM__NZL,COM,NZL,0.0,0.0,0,0.0,0.0,0.0,,0.0,,1948,2021,12628.0,0.0
COM__OMN,COM,OMN,0.0,0.0,0,0.0,0.0,1.0,,0.0,,1948,2021,4249.0,0.0
COM__PAK,COM,PAK,0.0,0.0,0,0.0,0.0,0.0,,0.0,,1948,2021,4806.0,0.0
COM__PAN,COM,PAN,0.0,0.0,0,0.0,0.0,0.0,,0.0,,1948,2021,13772.0,0.0
COM__PER,COM,PER,0.0,0.0,0,0.0,0.0,0.0,,0.0,,1948,2021,12930.0,0.0
COM__PHL,COM,PHL,0.0,0.0,0,0.0,0.0,0.0,,0.0,,1948,2021,9051.0,0.0
COM__PLW,COM,PLW,0.0,0.0,0,0.0,0.0,0.0,,0.0,,1948,2021,10323.5,19.0
COM__PNG,COM,PNG,0.0,0.0,0,0.0,0.0,0.0,,0.0,,1948,2021,11299.0,0.0
COM__PRK,COM,PRK,0.0,0.0,0,0.0,0.0,0.0,,0.0,,1948,2021,10185.0,0.0
COM__PRT,COM,PRT,0.0,0.0,0,0.0,0.0,0.0,,0.0,,1948,2021,7789.0,0.0
COM__PRY,COM,PRY,0.0,0.0,0,0.0,0.0,0.0,,0.0,,1948,2021,10535.0,0.0
COM__QAT,COM,QAT,0.0,0.0,0,0.0,0.0,1.0,,0.0,,1948,2021,4187.5,1.0
COM__RWA,COM,RWA,0.0,0.0,0,0.0,1.0,1.0,,0.0,,1948,2021,1813.0,0.0
COM__SAU,COM,SAU,0.0,0.0,0,0.0,0.0,1.0,,0.0,,1948,2021,3863.0,360.0
COM__SDN,COM,SDN,0.0,0.0,0,0.0,0.0,1.0,,0.0,,1948,2021,3238.0,0.0
COM__SEN,COM,SEN,0.0,0.0,0,1.0,1.0,1.0,,1.0,,1948,2021,7302.0,0.0
COM__SGP,COM,SGP,0.0,0.0,0,0.0,0.0,0.0,,0.0,,1948,2021,6852.0,0.0
COM__SLB,COM,SLB,0.0,0.0,0,0.0,0.0,0.0,,0.0,,1948,2021,12649.0,0.0
COM__SLE,COM,SLE,0.0,0.0,0,0.0,0.0,0.0,,0.0,,1948,2021,6639.0,0.0
COM__SLV,COM,SLV,0.0,0.0,0,0.0,0.0,0.0,,0.0,,1948,2021,14873.0,0.0
COM__SOM,COM,SOM,0.0,0.0,0,0.0,0.0,1.0,,0.0,,1948,2021,1537.0,0.0
COM__SSD,COM,SSD,0.0,0.0,0,0.0,0.0,1.0,,0.0,,1948,2021,2241.0,0.0
COM__STP,COM,STP,0.0,0.0,0,0.0,0.0,0.0,,0.0,,1948,2021,4252.0,0.0
COM__SUR,COM,SUR,0.0,0.0,0,0.0,0.0,0.0,,0.0,,1948,2021,11064.0,0.0
COM__SWZ,COM,SWZ,0.0,0.0,0,0.0,0.0,0.0,,0.0,,1948,2021,2058.0,0.0
COM__SYC,COM,SYC,0.0,0.0,0,1.0,1.0,1.0,,0.0,,1948,2021,1555.0,0.0
COM__SYR,COM,SYR,0.0,0.0,0,1.0,0.0,1.0,,1.0,,1948,2021,5199.5,285.0
COM__TCD,COM,TCD,0.0,0.0,0,1.0,0.0,1.0,,1.0,,1948,2021,4081.0,0.0
COM__TGO,COM,TGO,0.0,0.0,0,1.0,1.0,1.0,,1.0,,1948,2021,5056.0,0.0
COM__THA,COM,THA,0.0,0.0,0,0.0,0.0,0.0,,0.0,,1948,2021,6918.0,0.0
COM__TJK,COM,TJK,0.0,0.0,0,0.0,0.0,0.0,,0.0,,1948,2021,6162.0,0.0
COM__TKM,COM,TKM,0.0,0.0,0,0.0,0.0,0.0,,0.0,,1948,2021,5718.0,0.0
COM__TLS,COM,TLS,0.0,0.0,0,0.0,0.0,0.0,,0.0,,1948,2021,8996.0,0.0
COM__TON,COM,TON,0.0,0.0,0,0.0,0.0,0.0,,0.0,,1948,2021,14465.0,0.0
COM__TTO,COM,TTO,0.0,0.0,0,0.0,0.0,0.0,,0.0,,1948,2021,11845.0,0.0
COM__TUN,COM,TUN,0.0,0.0,0,1.0,0.0,1.0,,1.0,,1948,2021,6391.0,0.0
COM__TUR,COM,TUR,0.0,0.0,0,0.0,0.0,0.0,,0.0,,1948,2021,6019.0,0.0
COM__TUV,COM,TUV,0.0,0.0,0,0.0,0.0,0.0,,0.0,,1948,2021,14666.0,0.0
COM__TWN,COM,TWN,0.0,0.0,0,0.0,0.0,0.0,,0.0,,1948,2021,9402.5,9.0
COM__TZA,COM,TZA,0.0,0.0,0,0.0,0.0,0.0,,0.0,,1948,2021,695.0,0.0
COM__UGA,COM,UGA,0.0,0.0,0,0.0,0.0,0.0,,0.0,,1948,2021,1777.0,0.0
COM__URY,COM,URY,0.0,0.0,0,0.0,0.0,0.0,,0.0,,1948,2021,10120.0,0.0
COM__USA,COM,USA,0.0,0.0,0,1.0,0.0,0.0,,0.0,,1948,2021,13144.0,0.0
COM__UZB,COM,UZB,0.0,0.0,0,0.0,0.0,0.0,,0.0,,1948,2021,6442.0,0.0
COM__VCT,COM,VCT,0.0,0.0,0,0.0,0.0,0.0,,0.0,,1948,2021,11856.0,0.0
COM__VEN,COM,VEN,0.0,0.0,0,0.0,0.0,0.0,,0.0,,1948,2021,12422.0,0.0
COM__VNM,COM,VNM,0.0,0.0,0,1.0,0.0,0.0,,1.0,,1948,2021,7439.0,0.0
COM__VUT,COM,VUT,0.0,0.0,0,1.0,1.0,1.0,,1.0,,1948,2021,13170.0,0.0
COM__WSM,COM,WSM,0.0,0.0,0,0.0,0.0,0.0,,0.0,,1948,2021,15238.0,0.0
COM__YEM,COM,YEM,0.0,0.0,0,0.0,0.0,1.0,,0.0,,1948,2021,2962.5,63.0
COM__ZAF,COM,ZAF,0.0,0.0,0,0.0,0.0,0.0,,0.0,,1948,2021,2893.5,1261.0
COM__ZMB,COM,ZMB,0.0,0.0,0,0.0,0.0,0.0,,0.0,,1948,2021,1657.0,30.0
COM__ZWE,COM,ZWE,0.0,0.0,0,0.0,0.0,0.0,,0.0,,1948,2021,1477.0,0.0
CPV__CRI,CPV,CRI,0.0,0.0,0,0.0,0.0,0.0,,0.0,,1948,2021,6591.0,0.0
CPV__CUB,CPV,CUB,0.0,0.0,0,0.0,0.0,0.0,,0.0,,1948,2021,6225.0,0.0
CPV__CYP,CPV,CYP,0.0,0.0,0,0.0,0.0,0.0,,0.0,,1948,2021,6072.0,0.0
CPV__DEU,CPV,DEU,0.0,0.0,0,0.0,0.0,0.0,,0.0,,1948,2021,5289.0,0.0
CPV__DJI,CPV,DJI,0.0,0.0,0,0.0,0.0,0.0,,0.0,,1948,2021,7207.0,0.0
CPV__DMA,CPV,DMA,0.0,0.0,0,0.0,0.0,0.0,,0.0,,1948,2021,4067.0,0.0
CPV__DOM,CPV,DOM,0.0,0.0,0,0.0,0.0,0.0,,0.0,,1948,2021,4951.0,0.0
CPV__DZA,CPV,DZA,0.0,0.0,0,0.0,0.0,0.0,,0.0,,1948,2021,3573.0,0.0
CPV__ECU,CPV,ECU,0.0,0.0,0,0.0,0.0,0.0,,0.0,,1948,2021,6492.0,0.0
CPV__EGY,CPV,EGY,0.0,0.0,0,0.0,0.0,0.0,,0.0,,1948,2021,5821.0,0.0
CPV__ERI,CPV,ERI,0.0,0.0,0,0.0,0.0,0.0,,0.0,,1948,2021,6686.0,0.0
CPV__ESP,CPV,ESP,0.0,0.0,0,0.0,0.0,0.0,,0.0,,1948,2021,3627.0,420.0
CPV__ETH,CPV,ETH,0.0,0.0,0,0.0,0.0,0.0,,0.0,,1948,2021,6792.0,0.0
CPV__FJI,CPV,FJI,0.0,0.0,0,0.0,0.0,0.0,,0.0,,1948,2021,17665.0,0.0
CPV__FRA,CPV,FRA,0.0,0.0,0,0.0,0.0,0.0,,0.0,,1948,2021,4442.0,0.0
CPV__FSM,CPV,FSM,0.0,0.0,0,0.0,0.0,0.0,,0.0,,1948,2021,17582.0,0.0
CPV__GAB,CPV,GAB,0.0,0.0,0,0.0,0.0,0.0,,0.0,,1948,2021,3966.0,0.0
CPV__GBR,CPV,GBR,0.0,0.0,0,0.0,0.0,0.0,,0.0,,1948,2021,4563.0,0.0
CPV__GEO,CPV,GEO,0.0,0.0,0,0.0,0.0,0.0,,0.0,,1948,2021,7129.0,0.0
CPV__GHA,CPV,GHA,0.0,0.0,0,0.0,0.0,0.0,,0.0,,1948,2021,2655.5,195.0
CPV__GIN,CPV,GIN,0.0,0.0,0,0.0,0.0,0.0,,0.0,,1948,2021,1225.0,0.0
CPV__GMB,CPV,GMB,0.0,0.0,0,0.0,0.0,0.0,,0.0,,1948,2021,755.0,0.0
CPV__GNB,CPV,GNB,0.0,0.0,0,1.0,0.0,1.0,,1.0,,1948,2021,921.0,0.0
CPV__GNQ,CPV,GNQ,0.0,0.0,0,0.0,0.0,0.0,,0.0,,1948,2021,3930.0,0.0
CPV__GRD,CPV,GRD,0.0,0.0,0,0.0,0.0,0.0,,0.0,,1948,2021,4147.0,0.0
CPV__GTM,CPV,GTM,0.0,0.0,0,0.0,0.0,0.0,,0.0,,1948,2021,7185.0,0.0
CPV__GUY,CPV,GUY,0.0,0.0,0,0.0,0.0,0.0,,0.0,,1948,2021,3888.0,0.0
CPV__HND,CPV,HND,0.0,0.0,0,0.0,0.0,0.0,,0.0,,1948,2021,6842.0,0.0
CPV__HTI,CPV,HTI,0.0,0.0,0,0.0,0.0,0.0,,0.0,,1948,2021,5207.0,0.0
CPV__IDN,CPV,IDN,0.0,0.0,0,0.0,0.0,0.0,,0.0,,1948,2021,14528.0,0.0
CPV__IND,CPV,IND,0.0,0.0,0,0.0,0.0,0.0,,0.0,,1948,2021,10829.5,1393.0
CPV__IRN,CPV,IRN,0.0,0.0,0,0.0,0.0,0.0,,0.0,,1948,2021,7710.0,0.0
CPV__IRQ,CPV,IRQ,0.0,0.0,0,0.0,0.0,0.0,,0.0,,1948,2021,7077.0,0.0
CPV__ISR,CPV,ISR,0.0,0.0,0,0.0,0.0,0.0,,0.0,,1948,2021,6173.0,0.0
CPV__ITA,CPV,ITA,0.0,0.0,0,0.0,0.0,0.0,,0.0,,1948,2021,4565.0,0.0
CPV__JAM,CPV,JAM,0.0,0.0,0,0.0,0.0,0.0,,0.0,,1948,2021,5682.0,0.0
CPV__JOR,CPV,JOR,0.0,0.0,0,0.0,0.0,0.0,,0.0,,1948,2021,6282.0,0.0
CPV__JPN,CPV,JPN,0.0,0.0,0,0.0,0.0,0.0,,0.0,,1948,2021,14132.0,0.0
CPV__KAZ,CPV,KAZ,0.0,0.0,0,0.0,0.0,0.0,,0.0,,1948,2021,9707.0,0.0
CPV__KEN,CPV,KEN,0.0,0.0,0,0.0,0.0,0.0,,0.0,,1948,2021,6877.0,0.0
CPV__KGZ,CPV,KGZ,0.0,0.0,0,0.0,0.0,0.0,,0.0,,1948,2021,9539.0,0.0
CPV__KHM,CPV,KHM,0.0,0.0,0,0.0,0.0,0.0,,0.0,,1948,2021,13633.0,0.0
CPV__KIR,CPV,KIR,0.0,0.0,0,0.0,0.0,0.0,,0.0,,1948,2021,17465.0,0.0
CPV__KNA,CPV,KNA,0.0,0.0,0,0.0,0.0,0.0,,0.0,,1948,2021,4197.0,0.0
CPV__KOR,CPV,KOR,0.0,0.0,0,0.0,0.0,0.0,,0.0,,1948,2021,13431.0,0.0
CPV__KWT,CPV,KWT,0.0,0.0,0,0.0,0.0,0.0,,0.0,,1948,2021,7440.0,0.0
CPV__LAO,CPV,LAO,0.0,0.0,0,0.0,0.0,0.0,,0.0,,1948,2021,13086.0,0.0
CPV__LBN,CPV,LBN,0.0,0.0,0,0.0,0.0,0.0,,0.0,,1948,2021,6252.0,0.0
CPV__LBR,CPV,LBR,0.0,0.0,0,0.0,0.0,0.0,,0.0,,1948,2021,1685.0,0.0
CPV__LBY,CPV,LBY,0.0,0.0,0,0.0,0.0,0.0,,0.0,,1948,2021,4202.0,0.0
CPV__LCA,CPV,LCA,0.0,0.0,0,0.0,0.0,0.0,,0.0,,1948,2021,4038.0,0.0
CPV__LKA,CPV,LKA,0.0,0.0,0,0.0,0.0,0.0,,0.0,,1948,2021,11242.0,0.0
CPV__LSO,CPV,LSO,0.0,0.0,0,0.0,0.0,0.0,,0.0,,1948,2021,7345.0,0.0
CPV__MAR,CPV,MAR,0.0,0.0,0,0.0,0.0,0.0,,0.0,,1948,2021,2616.0,0.0
CPV__MDG,CPV,MDG,0.0,0.0,0,0.0,0.0,0.0,,0.0,,1948,2021,8637.0,0.0
CPV__MDV,CPV,MDV,0.0,0.0,0,0.0,0.0,0.0,,0.0,,1948,2021,10651.0,0.0
CPV__MEX,CPV,MEX,0.0,0.0,0,0.0,0.0,0.0,,0.0,,1948,2021,7999.0,0.0
CPV__MHL,CPV,MHL,0.0,0.0,0,0.0,0.0,0.0,,0.0,,1948,2021,17077.0,0.0
CPV__MLI,CPV,MLI,0.0,0.0,0,0.0,0.0,0.0,,0.0,,1948,2021,1695.0,0.0
CPV__MMR,CPV,MMR,0.0,0.0,0,0.0,0.0,0.0,,0.0,,1948,2021,12530.0,0.0
CPV__MNG,CPV,MNG,0.0,0.0,0,0.0,0.0,0.0,,0.0,,1948,2021,11493.0,0.0
CPV__MOZ,CPV,MOZ,0.0,0.0,0,1.0,1.0,1.0,,1.0,,1948,2021,7567.0,12.0
CPV__MRT,CPV,MRT,0.0,0.0,0,0.0,0.0,0.0,,0.0,,1948,2021,877.0,0.0
CPV__MUS,CPV,MUS,0.0,0.0,0,0.0,0.0,0.0,,0.0,,1948,2021,9671.0,0.0
CPV__MWI,CPV,MWI,0.0,0.0,0,0.0,0.0,0.0,,0.0,,1948,2021,7173.5,203.0
CPV__MYS,CPV,MYS,0.0,0.0,0,0.0,0.0,0.0,,0.0,,1948,2021,13820.0,296.0
CPV__NAM,CPV,NAM,0.0,0.0,0,0.0,0.0,0.0,,0.0,,1948,2021,6064.0,0.0
CPV__NER,CPV,NER,0.0,0.0,0,0.0,0.0,0.0,,0.0,,1948,2021,2768.0,0.0
CPV__NGA,CPV,NGA,0.0,0.0,0,0.0,0.0,0.0,,0.0,,1948,2021,3094.5,19.0
CPV__NIC,CPV,NIC,0.0,0.0,0,0.0,0.0,0.0,,0.0,,1948,2021,6777.0,0.0
CPV__NLD,CPV,NLD,0.0,0.0,0,0.0,0.0,0.0,,0.0,,1948,2021,4826.0,56.0
CPV__NPL,CPV,NPL,0.0,0.0,0,0.0,0.0,0.0,,0.0,,1948,2021,11024.0,0.0
CPV__NRU,CPV,NRU,0.0,0.0,0,0.0,0.0,0.0,,0.0,,1948,2021,18053.0,0.0
CPV__NZL,CPV,NZL,0.0,0.0,0,0.0,0.0,0.0,,0.0,,1948,2021,16982.0,0.0
CPV__OMN,CPV,OMN,0.0,0.0,0,0.0,0.0,0.0,,0.0,,1948,2021,8575.0,0.0
CPV__PAK,CPV,PAK,0.0,0.0,0,0.0,0.0,0.0,,0.0,,1948,2021,9386.0,0.0
CPV__PAN,CPV,PAN,0.0,0.0,0,0.0,0.0,0.0,,0.0,,1948,2021,6121.0,0.0
CPV__PER,CPV,PER,0.0,0.0,0,0.0,0.0,0.0,,0.0,,1948,2021,6611.0,0.0
CPV__PHL,CPV,PHL,0.0,0.0,0,0.0,0.0,0.0,,0.0,,1948,2021,14930.0,0.0
CPV__PLW,CPV,PLW,0.0,0.0,0,0.0,0.0,0.0,,0.0,,1948,2021,16560.0,2.0
CPV__PNG,CPV,PNG,0.0,0.0,0,0.0,0.0,0.0,,0.0,,1948,2021,18847.0,0.0
CPV__PRK,CPV,PRK,0.0,0.0,0,0.0,0.0,0.0,,0.0,,1948,2021,13236.0,0.0
CPV__PRT,CPV,PRT,0.0,1.0,1,0.0,1.0,1.0,0.0,0.0,1975.0,1948,2021,2990.0,0.0
CPV__PRY,CPV,PRY,0.0,0.0,0,0.0,0.0,0.0,,0.0,,1948,2021,5788.0,0.0
CPV__QAT,CPV,QAT,0.0,0.0,0,0.0,0.0,0.0,,0.0,,1948,2021,7833.0,10.0
CPV__RWA,CPV,RWA,0.0,0.0,0,0.0,0.0,0.0,,0.0,,1948,2021,6187.0,0.0
CPV__SAU,CPV,SAU,0.0,0.0,0,0.0,0.0,0.0,,0.0,,1948,2021,7030.0,666.0
CPV__SDN,CPV,SDN,0.0,0.0,0,0.0,0.0,0.0,,0.0,,1948,2021,6003.0,0.0
CPV__SEN,CPV,SEN,0.0,0.0,0,0.0,0.0,0.0,,0.0,,1948,2021,653.0,0.0
CPV__SGP,CPV,SGP,0.0,0.0,0,0.0,0.0,0.0,,0.0,,1948,2021,13968.0,0.0
CPV__SLB,CPV,SLB,0.0,0.0,0,0.0,0.0,0.0,,0.0,,1948,2021,19298.0,0.0
CPV__SLE,CPV,SLE,0.0,0.0,0,0.0,0.0,0.0,,0.0,,1948,2021,1327.0,0.0
CPV__SLV,CPV,SLV,0.0,0.0,0,0.0,0.0,0.0,,0.0,,1948,2021,7060.0,0.0
CPV__SOM,CPV,SOM,0.0,0.0,0,0.0,0.0,0.0,,0.0,,1948,2021,7685.0,0.0
CPV__SSD,CPV,SSD,0.0,0.0,0,0.0,0.0,0.0,,0.0,,1948,2021,6128.0,0.0
CPV__STP,CPV,STP,0.0,0.0,0,1.0,1.0,1.0,,1.0,,1948,2021,3697.0,0.0
CPV__SUR,CPV,SUR,0.0,0.0,0,0.0,0.0,0.0,,0.0,,1948,2021,3603.0,0.0
CPV__SWZ,CPV,SWZ,0.0,0.0,0,0.0,0.0,0.0,,0.0,,1948,2021,7467.0,0.0
CPV__SYC,CPV,SYC,0.0,0.0,0,0.0,0.0,0.0,,0.0,,1948,2021,8967.0,0.0
CPV__SYR,CPV,SYR,0.0,0.0,0,0.0,0.0,0.0,,0.0,,1948,2021,6375.0,100.0
CPV__TCD,CPV,TCD,0.0,0.0,0,0.0,0.0,0.0,,0.0,,1948,2021,4180.0,0.0
CPV__TGO,CPV,TGO,0.0,0.0,0,0.0,0.0,0.0,,0.0,,1948,2021,2872.0,0.0
CPV__THA,CPV,THA,0.0,0.0,0,0.0,0.0,0.0,,0.0,,1948,2021,13100.0,0.0
CPV__TJK,CPV,TJK,0.0,0.0,0,0.0,0.0,0.0,,0.0,,1948,2021,9188.0,0.0
CPV__TKM,CPV,TKM,0.0,0.0,0,0.0,0.0,0.0,,0.0,,1948,2021,8304.0,0.0
CPV__TLS,CPV,TLS,0.0,0.0,0,0.0,0.0,1.0,,1.0,,1948,2021,16595.0,0.0
CPV__TON,CPV,TON,0.0,0.0,0,0.0,0.0,0.0,,0.0,,1948,2021,16962.0,0.0
CPV__TTO,CPV,TTO,0.0,0.0,0,0.0,0.0,0.0,,0.0,,1948,2021,4148.0,0.0
CPV__TUN,CPV,TUN,0.0,0.0,0,0.0,0.0,0.0,,0.0,,1948,2021,4120.0,0.0
CPV__TUR,CPV,TUR,0.0,0.0,0,0.0,0.0,0.0,,0.0,,1948,2021,5805.0,0.0
CPV__TUV,CPV,TUV,0.0,0.0,0,0.0,0.0,0.0,,0.0,,1948,2021,17461.0,0.0
CPV__TWN,CPV,TWN,0.0,0.0,0,0.0,0.0,0.0,,0.0,,1948,2021,14190.5,3.0
CPV__TZA,CPV,TZA,0.0,0.0,0,0.0,0.0,0.0,,0.0,,1948,2021,7331.0,0.0
CPV__UGA,CPV,UGA,0.0,0.0,0,0.0,0.0,0.0,,0.0,,1948,2021,6375.0,0.0
CPV__URY,CPV,URY,0.0,0.0,0,0.0,0.0,0.0,,0.0,,1948,2021,6499.0,0.0
CPV__USA,CPV,USA,0.0,0.0,0,0.0,0.0,0.0,,0.0,,1948,2021,5636.0,0.0
CPV__UZB,CPV,UZB,0.0,0.0,0,0.0,0.0,0.0,,0.0,,1948,2021,9155.0,0.0
CPV__VCT,CPV,VCT,0.0,0.0,0,0.0,0.0,0.0,,0.0,,1948,2021,4074.0,0.0
CPV__VEN,CPV,VEN,0.0,0.0,0,0.0,0.0,0.0,,0.0,,1948,2021,4729.0,0.0
CPV__VNM,CPV,VNM,0.0,0.0,0,0.0,0.0,0.0,,0.0,,1948,2021,13844.0,0.0
CPV__VUT,CPV,VUT,0.0,0.0,0,0.0,0.0,0.0,,0.0,,1948,2021,18731.0,0.0
CPV__WSM,CPV,WSM,0.0,0.0,0,0.0,0.0,0.0,,0.0,,1948,2021,16612.0,0.0
CPV__YEM,CPV,YEM,0.0,0.0,0,0.0,0.0,0.0,,0.0,,1948,2021,7184.0,122.0
CPV__ZAF,CPV,ZAF,0.0,0.0,0,0.0,0.0,0.0,,0.0,,1948,2021,7098.5,201.0
CPV__ZMB,CPV,ZMB,0.0,0.0,0,0.0,0.0,0.0,,0.0,,1948,2021,6541.0,140.0
CPV__ZWE,CPV,ZWE,0.0,0.0,0,0.0,0.0,0.0,,0.0,,1948,2021,6998.0,0.0
CRI__CUB,CRI,CUB,0.0,0.0,0,1.0,1.0,1.0,,0.0,,1948,2021,1471.0,0.0
CRI__CYP,CRI,CYP,0.0,0.0,0,0.0,0.0,0.0,,0.0,,1948,2021,11776.0,0.0
CRI__DEU,CRI,DEU,0.0,0.0,0,0.0,0.0,0.0,,0.0,,1948,2021,9641.0,0.0
CRI__DJI,CRI,DJI,0.0,0.0,0,0.0,0.0,0.0,,0.0,,1948,2021,13727.0,0.0
CRI__DMA,CRI,DMA,0.0,0.0,0,0.0,0.0,0.0,,0.0,,1948,2021,2534.0,0.0
CRI__DOM,CRI,DOM,0.0,0.0,0,1.0,1.0,1.0,,0.0,,1948,2021,1798.0,0.0
CRI__DZA,CRI,DZA,0.0,0.0,0,0.0,0.0,0.0,,0.0,,1948,2021,9104.0,0.0
CRI__ECU,CRI,ECU,0.0,0.0,0,1.0,1.0,1.0,,0.0,,1948,2021,1415.0,0.0
CRI__EGY,CRI,EGY,0.0,0.0,0,0.0,0.0,0.0,,0.0,,1948,2021,11819.0,0.0
CRI__ERI,CRI,ERI,0.0,0.0,0,0.0,0.0,0.0,,0.0,,1948,2021,13155.0,0.0
CRI__ESP,CRI,ESP,0.0,0.0,1,0.0,1.0,1.0,,0.0,1821.0,1948,2021,8733.0,486.0
CRI__ETH,CRI,ETH,0.0,0.0,0,0.0,0.0,0.0,,0.0,,1948,2021,13361.0,0.0
CRI__FJI,CRI,FJI,0.0,0.0,0,0.0,0.0,0.0,,0.0,,1948,2021,11139.0,0.0
CRI__FRA,CRI,FRA,0.0,0.0,0,0.0,0.0,0.0,,0.0,,1948,2021,8925.0,0.0
CRI__FSM,CRI,FSM,0.0,0.0,0,1.0,0.0,0.0,,0.0,,1948,2021,12888.0,0.0
CRI__GAB,CRI,GAB,0.0,0.0,0,0.0,0.0,0.0,,0.0,,1948,2021,10398.0,0.0
CRI__GBR,CRI,GBR,0.0,0.0,0,0.0,0.0,0.0,,0.0,,1948,2021,8733.0,0.0
CRI__GEO,CRI,GEO,0.0,0.0,0,0.0,0.0,0.0,,0.0,,1948,2021,12282.0,0.0
CRI__GHA,CRI,GHA,0.0,0.0,0,0.0,0.0,0.0,,0.0,,1948,2021,9156.5,177.0
CRI__GIN,CRI,GIN,0.0,0.0,0,0.0,0.0,0.0,,0.0,,1948,2021,7712.0,0.0
CRI__GMB,CRI,GMB,0.0,0.0,0,0.0,0.0,0.0,,0.0,,1948,2021,7337.0,0.0
CRI__GNB,CRI,GNB,0.0,0.0,0,0.0,0.0,0.0,,0.0,,1948,2021,7471.0,0.0
CRI__GNQ,CRI,GNQ,0.0,0.0,0,1.0,1.0,1.0,,0.0,,1948,2021,10404.0,0.0
CRI__GRD,CRI,GRD,0.0,0.0,0,0.0,0.0,0.0,,0.0,,1948,2021,2451.0,0.0
CRI__GTM,CRI,GTM,0.0,0.0,0,1.0,1.0,1.0,,0.0,,1948,2021,872.0,0.0
CRI__GUY,CRI,GUY,0.0,0.0,0,0.0,0.0,0.0,,0.0,,1948,2021,2875.0,0.0
CRI__HND,CRI,HND,0.0,0.0,0,1.0,1.0,1.0,,0.0,,1948,2021,572.0,0.0
CRI__HTI,CRI,HTI,0.0,0.0,0,0.0,0.0,0.0,,0.0,,1948,2021,1585.0,0.0
CRI__IDN,CRI,IDN,0.0,0.0,0,0.0,0.0,0.0,,0.0,,1948,2021,18761.0,0.0
CRI__IND,CRI,IND,0.0,0.0,0,0.0,0.0,0.0,,0.0,,1948,2021,15805.0,1032.0
CRI__IRN,CRI,IRN,0.0,0.0,0,0.0,0.0,0.0,,0.0,,1948,2021,13140.0,0.0
CRI__IRQ,CRI,IRQ,0.0,0.0,0,0.0,0.0,0.0,,0.0,,1948,2021,12765.0,0.0
CRI__ISR,CRI,ISR,0.0,0.0,0,0.0,0.0,0.0,,0.0,,1948,2021,12039.0,0.0
CRI__ITA,CRI,ITA,0.0,0.0,0,0.0,0.0,0.0,,0.0,,1948,2021,9818.0,0.0
CRI__JAM,CRI,JAM,0.0,0.0,0,0.0,0.0,0.0,,0.0,,1948,2021,1190.0,0.0
CRI__JOR,CRI,JOR,0.0,0.0,0,0.0,0.0,0.0,,0.0,,1948,2021,12144.0,0.0
CRI__JPN,CRI,JPN,0.0,0.0,0,0.0,0.0,0.0,,0.0,,1948,2021,13191.0,0.0
CRI__KAZ,CRI,KAZ,0.0,0.0,0,0.0,0.0,0.0,,0.0,,1948,2021,13810.0,0.0
CRI__KEN,CRI,KEN,0.0,0.0,0,0.0,0.0,0.0,,0.0,,1948,2021,13428.0,0.0
CRI__KGZ,CRI,KGZ,0.0,0.0,0,0.0,0.0,0.0,,0.0,,1948,2021,13772.0,0.0
CRI__KHM,CRI,KHM,0.0,0.0,0,0.0,0.0,0.0,,0.0,,1948,2021,17432.0,0.0
CRI__KIR,CRI,KIR,0.0,0.0,0,0.0,0.0,0.0,,0.0,,1948,2021,11410.0,0.0
CRI__KNA,CRI,KNA,0.0,0.0,0,0.0,0.0,0.0,,0.0,,1948,2021,2448.0,0.0
CRI__KOR,CRI,KOR,0.0,0.0,0,0.0,0.0,0.0,,0.0,,1948,2021,13838.0,0.0
CRI__KWT,CRI,KWT,0.0,0.0,0,0.0,0.0,0.0,,0.0,,1948,2021,13289.0,0.0
CRI__LAO,CRI,LAO,0.0,0.0,0,0.0,0.0,0.0,,0.0,,1948,2021,16834.0,0.0
CRI__LBN,CRI,LBN,0.0,0.0,0,0.0,0.0,0.0,,0.0,,1948,2021,12012.0,0.0
CRI__LBR,CRI,LBR,0.0,0.0,0,0.0,0.0,0.0,,0.0,,1948,2021,8072.0,0.0
CRI__LBY,CRI,LBY,0.0,0.0,0,0.0,0.0,0.0,,0.0,,1948,2021,10090.0,0.0
CRI__LCA,CRI,LCA,0.0,0.0,0,0.0,0.0,0.0,,0.0,,1948,2021,2554.0,0.0
CRI__LKA,CRI,LKA,0.0,0.0,0,0.0,0.0,0.0,,0.0,,1948,2021,17441.0,0.0
CRI__LSO,CRI,LSO,0.0,0.0,0,0.0,0.0,0.0,,0.0,,1948,2021,12637.0,0.0
CRI__MAR,CRI,MAR,0.0,0.0,0,0.0,0.0,0.0,,0.0,,1948,2021,8158.0,0.0
CRI__MDG,CRI,MDG,0.0,0.0,0,0.0,0.0,0.0,,0.0,,1948,2021,14739.0,0.0
CRI__MDV,CRI,MDV,0.0,0.0,0,0.0,0.0,0.0,,0.0,,1948,2021,17094.0,0.0
CRI__MEX,CRI,MEX,0.0,0.0,0,1.0,1.0,1.0,,0.0,,1948,2021,1931.0,0.0
CRI__MHL,CRI,MHL,0.0,0.0,0,0.0,0.0,0.0,,0.0,,1948,2021,11461.0,0.0
CRI__MLI,CRI,MLI,0.0,0.0,0,0.0,0.0,0.0,,0.0,,1948,2021,8283.0,0.0
CRI__MMR,CRI,MMR,0.0,0.0,0,0.0,0.0,0.0,,0.0,,1948,2021,17047.0,0.0
CRI__MNG,CRI,MNG,0.0,0.0,0,0.0,0.0,0.0,,0.0,,1948,2021,13508.0,0.0
CRI__MOZ,CRI,MOZ,0.0,0.0,0,0.0,0.0,0.0,,0.0,,1948,2021,13148.5,13.0
CRI__MRT,CRI,MRT,0.0,0.0,0,0.0,0.0,0.0,,0.0,,1948,2021,7376.0,0.0
CRI__MUS,CRI,MUS,0.0,0.0,0,0.0,0.0,0.0,,0.0,,1948,2021,15761.0,0.0
CRI__MWI,CRI,MWI,0.0,0.0,0,0.0,0.0,0.0,,0.0,,1948,2021,13341.5,141.0
CRI__MYS,CRI,MYS,0.0,0.0,0,0.0,0.0,0.0,,0.0,,1948,2021,18461.5,65.0
CRI__NAM,CRI,NAM,0.0,0.0,0,0.0,0.0,0.0,,0.0,,1948,2021,11574.0,0.0
CRI__NER,CRI,NER,0.0,0.0,0,0.0,0.0,0.0,,0.0,,1948,2021,9356.0,0.0
CRI__NGA,CRI,NGA,0.0,0.0,0,0.0,0.0,0.0,,0.0,,1948,2021,9639.5,37.0
CRI__NIC,CRI,NIC,1.0,0.0,0,1.0,1.0,1.0,,0.0,,1948,2021,340.0,0.0
CRI__NLD,CRI,NLD,0.0,0.0,0,0.0,0.0,0.0,,0.0,,1948,2021,9060.0,24.0
CRI__NPL,CRI,NPL,0.0,0.0,0,0.0,0.0,0.0,,0.0,,1948,2021,15689.0,0.0
CRI__NRU,CRI,NRU,0.0,0.0,0,0.0,0.0,0.0,,0.0,,1948,2021,12112.0,0.0
CRI__NZL,CRI,NZL,0.0,0.0,0,0.0,0.0,0.0,,0.0,,1948,2021,11658.0,0.0
CRI__OMN,CRI,OMN,0.0,0.0,0,0.0,0.0,0.0,,0.0,,1948,2021,14520.0,0.0
CRI__PAK,CRI,PAK,0.0,0.0,0,0.0,0.0,0.0,,0.0,,1948,2021,15052.0,0.0
CRI__PAN,CRI,PAN,1.0,0.0,0,1.0,1.0,1.0,,0.0,,1948,2021,511.0,0.0
CRI__PER,CRI,PER,0.0,0.0,0,1.0,1.0,1.0,,0.0,,1948,2021,2552.0,0.0
CRI__PHL,CRI,PHL,0.0,0.0,0,1.0,0.0,0.0,,0.0,,1948,2021,16146.0,0.0
CRI__PLW,CRI,PLW,0.0,0.0,0,0.0,0.0,0.0,,0.0,,1948,2021,15338.5,21.0
CRI__PNG,CRI,PNG,0.0,0.0,0,0.0,0.0,0.0,,0.0,,1948,2021,14416.0,0.0
CRI__PRK,CRI,PRK,0.0,0.0,0,0.0,0.0,0.0,,0.0,,1948,2021,13772.0,0.0
CRI__PRT,CRI,PRT,0.0,0.0,0,0.0,0.0,0.0,,0.0,,1948,2021,8023.0,0.0
CRI__PRY,CRI,PRY,0.0,0.0,0,1.0,1.0,1.0,,0.0,,1948,2021,4839.0,0.0
CRI__QAT,CRI,QAT,0.0,0.0,0,0.0,0.0,0.0,,0.0,,1948,2021,13827.5,9.0
CRI__RWA,CRI,RWA,0.0,0.0,0,0.0,0.0,0.0,,0.0,,1948,2021,12702.0,0.0
CRI__SAU,CRI,SAU,0.0,0.0,0,0.0,0.0,0.0,,0.0,,1948,2021,13219.5,467.0
CRI__SDN,CRI,SDN,0.0,0.0,0,0.0,0.0,0.0,,0.0,,1948,2021,12498.0,0.0
CRI__SEN,CRI,SEN,0.0,0.0,0,0.0,0.0,0.0,,0.0,,1948,2021,7244.0,0.0
CRI__SGP,CRI,SGP,0.0,0.0,0,0.0,0.0,0.0,,0.0,,1948,2021,18494.0,0.0
CRI__SLB,CRI,SLB,0.0,0.0,0,0.0,0.0,0.0,,0.0,,1948,2021,13021.0,0.0
CRI__SLE,CRI,SLE,0.0,0.0,0,0.0,0.0,0.0,,0.0,,1948,2021,7773.0,0.0
CRI__SLV,CRI,SLV,0.0,0.0,0,1.0,1.0,1.0,,0.0,,1948,2021,695.0,0.0
CRI__SOM,CRI,SOM,0.0,0.0,0,0.0,0.0,0.0,,0.0,,1948,2021,14276.0,0.0
CRI__SSD,CRI,SSD,0.0,0.0,0,0.0,0.0,0.0,,0.0,,1948,2021,12717.0,0.0
CRI__STP,CRI,STP,0.0,0.0,0,0.0,0.0,0.0,,0.0,,1948,2021,10100.0,0.0
CRI__SUR,CRI,SUR,0.0,0.0,0,0.0,0.0,0.0,,0.0,,1948,2021,3218.0,0.0
CRI__SWZ,CRI,SWZ,0.0,0.0,0,0.0,0.0,0.0,,0.0,,1948,2021,13008.0,0.0
CRI__SYC,CRI,SYC,0.0,0.0,0,0.0,0.0,0.0,,0.0,,1948,2021,15532.0,0.0
CRI__SYR,CRI,SYR,0.0,0.0,0,0.0,0.0,0.0,,0.0,,1948,2021,12065.5,67.0
CRI__TCD,CRI,TCD,0.0,0.0,0,0.0,0.0,0.0,,0.0,,1948,2021,10765.0,0.0
CRI__TGO,CRI,TGO,0.0,0.0,0,0.0,0.0,0.0,,0.0,,1948,2021,9388.0,0.0
CRI__THA,CRI,THA,0.0,0.0,0,0.0,0.0,0.0,,0.0,,1948,2021,17341.0,0.0
CRI__TJK,CRI,TJK,0.0,0.0,0,0.0,0.0,0.0,,0.0,,1948,2021,13950.0,0.0
CRI__TKM,CRI,TKM,0.0,0.0,0,0.0,0.0,0.0,,0.0,,1948,2021,13431.0,0.0
CRI__TLS,CRI,TLS,0.0,0.0,0,0.0,0.0,0.0,,0.0,,1948,2021,16776.0,0.0
CRI__TON,CRI,TON,0.0,0.0,0,0.0,0.0,0.0,,0.0,,1948,2021,10524.0,0.0
CRI__TTO,CRI,TTO,0.0,0.0,0,0.0,0.0,0.0,,0.0,,1948,2021,2472.0,0.0
CRI__TUN,CRI,TUN,0.0,0.0,0,0.0,0.0,0.0,,0.0,,1948,2021,9732.0,0.0
CRI__TUR,CRI,TUR,0.0,0.0,0,0.0,0.0,0.0,,0.0,,1948,2021,11158.0,0.0
CRI__TUV,CRI,TUV,0.0,0.0,0,0.0,0.0,0.0,,0.0,,1948,2021,10909.0,0.0
CRI__TWN,CRI,TWN,0.0,0.0,0,0.0,0.0,0.0,,0.0,,1948,2021,15254.0,8.0
CRI__TZA,CRI,TZA,0.0,0.0,0,0.0,0.0,0.0,,0.0,,1948,2021,13794.0,0.0
CRI__UGA,CRI,UGA,0.0,0.0,0,0.0,0.0,0.0,,0.0,,1948,2021,12932.0,0.0
CRI__URY,CRI,URY,0.0,0.0,0,1.0,1.0,1.0,,0.0,,1948,2021,5762.0,0.0
CRI__USA,CRI,USA,0.0,0.0,0,1.0,1.0,0.0,,0.0,,1948,2021,3553.0,0.0
CRI__UZB,CRI,UZB,0.0,0.0,0,0.0,0.0,0.0,,0.0,,1948,2021,13715.0,0.0
CRI__VCT,CRI,VCT,0.0,0.0,0,0.0,0.0,0.0,,0.0,,1948,2021,2518.0,0.0
CRI__VEN,CRI,VEN,0.0,0.0,0,1.0,1.0,1.0,,0.0,,1948,2021,1886.0,0.0
CRI__VNM,CRI,VNM,0.0,0.0,0,0.0,0.0,0.0,,0.0,,1948,2021,17433.0,0.0
CRI__VUT,CRI,VUT,0.0,0.0,0,0.0,0.0,0.0,,0.0,,1948,2021,12201.0,0.0
CRI__WSM,CRI,WSM,0.0,0.0,0,0.0,0.0,0.0,,0.0,,1948,2021,10031.0,0.0
CRI__YEM,CRI,YEM,0.0,0.0,0,0.0,0.0,0.0,,0.0,,1948,2021,13629.5,101.0
CRI__ZAF,CRI,ZAF,0.0,0.0,0,0.0,0.0,0.0,,0.0,,1948,2021,12237.0,926.0
CRI__ZMB,CRI,ZMB,0.0,0.0,0,0.0,0.0,0.0,,0.0,,1948,2021,12673.0,32.0
CRI__ZWE,CRI,ZWE,0.0,0.0,0,0.0,0.0,0.0,,0.0,,1948,2021,13000.0,0.0
CUB__CYP,CUB,CYP,0.0,0.0,0,0.0,0.0,0.0,,0.0,,1948,2021,10667.0,0.0
CUB__DEU,CUB,DEU,0.0,0.0,0,0.0,0.0,0.0,,0.0,,1948,2021,8378.0,0.0
CUB__DJI,CUB,DJI,0.0,0.0,0,0.0,0.0,0.0,,0.0,,1948,2021,12959.0,0.0
CUB__DMA,CUB,DMA,0.0,0.0,0,0.0,0.0,0.0,,0.0,,1948,2021,2367.0,0.0
CUB__DOM,CUB,DOM,0.0,0.0,0,1.0,1.0,1.0,,0.0,,1948,2021,1396.0,0.0
CUB__DZA,CUB,DZA,0.0,0.0,0,0.0,0.0,0.0,,0.0,,1948,2021,8122.0,0.0
CUB__ECU,CUB,ECU,0.0,0.0,0,1.0,1.0,1.0,,0.0,,1948,2021,2810.0,0.0
CUB__EGY,CUB,EGY,0.0,0.0,0,0.0,0.0,0.0,,0.0,,1948,2021,10807.0,0.0
CUB__ERI,CUB,ERI,0.0,0.0,0,0.0,0.0,0.0,,0.0,,1948,2021,12351.0,0.0
CUB__ESP,CUB,ESP,0.0,0.0,1,0.0,1.0,1.0,,0.0,1898.0,1948,2021,7682.0,456.0
CUB__ETH,CUB,ETH,0.0,0.0,0,0.0,0.0,0.0,,0.0,,1948,2021,12700.0,0.0
CUB__FJI,CUB,FJI,0.0,0.0,0,0.0,0.0,0.0,,0.0,,1948,2021,11698.0,0.0
CUB__FRA,CUB,FRA,0.0,0.0,0,0.0,0.0,0.0,,0.0,,1948,2021,7733.0,0.0
CUB__FSM,CUB,FSM,0.0,0.0,0,1.0,0.0,0.0,,0.0,,1948,2021,12656.0,0.0
CUB__GAB,CUB,GAB,0.0,0.0,0,0.0,0.0,0.0,,0.0,,1948,2021,10187.0,0.0
CUB__GBR,CUB,GBR,0.0,0.0,0,0.0,0.0,0.0,,0.0,,1948,2021,7505.0,0.0
CUB__GEO,CUB,GEO,0.0,0.0,0,0.0,0.0,0.0,,0.0,,1948,2021,11013.0,0.0
CUB__GHA,CUB,GHA,0.0,0.0,0,0.0,0.0,0.0,,0.0,,1948,2021,8880.0,194.0
CUB__GIN,CUB,GIN,0.0,0.0,0,0.0,0.0,0.0,,0.0,,1948,2021,7434.0,0.0
CUB__GMB,CUB,GMB,0.0,0.0,0,0.0,0.0,0.0,,0.0,,1948,2021,6975.0,0.0
CUB__GNB,CUB,GNB,0.0,0.0,0,0.0,0.0,0.0,,0.0,,1948,2021,7145.0,0.0
CUB__GNQ,CUB,GNQ,0.0,0.0,0,1.0,1.0,1.0,,0.0,,1948,2021,10155.0,0.0
CUB__GRD,CUB,GRD,0.0,0.0,0,0.0,0.0,0.0,,0.0,,1948,2021,2504.0,0.0
CUB__GTM,CUB,GTM,0.0,0.0,0,1.0,1.0,1.0,,0.0,,1948,2021,1274.0,0.0
CUB__GUY,CUB,GUY,0.0,0.0,0,0.0,0.0,0.0,,0.0,,1948,2021,3160.0,0.0
CUB__HND,CUB,HND,0.0,0.0,0,1.0,1.0,1.0,,0.0,,1948,2021,1122.0,0.0
CUB__HTI,CUB,HTI,0.0,0.0,0,0.0,0.0,0.0,,0.0,,1948,2021,1161.0,0.0
CUB__IDN,CUB,IDN,0.0,0.0,0,0.0,0.0,0.0,,0.0,,1948,2021,17894.0,0.0
CUB__IND,CUB,IND,0.0,0.0,0,0.0,0.0,0.0,,0.0,,1948,2021,14365.0,982.0
CUB__IRN,CUB,IRN,0.0,0.0,0,0.0,0.0,0.0,,0.0,,1948,2021,11888.0,0.0
CUB__IRQ,CUB,IRQ,0.0,0.0,0,0.0,0.0,0.0,,0.0,,1948,2021,11599.0,0.0
CUB__ISR,CUB,ISR,0.0,0.0,0,0.0,0.0,0.0,,0.0,,1948,2021,10967.0,0.0
CUB__ITA,CUB,ITA,0.0,0.0,0,0.0,0.0,0.0,,0.0,,1948,2021,8713.0,0.0
CUB__JAM,CUB,JAM,0.0,0.0,0,0.0,0.0,0.0,,0.0,,1948,2021,813.0,0.0
CUB__JOR,CUB,JOR,0.0,0.0,0,0.0,0.0,0.0,,0.0,,1948,2021,11065.0,0.0
CUB__JPN,CUB,JPN,0.0,0.0,0,0.0,0.0,0.0,,0.0,,1948,2021,12139.0,0.0
CUB__KAZ,CUB,KAZ,0.0,0.0,0,0.0,0.0,0.0,,0.0,,1948,2021,12358.0,0.0
CUB__KEN,CUB,KEN,0.0,0.0,0,0.0,0.0,0.0,,0.0,,1948,2021,13046.0,0.0
CUB__KGZ,CUB,KGZ,0.0,0.0,0,0.0,0.0,0.0,,0.0,,1948,2021,12328.0,0.0
CUB__KHM,CUB,KHM,0.0,0.0,0,0.0,0.0,0.0,,0.0,,1948,2021,16087.0,0.0
CUB__KIR,CUB,KIR,0.0,0.0,0,0.0,0.0,0.0,,0.0,,1948,2021,11454.0,0.0
CUB__KNA,CUB,KNA,0.0,0.0,0,0.0,0.0,0.0,,0.0,,1948,2021,2150.0,0.0
CUB__KOR,CUB,KOR,0.0,0.0,0,0.0,0.0,0.0,,0.0,,1948,2021,12621.0,0.0
CUB__KWT,CUB,KWT,0.0,0.0,0,0.0,0.0,0.0,,0.0,,1948,2021,12145.0,0.0
CUB__LAO,CUB,LAO,0.0,0.0,0,0.0,0.0,0.0,,0.0,,1948,2021,15427.0,0.0
CUB__LBN,CUB,LBN,0.0,0.0,0,0.0,0.0,0.0,,0.0,,1948,2021,10907.0,0.0
CUB__LBR,CUB,LBR,0.0,0.0,0,0.0,0.0,0.0,,0.0,,1948,2021,7860.0,0.0
CUB__LBY,CUB,LBY,0.0,0.0,0,0.0,0.0,0.0,,0.0,,1948,2021,9140.0,0.0
CUB__LCA,CUB,LCA,0.0,0.0,0,0.0,0.0,0.0,,0.0,,1948,2021,2469.0,0.0
CUB__LKA,CUB,LKA,0.0,0.0,0,0.0,0.0,0.0,,0.0,,1948,2021,16166.0,0.0
CUB__LSO,CUB,LSO,0.0,0.0,0,0.0,0.0,0.0,,0.0,,1948,2021,13088.0,0.0
CUB__MAR,CUB,MAR,0.0,0.0,0,0.0,0.0,0.0,,0.0,,1948,2021,7268.0,0.0
CUB__MDG,CUB,MDG,0.0,0.0,0,0.0,0.0,0.0,,0.0,,1948,2021,14829.0,0.0
CUB__MDV,CUB,MDV,0.0,0.0,0,0.0,0.0,0.0,,0.0,,1948,2021,16020.0,0.0
CUB__MEX,CUB,MEX,0.0,0.0,0,1.0,1.0,1.0,,0.0,,1948,2021,1786.0,0.0
CUB__MHL,CUB,MHL,0.0,0.0,0,0.0,0.0,0.0,,0.0,,1948,2021,11348.0,0.0
CUB__MLI,CUB,MLI,0.0,0.0,0,0.0,0.0,0.0,,0.0,,1948,2021,7891.0,0.0
CUB__MMR,CUB,MMR,0.0,0.0,0,0.0,0.0,0.0,,0.0,,1948,2021,15585.0,0.0
CUB__MNG,CUB,MNG,0.0,0.0,0,0.0,0.0,0.0,,0.0,,1948,2021,12084.0,0.0
CUB__MOZ,CUB,MOZ,0.0,0.0,0,0.0,0.0,0.0,,0.0,,1948,2021,13496.0,12.0
CUB__MRT,CUB,MRT,0.0,0.0,0,0.0,0.0,0.0,,0.0,,1948,2021,6887.0,0.0
CUB__MUS,CUB,MUS,0.0,0.0,0,0.0,0.0,0.0,,0.0,,1948,2021,15879.0,0.0
CUB__MWI,CUB,MWI,0.0,0.0,0,0.0,0.0,0.0,,0.0,,1948,2021,13360.0,188.0
CUB__MYS,CUB,MYS,0.0,0.0,0,0.0,0.0,0.0,,0.0,,1948,2021,17144.0,156.0
CUB__NAM,CUB,NAM,0.0,0.0,0,0.0,0.0,0.0,,0.0,,1948,2021,11885.0,0.0
CUB__NER,CUB,NER,0.0,0.0,0,0.0,0.0,0.0,,0.0,,1948,2021,8882.0,0.0
CUB__NGA,CUB,NGA,0.0,0.0,0,0.0,0.0,0.0,,0.0,,1948,2021,9312.0,12.0
CUB__NIC,CUB,NIC,0.0,0.0,0,1.0,1.0,1.0,,0.0,,1948,2021,1283.0,0.0
CUB__NLD,CUB,NLD,0.0,0.0,0,0.0,0.0,0.0,,0.0,,1948,2021,7817.0,16.0
CUB__NPL,CUB,NPL,0.0,0.0,0,0.0,0.0,0.0,,0.0,,1948,2021,14229.0,0.0
CUB__NRU,CUB,NRU,0.0,0.0,0,0.0,0.0,0.0,,0.0,,1948,2021,12154.0,0.0
CUB__NZL,CUB,NZL,0.0,0.0,0,0.0,0.0,0.0,,0.0,,1948,2021,12621.0,0.0
CUB__OMN,CUB,OMN,0.0,0.0,0,0.0,0.0,0.0,,0.0,,1948,2021,13342.0,0.0
CUB__PAK,CUB,PAK,0.0,0.0,0,0.0,0.0,0.0,,0.0,,1948,2021,13759.0,0.0
CUB__PAN,CUB,PAN,0.0,0.0,0,1.0,1.0,1.0,,0.0,,1948,2021,1592.0,0.0
CUB__PER,CUB,PER,0.0,0.0,0,1.0,1.0,1.0,,0.0,,1948,2021,3933.0,0.0
CUB__PHL,CUB,PHL,0.0,0.0,0,1.0,0.0,0.0,,0.0,,1948,2021,15125.0,0.0
CUB__PLW,CUB,PLW,0.0,0.0,0,0.0,0.0,0.0,,0.0,,1948,2021,14772.0,24.0
CUB__PNG,CUB,PNG,0.0,0.0,0,0.0,0.0,0.0,,0.0,,1948,2021,14552.0,0.0
CUB__PRK,CUB,PRK,0.0,0.0,0,0.0,0.0,0.0,,0.0,,1948,2021,12530.0,0.0
CUB__PRT,CUB,PRT,0.0,0.0,0,0.0,0.0,0.0,,0.0,,1948,2021,7028.0,0.0
CUB__PRY,CUB,PRY,0.0,0.0,0,1.0,1.0,1.0,,0.0,,1948,2021,5986.0,0.0
CUB__QAT,CUB,QAT,0.0,0.0,0,0.0,0.0,0.0,,0.0,,1948,2021,12706.5,9.0
CUB__RWA,CUB,RWA,0.0,0.0,0,0.0,0.0,0.0,,0.0,,1948,2021,12394.0,0.0
CUB__SAU,CUB,SAU,0.0,0.0,0,0.0,0.0,0.0,,0.0,,1948,2021,12222.0,340.0
CUB__SDN,CUB,SDN,0.0,0.0,0,0.0,0.0,0.0,,0.0,,1948,2021,11752.0,0.0
CUB__SEN,CUB,SEN,0.0,0.0,0,0.0,0.0,0.0,,0.0,,1948,2021,6853.0,0.0
CUB__SGP,CUB,SGP,0.0,0.0,0,0.0,0.0,0.0,,0.0,,1948,2021,17222.0,0.0
CUB__SLB,CUB,SLB,0.0,0.0,0,0.0,0.0,0.0,,0.0,,1948,2021,13248.0,0.0
CUB__SLE,CUB,SLE,0.0,0.0,0,0.0,0.0,0.0,,0.0,,1948,2021,7521.0,0.0
CUB__SLV,CUB,SLV,0.0,0.0,0,1.0,1.0,1.0,,0.0,,1948,2021,1267.0,0.0
CUB__SOM,CUB,SOM,0.0,0.0,0,0.0,0.0,0.0,,0.0,,1948,2021,13719.0,0.0
CUB__SSD,CUB,SSD,0.0,0.0,0,0.0,0.0,0.0,,0.0,,1948,2021,12224.0,0.0
CUB__STP,CUB,STP,0.0,0.0,0,0.0,0.0,0.0,,0.0,,1948,2021,9910.0,0.0
CUB__SUR,CUB,SUR,0.0,0.0,0,0.0,0.0,0.0,,0.0,,1948,2021,3487.0,0.0
CUB__SWZ,CUB,SWZ,0.0,0.0,0,0.0,0.0,0.0,,0.0,,1948,2021,13368.0,0.0
CUB__SYC,CUB,SYC,0.0,0.0,0,0.0,0.0,0.0,,0.0,,1948,2021,15060.0,0.0
CUB__SYR,CUB,SYR,0.0,0.0,0,0.0,0.0,0.0,,0.0,,1948,2021,10938.0,112.0
CUB__TCD,CUB,TCD,0.0,0.0,0,0.0,0.0,0.0,,0.0,,1948,2021,10237.0,0.0
CUB__TGO,CUB,TGO,0.0,0.0,0,0.0,0.0,0.0,,0.0,,1948,2021,9096.0,0.0
CUB__THA,CUB,THA,0.0,0.0,0,0.0,0.0,0.0,,0.0,,1948,2021,15916.0,0.0
CUB__TJK,CUB,TJK,0.0,0.0,0,0.0,0.0,0.0,,0.0,,1948,2021,12549.0,0.0
CUB__TKM,CUB,TKM,0.0,0.0,0,0.0,0.0,0.0,,0.0,,1948,2021,12104.0,0.0
CUB__TLS,CUB,TLS,0.0,0.0,0,0.0,0.0,0.0,,0.0,,1948,2021,16639.0,0.0
CUB__TON,CUB,TON,0.0,0.0,0,0.0,0.0,0.0,,0.0,,1948,2021,11186.0,0.0
CUB__TTO,CUB,TTO,0.0,0.0,0,0.0,0.0,0.0,,0.0,,1948,2021,2610.0,0.0
CUB__TUN,CUB,TUN,0.0,0.0,0,0.0,0.0,0.0,,0.0,,1948,2021,8723.0,0.0
CUB__TUR,CUB,TUR,0.0,0.0,0,0.0,0.0,0.0,,0.0,,1948,2021,9992.0,0.0
CUB__TUV,CUB,TUV,0.0,0.0,0,0.0,0.0,0.0,,0.0,,1948,2021,11241.0,0.0
CUB__TWN,CUB,TWN,0.0,0.0,0,0.0,0.0,0.0,,0.0,,1948,2021,14091.5,7.0
CUB__TZA,CUB,TZA,0.0,0.0,0,0.0,0.0,0.0,,0.0,,1948,2021,13546.0,0.0
CUB__UGA,CUB,UGA,0.0,0.0,0,0.0,0.0,0.0,,0.0,,1948,2021,12544.0,0.0
CUB__URY,CUB,URY,0.0,0.0,0,1.0,1.0,1.0,,0.0,,1948,2021,6986.0,0.0
CUB__USA,CUB,USA,1.0,0.0,0,1.0,1.0,0.0,,0.0,,1948,2021,2103.0,0.0
CUB__UZB,CUB,UZB,0.0,0.0,0,0.0,0.0,0.0,,0.0,,1948,2021,12300.0,0.0
CUB__VCT,CUB,VCT,0.0,0.0,0,0.0,0.0,0.0,,0.0,,1948,2021,2491.0,0.0
CUB__VEN,CUB,VEN,0.0,0.0,0,1.0,1.0,1.0,,0.0,,1948,2021,2161.0,0.0
CUB__VNM,CUB,VNM,0.0,0.0,0,0.0,0.0,0.0,,0.0,,1948,2021,16132.0,0.0
CUB__VUT,CUB,VUT,0.0,0.0,0,0.0,0.0,0.0,,0.0,,1948,2021,12698.0,0.0
CUB__WSM,CUB,WSM,0.0,0.0,0,0.0,0.0,0.0,,0.0,,1948,2021,10548.0,0.0
CUB__YEM,CUB,YEM,0.0,0.0,0,0.0,0.0,0.0,,0.0,,1948,2021,12781.0,76.0
CUB__ZAF,CUB,ZAF,0.0,0.0,0,0.0,0.0,0.0,,0.0,,1948,2021,12715.5,699.0
CUB__ZMB,CUB,ZMB,0.0,0.0,0,0.0,0.0,0.0,,0.0,,1948,2021,12704.0,102.0
CUB__ZWE,CUB,ZWE,0.0,0.0,0,0.0,0.0,0.0,,0.0,,1948,2021,13120.0,0.0
CYP__DEU,CYP,DEU,0.0,0.0,0,0.0,0.0,0.0,,0.0,,1948,2021,2492.0,0.0
CYP__DJI,CYP,DJI,0.0,0.0,0,0.0,0.0,0.0,,0.0,,1948,2021,2792.0,0.0
CYP__DMA,CYP,DMA,0.0,0.0,0,1.0,0.0,0.0,,1.0,,1948,2021,9468.0,0.0
CYP__DOM,CYP,DOM,0.0,0.0,0,0.0,0.0,0.0,,0.0,,1948,2021,9993.0,0.0
CYP__DZA,CYP,DZA,0.0,0.0,0,0.0,0.0,0.0,,0.0,,1948,2021,2730.0,0.0
CYP__ECU,CYP,ECU,0.0,0.0,0,0.0,0.0,0.0,,0.0,,1948,2021,12257.0,0.0
CYP__EGY,CYP,EGY,0.0,0.0,0,1.0,0.0,0.0,,0.0,,1948,2021,602.0,0.0
CYP__ERI,CYP,ERI,0.0,0.0,0,1.0,0.0,0.0,,1.0,,1948,2021,2266.0,0.0
CYP__ESP,CYP,ESP,0.0,0.0,0,0.0,0.0,0.0,,0.0,,1948,2021,3046.0,492.0
CYP__ETH,CYP,ETH,0.0,0.0,0,0.0,0.0,0.0,,0.0,,1948,2021,2946.0,0.0
CYP__FJI,CYP,FJI,0.0,0.0,0,1.0,0.0,0.0,,1.0,,1948,2021,16098.0,0.0
CYP__FRA,CYP,FRA,0.0,0.0,0,0.0,0.0,0.0,,0.0,,1948,2021,2956.0,0.0
CYP__FSM,CYP,FSM,0.0,0.0,0,0.0,0.0,0.0,,0.0,,1948,2021,12600.0,0.0
CYP__GAB,CYP,GAB,0.0,0.0,0,0.0,0.0,0.0,,0.0,,1948,2021,4580.0,0.0
CYP__GBR,CYP,GBR,0.0,1.0,1,0.0,0.0,0.0,0.0,0.0,1960.0,1948,2021,3224.0,0.0
CYP__GEO,CYP,GEO,0.0,0.0,0,0.0,0.0,0.0,,0.0,,1948,2021,1235.0,0.0
CYP__GHA,CYP,GHA,0.0,0.0,0,1.0,0.0,0.0,,1.0,,1948,2021,4760.5,15.0
CYP__GIN,CYP,GIN,0.0,0.0,0,0.0,0.0,0.0,,0.0,,1948,2021,5539.0,0.0
CYP__GMB,CYP,GMB,0.0,0.0,0,1.0,0.0,0.0,,1.0,,1948,2021,5549.0,0.0
CYP__GNB,CYP,GNB,0.0,0.0,0,0.0,0.0,0.0,,0.0,,1948,2021,5555.0,0.0
CYP__GNQ,CYP,GNQ,0.0,0.0,0,0.0,0.0,0.0,,0.0,,1948,2021,4422.0,0.0
CYP__GRD,CYP,GRD,0.0,0.0,0,1.0,0.0,0.0,,1.0,,1948,2021,9707.0,0.0
CYP__GTM,CYP,GTM,0.0,0.0,0,0.0,0.0,0.0,,0.0,,1948,2021,11938.0,0.0
CYP__GUY,CYP,GUY,0.0,0.0,0,1.0,0.0,0.0,,1.0,,1948,2021,9719.0,0.0
CYP__HND,CYP,HND,0.0,0.0,0,0.0,0.0,0.0,,0.0,,1948,2021,11721.0,0.0
CYP__HTI,CYP,HTI,0.0,0.0,0,0.0,0.0,0.0,,0.0,,1948,2021,10193.0,0.0
CYP__IDN,CYP,IDN,0.0,0.0,0,0.0,0.0,0.0,,0.0,,1948,2021,8925.0,0.0
CYP__IND,CYP,IND,0.0,0.0,0,1.0,0.0,0.0,,1.0,,1948,2021,4825.5,1299.0
CYP__IRN,CYP,IRN,0.0,0.0,0,0.0,0.0,0.0,,0.0,,1948,2021,1638.0,0.0
CYP__IRQ,CYP,IRQ,0.0,0.0,0,1.0,0.0,0.0,,0.0,,1948,2021,1036.0,0.0
CYP__ISR,CYP,ISR,0.0,0.0,0,1.0,0.0,0.0,,1.0,,1948,2021,366.0,0.0
CYP__ITA,CYP,ITA,0.0,0.0,0,0.0,0.0,0.0,,0.0,,1948,2021,1962.0,0.0
CYP__JAM,CYP,JAM,0.0,0.0,0,1.0,0.0,0.0,,1.0,,1948,2021,10598.0,0.0
CYP__JOR,CYP,JOR,0.0,0.0,0,1.0,0.0,0.0,,1.0,,1948,2021,428.0,0.0
CYP__JPN,CYP,JPN,0.0,0.0,0,0.0,0.0,0.0,,0.0,,1948,2021,9073.0,0.0
CYP__KAZ,CYP,KAZ,0.0,0.0,0,0.0,0.0,0.0,,0.0,,1948,2021,3821.0,0.0
CYP__KEN,CYP,KEN,0.0,0.0,0,1.0,0.0,0.0,,1.0,,1948,2021,4050.0,0.0
CYP__KGZ,CYP,KGZ,0.0,0.0,0,0.0,0.0,0.0,,0.0,,1948,2021,3633.0,0.0
CYP__KHM,CYP,KHM,0.0,0.0,0,0.0,0.0,0.0,,0.0,,1948,2021,7608.0,0.0
CYP__KIR,CYP,KIR,0.0,0.0,0,1.0,0.0,0.0,,1.0,,1948,2021,14193.0,0.0
CYP__KNA,CYP,KNA,0.0,0.0,0,1.0,0.0,0.0,,1.0,,1948,2021,9458.0,0.0
CYP__KOR,CYP,KOR,0.0,0.0,0,0.0,0.0,0.0,,0.0,,1948,2021,8016.0,0.0
CYP__KWT,CYP,KWT,0.0,0.0,0,1.0,0.0,0.0,,1.0,,1948,2021,1517.0,0.0
CYP__LAO,CYP,LAO,0.0,0.0,0,0.0,0.0,0.0,,0.0,,1948,2021,7019.0,0.0
CYP__LBN,CYP,LBN,0.0,0.0,0,1.0,0.0,0.0,,0.0,,1948,2021,239.0,0.0
CYP__LBR,CYP,LBR,0.0,0.0,0,0.0,0.0,0.0,,0.0,,1948,2021,5530.0,0.0
CYP__LBY,CYP,LBY,0.0,0.0,0,1.0,0.0,0.0,,0.0,,1948,2021,1878.0,0.0
CYP__LCA,CYP,LCA,0.0,0.0,0,1.0,0.0,0.0,,1.0,,1948,2021,9516.0,0.0
CYP__LKA,CYP,LKA,0.0,0.0,0,1.0,0.0,0.0,,1.0,,1948,2021,5678.0,0.0
CYP__LSO,CYP,LSO,0.0,0.0,0,1.0,0.0,0.0,,1.0,,1948,2021,7163.0,0.0
CYP__MAR,CYP,MAR,0.0,0.0,0,0.0,0.0,0.0,,0.0,,1948,2021,3747.0,0.0
CYP__MDG,CYP,MDG,0.0,0.0,0,0.0,0.0,0.0,,0.0,,1948,2021,6169.0,0.0
CYP__MDV,CYP,MDV,0.0,0.0,0,1.0,0.0,0.0,,1.0,,1948,2021,5366.0,0.0
CYP__MEX,CYP,MEX,0.0,0.0,0,0.0,0.0,0.0,,0.0,,1948,2021,12165.0,0.0
CYP__MHL,CYP,MHL,0.0,0.0,0,0.0,0.0,0.0,,0.0,,1948,2021,13595.0,0.0
CYP__MLI,CYP,MLI,0.0,0.0,0,0.0,0.0,0.0,,0.0,,1948,2021,4843.0,0.0
CYP__MMR,CYP,MMR,0.0,0.0,0,1.0,0.0,0.0,,1.0,,1948,2021,6499.0,0.0
CYP__MNG,CYP,MNG,0.0,0.0,0,0.0,0.0,0.0,,0.0,,1948,2021,6058.0,0.0
CYP__MOZ,CYP,MOZ,0.0,0.0,0,0.0,0.0,0.0,,0.0,,1948,2021,6766.0,0.0
CYP__MRT,CYP,MRT,0.0,0.0,0,0.0,0.0,0.0,,0.0,,1948,2021,5205.0,0.0
CYP__MUS,CYP,MUS,0.0,0.0,0,1.0,0.0,0.0,,1.0,,1948,2021,6632.0,0.0
CYP__MWI,CYP,MWI,0.0,0.0,0,1.0,0.0,0.0,,1.0,,1948,2021,5539.0,204.0
CYP__MYS,CYP,MYS,0.0,0.0,0,1.0,0.0,0.0,,1.0,,1948,2021,8003.5,315.0
CYP__NAM,CYP,NAM,0.0,0.0,0,0.0,0.0,0.0,,0.0,,1948,2021,6615.0,0.0
CYP__NER,CYP,NER,0.0,0.0,0,0.0,0.0,0.0,,0.0,,1948,2021,3946.0,0.0
CYP__NGA,CYP,NGA,0.0,0.0,0,1.0,0.0,0.0,,1.0,,1948,2021,4360.5,115.0
CYP__NIC,CYP,NIC,0.0,0.0,0,0.0,0.0,0.0,,0.0,,1948,2021,11791.0,0.0
CYP__NLD,CYP,NLD,0.0,0.0,0,0.0,0.0,0.0,,0.0,,1948,2021,2952.5,1.0
CYP__NPL,CYP,NPL,0.0,0.0,0,0.0,0.0,0.0,,0.0,,1948,2021,4953.0,0.0
CYP__NRU,CYP,NRU,0.0,0.0,0,1.0,0.0,0.0,,1.0,,1948,2021,13872.0,0.0
CYP__NZL,CYP,NZL,0.0,0.0,0,1.0,0.0,0.0,,0.0,,1948,2021,16564.0,0.0
CYP__OMN,CYP,OMN,0.0,0.0,0,0.0,0.0,0.0,,0.0,,1948,2021,2751.0,0.0
CYP__PAK,CYP,PAK,0.0,0.0,0,1.0,0.0,0.0,,1.0,,1948,2021,3425.0,0.0
CYP__PAN,CYP,PAN,0.0,0.0,0,0.0,0.0,0.0,,0.0,,1948,2021,11460.0,0.0
CYP__PER,CYP,PER,0.0,0.0,0,0.0,0.0,0.0,,0.0,,1948,2021,12625.0,0.0
CYP__PHL,CYP,PHL,0.0,0.0,0,0.0,0.0,0.0,,0.0,,1948,2021,8879.0,0.0
CYP__PLW,CYP,PLW,0.0,0.0,0,1.0,0.0,0.0,,0.0,,1948,2021,10547.0,2.0
CYP__PNG,CYP,PNG,0.0,0.0,0,1.0,0.0,0.0,,0.0,,1948,2021,12775.0,0.0
CYP__PRK,CYP,PRK,0.0,0.0,0,0.0,0.0,0.0,,0.0,,1948,2021,7841.0,0.0
CYP__PRT,CYP,PRT,0.0,0.0,0,0.0,0.0,0.0,,0.0,,1948,2021,3773.0,0.0
CYP__PRY,CYP,PRY,0.0,0.0,0,0.0,0.0,0.0,,0.0,,1948,2021,11670.0,0.0
CYP__QAT,CYP,QAT,0.0,0.0,0,1.0,0.0,0.0,,1.0,,1948,2021,2053.5,9.0
CYP__RWA,CYP,RWA,0.0,0.0,0,0.0,0.0,0.0,,0.0,,1948,2021,4122.0,0.0
CYP__SAU,CYP,SAU,0.0,0.0,0,0.0,0.0,0.0,,0.0,,1948,2021,1689.5,83.0
CYP__SDN,CYP,SDN,0.0,0.0,0,1.0,0.0,0.0,,1.0,,1948,2021,2174.0,0.0
CYP__SEN,CYP,SEN,0.0,0.0,0,0.0,0.0,0.0,,0.0,,1948,2021,5539.0,0.0
CYP__SGP,CYP,SGP,0.0,0.0,0,1.0,0.0,0.0,,1.0,,1948,2021,8161.0,0.0
CYP__SLB,CYP,SLB,0.0,0.0,0,1.0,0.0,0.0,,1.0,,1948,2021,13918.0,0.0
CYP__SLE,CYP,SLE,0.0,0.0,0,1.0,0.0,0.0,,1.0,,1948,2021,5578.0,0.0
CYP__SLV,CYP,SLV,0.0,0.0,0,0.0,0.0,0.0,,0.0,,1948,2021,11906.0,0.0
CYP__SOM,CYP,SOM,0.0,0.0,0,1.0,0.0,0.0,,1.0,,1948,2021,3870.0,0.0
CYP__SSD,CYP,SSD,0.0,0.0,0,0.0,0.0,0.0,,1.0,,1948,2021,3361.0,0.0
CYP__STP,CYP,STP,0.0,0.0,0,0.0,0.0,0.0,,0.0,,1948,2021,4744.0,0.0
CYP__SUR,CYP,SUR,0.0,0.0,0,0.0,0.0,0.0,,0.0,,1948,2021,9508.0,0.0
CYP__SWZ,CYP,SWZ,0.0,0.0,0,1.0,0.0,0.0,,1.0,,1948,2021,6808.0,0.0
CYP__SYC,CYP,SYC,0.0,0.0,0,1.0,0.0,0.0,,1.0,,1948,2021,4972.0,0.0
CYP__SYR,CYP,SYR,0.0,0.0,0,1.0,0.0,0.0,,0.0,,1948,2021,344.5,35.0
CYP__TCD,CYP,TCD,0.0,0.0,0,0.0,0.0,0.0,,0.0,,1948,2021,3152.0,0.0
CYP__TGO,CYP,TGO,0.0,0.0,0,0.0,0.0,0.0,,0.0,,1948,2021,4601.0,0.0
CYP__THA,CYP,THA,0.0,0.0,0,0.0,0.0,0.0,,0.0,,1948,2021,7078.0,0.0
CYP__TJK,CYP,TJK,0.0,0.0,0,0.0,0.0,0.0,,0.0,,1948,2021,3161.0,0.0
CYP__TKM,CYP,TKM,0.0,0.0,0,0.0,0.0,0.0,,0.0,,1948,2021,2254.0,0.0
CYP__TLS,CYP,TLS,0.0,0.0,0,0.0,0.0,0.0,,0.0,,1948,2021,10755.0,0.0
CYP__TON,CYP,TON,0.0,0.0,0,1.0,0.0,0.0,,1.0,,1948,2021,16833.0,0.0
CYP__TTO,CYP,TTO,0.0,0.0,0,1.0,0.0,0.0,,1.0,,1948,2021,9776.0,0.0
CYP__TUN,CYP,TUN,0.0,0.0,0,1.0,0.0,0.0,,0.0,,1948,2021,2095.0,0.0
CYP__TUR,CYP,TUR,0.0,1.0,0,0.0,1.0,1.0,,0.0,,1948,2021,756.0,0.0
CYP__TUV,CYP,TUV,0.0,0.0,0,1.0,0.0,0.0,,1.0,,1948,2021,15460.0,0.0
CYP__TWN,CYP,TWN,0.0,0.0,0,0.0,0.0,0.0,,0.0,,1948,2021,8296.5,5.0
CYP__TZA,CYP,TZA,0.0,0.0,0,1.0,0.0,0.0,,1.0,,1948,2021,4688.0,0.0
CYP__UGA,CYP,UGA,0.0,0.0,0,1.0,0.0,0.0,,1.0,,1948,2021,3858.0,0.0
CYP__URY,CYP,URY,0.0,0.0,0,0.0,0.0,0.0,,0.0,,1948,2021,12095.0,0.0
CYP__USA,CYP,USA,0.0,0.0,0,1.0,0.0,0.0,,0.0,,1948,2021,8806.0,0.0
CYP__UZB,CYP,UZB,0.0,0.0,0,0.0,0.0,0.0,,0.0,,1948,2021,3188.0,0.0
CYP__VCT,CYP,VCT,0.0,0.0,0,1.0,0.0,0.0,,1.0,,1948,2021,9590.0,0.0
CYP__VEN,CYP,VEN,0.0,0.0,0,0.0,0.0,0.0,,0.0,,1948,2021,10263.0,0.0
CYP__VNM,CYP,VNM,0.0,0.0,0,0.0,0.0,0.0,,0.0,,1948,2021,7817.0,0.0
CYP__VUT,CYP,VUT,0.0,0.0,0,1.0,0.0,0.0,,1.0,,1948,2021,15186.0,0.0
CYP__WSM,CYP,WSM,0.0,0.0,0,0.0,0.0,0.0,,0.0,,1948,2021,16564.0,0.0
CYP__YEM,CYP,YEM,0.0,0.0,0,1.0,0.0,0.0,,1.0,,1948,2021,2449.0,4.0
CYP__ZAF,CYP,ZAF,0.0,0.0,0,1.0,0.0,0.0,,0.0,,1948,2021,7310.0,990.0
CYP__ZMB,CYP,ZMB,0.0,0.0,0,1.0,0.0,0.0,,1.0,,1948,2021,5480.5,285.0
CYP__ZWE,CYP,ZWE,0.0,0.0,0,1.0,0.0,0.0,,1.0,,1948,2021,5869.0,0.0
DEU__DJI,DEU,DJI,0.0,0.0,0,0.0,0.0,0.0,,0.0,,1948,2021,5263.0,0.0
DEU__DMA,DEU,DMA,0.0,0.0,0,0.0,0.0,0.0,,0.0,,1948,2021,7645.0,0.0
DEU__DOM,DEU,DOM,0.0,0.0,0,0.0,0.0,0.0,,0.0,,1948,2021,7949.0,0.0
DEU__DZA,DEU,DZA,0.0,0.0,0,0.0,0.0,0.0,,0.0,,1948,2021,1932.0,0.0
DEU__ECU,DEU,ECU,0.0,0.0,0,0.0,0.0,0.0,,0.0,,1948,2021,10423.0,0.0
DEU__EGY,DEU,EGY,0.0,0.0,0,0.0,0.0,0.0,,0.0,,1948,2021,2892.0,0.0
DEU__ERI,DEU,ERI,0.0,0.0,0,0.0,0.0,0.0,,0.0,,1948,2021,4700.0,0.0
DEU__ESP,DEU,ESP,0.0,0.0,0,0.0,0.0,0.0,,0.0,,1948,2021,1686.5,371.0
DEU__ETH,DEU,ETH,0.0,0.0,0,0.0,0.0,0.0,,0.0,,1948,2021,5341.0,0.0
DEU__FJI,DEU,FJI,0.0,0.0,0,0.0,0.0,0.0,,0.0,,1948,2021,15974.0,0.0
DEU__FRA,DEU,FRA,1.0,0.0,0,0.0,0.0,0.0,,0.0,,1948,2021,881.0,0.0
DEU__FSM,DEU,FSM,0.0,0.0,1,0.0,0.0,0.0,,0.0,1914.0,1948,2021,12625.0,0.0
DEU__GAB,DEU,GAB,0.0,0.0,0,0.0,0.0,0.0,,0.0,,1948,2021,5790.0,0.0
DEU__GBR,DEU,GBR,0.0,0.0,0,0.0,0.0,0.0,,0.0,,1948,2021,935.0,0.0
DEU__GEO,DEU,GEO,0.0,0.0,0,0.0,0.0,0.0,,0.0,,1948,2021,2643.0,0.0
DEU__GHA,DEU,GHA,0.0,0.0,0,0.0,0.0,0.0,,0.0,,1948,2021,5310.0,90.0
DEU__GIN,DEU,GIN,0.0,0.0,0,0.0,0.0,0.0,,0.0,,1948,2021,5353.0,0.0
DEU__GMB,DEU,GMB,0.0,0.0,0,0.0,0.0,0.0,,0.0,,1948,2021,5091.0,0.0
DEU__GNB,DEU,GNB,0.0,0.0,0,0.0,0.0,0.0,,0.0,,1948,2021,5202.0,0.0
DEU__GNQ,DEU,GNQ,0.0,0.0,0,0.0,0.0,0.0,,0.0,,1948,2021,5626.0,0.0
DEU__GRD,DEU,GRD,0.0,0.0,0,0.0,0.0,0.0,,0.0,,1948,2021,7949.0,0.0
DEU__GTM,DEU,GTM,0.0,0.0,0,0.0,0.0,0.0,,0.0,,1948,2021,9647.0,0.0
DEU__GUY,DEU,GUY,0.0,0.0,0,0.0,0.0,0.0,,0.0,,1948,2021,8166.0,0.0
DEU__HND,DEU,HND,0.0,0.0,0,0.0,0.0,0.0,,0.0,,1948,2021,9480.0,0.0
DEU__HTI,DEU,HTI,0.0,0.0,0,0.0,0.0,0.0,,0.0,,1948,2021,8109.0,0.0
DEU__IDN,DEU,IDN,0.0,0.0,0,0.0,0.0,0.0,,0.0,,1948,2021,10785.0,0.0
DEU__IND,DEU,IND,0.0,0.0,0,0.0,0.0,0.0,,0.0,,1948,2021,6414.5,1257.0
DEU__IRN,DEU,IRN,0.0,0.0,0,0.0,0.0,0.0,,0.0,,1948,2021,3512.0,0.0
DEU__IRQ,DEU,IRQ,0.0,0.0,0,0.0,0.0,0.0,,0.0,,1948,2021,3264.0,0.0
DEU__ISR,DEU,ISR,0.0,0.0,0,0.0,0.0,0.0,,0.0,,1948,2021,2851.0,0.0
DEU__ITA,DEU,ITA,0.0,0.0,0,0.0,0.0,0.0,,0.0,,1948,2021,1184.0,0.0
DEU__JAM,DEU,JAM,0.0,0.0,0,0.0,0.0,0.0,,0.0,,1948,2021,8454.0,0.0
DEU__JOR,DEU,JOR,0.0,0.0,0,0.0,0.0,0.0,,0.0,,1948,2021,2920.0,0.0
DEU__JPN,DEU,JPN,0.0,0.0,0,0.0,0.0,0.0,,0.0,,1948,2021,8938.0,0.0
DEU__KAZ,DEU,KAZ,0.0,0.0,0,0.0,0.0,0.0,,0.0,,1948,2021,4699.0,0.0
DEU__KEN,DEU,KEN,0.0,0.0,0,0.0,0.0,0.0,,0.0,,1948,2021,6353.0,0.0
DEU__KGZ,DEU,KGZ,0.0,0.0,0,0.0,0.0,0.0,,0.0,,1948,2021,4570.0,0.0
DEU__KHM,DEU,KHM,0.0,0.0,0,0.0,0.0,0.0,,0.0,,1948,2021,9098.0,0.0
DEU__KIR,DEU,KIR,0.0,0.0,0,0.0,0.0,0.0,,0.0,,1948,2021,13739.0,0.0
DEU__KNA,DEU,KNA,0.0,0.0,0,0.0,0.0,0.0,,0.0,,1948,2021,7565.0,0.0
DEU__KOR,DEU,KOR,0.0,0.0,0,0.0,0.0,0.0,,0.0,,1948,2021,8147.0,0.0
DEU__KWT,DEU,KWT,0.0,0.0,0,0.0,0.0,0.0,,0.0,,1948,2021,3820.0,0.0
DEU__LAO,DEU,LAO,0.0,0.0,0,0.0,0.0,0.0,,0.0,,1948,2021,8389.0,0.0
DEU__LBN,DEU,LBN,0.0,0.0,0,0.0,0.0,0.0,,0.0,,1948,2021,2716.0,0.0
DEU__LBR,DEU,LBR,0.0,0.0,0,0.0,0.0,0.0,,0.0,,1948,2021,5582.0,0.0
DEU__LBY,DEU,LBY,0.0,0.0,0,0.0,0.0,0.0,,0.0,,1948,2021,2183.0,0.0
DEU__LCA,DEU,LCA,0.0,0.0,0,0.0,0.0,0.0,,0.0,,1948,2021,7729.0,0.0
DEU__LKA,DEU,LKA,0.0,0.0,0,0.0,0.0,0.0,,0.0,,1948,2021,7815.0,0.0
DEU__LSO,DEU,LSO,0.0,0.0,0,0.0,0.0,0.0,,0.0,,1948,2021,9169.0,0.0
DEU__MAR,DEU,MAR,0.0,0.0,0,0.0,0.0,0.0,,0.0,,1948,2021,2692.0,0.0
DEU__MDG,DEU,MDG,0.0,0.0,0,0.0,0.0,0.0,,0.0,,1948,2021,8574.0,0.0
DEU__MDV,DEU,MDV,0.0,0.0,0,0.0,0.0,0.0,,0.0,,1948,2021,7655.0,0.0
DEU__MEX,DEU,MEX,0.0,0.0,0,0.0,0.0,0.0,,0.0,,1948,2021,9743.0,0.0
DEU__MHL,DEU,MHL,0.0,0.0,0,0.0,0.0,0.0,,0.0,,1948,2021,13077.0,0.0
DEU__MLI,DEU,MLI,0.0,0.0,0,0.0,0.0,0.0,,0.0,,1948,2021,4818.0,0.0
DEU__MMR,DEU,MMR,0.0,0.0,0,0.0,0.0,0.0,,0.0,,1948,2021,8055.0,0.0
DEU__MNG,DEU,MNG,0.0,0.0,0,0.0,0.0,0.0,,0.0,,1948,2021,6207.0,0.0
DEU__MOZ,DEU,MOZ,0.0,0.0,0,0.0,0.0,0.0,,0.0,,1948,2021,8891.5,3.0
DEU__MRT,DEU,MRT,0.0,0.0,0,0.0,0.0,0.0,,0.0,,1948,2021,4598.0,0.0
DEU__MUS,DEU,MUS,0.0,0.0,0,0.0,0.0,0.0,,0.0,,1948,2021,9110.0,0.0
DEU__MWI,DEU,MWI,0.0,0.0,0,0.0,0.0,0.0,,0.0,,1948,2021,7736.0,226.0
DEU__MYS,DEU,MYS,0.0,0.0,0,0.0,0.0,0.0,,0.0,,1948,2021,9770.5,309.0
DEU__NAM,DEU,NAM,0.0,0.0,1,0.0,0.0,0.0,,0.0,1918.0,1948,2021,8325.0,0.0
DEU__NER,DEU,NER,0.0,0.0,0,0.0,0.0,0.0,,0.0,,1948,2021,4443.0,0.0
DEU__NGA,DEU,NGA,0.0,0.0,0,0.0,0.0,0.0,,0.0,,1948,2021,5134.5,111.0
DEU__NIC,DEU,NIC,0.0,0.0,0,0.0,0.0,0.0,,0.0,,1948,2021,9590.0,0.0
DEU__NLD,DEU,NLD,1.0,0.0,0,0.0,0.0,0.0,,0.0,,1948,2021,596.5,35.0
DEU__NPL,DEU,NPL,0.0,0.0,0,0.0,0.0,0.0,,0.0,,1948,2021,6413.0,0.0
DEU__NRU,DEU,NRU,0.0,0.0,1,0.0,0.0,0.0,,0.0,1914.0,1948,2021,13739.0,0.0
DEU__NZL,DEU,NZL,0.0,0.0,0,0.0,0.0,0.0,,0.0,,1948,2021,17742.0,0.0
DEU__OMN,DEU,OMN,0.0,0.0,0,0.0,0.0,0.0,,0.0,,1948,2021,4973.0,0.0
DEU__PAK,DEU,PAK,0.0,0.0,0,0.0,0.0,0.0,,0.0,,1948,2021,5412.0,0.0
DEU__PAN,DEU,PAN,0.0,0.0,0,0.0,0.0,0.0,,0.0,,1948,2021,9418.0,0.0
DEU__PER,DEU,PER,0.0,0.0,0,0.0,0.0,0.0,,0.0,,1948,2021,11090.0,0.0
DEU__PHL,DEU,PHL,0.0,0.0,0,0.0,0.0,0.0,,0.0,,1948,2021,9877.0,0.0
DEU__PLW,DEU,PLW,0.0,0.0,1,0.0,0.0,0.0,,0.0,1914.0,1948,2021,11362.0,6.0
DEU__PNG,DEU,PNG,0.0,0.0,1,0.0,0.0,0.0,,0.0,1915.0,1948,2021,13685.0,0.0
DEU__PRK,DEU,PRK,0.0,0.0,0,0.0,0.0,0.0,,0.0,,1948,2021,7953.0,0.0
DEU__PRT,DEU,PRT,0.0,0.0,0,0.0,0.0,0.0,,0.0,,1948,2021,2316.0,0.0
DEU__PRY,DEU,PRY,0.0,0.0,0,0.0,0.0,0.0,,0.0,,1948,2021,11016.0,0.0
DEU__QAT,DEU,QAT,0.0,0.0,0,0.0,0.0,0.0,,0.0,,1948,2021,4390.0,8.0
DEU__RWA,DEU,RWA,0.0,0.0,1,0.0,0.0,0.0,,0.0,1918.0,1948,2021,6236.0,0.0
DEU__SAU,DEU,SAU,0.0,0.0,0,0.0,0.0,0.0,,0.0,,1948,2021,4148.5,41.0
DEU__SDN,DEU,SDN,0.0,0.0,0,0.0,0.0,0.0,,0.0,,1948,2021,4435.0,0.0
DEU__SEN,DEU,SEN,0.0,0.0,0,0.0,0.0,0.0,,0.0,,1948,2021,5004.0,0.0
DEU__SGP,DEU,SGP,0.0,0.0,0,0.0,0.0,0.0,,0.0,,1948,2021,9925.0,0.0
DEU__SLB,DEU,SLB,0.0,0.0,0,0.0,0.0,0.0,,0.0,,1948,2021,14359.0,0.0
DEU__SLE,DEU,SLE,0.0,0.0,0,0.0,0.0,0.0,,0.0,,1948,2021,5448.0,0.0
DEU__SLV,DEU,SLV,0.0,0.0,0,0.0,0.0,0.0,,0.0,,1948,2021,9643.0,0.0
DEU__SOM,DEU,SOM,0.0,0.0,0,0.0,0.0,0.0,,0.0,,1948,2021,6328.0,0.0
DEU__SSD,DEU,SSD,0.0,0.0,0,0.0,0.0,0.0,,0.0,,1948,2021,5543.0,0.0
DEU__STP,DEU,STP,0.0,0.0,0,0.0,0.0,0.0,,0.0,,1948,2021,5818.0,0.0
DEU__SUR,DEU,SUR,0.0,0.0,0,0.0,0.0,0.0,,0.0,,1948,2021,8051.0,0.0
DEU__SWZ,DEU,SWZ,0.0,0.0,0,0.0,0.0,0.0,,0.0,,1948,2021,8902.0,0.0
DEU__SYC,DEU,SYC,0.0,0.0,0,0.0,0.0,0.0,,0.0,,1948,2021,7464.0,0.0
DEU__SYR,DEU,SYR,0.0,0.0,0,0.0,0.0,0.0,,0.0,,1948,2021,2696.0,196.0
DEU__TCD,DEU,TCD,0.0,0.0,0,0.0,0.0,0.0,,0.0,,1948,2021,4485.0,0.0
DEU__TGO,DEU,TGO,0.0,0.0,0,0.0,0.0,0.0,,0.0,,1948,2021,5263.0,0.0
DEU__THA,DEU,THA,0.0,0.0,0,0.0,0.0,0.0,,0.0,,1948,2021,8615.0,0.0
DEU__TJK,DEU,TJK,0.0,0.0,0,0.0,0.0,0.0,,0.0,,1948,2021,4470.0,0.0
DEU__TKM,DEU,TKM,0.0,0.0,0,0.0,0.0,0.0,,0.0,,1948,2021,3807.0,0.0
DEU__TLS,DEU,TLS,0.0,0.0,0,0.0,0.0,0.0,,0.0,,1948,2021,12252.0,0.0
DEU__TON,DEU,TON,0.0,0.0,0,0.0,0.0,0.0,,0.0,,1948,2021,16444.0,0.0
DEU__TTO,DEU,TTO,0.0,0.0,0,0.0,0.0,0.0,,0.0,,1948,2021,8054.0,0.0
DEU__TUN,DEU,TUN,0.0,0.0,0,0.0,0.0,0.0,,0.0,,1948,2021,1764.0,0.0
DEU__TUR,DEU,TUR,0.0,0.0,0,0.0,0.0,0.0,,0.0,,1948,2021,1738.0,0.0
DEU__TUV,DEU,TUV,0.0,0.0,0,0.0,0.0,0.0,,0.0,,1948,2021,14958.0,0.0
DEU__TWN,DEU,TWN,0.0,0.0,0,0.0,0.0,0.0,,0.0,,1948,2021,8971.0,2.0
DEU__TZA,DEU,TZA,0.0,0.0,0,0.0,0.0,0.0,,0.0,,1948,2021,7018.0,0.0
DEU__UGA,DEU,UGA,0.0,0.0,0,0.0,0.0,0.0,,0.0,,1948,2021,6056.0,0.0
DEU__URY,DEU,URY,0.0,0.0,0,0.0,0.0,0.0,,0.0,,1948,2021,11786.0,0.0
DEU__USA,DEU,USA,0.0,0.0,0,0.0,0.0,0.0,,0.0,,1948,2021,6402.0,0.0
DEU__UZB,DEU,UZB,0.0,0.0,0,0.0,0.0,0.0,,0.0,,1948,2021,4314.0,0.0
DEU__VCT,DEU,VCT,0.0,0.0,0,0.0,0.0,0.0,,0.0,,1948,2021,7818.0,0.0
DEU__VEN,DEU,VEN,0.0,0.0,0,0.0,0.0,0.0,,0.0,,1948,2021,8433.0,0.0
DEU__VNM,DEU,VNM,0.0,0.0,0,0.0,0.0,0.0,,0.0,,1948,2021,9287.0,0.0
DEU__VUT,DEU,VUT,0.0,0.0,0,0.0,0.0,0.0,,0.0,,1948,2021,15571.0,0.0
DEU__WSM,DEU,WSM,0.0,0.0,1,0.0,0.0,0.0,,0.0,1914.0,1948,2021,15688.0,0.0
DEU__YEM,DEU,YEM,0.0,0.0,0,0.0,0.0,0.0,,0.0,,1948,2021,4934.0,4.0
DEU__ZAF,DEU,ZAF,0.0,0.0,0,0.0,0.0,0.0,,0.0,,1948,2021,9213.5,753.0
DEU__ZMB,DEU,ZMB,0.0,0.0,0,0.0,0.0,0.0,,0.0,,1948,2021,7519.5,285.0
DEU__ZWE,DEU,ZWE,0.0,0.0,0,0.0,0.0,0.0,,0.0,,1948,2021,7978.0,0.0
DJI__DMA,DJI,DMA,0.0,0.0,0,0.0,0.0,1.0,,0.0,,1948,2021,11201.0,0.0
DJI__DOM,DJI,DOM,0.0,0.0,0,1.0,0.0,0.0,,0.0,,1948,2021,11964.0,0.0
DJI__DZA,DJI,DZA,0.0,0.0,0,1.0,1.0,1.0,,1.0,,1948,2021,4881.0,0.0
DJI__ECU,DJI,ECU,0.0,0.0,0,0.0,0.0,0.0,,0.0,,1948,2021,13667.0,0.0
DJI__EGY,DJI,EGY,0.0,0.0,0,0.0,1.0,1.0,,0.0,,1948,2021,2385.0,0.0
DJI__ERI,DJI,ERI,1.0,0.0,0,0.0,1.0,0.0,,0.0,,1948,2021,616.0,0.0
DJI__ESP,DJI,ESP,0.0,0.0,0,0.0,0.0,0.0,,0.0,,1948,2021,5377.5,405.0
DJI__ETH,DJI,ETH,1.0,0.0,0,0.0,0.0,0.0,,0.0,,1948,2021,559.0,0.0
DJI__FJI,DJI,FJI,0.0,0.0,0,0.0,0.0,0.0,,0.0,,1948,2021,15181.0,0.0
DJI__FRA,DJI,FRA,0.0,1.0,1,0.0,1.0,1.0,0.0,0.0,1977.0,1948,2021,5585.0,0.0
DJI__FSM,DJI,FSM,0.0,0.0,0,0.0,0.0,0.0,,0.0,,1948,2021,12554.0,0.0
DJI__GAB,DJI,GAB,0.0,0.0,0,1.0,1.0,1.0,,1.0,,1948,2021,3924.0,0.0
DJI__GBR,DJI,GBR,0.0,0.0,0,0.0,0.0,0.0,,0.0,,1948,2021,5895.0,0.0
DJI__GEO,DJI,GEO,0.0,0.0,0,0.0,0.0,0.0,,0.0,,1948,2021,3340.0,0.0
DJI__GHA,DJI,GHA,0.0,0.0,0,0.0,0.0,0.0,,0.0,,1948,2021,4879.5,133.0
DJI__GIN,DJI,GIN,0.0,0.0,0,1.0,1.0,1.0,,1.0,,1948,2021,6209.0,0.0
DJI__GMB,DJI,GMB,0.0,0.0,0,0.0,0.0,0.0,,0.0,,1948,2021,6490.0,0.0
DJI__GNB,DJI,GNB,0.0,0.0,0,0.0,0.0,0.0,,0.0,,1948,2021,6391.0,0.0
DJI__GNQ,DJI,GNQ,0.0,0.0,0,0.0,0.0,1.0,,0.0,,1948,2021,3839.0,0.0
DJI__GRD,DJI,GRD,0.0,0.0,0,0.0,0.0,0.0,,0.0,,1948,2021,11332.0,0.0
DJI__GTM,DJI,GTM,0.0,0.0,0,0.0,0.0,0.0,,0.0,,1948,2021,14155.0,0.0
DJI__GUY,DJI,GUY,0.0,0.0,0,0.0,0.0,0.0,,0.0,,1948,2021,11088.0,0.0
DJI__HND,DJI,HND,0.0,0.0,0,0.0,0.0,0.0,,0.0,,1948,2021,13859.0,0.0
DJI__HTI,DJI,HTI,0.0,0.0,0,1.0,0.0,1.0,,0.0,,1948,2021,12204.0,0.0
DJI__IDN,DJI,IDN,0.0,0.0,0,0.0,0.0,0.0,,0.0,,1948,2021,7322.0,0.0
DJI__IND,DJI,IND,0.0,0.0,0,0.0,0.0,0.0,,0.0,,1948,2021,4118.5,1649.0
DJI__IRN,DJI,IRN,0.0,0.0,0,0.0,0.0,0.0,,0.0,,1948,2021,2798.0,0.0
DJI__IRQ,DJI,IRQ,0.0,0.0,0,0.0,1.0,1.0,,0.0,,1948,2021,2412.0,0.0
DJI__ISR,DJI,ISR,0.0,0.0,0,0.0,1.0,0.0,,0.0,,1948,2021,2426.0,0.0
DJI__ITA,DJI,ITA,0.0,0.0,0,0.0,0.0,0.0,,0.0,,1948,2021,4489.0,0.0
DJI__JAM,DJI,JAM,0.0,0.0,0,0.0,0.0,0.0,,0.0,,1948,2021,12665.0,0.0
DJI__JOR,DJI,JOR,0.0,0.0,0,0.0,1.0,1.0,,0.0,,1948,2021,2373.0,0.0
DJI__JPN,DJI,JPN,0.0,0.0,0,0.0,0.0,0.0,,0.0,,1948,2021,9851.0,0.0
DJI__KAZ,DJI,KAZ,0.0,0.0,0,0.0,0.0,0.0,,0.0,,1948,2021,4782.0,0.0
DJI__KEN,DJI,KEN,0.0,0.0,0,0.0,0.0,0.0,,0.0,,1948,2021,1586.0,0.0
DJI__KGZ,DJI,KGZ,0.0,0.0,0,0.0,0.0,0.0,,0.0,,1948,2021,4607.0,0.0
DJI__KHM,DJI,KHM,0.0,0.0,0,1.0,0.0,0.0,,1.0,,1948,2021,6723.0,0.0
DJI__KIR,DJI,KIR,0.0,0.0,0,0.0,0.0,0.0,,0.0,,1948,2021,14306.0,0.0
DJI__KNA,DJI,KNA,0.0,0.0,0,0.0,0.0,0.0,,0.0,,1948,2021,11279.0,0.0
DJI__KOR,DJI,KOR,0.0,0.0,0,0.0,0.0,0.0,,0.0,,1948,2021,8696.0,0.0
DJI__KWT,DJI,KWT,0.0,0.0,0,0.0,1.0,1.0,,0.0,,1948,2021,2032.0,0.0
DJI__LAO,DJI,LAO,0.0,0.0,0,1.0,0.0,0.0,,1.0,,1948,2021,6415.0,0.0
DJI__LBN,DJI,LBN,0.0,0.0,0,1.0,1.0,1.0,,0.0,,1948,2021,2591.0,0.0
DJI__LBR,DJI,LBR,0.0,0.0,0,0.0,0.0,0.0,,0.0,,1948,2021,5953.0,0.0
DJI__LBY,DJI,LBY,0.0,0.0,0,0.0,1.0,1.0,,0.0,,1948,2021,3860.0,0.0
DJI__LCA,DJI,LCA,0.0,0.0,0,0.0,0.0,0.0,,0.0,,1948,2021,11197.0,0.0
DJI__LKA,DJI,LKA,0.0,0.0,0,0.0,0.0,0.0,,0.0,,1948,2021,4063.0,0.0
DJI__LSO,DJI,LSO,0.0,0.0,0,0.0,0.0,0.0,,0.0,,1948,2021,4828.0,0.0
DJI__MAR,DJI,MAR,0.0,0.0,0,1.0,1.0,1.0,,1.0,,1948,2021,5691.0,0.0
DJI__MDG,DJI,MDG,0.0,0.0,0,1.0,1.0,1.0,,1.0,,1948,2021,3408.0,0.0
DJI__MDV,DJI,MDV,0.0,0.0,0,0.0,0.0,0.0,,0.0,,1948,2021,3444.0,0.0
DJI__MEX,DJI,MEX,0.0,0.0,0,0.0,0.0,0.0,,0.0,,1948,2021,14650.0,0.0
DJI__MHL,DJI,MHL,0.0,0.0,0,0.0,0.0,0.0,,0.0,,1948,2021,13941.0,0.0
DJI__MLI,DJI,MLI,0.0,0.0,0,1.0,0.0,1.0,,1.0,,1948,2021,5560.0,0.0
DJI__MMR,DJI,MMR,0.0,0.0,0,0.0,0.0,0.0,,0.0,,1948,2021,5736.0,0.0
DJI__MNG,DJI,MNG,0.0,0.0,0,0.0,0.0,0.0,,0.0,,1948,2021,7110.0,0.0
DJI__MOZ,DJI,MOZ,0.0,0.0,0,0.0,0.0,0.0,,0.0,,1948,2021,4310.5,3.0
DJI__MRT,DJI,MRT,0.0,0.0,0,1.0,0.0,1.0,,1.0,,1948,2021,6379.0,0.0
DJI__MUS,DJI,MUS,0.0,0.0,0,1.0,1.0,1.0,,0.0,,1948,2021,3848.0,0.0
DJI__MWI,DJI,MWI,0.0,0.0,0,0.0,0.0,0.0,,0.0,,1948,2021,3083.0,148.0
DJI__MYS,DJI,MYS,0.0,0.0,0,0.0,0.0,0.0,,0.0,,1948,2021,6658.0,278.0
DJI__NAM,DJI,NAM,0.0,0.0,0,0.0,0.0,0.0,,0.0,,1948,2021,4728.0,0.0
DJI__NER,DJI,NER,0.0,0.0,0,1.0,1.0,1.0,,1.0,,1948,2021,4460.0,0.0
DJI__NGA,DJI,NGA,0.0,0.0,0,0.0,0.0,0.0,,0.0,,1948,2021,4367.0,72.0
DJI__NIC,DJI,NIC,0.0,0.0,0,0.0,0.0,0.0,,0.0,,1948,2021,13854.0,0.0
DJI__NLD,DJI,NLD,0.0,0.0,0,0.0,0.0,0.0,,0.0,,1948,2021,5666.5,9.0
DJI__NPL,DJI,NPL,0.0,0.0,0,0.0,0.0,0.0,,0.0,,1948,2021,4740.0,0.0
DJI__NRU,DJI,NRU,0.0,0.0,0,0.0,0.0,0.0,,0.0,,1948,2021,13705.0,0.0
DJI__NZL,DJI,NZL,0.0,0.0,0,0.0,0.0,0.0,,0.0,,1948,2021,14448.0,0.0
DJI__OMN,DJI,OMN,0.0,0.0,0,0.0,1.0,1.0,,0.0,,1948,2021,2108.0,0.0
DJI__PAK,DJI,PAK,0.0,0.0,0,0.0,0.0,0.0,,0.0,,1948,2021,2921.0,0.0
DJI__PAN,DJI,PAN,0.0,0.0,0,0.0,0.0,0.0,,0.0,,1948,2021,13291.0,0.0
DJI__PER,DJI,PER,0.0,0.0,0,0.0,0.0,0.0,,0.0,,1948,2021,13530.0,0.0
DJI__PHL,DJI,PHL,0.0,0.0,0,0.0,0.0,0.0,,0.0,,1948,2021,8406.0,0.0
DJI__PLW,DJI,PLW,0.0,0.0,0,0.0,0.0,0.0,,0.0,,1948,2021,10006.0,12.0
DJI__PNG,DJI,PNG,0.0,0.0,0,0.0,0.0,0.0,,0.0,,1948,2021,11742.0,0.0
DJI__PRK,DJI,PRK,0.0,0.0,0,0.0,0.0,0.0,,0.0,,1948,2021,8575.0,0.0
DJI__PRT,DJI,PRT,0.0,0.0,0,0.0,0.0,0.0,,0.0,,1948,2021,5964.0,0.0
DJI__PRY,DJI,PRY,0.0,0.0,0,0.0,0.0,0.0,,0.0,,1948,2021,11633.0,0.0
DJI__QAT,DJI,QAT,0.0,0.0,0,0.0,1.0,1.0,,0.0,,1948,2021,1751.5,3.0
DJI__RWA,DJI,RWA,0.0,0.0,0,0.0,1.0,1.0,,0.0,,1948,2021,2083.0,0.0
DJI__SAU,DJI,SAU,0.0,0.0,0,0.0,1.0,1.0,,0.0,,1948,2021,1321.0,354.0
DJI__SDN,DJI,SDN,0.0,0.0,0,0.0,1.0,1.0,,0.0,,1948,2021,1229.0,0.0
DJI__SEN,DJI,SEN,0.0,0.0,0,1.0,1.0,1.0,,1.0,,1948,2021,6560.0,0.0
DJI__SGP,DJI,SGP,0.0,0.0,0,0.0,0.0,0.0,,0.0,,1948,2021,6797.0,0.0
DJI__SLB,DJI,SLB,0.0,0.0,0,0.0,0.0,0.0,,0.0,,1948,2021,13128.0,0.0
DJI__SLE,DJI,SLE,0.0,0.0,0,0.0,0.0,0.0,,0.0,,1948,2021,6181.0,0.0
DJI__SLV,DJI,SLV,0.0,0.0,0,0.0,0.0,0.0,,0.0,,1948,2021,14071.0,0.0
DJI__SOM,DJI,SOM,1.0,0.0,0,0.0,1.0,1.0,,0.0,,1948,2021,1083.0,0.0
DJI__SSD,DJI,SSD,0.0,0.0,0,0.0,1.0,1.0,,0.0,,1948,2021,1475.0,0.0
DJI__STP,DJI,STP,0.0,0.0,0,0.0,0.0,0.0,,0.0,,1948,2021,4213.0,0.0
DJI__SUR,DJI,SUR,0.0,0.0,0,0.0,0.0,0.0,,0.0,,1948,2021,10789.0,0.0
DJI__SWZ,DJI,SWZ,0.0,0.0,0,0.0,0.0,0.0,,0.0,,1948,2021,4390.0,0.0
DJI__SYC,DJI,SYC,0.0,0.0,0,1.0,1.0,1.0,,0.0,,1948,2021,2251.0,0.0
DJI__SYR,DJI,SYR,0.0,0.0,0,1.0,1.0,1.0,,1.0,,1948,2021,2659.5,267.0
DJI__TCD,DJI,TCD,0.0,0.0,0,1.0,1.0,1.0,,1.0,,1948,2021,3061.0,0.0
DJI__TGO,DJI,TGO,0.0,0.0,0,1.0,1.0,1.0,,1.0,,1948,2021,4647.0,0.0
DJI__THA,DJI,THA,0.0,0.0,0,0.0,0.0,0.0,,0.0,,1948,2021,6224.0,0.0
DJI__TJK,DJI,TJK,0.0,0.0,0,0.0,0.0,0.0,,0.0,,1948,2021,3921.0,0.0
DJI__TKM,DJI,TKM,0.0,0.0,0,0.0,0.0,0.0,,0.0,,1948,2021,3291.0,0.0
DJI__TLS,DJI,TLS,0.0,0.0,0,0.0,0.0,0.0,,0.0,,1948,2021,9390.0,0.0
DJI__TON,DJI,TON,0.0,0.0,0,0.0,0.0,0.0,,0.0,,1948,2021,15813.0,0.0
DJI__TTO,DJI,TTO,0.0,0.0,0,0.0,0.0,0.0,,0.0,,1948,2021,11346.0,0.0
DJI__TUN,DJI,TUN,0.0,0.0,0,1.0,1.0,1.0,,1.0,,1948,2021,4323.0,0.0
DJI__TUR,DJI,TUR,0.0,0.0,0,0.0,0.0,0.0,,0.0,,1948,2021,3544.0,0.0
DJI__TUV,DJI,TUV,0.0,0.0,0,0.0,0.0,0.0,,0.0,,1948,2021,15211.0,0.0
DJI__TWN,DJI,TWN,0.0,0.0,0,0.0,0.0,0.0,,0.0,,1948,2021,8315.0,8.0
DJI__TZA,DJI,TZA,0.0,0.0,0,0.0,0.0,0.0,,0.0,,1948,2021,2081.0,0.0
DJI__UGA,DJI,UGA,0.0,0.0,0,0.0,0.0,0.0,,0.0,,1948,2021,1708.0,0.0
DJI__URY,DJI,URY,0.0,0.0,0,0.0,0.0,0.0,,0.0,,1948,2021,11585.0,0.0
DJI__USA,DJI,USA,0.0,0.0,0,1.0,0.0,0.0,,0.0,,1948,2021,11355.0,0.0
DJI__UZB,DJI,UZB,0.0,0.0,0,0.0,0.0,0.0,,0.0,,1948,2021,4158.0,0.0
DJI__VCT,DJI,VCT,0.0,0.0,0,0.0,0.0,0.0,,0.0,,1948,2021,11246.0,0.0
DJI__VEN,DJI,VEN,0.0,0.0,0,0.0,0.0,0.0,,0.0,,1948,2021,11918.0,0.0
DJI__VNM,DJI,VNM,0.0,0.0,0,1.0,0.0,0.0,,1.0,,1948,2021,6924.0,0.0
DJI__VUT,DJI,VUT,0.0,0.0,0,1.0,1.0,1.0,,1.0,,1948,2021,14109.0,0.0
DJI__WSM,DJI,WSM,0.0,0.0,0,0.0,0.0,0.0,,0.0,,1948,2021,16239.0,0.0
DJI__YEM,DJI,YEM,0.0,0.0,0,0.0,1.0,1.0,,0.0,,1948,2021,394.0,76.0
DJI__ZAF,DJI,ZAF,0.0,0.0,0,0.0,0.0,0.0,,0.0,,1948,2021,5083.0,1188.0
DJI__ZMB,DJI,ZMB,0.0,0.0,0,0.0,0.0,0.0,,0.0,,1948,2021,3285.0,242.0
DJI__ZWE,DJI,ZWE,0.0,0.0,0,0.0,0.0,0.0,,0.0,,1948,2021,3515.0,0.0
DMA__DOM,DMA,DOM,0.0,0.0,0,0.0,0.0,0.0,,0.0,,1948,2021,973.0,0.0
DMA__DZA,DMA,DZA,0.0,0.0,0,0.0,0.0,1.0,,0.0,,1948,2021,6742.0,0.0
DMA__ECU,DMA,ECU,0.0,0.0,0,0.0,0.0,0.0,,0.0,,1948,2021,2809.0,0.0
DMA__EGY,DMA,EGY,0.0,0.0,0,1.0,1.0,0.0,,0.0,,1948,2021,9422.0,0.0
DMA__ERI,DMA,ERI,0.0,0.0,0,1.0,1.0,1.0,,1.0,,1948,2021,10640.0,0.0
DMA__ESP,DMA,ESP,0.0,0.0,0,0.0,0.0,0.0,,0.0,,1948,2021,6449.0,504.0
DMA__ETH,DMA,ETH,0.0,0.0,0,0.0,0.0,1.0,,0.0,,1948,2021,10827.0,0.0
DMA__FJI,DMA,FJI,0.0,0.0,0,1.0,1.0,1.0,,1.0,,1948,2021,13673.0,0.0
DMA__FRA,DMA,FRA,0.0,0.0,0,0.0,0.0,1.0,,0.0,,1948,2021,6825.0,0.0
DMA__FSM,DMA,FSM,0.0,0.0,0,0.0,1.0,1.0,,0.0,,1948,2021,15022.0,0.0
DMA__GAB,DMA,GAB,0.0,0.0,0,0.0,0.0,1.0,,0.0,,1948,2021,7951.0,0.0
DMA__GBR,DMA,GBR,0.0,1.0,1,0.0,1.0,1.0,0.0,0.0,1978.0,1948,2021,6710.0,0.0
DMA__GEO,DMA,GEO,0.0,0.0,0,0.0,0.0,0.0,,0.0,,1948,2021,10185.0,0.0
DMA__GHA,DMA,GHA,0.0,0.0,0,1.0,1.0,1.0,,1.0,,1948,2021,6674.0,184.0
DMA__GIN,DMA,GIN,0.0,0.0,0,0.0,0.0,1.0,,0.0,,1948,2021,5219.0,0.0
DMA__GMB,DMA,GMB,0.0,0.0,0,1.0,1.0,1.0,,1.0,,1948,2021,4818.0,0.0
DMA__GNB,DMA,GNB,0.0,0.0,0,0.0,0.0,0.0,,0.0,,1948,2021,4962.0,0.0
DMA__GNQ,DMA,GNQ,0.0,0.0,0,0.0,0.0,1.0,,0.0,,1948,2021,7940.0,0.0
DMA__GRD,DMA,GRD,0.0,0.0,0,1.0,1.0,1.0,,1.0,,1948,2021,361.0,0.0
DMA__GTM,DMA,GTM,0.0,0.0,0,0.0,0.0,0.0,,0.0,,1948,2021,3134.0,0.0
DMA__GUY,DMA,GUY,0.0,0.0,0,1.0,1.0,1.0,,1.0,,1948,2021,1004.0,0.0
DMA__HND,DMA,HND,0.0,0.0,0,0.0,0.0,0.0,,0.0,,1948,2021,2782.0,0.0
DMA__HTI,DMA,HTI,0.0,0.0,0,0.0,0.0,1.0,,0.0,,1948,2021,1220.0,0.0
DMA__IDN,DMA,IDN,0.0,0.0,0,0.0,0.0,0.0,,0.0,,1948,2021,18391.0,0.0
DMA__IND,DMA,IND,0.0,0.0,0,1.0,1.0,1.0,,1.0,,1948,2021,14054.5,1265.0
DMA__IRN,DMA,IRN,0.0,0.0,0,0.0,0.0,0.0,,0.0,,1948,2021,10981.0,0.0
DMA__IRQ,DMA,IRQ,0.0,0.0,0,1.0,0.0,0.0,,0.0,,1948,2021,10496.0,0.0
DMA__ISR,DMA,ISR,0.0,0.0,0,1.0,1.0,1.0,,1.0,,1948,2021,9688.0,0.0
DMA__ITA,DMA,ITA,0.0,0.0,0,0.0,0.0,0.0,,0.0,,1948,2021,7562.0,0.0
DMA__JAM,DMA,JAM,0.0,0.0,0,1.0,1.0,1.0,,1.0,,1948,2021,1670.0,0.0
DMA__JOR,DMA,JOR,0.0,0.0,0,1.0,1.0,0.0,,1.0,,1948,2021,9797.0,0.0
DMA__JPN,DMA,JPN,0.0,0.0,0,0.0,0.0,0.0,,0.0,,1948,2021,13943.0,0.0
DMA__KAZ,DMA,KAZ,0.0,0.0,0,0.0,0.0,0.0,,0.0,,1948,2021,12260.0,0.0
DMA__KEN,DMA,KEN,0.0,0.0,0,1.0,1.0,1.0,,1.0,,1948,2021,10936.0,0.0
DMA__KGZ,DMA,KGZ,0.0,0.0,0,0.0,0.0,0.0,,0.0,,1948,2021,12159.0,0.0
DMA__KHM,DMA,KHM,0.0,0.0,0,0.0,0.0,0.0,,0.0,,1948,2021,16678.0,0.0
DMA__KIR,DMA,KIR,0.0,0.0,0,1.0,1.0,1.0,,1.0,,1948,2021,13776.0,0.0
DMA__KNA,DMA,KNA,0.0,0.0,0,1.0,1.0,1.0,,1.0,,1948,2021,263.0,0.0
DMA__KOR,DMA,KOR,0.0,0.0,0,0.0,1.0,0.0,,0.0,,1948,2021,14087.0,0.0
DMA__KWT,DMA,KWT,0.0,0.0,0,1.0,1.0,0.0,,1.0,,1948,2021,10978.0,0.0
DMA__LAO,DMA,LAO,0.0,0.0,0,0.0,0.0,0.0,,0.0,,1948,2021,15932.0,0.0
DMA__LBN,DMA,LBN,0.0,0.0,0,0.0,1.0,1.0,,0.0,,1948,2021,9694.0,0.0
DMA__LBR,DMA,LBR,0.0,0.0,0,0.0,1.0,1.0,,0.0,,1948,2021,5609.0,0.0
DMA__LBY,DMA,LBY,0.0,0.0,0,0.0,0.0,0.0,,0.0,,1948,2021,7680.0,0.0
DMA__LCA,DMA,LCA,0.0,0.0,0,1.0,1.0,1.0,,1.0,,1948,2021,150.0,0.0
DMA__LKA,DMA,LKA,0.0,0.0,0,1.0,0.0,0.0,,1.0,,1948,2021,15096.0,0.0
DMA__LSO,DMA,LSO,0.0,0.0,0,1.0,1.0,1.0,,1.0,,1948,2021,10727.0,0.0
DMA__MAR,DMA,MAR,0.0,0.0,0,0.0,0.0,1.0,,0.0,,1948,2021,5746.0,0.0
DMA__MDG,DMA,MDG,0.0,0.0,0,0.0,0.0,1.0,,0.0,,1948,2021,12509.0,0.0
DMA__MDV,DMA,MDV,0.0,0.0,0,1.0,0.0,0.0,,1.0,,1948,2021,14614.0,0.0
DMA__MEX,DMA,MEX,0.0,0.0,0,0.0,0.0,0.0,,0.0,,1948,2021,4030.0,0.0
DMA__MHL,DMA,MHL,0.0,0.0,0,0.0,1.0,1.0,,0.0,,1948,2021,13707.0,0.0
DMA__MLI,DMA,MLI,0.0,0.0,0,0.0,0.0,1.0,,0.0,,1948,2021,5762.0,0.0
DMA__MMR,DMA,MMR,0.0,0.0,0,1.0,0.0,0.0,,1.0,,1948,2021,15691.0,0.0
DMA__MNG,DMA,MNG,0.0,0.0,0,0.0,0.0,0.0,,0.0,,1948,2021,12907.0,0.0
DMA__MOZ,DMA,MOZ,0.0,0.0,0,0.0,0.0,0.0,,0.0,,1948,2021,11128.5,13.0
DMA__MRT,DMA,MRT,0.0,0.0,0,0.0,0.0,0.0,,0.0,,1948,2021,4841.0,0.0
DMA__MUS,DMA,MUS,0.0,0.0,0,1.0,1.0,1.0,,1.0,,1948,2021,13563.0,0.0
DMA__MWI,DMA,MWI,0.0,0.0,0,1.0,1.0,1.0,,1.0,,1948,2021,11048.5,175.0
DMA__MYS,DMA,MYS,0.0,0.0,0,1.0,0.0,0.0,,1.0,,1948,2021,17411.0,312.0
DMA__NAM,DMA,NAM,0.0,0.0,0,0.0,1.0,1.0,,0.0,,1948,2021,9518.0,0.0
DMA__NER,DMA,NER,0.0,0.0,0,0.0,0.0,1.0,,0.0,,1948,2021,6826.0,0.0
DMA__NGA,DMA,NGA,0.0,0.0,0,1.0,1.0,1.0,,1.0,,1948,2021,7142.0,30.0
DMA__NIC,DMA,NIC,0.0,0.0,0,0.0,0.0,0.0,,0.0,,1948,2021,2710.0,0.0
DMA__NLD,DMA,NLD,0.0,0.0,0,0.0,0.0,0.0,,0.0,,1948,2021,7049.0,36.0
DMA__NPL,DMA,NPL,0.0,0.0,0,0.0,0.0,0.0,,0.0,,1948,2021,14054.0,0.0
DMA__NRU,DMA,NRU,0.0,0.0,0,1.0,1.0,1.0,,1.0,,1948,2021,14481.0,0.0
DMA__NZL,DMA,NZL,0.0,0.0,0,1.0,1.0,1.0,,0.0,,1948,2021,14018.0,0.0
DMA__OMN,DMA,OMN,0.0,0.0,0,0.0,0.0,0.0,,0.0,,1948,2021,12207.0,0.0
DMA__PAK,DMA,PAK,0.0,0.0,0,1.0,1.0,1.0,,1.0,,1948,2021,12878.0,0.0
DMA__PAN,DMA,PAN,0.0,0.0,0,0.0,0.0,0.0,,0.0,,1948,2021,2092.0,0.0
DMA__PER,DMA,PER,0.0,0.0,0,0.0,0.0,0.0,,0.0,,1948,2021,3481.0,0.0
DMA__PHL,DMA,PHL,0.0,0.0,0,0.0,1.0,1.0,,0.0,,1948,2021,16686.0,0.0
DMA__PLW,DMA,PLW,0.0,0.0,0,1.0,1.0,1.0,,0.0,,1948,2021,16947.5,23.0
DMA__PNG,DMA,PNG,0.0,0.0,0,1.0,1.0,1.0,,0.0,,1948,2021,16864.0,0.0
DMA__PRK,DMA,PRK,0.0,0.0,0,0.0,0.0,0.0,,0.0,,1948,2021,13944.0,0.0
DMA__PRT,DMA,PRT,0.0,0.0,0,0.0,0.0,0.0,,0.0,,1948,2021,5704.0,0.0
DMA__PRY,DMA,PRY,0.0,0.0,0,0.0,0.0,0.0,,0.0,,1948,2021,4510.0,0.0
DMA__QAT,DMA,QAT,0.0,0.0,0,1.0,0.0,0.0,,1.0,,1948,2021,11477.0,10.0
DMA__RWA,DMA,RWA,0.0,0.0,0,0.0,1.0,1.0,,0.0,,1948,2021,10229.0,0.0
DMA__SAU,DMA,SAU,0.0,0.0,0,0.0,0.0,0.0,,0.0,,1948,2021,10790.0,540.0
DMA__SDN,DMA,SDN,0.0,0.0,0,1.0,0.0,0.0,,1.0,,1948,2021,9975.0,0.0
DMA__SEN,DMA,SEN,0.0,0.0,0,0.0,0.0,1.0,,0.0,,1948,2021,4718.0,0.0
DMA__SGP,DMA,SGP,0.0,0.0,0,1.0,1.0,1.0,,1.0,,1948,2021,17567.0,0.0
DMA__SLB,DMA,SLB,0.0,0.0,0,1.0,0.0,1.0,,1.0,,1948,2021,15500.0,0.0
DMA__SLE,DMA,SLE,0.0,0.0,0,1.0,1.0,1.0,,1.0,,1948,2021,5290.0,0.0
DMA__SLV,DMA,SLV,0.0,0.0,0,0.0,0.0,0.0,,0.0,,1948,2021,3000.0,0.0
DMA__SOM,DMA,SOM,0.0,0.0,0,1.0,0.0,1.0,,1.0,,1948,2021,11750.0,0.0
DMA__SSD,DMA,SSD,0.0,0.0,0,0.0,0.0,0.0,,1.0,,1948,2021,10194.0,0.0
DMA__STP,DMA,STP,0.0,0.0,0,0.0,0.0,0.0,,0.0,,1948,2021,7661.0,0.0
DMA__SUR,DMA,SUR,0.0,0.0,0,0.0,0.0,0.0,,0.0,,1948,2021,1246.0,0.0
DMA__SWZ,DMA,SWZ,0.0,0.0,0,1.0,0.0,1.0,,1.0,,1948,2021,11001.0,0.0
DMA__SYC,DMA,SYC,0.0,0.0,0,1.0,1.0,1.0,,1.0,,1948,2021,13032.0,0.0
DMA__SYR,DMA,SYR,0.0,0.0,0,0.0,0.0,0.0,,0.0,,1948,2021,9772.0,14.0
DMA__TCD,DMA,TCD,0.0,0.0,0,0.0,0.0,1.0,,0.0,,1948,2021,8233.0,0.0
DMA__TGO,DMA,TGO,0.0,0.0,0,0.0,0.0,1.0,,0.0,,1948,2021,6901.0,0.0
DMA__THA,DMA,THA,0.0,0.0,0,0.0,0.0,0.0,,0.0,,1948,2021,16235.0,0.0
DMA__TJK,DMA,TJK,0.0,0.0,0,0.0,0.0,0.0,,0.0,,1948,2021,12115.0,0.0
DMA__TKM,DMA,TKM,0.0,0.0,0,0.0,0.0,0.0,,0.0,,1948,2021,11407.0,0.0
DMA__TLS,DMA,TLS,0.0,0.0,0,0.0,0.0,0.0,,0.0,,1948,2021,18957.0,0.0
DMA__TON,DMA,TON,0.0,0.0,0,1.0,0.0,1.0,,1.0,,1948,2021,13050.0,0.0
DMA__TTO,DMA,TTO,0.0,0.0,0,1.0,1.0,1.0,,1.0,,1948,2021,513.0,0.0
DMA__TUN,DMA,TUN,0.0,0.0,0,0.0,0.0,1.0,,0.0,,1948,2021,7377.0,0.0
DMA__TUR,DMA,TUR,0.0,0.0,0,0.0,0.0,0.0,,0.0,,1948,2021,8938.0,0.0
DMA__TUV,DMA,TUV,0.0,0.0,0,1.0,0.0,0.0,,1.0,,1948,2021,13411.0,0.0
DMA__TWN,DMA,TWN,0.0,0.0,0,0.0,0.0,0.0,,0.0,,1948,2021,15531.5,5.0
DMA__TZA,DMA,TZA,0.0,0.0,0,1.0,0.0,1.0,,1.0,,1948,2021,11355.0,0.0
DMA__UGA,DMA,UGA,0.0,0.0,0,1.0,1.0,1.0,,1.0,,1948,2021,10435.0,0.0
DMA__URY,DMA,URY,0.0,0.0,0,0.0,0.0,0.0,,0.0,,1948,2021,5576.0,0.0
DMA__USA,DMA,USA,0.0,0.0,0,1.0,1.0,1.0,,0.0,,1948,2021,3070.0,0.0
DMA__UZB,DMA,UZB,0.0,0.0,0,0.0,0.0,0.0,,0.0,,1948,2021,11951.0,0.0
DMA__VCT,DMA,VCT,0.0,0.0,0,1.0,1.0,1.0,,1.0,,1948,2021,238.0,0.0
DMA__VEN,DMA,VEN,0.0,0.0,0,0.0,0.0,0.0,,0.0,,1948,2021,799.0,0.0
DMA__VNM,DMA,VNM,0.0,0.0,0,0.0,0.0,0.0,,0.0,,1948,2021,16842.0,0.0
DMA__VUT,DMA,VUT,0.0,0.0,0,1.0,1.0,1.0,,1.0,,1948,2021,14736.0,0.0
DMA__WSM,DMA,WSM,0.0,0.0,0,0.0,1.0,1.0,,0.0,,1948,2021,12564.0,0.0
DMA__YEM,DMA,YEM,0.0,0.0,0,1.0,0.0,0.0,,1.0,,1948,2021,11123.0,108.0
DMA__ZAF,DMA,ZAF,0.0,0.0,0,1.0,1.0,1.0,,0.0,,1948,2021,10368.5,659.0
DMA__ZMB,DMA,ZMB,0.0,0.0,0,1.0,1.0,1.0,,1.0,,1948,2021,10384.5,81.0
DMA__ZWE,DMA,ZWE,0.0,0.0,0,1.0,1.0,1.0,,1.0,,1948,2021,10778.0,0.0
DOM__DZA,DOM,DZA,0.0,0.0,0,1.0,0.0,0.0,,0.0,,1948,2021,7308.0,0.0
DOM__ECU,DOM,ECU,0.0,0.0,0,1.0,1.0,1.0,,0.0,,1948,2021,2534.0,0.0
DOM__EGY,DOM,EGY,0.0,0.0,0,0.0,0.0,0.0,,0.0,,1948,2021,10022.0,0.0
DOM__ERI,DOM,ERI,0.0,0.0,0,0.0,0.0,0.0,,0.0,,1948,2021,11380.0,0.0
DOM__ESP,DOM,ESP,0.0,0.0,1,0.0,1.0,1.0,1.0,0.0,1865.0,1948,2021,6947.5,491.0
DOM__ETH,DOM,ETH,0.0,0.0,0,0.0,0.0,0.0,,0.0,,1948,2021,11630.0,0.0
DOM__FJI,DOM,FJI,0.0,0.0,0,0.0,0.0,0.0,,0.0,,1948,2021,12856.0,0.0
DOM__FRA,DOM,FRA,0.0,0.0,1,0.0,0.0,0.0,,0.0,1821.0,1948,2021,7190.0,0.0
DOM__FSM,DOM,FSM,0.0,0.0,0,1.0,0.0,0.0,,0.0,,1948,2021,14052.0,0.0
DOM__GAB,DOM,GAB,0.0,0.0,0,1.0,0.0,0.0,,0.0,,1948,2021,8880.0,0.0
DOM__GBR,DOM,GBR,0.0,0.0,0,0.0,0.0,0.0,,0.0,,1948,2021,7024.0,0.0
DOM__GEO,DOM,GEO,0.0,0.0,0,0.0,0.0,0.0,,0.0,,1948,2021,10569.0,0.0
DOM__GHA,DOM,GHA,0.0,0.0,0,0.0,0.0,0.0,,0.0,,1948,2021,7588.0,188.0
DOM__GIN,DOM,GIN,0.0,0.0,0,1.0,0.0,0.0,,0.0,,1948,2021,6133.0,0.0
DOM__GMB,DOM,GMB,0.0,0.0,0,0.0,0.0,0.0,,0.0,,1948,2021,5706.0,0.0
DOM__GNB,DOM,GNB,0.0,0.0,0,0.0,0.0,0.0,,0.0,,1948,2021,5861.0,0.0
DOM__GNQ,DOM,GNQ,0.0,0.0,0,1.0,1.0,1.0,,0.0,,1948,2021,8861.0,0.0
DOM__GRD,DOM,GRD,0.0,0.0,0,0.0,0.0,0.0,,0.0,,1948,2021,1128.0,0.0
DOM__GTM,DOM,GTM,0.0,0.0,0,1.0,1.0,1.0,,0.0,,1948,2021,2242.0,0.0
DOM__GUY,DOM,GUY,0.0,0.0,0,0.0,0.0,0.0,,0.0,,1948,2021,1815.0,0.0
DOM__HND,DOM,HND,0.0,0.0,0,1.0,1.0,1.0,,0.0,,1948,2021,1912.0,0.0
DOM__HTI,DOM,HTI,1.0,0.0,1,1.0,0.0,0.0,,0.0,1844.0,1948,2021,257.0,0.0
DOM__IDN,DOM,IDN,0.0,0.0,0,0.0,0.0,0.0,,0.0,,1948,2021,18602.0,0.0
DOM__IND,DOM,IND,0.0,0.0,0,0.0,0.0,0.0,,0.0,,1948,2021,14301.5,1183.0
DOM__IRN,DOM,IRN,0.0,0.0,0,0.0,0.0,0.0,,0.0,,1948,2021,11408.0,0.0
DOM__IRQ,DOM,IRQ,0.0,0.0,0,0.0,0.0,0.0,,0.0,,1948,2021,10995.0,0.0
DOM__ISR,DOM,ISR,0.0,0.0,0,0.0,0.0,0.0,,0.0,,1948,2021,10248.0,0.0
DOM__ITA,DOM,ITA,0.0,0.0,0,0.0,0.0,0.0,,0.0,,1948,2021,8042.0,0.0
DOM__JAM,DOM,JAM,0.0,0.0,0,0.0,0.0,0.0,,0.0,,1948,2021,731.0,0.0
DOM__JOR,DOM,JOR,0.0,0.0,0,0.0,0.0,0.0,,0.0,,1948,2021,10354.0,0.0
DOM__JPN,DOM,JPN,0.0,0.0,0,0.0,0.0,0.0,,0.0,,1948,2021,13250.0,0.0
DOM__KAZ,DOM,KAZ,0.0,0.0,0,0.0,0.0,0.0,,0.0,,1948,2021,12378.0,0.0
DOM__KEN,DOM,KEN,0.0,0.0,0,0.0,0.0,0.0,,0.0,,1948,2021,11826.0,0.0
DOM__KGZ,DOM,KGZ,0.0,0.0,0,0.0,0.0,0.0,,0.0,,1948,2021,12304.0,0.0
DOM__KHM,DOM,KHM,0.0,0.0,0,1.0,0.0,0.0,,0.0,,1948,2021,16633.0,0.0
DOM__KIR,DOM,KIR,0.0,0.0,0,0.0,0.0,0.0,,0.0,,1948,2021,12816.0,0.0
DOM__KNA,DOM,KNA,0.0,0.0,0,0.0,0.0,0.0,,0.0,,1948,2021,772.0,0.0
DOM__KOR,DOM,KOR,0.0,0.0,0,0.0,0.0,0.0,,0.0,,1948,2021,13554.0,0.0
DOM__KWT,DOM,KWT,0.0,0.0,0,0.0,0.0,0.0,,0.0,,1948,2021,11510.0,0.0
DOM__LAO,DOM,LAO,0.0,0.0,0,1.0,0.0,0.0,,0.0,,1948,2021,15890.0,0.0
DOM__LBN,DOM,LBN,0.0,0.0,0,1.0,0.0,0.0,,0.0,,1948,2021,10227.0,0.0
DOM__LBR,DOM,LBR,0.0,0.0,0,0.0,0.0,0.0,,0.0,,1948,2021,6539.0,0.0
DOM__LBY,DOM,LBY,0.0,0.0,0,0.0,0.0,0.0,,0.0,,1948,2021,8292.0,0.0
DOM__LCA,DOM,LCA,0.0,0.0,0,0.0,0.0,0.0,,0.0,,1948,2021,1074.0,0.0
DOM__LKA,DOM,LKA,0.0,0.0,0,0.0,0.0,0.0,,0.0,,1948,2021,15671.0,0.0
DOM__LSO,DOM,LSO,0.0,0.0,0,0.0,0.0,0.0,,0.0,,1948,2021,11694.0,0.0
DOM__MAR,DOM,MAR,0.0,0.0,0,1.0,0.0,0.0,,0.0,,1948,2021,6360.0,0.0
DOM__MDG,DOM,MDG,0.0,0.0,0,1.0,0.0,0.0,,0.0,,1948,2021,13472.0,0.0
DOM__MDV,DOM,MDV,0.0,0.0,0,0.0,0.0,0.0,,0.0,,1948,2021,15296.0,0.0
DOM__MEX,DOM,MEX,0.0,0.0,0,1.0,1.0,1.0,,0.0,,1948,2021,3078.0,0.0
DOM__MHL,DOM,MHL,0.0,0.0,0,0.0,0.0,0.0,,0.0,,1948,2021,12735.0,0.0
DOM__MLI,DOM,MLI,0.0,0.0,0,1.0,0.0,0.0,,0.0,,1948,2021,6641.0,0.0
DOM__MMR,DOM,MMR,0.0,0.0,0,0.0,0.0,0.0,,0.0,,1948,2021,15816.0,0.0
DOM__MNG,DOM,MNG,0.0,0.0,0,0.0,0.0,0.0,,0.0,,1948,2021,12644.0,0.0
DOM__MOZ,DOM,MOZ,0.0,0.0,0,0.0,0.0,0.0,,0.0,,1948,2021,12101.5,13.0
DOM__MRT,DOM,MRT,0.0,0.0,0,1.0,0.0,0.0,,0.0,,1948,2021,5679.0,0.0
DOM__MUS,DOM,MUS,0.0,0.0,0,1.0,0.0,0.0,,0.0,,1948,2021,14526.0,0.0
DOM__MWI,DOM,MWI,0.0,0.0,0,0.0,0.0,0.0,,0.0,,1948,2021,12007.5,179.0
DOM__MYS,DOM,MYS,0.0,0.0,0,0.0,0.0,0.0,,0.0,,1948,2021,17579.5,271.0
DOM__NAM,DOM,NAM,0.0,0.0,0,0.0,0.0,0.0,,0.0,,1948,2021,10490.0,0.0
DOM__NER,DOM,NER,0.0,0.0,0,1.0,0.0,0.0,,0.0,,1948,2021,7679.0,0.0
DOM__NGA,DOM,NGA,0.0,0.0,0,0.0,0.0,0.0,,0.0,,1948,2021,8043.0,22.0
DOM__NIC,DOM,NIC,0.0,0.0,0,1.0,1.0,1.0,,0.0,,1948,2021,1890.0,0.0
DOM__NLD,DOM,NLD,0.0,0.0,0,0.0,0.0,0.0,,0.0,,1948,2021,7358.0,28.0
DOM__NPL,DOM,NPL,0.0,0.0,0,0.0,0.0,0.0,,0.0,,1948,2021,14244.0,0.0
DOM__NRU,DOM,NRU,0.0,0.0,0,0.0,0.0,0.0,,0.0,,1948,2021,13521.0,0.0
DOM__NZL,DOM,NZL,0.0,0.0,0,0.0,0.0,0.0,,0.0,,1948,2021,13455.0,0.0
DOM__OMN,DOM,OMN,0.0,0.0,0,0.0,0.0,0.0,,0.0,,1948,2021,12743.0,0.0
DOM__PAK,DOM,PAK,0.0,0.0,0,0.0,0.0,0.0,,0.0,,1948,2021,13327.0,0.0
DOM__PAN,DOM,PAN,0.0,0.0,0,1.0,1.0,1.0,,0.0,,1948,2021,1477.0,0.0
DOM__PER,DOM,PER,0.0,0.0,0,1.0,1.0,1.0,,0.0,,1948,2021,3467.0,0.0
DOM__PHL,DOM,PHL,0.0,0.0,0,1.0,0.0,0.0,,0.0,,1948,2021,16157.0,0.0
DOM__PLW,DOM,PLW,0.0,0.0,0,0.0,0.0,0.0,,0.0,,1948,2021,16091.5,23.0
DOM__PNG,DOM,PNG,0.0,0.0,0,0.0,0.0,0.0,,0.0,,1948,2021,15913.0,0.0
DOM__PRK,DOM,PRK,0.0,0.0,0,0.0,0.0,0.0,,0.0,,1948,2021,13432.0,0.0
DOM__PRT,DOM,PRT,0.0,0.0,0,0.0,0.0,0.0,,0.0,,1948,2021,6230.0,0.0
DOM__PRY,DOM,PRY,0.0,0.0,0,1.0,1.0,1.0,,0.0,,1948,2021,5023.0,0.0
DOM__QAT,DOM,QAT,0.0,0.0,0,0.0,0.0,0.0,,0.0,,1948,2021,12040.0,10.0
DOM__RWA,DOM,RWA,0.0,0.0,0,0.0,0.0,0.0,,0.0,,1948,2021,11137.0,0.0
DOM__SAU,DOM,SAU,0.0,0.0,0,0.0,0.0,0.0,,0.0,,1948,2021,11423.5,467.0
DOM__SDN,DOM,SDN,0.0,0.0,0,0.0,0.0,0.0,,0.0,,1948,2021,10735.0,0.0
DOM__SEN,DOM,SEN,0.0,0.0,0,1.0,0.0,0.0,,0.0,,1948,2021,5595.0,0.0
DOM__SGP,DOM,SGP,0.0,0.0,0,0.0,0.0,0.0,,0.0,,1948,2021,17715.0,0.0
DOM__SLB,DOM,SLB,0.0,0.0,0,0.0,0.0,0.0,,0.0,,1948,2021,14572.0,0.0
DOM__SLE,DOM,SLE,0.0,0.0,0,0.0,0.0,0.0,,0.0,,1948,2021,6211.0,0.0
DOM__SLV,DOM,SLV,0.0,0.0,0,1.0,1.0,1.0,,0.0,,1948,2021,2129.0,0.0
DOM__SOM,DOM,SOM,0.0,0.0,0,0.0,0.0,0.0,,0.0,,1948,2021,12594.0,0.0
DOM__SSD,DOM,SSD,0.0,0.0,0,0.0,0.0,0.0,,0.0,,1948,2021,11052.0,0.0
DOM__STP,DOM,STP,0.0,0.0,0,0.0,0.0,0.0,,0.0,,1948,2021,8594.0,0.0
DOM__SUR,DOM,SUR,0.0,0.0,0,0.0,0.0,0.0,,0.0,,1948,2021,2124.0,0.0
DOM__SWZ,DOM,SWZ,0.0,0.0,0,0.0,0.0,0.0,,0.0,,1948,2021,11973.0,0.0
DOM__SYC,DOM,SYC,0.0,0.0,0,1.0,0.0,0.0,,0.0,,1948,2021,13904.0,0.0
DOM__SYR,DOM,SYR,0.0,0.0,0,1.0,0.0,0.0,,0.0,,1948,2021,10287.5,55.0
DOM__TCD,DOM,TCD,0.0,0.0,0,1.0,0.0,0.0,,0.0,,1948,2021,9072.0,0.0
DOM__TGO,DOM,TGO,0.0,0.0,0,1.0,0.0,0.0,,0.0,,1948,2021,7812.0,0.0
DOM__THA,DOM,THA,0.0,0.0,0,0.0,0.0,0.0,,0.0,,1948,2021,16292.0,0.0
DOM__TJK,DOM,TJK,0.0,0.0,0,0.0,0.0,0.0,,0.0,,1948,2021,12369.0,0.0
DOM__TKM,DOM,TKM,0.0,0.0,0,0.0,0.0,0.0,,0.0,,1948,2021,11756.0,0.0
DOM__TLS,DOM,TLS,0.0,0.0,0,0.0,0.0,0.0,,0.0,,1948,2021,18025.0,0.0
DOM__TON,DOM,TON,0.0,0.0,0,0.0,0.0,0.0,,0.0,,1948,2021,12276.0,0.0
DOM__TTO,DOM,TTO,0.0,0.0,0,0.0,0.0,0.0,,0.0,,1948,2021,1251.0,0.0
DOM__TUN,DOM,TUN,0.0,0.0,0,1.0,0.0,0.0,,0.0,,1948,2021,7937.0,0.0
DOM__TUR,DOM,TUR,0.0,0.0,0,0.0,0.0,0.0,,0.0,,1948,2021,9397.0,0.0
DOM__TUV,DOM,TUV,0.0,0.0,0,0.0,0.0,0.0,,0.0,,1948,2021,12512.0,0.0
DOM__TWN,DOM,TWN,0.0,0.0,0,0.0,0.0,0.0,,0.0,,1948,2021,15035.0,6.0
DOM__TZA,DOM,TZA,0.0,0.0,0,0.0,0.0,0.0,,0.0,,1948,2021,12275.0,0.0
DOM__UGA,DOM,UGA,0.0,0.0,0,0.0,0.0,0.0,,0.0,,1948,2021,11323.0,0.0
DOM__URY,DOM,URY,0.0,0.0,0,1.0,1.0,1.0,,0.0,,1948,2021,6078.0,0.0
DOM__USA,DOM,USA,0.0,0.0,0,1.0,1.0,0.0,,0.0,,1948,2021,2495.0,0.0
DOM__UZB,DOM,UZB,0.0,0.0,0,0.0,0.0,0.0,,0.0,,1948,2021,12167.0,0.0
DOM__VCT,DOM,VCT,0.0,0.0,0,0.0,0.0,0.0,,0.0,,1948,2021,1101.0,0.0
DOM__VEN,DOM,VEN,0.0,0.0,0,1.0,1.0,1.0,,0.0,,1948,2021,943.0,0.0
DOM__VNM,DOM,VNM,0.0,0.0,0,1.0,0.0,0.0,,0.0,,1948,2021,16748.0,0.0
DOM__VUT,DOM,VUT,0.0,0.0,0,1.0,0.0,0.0,,0.0,,1948,2021,13899.0,0.0
DOM__WSM,DOM,WSM,0.0,0.0,0,0.0,0.0,0.0,,0.0,,1948,2021,11724.0,0.0
DOM__YEM,DOM,YEM,0.0,0.0,0,0.0,0.0,0.0,,0.0,,1948,2021,11847.0,96.0
DOM__ZAF,DOM,ZAF,0.0,0.0,0,0.0,0.0,0.0,,0.0,,1948,2021,11329.0,680.0
DOM__ZMB,DOM,ZMB,0.0,0.0,0,0.0,0.0,0.0,,0.0,,1948,2021,11345.5,89.0
DOM__ZWE,DOM,ZWE,0.0,0.0,0,0.0,0.0,0.0,,0.0,,1948,2021,11746.0,0.0
DZA__ECU,DZA,ECU,0.0,0.0,0,0.0,0.0,0.0,,0.0,,1948,2021,9527.0,0.0
DZA__EGY,DZA,EGY,0.0,0.0,0,0.0,1.0,1.0,,0.0,,1948,2021,2716.0,0.0
DZA__ERI,DZA,ERI,0.0,0.0,0,0.0,1.0,0.0,,0.0,,1948,2021,4265.0,0.0
DZA__ESP,DZA,ESP,0.0,0.0,0,0.0,0.0,0.0,,0.0,,1948,2021,617.0,194.0
DZA__ETH,DZA,ETH,0.0,0.0,0,0.0,0.0,0.0,,0.0,,1948,2021,4730.0,0.0
DZA__FJI,DZA,FJI,0.0,0.0,0,0.0,0.0,0.0,,0.0,,1948,2021,17894.0,0.0
DZA__FRA,DZA,FRA,0.0,1.0,1,0.0,1.0,1.0,1.0,0.0,1962.0,1948,2021,1345.0,0.0
DZA__FSM,DZA,FSM,0.0,0.0,0,0.0,0.0,0.0,,0.0,,1948,2021,14524.0,0.0
DZA__GAB,DZA,GAB,0.0,0.0,0,1.0,1.0,1.0,,1.0,,1948,2021,4080.0,0.0
DZA__GBR,DZA,GBR,0.0,0.0,0,0.0,0.0,0.0,,0.0,,1948,2021,1659.0,0.0
DZA__GEO,DZA,GEO,0.0,0.0,0,0.0,0.0,0.0,,0.0,,1948,2021,3614.0,0.0
DZA__GHA,DZA,GHA,0.0,0.0,0,0.0,0.0,0.0,,0.0,,1948,2021,3416.5,107.0
DZA__GIN,DZA,GIN,0.0,0.0,0,1.0,1.0,1.0,,1.0,,1948,2021,3449.0,0.0
DZA__GMB,DZA,GMB,0.0,0.0,0,0.0,0.0,0.0,,0.0,,1948,2021,3244.0,0.0
DZA__GNB,DZA,GNB,0.0,0.0,0,0.0,0.0,0.0,,0.0,,1948,2021,3329.0,0.0
DZA__GNQ,DZA,GNQ,0.0,0.0,0,0.0,0.0,1.0,,0.0,,1948,2021,3924.0,0.0
DZA__GRD,DZA,GRD,0.0,0.0,0,0.0,0.0,0.0,,0.0,,1948,2021,6977.0,0.0
DZA__GTM,DZA,GTM,0.0,0.0,0,0.0,0.0,0.0,,0.0,,1948,2021,9365.0,0.0
DZA__GUY,DZA,GUY,0.0,0.0,0,0.0,0.0,0.0,,0.0,,1948,2021,7006.0,0.0
DZA__HND,DZA,HND,0.0,0.0,0,0.0,0.0,0.0,,0.0,,1948,2021,9110.0,0.0
DZA__HTI,DZA,HTI,0.0,0.0,0,1.0,0.0,1.0,,0.0,,1948,2021,7521.0,0.0
DZA__IDN,DZA,IDN,0.0,0.0,0,0.0,0.0,0.0,,0.0,,1948,2021,11653.0,0.0
DZA__IND,DZA,IND,0.0,0.0,0,0.0,0.0,0.0,,0.0,,1948,2021,7495.0,1308.0
DZA__IRN,DZA,IRN,0.0,0.0,0,0.0,0.0,0.0,,0.0,,1948,2021,4304.0,0.0
DZA__IRQ,DZA,IRQ,0.0,0.0,0,0.0,1.0,1.0,,0.0,,1948,2021,3763.0,0.0
DZA__ISR,DZA,ISR,0.0,0.0,0,0.0,1.0,0.0,,0.0,,1948,2021,2950.0,0.0
DZA__ITA,DZA,ITA,0.0,0.0,0,0.0,0.0,0.0,,0.0,,1948,2021,993.0,0.0
DZA__JAM,DZA,JAM,0.0,0.0,0,0.0,0.0,0.0,,0.0,,1948,2021,7948.0,0.0
DZA__JOR,DZA,JOR,0.0,0.0,0,0.0,1.0,1.0,,0.0,,1948,2021,3058.0,0.0
DZA__JPN,DZA,JPN,0.0,0.0,0,0.0,0.0,0.0,,0.0,,1948,2021,10823.0,0.0
DZA__KAZ,DZA,KAZ,0.0,0.0,0,0.0,0.0,0.0,,0.0,,1948,2021,6142.0,0.0
DZA__KEN,DZA,KEN,0.0,0.0,0,0.0,0.0,0.0,,0.0,,1948,2021,5468.0,0.0
DZA__KGZ,DZA,KGZ,0.0,0.0,0,0.0,0.0,0.0,,0.0,,1948,2021,5978.0,0.0
DZA__KHM,DZA,KHM,0.0,0.0,0,1.0,0.0,0.0,,1.0,,1948,2021,10285.0,0.0
DZA__KIR,DZA,KIR,0.0,0.0,0,0.0,0.0,0.0,,0.0,,1948,2021,15663.0,0.0
DZA__KNA,DZA,KNA,0.0,0.0,0,0.0,0.0,0.0,,0.0,,1948,2021,6740.0,0.0
DZA__KOR,DZA,KOR,0.0,0.0,0,0.0,0.0,0.0,,0.0,,1948,2021,9964.0,0.0
DZA__KWT,DZA,KWT,0.0,0.0,0,0.0,1.0,1.0,,0.0,,1948,2021,4236.0,0.0
DZA__LAO,DZA,LAO,0.0,0.0,0,1.0,0.0,0.0,,1.0,,1948,2021,9653.0,0.0
DZA__LBN,DZA,LBN,0.0,0.0,0,1.0,1.0,1.0,,0.0,,1948,2021,2953.0,0.0
DZA__LBR,DZA,LBR,0.0,0.0,0,0.0,0.0,0.0,,0.0,,1948,2021,3654.0,0.0
DZA__LBY,DZA,LBY,1.0,0.0,0,0.0,1.0,1.0,,0.0,,1948,2021,1022.0,0.0
DZA__LCA,DZA,LCA,0.0,0.0,0,0.0,0.0,0.0,,0.0,,1948,2021,6787.0,0.0
DZA__LKA,DZA,LKA,0.0,0.0,0,0.0,0.0,0.0,,0.0,,1948,2021,8379.0,0.0
DZA__LSO,DZA,LSO,0.0,0.0,0,0.0,0.0,0.0,,0.0,,1948,2021,7747.0,0.0
DZA__MAR,DZA,MAR,1.0,0.0,0,1.0,1.0,1.0,,1.0,,1948,2021,1032.0,0.0
DZA__MDG,DZA,MDG,0.0,0.0,0,1.0,1.0,1.0,,1.0,,1948,2021,7733.0,0.0
DZA__MDV,DZA,MDV,0.0,0.0,0,0.0,0.0,0.0,,0.0,,1948,2021,7998.0,0.0
DZA__MEX,DZA,MEX,0.0,0.0,0,0.0,0.0,0.0,,0.0,,1948,2021,9771.0,0.0
DZA__MHL,DZA,MHL,0.0,0.0,0,0.0,0.0,0.0,,0.0,,1948,2021,15002.0,0.0
DZA__MLI,DZA,MLI,1.0,0.0,0,1.0,0.0,1.0,,1.0,,1948,2021,2889.0,0.0
DZA__MMR,DZA,MMR,0.0,0.0,0,0.0,0.0,0.0,,0.0,,1948,2021,9182.0,0.0
DZA__MNG,DZA,MNG,0.0,0.0,0,0.0,0.0,0.0,,0.0,,1948,2021,7982.0,0.0
DZA__MOZ,DZA,MOZ,0.0,0.0,0,0.0,0.0,0.0,,0.0,,1948,2021,7599.0,6.0
DZA__MRT,DZA,MRT,1.0,0.0,0,1.0,0.0,1.0,,1.0,,1948,2021,2784.0,0.0
DZA__MUS,DZA,MUS,0.0,0.0,0,1.0,1.0,1.0,,0.0,,1948,2021,8506.0,0.0
DZA__MWI,DZA,MWI,0.0,0.0,0,0.0,0.0,0.0,,0.0,,1948,2021,6594.5,239.0
DZA__MYS,DZA,MYS,0.0,0.0,0,0.0,0.0,0.0,,0.0,,1948,2021,10731.5,315.0
DZA__NAM,DZA,NAM,0.0,0.0,0,0.0,0.0,0.0,,0.0,,1948,2021,6729.0,0.0
DZA__NER,DZA,NER,1.0,0.0,0,1.0,1.0,1.0,,1.0,,1948,2021,2576.0,0.0
DZA__NGA,DZA,NGA,0.0,0.0,0,0.0,0.0,0.0,,0.0,,1948,2021,3304.5,103.0
DZA__NIC,DZA,NIC,0.0,0.0,0,0.0,0.0,0.0,,0.0,,1948,2021,9153.0,0.0
DZA__NLD,DZA,NLD,0.0,0.0,0,0.0,0.0,0.0,,0.0,,1948,2021,1715.5,53.0
DZA__NPL,DZA,NPL,0.0,0.0,0,0.0,0.0,0.0,,0.0,,1948,2021,7584.0,0.0
DZA__NRU,DZA,NRU,0.0,0.0,0,0.0,0.0,0.0,,0.0,,1948,2021,15667.0,0.0
DZA__NZL,DZA,NZL,0.0,0.0,0,0.0,0.0,0.0,,0.0,,1948,2021,19287.0,0.0
DZA__OMN,DZA,OMN,0.0,0.0,0,0.0,1.0,1.0,,0.0,,1948,2021,5466.0,0.0
DZA__PAK,DZA,PAK,0.0,0.0,0,0.0,0.0,0.0,,0.0,,1948,2021,6154.0,0.0
DZA__PAN,DZA,PAN,0.0,0.0,0,0.0,0.0,0.0,,0.0,,1948,2021,8759.0,0.0
DZA__PER,DZA,PER,0.0,0.0,0,0.0,0.0,0.0,,0.0,,1948,2021,9938.0,0.0
DZA__PHL,DZA,PHL,0.0,0.0,0,0.0,0.0,0.0,,0.0,,1948,2021,11387.0,0.0
DZA__PLW,DZA,PLW,0.0,0.0,0,0.0,0.0,0.0,,0.0,,1948,2021,12990.0,2.0
DZA__PNG,DZA,PNG,0.0,0.0,0,0.0,0.0,0.0,,0.0,,1948,2021,15311.0,0.0
DZA__PRK,DZA,PRK,0.0,0.0,0,0.0,0.0,0.0,,0.0,,1948,2021,9772.0,0.0
DZA__PRT,DZA,PRT,0.0,0.0,0,0.0,0.0,0.0,,0.0,,1948,2021,1095.0,0.0
DZA__PRY,DZA,PRY,0.0,0.0,0,0.0,0.0,0.0,,0.0,,1948,2021,9359.0,0.0
DZA__QAT,DZA,QAT,0.0,0.0,0,0.0,1.0,1.0,,0.0,,1948,2021,4743.0,10.0
DZA__RWA,DZA,RWA,0.0,0.0,0,0.0,1.0,1.0,,0.0,,1948,2021,5116.0,0.0
DZA__SAU,DZA,SAU,0.0,0.0,0,0.0,1.0,1.0,,0.0,,1948,2021,4140.0,418.0
DZA__SDN,DZA,SDN,0.0,0.0,0,0.0,1.0,1.0,,0.0,,1948,2021,3742.0,0.0
DZA__SEN,DZA,SEN,0.0,0.0,0,1.0,1.0,1.0,,1.0,,1948,2021,3178.0,0.0
DZA__SGP,DZA,SGP,0.0,0.0,0,0.0,0.0,0.0,,0.0,,1948,2021,10889.0,0.0
DZA__SLB,DZA,SLB,0.0,0.0,0,0.0,0.0,0.0,,0.0,,1948,2021,16196.0,0.0
DZA__SLE,DZA,SLE,0.0,0.0,0,0.0,0.0,0.0,,0.0,,1948,2021,3537.0,0.0
DZA__SLV,DZA,SLV,0.0,0.0,0,0.0,0.0,0.0,,0.0,,1948,2021,9309.0,0.0
DZA__SOM,DZA,SOM,0.0,0.0,0,0.0,0.0,1.0,,0.0,,1948,2021,5793.0,0.0
DZA__SSD,DZA,SSD,0.0,0.0,0,0.0,1.0,1.0,,0.0,,1948,2021,4577.0,0.0
DZA__STP,DZA,STP,0.0,0.0,0,0.0,0.0,0.0,,0.0,,1948,2021,4050.0,0.0
DZA__SUR,DZA,SUR,0.0,0.0,0,0.0,0.0,0.0,,0.0,,1948,2021,6811.0,0.0
DZA__SWZ,DZA,SWZ,0.0,0.0,0,0.0,0.0,0.0,,0.0,,1948,2021,7577.0,0.0
DZA__SYC,DZA,SYC,0.0,0.0,0,1.0,1.0,1.0,,0.0,,1948,2021,7105.0,0.0
DZA__SYR,DZA,SYR,0.0,0.0,0,1.0,1.0,1.0,,1.0,,1948,2021,3039.5,3.0
DZA__TCD,DZA,TCD,0.0,0.0,0,1.0,1.0,1.0,,1.0,,1948,2021,2983.0,0.0
DZA__TGO,DZA,TGO,0.0,0.0,0,1.0,1.0,1.0,,1.0,,1948,2021,3395.0,0.0
DZA__THA,DZA,THA,0.0,0.0,0,0.0,0.0,0.0,,0.0,,1948,2021,9762.0,0.0
DZA__TJK,DZA,TJK,0.0,0.0,0,0.0,0.0,0.0,,0.0,,1948,2021,5676.0,0.0
DZA__TKM,DZA,TKM,0.0,0.0,0,0.0,0.0,0.0,,0.0,,1948,2021,4831.0,0.0
DZA__TLS,DZA,TLS,0.0,0.0,0,0.0,0.0,0.0,,0.0,,1948,2021,13462.0,0.0
DZA__TON,DZA,TON,0.0,0.0,0,0.0,0.0,0.0,,0.0,,1948,2021,18265.0,0.0
DZA__TTO,DZA,TTO,0.0,0.0,0,0.0,0.0,0.0,,0.0,,1948,2021,7046.0,0.0
DZA__TUN,DZA,TUN,1.0,0.0,0,1.0,1.0,1.0,,1.0,,1948,2021,636.0,0.0
DZA__TUR,DZA,TUR,0.0,0.0,0,0.0,0.0,0.0,,0.0,,1948,2021,2288.0,0.0
DZA__TUV,DZA,TUV,0.0,0.0,0,0.0,0.0,0.0,,0.0,,1948,2021,16853.0,0.0
DZA__TWN,DZA,TWN,0.0,0.0,0,0.0,0.0,0.0,,0.0,,1948,2021,10619.0,4.0
DZA__TZA,DZA,TZA,0.0,0.0,0,0.0,0.0,0.0,,0.0,,1948,2021,6125.0,0.0
DZA__UGA,DZA,UGA,0.0,0.0,0,0.0,0.0,0.0,,0.0,,1948,2021,5053.0,0.0
DZA__URY,DZA,URY,0.0,0.0,0,0.0,0.0,0.0,,0.0,,1948,2021,10018.0,0.0
DZA__USA,DZA,USA,0.0,0.0,0,1.0,0.0,0.0,,0.0,,1948,2021,6491.0,0.0
DZA__UZB,DZA,UZB,0.0,0.0,0,0.0,0.0,0.0,,0.0,,1948,2021,5614.0,0.0
DZA__VCT,DZA,VCT,0.0,0.0,0,0.0,0.0,0.0,,0.0,,1948,2021,6861.0,0.0
DZA__VEN,DZA,VEN,0.0,0.0,0,0.0,0.0,0.0,,0.0,,1948,2021,7535.0,0.0
DZA__VNM,DZA,VNM,0.0,0.0,0,1.0,0.0,0.0,,1.0,,1948,2021,10491.0,0.0
DZA__VUT,DZA,VUT,0.0,0.0,0,1.0,1.0,1.0,,1.0,,1948,2021,17457.0,0.0
DZA__WSM,DZA,WSM,0.0,0.0,0,0.0,0.0,0.0,,0.0,,1948,2021,17414.0,0.0
DZA__YEM,DZA,YEM,0.0,0.0,0,0.0,1.0,1.0,,0.0,,1948,2021,4668.0,66.0
DZA__ZAF,DZA,ZAF,0.0,0.0,0,0.0,0.0,0.0,,0.0,,1948,2021,7715.5,541.0
DZA__ZMB,DZA,ZMB,0.0,0.0,0,0.0,0.0,0.0,,0.0,,1948,2021,6220.5,265.0
DZA__ZWE,DZA,ZWE,0.0,0.0,0,0.0,0.0,0.0,,0.0,,1948,2021,6720.0,0.0
ECU__EGY,ECU,EGY,0.0,0.0,0,0.0,0.0,0.0,,0.0,,1948,2021,12166.0,0.0
ECU__ERI,ECU,ERI,0.0,0.0,0,0.0,0.0,0.0,,0.0,,1948,2021,13173.0,0.0
ECU__ESP,ECU,ESP,0.0,0.0,1,0.0,1.0,1.0,,0.0,1822.0,1948,2021,9255.0,504.0
ECU__ETH,ECU,ETH,0.0,0.0,0,0.0,0.0,0.0,,0.0,,1948,2021,13205.0,0.0
ECU__FJI,ECU,FJI,0.0,0.0,0,0.0,0.0,0.0,,0.0,,1948,2021,11173.0,0.0
ECU__FRA,ECU,FRA,0.0,0.0,0,0.0,0.0,0.0,,0.0,,1948,2021,9622.0,0.0
ECU__FSM,ECU,FSM,0.0,0.0,0,1.0,0.0,0.0,,0.0,,1948,2021,13577.0,0.0
ECU__GAB,ECU,GAB,0.0,0.0,0,0.0,0.0,0.0,,0.0,,1948,2021,9948.0,0.0
ECU__GBR,ECU,GBR,0.0,0.0,0,0.0,0.0,0.0,,0.0,,1948,2021,9489.0,0.0
ECU__GEO,ECU,GEO,0.0,0.0,0,0.0,0.0,0.0,,0.0,,1948,2021,12992.0,0.0
ECU__GHA,ECU,GHA,0.0,0.0,0,0.0,0.0,0.0,,0.0,,1948,2021,8827.0,150.0
ECU__GIN,ECU,GIN,0.0,0.0,0,0.0,0.0,0.0,,0.0,,1948,2021,7458.0,0.0
ECU__GMB,ECU,GMB,0.0,0.0,0,0.0,0.0,0.0,,0.0,,1948,2021,7188.0,0.0
ECU__GNB,ECU,GNB,0.0,0.0,0,0.0,0.0,0.0,,0.0,,1948,2021,7278.0,0.0
ECU__GNQ,ECU,GNQ,0.0,0.0,0,1.0,1.0,1.0,,0.0,,1948,2021,9989.0,0.0
ECU__GRD,ECU,GRD,0.0,0.0,0,0.0,0.0,0.0,,0.0,,1948,2021,2551.0,0.0
ECU__GTM,ECU,GTM,0.0,0.0,0,1.0,1.0,1.0,,0.0,,1948,2021,2195.0,0.0
ECU__GUY,ECU,GUY,0.0,0.0,0,0.0,0.0,0.0,,0.0,,1948,2021,2612.0,0.0
ECU__HND,ECU,HND,0.0,0.0,0,1.0,1.0,1.0,,0.0,,1948,2021,1970.0,0.0
ECU__HTI,ECU,HTI,0.0,0.0,0,0.0,0.0,0.0,,0.0,,1948,2021,2436.0,0.0
ECU__IDN,ECU,IDN,0.0,0.0,0,0.0,0.0,0.0,,0.0,,1948,2021,18825.0,0.0
ECU__IND,ECU,IND,0.0,0.0,0,0.0,0.0,0.0,,0.0,,1948,2021,16817.0,1216.0
ECU__IRN,ECU,IRN,0.0,0.0,0,0.0,0.0,0.0,,0.0,,1948,2021,13789.0,0.0
ECU__IRQ,ECU,IRQ,0.0,0.0,0,0.0,0.0,0.0,,0.0,,1948,2021,13290.0,0.0
ECU__ISR,ECU,ISR,0.0,0.0,0,0.0,0.0,0.0,,0.0,,1948,2021,12457.0,0.0
ECU__ITA,ECU,ITA,0.0,0.0,0,0.0,0.0,0.0,,0.0,,1948,2021,10369.0,0.0
ECU__JAM,ECU,JAM,0.0,0.0,0,0.0,0.0,0.0,,0.0,,1948,2021,2256.0,0.0
ECU__JOR,ECU,JOR,0.0,0.0,0,0.0,0.0,0.0,,0.0,,1948,2021,12567.0,0.0
ECU__JPN,ECU,JPN,0.0,0.0,0,0.0,0.0,0.0,,0.0,,1948,2021,14505.0,0.0
ECU__KAZ,ECU,KAZ,0.0,0.0,0,0.0,0.0,0.0,,0.0,,1948,2021,14911.0,0.0
ECU__KEN,ECU,KEN,0.0,0.0,0,0.0,0.0,0.0,,0.0,,1948,2021,12984.0,0.0
ECU__KGZ,ECU,KGZ,0.0,0.0,0,0.0,0.0,0.0,,0.0,,1948,2021,14838.0,0.0
ECU__KHM,ECU,KHM,0.0,0.0,0,0.0,0.0,0.0,,0.0,,1948,2021,18843.0,0.0
ECU__KIR,ECU,KIR,0.0,0.0,0,0.0,0.0,0.0,,0.0,,1948,2021,11928.0,0.0
ECU__KNA,ECU,KNA,0.0,0.0,0,0.0,0.0,0.0,,0.0,,1948,2021,2862.0,0.0
ECU__KOR,ECU,KOR,0.0,0.0,0,0.0,0.0,0.0,,0.0,,1948,2021,15226.0,0.0
ECU__KWT,ECU,KWT,0.0,0.0,0,0.0,0.0,0.0,,0.0,,1948,2021,13754.0,0.0
ECU__LAO,ECU,LAO,0.0,0.0,0,0.0,0.0,0.0,,0.0,,1948,2021,18236.0,0.0
ECU__LBN,ECU,LBN,0.0,0.0,0,0.0,0.0,0.0,,0.0,,1948,2021,12477.0,0.0
ECU__LBR,ECU,LBR,0.0,0.0,0,0.0,0.0,0.0,,0.0,,1948,2021,7737.0,0.0
ECU__LBY,ECU,LBY,0.0,0.0,0,0.0,0.0,0.0,,0.0,,1948,2021,10432.0,0.0
ECU__LCA,ECU,LCA,0.0,0.0,0,0.0,0.0,0.0,,0.0,,1948,2021,2748.0,0.0
ECU__LKA,ECU,LKA,0.0,0.0,0,0.0,0.0,0.0,,0.0,,1948,2021,17728.0,0.0
ECU__LSO,ECU,LSO,0.0,0.0,0,0.0,0.0,0.0,,0.0,,1948,2021,11574.0,0.0
ECU__MAR,ECU,MAR,0.0,0.0,0,0.0,0.0,0.0,,0.0,,1948,2021,8514.0,0.0
ECU__MDG,ECU,MDG,0.0,0.0,0,0.0,0.0,0.0,,0.0,,1948,2021,13827.0,0.0
ECU__MDV,ECU,MDV,0.0,0.0,0,0.0,0.0,0.0,,0.0,,1948,2021,17074.0,0.0
ECU__MEX,ECU,MEX,0.0,0.0,0,1.0,1.0,1.0,,0.0,,1948,2021,3183.0,0.0
ECU__MHL,ECU,MHL,0.0,0.0,0,0.0,0.0,0.0,,0.0,,1948,2021,12116.0,0.0
ECU__MLI,ECU,MLI,0.0,0.0,0,0.0,0.0,0.0,,0.0,,1948,2021,8109.0,0.0
ECU__MMR,ECU,MMR,0.0,0.0,0,0.0,0.0,0.0,,0.0,,1948,2021,18330.0,0.0
ECU__MNG,ECU,MNG,0.0,0.0,0,0.0,0.0,0.0,,0.0,,1948,2021,14894.0,0.0
ECU__MOZ,ECU,MOZ,0.0,0.0,0,0.0,0.0,0.0,,0.0,,1948,2021,12136.5,13.0
ECU__MRT,ECU,MRT,0.0,0.0,0,0.0,0.0,0.0,,0.0,,1948,2021,7350.0,0.0
ECU__MUS,ECU,MUS,0.0,0.0,0,0.0,0.0,0.0,,0.0,,1948,2021,14764.0,0.0
ECU__MWI,ECU,MWI,0.0,0.0,0,0.0,0.0,0.0,,0.0,,1948,2021,12557.0,98.0
ECU__MYS,ECU,MYS,0.0,0.0,0,0.0,0.0,0.0,,0.0,,1948,2021,19713.0,212.0
ECU__NAM,ECU,NAM,0.0,0.0,0,0.0,0.0,0.0,,0.0,,1948,2021,10642.0,0.0
ECU__NER,ECU,NER,0.0,0.0,0,0.0,0.0,0.0,,0.0,,1948,2021,9210.0,0.0
ECU__NGA,ECU,NGA,0.0,0.0,0,0.0,0.0,0.0,,0.0,,1948,2021,9334.5,61.0
ECU__NIC,ECU,NIC,0.0,0.0,0,1.0,1.0,1.0,,0.0,,1948,2021,1730.0,0.0
ECU__NLD,ECU,NLD,0.0,0.0,0,0.0,0.0,0.0,,0.0,,1948,2021,9827.5,33.0
ECU__NPL,ECU,NPL,0.0,0.0,0,0.0,0.0,0.0,,0.0,,1948,2021,16777.0,0.0
ECU__NRU,ECU,NRU,0.0,0.0,0,0.0,0.0,0.0,,0.0,,1948,2021,12596.0,0.0
ECU__NZL,ECU,NZL,0.0,0.0,0,0.0,0.0,0.0,,0.0,,1948,2021,11226.0,0.0
ECU__OMN,ECU,OMN,0.0,0.0,0,0.0,0.0,0.0,,0.0,,1948,2021,14968.0,0.0
ECU__PAK,ECU,PAK,0.0,0.0,0,0.0,0.0,0.0,,0.0,,1948,2021,15679.0,0.0
ECU__PAN,ECU,PAN,0.0,0.0,0,1.0,1.0,1.0,,0.0,,1948,2021,1235.0,0.0
ECU__PER,ECU,PER,1.0,0.0,0,1.0,1.0,1.0,,0.0,,1948,2021,1137.0,0.0
ECU__PHL,ECU,PHL,0.0,0.0,0,1.0,0.0,0.0,,0.0,,1948,2021,17352.0,0.0
ECU__PLW,ECU,PLW,0.0,0.0,0,0.0,0.0,0.0,,0.0,,1948,2021,16173.0,18.0
ECU__PNG,ECU,PNG,0.0,0.0,0,0.0,0.0,0.0,,0.0,,1948,2021,14659.0,0.0
ECU__PRK,ECU,PRK,0.0,0.0,0,0.0,0.0,0.0,,0.0,,1948,2021,15170.0,0.0
ECU__PRT,ECU,PRT,0.0,0.0,0,0.0,0.0,0.0,,0.0,,1948,2021,8506.0,0.0
ECU__PRY,ECU,PRY,0.0,0.0,0,1.0,1.0,1.0,,0.0,,1948,2021,3501.0,0.0
ECU__QAT,ECU,QAT,0.0,0.0,0,0.0,0.0,0.0,,0.0,,1948,2021,14227.5,11.0
ECU__RWA,ECU,RWA,0.0,0.0,0,0.0,0.0,0.0,,0.0,,1948,2021,12229.0,0.0
ECU__SAU,ECU,SAU,0.0,0.0,0,0.0,0.0,0.0,,0.0,,1948,2021,13479.5,613.0
ECU__SDN,ECU,SDN,0.0,0.0,0,0.0,0.0,0.0,,0.0,,1948,2021,12486.0,0.0
ECU__SEN,ECU,SEN,0.0,0.0,0,0.0,0.0,0.0,,0.0,,1948,2021,7129.0,0.0
ECU__SGP,ECU,SGP,0.0,0.0,0,0.0,0.0,0.0,,0.0,,1948,2021,19607.0,0.0
ECU__SLB,ECU,SLB,0.0,0.0,0,0.0,0.0,0.0,,0.0,,1948,2021,13277.0,0.0
ECU__SLE,ECU,SLE,0.0,0.0,0,0.0,0.0,0.0,,0.0,,1948,2021,7491.0,0.0
ECU__SLV,ECU,SLV,0.0,0.0,0,1.0,1.0,1.0,,0.0,,1948,2021,2031.0,0.0
ECU__SOM,ECU,SOM,0.0,0.0,0,0.0,0.0,0.0,,0.0,,1948,2021,13946.0,0.0
ECU__SSD,ECU,SSD,0.0,0.0,0,0.0,0.0,0.0,,0.0,,1948,2021,12421.0,0.0
ECU__STP,ECU,STP,0.0,0.0,0,0.0,0.0,0.0,,0.0,,1948,2021,9645.0,0.0
ECU__SUR,ECU,SUR,0.0,0.0,0,0.0,0.0,0.0,,0.0,,1948,2021,2890.0,0.0
ECU__SWZ,ECU,SWZ,0.0,0.0,0,0.0,0.0,0.0,,0.0,,1948,2021,11992.0,0.0
ECU__SYC,ECU,SYC,0.0,0.0,0,0.0,0.0,0.0,,0.0,,1948,2021,15014.0,0.0
ECU__SYR,ECU,SYR,0.0,0.0,0,0.0,0.0,0.0,,0.0,,1948,2021,12562.5,1.0
ECU__TCD,ECU,TCD,0.0,0.0,0,0.0,0.0,0.0,,0.0,,1948,2021,10606.0,0.0
ECU__TGO,ECU,TGO,0.0,0.0,0,0.0,0.0,0.0,,0.0,,1948,2021,9061.0,0.0
ECU__THA,ECU,THA,0.0,0.0,0,0.0,0.0,0.0,,0.0,,1948,2021,18725.0,0.0
ECU__TJK,ECU,TJK,0.0,0.0,0,0.0,0.0,0.0,,0.0,,1948,2021,14880.0,0.0
ECU__TKM,ECU,TKM,0.0,0.0,0,0.0,0.0,0.0,,0.0,,1948,2021,14209.0,0.0
ECU__TLS,ECU,TLS,0.0,0.0,0,0.0,0.0,0.0,,0.0,,1948,2021,16967.0,0.0
ECU__TON,ECU,TON,0.0,0.0,0,0.0,0.0,0.0,,0.0,,1948,2021,10480.0,0.0
ECU__TTO,ECU,TTO,0.0,0.0,0,0.0,0.0,0.0,,0.0,,1948,2021,2482.0,0.0
ECU__TUN,ECU,TUN,0.0,0.0,0,0.0,0.0,0.0,,0.0,,1948,2021,10162.0,0.0
ECU__TUR,ECU,TUR,0.0,0.0,0,0.0,0.0,0.0,,0.0,,1948,2021,11745.0,0.0
ECU__TUV,ECU,TUV,0.0,0.0,0,0.0,0.0,0.0,,0.0,,1948,2021,11181.0,0.0
ECU__TWN,ECU,TWN,0.0,0.0,0,0.0,0.0,0.0,,0.0,,1948,2021,16600.5,9.0
ECU__TZA,ECU,TZA,0.0,0.0,0,0.0,0.0,0.0,,0.0,,1948,2021,13206.0,0.0
ECU__UGA,ECU,UGA,0.0,0.0,0,0.0,0.0,0.0,,0.0,,1948,2021,12521.0,0.0
ECU__URY,ECU,URY,0.0,0.0,0,1.0,1.0,1.0,,0.0,,1948,2021,4373.0,0.0
ECU__USA,ECU,USA,0.0,0.0,0,1.0,1.0,0.0,,0.0,,1948,2021,4786.0,0.0
ECU__UZB,ECU,UZB,0.0,0.0,0,0.0,0.0,0.0,,0.0,,1948,2021,14690.0,0.0
ECU__VCT,ECU,VCT,0.0,0.0,0,0.0,0.0,0.0,,0.0,,1948,2021,2670.0,0.0
ECU__VEN,ECU,VEN,0.0,0.0,0,1.0,1.0,1.0,,0.0,,1948,2021,2010.0,0.0
ECU__VNM,ECU,VNM,0.0,0.0,0,0.0,0.0,0.0,,0.0,,1948,2021,18821.0,0.0
ECU__VUT,ECU,VUT,0.0,0.0,0,0.0,0.0,0.0,,0.0,,1948,2021,12242.0,0.0
ECU__WSM,ECU,WSM,0.0,0.0,0,0.0,0.0,0.0,,0.0,,1948,2021,10162.0,0.0
ECU__YEM,ECU,YEM,0.0,0.0,0,0.0,0.0,0.0,,0.0,,1948,2021,13672.0,126.0
ECU__ZAF,ECU,ZAF,0.0,0.0,0,0.0,0.0,0.0,,0.0,,1948,2021,11169.5,1045.0
ECU__ZMB,ECU,ZMB,0.0,0.0,0,0.0,0.0,0.0,,0.0,,1948,2021,11911.0,26.0
ECU__ZWE,ECU,ZWE,0.0,0.0,0,0.0,0.0,0.0,,0.0,,1948,2021,12154.0,0.0
EGY__ERI,EGY,ERI,0.0,0.0,0,1.0,1.0,0.0,,0.0,,1948,2021,1809.0,0.0
EGY__ESP,EGY,ESP,0.0,0.0,0,0.0,0.0,0.0,,0.0,,1948,2021,3127.5,459.0
EGY__ETH,EGY,ETH,0.0,0.0,0,0.0,0.0,0.0,,0.0,,1948,2021,2454.0,0.0
EGY__FJI,EGY,FJI,0.0,0.0,0,1.0,1.0,0.0,,0.0,,1948,2021,16458.0,0.0
EGY__FRA,EGY,FRA,0.0,0.0,0,0.0,0.0,0.0,,0.0,,1948,2021,3213.0,0.0
EGY__FSM,EGY,FSM,0.0,0.0,0,0.0,1.0,0.0,,0.0,,1948,2021,13038.0,0.0
EGY__GAB,EGY,GAB,0.0,0.0,0,0.0,0.0,0.0,,0.0,,1948,2021,4011.0,0.0
EGY__GBR,EGY,GBR,0.0,0.0,0,0.0,1.0,0.0,,0.0,,1948,2021,3515.0,0.0
EGY__GEO,EGY,GEO,0.0,0.0,0,0.0,0.0,0.0,,0.0,,1948,2021,1779.0,0.0
EGY__GHA,EGY,GHA,0.0,0.0,0,1.0,1.0,0.0,,0.0,,1948,2021,4283.5,33.0
EGY__GIN,EGY,GIN,0.0,0.0,0,0.0,0.0,0.0,,0.0,,1948,2021,5175.0,0.0
EGY__GMB,EGY,GMB,0.0,0.0,0,1.0,1.0,0.0,,0.0,,1948,2021,5242.0,0.0
EGY__GNB,EGY,GNB,0.0,0.0,0,0.0,0.0,0.0,,0.0,,1948,2021,5226.0,0.0
EGY__GNQ,EGY,GNQ,0.0,0.0,0,0.0,0.0,0.0,,0.0,,1948,2021,3856.0,0.0
EGY__GRD,EGY,GRD,0.0,0.0,0,1.0,1.0,0.0,,0.0,,1948,2021,9635.0,0.0
EGY__GTM,EGY,GTM,0.0,0.0,0,0.0,0.0,0.0,,0.0,,1948,2021,12064.0,0.0
EGY__GUY,EGY,GUY,0.0,0.0,0,1.0,1.0,0.0,,0.0,,1948,2021,9581.0,0.0
EGY__HND,EGY,HND,0.0,0.0,0,0.0,0.0,0.0,,0.0,,1948,2021,11820.0,0.0
EGY__HTI,EGY,HTI,0.0,0.0,0,0.0,0.0,0.0,,0.0,,1948,2021,10237.0,0.0
EGY__IDN,EGY,IDN,0.0,0.0,0,0.0,0.0,0.0,,0.0,,1948,2021,8986.0,0.0
EGY__IND,EGY,IND,0.0,0.0,0,1.0,1.0,0.0,,0.0,,1948,2021,5036.0,1344.0
EGY__IRN,EGY,IRN,0.0,0.0,0,0.0,0.0,0.0,,0.0,,1948,2021,1986.0,0.0
EGY__IRQ,EGY,IRQ,0.0,0.0,0,1.0,1.0,1.0,,0.0,,1948,2021,1299.0,0.0
EGY__ISR,EGY,ISR,1.0,0.0,0,1.0,1.0,0.0,,0.0,,1948,2021,407.0,0.0
EGY__ITA,EGY,ITA,0.0,0.0,0,0.0,0.0,0.0,,0.0,,1948,2021,2135.0,0.0
EGY__JAM,EGY,JAM,0.0,0.0,0,1.0,1.0,0.0,,0.0,,1948,2021,10663.0,0.0
EGY__JOR,EGY,JOR,0.0,0.0,0,1.0,1.0,1.0,,0.0,,1948,2021,497.0,0.0
EGY__JPN,EGY,JPN,0.0,0.0,0,0.0,0.0,0.0,,0.0,,1948,2021,9584.0,0.0
EGY__KAZ,EGY,KAZ,0.0,0.0,0,0.0,0.0,0.0,,0.0,,1948,2021,4278.0,0.0
EGY__KEN,EGY,KEN,0.0,0.0,0,1.0,1.0,0.0,,0.0,,1948,2021,3517.0,0.0
EGY__KGZ,EGY,KGZ,0.0,0.0,0,0.0,0.0,0.0,,0.0,,1948,2021,4086.0,0.0
EGY__KHM,EGY,KHM,0.0,0.0,0,0.0,0.0,0.0,,0.0,,1948,2021,7815.0,0.0
EGY__KIR,EGY,KIR,0.0,0.0,0,1.0,1.0,0.0,,0.0,,1948,2021,14681.0,0.0
EGY__KNA,EGY,KNA,0.0,0.0,0,1.0,1.0,0.0,,0.0,,1948,2021,9437.0,0.0
EGY__KOR,EGY,KOR,0.0,0.0,0,0.0,1.0,0.0,,0.0,,1948,2021,8503.0,0.0
EGY__KWT,EGY,KWT,0.0,0.0,0,1.0,1.0,1.0,,0.0,,1948,2021,1620.0,0.0
EGY__LAO,EGY,LAO,0.0,0.0,0,0.0,0.0,0.0,,0.0,,1948,2021,7274.0,0.0
EGY__LBN,EGY,LBN,0.0,0.0,0,1.0,1.0,1.0,,0.0,,1948,2021,587.0,0.0
EGY__LBR,EGY,LBR,0.0,0.0,0,0.0,1.0,0.0,,0.0,,1948,2021,5120.0,0.0
EGY__LBY,EGY,LBY,1.0,0.0,0,1.0,1.0,1.0,,0.0,,1948,2021,1742.0,0.0
EGY__LCA,EGY,LCA,0.0,0.0,0,1.0,1.0,0.0,,0.0,,1948,2021,9456.0,0.0
EGY__LKA,EGY,LKA,0.0,0.0,0,1.0,0.0,0.0,,0.0,,1948,2021,5678.0,0.0
EGY__LSO,EGY,LSO,0.0,0.0,0,1.0,1.0,0.0,,0.0,,1948,2021,6581.0,0.0
EGY__MAR,EGY,MAR,0.0,0.0,0,0.0,1.0,1.0,,0.0,,1948,2021,3679.0,0.0
EGY__MDG,EGY,MDG,0.0,0.0,0,0.0,0.0,0.0,,0.0,,1948,2021,5692.0,0.0
EGY__MDV,EGY,MDV,0.0,0.0,0,1.0,0.0,0.0,,0.0,,1948,2021,5282.0,0.0
EGY__MEX,EGY,MEX,0.0,0.0,0,0.0,0.0,0.0,,0.0,,1948,2021,12389.0,0.0
EGY__MHL,EGY,MHL,0.0,0.0,0,0.0,1.0,0.0,,0.0,,1948,2021,14103.0,0.0
EGY__MLI,EGY,MLI,0.0,0.0,0,0.0,0.0,0.0,,0.0,,1948,2021,4472.0,0.0
EGY__MMR,EGY,MMR,0.0,0.0,0,1.0,0.0,0.0,,0.0,,1948,2021,6710.0,0.0
EGY__MNG,EGY,MNG,0.0,0.0,0,0.0,0.0,0.0,,0.0,,1948,2021,6572.0,0.0
EGY__MOZ,EGY,MOZ,0.0,0.0,0,0.0,0.0,0.0,,0.0,,1948,2021,6198.5,1.0
EGY__MRT,EGY,MRT,0.0,0.0,0,0.0,0.0,1.0,,0.0,,1948,2021,4945.0,0.0
EGY__MUS,EGY,MUS,0.0,0.0,0,1.0,1.0,0.0,,0.0,,1948,2021,6227.0,0.0
EGY__MWI,EGY,MWI,0.0,0.0,0,1.0,1.0,0.0,,0.0,,1948,2021,4981.5,209.0
EGY__MYS,EGY,MYS,0.0,0.0,0,1.0,0.0,0.0,,0.0,,1948,2021,8114.5,311.0
EGY__NAM,EGY,NAM,0.0,0.0,0,0.0,1.0,0.0,,0.0,,1948,2021,6014.0,0.0
EGY__NER,EGY,NER,0.0,0.0,0,0.0,0.0,1.0,,0.0,,1948,2021,3508.0,0.0
EGY__NGA,EGY,NGA,0.0,0.0,0,1.0,1.0,0.0,,0.0,,1948,2021,3856.0,112.0
EGY__NIC,EGY,NIC,0.0,0.0,0,0.0,0.0,0.0,,0.0,,1948,2021,11867.0,0.0
EGY__NLD,EGY,NLD,0.0,0.0,0,0.0,0.0,0.0,,0.0,,1948,2021,3280.5,9.0
EGY__NPL,EGY,NPL,0.0,0.0,0,0.0,0.0,0.0,,0.0,,1948,2021,5233.0,0.0
EGY__NRU,EGY,NRU,0.0,0.0,0,1.0,1.0,0.0,,0.0,,1948,2021,14312.0,0.0
EGY__NZL,EGY,NZL,0.0,0.0,0,1.0,1.0,0.0,,0.0,,1948,2021,16573.0,0.0
EGY__OMN,EGY,OMN,0.0,0.0,0,0.0,1.0,1.0,,0.0,,1948,2021,2803.0,0.0
EGY__PAK,EGY,PAK,0.0,0.0,0,1.0,1.0,0.0,,0.0,,1948,2021,3573.0,0.0
EGY__PAN,EGY,PAN,0.0,0.0,0,0.0,0.0,0.0,,0.0,,1948,2021,11466.0,0.0
EGY__PER,EGY,PER,0.0,0.0,0,0.0,0.0,0.0,,0.0,,1948,2021,12426.0,0.0
EGY__PHL,EGY,PHL,0.0,0.0,0,0.0,1.0,0.0,,0.0,,1948,2021,9190.0,0.0
EGY__PLW,EGY,PLW,0.0,0.0,0,1.0,1.0,0.0,,0.0,,1948,2021,10869.5,5.0
EGY__PNG,EGY,PNG,0.0,0.0,0,1.0,1.0,0.0,,0.0,,1948,2021,13030.0,0.0
EGY__PRK,EGY,PRK,0.0,0.0,0,0.0,0.0,0.0,,0.0,,1948,2021,8334.0,0.0
EGY__PRT,EGY,PRT,0.0,0.0,0,0.0,0.0,0.0,,0.0,,1948,2021,3804.0,0.0
EGY__PRY,EGY,PRY,0.0,0.0,0,0.0,0.0,0.0,,0.0,,1948,2021,11276.0,0.0
EGY__QAT,EGY,QAT,0.0,0.0,0,1.0,1.0,1.0,,0.0,,1948,2021,2062.0,10.0
EGY__RWA,EGY,RWA,0.0,0.0,0,0.0,1.0,0.0,,0.0,,1948,2021,3542.0,0.0
EGY__SAU,EGY,SAU,0.0,0.0,0,0.0,1.0,1.0,,0.0,,1948,2021,1462.0,354.0
EGY__SDN,EGY,SDN,1.0,0.0,1,1.0,1.0,1.0,,0.0,1885.0,1948,2021,1610.0,0.0
EGY__SEN,EGY,SEN,0.0,0.0,0,0.0,0.0,0.0,,0.0,,1948,2021,5250.0,0.0
EGY__SGP,EGY,SGP,0.0,0.0,0,1.0,1.0,0.0,,0.0,,1948,2021,8270.0,0.0
EGY__SLB,EGY,SLB,0.0,0.0,0,1.0,0.0,0.0,,0.0,,1948,2021,14246.0,0.0
EGY__SLE,EGY,SLE,0.0,0.0,0,1.0,1.0,0.0,,0.0,,1948,2021,5202.0,0.0
EGY__SLV,EGY,SLV,0.0,0.0,0,0.0,0.0,0.0,,0.0,,1948,2021,12015.0,0.0
EGY__SOM,EGY,SOM,0.0,0.0,0,1.0,0.0,1.0,,0.0,,1948,2021,3438.0,0.0
EGY__SSD,EGY,SSD,0.0,0.0,0,0.0,1.0,1.0,,0.0,,1948,2021,2788.0,0.0
EGY__STP,EGY,STP,0.0,0.0,0,0.0,0.0,0.0,,0.0,,1948,2021,4189.0,0.0
EGY__SUR,EGY,SUR,0.0,0.0,0,0.0,0.0,0.0,,0.0,,1948,2021,9345.0,0.0
EGY__SWZ,EGY,SWZ,0.0,0.0,0,1.0,0.0,0.0,,0.0,,1948,2021,6236.0,0.0
EGY__SYC,EGY,SYC,0.0,0.0,0,1.0,1.0,0.0,,0.0,,1948,2021,4623.0,0.0
EGY__SYR,EGY,SYR,0.0,0.0,0,1.0,1.0,1.0,,0.0,,1948,2021,747.0,264.0
EGY__TCD,EGY,TCD,0.0,0.0,0,0.0,1.0,1.0,,0.0,,1948,2021,2596.0,0.0
EGY__TGO,EGY,TGO,0.0,0.0,0,0.0,0.0,0.0,,0.0,,1948,2021,4109.0,0.0
EGY__THA,EGY,THA,0.0,0.0,0,0.0,0.0,0.0,,0.0,,1948,2021,7282.0,0.0
EGY__TJK,EGY,TJK,0.0,0.0,0,0.0,0.0,0.0,,0.0,,1948,2021,3556.0,0.0
EGY__TKM,EGY,TKM,0.0,0.0,0,0.0,0.0,0.0,,0.0,,1948,2021,2645.0,0.0
EGY__TLS,EGY,TLS,0.0,0.0,0,0.0,0.0,0.0,,0.0,,1948,2021,10901.0,0.0
EGY__TON,EGY,TON,0.0,0.0,0,1.0,0.0,0.0,,0.0,,1948,2021,17202.0,0.0
EGY__TTO,EGY,TTO,0.0,0.0,0,1.0,1.0,0.0,,0.0,,1948,2021,9690.0,0.0
EGY__TUN,EGY,TUN,0.0,0.0,0,1.0,1.0,1.0,,0.0,,1948,2021,2093.0,0.0
EGY__TUR,EGY,TUR,0.0,0.0,0,0.0,0.0,0.0,,0.0,,1948,2021,1235.0,0.0
EGY__TUV,EGY,TUV,0.0,0.0,0,1.0,0.0,0.0,,0.0,,1948,2021,15924.0,0.0
EGY__TWN,EGY,TWN,0.0,0.0,0,0.0,0.0,0.0,,0.0,,1948,2021,8687.0,6.0
EGY__TZA,EGY,TZA,0.0,0.0,0,1.0,0.0,0.0,,0.0,,1948,2021,4168.0,0.0
EGY__UGA,EGY,UGA,0.0,0.0,0,1.0,1.0,0.0,,0.0,,1948,2021,3293.0,0.0
EGY__URY,EGY,URY,0.0,0.0,0,0.0,0.0,0.0,,0.0,,1948,2021,11632.0,0.0
EGY__USA,EGY,USA,0.0,0.0,0,1.0,1.0,0.0,,0.0,,1948,2021,9041.0,0.0
EGY__UZB,EGY,UZB,0.0,0.0,0,0.0,0.0,0.0,,0.0,,1948,2021,3624.0,0.0
EGY__VCT,EGY,VCT,0.0,0.0,0,1.0,1.0,0.0,,0.0,,1948,2021,9525.0,0.0
EGY__VEN,EGY,VEN,0.0,0.0,0,0.0,0.0,0.0,,0.0,,1948,2021,10205.0,0.0
EGY__VNM,EGY,VNM,0.0,0.0,0,0.0,0.0,0.0,,0.0,,1948,2021,8026.0,0.0
EGY__VUT,EGY,VUT,0.0,0.0,0,1.0,1.0,0.0,,0.0,,1948,2021,15480.0,0.0
EGY__WSM,EGY,WSM,0.0,0.0,0,0.0,1.0,0.0,,0.0,,1948,2021,17055.0,0.0
EGY__YEM,EGY,YEM,0.0,0.0,0,1.0,1.0,1.0,,0.0,,1948,2021,2085.0,28.0
EGY__ZAF,EGY,ZAF,0.0,0.0,0,1.0,1.0,0.0,,0.0,,1948,2021,6720.0,974.0
EGY__ZMB,EGY,ZMB,0.0,0.0,0,1.0,1.0,0.0,,0.0,,1948,2021,4896.0,286.0
EGY__ZWE,EGY,ZWE,0.0,0.0,0,1.0,1.0,0.0,,0.0,,1948,2021,5297.0,0.0
ERI__ESP,ERI,ESP,0.0,0.0,0,0.0,0.0,0.0,,0.0,,1948,2021,4964.0,0.0
ERI__ETH,ERI,ETH,1.0,0.0,1,0.0,0.0,1.0,1.0,0.0,1993.0,1948,2021,698.0,0.0
ERI__FJI,ERI,FJI,0.0,0.0,0,1.0,1.0,1.0,,1.0,,1948,2021,15714.0,0.0
ERI__FRA,ERI,FRA,0.0,0.0,0,0.0,0.0,0.0,,0.0,,1948,2021,4987.0,0.0
ERI__FSM,ERI,FSM,0.0,0.0,0,0.0,1.0,1.0,,0.0,,1948,2021,12894.0,0.0
ERI__GAB,ERI,GAB,0.0,0.0,0,0.0,0.0,0.0,,0.0,,1948,2021,3638.0,0.0
ERI__GBR,ERI,GBR,0.0,1.0,1,0.0,1.0,1.0,,0.0,1952.0,1948,2021,5301.0,0.0
ERI__GEO,ERI,GEO,0.0,0.0,0,0.0,0.0,0.0,,0.0,,1948,2021,2976.0,0.0
ERI__GHA,ERI,GHA,0.0,0.0,0,1.0,1.0,1.0,,1.0,,1948,2021,4468.0,116.0
ERI__GIN,ERI,GIN,0.0,0.0,0,0.0,0.0,0.0,,0.0,,1948,2021,5739.0,0.0
ERI__GMB,ERI,GMB,0.0,0.0,0,1.0,1.0,1.0,,1.0,,1948,2021,5985.0,0.0
ERI__GNB,ERI,GNB,0.0,0.0,0,0.0,0.0,0.0,,0.0,,1948,2021,5899.0,0.0
ERI__GNQ,ERI,GNQ,0.0,0.0,0,0.0,0.0,0.0,,0.0,,1948,2021,3532.0,0.0
ERI__GRD,ERI,GRD,0.0,0.0,0,1.0,1.0,1.0,,1.0,,1948,2021,10785.0,0.0
ERI__GTM,ERI,GTM,0.0,0.0,0,0.0,0.0,0.0,,0.0,,1948,2021,13556.0,0.0
ERI__GUY,ERI,GUY,0.0,0.0,0,1.0,1.0,1.0,,1.0,,1948,2021,10574.0,0.0
ERI__HND,ERI,HND,0.0,0.0,0,0.0,0.0,0.0,,0.0,,1948,2021,13267.0,0.0
ERI__HTI,ERI,HTI,0.0,0.0,0,0.0,0.0,0.0,,0.0,,1948,2021,11617.0,0.0
ERI__IDN,ERI,IDN,0.0,0.0,0,0.0,0.0,0.0,,0.0,,1948,2021,7856.0,0.0
ERI__IND,ERI,IND,0.0,0.0,0,1.0,1.0,1.0,,1.0,,1948,2021,3913.0,568.0
ERI__IRN,ERI,IRN,0.0,0.0,0,0.0,0.0,0.0,,0.0,,1948,2021,2576.0,0.0
ERI__IRQ,ERI,IRQ,0.0,0.0,0,1.0,1.0,0.0,,0.0,,1948,2021,2069.0,0.0
ERI__ISR,ERI,ISR,0.0,0.0,0,1.0,1.0,1.0,,1.0,,1948,2021,1902.0,0.0
ERI__ITA,ERI,ITA,0.0,0.0,1,0.0,0.0,0.0,,0.0,1941.0,1948,2021,3886.0,0.0
ERI__JAM,ERI,JAM,0.0,0.0,0,1.0,1.0,1.0,,1.0,,1948,2021,12075.0,0.0
ERI__JOR,ERI,JOR,0.0,0.0,0,1.0,1.0,0.0,,1.0,,1948,2021,1866.0,0.0
ERI__JPN,ERI,JPN,0.0,0.0,0,0.0,0.0,0.0,,0.0,,1948,2021,9970.0,0.0
ERI__KAZ,ERI,KAZ,0.0,0.0,0,0.0,0.0,0.0,,0.0,,1948,2021,4747.0,0.0
ERI__KEN,ERI,KEN,0.0,0.0,0,1.0,1.0,1.0,,1.0,,1948,2021,1852.0,0.0
ERI__KGZ,ERI,KGZ,0.0,0.0,0,0.0,0.0,0.0,,0.0,,1948,2021,4562.0,0.0
ERI__KHM,ERI,KHM,0.0,0.0,0,0.0,0.0,0.0,,0.0,,1948,2021,7131.0,0.0
ERI__KIR,ERI,KIR,0.0,0.0,0,1.0,1.0,1.0,,1.0,,1948,2021,14651.0,0.0
ERI__KNA,ERI,KNA,0.0,0.0,0,1.0,1.0,1.0,,1.0,,1948,2021,10708.0,0.0
ERI__KOR,ERI,KOR,0.0,0.0,0,0.0,1.0,0.0,,0.0,,1948,2021,8819.0,0.0
ERI__KWT,ERI,KWT,0.0,0.0,0,1.0,1.0,0.0,,1.0,,1948,2021,1810.0,0.0
ERI__LAO,ERI,LAO,0.0,0.0,0,0.0,0.0,0.0,,0.0,,1948,2021,6765.0,0.0
ERI__LBN,ERI,LBN,0.0,0.0,0,0.0,1.0,0.0,,0.0,,1948,2021,2086.0,0.0
ERI__LBR,ERI,LBR,0.0,0.0,0,0.0,1.0,1.0,,0.0,,1948,2021,5517.0,0.0
ERI__LBY,ERI,LBY,0.0,0.0,0,1.0,1.0,0.0,,0.0,,1948,2021,3244.0,0.0
ERI__LCA,ERI,LCA,0.0,0.0,0,1.0,1.0,1.0,,1.0,,1948,2021,10642.0,0.0
ERI__LKA,ERI,LKA,0.0,0.0,0,1.0,0.0,0.0,,1.0,,1948,2021,4557.0,0.0
ERI__LSO,ERI,LSO,0.0,0.0,0,1.0,1.0,1.0,,1.0,,1948,2021,5091.0,0.0
ERI__MAR,ERI,MAR,0.0,0.0,0,0.0,1.0,0.0,,0.0,,1948,2021,5083.0,0.0
ERI__MDG,ERI,MDG,0.0,0.0,0,0.0,0.0,0.0,,0.0,,1948,2021,3904.0,0.0
ERI__MDV,ERI,MDV,0.0,0.0,0,1.0,0.0,0.0,,1.0,,1948,2021,3982.0,0.0
ERI__MEX,ERI,MEX,0.0,0.0,0,0.0,0.0,0.0,,0.0,,1948,2021,14035.0,0.0
ERI__MHL,ERI,MHL,0.0,0.0,0,0.0,1.0,1.0,,0.0,,1948,2021,14230.0,0.0
ERI__MLI,ERI,MLI,0.0,0.0,0,0.0,0.0,0.0,,0.0,,1948,2021,5070.0,0.0
ERI__MMR,ERI,MMR,0.0,0.0,0,1.0,0.0,0.0,,1.0,,1948,2021,6103.0,0.0
ERI__MNG,ERI,MNG,0.0,0.0,0,0.0,0.0,0.0,,0.0,,1948,2021,7118.0,0.0
ERI__MOZ,ERI,MOZ,0.0,0.0,0,0.0,0.0,0.0,,0.0,,1948,2021,4621.0,2.0
ERI__MRT,ERI,MRT,0.0,0.0,0,0.0,0.0,0.0,,0.0,,1948,2021,5843.0,0.0
ERI__MUS,ERI,MUS,0.0,0.0,0,1.0,1.0,1.0,,1.0,,1948,2021,4421.0,0.0
ERI__MWI,ERI,MWI,0.0,0.0,0,1.0,1.0,1.0,,1.0,,1948,2021,3379.5,179.0
ERI__MYS,ERI,MYS,0.0,0.0,0,1.0,0.0,0.0,,1.0,,1948,2021,7002.0,0.0
ERI__NAM,ERI,NAM,0.0,0.0,0,0.0,1.0,1.0,,0.0,,1948,2021,4821.0,0.0
ERI__NER,ERI,NER,0.0,0.0,0,0.0,0.0,0.0,,0.0,,1948,2021,3971.0,0.0
ERI__NGA,ERI,NGA,0.0,0.0,0,1.0,1.0,1.0,,1.0,,1948,2021,4001.0,0.0
ERI__NIC,ERI,NIC,0.0,0.0,0,0.0,0.0,0.0,,0.0,,1948,2021,13269.0,0.0
ERI__NLD,ERI,NLD,0.0,0.0,0,0.0,0.0,0.0,,0.0,,1948,2021,5081.5,11.0
ERI__NPL,ERI,NPL,0.0,0.0,0,0.0,0.0,0.0,,0.0,,1948,2021,4966.0,0.0
ERI__NRU,ERI,NRU,0.0,0.0,0,1.0,1.0,1.0,,1.0,,1948,2021,14089.0,0.0
ERI__NZL,ERI,NZL,0.0,0.0,0,1.0,1.0,1.0,,0.0,,1948,2021,15062.0,0.0
ERI__OMN,ERI,OMN,0.0,0.0,0,0.0,1.0,0.0,,0.0,,1948,2021,2255.0,0.0
ERI__PAK,ERI,PAK,0.0,0.0,0,1.0,1.0,1.0,,1.0,,1948,2021,3121.0,0.0
ERI__PAN,ERI,PAN,0.0,0.0,0,0.0,0.0,0.0,,0.0,,1948,2021,12732.0,0.0
ERI__PER,ERI,PER,0.0,0.0,0,0.0,0.0,0.0,,0.0,,1948,2021,13122.0,0.0
ERI__PHL,ERI,PHL,0.0,0.0,0,0.0,1.0,1.0,,0.0,,1948,2021,8764.0,0.0
ERI__PLW,ERI,PLW,0.0,0.0,0,1.0,1.0,1.0,,0.0,,1948,2021,10399.0,10.0
ERI__PNG,ERI,PNG,0.0,0.0,0,1.0,1.0,1.0,,0.0,,1948,2021,12237.0,0.0
ERI__PRK,ERI,PRK,0.0,0.0,0,0.0,0.0,0.0,,0.0,,1948,2021,8684.0,0.0
ERI__PRT,ERI,PRT,0.0,0.0,0,0.0,0.0,0.0,,0.0,,1948,2021,5349.0,0.0
ERI__PRY,ERI,PRY,0.0,0.0,0,0.0,0.0,0.0,,0.0,,1948,2021,11377.0,0.0
ERI__QAT,ERI,QAT,0.0,0.0,0,1.0,1.0,0.0,,1.0,,1948,2021,1709.5,7.0
ERI__RWA,ERI,RWA,0.0,0.0,0,0.0,1.0,1.0,,0.0,,1948,2021,2147.0,0.0
ERI__SAU,ERI,SAU,0.0,0.0,0,0.0,1.0,0.0,,0.0,,1948,2021,1316.0,0.0
ERI__SDN,ERI,SDN,1.0,0.0,0,1.0,1.0,0.0,,1.0,,1948,2021,687.0,0.0
ERI__SEN,ERI,SEN,0.0,0.0,0,0.0,0.0,0.0,,0.0,,1948,2021,6045.0,0.0
ERI__SGP,ERI,SGP,0.0,0.0,0,1.0,1.0,1.0,,1.0,,1948,2021,7290.0,0.0
ERI__SLB,ERI,SLB,0.0,0.0,0,1.0,0.0,1.0,,1.0,,1948,2021,13606.0,0.0
ERI__SLE,ERI,SLE,0.0,0.0,0,1.0,1.0,1.0,,1.0,,1948,2021,5720.0,0.0
ERI__SLV,ERI,SLV,0.0,0.0,0,0.0,0.0,0.0,,0.0,,1948,2021,13477.0,0.0
ERI__SOM,ERI,SOM,0.0,0.0,0,1.0,0.0,1.0,,1.0,,1948,2021,1630.0,0.0
ERI__SSD,ERI,SSD,0.0,0.0,0,0.0,1.0,0.0,,1.0,,1948,2021,1411.0,0.0
ERI__STP,ERI,STP,0.0,0.0,0,0.0,0.0,0.0,,0.0,,1948,2021,3910.0,0.0
ERI__SUR,ERI,SUR,0.0,0.0,0,0.0,0.0,0.0,,0.0,,1948,2021,10284.0,0.0
ERI__SWZ,ERI,SWZ,0.0,0.0,0,1.0,0.0,1.0,,1.0,,1948,2021,4685.0,0.0
ERI__SYC,ERI,SYC,0.0,0.0,0,1.0,1.0,1.0,,1.0,,1948,2021,2861.0,0.0
ERI__SYR,ERI,SYR,0.0,0.0,0,0.0,1.0,0.0,,0.0,,1948,2021,2175.5,289.0
ERI__TCD,ERI,TCD,0.0,0.0,0,0.0,1.0,0.0,,0.0,,1948,2021,2607.0,0.0
ERI__TGO,ERI,TGO,0.0,0.0,0,0.0,0.0,0.0,,0.0,,1948,2021,4242.0,0.0
ERI__THA,ERI,THA,0.0,0.0,0,0.0,0.0,0.0,,0.0,,1948,2021,6618.0,0.0
ERI__TJK,ERI,TJK,0.0,0.0,0,0.0,0.0,0.0,,0.0,,1948,2021,3891.0,0.0
ERI__TKM,ERI,TKM,0.0,0.0,0,0.0,0.0,0.0,,0.0,,1948,2021,3152.0,0.0
ERI__TLS,ERI,TLS,0.0,0.0,0,0.0,0.0,0.0,,0.0,,1948,2021,9909.0,0.0
ERI__TON,ERI,TON,0.0,0.0,0,1.0,0.0,1.0,,1.0,,1948,2021,16373.0,0.0
ERI__TTO,ERI,TTO,0.0,0.0,0,1.0,1.0,1.0,,1.0,,1948,2021,10806.0,0.0
ERI__TUN,ERI,TUN,0.0,0.0,0,0.0,1.0,0.0,,0.0,,1948,2021,3708.0,0.0
ERI__TUR,ERI,TUR,0.0,0.0,0,0.0,0.0,0.0,,0.0,,1948,2021,3005.0,0.0
ERI__TUV,ERI,TUV,0.0,0.0,0,1.0,0.0,0.0,,1.0,,1948,2021,15648.0,0.0
ERI__TWN,ERI,TWN,0.0,0.0,0,0.0,0.0,0.0,,0.0,,1948,2021,8571.0,0.0
ERI__TZA,ERI,TZA,0.0,0.0,0,1.0,0.0,1.0,,1.0,,1948,2021,2451.0,0.0
ERI__UGA,ERI,UGA,0.0,0.0,0,1.0,1.0,1.0,,1.0,,1948,2021,1802.0,0.0
ERI__URY,ERI,URY,0.0,0.0,0,0.0,0.0,0.0,,0.0,,1948,2021,11429.0,0.0
ERI__USA,ERI,USA,0.0,0.0,0,1.0,1.0,1.0,,0.0,,1948,2021,10740.0,0.0
ERI__UZB,ERI,UZB,0.0,0.0,0,0.0,0.0,0.0,,0.0,,1948,2021,4093.0,0.0
ERI__VCT,ERI,VCT,0.0,0.0,0,1.0,1.0,1.0,,1.0,,1948,2021,10694.0,0.0
ERI__VEN,ERI,VEN,0.0,0.0,0,0.0,0.0,0.0,,0.0,,1948,2021,11371.0,0.0
ERI__VNM,ERI,VNM,0.0,0.0,0,0.0,0.0,0.0,,0.0,,1948,2021,7337.0,0.0
ERI__VUT,ERI,VUT,0.0,0.0,0,1.0,1.0,1.0,,1.0,,1948,2021,14641.0,0.0
ERI__WSM,ERI,WSM,0.0,0.0,0,0.0,1.0,1.0,,0.0,,1948,2021,16726.0,0.0
ERI__YEM,ERI,YEM,0.0,0.0,0,1.0,1.0,0.0,,1.0,,1948,2021,566.0,0.0
ERI__ZAF,ERI,ZAF,0.0,0.0,0,1.0,1.0,1.0,,0.0,,1948,2021,5306.5,1125.0
ERI__ZMB,ERI,ZMB,0.0,0.0,0,1.0,1.0,1.0,,1.0,,1948,2021,3597.0,0.0
ERI__ZWE,ERI,ZWE,0.0,0.0,0,1.0,1.0,1.0,,1.0,,1948,2021,3768.0,0.0
ESP__ETH,ESP,ETH,0.0,0.0,0,0.0,0.0,0.0,,0.0,,1948,2021,5258.5,367.0
ESP__FJI,ESP,FJI,0.0,0.0,0,0.0,0.0,0.0,,0.0,,1948,2021,17464.5,123.0
ESP__FRA,ESP,FRA,1.0,0.0,0,0.0,0.0,0.0,,0.0,,1948,2021,941.5,223.0
ESP__FSM,ESP,FSM,0.0,0.0,1,0.0,0.0,0.0,,0.0,1899.0,1948,2021,14286.0,320.0
ESP__GAB,ESP,GAB,0.0,0.0,0,0.0,0.0,0.0,,0.0,,1948,2021,4613.5,29.0
ESP__GBR,ESP,GBR,0.0,0.0,0,0.0,0.0,0.0,,0.0,,1948,2021,1200.5,125.0
ESP__GEO,ESP,GEO,0.0,0.0,0,0.0,0.0,0.0,,0.0,,1948,2021,4028.0,0.0
ESP__GHA,ESP,GHA,0.0,0.0,0,0.0,0.0,0.0,,0.0,,1948,2021,3859.0,234.0
ESP__GIN,ESP,GIN,0.0,0.0,0,0.0,0.0,0.0,,0.0,,1948,2021,3704.0,296.0
ESP__GMB,ESP,GMB,0.0,0.0,0,0.0,0.0,0.0,,0.0,,1948,2021,3420.0,350.0
ESP__GNB,ESP,GNB,0.0,0.0,0,0.0,0.0,0.0,,0.0,,1948,2021,3537.0,330.0
ESP__GNQ,ESP,GNQ,0.0,1.0,1,0.0,1.0,1.0,0.0,0.0,1968.0,1948,2021,4462.5,37.0
ESP__GRD,ESP,GRD,0.0,0.0,0,0.0,0.0,0.0,,0.0,,1948,2021,6708.5,505.0
ESP__GTM,ESP,GTM,0.0,0.0,1,0.0,1.0,1.0,,0.0,1821.0,1948,2021,8939.0,464.0
ESP__GUY,ESP,GUY,0.0,0.0,0,0.0,0.0,0.0,,0.0,,1948,2021,6802.0,504.0
ESP__HND,ESP,HND,0.0,0.0,1,0.0,1.0,1.0,,0.0,1821.0,1948,2021,8701.0,472.0
ESP__HTI,ESP,HTI,0.0,0.0,0,0.0,0.0,0.0,,0.0,,1948,2021,7149.0,488.0
ESP__IDN,ESP,IDN,0.0,0.0,0,0.0,0.0,0.0,,0.0,,1948,2021,11942.5,503.0
ESP__IND,ESP,IND,0.0,0.0,0,0.0,0.0,0.0,,0.0,,1948,2021,7937.0,1302.0
ESP__IRN,ESP,IRN,0.0,0.0,0,0.0,0.0,0.0,,0.0,,1948,2021,4535.5,505.0
ESP__IRQ,ESP,IRQ,0.0,0.0,0,0.0,0.0,0.0,,0.0,,1948,2021,4056.5,499.0
ESP__ISR,ESP,ISR,0.0,0.0,0,0.0,0.0,0.0,,0.0,,1948,2021,3310.0,480.0
ESP__ITA,ESP,ITA,0.0,0.0,0,0.0,0.0,0.0,,0.0,,1948,2021,1113.5,505.0
ESP__JAM,ESP,JAM,0.0,0.0,0,0.0,0.0,0.0,,0.0,,1948,2021,7560.0,482.0
ESP__JOR,ESP,JOR,0.0,0.0,0,0.0,0.0,0.0,,0.0,,1948,2021,3414.0,482.0
ESP__JPN,ESP,JPN,0.0,0.0,0,0.0,0.0,0.0,,0.0,,1948,2021,10612.0,348.0
ESP__KAZ,ESP,KAZ,0.0,0.0,0,0.0,0.0,0.0,,0.0,,1948,2021,6430.0,0.0
ESP__KEN,ESP,KEN,0.0,0.0,0,0.0,0.0,0.0,,0.0,,1948,2021,6028.5,301.0
ESP__KGZ,ESP,KGZ,0.0,0.0,0,0.0,0.0,0.0,,0.0,,1948,2021,6281.0,0.0
ESP__KHM,ESP,KHM,0.0,0.0,0,0.0,0.0,0.0,,0.0,,1948,2021,10460.0,502.0
ESP__KIR,ESP,KIR,0.0,0.0,0,0.0,0.0,0.0,,0.0,,1948,2021,15276.5,185.0
ESP__KNA,ESP,KNA,0.0,0.0,0,0.0,0.0,0.0,,0.0,,1948,2021,6424.5,501.0
ESP__KOR,ESP,KOR,0.0,0.0,0,0.0,0.0,0.0,,0.0,,1948,2021,9821.5,393.0
ESP__KWT,ESP,KWT,0.0,0.0,0,0.0,0.0,0.0,,0.0,,1948,2021,4562.5,493.0
ESP__LAO,ESP,LAO,0.0,0.0,0,0.0,0.0,0.0,,0.0,,1948,2021,9795.0,498.0
ESP__LBN,ESP,LBN,0.0,0.0,0,0.0,0.0,0.0,,0.0,,1948,2021,3280.0,490.0
ESP__LBR,ESP,LBR,0.0,0.0,0,0.0,0.0,0.0,,0.0,,1948,2021,3969.5,249.0
ESP__LBY,ESP,LBY,0.0,0.0,0,0.0,0.0,0.0,,0.0,,1948,2021,1540.5,363.0
ESP__LCA,ESP,LCA,0.0,0.0,0,0.0,0.0,0.0,,0.0,,1948,2021,6507.0,504.0
ESP__LKA,ESP,LKA,0.0,0.0,0,0.0,0.0,0.0,,0.0,,1948,2021,8724.0,492.0
ESP__LSO,ESP,LSO,0.0,0.0,0,0.0,0.0,0.0,,0.0,,1948,2021,8308.0,114.0
ESP__MAR,ESP,MAR,1.0,0.0,0,0.0,0.0,0.0,,0.0,,1948,2021,1027.5,389.0
ESP__MDG,ESP,MDG,0.0,0.0,0,0.0,0.0,0.0,,0.0,,1948,2021,8295.5,289.0
ESP__MDV,ESP,MDV,0.0,0.0,0,0.0,0.0,0.0,,0.0,,1948,2021,8390.5,477.0
ESP__MEX,ESP,MEX,0.0,0.0,1,0.0,1.0,1.0,0.0,0.0,1810.0,1948,2021,9291.0,426.0
ESP__MHL,ESP,MHL,0.0,0.0,0,0.0,0.0,0.0,,0.0,,1948,2021,14623.0,194.0
ESP__MLI,ESP,MLI,0.0,0.0,0,0.0,0.0,0.0,,0.0,,1948,2021,3220.0,230.0
ESP__MMR,ESP,MMR,0.0,0.0,0,0.0,0.0,0.0,,0.0,,1948,2021,9370.5,503.0
ESP__MNG,ESP,MNG,0.0,0.0,0,0.0,0.0,0.0,,0.0,,1948,2021,7870.0,414.0
ESP__MOZ,ESP,MOZ,0.0,0.0,0,0.0,0.0,0.0,,0.0,,1948,2021,8172.0,162.0
ESP__MRT,ESP,MRT,0.0,0.0,0,0.0,0.0,0.0,,0.0,,1948,2021,2924.5,367.0
ESP__MUS,ESP,MUS,0.0,0.0,0,0.0,0.0,0.0,,0.0,,1948,2021,9052.0,336.0
ESP__MWI,ESP,MWI,0.0,0.0,0,0.0,0.0,0.0,,0.0,,1948,2021,7278.0,240.0
ESP__MYS,ESP,MYS,0.0,0.0,0,0.0,0.0,0.0,,0.0,,1948,2021,10827.5,505.0
ESP__NAM,ESP,NAM,0.0,0.0,0,0.0,0.0,0.0,,0.0,,1948,2021,7271.0,52.0
ESP__NER,ESP,NER,0.0,0.0,0,0.0,0.0,0.0,,0.0,,1948,2021,3062.0,54.0
ESP__NGA,ESP,NGA,0.0,0.0,0,0.0,0.0,0.0,,0.0,,1948,2021,3821.5,101.0
ESP__NIC,ESP,NIC,0.0,0.0,1,0.0,1.0,1.0,,0.0,1821.0,1948,2021,8759.0,478.0
ESP__NLD,ESP,NLD,0.0,0.0,0,0.0,0.0,0.0,,0.0,,1948,2021,1333.0,298.0
ESP__NPL,ESP,NPL,0.0,0.0,0,0.0,0.0,0.0,,0.0,,1948,2021,7745.5,501.0
ESP__NRU,ESP,NRU,0.0,0.0,0,0.0,0.0,0.0,,0.0,,1948,2021,15357.5,259.0
ESP__NZL,ESP,NZL,0.0,0.0,0,0.0,0.0,0.0,,0.0,,1948,2021,19397.0,386.0
ESP__OMN,ESP,OMN,0.0,0.0,0,0.0,0.0,0.0,,0.0,,1948,2021,5797.0,494.0
ESP__PAK,ESP,PAK,0.0,0.0,0,0.0,0.0,0.0,,0.0,,1948,2021,6429.5,503.0
ESP__PAN,ESP,PAN,0.0,0.0,1,0.0,1.0,1.0,,0.0,1821.0,1948,2021,8415.0,494.0
ESP__PER,ESP,PER,0.0,0.0,1,0.0,1.0,1.0,0.0,0.0,1821.0,1948,2021,9752.5,503.0
ESP__PHL,ESP,PHL,0.0,0.0,1,0.0,0.0,0.0,,0.0,1898.0,1948,2021,11435.0,474.0
ESP__PLW,ESP,PLW,0.0,0.0,0,0.0,0.0,0.0,,0.0,,1948,2021,12984.0,452.0
ESP__PNG,ESP,PNG,0.0,0.0,0,0.0,0.0,0.0,,0.0,,1948,2021,15313.0,450.0
ESP__PRK,ESP,PRK,0.0,0.0,0,0.0,0.0,0.0,,0.0,,1948,2021,9627.5,393.0
ESP__PRT,ESP,PRT,1.0,0.0,0,0.0,0.0,0.0,,0.0,,1948,2021,756.0,504.0
ESP__PRY,ESP,PRY,0.0,0.0,1,0.0,1.0,1.0,,0.0,1811.0,1948,2021,9391.0,446.0
ESP__QAT,ESP,QAT,0.0,0.0,0,0.0,0.0,0.0,,0.0,,1948,2021,5099.5,487.0
ESP__RWA,ESP,RWA,0.0,0.0,0,0.0,0.0,0.0,,0.0,,1948,2021,5689.0,244.0
ESP__SAU,ESP,SAU,0.0,0.0,0,0.0,0.0,0.0,,0.0,,1948,2021,4566.0,808.0
ESP__SDN,ESP,SDN,0.0,0.0,0,0.0,0.0,0.0,,0.0,,1948,2021,4270.5,365.0
ESP__SEN,ESP,SEN,0.0,0.0,0,0.0,0.0,0.0,,0.0,,1948,2021,3330.0,364.0
ESP__SGP,ESP,SGP,0.0,0.0,0,0.0,0.0,0.0,,0.0,,1948,2021,11143.5,505.0
ESP__SLB,ESP,SLB,0.0,0.0,0,0.0,0.0,0.0,,0.0,,1948,2021,16033.5,363.0
ESP__SLE,ESP,SLE,0.0,0.0,0,0.0,0.0,0.0,,0.0,,1948,2021,3805.5,287.0
ESP__SLV,ESP,SLV,0.0,0.0,1,0.0,1.0,1.0,,0.0,1821.0,1948,2021,8893.5,469.0
ESP__SOM,ESP,SOM,0.0,0.0,0,0.0,0.0,0.0,,0.0,,1948,2021,6319.5,371.0
ESP__SSD,ESP,SSD,0.0,0.0,0,0.0,0.0,0.0,,0.0,,1948,2021,5287.0,0.0
ESP__STP,ESP,STP,0.0,0.0,0,0.0,0.0,0.0,,0.0,,1948,2021,4566.5,7.0
ESP__SUR,ESP,SUR,0.0,0.0,0,0.0,0.0,0.0,,0.0,,1948,2021,6636.0,500.0
ESP__SWZ,ESP,SWZ,0.0,0.0,0,0.0,0.0,0.0,,0.0,,1948,2021,8145.5,151.0
ESP__SYC,ESP,SYC,0.0,0.0,0,0.0,0.0,0.0,,0.0,,1948,2021,7616.0,392.0
ESP__SYR,ESP,SYR,0.0,0.0,0,0.0,0.0,0.0,,0.0,,1948,2021,3368.0,490.0
ESP__TCD,ESP,TCD,0.0,0.0,0,0.0,0.0,0.0,,0.0,,1948,2021,3557.0,156.0
ESP__TGO,ESP,TGO,0.0,0.0,0,0.0,0.0,0.0,,0.0,,1948,2021,3867.5,77.0
ESP__THA,ESP,THA,0.0,0.0,0,0.0,0.0,0.0,,0.0,,1948,2021,9947.5,503.0
ESP__TJK,ESP,TJK,0.0,0.0,0,0.0,0.0,0.0,,0.0,,1948,2021,6056.0,0.0
ESP__TKM,ESP,TKM,0.0,0.0,0,0.0,0.0,0.0,,0.0,,1948,2021,5258.0,0.0
ESP__TLS,ESP,TLS,0.0,0.0,0,0.0,0.0,0.0,,0.0,,1948,2021,13902.0,0.0
ESP__TON,ESP,TON,0.0,0.0,0,0.0,0.0,0.0,,0.0,,1948,2021,17734.0,22.0
ESP__TTO,ESP,TTO,0.0,0.0,0,0.0,0.0,0.0,,0.0,,1948,2021,6789.5,505.0
ESP__TUN,ESP,TUN,0.0,0.0,0,0.0,0.0,0.0,,0.0,,1948,2021,1064.0,412.0
ESP__TUR,ESP,TUR,0.0,0.0,0,0.0,0.0,0.0,,0.0,,1948,2021,2491.5,505.0
ESP__TUV,ESP,TUV,0.0,0.0,0,0.0,0.0,0.0,,0.0,,1948,2021,16405.0,108.0
ESP__TWN,ESP,TWN,0.0,0.0,0,0.0,0.0,0.0,,0.0,,1948,2021,10593.0,448.0
ESP__TZA,ESP,TZA,0.0,0.0,0,0.0,0.0,0.0,,0.0,,1948,2021,6687.5,291.0
ESP__UGA,ESP,UGA,0.0,0.0,0,0.0,0.0,0.0,,0.0,,1948,2021,5620.5,277.0
ESP__URY,ESP,URY,0.0,0.0,1,0.0,1.0,1.0,,0.0,1828.0,1948,2021,10123.0,414.0
ESP__USA,ESP,USA,0.0,0.0,1,0.0,1.0,0.0,1.0,0.0,1820.0,1948,2021,5981.0,398.0
ESP__UZB,ESP,UZB,0.0,0.0,0,0.0,0.0,0.0,,0.0,,1948,2021,5957.0,0.0
ESP__VCT,ESP,VCT,0.0,0.0,0,0.0,0.0,0.0,,0.0,,1948,2021,6586.5,505.0
ESP__VEN,ESP,VEN,0.0,0.0,1,0.0,1.0,1.0,,0.0,1811.0,1948,2021,7248.0,504.0
ESP__VNM,ESP,VNM,0.0,0.0,0,0.0,0.0,0.0,,0.0,,1948,2021,10661.0,502.0
ESP__VUT,ESP,VUT,0.0,0.0,0,0.0,0.0,0.0,,0.0,,1948,2021,17225.5,305.0
ESP__WSM,ESP,WSM,0.0,0.0,0,0.0,0.0,0.0,,0.0,,1948,2021,16867.5,55.0
ESP__YEM,ESP,YEM,0.0,0.0,0,0.0,0.0,0.0,,0.0,,1948,2021,5145.5,481.0
ESP__ZAF,ESP,ZAF,0.0,0.0,0,0.0,0.0,0.0,,0.0,,1948,2021,8242.0,594.0
ESP__ZMB,ESP,ZMB,0.0,0.0,0,0.0,0.0,0.0,,0.0,,1948,2021,6790.5,439.0
ESP__ZWE,ESP,ZWE,0.0,0.0,0,0.0,0.0,0.0,,0.0,,1948,2021,7292.5,183.0
ETH__FJI,ETH,FJI,0.0,0.0,0,0.0,0.0,1.0,,0.0,,1948,2021,15567.0,0.0
ETH__FRA,ETH,FRA,0.0,0.0,0,0.0,0.0,0.0,,0.0,,1948,2021,5566.0,0.0
ETH__FSM,ETH,FSM,0.0,0.0,0,0.0,0.0,1.0,,0.0,,1948,2021,13086.0,0.0
ETH__GAB,ETH,GAB,0.0,0.0,0,0.0,0.0,0.0,,0.0,,1948,2021,3384.0,0.0
ETH__GBR,ETH,GBR,0.0,0.0,0,0.0,0.0,1.0,,0.0,,1948,2021,5891.0,0.0
ETH__GEO,ETH,GEO,0.0,0.0,0,0.0,0.0,0.0,,0.0,,1948,2021,3669.0,0.0
ETH__GHA,ETH,GHA,0.0,0.0,0,0.0,0.0,1.0,,0.0,,1948,2021,4386.5,143.0
ETH__GIN,ETH,GIN,0.0,0.0,0,0.0,0.0,0.0,,0.0,,1948,2021,5751.0,0.0
ETH__GMB,ETH,GMB,0.0,0.0,0,0.0,0.0,1.0,,0.0,,1948,2021,6061.0,0.0
ETH__GNB,ETH,GNB,0.0,0.0,0,0.0,0.0,0.0,,0.0,,1948,2021,5950.0,0.0
ETH__GNQ,ETH,GNQ,0.0,0.0,0,0.0,0.0,0.0,,0.0,,1948,2021,3306.0,0.0
ETH__GRD,ETH,GRD,0.0,0.0,0,0.0,0.0,1.0,,0.0,,1948,2021,10936.0,0.0
ETH__GTM,ETH,GTM,0.0,0.0,0,0.0,0.0,0.0,,0.0,,1948,2021,13852.0,0.0
ETH__GUY,ETH,GUY,0.0,0.0,0,0.0,0.0,1.0,,0.0,,1948,2021,10653.0,0.0
ETH__HND,ETH,HND,0.0,0.0,0,0.0,0.0,0.0,,0.0,,1948,2021,13539.0,0.0
ETH__HTI,ETH,HTI,0.0,0.0,0,0.0,0.0,0.0,,0.0,,1948,2021,11876.0,0.0
ETH__IDN,ETH,IDN,0.0,0.0,0,0.0,0.0,0.0,,0.0,,1948,2021,7740.0,0.0
ETH__IND,ETH,IND,0.0,0.0,0,0.0,0.0,1.0,,0.0,,1948,2021,4668.0,1652.0
ETH__IRN,ETH,IRN,0.0,0.0,0,0.0,0.0,0.0,,0.0,,1948,2021,3222.0,0.0
ETH__IRQ,ETH,IRQ,0.0,0.0,0,0.0,0.0,0.0,,0.0,,1948,2021,2754.0,0.0
ETH__ISR,ETH,ISR,0.0,0.0,0,0.0,0.0,1.0,,0.0,,1948,2021,2585.0,0.0
ETH__ITA,ETH,ITA,0.0,0.0,0,0.0,0.0,0.0,,0.0,,1948,2021,4460.0,0.0
ETH__JAM,ETH,JAM,0.0,0.0,0,0.0,0.0,1.0,,0.0,,1948,2021,12345.0,0.0
ETH__JOR,ETH,JOR,0.0,0.0,0,0.0,0.0,0.0,,0.0,,1948,2021,2555.0,0.0
ETH__JPN,ETH,JPN,0.0,0.0,0,0.0,0.0,0.0,,0.0,,1948,2021,10407.0,0.0
ETH__KAZ,ETH,KAZ,0.0,0.0,0,0.0,0.0,0.0,,0.0,,1948,2021,5298.0,0.0
ETH__KEN,ETH,KEN,1.0,0.0,0,0.0,0.0,1.0,,0.0,,1948,2021,1160.0,0.0
ETH__KGZ,ETH,KGZ,0.0,0.0,0,0.0,0.0,0.0,,0.0,,1948,2021,5120.0,0.0
ETH__KHM,ETH,KHM,0.0,0.0,0,0.0,0.0,0.0,,0.0,,1948,2021,7238.0,0.0
ETH__KIR,ETH,KIR,0.0,0.0,0,0.0,0.0,1.0,,0.0,,1948,2021,14833.0,0.0
ETH__KNA,ETH,KNA,0.0,0.0,0,0.0,0.0,1.0,,0.0,,1948,2021,10922.0,0.0
ETH__KOR,ETH,KOR,0.0,0.0,0,0.0,0.0,0.0,,0.0,,1948,2021,9252.0,0.0
ETH__KWT,ETH,KWT,0.0,0.0,0,0.0,0.0,0.0,,0.0,,1948,2021,2450.0,0.0
ETH__LAO,ETH,LAO,0.0,0.0,0,0.0,0.0,0.0,,0.0,,1948,2021,6953.0,0.0
ETH__LBN,ETH,LBN,0.0,0.0,0,0.0,0.0,0.0,,0.0,,1948,2021,2775.0,0.0
ETH__LBR,ETH,LBR,0.0,0.0,0,0.0,0.0,1.0,,0.0,,1948,2021,5471.0,0.0
ETH__LBY,ETH,LBY,0.0,0.0,0,0.0,0.0,0.0,,0.0,,1948,2021,3725.0,0.0
ETH__LCA,ETH,LCA,0.0,0.0,0,0.0,0.0,1.0,,0.0,,1948,2021,10814.0,0.0
ETH__LKA,ETH,LKA,0.0,0.0,0,0.0,0.0,0.0,,0.0,,1948,2021,4535.0,0.0
ETH__LSO,ETH,LSO,0.0,0.0,0,0.0,0.0,1.0,,0.0,,1948,2021,4411.0,0.0
ETH__MAR,ETH,MAR,0.0,0.0,0,0.0,0.0,0.0,,0.0,,1948,2021,5463.0,0.0
ETH__MDG,ETH,MDG,0.0,0.0,0,0.0,0.0,0.0,,0.0,,1948,2021,3237.0,0.0
ETH__MDV,ETH,MDV,0.0,0.0,0,0.0,0.0,0.0,,0.0,,1948,2021,3879.0,0.0
ETH__MEX,ETH,MEX,0.0,0.0,0,0.0,0.0,0.0,,0.0,,1948,2021,14438.0,0.0
ETH__MHL,ETH,MHL,0.0,0.0,0,0.0,0.0,1.0,,0.0,,1948,2021,14485.0,0.0
ETH__MLI,ETH,MLI,0.0,0.0,0,0.0,0.0,0.0,,0.0,,1948,2021,5121.0,0.0
ETH__MMR,ETH,MMR,0.0,0.0,0,0.0,0.0,0.0,,0.0,,1948,2021,6269.0,0.0
ETH__MNG,ETH,MNG,0.0,0.0,0,0.0,0.0,0.0,,0.0,,1948,2021,7643.0,0.0
ETH__MOZ,ETH,MOZ,0.0,0.0,0,0.0,0.0,0.0,,0.0,,1948,2021,3929.0,2.0
ETH__MRT,ETH,MRT,0.0,0.0,0,0.0,0.0,0.0,,0.0,,1948,2021,5987.0,0.0
ETH__MUS,ETH,MUS,0.0,0.0,0,0.0,0.0,1.0,,0.0,,1948,2021,3827.0,0.0
ETH__MWI,ETH,MWI,0.0,0.0,0,0.0,0.0,1.0,,0.0,,1948,2021,2688.0,174.0
ETH__MYS,ETH,MYS,0.0,0.0,0,0.0,0.0,0.0,,0.0,,1948,2021,7124.5,269.0
ETH__NAM,ETH,NAM,0.0,0.0,0,0.0,0.0,1.0,,0.0,,1948,2021,4218.0,0.0
ETH__NER,ETH,NER,0.0,0.0,0,0.0,0.0,0.0,,0.0,,1948,2021,4027.0,0.0
ETH__NGA,ETH,NGA,0.0,0.0,0,0.0,0.0,1.0,,0.0,,1948,2021,3876.0,66.0
ETH__NIC,ETH,NIC,0.0,0.0,0,0.0,0.0,0.0,,0.0,,1948,2021,13513.0,0.0
ETH__NLD,ETH,NLD,0.0,0.0,0,0.0,0.0,0.0,,0.0,,1948,2021,5691.0,16.0
ETH__NPL,ETH,NPL,0.0,0.0,0,0.0,0.0,0.0,,0.0,,1948,2021,5298.0,0.0
ETH__NRU,ETH,NRU,0.0,0.0,0,0.0,0.0,1.0,,0.0,,1948,2021,14216.0,0.0
ETH__NZL,ETH,NZL,0.0,0.0,0,0.0,0.0,1.0,,0.0,,1948,2021,14630.0,0.0
ETH__OMN,ETH,OMN,0.0,0.0,0,0.0,0.0,0.0,,0.0,,1948,2021,2659.0,0.0
ETH__PAK,ETH,PAK,0.0,0.0,0,0.0,0.0,1.0,,0.0,,1948,2021,3479.0,0.0
ETH__PAN,ETH,PAN,0.0,0.0,0,0.0,0.0,0.0,,0.0,,1948,2021,12907.0,0.0
ETH__PER,ETH,PER,0.0,0.0,0,0.0,0.0,0.0,,0.0,,1948,2021,13013.0,0.0
ETH__PHL,ETH,PHL,0.0,0.0,0,0.0,0.0,1.0,,0.0,,1948,2021,8939.0,0.0
ETH__PLW,ETH,PLW,0.0,0.0,0,0.0,0.0,1.0,,0.0,,1948,2021,10522.5,13.0
ETH__PNG,ETH,PNG,0.0,0.0,0,0.0,0.0,1.0,,0.0,,1948,2021,12187.0,0.0
ETH__PRK,ETH,PRK,0.0,0.0,0,0.0,0.0,0.0,,0.0,,1948,2021,9129.0,0.0
ETH__PRT,ETH,PRT,0.0,0.0,0,0.0,0.0,0.0,,0.0,,1948,2021,5788.0,0.0
ETH__PRY,ETH,PRY,0.0,0.0,0,0.0,0.0,0.0,,0.0,,1948,2021,11078.0,0.0
ETH__QAT,ETH,QAT,0.0,0.0,0,0.0,0.0,0.0,,0.0,,1948,2021,2248.5,5.0
ETH__RWA,ETH,RWA,0.0,0.0,0,0.0,0.0,1.0,,0.0,,1948,2021,1550.0,0.0
ETH__SAU,ETH,SAU,0.0,0.0,0,0.0,0.0,0.0,,0.0,,1948,2021,1652.5,553.0
ETH__SDN,ETH,SDN,1.0,0.0,0,0.0,0.0,0.0,,0.0,,1948,2021,989.0,0.0
ETH__SEN,ETH,SEN,0.0,0.0,0,0.0,0.0,0.0,,0.0,,1948,2021,6140.0,0.0
ETH__SGP,ETH,SGP,0.0,0.0,0,0.0,0.0,1.0,,0.0,,1948,2021,7259.0,0.0
ETH__SLB,ETH,SLB,0.0,0.0,0,0.0,0.0,1.0,,0.0,,1948,2021,13583.0,0.0
ETH__SLE,ETH,SLE,0.0,0.0,0,0.0,0.0,1.0,,0.0,,1948,2021,5714.0,0.0
ETH__SLV,ETH,SLV,0.0,0.0,0,0.0,0.0,0.0,,0.0,,1948,2021,13755.0,0.0
ETH__SOM,ETH,SOM,1.0,0.0,0,0.0,0.0,1.0,,0.0,,1948,2021,1063.0,0.0
ETH__SSD,ETH,SSD,1.0,0.0,0,0.0,0.0,0.0,,0.0,,1948,2021,916.0,0.0
ETH__STP,ETH,STP,0.0,0.0,0,0.0,0.0,0.0,,0.0,,1948,2021,3677.0,0.0
ETH__SUR,ETH,SUR,0.0,0.0,0,0.0,0.0,0.0,,0.0,,1948,2021,10345.0,0.0
ETH__SWZ,ETH,SWZ,0.0,0.0,0,0.0,0.0,1.0,,0.0,,1948,2021,3996.0,0.0
ETH__SYC,ETH,SYC,0.0,0.0,0,0.0,0.0,1.0,,0.0,,1948,2021,2390.0,0.0
ETH__SYR,ETH,SYR,0.0,0.0,0,0.0,0.0,0.0,,0.0,,1948,2021,2869.5,293.0
ETH__TCD,ETH,TCD,0.0,0.0,0,0.0,0.0,0.0,,0.0,,1948,2021,2615.0,0.0
ETH__TGO,ETH,TGO,0.0,0.0,0,0.0,0.0,0.0,,0.0,,1948,2021,4153.0,0.0
ETH__THA,ETH,THA,0.0,0.0,0,0.0,0.0,0.0,,0.0,,1948,2021,6747.0,0.0
ETH__TJK,ETH,TJK,0.0,0.0,0,0.0,0.0,0.0,,0.0,,1948,2021,4437.0,0.0
ETH__TKM,ETH,TKM,0.0,0.0,0,0.0,0.0,0.0,,0.0,,1948,2021,3761.0,0.0
ETH__TLS,ETH,TLS,0.0,0.0,0,0.0,0.0,0.0,,0.0,,1948,2021,9820.0,0.0
ETH__TON,ETH,TON,0.0,0.0,0,0.0,0.0,1.0,,0.0,,1948,2021,16154.0,0.0
ETH__TTO,ETH,TTO,0.0,0.0,0,0.0,0.0,1.0,,0.0,,1948,2021,10941.0,0.0
ETH__TUN,ETH,TUN,0.0,0.0,0,0.0,0.0,0.0,,0.0,,1948,2021,4217.0,0.0
ETH__TUR,ETH,TUR,0.0,0.0,0,0.0,0.0,0.0,,0.0,,1948,2021,3674.0,0.0
ETH__TUV,ETH,TUV,0.0,0.0,0,0.0,0.0,0.0,,0.0,,1948,2021,15687.0,0.0
ETH__TWN,ETH,TWN,0.0,0.0,0,0.0,0.0,0.0,,0.0,,1948,2021,8870.0,8.0
ETH__TZA,ETH,TZA,0.0,0.0,0,0.0,0.0,1.0,,0.0,,1948,2021,1754.0,0.0
ETH__UGA,ETH,UGA,0.0,0.0,0,0.0,0.0,1.0,,0.0,,1948,2021,1181.0,0.0
ETH__URY,ETH,URY,0.0,0.0,0,0.0,0.0,0.0,,0.0,,1948,2021,11027.0,0.0
ETH__USA,ETH,USA,0.0,0.0,0,0.0,0.0,1.0,,0.0,,1948,2021,11219.0,0.0
ETH__UZB,ETH,UZB,0.0,0.0,0,0.0,0.0,0.0,,0.0,,1948,2021,4662.0,0.0
ETH__VCT,ETH,VCT,0.0,0.0,0,0.0,0.0,1.0,,0.0,,1948,2021,10857.0,0.0
ETH__VEN,ETH,VEN,0.0,0.0,0,0.0,0.0,0.0,,0.0,,1948,2021,11520.0,0.0
ETH__VNM,ETH,VNM,0.0,0.0,0,0.0,0.0,0.0,,0.0,,1948,2021,7436.0,0.0
ETH__VUT,ETH,VUT,0.0,0.0,0,0.0,0.0,1.0,,0.0,,1948,2021,14504.0,0.0
ETH__WSM,ETH,WSM,0.0,0.0,0,0.0,0.0,1.0,,0.0,,1948,2021,16666.0,0.0
ETH__YEM,ETH,YEM,0.0,0.0,0,0.0,0.0,0.0,,0.0,,1948,2021,852.0,132.0
ETH__ZAF,ETH,ZAF,0.0,0.0,0,0.0,0.0,1.0,,0.0,,1948,2021,4641.0,1150.0
ETH__ZMB,ETH,ZMB,0.0,0.0,0,0.0,0.0,1.0,,0.0,,1948,2021,2810.5,257.0
ETH__ZWE,ETH,ZWE,0.0,0.0,0,0.0,0.0,1.0,,0.0,,1948,2021,3088.0,0.0
FJI__FRA,FJI,FRA,0.0,0.0,0,0.0,0.0,0.0,,0.0,,1948,2021,16579.0,0.0
FJI__FSM,FJI,FSM,0.0,0.0,0,0.0,1.0,1.0,,0.0,,1948,2021,3556.0,0.0
FJI__GAB,FJI,GAB,0.0,0.0,0,0.0,0.0,0.0,,0.0,,1948,2021,17709.0,0.0
FJI__GBR,FJI,GBR,0.0,1.0,1,0.0,1.0,1.0,0.0,0.0,1970.0,1948,2021,16300.0,0.0
FJI__GEO,FJI,GEO,0.0,0.0,0,0.0,0.0,0.0,,0.0,,1948,2021,14919.0,0.0
FJI__GHA,FJI,GHA,0.0,0.0,0,1.0,1.0,1.0,,1.0,,1948,2021,18670.5,133.0
FJI__GIN,FJI,GIN,0.0,0.0,0,0.0,0.0,0.0,,0.0,,1948,2021,18411.0,0.0
FJI__GMB,FJI,GMB,0.0,0.0,0,1.0,1.0,1.0,,1.0,,1948,2021,18332.0,0.0
FJI__GNB,FJI,GNB,0.0,0.0,0,0.0,0.0,0.0,,0.0,,1948,2021,18369.0,0.0
FJI__GNQ,FJI,GNQ,0.0,0.0,0,0.0,0.0,0.0,,0.0,,1948,2021,17830.0,0.0
FJI__GRD,FJI,GRD,0.0,0.0,0,1.0,1.0,1.0,,1.0,,1948,2021,13555.0,0.0
FJI__GTM,FJI,GTM,0.0,0.0,0,0.0,0.0,0.0,,0.0,,1948,2021,10619.0,0.0
FJI__GUY,FJI,GUY,0.0,0.0,0,1.0,1.0,1.0,,1.0,,1948,2021,13779.0,0.0
FJI__HND,FJI,HND,0.0,0.0,0,0.0,0.0,0.0,,0.0,,1948,2021,10945.0,0.0
FJI__HTI,FJI,HTI,0.0,0.0,0,0.0,0.0,0.0,,0.0,,1948,2021,12606.0,0.0
FJI__IDN,FJI,IDN,0.0,0.0,0,0.0,0.0,0.0,,0.0,,1948,2021,7861.0,0.0
FJI__IND,FJI,IND,0.0,0.0,0,1.0,1.0,1.0,,1.0,,1948,2021,11510.5,1463.0
FJI__IRN,FJI,IRN,0.0,0.0,0,0.0,0.0,0.0,,0.0,,1948,2021,14489.0,0.0
FJI__IRQ,FJI,IRQ,0.0,0.0,0,1.0,0.0,0.0,,0.0,,1948,2021,15163.0,0.0
FJI__ISR,FJI,ISR,0.0,0.0,0,1.0,1.0,1.0,,1.0,,1948,2021,16074.0,0.0
FJI__ITA,FJI,ITA,0.0,0.0,0,0.0,0.0,0.0,,0.0,,1948,2021,17057.0,0.0
FJI__JAM,FJI,JAM,0.0,0.0,0,1.0,1.0,1.0,,1.0,,1948,2021,12133.0,0.0
FJI__JOR,FJI,JOR,0.0,0.0,0,1.0,1.0,0.0,,1.0,,1948,2021,15971.0,0.0
FJI__JPN,FJI,JPN,0.0,0.0,0,0.0,0.0,0.0,,0.0,,1948,2021,7224.0,0.0
FJI__KAZ,FJI,KAZ,0.0,0.0,0,0.0,0.0,0.0,,0.0,,1948,2021,12293.0,0.0
FJI__KEN,FJI,KEN,0.0,0.0,0,1.0,1.0,1.0,,1.0,,1948,2021,15310.0,0.0
FJI__KGZ,FJI,KGZ,0.0,0.0,0,0.0,0.0,0.0,,0.0,,1948,2021,12478.0,0.0
FJI__KHM,FJI,KHM,0.0,0.0,0,0.0,0.0,0.0,,0.0,,1948,2021,8717.0,0.0
FJI__KIR,FJI,KIR,0.0,0.0,0,1.0,1.0,1.0,,1.0,,1948,2021,2235.0,0.0
FJI__KNA,FJI,KNA,0.0,0.0,0,1.0,1.0,1.0,,1.0,,1948,2021,13576.0,0.0
FJI__KOR,FJI,KOR,0.0,0.0,0,0.0,1.0,0.0,,0.0,,1948,2021,8187.0,0.0
FJI__KWT,FJI,KWT,0.0,0.0,0,1.0,1.0,0.0,,1.0,,1948,2021,14868.0,0.0
FJI__LAO,FJI,LAO,0.0,0.0,0,0.0,0.0,0.0,,0.0,,1948,2021,9209.0,0.0
FJI__LBN,FJI,LBN,0.0,0.0,0,0.0,1.0,0.0,,0.0,,1948,2021,15957.0,0.0
FJI__LBR,FJI,LBR,0.0,0.0,0,0.0,1.0,1.0,,0.0,,1948,2021,18366.0,0.0
FJI__LBY,FJI,LBY,0.0,0.0,0,0.0,0.0,0.0,,0.0,,1948,2021,17816.0,0.0
FJI__LCA,FJI,LCA,0.0,0.0,0,1.0,1.0,1.0,,1.0,,1948,2021,13685.0,0.0
FJI__LKA,FJI,LKA,0.0,0.0,0,1.0,0.0,0.0,,1.0,,1948,2021,11160.0,0.0
FJI__LSO,FJI,LSO,0.0,0.0,0,1.0,1.0,1.0,,1.0,,1948,2021,13904.0,0.0
FJI__MAR,FJI,MAR,0.0,0.0,0,0.0,0.0,0.0,,0.0,,1948,2021,18191.0,0.0
FJI__MDG,FJI,MDG,0.0,0.0,0,0.0,0.0,0.0,,0.0,,1948,2021,13271.0,0.0
FJI__MDV,FJI,MDV,0.0,0.0,0,1.0,0.0,0.0,,1.0,,1948,2021,11739.0,0.0
FJI__MEX,FJI,MEX,0.0,0.0,0,0.0,0.0,0.0,,0.0,,1948,2021,9915.0,0.0
FJI__MHL,FJI,MHL,0.0,0.0,0,0.0,1.0,1.0,,0.0,,1948,2021,2896.0,0.0
FJI__MLI,FJI,MLI,0.0,0.0,0,0.0,0.0,0.0,,0.0,,1948,2021,19101.0,0.0
FJI__MMR,FJI,MMR,0.0,0.0,0,1.0,0.0,0.0,,1.0,,1948,2021,9805.0,0.0
FJI__MNG,FJI,MNG,0.0,0.0,0,0.0,0.0,0.0,,0.0,,1948,2021,10182.0,0.0
FJI__MOZ,FJI,MOZ,0.0,0.0,0,0.0,0.0,0.0,,0.0,,1948,2021,13899.0,8.0
FJI__MRT,FJI,MRT,0.0,0.0,0,0.0,0.0,0.0,,0.0,,1948,2021,18508.0,0.0
FJI__MUS,FJI,MUS,0.0,0.0,0,1.0,1.0,1.0,,1.0,,1948,2021,12312.0,0.0
FJI__MWI,FJI,MWI,0.0,0.0,0,1.0,1.0,1.0,,1.0,,1948,2021,14646.0,232.0
FJI__MYS,FJI,MYS,0.0,0.0,0,1.0,0.0,0.0,,1.0,,1948,2021,8582.0,294.0
FJI__NAM,FJI,NAM,0.0,0.0,0,0.0,1.0,1.0,,0.0,,1948,2021,15071.0,0.0
FJI__NER,FJI,NER,0.0,0.0,0,0.0,0.0,0.0,,0.0,,1948,2021,19369.0,0.0
FJI__NGA,FJI,NGA,0.0,0.0,0,1.0,1.0,1.0,,1.0,,1948,2021,18644.5,73.0
FJI__NIC,FJI,NIC,0.0,0.0,0,0.0,0.0,0.0,,0.0,,1948,2021,10982.0,0.0
FJI__NLD,FJI,NLD,0.0,0.0,0,0.0,0.0,0.0,,0.0,,1948,2021,16191.5,55.0
FJI__NPL,FJI,NPL,0.0,0.0,0,0.0,0.0,0.0,,0.0,,1948,2021,11229.0,0.0
FJI__NRU,FJI,NRU,0.0,0.0,0,1.0,1.0,1.0,,1.0,,1948,2021,2321.0,0.0
FJI__NZL,FJI,NZL,0.0,0.0,0,1.0,1.0,1.0,,0.0,,1948,2021,2106.0,0.0
FJI__OMN,FJI,OMN,0.0,0.0,0,0.0,0.0,0.0,,0.0,,1948,2021,13787.0,0.0
FJI__PAK,FJI,PAK,0.0,0.0,0,1.0,1.0,1.0,,1.0,,1948,2021,12951.0,0.0
FJI__PAN,FJI,PAN,0.0,0.0,0,0.0,0.0,0.0,,0.0,,1948,2021,11590.0,0.0
FJI__PER,FJI,PER,0.0,0.0,0,0.0,0.0,0.0,,0.0,,1948,2021,11099.0,0.0
FJI__PHL,FJI,PHL,0.0,0.0,0,0.0,1.0,1.0,,0.0,,1948,2021,7270.0,0.0
FJI__PLW,FJI,PLW,0.0,0.0,0,1.0,1.0,1.0,,0.0,,1948,2021,5589.5,5.0
FJI__PNG,FJI,PNG,0.0,0.0,0,1.0,1.0,1.0,,0.0,,1948,2021,3509.0,0.0
FJI__PRK,FJI,PRK,0.0,0.0,0,0.0,0.0,0.0,,0.0,,1948,2021,8372.0,0.0
FJI__PRT,FJI,PRT,0.0,0.0,0,0.0,0.0,0.0,,0.0,,1948,2021,17610.0,0.0
FJI__PRY,FJI,PRY,0.0,0.0,0,0.0,0.0,0.0,,0.0,,1948,2021,12279.0,0.0
FJI__QAT,FJI,QAT,0.0,0.0,0,1.0,0.0,0.0,,1.0,,1948,2021,14521.0,10.0
FJI__RWA,FJI,RWA,0.0,0.0,0,0.0,1.0,1.0,,0.0,,1948,2021,15911.0,0.0
FJI__SAU,FJI,SAU,0.0,0.0,0,0.0,0.0,0.0,,0.0,,1948,2021,15347.0,694.0
FJI__SDN,FJI,SDN,0.0,0.0,0,1.0,0.0,0.0,,1.0,,1948,2021,16395.0,0.0
FJI__SEN,FJI,SEN,0.0,0.0,0,0.0,0.0,0.0,,0.0,,1948,2021,18295.0,0.0
FJI__SGP,FJI,SGP,0.0,0.0,0,1.0,1.0,1.0,,1.0,,1948,2021,8435.0,0.0
FJI__SLB,FJI,SLB,0.0,0.0,0,1.0,0.0,1.0,,1.0,,1948,2021,2217.0,0.0
FJI__SLE,FJI,SLE,0.0,0.0,0,1.0,1.0,1.0,,1.0,,1948,2021,18368.0,0.0
FJI__SLV,FJI,SLV,0.0,0.0,0,0.0,0.0,0.0,,0.0,,1948,2021,10727.0,0.0
FJI__SOM,FJI,SOM,0.0,0.0,0,1.0,0.0,1.0,,1.0,,1948,2021,14614.0,0.0
FJI__SSD,FJI,SSD,0.0,0.0,0,0.0,0.0,0.0,,1.0,,1948,2021,16139.0,0.0
FJI__STP,FJI,STP,0.0,0.0,0,0.0,0.0,0.0,,0.0,,1948,2021,17841.0,0.0
FJI__SUR,FJI,SUR,0.0,0.0,0,0.0,0.0,0.0,,0.0,,1948,2021,14062.0,0.0
FJI__SWZ,FJI,SWZ,0.0,0.0,0,1.0,0.0,1.0,,1.0,,1948,2021,13957.0,0.0
FJI__SYC,FJI,SYC,0.0,0.0,0,1.0,1.0,1.0,,1.0,,1948,2021,13290.0,0.0
FJI__SYR,FJI,SYR,0.0,0.0,0,0.0,0.0,0.0,,0.0,,1948,2021,15815.5,159.0
FJI__TCD,FJI,TCD,0.0,0.0,0,0.0,0.0,0.0,,0.0,,1948,2021,18127.0,0.0
FJI__TGO,FJI,TGO,0.0,0.0,0,0.0,0.0,0.0,,0.0,,1948,2021,18644.0,0.0
FJI__THA,FJI,THA,0.0,0.0,0,0.0,0.0,0.0,,0.0,,1948,2021,9247.0,0.0
FJI__TJK,FJI,TJK,0.0,0.0,0,0.0,0.0,0.0,,0.0,,1948,2021,12939.0,0.0
FJI__TKM,FJI,TKM,0.0,0.0,0,0.0,0.0,0.0,,0.0,,1948,2021,13849.0,0.0
FJI__TLS,FJI,TLS,0.0,0.0,0,0.0,0.0,0.0,,0.0,,1948,2021,5806.0,0.0
FJI__TON,FJI,TON,0.0,0.0,0,1.0,0.0,1.0,,1.0,,1948,2021,744.0,0.0
FJI__TTO,FJI,TTO,0.0,0.0,0,1.0,1.0,1.0,,1.0,,1948,2021,13541.0,0.0
FJI__TUN,FJI,TUN,0.0,0.0,0,0.0,0.0,0.0,,0.0,,1948,2021,17643.0,0.0
FJI__TUR,FJI,TUR,0.0,0.0,0,0.0,0.0,0.0,,0.0,,1948,2021,16160.0,0.0
FJI__TUV,FJI,TUV,0.0,0.0,0,1.0,0.0,0.0,,1.0,,1948,2021,1068.0,0.0
FJI__TWN,FJI,TWN,0.0,0.0,0,0.0,0.0,0.0,,0.0,,1948,2021,7802.0,6.0
FJI__TZA,FJI,TZA,0.0,0.0,0,1.0,0.0,1.0,,1.0,,1948,2021,14761.0,0.0
FJI__UGA,FJI,UGA,0.0,0.0,0,1.0,1.0,1.0,,1.0,,1948,2021,15807.0,0.0
FJI__URY,FJI,URY,0.0,0.0,0,0.0,0.0,0.0,,0.0,,1948,2021,11793.0,0.0
FJI__USA,FJI,USA,0.0,0.0,0,1.0,1.0,1.0,,0.0,,1948,2021,12770.0,0.0
FJI__UZB,FJI,UZB,0.0,0.0,0,0.0,0.0,0.0,,0.0,,1948,2021,12913.0,0.0
FJI__VCT,FJI,VCT,0.0,0.0,0,1.0,1.0,1.0,,1.0,,1948,2021,13639.0,0.0
FJI__VEN,FJI,VEN,0.0,0.0,0,0.0,0.0,0.0,,0.0,,1948,2021,12969.0,0.0
FJI__VNM,FJI,VNM,0.0,0.0,0,0.0,0.0,0.0,,0.0,,1948,2021,8506.0,0.0
FJI__VUT,FJI,VUT,0.0,0.0,0,1.0,1.0,1.0,,1.0,,1948,2021,1073.0,0.0
FJI__WSM,FJI,WSM,0.0,0.0,0,0.0,1.0,1.0,,0.0,,1948,2021,1151.0,0.0
FJI__YEM,FJI,YEM,0.0,0.0,0,1.0,0.0,0.0,,1.0,,1948,2021,15217.0,122.0
FJI__ZAF,FJI,ZAF,0.0,0.0,0,1.0,1.0,1.0,,0.0,,1948,2021,14011.5,287.0
FJI__ZMB,FJI,ZMB,0.0,0.0,0,1.0,1.0,1.0,,1.0,,1948,2021,15178.0,216.0
FJI__ZWE,FJI,ZWE,0.0,0.0,0,1.0,1.0,1.0,,1.0,,1948,2021,14673.0,0.0
FRA__FSM,FRA,FSM,0.0,0.0,0,0.0,0.0,0.0,,0.0,,1948,2021,13394.0,0.0
FRA__GAB,FRA,GAB,0.0,1.0,1,0.0,1.0,1.0,0.0,0.0,1960.0,1948,2021,5413.0,0.0
FRA__GBR,FRA,GBR,0.0,0.0,0,0.0,0.0,0.0,,0.0,,1948,2021,344.0,0.0
FRA__GEO,FRA,GEO,0.0,0.0,0,0.0,0.0,0.0,,0.0,,1948,2021,3380.0,0.0
FRA__GHA,FRA,GHA,0.0,0.0,0,0.0,0.0,0.0,,0.0,,1948,2021,4747.0,116.0
FRA__GIN,FRA,GIN,0.0,1.0,1,0.0,1.0,1.0,0.0,0.0,1958.0,1948,2021,4603.0,0.0
FRA__GMB,FRA,GMB,0.0,0.0,0,0.0,0.0,0.0,,0.0,,1948,2021,4298.0,0.0
FRA__GNB,FRA,GNB,0.0,0.0,0,0.0,0.0,0.0,,0.0,,1948,2021,4425.0,0.0
FRA__GNQ,FRA,GNQ,0.0,0.0,0,0.0,0.0,1.0,,0.0,,1948,2021,5255.0,0.0
FRA__GRD,FRA,GRD,0.0,0.0,0,0.0,0.0,0.0,,0.0,,1948,2021,7119.0,0.0
FRA__GTM,FRA,GTM,0.0,0.0,0,0.0,0.0,0.0,,0.0,,1948,2021,9007.0,0.0
FRA__GUY,FRA,GUY,0.0,0.0,0,0.0,0.0,0.0,,0.0,,1948,2021,7308.0,0.0
FRA__HND,FRA,HND,0.0,0.0,0,0.0,0.0,0.0,,0.0,,1948,2021,8811.0,0.0
FRA__HTI,FRA,HTI,0.0,0.0,1,0.0,0.0,1.0,1.0,0.0,1804.0,1948,2021,7365.0,0.0
FRA__IDN,FRA,IDN,0.0,0.0,0,0.0,0.0,0.0,,0.0,,1948,2021,11587.0,0.0
FRA__IND,FRA,IND,0.0,0.0,0,0.0,0.0,0.0,,0.0,,1948,2021,7234.0,1276.0
FRA__IRN,FRA,IRN,0.0,0.0,0,0.0,0.0,0.0,,0.0,,1948,2021,4220.0,0.0
FRA__IRQ,FRA,IRQ,0.0,0.0,0,0.0,0.0,0.0,,0.0,,1948,2021,3867.0,0.0
FRA__ISR,FRA,ISR,0.0,0.0,0,0.0,1.0,0.0,,0.0,,1948,2021,3282.0,0.0
FRA__ITA,FRA,ITA,1.0,0.0,0,0.0,0.0,0.0,,0.0,,1948,2021,1106.0,0.0
FRA__JAM,FRA,JAM,0.0,0.0,0,0.0,0.0,0.0,,0.0,,1948,2021,7735.0,0.0
FRA__JOR,FRA,JOR,0.0,0.0,0,0.0,0.0,0.0,,0.0,,1948,2021,3371.0,0.0
FRA__JPN,FRA,JPN,0.0,0.0,0,0.0,0.0,0.0,,0.0,,1948,2021,9736.0,0.0
FRA__KAZ,FRA,KAZ,0.0,0.0,0,0.0,0.0,0.0,,0.0,,1948,2021,5569.0,0.0
FRA__KEN,FRA,KEN,0.0,0.0,0,0.0,0.0,0.0,,0.0,,1948,2021,6469.0,0.0
FRA__KGZ,FRA,KGZ,0.0,0.0,0,0.0,0.0,0.0,,0.0,,1948,2021,5435.0,0.0
FRA__KHM,FRA,KHM,0.0,1.0,1,0.0,0.0,0.0,0.0,0.0,1953.0,1948,2021,9950.0,0.0
FRA__KIR,FRA,KIR,0.0,0.0,0,0.0,0.0,0.0,,0.0,,1948,2021,14372.0,0.0
FRA__KNA,FRA,KNA,0.0,0.0,0,0.0,0.0,0.0,,0.0,,1948,2021,6761.0,0.0
FRA__KOR,FRA,KOR,0.0,0.0,0,0.0,0.0,0.0,,0.0,,1948,2021,8989.0,0.0
FRA__KWT,FRA,KWT,0.0,0.0,0,0.0,0.0,0.0,,0.0,,1948,2021,4412.0,0.0
FRA__LAO,FRA,LAO,0.0,1.0,1,0.0,0.0,0.0,0.0,0.0,1949.0,1948,2021,9249.0,0.0
FRA__LBN,FRA,LBN,0.0,0.0,1,0.0,1.0,1.0,0.0,0.0,1943.0,1948,2021,3194.0,0.0
FRA__LBR,FRA,LBR,0.0,0.0,1,0.0,0.0,0.0,,0.0,1941.0,1948,2021,4877.0,0.0
FRA__LBY,FRA,LBY,0.0,0.0,0,0.0,0.0,0.0,,0.0,,1948,2021,1991.0,0.0
FRA__LCA,FRA,LCA,0.0,0.0,0,0.0,0.0,0.0,,0.0,,1948,2021,6903.0,0.0
FRA__LKA,FRA,LKA,0.0,0.0,0,0.0,0.0,0.0,,0.0,,1948,2021,8517.0,0.0
FRA__LSO,FRA,LSO,0.0,0.0,0,0.0,0.0,0.0,,0.0,,1948,2021,9012.0,0.0
FRA__MAR,FRA,MAR,0.0,1.0,0,0.0,1.0,1.0,,0.0,,1948,2021,1886.0,0.0
FRA__MDG,FRA,MDG,0.0,1.0,0,0.0,1.0,1.0,,0.0,,1948,2021,8738.0,0.0
FRA__MDV,FRA,MDV,0.0,0.0,0,0.0,0.0,0.0,,0.0,,1948,2021,8287.0,0.0
FRA__MEX,FRA,MEX,0.0,0.0,0,0.0,0.0,0.0,,0.0,,1948,2021,9211.0,0.0
FRA__MHL,FRA,MHL,0.0,0.0,0,0.0,0.0,0.0,,0.0,,1948,2021,13715.0,0.0
FRA__MLI,FRA,MLI,0.0,1.0,1,0.0,0.0,1.0,0.0,0.0,1960.0,1948,2021,4126.0,0.0
FRA__MMR,FRA,MMR,0.0,0.0,0,0.0,0.0,0.0,,0.0,,1948,2021,8893.0,0.0
FRA__MNG,FRA,MNG,0.0,0.0,0,0.0,0.0,0.0,,0.0,,1948,2021,7068.0,0.0
FRA__MOZ,FRA,MOZ,0.0,0.0,0,0.0,0.0,0.0,,0.0,,1948,2021,8813.5,5.0
FRA__MRT,FRA,MRT,0.0,1.0,1,0.0,0.0,0.0,0.0,0.0,1960.0,1948,2021,3792.0,0.0
FRA__MUS,FRA,MUS,0.0,0.0,1,0.0,1.0,1.0,0.0,0.0,1810.0,1948,2021,9392.0,0.0
FRA__MWI,FRA,MWI,0.0,0.0,0,0.0,0.0,0.0,,0.0,,1948,2021,7735.5,235.0
FRA__MYS,FRA,MYS,0.0,0.0,0,0.0,0.0,0.0,,0.0,,1948,2021,10586.0,312.0
FRA__NAM,FRA,NAM,0.0,0.0,0,0.0,0.0,0.0,,0.0,,1948,2021,8044.0,0.0
FRA__NER,FRA,NER,0.0,1.0,1,0.0,1.0,1.0,0.0,0.0,1960.0,1948,2021,3919.0,0.0
FRA__NGA,FRA,NGA,0.0,0.0,0,0.0,0.0,0.0,,0.0,,1948,2021,4650.0,102.0
FRA__NIC,FRA,NIC,0.0,0.0,0,0.0,0.0,0.0,,0.0,,1948,2021,8902.0,0.0
FRA__NLD,FRA,NLD,0.0,0.0,0,0.0,0.0,0.0,,0.0,,1948,2021,402.0,58.0
FRA__NPL,FRA,NPL,0.0,0.0,0,0.0,0.0,0.0,,0.0,,1948,2021,7251.0,0.0
FRA__NRU,FRA,NRU,0.0,0.0,0,0.0,0.0,0.0,,0.0,,1948,2021,14450.0,0.0
FRA__NZL,FRA,NZL,0.0,0.0,0,0.0,0.0,0.0,,0.0,,1948,2021,18540.0,0.0
FRA__OMN,FRA,OMN,0.0,0.0,0,0.0,0.0,0.0,,0.0,,1948,2021,5617.0,0.0
FRA__PAK,FRA,PAK,0.0,0.0,0,0.0,0.0,0.0,,0.0,,1948,2021,6138.0,0.0
FRA__PAN,FRA,PAN,0.0,0.0,0,0.0,0.0,0.0,,0.0,,1948,2021,8667.0,0.0
FRA__PER,FRA,PER,0.0,0.0,0,0.0,0.0,0.0,,0.0,,1948,2021,10245.0,0.0
FRA__PHL,FRA,PHL,0.0,0.0,0,0.0,0.0,0.0,,0.0,,1948,2021,10758.0,0.0
FRA__PLW,FRA,PLW,0.0,0.0,0,0.0,0.0,0.0,,0.0,,1948,2021,12236.5,7.0
FRA__PNG,FRA,PNG,0.0,0.0,0,0.0,0.0,0.0,,0.0,,1948,2021,14554.0,0.0
FRA__PRK,FRA,PRK,0.0,0.0,0,0.0,0.0,0.0,,0.0,,1948,2021,8794.0,0.0
FRA__PRT,FRA,PRT,0.0,0.0,0,0.0,0.0,0.0,,0.0,,1948,2021,1454.0,0.0
FRA__PRY,FRA,PRY,0.0,0.0,0,0.0,0.0,0.0,,0.0,,1948,2021,10141.0,0.0
FRA__QAT,FRA,QAT,0.0,0.0,0,0.0,0.0,0.0,,0.0,,1948,2021,4974.5,9.0
FRA__RWA,FRA,RWA,0.0,0.0,0,0.0,1.0,1.0,,0.0,,1948,2021,6231.0,0.0
FRA__SAU,FRA,SAU,0.0,0.0,0,0.0,0.0,0.0,,0.0,,1948,2021,4591.5,189.0
FRA__SDN,FRA,SDN,0.0,0.0,0,0.0,0.0,0.0,,0.0,,1948,2021,4602.0,0.0
FRA__SEN,FRA,SEN,0.0,1.0,1,0.0,1.0,1.0,,0.0,1960.0,1948,2021,4198.0,0.0
FRA__SGP,FRA,SGP,0.0,0.0,0,0.0,0.0,0.0,,0.0,,1948,2021,10742.0,0.0
FRA__SLB,FRA,SLB,0.0,0.0,0,0.0,0.0,0.0,,0.0,,1948,2021,15164.0,0.0
FRA__SLE,FRA,SLE,0.0,0.0,0,0.0,0.0,0.0,,0.0,,1948,2021,4707.0,0.0
FRA__SLV,FRA,SLV,0.0,0.0,0,0.0,0.0,0.0,,0.0,,1948,2021,8986.0,0.0
FRA__SOM,FRA,SOM,0.0,0.0,0,0.0,0.0,0.0,,0.0,,1948,2021,6605.0,0.0
FRA__SSD,FRA,SSD,0.0,0.0,0,0.0,0.0,0.0,,0.0,,1948,2021,5606.0,0.0
FRA__STP,FRA,STP,0.0,0.0,0,0.0,0.0,0.0,,0.0,,1948,2021,5393.0,0.0
FRA__SUR,FRA,SUR,0.0,0.0,0,0.0,0.0,0.0,,0.0,,1948,2021,7183.0,0.0
FRA__SWZ,FRA,SWZ,0.0,0.0,0,0.0,0.0,0.0,,0.0,,1948,2021,8805.0,0.0
FRA__SYC,FRA,SYC,0.0,0.0,1,0.0,1.0,1.0,,0.0,1814.0,1948,2021,7833.0,0.0
FRA__SYR,FRA,SYR,0.0,1.0,1,0.0,0.0,0.0,1.0,0.0,1946.0,1948,2021,3214.5,131.0
FRA__TCD,FRA,TCD,0.0,1.0,1,0.0,0.0,1.0,0.0,0.0,1960.0,1948,2021,4240.0,0.0
FRA__TGO,FRA,TGO,0.0,1.0,1,0.0,1.0,1.0,0.0,0.0,1960.0,1948,2021,4736.0,0.0
FRA__THA,FRA,THA,0.0,0.0,0,0.0,0.0,0.0,,0.0,,1948,2021,9459.0,0.0
FRA__TJK,FRA,TJK,0.0,0.0,0,0.0,0.0,0.0,,0.0,,1948,2021,5301.0,0.0
FRA__TKM,FRA,TKM,0.0,0.0,0,0.0,0.0,0.0,,0.0,,1948,2021,4587.0,0.0
FRA__TLS,FRA,TLS,0.0,0.0,0,0.0,0.0,0.0,,0.0,,1948,2021,13117.0,0.0
FRA__TON,FRA,TON,0.0,0.0,0,0.0,0.0,0.0,,0.0,,1948,2021,16922.0,0.0
FRA__TTO,FRA,TTO,0.0,0.0,0,0.0,0.0,0.0,,0.0,,1948,2021,7218.0,0.0
FRA__TUN,FRA,TUN,0.0,1.0,1,0.0,0.0,1.0,0.0,0.0,1956.0,1948,2021,1480.0,0.0
FRA__TUR,FRA,TUR,0.0,0.0,0,0.0,0.0,0.0,,0.0,,1948,2021,2259.0,0.0
FRA__TUV,FRA,TUV,0.0,0.0,0,0.0,0.0,0.0,,0.0,,1948,2021,15523.0,0.0
FRA__TWN,FRA,TWN,0.0,0.0,0,0.0,0.0,0.0,,0.0,,1948,2021,9847.0,2.0
FRA__TZA,FRA,TZA,0.0,0.0,0,0.0,0.0,0.0,,0.0,,1948,2021,7139.0,0.0
FRA__UGA,FRA,UGA,0.0,0.0,0,0.0,0.0,0.0,,0.0,,1948,2021,6109.0,0.0
FRA__URY,FRA,URY,0.0,0.0,0,0.0,0.0,0.0,,0.0,,1948,2021,10929.0,0.0
FRA__USA,FRA,USA,0.0,0.0,1,0.0,0.0,0.0,,0.0,1803.0,1948,2021,5852.0,0.0
FRA__UZB,FRA,UZB,0.0,0.0,0,0.0,0.0,0.0,,0.0,,1948,2021,5162.0,0.0
FRA__VCT,FRA,VCT,0.0,0.0,0,0.0,0.0,0.0,,0.0,,1948,2021,6990.0,0.0
FRA__VEN,FRA,VEN,0.0,0.0,0,0.0,0.0,0.0,,0.0,,1948,2021,7620.0,0.0
FRA__VNM,FRA,VNM,0.0,1.0,1,0.0,0.0,0.0,1.0,0.0,1954.0,1948,2021,10142.0,0.0
FRA__VUT,FRA,VUT,0.0,1.0,1,0.0,1.0,1.0,0.0,0.0,1980.0,1948,2021,16329.0,0.0
FRA__WSM,FRA,WSM,0.0,0.0,0,0.0,0.0,0.0,,0.0,,1948,2021,16083.0,0.0
FRA__YEM,FRA,YEM,0.0,0.0,0,0.0,0.0,0.0,,0.0,,1948,2021,5297.0,30.0
FRA__ZAF,FRA,ZAF,0.0,0.0,0,0.0,0.0,0.0,,0.0,,1948,2021,9002.0,610.0
FRA__ZMB,FRA,ZMB,0.0,0.0,0,0.0,0.0,0.0,,0.0,,1948,2021,7428.0,276.0
FRA__ZWE,FRA,ZWE,0.0,0.0,0,0.0,0.0,0.0,,0.0,,1948,2021,7914.0,0.0
FSM__GAB,FSM,GAB,0.0,0.0,0,0.0,0.0,0.0,,0.0,,1948,2021,16467.0,0.0
FSM__GBR,FSM,GBR,0.0,0.0,0,0.0,1.0,1.0,,0.0,,1948,2021,13207.0,0.0
FSM__GEO,FSM,GEO,0.0,0.0,0,0.0,0.0,0.0,,0.0,,1948,2021,11389.0,0.0
FSM__GHA,FSM,GHA,0.0,0.0,0,0.0,1.0,1.0,,0.0,,1948,2021,17290.5,67.0
FSM__GIN,FSM,GIN,0.0,0.0,0,0.0,0.0,0.0,,0.0,,1948,2021,17973.0,0.0
FSM__GMB,FSM,GMB,0.0,0.0,0,0.0,1.0,1.0,,0.0,,1948,2021,17682.0,0.0
FSM__GNB,FSM,GNB,0.0,0.0,0,0.0,0.0,0.0,,0.0,,1948,2021,17818.0,0.0
FSM__GNQ,FSM,GNQ,0.0,0.0,0,1.0,0.0,0.0,,0.0,,1948,2021,16392.0,0.0
FSM__GRD,FSM,GRD,0.0,0.0,0,0.0,1.0,1.0,,0.0,,1948,2021,15141.0,0.0
FSM__GTM,FSM,GTM,0.0,0.0,0,1.0,0.0,0.0,,0.0,,1948,2021,12088.0,0.0
FSM__GUY,FSM,GUY,0.0,0.0,0,0.0,1.0,1.0,,0.0,,1948,2021,15724.0,0.0
FSM__HND,FSM,HND,0.0,0.0,0,1.0,0.0,0.0,,0.0,,1948,2021,12451.0,0.0
FSM__HTI,FSM,HTI,0.0,0.0,0,0.0,0.0,0.0,,0.0,,1948,2021,13814.0,0.0
FSM__IDN,FSM,IDN,0.0,0.0,0,0.0,0.0,0.0,,0.0,,1948,2021,5882.0,0.0
FSM__IND,FSM,IND,0.0,0.0,0,0.0,1.0,1.0,,0.0,,1948,2021,8462.5,1623.0
FSM__IRN,FSM,IRN,0.0,0.0,0,0.0,0.0,0.0,,0.0,,1948,2021,11055.0,0.0
FSM__IRQ,FSM,IRQ,0.0,0.0,0,0.0,0.0,0.0,,0.0,,1948,2021,11749.0,0.0
FSM__ISR,FSM,ISR,0.0,0.0,0,0.0,1.0,1.0,,0.0,,1948,2021,12635.0,0.0
FSM__ITA,FSM,ITA,0.0,0.0,0,0.0,0.0,0.0,,0.0,,1948,2021,13579.0,0.0
FSM__JAM,FSM,JAM,0.0,0.0,0,0.0,1.0,1.0,,0.0,,1948,2021,13395.0,0.0
FSM__JOR,FSM,JOR,0.0,0.0,0,0.0,1.0,0.0,,0.0,,1948,2021,12541.0,0.0
FSM__JPN,FSM,JPN,0.0,0.0,1,0.0,0.0,0.0,,0.0,1944.0,1948,2021,3702.0,0.0
FSM__KAZ,FSM,KAZ,0.0,0.0,0,0.0,0.0,0.0,,0.0,,1948,2021,8778.0,0.0
FSM__KEN,FSM,KEN,0.0,0.0,0,0.0,1.0,1.0,,0.0,,1948,2021,13498.0,0.0
FSM__KGZ,FSM,KGZ,0.0,0.0,0,0.0,0.0,0.0,,0.0,,1948,2021,8968.0,0.0
FSM__KHM,FSM,KHM,0.0,0.0,0,0.0,0.0,0.0,,0.0,,1948,2021,5865.0,0.0
FSM__KIR,FSM,KIR,0.0,0.0,0,0.0,1.0,1.0,,0.0,,1948,2021,1757.0,0.0
FSM__KNA,FSM,KNA,0.0,0.0,0,0.0,1.0,1.0,,0.0,,1948,2021,14794.0,0.0
FSM__KOR,FSM,KOR,0.0,0.0,0,1.0,1.0,0.0,,0.0,,1948,2021,4631.0,0.0
FSM__KWT,FSM,KWT,0.0,0.0,0,0.0,1.0,0.0,,0.0,,1948,2021,11561.0,0.0
FSM__LAO,FSM,LAO,0.0,0.0,0,0.0,0.0,0.0,,0.0,,1948,2021,6140.0,0.0
FSM__LBN,FSM,LBN,0.0,0.0,0,0.0,1.0,0.0,,0.0,,1948,2021,12489.0,0.0
FSM__LBR,FSM,LBR,0.0,0.0,0,0.0,1.0,1.0,,0.0,,1948,2021,18109.0,0.0
FSM__LBY,FSM,LBY,0.0,0.0,0,0.0,0.0,0.0,,0.0,,1948,2021,14261.0,0.0
FSM__LCA,FSM,LCA,0.0,0.0,0,0.0,1.0,1.0,,0.0,,1948,2021,15125.0,0.0
FSM__LKA,FSM,LKA,0.0,0.0,0,0.0,0.0,0.0,,0.0,,1948,2021,8642.0,0.0
FSM__LSO,FSM,LSO,0.0,0.0,0,0.0,1.0,1.0,,0.0,,1948,2021,14304.0,0.0
FSM__MAR,FSM,MAR,0.0,0.0,0,0.0,0.0,0.0,,0.0,,1948,2021,15279.0,0.0
FSM__MDG,FSM,MDG,0.0,0.0,0,0.0,0.0,0.0,,0.0,,1948,2021,12431.0,0.0
FSM__MDV,FSM,MDV,0.0,0.0,0,0.0,0.0,0.0,,0.0,,1948,2021,9373.0,0.0
FSM__MEX,FSM,MEX,0.0,0.0,0,1.0,0.0,0.0,,0.0,,1948,2021,11081.0,0.0
FSM__MHL,FSM,MHL,0.0,0.0,0,1.0,1.0,1.0,,0.0,,1948,2021,1461.0,0.0
FSM__MLI,FSM,MLI,0.0,0.0,0,0.0,0.0,0.0,,0.0,,1948,2021,17364.0,0.0
FSM__MMR,FSM,MMR,0.0,0.0,0,0.0,0.0,0.0,,0.0,,1948,2021,6819.0,0.0
FSM__MNG,FSM,MNG,0.0,0.0,0,0.0,0.0,0.0,,0.0,,1948,2021,6626.0,0.0
FSM__MOZ,FSM,MOZ,0.0,0.0,0,0.0,0.0,0.0,,0.0,,1948,2021,13903.5,13.0
FSM__MRT,FSM,MRT,0.0,0.0,0,0.0,0.0,0.0,,0.0,,1948,2021,17166.0,0.0
FSM__MUS,FSM,MUS,0.0,0.0,0,0.0,1.0,1.0,,0.0,,1948,2021,11390.0,0.0
FSM__MWI,FSM,MWI,0.0,0.0,0,0.0,1.0,1.0,,0.0,,1948,2021,13839.0,138.0
FSM__MYS,FSM,MYS,0.0,0.0,0,0.0,0.0,0.0,,0.0,,1948,2021,6166.0,214.0
FSM__NAM,FSM,NAM,0.0,0.0,0,1.0,1.0,1.0,,0.0,,1948,2021,15515.0,0.0
FSM__NER,FSM,NER,0.0,0.0,0,0.0,0.0,0.0,,0.0,,1948,2021,16542.0,0.0
FSM__NGA,FSM,NGA,0.0,0.0,0,0.0,1.0,1.0,,0.0,,1948,2021,16812.0,98.0
FSM__NIC,FSM,NIC,0.0,0.0,0,1.0,0.0,0.0,,0.0,,1948,2021,12602.0,0.0
FSM__NLD,FSM,NLD,0.0,0.0,0,0.0,0.0,0.0,,0.0,,1948,2021,12993.0,58.0
FSM__NPL,FSM,NPL,0.0,0.0,0,0.0,0.0,0.0,,0.0,,1948,2021,7971.0,0.0
FSM__NRU,FSM,NRU,0.0,0.0,0,1.0,1.0,1.0,,0.0,,1948,2021,1274.0,0.0
FSM__NZL,FSM,NZL,0.0,0.0,0,0.0,1.0,1.0,,0.0,,1948,2021,5147.0,0.0
FSM__OMN,FSM,OMN,0.0,0.0,0,0.0,0.0,0.0,,0.0,,1948,2021,10677.0,0.0
FSM__PAK,FSM,PAK,0.0,0.0,0,0.0,1.0,1.0,,0.0,,1948,2021,9803.0,0.0
FSM__PAN,FSM,PAN,0.0,0.0,0,1.0,0.0,0.0,,0.0,,1948,2021,13399.0,0.0
FSM__PER,FSM,PER,0.0,0.0,0,1.0,0.0,0.0,,0.0,,1948,2021,13959.0,0.0
FSM__PHL,FSM,PHL,0.0,0.0,0,1.0,1.0,1.0,,1.0,,1948,2021,4148.0,0.0
FSM__PLW,FSM,PLW,0.0,0.0,0,1.0,1.0,1.0,,1.0,,1948,2021,2608.0,16.0
FSM__PNG,FSM,PNG,0.0,0.0,0,1.0,1.0,1.0,,0.0,,1948,2021,2181.0,0.0
FSM__PRK,FSM,PRK,0.0,0.0,0,1.0,0.0,0.0,,0.0,,1948,2021,4816.0,0.0
FSM__PRT,FSM,PRT,0.0,0.0,0,0.0,0.0,0.0,,0.0,,1948,2021,14786.0,0.0
FSM__PRY,FSM,PRY,0.0,0.0,0,1.0,0.0,0.0,,0.0,,1948,2021,15714.0,0.0
FSM__QAT,FSM,QAT,0.0,0.0,0,0.0,0.0,0.0,,0.0,,1948,2021,11344.5,9.0
FSM__RWA,FSM,RWA,0.0,0.0,0,1.0,1.0,1.0,,0.0,,1948,2021,14254.0,0.0
FSM__SAU,FSM,SAU,0.0,0.0,0,0.0,0.0,0.0,,0.0,,1948,2021,12217.0,782.0
FSM__SDN,FSM,SDN,0.0,0.0,0,0.0,0.0,0.0,,0.0,,1948,2021,13543.0,0.0
FSM__SEN,FSM,SEN,0.0,0.0,0,0.0,0.0,0.0,,0.0,,1948,2021,17566.0,0.0
FSM__SGP,FSM,SGP,0.0,0.0,0,0.0,1.0,1.0,,0.0,,1948,2021,6059.0,0.0
FSM__SLB,FSM,SLB,0.0,0.0,0,0.0,0.0,1.0,,0.0,,1948,2021,1819.0,0.0
FSM__SLE,FSM,SLE,0.0,0.0,0,0.0,1.0,1.0,,0.0,,1948,2021,18059.0,0.0
FSM__SLV,FSM,SLV,0.0,0.0,0,1.0,0.0,0.0,,0.0,,1948,2021,12252.0,0.0
FSM__SOM,FSM,SOM,0.0,0.0,0,0.0,0.0,1.0,,0.0,,1948,2021,12508.0,0.0
FSM__SSD,FSM,SSD,0.0,0.0,0,0.0,0.0,0.0,,0.0,,1948,2021,13959.0,0.0
FSM__STP,FSM,STP,0.0,0.0,0,0.0,0.0,0.0,,0.0,,1948,2021,16763.0,0.0
FSM__SUR,FSM,SUR,0.0,0.0,0,0.0,0.0,0.0,,0.0,,1948,2021,16070.0,0.0
FSM__SWZ,FSM,SWZ,0.0,0.0,0,0.0,0.0,1.0,,0.0,,1948,2021,14033.0,0.0
FSM__SYC,FSM,SYC,0.0,0.0,0,0.0,1.0,1.0,,0.0,,1948,2021,11481.0,0.0
FSM__SYR,FSM,SYR,0.0,0.0,0,0.0,0.0,0.0,,0.0,,1948,2021,12339.0,198.0
FSM__TCD,FSM,TCD,0.0,0.0,0,0.0,0.0,0.0,,0.0,,1948,2021,15437.0,0.0
FSM__TGO,FSM,TGO,0.0,0.0,0,0.0,0.0,0.0,,0.0,,1948,2021,17090.0,0.0
FSM__THA,FSM,THA,0.0,0.0,0,0.0,0.0,0.0,,0.0,,1948,2021,6344.0,0.0
FSM__TJK,FSM,TJK,0.0,0.0,0,0.0,0.0,0.0,,0.0,,1948,2021,9483.0,0.0
FSM__TKM,FSM,TKM,0.0,0.0,0,0.0,0.0,0.0,,0.0,,1948,2021,10393.0,0.0
FSM__TLS,FSM,TLS,0.0,0.0,0,0.0,0.0,0.0,,0.0,,1948,2021,4001.0,0.0
FSM__TON,FSM,TON,0.0,0.0,0,0.0,0.0,1.0,,0.0,,1948,2021,4255.0,0.0
FSM__TTO,FSM,TTO,0.0,0.0,0,0.0,1.0,1.0,,0.0,,1948,2021,15224.0,0.0
FSM__TUN,FSM,TUN,0.0,0.0,0,0.0,0.0,0.0,,0.0,,1948,2021,14135.0,0.0
FSM__TUR,FSM,TUR,0.0,0.0,0,0.0,0.0,0.0,,0.0,,1948,2021,12604.0,0.0
FSM__TUV,FSM,TUV,0.0,0.0,0,0.0,0.0,0.0,,0.0,,1948,2021,2892.0,0.0
FSM__TWN,FSM,TWN,0.0,0.0,0,1.0,0.0,0.0,,0.0,,1948,2021,4383.0,6.0
FSM__TZA,FSM,TZA,0.0,0.0,0,0.0,0.0,1.0,,0.0,,1948,2021,13288.0,0.0
FSM__UGA,FSM,UGA,0.0,0.0,0,0.0,1.0,1.0,,0.0,,1948,2021,13941.0,0.0
FSM__URY,FSM,URY,0.0,0.0,0,1.0,0.0,0.0,,0.0,,1948,2021,15340.0,0.0
FSM__USA,FSM,USA,0.0,1.0,1,1.0,1.0,1.0,0.0,0.0,1986.0,1948,2021,12525.0,0.0
FSM__UZB,FSM,UZB,0.0,0.0,0,0.0,0.0,0.0,,0.0,,1948,2021,9420.0,0.0
FSM__VCT,FSM,VCT,0.0,0.0,0,0.0,1.0,1.0,,0.0,,1948,2021,15142.0,0.0
FSM__VEN,FSM,VEN,0.0,0.0,0,1.0,0.0,0.0,,0.0,,1948,2021,14683.0,0.0
FSM__VNM,FSM,VNM,0.0,0.0,0,0.0,0.0,0.0,,0.0,,1948,2021,5674.0,0.0
FSM__VUT,FSM,VUT,0.0,0.0,0,0.0,1.0,1.0,,0.0,,1948,2021,2947.0,0.0
FSM__WSM,FSM,WSM,0.0,0.0,0,1.0,1.0,1.0,,0.0,,1948,2021,4039.0,0.0
FSM__YEM,FSM,YEM,0.0,0.0,0,0.0,0.0,0.0,,0.0,,1948,2021,12419.0,146.0
FSM__ZAF,FSM,ZAF,0.0,0.0,0,0.0,1.0,1.0,,0.0,,1948,2021,14628.5,583.0
FSM__ZMB,FSM,ZMB,0.0,0.0,0,0.0,1.0,1.0,,0.0,,1948,2021,14505.0,24.0
FSM__ZWE,FSM,ZWE,0.0,0.0,0,0.0,1.0,1.0,,0.0,,1948,2021,14176.0,0.0
GAB__GBR,GAB,GBR,0.0,0.0,0,0.0,0.0,0.0,,0.0,,1948,2021,5736.0,0.0
GAB__GEO,GAB,GEO,0.0,0.0,0,0.0,0.0,0.0,,0.0,,1948,2021,5790.0,0.0
GAB__GHA,GAB,GHA,0.0,0.0,0,0.0,0.0,0.0,,0.0,,1948,2021,1314.5,199.0
GAB__GIN,GAB,GIN,0.0,0.0,0,1.0,1.0,1.0,,1.0,,1948,2021,2753.0,0.0
GAB__GMB,GAB,GMB,0.0,0.0,0,0.0,0.0,0.0,,0.0,,1948,2021,3223.0,0.0
GAB__GNB,GAB,GNB,0.0,0.0,0,0.0,0.0,0.0,,0.0,,1948,2021,3045.0,0.0
GAB__GNQ,GAB,GNQ,1.0,0.0,0,0.0,1.0,1.0,,0.0,,1948,2021,166.0,0.0
GAB__GRD,GAB,GRD,0.0,0.0,0,0.0,0.0,0.0,,0.0,,1948,2021,7963.0,0.0
GAB__GTM,GAB,GTM,0.0,0.0,0,0.0,0.0,0.0,,0.0,,1948,2021,11082.0,0.0
GAB__GUY,GAB,GUY,0.0,0.0,0,0.0,0.0,0.0,,0.0,,1948,2021,7539.0,0.0
GAB__HND,GAB,HND,0.0,0.0,0,0.0,0.0,0.0,,0.0,,1948,2021,10726.0,0.0
GAB__HTI,GAB,HTI,0.0,0.0,0,1.0,0.0,1.0,,0.0,,1948,2021,9137.0,0.0
GAB__IDN,GAB,IDN,0.0,0.0,0,0.0,0.0,0.0,,0.0,,1948,2021,10841.0,0.0
GAB__IND,GAB,IND,0.0,0.0,0,0.0,0.0,0.0,,0.0,,1948,2021,8037.5,1643.0
GAB__IRN,GAB,IRN,0.0,0.0,0,0.0,0.0,0.0,,0.0,,1948,2021,5839.0,0.0
GAB__IRQ,GAB,IRQ,0.0,0.0,0,0.0,0.0,0.0,,0.0,,1948,2021,5161.0,0.0
GAB__ISR,GAB,ISR,0.0,0.0,0,0.0,1.0,0.0,,0.0,,1948,2021,4403.0,0.0
GAB__ITA,GAB,ITA,0.0,0.0,0,0.0,0.0,0.0,,0.0,,1948,2021,4607.0,0.0
GAB__JAM,GAB,JAM,0.0,0.0,0,0.0,0.0,0.0,,0.0,,1948,2021,9606.0,0.0
GAB__JOR,GAB,JOR,0.0,0.0,0,0.0,0.0,0.0,,0.0,,1948,2021,4468.0,0.0
GAB__JPN,GAB,JPN,0.0,0.0,0,0.0,0.0,0.0,,0.0,,1948,2021,13508.0,0.0
GAB__KAZ,GAB,KAZ,0.0,0.0,0,0.0,0.0,0.0,,0.0,,1948,2021,8171.0,0.0
GAB__KEN,GAB,KEN,0.0,0.0,0,0.0,0.0,0.0,,0.0,,1948,2021,3051.0,0.0
GAB__KGZ,GAB,KGZ,0.0,0.0,0,0.0,0.0,0.0,,0.0,,1948,2021,7978.0,0.0
GAB__KHM,GAB,KHM,0.0,0.0,0,1.0,0.0,0.0,,1.0,,1948,2021,10605.0,0.0
GAB__KIR,GAB,KIR,0.0,0.0,0,0.0,0.0,0.0,,0.0,,1948,2021,18194.0,0.0
GAB__KNA,GAB,KNA,0.0,0.0,0,0.0,0.0,0.0,,0.0,,1948,2021,8112.0,0.0
GAB__KOR,GAB,KOR,0.0,0.0,0,0.0,0.0,0.0,,0.0,,1948,2021,12378.0,0.0
GAB__KWT,GAB,KWT,0.0,0.0,0,0.0,0.0,0.0,,0.0,,1948,2021,5194.0,0.0
GAB__LAO,GAB,LAO,0.0,0.0,0,1.0,0.0,0.0,,1.0,,1948,2021,10337.0,0.0
GAB__LBN,GAB,LBN,0.0,0.0,0,1.0,1.0,1.0,,0.0,,1948,2021,4597.0,0.0
GAB__LBR,GAB,LBR,0.0,0.0,0,0.0,0.0,0.0,,0.0,,1948,2021,2342.0,0.0
GAB__LBY,GAB,LBY,0.0,0.0,0,0.0,0.0,0.0,,0.0,,1948,2021,3617.0,0.0
GAB__LCA,GAB,LCA,0.0,0.0,0,0.0,0.0,0.0,,0.0,,1948,2021,7897.0,0.0
GAB__LKA,GAB,LKA,0.0,0.0,0,0.0,0.0,0.0,,0.0,,1948,2021,7847.0,0.0
GAB__LSO,GAB,LSO,0.0,0.0,0,0.0,0.0,0.0,,0.0,,1948,2021,3806.0,0.0
GAB__MAR,GAB,MAR,0.0,0.0,0,1.0,1.0,1.0,,1.0,,1948,2021,4085.0,0.0
GAB__MDG,GAB,MDG,0.0,0.0,0,1.0,1.0,1.0,,1.0,,1948,2021,4677.0,0.0
GAB__MDV,GAB,MDV,0.0,0.0,0,0.0,0.0,0.0,,0.0,,1948,2021,7135.0,0.0
GAB__MEX,GAB,MEX,0.0,0.0,0,0.0,0.0,0.0,,0.0,,1948,2021,11951.0,0.0
GAB__MHL,GAB,MHL,0.0,0.0,0,0.0,0.0,0.0,,0.0,,1948,2021,17861.0,0.0
GAB__MLI,GAB,MLI,0.0,0.0,0,1.0,0.0,1.0,,1.0,,1948,2021,2356.0,0.0
GAB__MMR,GAB,MMR,0.0,0.0,0,0.0,0.0,0.0,,0.0,,1948,2021,9653.0,0.0
GAB__MNG,GAB,MNG,0.0,0.0,0,0.0,0.0,0.0,,0.0,,1948,2021,10532.0,0.0
GAB__MOZ,GAB,MOZ,0.0,0.0,0,0.0,0.0,0.0,,0.0,,1948,2021,3827.0,10.0
GAB__MRT,GAB,MRT,0.0,0.0,0,1.0,0.0,0.0,,1.0,,1948,2021,3401.0,0.0
GAB__MUS,GAB,MUS,0.0,0.0,0,1.0,1.0,1.0,,0.0,,1948,2021,5706.0,0.0
GAB__MWI,GAB,MWI,0.0,0.0,0,0.0,0.0,0.0,,0.0,,1948,2021,3223.5,213.0
GAB__MYS,GAB,MYS,0.0,0.0,0,0.0,0.0,0.0,,0.0,,1948,2021,10386.0,242.0
GAB__NAM,GAB,NAM,0.0,0.0,0,0.0,0.0,0.0,,0.0,,1948,2021,2671.0,0.0
GAB__NER,GAB,NER,0.0,0.0,0,1.0,1.0,1.0,,1.0,,1948,2021,1662.0,0.0
GAB__NGA,GAB,NGA,0.0,0.0,0,0.0,0.0,0.0,,0.0,,1948,2021,969.5,39.0
GAB__NIC,GAB,NIC,0.0,0.0,0,0.0,0.0,0.0,,0.0,,1948,2021,10630.0,0.0
GAB__NLD,GAB,NLD,0.0,0.0,0,0.0,0.0,0.0,,0.0,,1948,2021,5753.5,47.0
GAB__NPL,GAB,NPL,0.0,0.0,0,0.0,0.0,0.0,,0.0,,1948,2021,8604.0,0.0
GAB__NRU,GAB,NRU,0.0,0.0,0,0.0,0.0,0.0,,0.0,,1948,2021,17528.0,0.0
GAB__NZL,GAB,NZL,0.0,0.0,0,0.0,0.0,0.0,,0.0,,1948,2021,15695.0,0.0
GAB__OMN,GAB,OMN,0.0,0.0,0,0.0,0.0,0.0,,0.0,,1948,2021,5891.0,0.0
GAB__PAK,GAB,PAK,0.0,0.0,0,0.0,0.0,0.0,,0.0,,1948,2021,6758.0,0.0
GAB__PAN,GAB,PAN,0.0,0.0,0,0.0,0.0,0.0,,0.0,,1948,2021,9899.0,0.0
GAB__PER,GAB,PER,0.0,0.0,0,0.0,0.0,0.0,,0.0,,1948,2021,9644.0,0.0
GAB__PHL,GAB,PHL,0.0,0.0,0,0.0,0.0,0.0,,0.0,,1948,2021,12322.0,0.0
GAB__PLW,GAB,PLW,0.0,0.0,0,0.0,0.0,0.0,,0.0,,1948,2021,13881.0,14.0
GAB__PNG,GAB,PNG,0.0,0.0,0,0.0,0.0,0.0,,0.0,,1948,2021,15247.0,0.0
GAB__PRK,GAB,PRK,0.0,0.0,0,0.0,0.0,0.0,,0.0,,1948,2021,12226.0,0.0
GAB__PRT,GAB,PRT,0.0,0.0,0,0.0,0.0,0.0,,0.0,,1948,2021,4649.0,0.0
GAB__PRY,GAB,PRY,0.0,0.0,0,0.0,0.0,0.0,,0.0,,1948,2021,7740.0,0.0
GAB__QAT,GAB,QAT,0.0,0.0,0,0.0,0.0,0.0,,0.0,,1948,2021,5288.0,8.0
GAB__RWA,GAB,RWA,0.0,0.0,0,0.0,1.0,1.0,,0.0,,1948,2021,2308.0,0.0
GAB__SAU,GAB,SAU,0.0,0.0,0,0.0,0.0,0.0,,0.0,,1948,2021,4431.5,793.0
GAB__SDN,GAB,SDN,0.0,0.0,0,0.0,0.0,0.0,,0.0,,1948,2021,3040.0,0.0
GAB__SEN,GAB,SEN,0.0,0.0,0,1.0,1.0,1.0,,1.0,,1948,2021,3356.0,0.0
GAB__SGP,GAB,SGP,0.0,0.0,0,0.0,0.0,0.0,,0.0,,1948,2021,10507.0,0.0
GAB__SLB,GAB,SLB,0.0,0.0,0,0.0,0.0,0.0,,0.0,,1948,2021,16616.0,0.0
GAB__SLE,GAB,SLE,0.0,0.0,0,0.0,0.0,0.0,,0.0,,1948,2021,2670.0,0.0
GAB__SLV,GAB,SLV,0.0,0.0,0,0.0,0.0,0.0,,0.0,,1948,2021,10942.0,0.0
GAB__SOM,GAB,SOM,0.0,0.0,0,0.0,0.0,0.0,,0.0,,1948,2021,3998.0,0.0
GAB__SSD,GAB,SSD,0.0,0.0,0,0.0,0.0,0.0,,0.0,,1948,2021,2509.0,0.0
GAB__STP,GAB,STP,0.0,0.0,0,0.0,0.0,0.0,,0.0,,1948,2021,304.0,0.0
GAB__SUR,GAB,SUR,0.0,0.0,0,0.0,0.0,0.0,,0.0,,1948,2021,7204.0,0.0
GAB__SWZ,GAB,SWZ,0.0,0.0,0,0.0,0.0,0.0,,0.0,,1948,2021,3761.0,0.0
GAB__SYC,GAB,SYC,0.0,0.0,0,1.0,1.0,1.0,,0.0,,1948,2021,5145.0,0.0
GAB__SYR,GAB,SYR,0.0,0.0,0,1.0,0.0,0.0,,1.0,,1948,2021,4753.0,274.0
GAB__TCD,GAB,TCD,0.0,0.0,0,1.0,0.0,1.0,,1.0,,1948,2021,1435.0,0.0
GAB__TGO,GAB,TGO,0.0,0.0,0,1.0,1.0,1.0,,1.0,,1948,2021,1114.0,0.0
GAB__THA,GAB,THA,0.0,0.0,0,0.0,0.0,0.0,,0.0,,1948,2021,10123.0,0.0
GAB__TJK,GAB,TJK,0.0,0.0,0,0.0,0.0,0.0,,0.0,,1948,2021,7360.0,0.0
GAB__TKM,GAB,TKM,0.0,0.0,0,0.0,0.0,0.0,,0.0,,1948,2021,6501.0,0.0
GAB__TLS,GAB,TLS,0.0,0.0,0,0.0,0.0,0.0,,0.0,,1948,2021,12898.0,0.0
GAB__TON,GAB,TON,0.0,0.0,0,0.0,0.0,0.0,,0.0,,1948,2021,17655.0,0.0
GAB__TTO,GAB,TTO,0.0,0.0,0,0.0,0.0,0.0,,0.0,,1948,2021,7929.0,0.0
GAB__TUN,GAB,TUN,0.0,0.0,0,1.0,0.0,1.0,,1.0,,1948,2021,4034.0,0.0
GAB__TUR,GAB,TUR,0.0,0.0,0,0.0,0.0,0.0,,0.0,,1948,2021,4910.0,0.0
GAB__TUV,GAB,TUV,0.0,0.0,0,0.0,0.0,0.0,,0.0,,1948,2021,18575.0,0.0
GAB__TWN,GAB,TWN,0.0,0.0,0,0.0,0.0,0.0,,0.0,,1948,2021,12211.0,8.0
GAB__TZA,GAB,TZA,0.0,0.0,0,0.0,0.0,0.0,,0.0,,1948,2021,3406.0,0.0
GAB__UGA,GAB,UGA,0.0,0.0,0,0.0,0.0,0.0,,0.0,,1948,2021,2575.0,0.0
GAB__URY,GAB,URY,0.0,0.0,0,0.0,0.0,0.0,,0.0,,1948,2021,7832.0,0.0
GAB__USA,GAB,USA,0.0,0.0,0,1.0,0.0,0.0,,0.0,,1948,2021,9431.0,0.0
GAB__UZB,GAB,UZB,0.0,0.0,0,0.0,0.0,0.0,,0.0,,1948,2021,7500.0,0.0
GAB__VCT,GAB,VCT,0.0,0.0,0,0.0,0.0,0.0,,0.0,,1948,2021,7915.0,0.0
GAB__VEN,GAB,VEN,0.0,0.0,0,0.0,0.0,0.0,,0.0,,1948,2021,8514.0,0.0
GAB__VNM,GAB,VNM,0.0,0.0,0,1.0,0.0,0.0,,1.0,,1948,2021,10799.0,0.0
GAB__VUT,GAB,VUT,0.0,0.0,0,1.0,1.0,1.0,,1.0,,1948,2021,17018.0,0.0
GAB__WSM,GAB,WSM,0.0,0.0,0,0.0,0.0,0.0,,0.0,,1948,2021,18512.0,0.0
GAB__YEM,GAB,YEM,0.0,0.0,0,0.0,0.0,0.0,,0.0,,1948,2021,4089.0,148.0
GAB__ZAF,GAB,ZAF,0.0,0.0,0,0.0,0.0,0.0,,0.0,,1948,2021,3734.5,357.0
GAB__ZMB,GAB,ZMB,0.0,0.0,0,0.0,0.0,0.0,,0.0,,1948,2021,2621.5,177.0
GAB__ZWE,GAB,ZWE,0.0,0.0,0,0.0,0.0,0.0,,0.0,,1948,2021,3108.0,0.0
GBR__GEO,GBR,GEO,0.0,0.0,0,0.0,0.0,0.0,,0.0,,1948,2021,3550.0,0.0
GBR__GHA,GBR,GHA,0.0,1.0,1,0.0,1.0,1.0,0.0,0.0,1957.0,1948,2021,5032.5,123.0
GBR__GIN,GBR,GIN,0.0,0.0,0,0.0,0.0,0.0,,0.0,,1948,2021,4811.0,0.0
GBR__GMB,GBR,GMB,0.0,1.0,1,0.0,1.0,1.0,0.0,0.0,1965.0,1948,2021,4475.0,0.0
GBR__GNB,GBR,GNB,0.0,0.0,0,0.0,0.0,0.0,,0.0,,1948,2021,4614.0,0.0
GBR__GNQ,GBR,GNQ,0.0,0.0,0,0.0,0.0,0.0,,0.0,,1948,2021,5580.0,0.0
GBR__GRD,GBR,GRD,0.0,1.0,1,0.0,1.0,1.0,0.0,0.0,1974.0,1948,2021,7015.0,0.0
GBR__GTM,GBR,GTM,0.0,0.0,0,0.0,0.0,0.0,,0.0,,1948,2021,8778.0,0.0
GBR__GUY,GBR,GUY,0.0,1.0,1,0.0,1.0,1.0,0.0,0.0,1966.0,1948,2021,7244.0,0.0
GBR__HND,GBR,HND,0.0,0.0,0,0.0,0.0,0.0,,0.0,,1948,2021,8595.0,0.0
GBR__HTI,GBR,HTI,0.0,0.0,0,0.0,0.0,0.0,,0.0,,1948,2021,7189.0,0.0
GBR__IDN,GBR,IDN,0.0,0.0,0,0.0,0.0,0.0,,0.0,,1948,2021,11719.0,0.0
GBR__IND,GBR,IND,0.0,1.0,1,0.0,1.0,1.0,0.0,0.0,1950.0,1948,2021,7348.5,1257.0
GBR__IRN,GBR,IRN,0.0,0.0,0,0.0,0.0,0.0,,0.0,,1948,2021,4408.0,0.0
GBR__IRQ,GBR,IRQ,0.0,0.0,1,0.0,0.0,0.0,0.0,0.0,1932.0,1948,2021,4098.0,0.0
GBR__ISR,GBR,ISR,0.0,1.0,1,0.0,1.0,1.0,1.0,0.0,1948.0,1948,2021,3561.0,0.0
GBR__ITA,GBR,ITA,0.0,0.0,0,0.0,0.0,0.0,,0.0,,1948,2021,1435.0,0.0
GBR__JAM,GBR,JAM,0.0,1.0,1,0.0,1.0,1.0,0.0,0.0,1962.0,1948,2021,7544.0,0.0
GBR__JOR,GBR,JOR,0.0,1.0,1,0.0,1.0,0.0,0.0,0.0,1946.0,1948,2021,3646.0,0.0
GBR__JPN,GBR,JPN,0.0,0.0,0,0.0,0.0,0.0,,0.0,,1948,2021,9582.0,0.0
GBR__KAZ,GBR,KAZ,0.0,0.0,0,0.0,0.0,0.0,,0.0,,1948,2021,5616.0,0.0
GBR__KEN,GBR,KEN,0.0,1.0,1,0.0,1.0,1.0,0.0,0.0,1963.0,1948,2021,6806.0,0.0
GBR__KGZ,GBR,KGZ,0.0,0.0,0,0.0,0.0,0.0,,0.0,,1948,2021,5492.0,0.0
GBR__KHM,GBR,KHM,0.0,0.0,0,0.0,0.0,0.0,,0.0,,1948,2021,10027.0,0.0
GBR__KIR,GBR,KIR,0.0,1.0,1,0.0,1.0,1.0,0.0,0.0,1979.0,1948,2021,14113.0,0.0
GBR__KNA,GBR,KNA,0.0,1.0,1,0.0,1.0,1.0,0.0,0.0,1983.0,1948,2021,6631.0,0.0
GBR__KOR,GBR,KOR,0.0,0.0,0,0.0,1.0,0.0,,0.0,,1948,2021,8880.0,0.0
GBR__KWT,GBR,KWT,0.0,1.0,1,0.0,1.0,0.0,0.0,0.0,1961.0,1948,2021,4649.0,0.0
GBR__LAO,GBR,LAO,0.0,0.0,0,0.0,0.0,0.0,,0.0,,1948,2021,9312.0,0.0
GBR__LBN,GBR,LBN,0.0,0.0,0,0.0,1.0,0.0,,0.0,,1948,2021,3460.0,0.0
GBR__LBR,GBR,LBR,0.0,0.0,0,0.0,1.0,1.0,,0.0,,1948,2021,5108.0,0.0
GBR__LBY,GBR,LBY,0.0,0.0,0,0.0,0.0,0.0,,0.0,,1948,2021,2335.0,0.0
GBR__LCA,GBR,LCA,0.0,1.0,1,0.0,1.0,1.0,0.0,0.0,1979.0,1948,2021,6795.0,0.0
GBR__LKA,GBR,LKA,0.0,1.0,1,0.0,0.0,0.0,0.0,0.0,1976.0,1948,2021,8714.0,0.0
GBR__LSO,GBR,LSO,0.0,1.0,1,0.0,1.0,1.0,0.0,0.0,1966.0,1948,2021,9353.0,0.0
GBR__MAR,GBR,MAR,0.0,0.0,0,0.0,0.0,0.0,,0.0,,1948,2021,2080.0,0.0
GBR__MDG,GBR,MDG,0.0,0.0,0,0.0,0.0,0.0,,0.0,,1948,2021,9072.0,0.0
GBR__MDV,GBR,MDV,0.0,1.0,1,0.0,0.0,0.0,0.0,0.0,1965.0,1948,2021,8516.0,0.0
GBR__MEX,GBR,MEX,0.0,0.0,0,0.0,0.0,0.0,,0.0,,1948,2021,8943.0,0.0
GBR__MHL,GBR,MHL,0.0,0.0,0,0.0,1.0,1.0,,0.0,,1948,2021,13461.0,0.0
GBR__MLI,GBR,MLI,0.0,0.0,0,0.0,0.0,0.0,,0.0,,1948,2021,4368.0,0.0
GBR__MMR,GBR,MMR,0.0,1.0,1,0.0,0.0,0.0,0.0,0.0,1948.0,1948,2021,8988.0,0.0
GBR__MNG,GBR,MNG,0.0,0.0,0,0.0,0.0,0.0,,0.0,,1948,2021,6992.0,0.0
GBR__MOZ,GBR,MOZ,0.0,0.0,0,0.0,0.0,0.0,,0.0,,1948,2021,9157.5,5.0
GBR__MRT,GBR,MRT,0.0,0.0,0,0.0,0.0,0.0,,0.0,,1948,2021,3963.0,0.0
GBR__MUS,GBR,MUS,0.0,1.0,1,0.0,1.0,1.0,0.0,0.0,1968.0,1948,2021,9713.0,0.0
GBR__MWI,GBR,MWI,0.0,1.0,1,0.0,1.0,1.0,0.0,0.0,1964.0,1948,2021,8079.0,236.0
GBR__MYS,GBR,MYS,0.0,1.0,0,0.0,0.0,0.0,,0.0,,1948,2021,10705.5,309.0
GBR__NAM,GBR,NAM,0.0,0.0,0,0.0,1.0,1.0,,0.0,,1948,2021,8375.0,0.0
GBR__NER,GBR,NER,0.0,0.0,0,0.0,0.0,0.0,,0.0,,1948,2021,4219.0,0.0
GBR__NGA,GBR,NGA,0.0,1.0,0,0.0,1.0,1.0,,0.0,,1948,2021,4956.0,100.0
GBR__NIC,GBR,NIC,0.0,0.0,0,0.0,0.0,0.0,,0.0,,1948,2021,8695.0,0.0
GBR__NLD,GBR,NLD,0.0,0.0,0,0.0,0.0,0.0,,0.0,,1948,2021,340.0,36.0
GBR__NPL,GBR,NPL,0.0,0.0,0,0.0,0.0,0.0,,0.0,,1948,2021,7347.0,0.0
GBR__NRU,GBR,NRU,0.0,1.0,1,0.0,1.0,1.0,,0.0,1968.0,1948,2021,14225.0,0.0
GBR__NZL,GBR,NZL,0.0,0.0,1,0.0,1.0,1.0,0.0,0.0,1948.0,1948,2021,18329.0,0.0
GBR__OMN,GBR,OMN,0.0,0.0,0,0.0,0.0,0.0,,0.0,,1948,2021,5837.0,0.0
GBR__PAK,GBR,PAK,0.0,1.0,1,0.0,1.0,1.0,0.0,0.0,1956.0,1948,2021,6320.0,0.0
GBR__PAN,GBR,PAN,0.0,0.0,0,0.0,0.0,0.0,,0.0,,1948,2021,8497.0,0.0
GBR__PER,GBR,PER,0.0,0.0,0,0.0,0.0,0.0,,0.0,,1948,2021,10160.0,0.0
GBR__PHL,GBR,PHL,0.0,0.0,0,0.0,1.0,1.0,,0.0,,1948,2021,10748.0,0.0
GBR__PLW,GBR,PLW,0.0,0.0,1,0.0,1.0,1.0,,0.0,1885.0,1948,2021,12181.0,8.0
GBR__PNG,GBR,PNG,0.0,0.0,1,0.0,1.0,1.0,,0.0,1906.0,1948,2021,14478.0,0.0
GBR__PRK,GBR,PRK,0.0,0.0,0,0.0,0.0,0.0,,0.0,,1948,2021,8685.0,0.0
GBR__PRT,GBR,PRT,0.0,0.0,0,0.0,0.0,0.0,,0.0,,1948,2021,1586.0,0.0
GBR__PRY,GBR,PRY,0.0,0.0,0,0.0,0.0,0.0,,0.0,,1948,2021,10191.0,0.0
GBR__QAT,GBR,QAT,0.0,1.0,1,0.0,0.0,0.0,0.0,0.0,1971.0,1948,2021,5216.0,8.0
GBR__RWA,GBR,RWA,0.0,0.0,0,0.0,1.0,1.0,,0.0,,1948,2021,6574.0,0.0
GBR__SAU,GBR,SAU,0.0,0.0,0,0.0,0.0,0.0,,0.0,,1948,2021,4871.0,152.0
GBR__SDN,GBR,SDN,0.0,1.0,0,0.0,0.0,0.0,,0.0,,1948,2021,4931.0,0.0
GBR__SEN,GBR,SEN,0.0,0.0,0,0.0,0.0,0.0,,0.0,,1948,2021,4367.0,0.0
GBR__SGP,GBR,SGP,0.0,1.0,1,0.0,1.0,1.0,,0.0,1965.0,1948,2021,10860.0,0.0
GBR__SLB,GBR,SLB,0.0,1.0,1,0.0,0.0,1.0,0.0,0.0,1978.0,1948,2021,15000.0,0.0
GBR__SLE,GBR,SLE,0.0,1.0,1,0.0,1.0,1.0,0.0,0.0,1961.0,1948,2021,4919.0,0.0
GBR__SLV,GBR,SLV,0.0,0.0,0,0.0,0.0,0.0,,0.0,,1948,2021,8765.0,0.0
GBR__SOM,GBR,SOM,0.0,1.0,1,0.0,0.0,1.0,0.0,0.0,1960.0,1948,2021,6924.0,0.0
GBR__SSD,GBR,SSD,0.0,1.0,0,0.0,0.0,0.0,,0.0,,1948,2021,5946.0,0.0
GBR__STP,GBR,STP,0.0,0.0,0,0.0,0.0,0.0,,0.0,,1948,2021,5708.0,0.0
GBR__SUR,GBR,SUR,0.0,0.0,0,0.0,0.0,0.0,,0.0,,1948,2021,7138.0,0.0
GBR__SWZ,GBR,SWZ,0.0,1.0,1,0.0,0.0,1.0,0.0,0.0,1968.0,1948,2021,9148.0,0.0
GBR__SYC,GBR,SYC,0.0,1.0,1,0.0,1.0,1.0,0.0,0.0,1976.0,1948,2021,8137.0,0.0
GBR__SYR,GBR,SYR,0.0,0.0,0,0.0,0.0,0.0,,0.0,,1948,2021,3468.5,151.0
GBR__TCD,GBR,TCD,0.0,0.0,0,0.0,0.0,0.0,,0.0,,1948,2021,4580.0,0.0
GBR__TGO,GBR,TGO,0.0,0.0,0,0.0,0.0,0.0,,0.0,,1948,2021,5032.0,0.0
GBR__THA,GBR,THA,0.0,0.0,0,0.0,0.0,0.0,,0.0,,1948,2021,9547.0,0.0
GBR__TJK,GBR,TJK,0.0,0.0,0,0.0,0.0,0.0,,0.0,,1948,2021,5405.0,0.0
GBR__TKM,GBR,TKM,0.0,0.0,0,0.0,0.0,0.0,,0.0,,1948,2021,4733.0,0.0
GBR__TLS,GBR,TLS,0.0,0.0,0,0.0,0.0,0.0,,0.0,,1948,2021,13168.0,0.0
GBR__TON,GBR,TON,0.0,1.0,1,0.0,0.0,1.0,0.0,0.0,1970.0,1948,2021,16607.0,0.0
GBR__TTO,GBR,TTO,0.0,1.0,1,0.0,1.0,1.0,0.0,0.0,1962.0,1948,2021,7121.0,0.0
GBR__TUN,GBR,TUN,0.0,0.0,0,0.0,0.0,0.0,,0.0,,1948,2021,1824.0,0.0
GBR__TUR,GBR,TUR,0.0,0.0,0,0.0,0.0,0.0,,0.0,,1948,2021,2504.0,0.0
GBR__TUV,GBR,TUV,0.0,1.0,1,0.0,0.0,0.0,0.0,0.0,1978.0,1948,2021,15237.0,0.0
GBR__TWN,GBR,TWN,0.0,0.0,0,0.0,0.0,0.0,,0.0,,1948,2021,9800.5,1.0
GBR__TZA,GBR,TZA,0.0,1.0,1,0.0,0.0,1.0,0.0,0.0,1964.0,1948,2021,7476.0,0.0
GBR__UGA,GBR,UGA,0.0,1.0,1,0.0,1.0,1.0,0.0,0.0,1962.0,1948,2021,6450.0,0.0
GBR__URY,GBR,URY,0.0,0.0,0,0.0,0.0,0.0,,0.0,,1948,2021,11015.0,0.0
GBR__USA,GBR,USA,0.0,0.0,0,0.0,1.0,1.0,,0.0,,1948,2021,5585.0,0.0
GBR__UZB,GBR,UZB,0.0,0.0,0,0.0,0.0,0.0,,0.0,,1948,2021,5247.0,0.0
GBR__VCT,GBR,VCT,0.0,1.0,1,0.0,1.0,1.0,0.0,0.0,1979.0,1948,2021,6884.0,0.0
GBR__VEN,GBR,VEN,0.0,0.0,0,0.0,0.0,0.0,,0.0,,1948,2021,7498.0,0.0
GBR__VNM,GBR,VNM,0.0,0.0,0,0.0,0.0,0.0,,0.0,,1948,2021,10213.0,0.0
GBR__VUT,GBR,VUT,0.0,1.0,1,0.0,1.0,1.0,,0.0,1980.0,1948,2021,16122.0,0.0
GBR__WSM,GBR,WSM,0.0,0.0,0,0.0,1.0,1.0,,0.0,,1948,2021,15759.0,0.0
GBR__YEM,GBR,YEM,0.0,1.0,1,0.0,0.0,0.0,,0.0,1967.0,1948,2021,5598.0,24.0
GBR__ZAF,GBR,ZAF,0.0,0.0,1,0.0,1.0,1.0,0.0,0.0,1948.0,1948,2021,9338.0,598.0
GBR__ZMB,GBR,ZMB,0.0,1.0,1,0.0,1.0,1.0,0.0,0.0,1964.0,1948,2021,7771.5,275.0
GBR__ZWE,GBR,ZWE,0.0,1.0,1,0.0,1.0,1.0,0.0,0.0,1980.0,1948,2021,8258.0,0.0
GEO__GHA,GEO,GHA,0.0,0.0,0,0.0,0.0,0.0,,0.0,,1948,2021,5991.0,12.0
GEO__GIN,GEO,GIN,0.0,0.0,0,0.0,0.0,0.0,,0.0,,1948,2021,6706.0,0.0
GEO__GMB,GEO,GMB,0.0,0.0,0,0.0,0.0,0.0,,0.0,,1948,2021,6668.0,0.0
GEO__GNB,GEO,GNB,0.0,0.0,0,0.0,0.0,0.0,,0.0,,1948,2021,6695.0,0.0
GEO__GNQ,GEO,GNQ,0.0,0.0,0,0.0,0.0,0.0,,0.0,,1948,2021,5635.0,0.0
GEO__GRD,GEO,GRD,0.0,0.0,0,0.0,0.0,0.0,,0.0,,1948,2021,10463.0,0.0
GEO__GTM,GEO,GTM,0.0,0.0,0,0.0,0.0,0.0,,0.0,,1948,2021,12278.0,0.0
GEO__GUY,GEO,GUY,0.0,0.0,0,0.0,0.0,0.0,,0.0,,1948,2021,10578.0,0.0
GEO__HND,GEO,HND,0.0,0.0,0,0.0,0.0,0.0,,0.0,,1948,2021,12120.0,0.0
GEO__HTI,GEO,HTI,0.0,0.0,0,0.0,0.0,0.0,,0.0,,1948,2021,10738.0,0.0
GEO__IDN,GEO,IDN,0.0,0.0,0,0.0,0.0,0.0,,0.0,,1948,2021,8216.0,0.0
GEO__IND,GEO,IND,0.0,0.0,0,0.0,0.0,0.0,,0.0,,1948,2021,3454.0,392.0
GEO__IRN,GEO,IRN,0.0,0.0,0,0.0,0.0,0.0,,0.0,,1948,2021,878.0,0.0
GEO__IRQ,GEO,IRQ,0.0,0.0,0,0.0,0.0,0.0,,0.0,,1948,2021,928.0,0.0
GEO__ISR,GEO,ISR,0.0,0.0,0,0.0,0.0,0.0,,0.0,,1948,2021,1391.0,0.0
GEO__ITA,GEO,ITA,0.0,0.0,0,0.0,0.0,0.0,,0.0,,1948,2021,2673.0,0.0
GEO__JAM,GEO,JAM,0.0,0.0,0,0.0,0.0,0.0,,0.0,,1948,2021,11093.0,0.0
GEO__JOR,GEO,JOR,0.0,0.0,0,0.0,0.0,0.0,,0.0,,1948,2021,1339.0,0.0
GEO__JPN,GEO,JPN,0.0,0.0,0,0.0,0.0,0.0,,0.0,,1948,2021,7838.0,0.0
GEO__KAZ,GEO,KAZ,0.0,0.0,0,1.0,0.0,0.0,,0.0,,1948,2021,2627.0,0.0
GEO__KEN,GEO,KEN,0.0,0.0,0,0.0,0.0,0.0,,0.0,,1948,2021,4828.0,0.0
GEO__KGZ,GEO,KGZ,0.0,0.0,0,1.0,0.0,0.0,,0.0,,1948,2021,2445.0,0.0
GEO__KHM,GEO,KHM,0.0,0.0,0,0.0,0.0,0.0,,0.0,,1948,2021,6688.0,0.0
GEO__KIR,GEO,KIR,0.0,0.0,0,0.0,0.0,0.0,,0.0,,1948,2021,12961.0,0.0
GEO__KNA,GEO,KNA,0.0,0.0,0,0.0,0.0,0.0,,0.0,,1948,2021,10133.0,0.0
GEO__KOR,GEO,KOR,0.0,0.0,0,0.0,0.0,0.0,,0.0,,1948,2021,6788.0,0.0
GEO__KWT,GEO,KWT,0.0,0.0,0,0.0,0.0,0.0,,0.0,,1948,2021,1397.0,0.0
GEO__LAO,GEO,LAO,0.0,0.0,0,0.0,0.0,0.0,,0.0,,1948,2021,6040.0,0.0
GEO__LBN,GEO,LBN,0.0,0.0,0,0.0,0.0,0.0,,0.0,,1948,2021,1193.0,0.0
GEO__LBR,GEO,LBR,0.0,0.0,0,0.0,0.0,0.0,,0.0,,1948,2021,6729.0,0.0
GEO__LBY,GEO,LBY,0.0,0.0,0,0.0,0.0,0.0,,0.0,,1948,2021,2952.0,0.0
GEO__LCA,GEO,LCA,0.0,0.0,0,0.0,0.0,0.0,,0.0,,1948,2021,10254.0,0.0
GEO__LKA,GEO,LKA,0.0,0.0,0,0.0,0.0,0.0,,0.0,,1948,2021,5173.0,0.0
GEO__LSO,GEO,LSO,0.0,0.0,0,0.0,0.0,0.0,,0.0,,1948,2021,8062.0,0.0
GEO__MAR,GEO,MAR,0.0,0.0,0,0.0,0.0,0.0,,0.0,,1948,2021,4643.0,0.0
GEO__MDG,GEO,MDG,0.0,0.0,0,0.0,0.0,0.0,,0.0,,1948,2021,6716.0,0.0
GEO__MDV,GEO,MDV,0.0,0.0,0,0.0,0.0,0.0,,0.0,,1948,2021,5041.0,0.0
GEO__MEX,GEO,MEX,0.0,0.0,0,0.0,0.0,0.0,,0.0,,1948,2021,12293.0,0.0
GEO__MHL,GEO,MHL,0.0,0.0,0,0.0,0.0,0.0,,0.0,,1948,2021,12361.0,0.0
GEO__MLI,GEO,MLI,0.0,0.0,0,0.0,0.0,0.0,,0.0,,1948,2021,6022.0,0.0
GEO__MMR,GEO,MMR,0.0,0.0,0,0.0,0.0,0.0,,0.0,,1948,2021,5595.0,0.0
GEO__MNG,GEO,MNG,0.0,0.0,0,0.0,0.0,0.0,,0.0,,1948,2021,4824.0,0.0
GEO__MOZ,GEO,MOZ,0.0,0.0,0,0.0,0.0,0.0,,0.0,,1948,2021,7597.0,2.0
GEO__MRT,GEO,MRT,0.0,0.0,0,0.0,0.0,0.0,,0.0,,1948,2021,6284.0,0.0
GEO__MUS,GEO,MUS,0.0,0.0,0,0.0,0.0,0.0,,0.0,,1948,2021,6971.0,0.0
GEO__MWI,GEO,MWI,0.0,0.0,0,0.0,0.0,0.0,,0.0,,1948,2021,6354.5,177.0
GEO__MYS,GEO,MYS,0.0,0.0,0,0.0,0.0,0.0,,0.0,,1948,2021,7073.0,0.0
GEO__NAM,GEO,NAM,0.0,0.0,0,0.0,0.0,0.0,,0.0,,1948,2021,7667.0,0.0
GEO__NER,GEO,NER,0.0,0.0,0,0.0,0.0,0.0,,0.0,,1948,2021,5166.0,0.0
GEO__NGA,GEO,NGA,0.0,0.0,0,0.0,0.0,0.0,,0.0,,1948,2021,5652.0,0.0
GEO__NIC,GEO,NIC,0.0,0.0,0,0.0,0.0,0.0,,0.0,,1948,2021,12233.0,0.0
GEO__NLD,GEO,NLD,0.0,0.0,0,0.0,0.0,0.0,,0.0,,1948,2021,3222.0,24.0
GEO__NPL,GEO,NPL,0.0,0.0,0,0.0,0.0,0.0,,0.0,,1948,2021,3976.0,0.0
GEO__NRU,GEO,NRU,0.0,0.0,0,0.0,0.0,0.0,,0.0,,1948,2021,12657.0,0.0
GEO__NZL,GEO,NZL,0.0,0.0,0,0.0,0.0,0.0,,0.0,,1948,2021,15730.0,0.0
GEO__OMN,GEO,OMN,0.0,0.0,0,0.0,0.0,0.0,,0.0,,1948,2021,2378.0,0.0
GEO__PAK,GEO,PAK,0.0,0.0,0,0.0,0.0,0.0,,0.0,,1948,2021,2770.0,0.0
GEO__PAN,GEO,PAN,0.0,0.0,0,0.0,0.0,0.0,,0.0,,1948,2021,12044.0,0.0
GEO__PER,GEO,PER,0.0,0.0,0,0.0,0.0,0.0,,0.0,,1948,2021,13527.0,0.0
GEO__PHL,GEO,PHL,0.0,0.0,0,0.0,0.0,0.0,,0.0,,1948,2021,7801.0,0.0
GEO__PLW,GEO,PLW,0.0,0.0,0,0.0,0.0,0.0,,0.0,,1948,2021,9444.0,0.0
GEO__PNG,GEO,PNG,0.0,0.0,0,0.0,0.0,0.0,,0.0,,1948,2021,11728.0,0.0
GEO__PRK,GEO,PRK,0.0,0.0,0,0.0,0.0,0.0,,0.0,,1948,2021,6611.0,0.0
GEO__PRT,GEO,PRT,0.0,0.0,0,0.0,0.0,0.0,,0.0,,1948,2021,4531.0,0.0
GEO__PRY,GEO,PRY,0.0,0.0,0,0.0,0.0,0.0,,0.0,,1948,2021,12833.0,0.0
GEO__QAT,GEO,QAT,0.0,0.0,0,0.0,0.0,0.0,,0.0,,1948,2021,1920.5,5.0
GEO__RWA,GEO,RWA,0.0,0.0,0,0.0,0.0,0.0,,0.0,,1948,2021,5058.0,0.0
GEO__SAU,GEO,SAU,0.0,0.0,0,0.0,0.0,0.0,,0.0,,1948,2021,1894.0,0.0
GEO__SDN,GEO,SDN,0.0,0.0,0,0.0,0.0,0.0,,0.0,,1948,2021,3130.0,0.0
GEO__SEN,GEO,SEN,0.0,0.0,0,0.0,0.0,0.0,,0.0,,1948,2021,6642.0,0.0
GEO__SGP,GEO,SGP,0.0,0.0,0,0.0,0.0,0.0,,0.0,,1948,2021,7388.0,0.0
GEO__SLB,GEO,SLB,0.0,0.0,0,0.0,0.0,0.0,,0.0,,1948,2021,12785.0,0.0
GEO__SLE,GEO,SLE,0.0,0.0,0,0.0,0.0,0.0,,0.0,,1948,2021,6755.0,0.0
GEO__SLV,GEO,SLV,0.0,0.0,0,0.0,0.0,0.0,,0.0,,1948,2021,12280.0,0.0
GEO__SOM,GEO,SOM,0.0,0.0,0,0.0,0.0,0.0,,0.0,,1948,2021,4392.0,0.0
GEO__SSD,GEO,SSD,0.0,0.0,0,0.0,0.0,0.0,,0.0,,1948,2021,4289.0,0.0
GEO__STP,GEO,STP,0.0,0.0,0,0.0,0.0,0.0,,0.0,,1948,2021,5965.0,0.0
GEO__SUR,GEO,SUR,0.0,0.0,0,0.0,0.0,0.0,,0.0,,1948,2021,10405.0,0.0
GEO__SWZ,GEO,SWZ,0.0,0.0,0,0.0,0.0,0.0,,0.0,,1948,2021,7661.0,0.0
GEO__SYC,GEO,SYC,0.0,0.0,0,0.0,0.0,0.0,,0.0,,1948,2021,5240.0,0.0
GEO__SYR,GEO,SYR,0.0,0.0,0,0.0,0.0,0.0,,0.0,,1948,2021,1040.0,278.0
GEO__TCD,GEO,TCD,0.0,0.0,0,0.0,0.0,0.0,,0.0,,1948,2021,4372.0,0.0
GEO__TGO,GEO,TGO,0.0,0.0,0,0.0,0.0,0.0,,0.0,,1948,2021,5835.0,0.0
GEO__THA,GEO,THA,0.0,0.0,0,0.0,0.0,0.0,,0.0,,1948,2021,6173.0,0.0
GEO__TJK,GEO,TJK,0.0,0.0,0,1.0,0.0,0.0,,0.0,,1948,2021,2064.0,0.0
GEO__TKM,GEO,TKM,0.0,0.0,0,1.0,0.0,0.0,,0.0,,1948,2021,1231.0,0.0
GEO__TLS,GEO,TLS,0.0,0.0,0,0.0,0.0,0.0,,0.0,,1948,2021,9877.0,0.0
GEO__TON,GEO,TON,0.0,0.0,0,0.0,0.0,0.0,,0.0,,1948,2021,15640.0,0.0
GEO__TTO,GEO,TTO,0.0,0.0,0,0.0,0.0,0.0,,0.0,,1948,2021,10552.0,0.0
GEO__TUN,GEO,TUN,0.0,0.0,0,0.0,0.0,0.0,,0.0,,1948,2021,3020.0,0.0
GEO__TUR,GEO,TUR,1.0,0.0,0,0.0,0.0,0.0,,0.0,,1948,2021,1329.0,0.0
GEO__TUV,GEO,TUV,0.0,0.0,0,0.0,0.0,0.0,,0.0,,1948,2021,14233.0,0.0
GEO__TWN,GEO,TWN,0.0,0.0,0,0.0,0.0,0.0,,0.0,,1948,2021,7134.0,0.0
GEO__TZA,GEO,TZA,0.0,0.0,0,0.0,0.0,0.0,,0.0,,1948,2021,5402.0,0.0
GEO__UGA,GEO,UGA,0.0,0.0,0,0.0,0.0,0.0,,0.0,,1948,2021,4745.0,0.0
GEO__URY,GEO,URY,0.0,0.0,0,0.0,0.0,0.0,,0.0,,1948,2021,13310.0,0.0
GEO__USA,GEO,USA,0.0,0.0,0,0.0,0.0,0.0,,0.0,,1948,2021,9000.0,0.0
GEO__UZB,GEO,UZB,0.0,0.0,0,1.0,0.0,0.0,,0.0,,1948,2021,2030.0,0.0
GEO__VCT,GEO,VCT,0.0,0.0,0,0.0,0.0,0.0,,0.0,,1948,2021,10338.0,0.0
GEO__VEN,GEO,VEN,0.0,0.0,0,0.0,0.0,0.0,,0.0,,1948,2021,10983.0,0.0
GEO__VNM,GEO,VNM,0.0,0.0,0,0.0,0.0,0.0,,0.0,,1948,2021,6891.0,0.0
GEO__VUT,GEO,VUT,0.0,0.0,0,0.0,0.0,0.0,,0.0,,1948,2021,14069.0,0.0
GEO__WSM,GEO,WSM,0.0,0.0,0,0.0,0.0,0.0,,0.0,,1948,2021,15330.0,0.0
GEO__YEM,GEO,YEM,0.0,0.0,0,0.0,0.0,0.0,,0.0,,1948,2021,2920.0,0.0
GEO__ZAF,GEO,ZAF,0.0,0.0,0,0.0,0.0,0.0,,0.0,,1948,2021,8256.0,1084.0
GEO__ZMB,GEO,ZMB,0.0,0.0,0,0.0,0.0,0.0,,0.0,,1948,2021,6548.0,0.0
GEO__ZWE,GEO,ZWE,0.0,0.0,0,0.0,0.0,0.0,,0.0,,1948,2021,6741.0,0.0
GHA__GIN,GHA,GIN,0.0,0.0,0,0.0,0.0,0.0,,0.0,,1948,2021,1456.0,186.0
GHA__GMB,GHA,GMB,0.0,0.0,0,1.0,1.0,1.0,,1.0,,1948,2021,1909.5,197.0
GHA__GNB,GHA,GNB,0.0,0.0,0,0.0,0.0,0.0,,0.0,,1948,2021,1735.0,194.0
GHA__GNQ,GHA,GNQ,0.0,0.0,0,0.0,0.0,0.0,,0.0,,1948,2021,1275.5,193.0
GHA__GRD,GHA,GRD,0.0,0.0,0,1.0,1.0,1.0,,1.0,,1948,2021,6708.0,178.0
GHA__GTM,GHA,GTM,0.0,0.0,0,0.0,0.0,0.0,,0.0,,1948,2021,9807.0,184.0
GHA__GUY,GHA,GUY,0.0,0.0,0,1.0,1.0,1.0,,1.0,,1948,2021,6329.0,166.0
GHA__HND,GHA,HND,0.0,0.0,0,0.0,0.0,0.0,,0.0,,1948,2021,9455.5,183.0
GHA__HTI,GHA,HTI,0.0,0.0,0,0.0,0.0,0.0,,0.0,,1948,2021,7845.0,188.0
GHA__IDN,GHA,IDN,0.0,0.0,0,0.0,0.0,0.0,,0.0,,1948,2021,12047.5,167.0
GHA__IND,GHA,IND,0.0,0.0,0,1.0,1.0,1.0,,1.0,,1948,2021,8835.5,1595.0
GHA__IRN,GHA,IRN,0.0,0.0,0,0.0,0.0,0.0,,0.0,,1948,2021,6254.5,43.0
GHA__IRQ,GHA,IRQ,0.0,0.0,0,1.0,0.0,0.0,,0.0,,1948,2021,5559.0,44.0
GHA__ISR,GHA,ISR,0.0,0.0,0,1.0,1.0,1.0,,1.0,,1948,2021,4689.0,32.0
GHA__ITA,GHA,ITA,0.0,0.0,0,0.0,0.0,0.0,,0.0,,1948,2021,4179.5,75.0
GHA__JAM,GHA,JAM,0.0,0.0,0,1.0,1.0,1.0,,1.0,,1948,2021,8317.5,187.0
GHA__JOR,GHA,JOR,0.0,0.0,0,1.0,1.0,0.0,,1.0,,1948,2021,4778.5,35.0
GHA__JPN,GHA,JPN,0.0,0.0,0,0.0,0.0,0.0,,0.0,,1948,2021,13821.5,1.0
GHA__KAZ,GHA,KAZ,0.0,0.0,0,0.0,0.0,0.0,,0.0,,1948,2021,8560.0,30.0
GHA__KEN,GHA,KEN,0.0,0.0,0,1.0,1.0,1.0,,1.0,,1948,2021,4272.5,177.0
GHA__KGZ,GHA,KGZ,0.0,0.0,0,0.0,0.0,0.0,,0.0,,1948,2021,8368.5,31.0
GHA__KHM,GHA,KHM,0.0,0.0,0,0.0,0.0,0.0,,0.0,,1948,2021,11593.0,124.0
GHA__KIR,GHA,KIR,0.0,0.0,0,1.0,1.0,1.0,,1.0,,1948,2021,18945.0,2.0
GHA__KNA,GHA,KNA,0.0,0.0,0,1.0,1.0,1.0,,1.0,,1948,2021,6824.5,187.0
GHA__KOR,GHA,KOR,0.0,0.0,0,0.0,1.0,0.0,,0.0,,1948,2021,12775.0,18.0
GHA__KWT,GHA,KWT,0.0,0.0,0,1.0,1.0,0.0,,1.0,,1948,2021,5732.5,65.0
GHA__LAO,GHA,LAO,0.0,0.0,0,0.0,0.0,0.0,,0.0,,1948,2021,11225.5,107.0
GHA__LBN,GHA,LBN,0.0,0.0,0,0.0,1.0,0.0,,0.0,,1948,2021,4848.5,25.0
GHA__LBR,GHA,LBR,0.0,0.0,0,0.0,1.0,1.0,,0.0,,1948,2021,1096.0,162.0
GHA__LBY,GHA,LBY,0.0,0.0,0,0.0,0.0,0.0,,0.0,,1948,2021,3303.5,49.0
GHA__LCA,GHA,LCA,0.0,0.0,0,1.0,1.0,1.0,,1.0,,1948,2021,6627.5,181.0
GHA__LKA,GHA,LKA,0.0,0.0,0,1.0,0.0,0.0,,1.0,,1948,2021,8921.0,144.0
GHA__LSO,GHA,LSO,0.0,0.0,0,1.0,1.0,1.0,,1.0,,1948,2021,4961.0,194.0
GHA__MAR,GHA,MAR,0.0,0.0,0,0.0,0.0,0.0,,0.0,,1948,2021,3120.0,156.0
GHA__MDG,GHA,MDG,0.0,0.0,0,0.0,0.0,0.0,,0.0,,1948,2021,5991.0,198.0
GHA__MDV,GHA,MDV,0.0,0.0,0,1.0,0.0,0.0,,1.0,,1948,2021,8248.0,152.0
GHA__MEX,GHA,MEX,0.0,0.0,0,0.0,0.0,0.0,,0.0,,1948,2021,10650.0,192.0
GHA__MHL,GHA,MHL,0.0,0.0,0,0.0,1.0,1.0,,0.0,,1948,2021,18315.5,31.0
GHA__MLI,GHA,MLI,0.0,0.0,0,0.0,0.0,0.0,,0.0,,1948,2021,1061.5,201.0
GHA__MMR,GHA,MMR,0.0,0.0,0,1.0,0.0,0.0,,1.0,,1948,2021,10569.5,113.0
GHA__MNG,GHA,MNG,0.0,0.0,0,0.0,0.0,0.0,,0.0,,1948,2021,10812.0,6.0
GHA__MOZ,GHA,MOZ,0.0,0.0,0,0.0,0.0,0.0,,0.0,,1948,2021,5064.0,190.0
GHA__MRT,GHA,MRT,0.0,0.0,0,0.0,0.0,0.0,,0.0,,1948,2021,2105.0,202.0
GHA__MUS,GHA,MUS,0.0,0.0,0,1.0,1.0,1.0,,1.0,,1948,2021,7018.5,197.0
GHA__MWI,GHA,MWI,0.0,0.0,0,1.0,1.0,1.0,,1.0,,1948,2021,4436.0,210.0
GHA__MYS,GHA,MYS,0.0,0.0,0,1.0,0.0,0.0,,1.0,,1948,2021,11429.5,261.0
GHA__NAM,GHA,NAM,0.0,0.0,0,0.0,1.0,1.0,,0.0,,1948,2021,3729.5,189.0
GHA__NER,GHA,NER,0.0,0.0,0,0.0,0.0,0.0,,0.0,,1948,2021,887.5,57.0
GHA__NGA,GHA,NGA,0.0,0.0,0,1.0,1.0,1.0,,1.0,,1948,2021,483.0,146.0
GHA__NIC,GHA,NIC,0.0,0.0,0,0.0,0.0,0.0,,0.0,,1948,2021,9371.0,180.0
GHA__NLD,GHA,NLD,0.0,0.0,0,0.0,0.0,0.0,,0.0,,1948,2021,5156.0,112.0
GHA__NPL,GHA,NPL,0.0,0.0,0,0.0,0.0,0.0,,0.0,,1948,2021,9331.5,83.0
GHA__NRU,GHA,NRU,0.0,0.0,0,1.0,1.0,1.0,,1.0,,1948,2021,18541.0,90.0
GHA__NZL,GHA,NZL,0.0,0.0,0,1.0,1.0,1.0,,0.0,,1948,2021,16570.5,143.0
GHA__OMN,GHA,OMN,0.0,0.0,0,0.0,0.0,0.0,,0.0,,1948,2021,6640.0,94.0
GHA__PAK,GHA,PAK,0.0,0.0,0,1.0,1.0,1.0,,1.0,,1948,2021,7511.5,93.0
GHA__PAN,GHA,PAN,0.0,0.0,0,0.0,0.0,0.0,,0.0,,1948,2021,8666.0,174.0
GHA__PER,GHA,PER,0.0,0.0,0,0.0,0.0,0.0,,0.0,,1948,2021,8660.0,124.0
GHA__PHL,GHA,PHL,0.0,0.0,0,0.0,1.0,1.0,,0.0,,1948,2021,13222.5,105.0
GHA__PLW,GHA,PLW,0.0,0.0,0,1.0,1.0,1.0,,0.0,,1948,2021,14866.0,126.0
GHA__PNG,GHA,PNG,0.0,0.0,0,1.0,1.0,1.0,,0.0,,1948,2021,16499.0,174.0
GHA__PRK,GHA,PRK,0.0,0.0,0,0.0,0.0,0.0,,0.0,,1948,2021,12600.5,15.0
GHA__PRT,GHA,PRT,0.0,0.0,0,0.0,0.0,0.0,,0.0,,1948,2021,3704.5,155.0
GHA__PRY,GHA,PRY,0.0,0.0,0,0.0,0.0,0.0,,0.0,,1948,2021,7049.5,67.0
GHA__QAT,GHA,QAT,0.0,0.0,0,1.0,0.0,0.0,,1.0,,1948,2021,5957.0,74.0
GHA__RWA,GHA,RWA,0.0,0.0,0,0.0,1.0,1.0,,0.0,,1948,2021,3556.5,183.0
GHA__SAU,GHA,SAU,0.0,0.0,0,0.0,0.0,0.0,,0.0,,1948,2021,5084.5,861.0
GHA__SDN,GHA,SDN,0.0,0.0,0,1.0,0.0,0.0,,1.0,,1948,2021,3797.5,109.0
GHA__SEN,GHA,SEN,0.0,0.0,0,0.0,0.0,0.0,,0.0,,1948,2021,2041.5,199.0
GHA__SGP,GHA,SGP,0.0,0.0,0,1.0,1.0,1.0,,1.0,,1948,2021,11636.0,152.0
GHA__SLB,GHA,SLB,0.0,0.0,0,1.0,0.0,1.0,,1.0,,1948,2021,17893.0,180.0
GHA__SLE,GHA,SLE,0.0,0.0,0,1.0,1.0,1.0,,1.0,,1948,2021,1386.0,180.0
GHA__SLV,GHA,SLV,0.0,0.0,0,0.0,0.0,0.0,,0.0,,1948,2021,9672.5,183.0
GHA__SOM,GHA,SOM,0.0,0.0,0,1.0,0.0,1.0,,1.0,,1948,2021,5154.0,164.0
GHA__SSD,GHA,SSD,0.0,0.0,0,0.0,0.0,0.0,,1.0,,1948,2021,3603.5,159.0
GHA__STP,GHA,STP,0.0,0.0,0,0.0,0.0,0.0,,0.0,,1948,2021,1062.5,201.0
GHA__SUR,GHA,SUR,0.0,0.0,0,0.0,0.0,0.0,,0.0,,1948,2021,6005.0,164.0
GHA__SWZ,GHA,SWZ,0.0,0.0,0,1.0,0.0,1.0,,1.0,,1948,2021,4984.5,199.0
GHA__SYC,GHA,SYC,0.0,0.0,0,1.0,1.0,1.0,,1.0,,1948,2021,6376.0,176.0
GHA__SYR,GHA,SYR,0.0,0.0,0,0.0,0.0,0.0,,0.0,,1948,2021,4990.0,224.0
GHA__TCD,GHA,TCD,0.0,0.0,0,0.0,0.0,0.0,,0.0,,1948,2021,1876.0,100.0
GHA__TGO,GHA,TGO,1.0,0.0,0,0.0,1.0,0.0,,0.0,,1948,2021,244.5,151.0
GHA__THA,GHA,THA,0.0,0.0,0,0.0,0.0,0.0,,0.0,,1948,2021,11084.0,120.0
GHA__TJK,GHA,TJK,0.0,0.0,0,0.0,0.0,0.0,,0.0,,1948,2021,7825.5,45.0
GHA__TKM,GHA,TKM,0.0,0.0,0,0.0,0.0,0.0,,0.0,,1948,2021,6920.5,41.0
GHA__TLS,GHA,TLS,0.0,0.0,0,0.0,0.0,0.0,,0.0,,1948,2021,14125.0,170.0
GHA__TON,GHA,TON,0.0,0.0,0,1.0,0.0,1.0,,1.0,,1948,2021,18233.5,67.0
GHA__TTO,GHA,TTO,0.0,0.0,0,1.0,1.0,1.0,,1.0,,1948,2021,6684.5,175.0
GHA__TUN,GHA,TUN,0.0,0.0,0,0.0,0.0,0.0,,0.0,,1948,2021,3582.5,75.0
GHA__TUR,GHA,TUR,0.0,0.0,0,0.0,0.0,0.0,,0.0,,1948,2021,4872.5,19.0
GHA__TUV,GHA,TUV,0.0,0.0,0,1.0,0.0,0.0,,1.0,,1948,2021,19728.5,115.0
GHA__TWN,GHA,TWN,0.0,0.0,0,0.0,0.0,0.0,,0.0,,1948,2021,12905.5,69.0
GHA__TZA,GHA,TZA,0.0,0.0,0,1.0,0.0,1.0,,1.0,,1948,2021,4687.0,188.0
GHA__UGA,GHA,UGA,0.0,0.0,0,1.0,1.0,1.0,,1.0,,1948,2021,3776.0,174.0
GHA__URY,GHA,URY,0.0,0.0,0,0.0,0.0,0.0,,0.0,,1948,2021,7350.5,33.0
GHA__USA,GHA,USA,0.0,0.0,0,1.0,1.0,1.0,,0.0,,1948,2021,8145.0,202.0
GHA__UZB,GHA,UZB,0.0,0.0,0,0.0,0.0,0.0,,0.0,,1948,2021,7905.5,35.0
GHA__VCT,GHA,VCT,0.0,0.0,0,1.0,1.0,1.0,,1.0,,1948,2021,6652.0,180.0
GHA__VEN,GHA,VEN,0.0,0.0,0,0.0,0.0,0.0,,0.0,,1948,2021,7271.5,175.0
GHA__VNM,GHA,VNM,0.0,0.0,0,0.0,0.0,0.0,,0.0,,1948,2021,11796.5,125.0
GHA__VUT,GHA,VUT,0.0,0.0,0,1.0,1.0,1.0,,1.0,,1948,2021,18280.0,198.0
GHA__WSM,GHA,WSM,0.0,0.0,0,0.0,1.0,1.0,,0.0,,1948,2021,18703.0,32.0
GHA__YEM,GHA,YEM,0.0,0.0,0,1.0,0.0,0.0,,1.0,,1948,2021,4959.0,260.0
GHA__ZAF,GHA,ZAF,0.0,0.0,0,1.0,1.0,1.0,,0.0,,1948,2021,4750.0,198.0
GHA__ZMB,GHA,ZMB,0.0,0.0,0,1.0,1.0,1.0,,1.0,,1948,2021,3923.0,364.0
GHA__ZWE,GHA,ZWE,0.0,0.0,0,1.0,1.0,1.0,,1.0,,1948,2021,4399.5,201.0
GIN__GMB,GIN,GMB,0.0,0.0,0,0.0,1.0,0.0,,0.0,,1948,2021,542.0,0.0
GIN__GNB,GIN,GNB,1.0,0.0,0,0.0,0.0,0.0,,0.0,,1948,2021,331.0,0.0
GIN__GNQ,GIN,GNQ,0.0,0.0,0,0.0,0.0,1.0,,0.0,,1948,2021,2728.0,0.0
GIN__GRD,GIN,GRD,0.0,0.0,0,0.0,0.0,0.0,,0.0,,1948,2021,5261.0,0.0
GIN__GTM,GIN,GTM,0.0,0.0,0,0.0,0.0,0.0,,0.0,,1948,2021,8352.0,0.0
GIN__GUY,GIN,GUY,0.0,0.0,0,0.0,0.0,0.0,,0.0,,1948,2021,4911.0,0.0
GIN__HND,GIN,HND,0.0,0.0,0,0.0,0.0,0.0,,0.0,,1948,2021,8002.0,0.0
GIN__HTI,GIN,HTI,0.0,0.0,0,1.0,0.0,1.0,,0.0,,1948,2021,6390.0,0.0
GIN__IDN,GIN,IDN,0.0,0.0,0,0.0,0.0,0.0,,0.0,,1948,2021,13471.0,0.0
GIN__IND,GIN,IND,0.0,0.0,0,0.0,0.0,0.0,,0.0,,1948,2021,10068.0,1512.0
GIN__IRN,GIN,IRN,0.0,0.0,0,0.0,0.0,0.0,,0.0,,1948,2021,7148.0,0.0
GIN__IRQ,GIN,IRQ,0.0,0.0,0,0.0,0.0,0.0,,0.0,,1948,2021,6473.0,0.0
GIN__ISR,GIN,ISR,0.0,0.0,0,0.0,1.0,0.0,,0.0,,1948,2021,5562.0,0.0
GIN__ITA,GIN,ITA,0.0,0.0,0,0.0,0.0,0.0,,0.0,,1948,2021,4400.0,0.0
GIN__JAM,GIN,JAM,0.0,0.0,0,0.0,0.0,0.0,,0.0,,1948,2021,6862.0,0.0
GIN__JOR,GIN,JOR,0.0,0.0,0,0.0,0.0,0.0,,0.0,,1948,2021,5665.0,0.0
GIN__JPN,GIN,JPN,0.0,0.0,0,0.0,0.0,0.0,,0.0,,1948,2021,14272.0,0.0
GIN__KAZ,GIN,KAZ,0.0,0.0,0,0.0,0.0,0.0,,0.0,,1948,2021,9334.0,0.0
GIN__KEN,GIN,KEN,0.0,0.0,0,0.0,0.0,0.0,,0.0,,1948,2021,5721.0,0.0
GIN__KGZ,GIN,KGZ,0.0,0.0,0,0.0,0.0,0.0,,0.0,,1948,2021,9151.0,0.0
GIN__KHM,GIN,KHM,0.0,0.0,0,1.0,0.0,0.0,,1.0,,1948,2021,12845.0,0.0
GIN__KIR,GIN,KIR,0.0,0.0,0,0.0,0.0,0.0,,0.0,,1948,2021,18601.0,0.0
GIN__KNA,GIN,KNA,0.0,0.0,0,0.0,0.0,0.0,,0.0,,1948,2021,5369.0,0.0
GIN__KOR,GIN,KOR,0.0,0.0,0,0.0,0.0,0.0,,0.0,,1948,2021,13379.0,0.0
GIN__KWT,GIN,KWT,0.0,0.0,0,0.0,0.0,0.0,,0.0,,1948,2021,6751.0,0.0
GIN__LAO,GIN,LAO,0.0,0.0,0,1.0,0.0,0.0,,1.0,,1948,2021,12393.0,0.0
GIN__LBN,GIN,LBN,0.0,0.0,0,1.0,1.0,1.0,,0.0,,1948,2021,5681.0,0.0
GIN__LBR,GIN,LBR,1.0,0.0,0,0.0,0.0,0.0,,0.0,,1948,2021,479.0,0.0
GIN__LBY,GIN,LBY,0.0,0.0,0,0.0,0.0,0.0,,0.0,,1948,2021,3774.0,0.0
GIN__LCA,GIN,LCA,0.0,0.0,0,0.0,0.0,0.0,,0.0,,1948,2021,5175.0,0.0
GIN__LKA,GIN,LKA,0.0,0.0,0,0.0,0.0,0.0,,0.0,,1948,2021,10272.0,0.0
GIN__LSO,GIN,LSO,0.0,0.0,0,0.0,0.0,0.0,,0.0,,1948,2021,6162.0,0.0
GIN__MAR,GIN,MAR,0.0,0.0,0,1.0,1.0,1.0,,1.0,,1948,2021,2731.0,0.0
GIN__MDG,GIN,MDG,0.0,0.0,0,1.0,1.0,1.0,,1.0,,1948,2021,7416.0,0.0
GIN__MDV,GIN,MDV,0.0,0.0,0,0.0,0.0,0.0,,0.0,,1948,2021,9630.0,0.0
GIN__MEX,GIN,MEX,0.0,0.0,0,0.0,0.0,0.0,,0.0,,1948,2021,9199.0,0.0
GIN__MHL,GIN,MHL,0.0,0.0,0,0.0,0.0,0.0,,0.0,,1948,2021,18082.0,0.0
GIN__MLI,GIN,MLI,1.0,0.0,0,1.0,0.0,1.0,,1.0,,1948,2021,705.0,0.0
GIN__MMR,GIN,MMR,0.0,0.0,0,0.0,0.0,0.0,,0.0,,1948,2021,11775.0,0.0
GIN__MNG,GIN,MNG,0.0,0.0,0,0.0,0.0,0.0,,0.0,,1948,2021,11383.0,0.0
GIN__MOZ,GIN,MOZ,0.0,0.0,0,0.0,0.0,0.0,,0.0,,1948,2021,6357.5,11.0
GIN__MRT,GIN,MRT,0.0,0.0,0,1.0,0.0,0.0,,1.0,,1948,2021,975.0,0.0
GIN__MUS,GIN,MUS,0.0,0.0,0,1.0,1.0,1.0,,0.0,,1948,2021,8453.0,0.0
GIN__MWI,GIN,MWI,0.0,0.0,0,0.0,0.0,0.0,,0.0,,1948,2021,5951.0,202.0
GIN__MYS,GIN,MYS,0.0,0.0,0,0.0,0.0,0.0,,0.0,,1948,2021,12867.5,277.0
GIN__NAM,GIN,NAM,0.0,0.0,0,0.0,0.0,0.0,,0.0,,1948,2021,4885.0,0.0
GIN__NER,GIN,NER,0.0,0.0,0,1.0,1.0,1.0,,1.0,,1948,2021,1773.0,0.0
GIN__NGA,GIN,NGA,0.0,0.0,0,0.0,0.0,0.0,,0.0,,1948,2021,1928.5,37.0
GIN__NIC,GIN,NIC,0.0,0.0,0,0.0,0.0,0.0,,0.0,,1948,2021,7921.0,0.0
GIN__NLD,GIN,NLD,0.0,0.0,0,0.0,0.0,0.0,,0.0,,1948,2021,5005.5,57.0
GIN__NPL,GIN,NPL,0.0,0.0,0,0.0,0.0,0.0,,0.0,,1948,2021,10395.0,0.0
GIN__NRU,GIN,NRU,0.0,0.0,0,0.0,0.0,0.0,,0.0,,1948,2021,19002.0,0.0
GIN__NZL,GIN,NZL,0.0,0.0,0,0.0,0.0,0.0,,0.0,,1948,2021,16866.0,0.0
GIN__OMN,GIN,OMN,0.0,0.0,0,0.0,0.0,0.0,,0.0,,1948,2021,7791.0,0.0
GIN__PAK,GIN,PAK,0.0,0.0,0,0.0,0.0,0.0,,0.0,,1948,2021,8643.0,0.0
GIN__PAN,GIN,PAN,0.0,0.0,0,0.0,0.0,0.0,,0.0,,1948,2021,7226.0,0.0
GIN__PER,GIN,PER,0.0,0.0,0,0.0,0.0,0.0,,0.0,,1948,2021,7407.0,0.0
GIN__PHL,GIN,PHL,0.0,0.0,0,0.0,0.0,0.0,,0.0,,1948,2021,14353.0,0.0
GIN__PLW,GIN,PLW,0.0,0.0,0,0.0,0.0,0.0,,0.0,,1948,2021,16034.0,6.0
GIN__PNG,GIN,PNG,0.0,0.0,0,0.0,0.0,0.0,,0.0,,1948,2021,17932.0,0.0
GIN__PRK,GIN,PRK,0.0,0.0,0,0.0,0.0,0.0,,0.0,,1948,2021,13189.0,0.0
GIN__PRT,GIN,PRT,0.0,0.0,0,0.0,0.0,0.0,,0.0,,1948,2021,3260.0,0.0
GIN__PRY,GIN,PRY,0.0,0.0,0,0.0,0.0,0.0,,0.0,,1948,2021,6133.0,0.0
GIN__QAT,GIN,QAT,0.0,0.0,0,0.0,0.0,0.0,,0.0,,1948,2021,7069.0,10.0
GIN__RWA,GIN,RWA,0.0,0.0,0,0.0,1.0,1.0,,0.0,,1948,2021,5010.0,0.0
GIN__SAU,GIN,SAU,0.0,0.0,0,0.0,0.0,0.0,,0.0,,1948,2021,6221.0,730.0
GIN__SDN,GIN,SDN,0.0,0.0,0,0.0,0.0,0.0,,0.0,,1948,2021,5052.0,0.0
GIN__SEN,GIN,SEN,1.0,0.0,0,1.0,1.0,1.0,,1.0,,1948,2021,701.0,0.0
GIN__SGP,GIN,SGP,0.0,0.0,0,0.0,0.0,0.0,,0.0,,1948,2021,13006.0,0.0
GIN__SLB,GIN,SLB,0.0,0.0,0,0.0,0.0,0.0,,0.0,,1948,2021,19333.0,0.0
GIN__SLE,GIN,SLE,1.0,0.0,0,0.0,0.0,0.0,,0.0,,1948,2021,129.0,0.0
GIN__SLV,GIN,SLV,0.0,0.0,0,0.0,0.0,0.0,,0.0,,1948,2021,8219.0,0.0
GIN__SOM,GIN,SOM,0.0,0.0,0,0.0,0.0,0.0,,0.0,,1948,2021,6578.0,0.0
GIN__SSD,GIN,SSD,0.0,0.0,0,0.0,0.0,0.0,,0.0,,1948,2021,5019.0,0.0
GIN__STP,GIN,STP,0.0,0.0,0,0.0,0.0,0.0,,0.0,,1948,2021,2477.0,0.0
GIN__SUR,GIN,SUR,0.0,0.0,0,0.0,0.0,0.0,,0.0,,1948,2021,4596.0,0.0
GIN__SWZ,GIN,SWZ,0.0,0.0,0,0.0,0.0,0.0,,0.0,,1948,2021,6261.0,0.0
GIN__SYC,GIN,SYC,0.0,0.0,0,1.0,1.0,1.0,,0.0,,1948,2021,7823.0,0.0
GIN__SYR,GIN,SYR,0.0,0.0,0,1.0,0.0,0.0,,1.0,,1948,2021,5822.0,158.0
GIN__TCD,GIN,TCD,0.0,0.0,0,1.0,0.0,1.0,,1.0,,1948,2021,3148.0,0.0
GIN__TGO,GIN,TGO,0.0,0.0,0,1.0,1.0,1.0,,1.0,,1948,2021,1682.0,0.0
GIN__THA,GIN,THA,0.0,0.0,0,0.0,0.0,0.0,,0.0,,1948,2021,12320.0,0.0
GIN__TJK,GIN,TJK,0.0,0.0,0,0.0,0.0,0.0,,0.0,,1948,2021,8699.0,0.0
GIN__TKM,GIN,TKM,0.0,0.0,0,0.0,0.0,0.0,,0.0,,1948,2021,7789.0,0.0
GIN__TLS,GIN,TLS,0.0,0.0,0,0.0,0.0,0.0,,0.0,,1948,2021,15554.0,0.0
GIN__TON,GIN,TON,0.0,0.0,0,0.0,0.0,0.0,,0.0,,1948,2021,17672.0,0.0
GIN__TTO,GIN,TTO,0.0,0.0,0,0.0,0.0,0.0,,0.0,,1948,2021,5243.0,0.0
GIN__TUN,GIN,TUN,0.0,0.0,0,1.0,0.0,1.0,,1.0,,1948,2021,3855.0,0.0
GIN__TUR,GIN,TUR,0.0,0.0,0,0.0,0.0,0.0,,0.0,,1948,2021,5440.0,0.0
GIN__TUV,GIN,TUV,0.0,0.0,0,0.0,0.0,0.0,,0.0,,1948,2021,18619.0,0.0
GIN__TWN,GIN,TWN,0.0,0.0,0,0.0,0.0,0.0,,0.0,,1948,2021,13833.5,5.0
GIN__TZA,GIN,TZA,0.0,0.0,0,0.0,0.0,0.0,,0.0,,1948,2021,6142.0,0.0
GIN__UGA,GIN,UGA,0.0,0.0,0,0.0,0.0,0.0,,0.0,,1948,2021,5222.0,0.0
GIN__URY,GIN,URY,0.0,0.0,0,0.0,0.0,0.0,,0.0,,1948,2021,6647.0,0.0
GIN__USA,GIN,USA,0.0,0.0,0,1.0,0.0,0.0,,0.0,,1948,2021,6834.0,0.0
GIN__UZB,GIN,UZB,0.0,0.0,0,0.0,0.0,0.0,,0.0,,1948,2021,8721.0,0.0
GIN__VCT,GIN,VCT,0.0,0.0,0,0.0,0.0,0.0,,0.0,,1948,2021,5201.0,0.0
GIN__VEN,GIN,VEN,0.0,0.0,0,0.0,0.0,0.0,,0.0,,1948,2021,5830.0,0.0
GIN__VNM,GIN,VNM,0.0,0.0,0,1.0,0.0,0.0,,1.0,,1948,2021,13054.0,0.0
GIN__VUT,GIN,VUT,0.0,0.0,0,1.0,1.0,1.0,,1.0,,1948,2021,19078.0,0.0
GIN__WSM,GIN,WSM,0.0,0.0,0,0.0,0.0,0.0,,0.0,,1948,2021,17604.0,0.0
GIN__YEM,GIN,YEM,0.0,0.0,0,0.0,0.0,0.0,,0.0,,1948,2021,6238.5,133.0
GIN__ZAF,GIN,ZAF,0.0,0.0,0,0.0,0.0,0.0,,0.0,,1948,2021,5944.0,112.0
GIN__ZMB,GIN,ZMB,0.0,0.0,0,0.0,0.0,0.0,,0.0,,1948,2021,5316.5,139.0
GIN__ZWE,GIN,ZWE,0.0,0.0,0,0.0,0.0,0.0,,0.0,,1948,2021,5773.0,0.0
GMB__GNB,GMB,GNB,0.0,0.0,0,0.0,1.0,0.0,,0.0,,1948,2021,211.0,0.0
GMB__GNQ,GMB,GNQ,0.0,0.0,0,0.0,0.0,0.0,,0.0,,1948,2021,3182.0,0.0
GMB__GRD,GMB,GRD,0.0,0.0,0,1.0,1.0,1.0,,1.0,,1948,2021,4890.0,0.0
GMB__GTM,GMB,GTM,0.0,0.0,0,0.0,0.0,0.0,,0.0,,1948,2021,7940.0,0.0
GMB__GUY,GMB,GUY,0.0,0.0,0,1.0,1.0,1.0,,1.0,,1948,2021,4599.0,0.0
GMB__HND,GMB,HND,0.0,0.0,0,0.0,0.0,0.0,,0.0,,1948,2021,7595.0,0.0
GMB__HTI,GMB,HTI,0.0,0.0,0,0.0,0.0,0.0,,0.0,,1948,2021,5962.0,0.0
GMB__IDN,GMB,IDN,0.0,0.0,0,0.0,0.0,0.0,,0.0,,1948,2021,13801.0,0.0
GMB__IND,GMB,IND,0.0,0.0,0,1.0,1.0,1.0,,1.0,,1948,2021,10216.0,1452.0
GMB__IRN,GMB,IRN,0.0,0.0,0,0.0,0.0,0.0,,0.0,,1948,2021,7181.0,0.0
GMB__IRQ,GMB,IRQ,0.0,0.0,0,1.0,0.0,0.0,,0.0,,1948,2021,6524.0,0.0
GMB__ISR,GMB,ISR,0.0,0.0,0,1.0,1.0,1.0,,1.0,,1948,2021,5613.0,0.0
GMB__ITA,GMB,ITA,0.0,0.0,0,0.0,0.0,0.0,,0.0,,1948,2021,4226.0,0.0
GMB__JAM,GMB,JAM,0.0,0.0,0,1.0,1.0,1.0,,1.0,,1948,2021,6436.0,0.0
GMB__JOR,GMB,JOR,0.0,0.0,0,1.0,1.0,0.0,,1.0,,1948,2021,5719.0,0.0
GMB__JPN,GMB,JPN,0.0,0.0,0,0.0,0.0,0.0,,0.0,,1948,2021,14028.0,0.0
GMB__KAZ,GMB,KAZ,0.0,0.0,0,0.0,0.0,0.0,,0.0,,1948,2021,9284.0,0.0
GMB__KEN,GMB,KEN,0.0,0.0,0,1.0,1.0,1.0,,1.0,,1948,2021,6123.0,0.0
GMB__KGZ,GMB,KGZ,0.0,0.0,0,0.0,0.0,0.0,,0.0,,1948,2021,9107.0,0.0
GMB__KHM,GMB,KHM,0.0,0.0,0,0.0,0.0,0.0,,0.0,,1948,2021,13015.0,0.0
GMB__KIR,GMB,KIR,0.0,0.0,0,1.0,1.0,1.0,,1.0,,1948,2021,18062.0,0.0
GMB__KNA,GMB,KNA,0.0,0.0,0,1.0,1.0,1.0,,1.0,,1948,2021,4951.0,0.0
GMB__KOR,GMB,KOR,0.0,0.0,0,0.0,1.0,0.0,,0.0,,1948,2021,13207.0,0.0
GMB__KWT,GMB,KWT,0.0,0.0,0,1.0,1.0,0.0,,1.0,,1948,2021,6849.0,0.0
GMB__LAO,GMB,LAO,0.0,0.0,0,0.0,0.0,0.0,,0.0,,1948,2021,12512.0,0.0
GMB__LBN,GMB,LBN,0.0,0.0,0,0.0,1.0,0.0,,0.0,,1948,2021,5711.0,0.0
GMB__LBR,GMB,LBR,0.0,0.0,0,0.0,1.0,1.0,,0.0,,1948,2021,1021.0,0.0
GMB__LBY,GMB,LBY,0.0,0.0,0,0.0,0.0,0.0,,0.0,,1948,2021,3716.0,0.0
GMB__LCA,GMB,LCA,0.0,0.0,0,1.0,1.0,1.0,,1.0,,1948,2021,4786.0,0.0
GMB__LKA,GMB,LKA,0.0,0.0,0,1.0,0.0,0.0,,1.0,,1948,2021,10541.0,0.0
GMB__LSO,GMB,LSO,0.0,0.0,0,1.0,1.0,1.0,,1.0,,1948,2021,6700.0,0.0
GMB__MAR,GMB,MAR,0.0,0.0,0,0.0,0.0,0.0,,0.0,,1948,2021,2412.0,0.0
GMB__MDG,GMB,MDG,0.0,0.0,0,0.0,0.0,0.0,,0.0,,1948,2021,7899.0,0.0
GMB__MDV,GMB,MDV,0.0,0.0,0,1.0,0.0,0.0,,1.0,,1948,2021,9931.0,0.0
GMB__MEX,GMB,MEX,0.0,0.0,0,0.0,0.0,0.0,,0.0,,1948,2021,8751.0,0.0
GMB__MHL,GMB,MHL,0.0,0.0,0,0.0,1.0,1.0,,0.0,,1948,2021,17568.0,0.0
GMB__MLI,GMB,MLI,0.0,0.0,0,0.0,0.0,0.0,,0.0,,1948,2021,946.0,0.0
GMB__MMR,GMB,MMR,0.0,0.0,0,1.0,0.0,0.0,,1.0,,1948,2021,11924.0,0.0
GMB__MNG,GMB,MNG,0.0,0.0,0,0.0,0.0,0.0,,0.0,,1948,2021,11226.0,0.0
GMB__MOZ,GMB,MOZ,0.0,0.0,0,0.0,0.0,0.0,,0.0,,1948,2021,6885.5,11.0
GMB__MRT,GMB,MRT,0.0,0.0,0,0.0,0.0,0.0,,0.0,,1948,2021,518.0,0.0
GMB__MUS,GMB,MUS,0.0,0.0,0,1.0,1.0,1.0,,1.0,,1948,2021,8928.0,0.0
GMB__MWI,GMB,MWI,0.0,0.0,0,1.0,1.0,1.0,,1.0,,1948,2021,6440.0,208.0
GMB__MYS,GMB,MYS,0.0,0.0,0,1.0,0.0,0.0,,1.0,,1948,2021,13130.5,289.0
GMB__NAM,GMB,NAM,0.0,0.0,0,0.0,1.0,1.0,,0.0,,1948,2021,5425.0,0.0
GMB__NER,GMB,NER,0.0,0.0,0,0.0,0.0,0.0,,0.0,,1948,2021,2034.0,0.0
GMB__NGA,GMB,NGA,0.0,0.0,0,1.0,1.0,1.0,,1.0,,1948,2021,2340.5,17.0
GMB__NIC,GMB,NIC,0.0,0.0,0,0.0,0.0,0.0,,0.0,,1948,2021,7528.0,0.0
GMB__NLD,GMB,NLD,0.0,0.0,0,0.0,0.0,0.0,,0.0,,1948,2021,4697.0,58.0
GMB__NPL,GMB,NPL,0.0,0.0,0,0.0,0.0,0.0,,0.0,,1948,2021,10474.0,0.0
GMB__NRU,GMB,NRU,0.0,0.0,0,1.0,1.0,1.0,,1.0,,1948,2021,18523.0,0.0
GMB__NZL,GMB,NZL,0.0,0.0,0,1.0,1.0,1.0,,0.0,,1948,2021,17175.0,0.0
GMB__OMN,GMB,OMN,0.0,0.0,0,0.0,0.0,0.0,,0.0,,1948,2021,7945.0,0.0
GMB__PAK,GMB,PAK,0.0,0.0,0,1.0,1.0,1.0,,1.0,,1948,2021,8777.0,0.0
GMB__PAN,GMB,PAN,0.0,0.0,0,0.0,0.0,0.0,,0.0,,1948,2021,6863.0,0.0
GMB__PER,GMB,PER,0.0,0.0,0,0.0,0.0,0.0,,0.0,,1948,2021,7233.0,0.0
GMB__PHL,GMB,PHL,0.0,0.0,0,0.0,1.0,1.0,,0.0,,1948,2021,14424.0,0.0
GMB__PLW,GMB,PLW,0.0,0.0,0,1.0,1.0,1.0,,0.0,,1948,2021,16095.5,3.0
GMB__PNG,GMB,PNG,0.0,0.0,0,1.0,1.0,1.0,,0.0,,1948,2021,18219.0,0.0
GMB__PRK,GMB,PRK,0.0,0.0,0,0.0,0.0,0.0,,0.0,,1948,2021,13014.0,0.0
GMB__PRT,GMB,PRT,0.0,0.0,0,0.0,0.0,0.0,,0.0,,1948,2021,2896.0,0.0
GMB__PRY,GMB,PRY,0.0,0.0,0,0.0,0.0,0.0,,0.0,,1948,2021,6174.0,0.0
GMB__QAT,GMB,QAT,0.0,0.0,0,1.0,0.0,0.0,,1.0,,1948,2021,7209.0,10.0
GMB__RWA,GMB,RWA,0.0,0.0,0,0.0,1.0,1.0,,0.0,,1948,2021,5433.0,0.0
GMB__SAU,GMB,SAU,0.0,0.0,0,0.0,0.0,0.0,,0.0,,1948,2021,6384.0,696.0
GMB__SDN,GMB,SDN,0.0,0.0,0,1.0,0.0,0.0,,1.0,,1948,2021,5299.0,0.0
GMB__SEN,GMB,SEN,1.0,0.0,0,0.0,1.0,0.0,,0.0,,1948,2021,160.0,0.0
GMB__SGP,GMB,SGP,0.0,0.0,0,1.0,1.0,1.0,,1.0,,1948,2021,13275.0,0.0
GMB__SLB,GMB,SLB,0.0,0.0,0,1.0,0.0,1.0,,1.0,,1948,2021,19439.0,0.0
GMB__SLE,GMB,SLE,0.0,0.0,0,1.0,1.0,1.0,,1.0,,1948,2021,666.0,0.0
GMB__SLV,GMB,SLV,0.0,0.0,0,0.0,0.0,0.0,,0.0,,1948,2021,7814.0,0.0
GMB__SOM,GMB,SOM,0.0,0.0,0,1.0,0.0,1.0,,1.0,,1948,2021,6938.0,0.0
GMB__SSD,GMB,SSD,0.0,0.0,0,0.0,0.0,0.0,,1.0,,1948,2021,5380.0,0.0
GMB__STP,GMB,STP,0.0,0.0,0,0.0,0.0,0.0,,0.0,,1948,2021,2961.0,0.0
GMB__SUR,GMB,SUR,0.0,0.0,0,0.0,0.0,0.0,,0.0,,1948,2021,4301.0,0.0
GMB__SWZ,GMB,SWZ,0.0,0.0,0,1.0,0.0,1.0,,1.0,,1948,2021,6792.0,0.0
GMB__SYC,GMB,SYC,0.0,0.0,0,1.0,1.0,1.0,,1.0,,1948,2021,8214.0,0.0
GMB__SYR,GMB,SYR,0.0,0.0,0,0.0,0.0,0.0,,0.0,,1948,2021,5843.5,129.0
GMB__TCD,GMB,TCD,0.0,0.0,0,0.0,0.0,0.0,,0.0,,1948,2021,3445.0,0.0
GMB__TGO,GMB,TGO,0.0,0.0,0,0.0,0.0,0.0,,0.0,,1948,2021,2122.0,0.0
GMB__THA,GMB,THA,0.0,0.0,0,0.0,0.0,0.0,,0.0,,1948,2021,12484.0,0.0
GMB__TJK,GMB,TJK,0.0,0.0,0,0.0,0.0,0.0,,0.0,,1948,2021,8701.0,0.0
GMB__TKM,GMB,TKM,0.0,0.0,0,0.0,0.0,0.0,,0.0,,1948,2021,7801.0,0.0
GMB__TLS,GMB,TLS,0.0,0.0,0,0.0,0.0,0.0,,0.0,,1948,2021,15879.0,0.0
GMB__TON,GMB,TON,0.0,0.0,0,1.0,0.0,1.0,,1.0,,1948,2021,17597.0,0.0
GMB__TTO,GMB,TTO,0.0,0.0,0,1.0,1.0,1.0,,1.0,,1948,2021,4885.0,0.0
GMB__TUN,GMB,TUN,0.0,0.0,0,0.0,0.0,0.0,,0.0,,1948,2021,3719.0,0.0
GMB__TUR,GMB,TUR,0.0,0.0,0,0.0,0.0,0.0,,0.0,,1948,2021,5366.0,0.0
GMB__TUV,GMB,TUV,0.0,0.0,0,1.0,0.0,0.0,,1.0,,1948,2021,18215.0,0.0
GMB__TWN,GMB,TWN,0.0,0.0,0,0.0,0.0,0.0,,0.0,,1948,2021,13798.0,4.0
GMB__TZA,GMB,TZA,0.0,0.0,0,1.0,0.0,1.0,,1.0,,1948,2021,6578.0,0.0
GMB__UGA,GMB,UGA,0.0,0.0,0,1.0,1.0,1.0,,1.0,,1948,2021,5620.0,0.0
GMB__URY,GMB,URY,0.0,0.0,0,0.0,0.0,0.0,,0.0,,1948,2021,6778.0,0.0
GMB__USA,GMB,USA,0.0,0.0,0,1.0,1.0,1.0,,0.0,,1948,2021,6303.0,0.0
GMB__UZB,GMB,UZB,0.0,0.0,0,0.0,0.0,0.0,,0.0,,1948,2021,8697.0,0.0
GMB__VCT,GMB,VCT,0.0,0.0,0,1.0,1.0,1.0,,1.0,,1948,2021,4820.0,0.0
GMB__VEN,GMB,VEN,0.0,0.0,0,0.0,0.0,0.0,,0.0,,1948,2021,5469.0,0.0
GMB__VNM,GMB,VNM,0.0,0.0,0,0.0,0.0,0.0,,0.0,,1948,2021,13226.0,0.0
GMB__VUT,GMB,VUT,0.0,0.0,0,1.0,1.0,1.0,,1.0,,1948,2021,19305.0,0.0
GMB__WSM,GMB,WSM,0.0,0.0,0,0.0,1.0,1.0,,0.0,,1948,2021,17341.0,0.0
GMB__YEM,GMB,YEM,0.0,0.0,0,1.0,0.0,0.0,,1.0,,1948,2021,6484.5,127.0
GMB__ZAF,GMB,ZAF,0.0,0.0,0,1.0,1.0,1.0,,0.0,,1948,2021,6480.5,105.0
GMB__ZMB,GMB,ZMB,0.0,0.0,0,1.0,1.0,1.0,,1.0,,1948,2021,5815.5,149.0
GMB__ZWE,GMB,ZWE,0.0,0.0,0,1.0,1.0,1.0,,1.0,,1948,2021,6281.0,0.0
GNB__GNQ,GNB,GNQ,0.0,0.0,0,0.0,0.0,0.0,,0.0,,1948,2021,3010.0,0.0
GNB__GRD,GNB,GRD,0.0,0.0,0,0.0,0.0,0.0,,0.0,,1948,2021,5021.0,0.0
GNB__GTM,GNB,GTM,0.0,0.0,0,0.0,0.0,0.0,,0.0,,1948,2021,8090.0,0.0
GNB__GUY,GNB,GUY,0.0,0.0,0,0.0,0.0,0.0,,0.0,,1948,2021,4704.0,0.0
GNB__HND,GNB,HND,0.0,0.0,0,0.0,0.0,0.0,,0.0,,1948,2021,7743.0,0.0
GNB__HTI,GNB,HTI,0.0,0.0,0,0.0,0.0,0.0,,0.0,,1948,2021,6118.0,0.0
GNB__IDN,GNB,IDN,0.0,0.0,0,0.0,0.0,0.0,,0.0,,1948,2021,13687.0,0.0
GNB__IND,GNB,IND,0.0,0.0,0,0.0,0.0,0.0,,0.0,,1948,2021,10173.0,1476.0
GNB__IRN,GNB,IRN,0.0,0.0,0,0.0,0.0,0.0,,0.0,,1948,2021,7180.0,0.0
GNB__IRQ,GNB,IRQ,0.0,0.0,0,0.0,0.0,0.0,,0.0,,1948,2021,6516.0,0.0
GNB__ISR,GNB,ISR,0.0,0.0,0,0.0,0.0,0.0,,0.0,,1948,2021,5603.0,0.0
GNB__ITA,GNB,ITA,0.0,0.0,0,0.0,0.0,0.0,,0.0,,1948,2021,4302.0,0.0
GNB__JAM,GNB,JAM,0.0,0.0,0,0.0,0.0,0.0,,0.0,,1948,2021,6592.0,0.0
GNB__JOR,GNB,JOR,0.0,0.0,0,0.0,0.0,0.0,,0.0,,1948,2021,5709.0,0.0
GNB__JPN,GNB,JPN,0.0,0.0,0,0.0,0.0,0.0,,0.0,,1948,2021,14139.0,0.0
GNB__KAZ,GNB,KAZ,0.0,0.0,0,0.0,0.0,0.0,,0.0,,1948,2021,9318.0,0.0
GNB__KEN,GNB,KEN,0.0,0.0,0,0.0,0.0,0.0,,0.0,,1948,2021,5975.0,0.0
GNB__KGZ,GNB,KGZ,0.0,0.0,0,0.0,0.0,0.0,,0.0,,1948,2021,9138.0,0.0
GNB__KHM,GNB,KHM,0.0,0.0,0,0.0,0.0,0.0,,0.0,,1948,2021,12966.0,0.0
GNB__KIR,GNB,KIR,0.0,0.0,0,0.0,0.0,0.0,,0.0,,1948,2021,18273.0,0.0
GNB__KNA,GNB,KNA,0.0,0.0,0,0.0,0.0,0.0,,0.0,,1948,2021,5102.0,0.0
GNB__KOR,GNB,KOR,0.0,0.0,0,0.0,0.0,0.0,,0.0,,1948,2021,13291.0,0.0
GNB__KWT,GNB,KWT,0.0,0.0,0,0.0,0.0,0.0,,0.0,,1948,2021,6823.0,0.0
GNB__LAO,GNB,LAO,0.0,0.0,0,0.0,0.0,0.0,,0.0,,1948,2021,12482.0,0.0
GNB__LBN,GNB,LBN,0.0,0.0,0,0.0,0.0,0.0,,0.0,,1948,2021,5710.0,0.0
GNB__LBR,GNB,LBR,0.0,0.0,0,0.0,0.0,0.0,,0.0,,1948,2021,810.0,0.0
GNB__LBY,GNB,LBY,0.0,0.0,0,0.0,0.0,0.0,,0.0,,1948,2021,3745.0,0.0
GNB__LCA,GNB,LCA,0.0,0.0,0,0.0,0.0,0.0,,0.0,,1948,2021,4924.0,0.0
GNB__LKA,GNB,LKA,0.0,0.0,0,0.0,0.0,0.0,,0.0,,1948,2021,10449.0,0.0
GNB__LSO,GNB,LSO,0.0,0.0,0,0.0,0.0,0.0,,0.0,,1948,2021,6493.0,0.0
GNB__MAR,GNB,MAR,0.0,0.0,0,0.0,0.0,0.0,,0.0,,1948,2021,2540.0,0.0
GNB__MDG,GNB,MDG,0.0,0.0,0,0.0,0.0,0.0,,0.0,,1948,2021,7717.0,0.0
GNB__MDV,GNB,MDV,0.0,0.0,0,0.0,0.0,0.0,,0.0,,1948,2021,9826.0,0.0
GNB__MEX,GNB,MEX,0.0,0.0,0,0.0,0.0,0.0,,0.0,,1948,2021,8917.0,0.0
GNB__MHL,GNB,MHL,0.0,0.0,0,0.0,0.0,0.0,,0.0,,1948,2021,17774.0,0.0
GNB__MLI,GNB,MLI,0.0,0.0,0,0.0,0.0,0.0,,0.0,,1948,2021,831.0,0.0
GNB__MMR,GNB,MMR,0.0,0.0,0,0.0,0.0,0.0,,0.0,,1948,2021,11882.0,0.0
GNB__MNG,GNB,MNG,0.0,0.0,0,0.0,0.0,0.0,,0.0,,1948,2021,11302.0,0.0
GNB__MOZ,GNB,MOZ,0.0,0.0,0,1.0,0.0,1.0,,1.0,,1948,2021,6683.0,12.0
GNB__MRT,GNB,MRT,0.0,0.0,0,0.0,0.0,0.0,,0.0,,1948,2021,690.0,0.0
GNB__MUS,GNB,MUS,0.0,0.0,0,0.0,0.0,0.0,,0.0,,1948,2021,8750.0,0.0
GNB__MWI,GNB,MWI,0.0,0.0,0,0.0,0.0,0.0,,0.0,,1948,2021,6255.5,205.0
GNB__MYS,GNB,MYS,0.0,0.0,0,0.0,0.0,0.0,,0.0,,1948,2021,13043.0,284.0
GNB__NAM,GNB,NAM,0.0,0.0,0,0.0,0.0,0.0,,0.0,,1948,2021,5216.0,0.0
GNB__NER,GNB,NER,0.0,0.0,0,0.0,0.0,0.0,,0.0,,1948,2021,1932.0,0.0
GNB__NGA,GNB,NGA,0.0,0.0,0,0.0,0.0,0.0,,0.0,,1948,2021,2183.0,24.0
GNB__NIC,GNB,NIC,0.0,0.0,0,0.0,0.0,0.0,,0.0,,1948,2021,7670.0,0.0
GNB__NLD,GNB,NLD,0.0,0.0,0,0.0,0.0,0.0,,0.0,,1948,2021,4825.5,57.0
GNB__NPL,GNB,NPL,0.0,0.0,0,0.0,0.0,0.0,,0.0,,1948,2021,10458.0,0.0
GNB__NRU,GNB,NRU,0.0,0.0,0,0.0,0.0,0.0,,0.0,,1948,2021,18722.0,0.0
GNB__NZL,GNB,NZL,0.0,0.0,0,0.0,0.0,0.0,,0.0,,1948,2021,17049.0,0.0
GNB__OMN,GNB,OMN,0.0,0.0,0,0.0,0.0,0.0,,0.0,,1948,2021,7897.0,0.0
GNB__PAK,GNB,PAK,0.0,0.0,0,0.0,0.0,0.0,,0.0,,1948,2021,8738.0,0.0
GNB__PAN,GNB,PAN,0.0,0.0,0,0.0,0.0,0.0,,0.0,,1948,2021,6992.0,0.0
GNB__PER,GNB,PER,0.0,0.0,0,0.0,0.0,0.0,,0.0,,1948,2021,7285.0,0.0
GNB__PHL,GNB,PHL,0.0,0.0,0,0.0,0.0,0.0,,0.0,,1948,2021,14415.0,0.0
GNB__PLW,GNB,PLW,0.0,0.0,0,0.0,0.0,0.0,,0.0,,1948,2021,16094.0,4.0
GNB__PNG,GNB,PNG,0.0,0.0,0,0.0,0.0,0.0,,0.0,,1948,2021,18133.0,0.0
GNB__PRK,GNB,PRK,0.0,0.0,0,0.0,0.0,0.0,,0.0,,1948,2021,13099.0,0.0
GNB__PRT,GNB,PRT,0.0,1.0,1,0.0,0.0,1.0,0.0,0.0,1974.0,1948,2021,3043.0,0.0
GNB__PRY,GNB,PRY,0.0,0.0,0,0.0,0.0,0.0,,0.0,,1948,2021,6139.0,0.0
GNB__QAT,GNB,QAT,0.0,0.0,0,0.0,0.0,0.0,,0.0,,1948,2021,7166.0,10.0
GNB__RWA,GNB,RWA,0.0,0.0,0,0.0,0.0,0.0,,0.0,,1948,2021,5276.0,0.0
GNB__SAU,GNB,SAU,0.0,0.0,0,0.0,0.0,0.0,,0.0,,1948,2021,6331.5,709.0
GNB__SDN,GNB,SDN,0.0,0.0,0,0.0,0.0,0.0,,0.0,,1948,2021,5212.0,0.0
GNB__SEN,GNB,SEN,1.0,0.0,0,0.0,0.0,0.0,,0.0,,1948,2021,372.0,0.0
GNB__SGP,GNB,SGP,0.0,0.0,0,0.0,0.0,0.0,,0.0,,1948,2021,13185.0,0.0
GNB__SLB,GNB,SLB,0.0,0.0,0,0.0,0.0,0.0,,0.0,,1948,2021,19472.0,0.0
GNB__SLE,GNB,SLE,0.0,0.0,0,0.0,0.0,0.0,,0.0,,1948,2021,455.0,0.0
GNB__SLV,GNB,SLV,0.0,0.0,0,0.0,0.0,0.0,,0.0,,1948,2021,7961.0,0.0
GNB__SOM,GNB,SOM,0.0,0.0,0,0.0,0.0,0.0,,0.0,,1948,2021,6808.0,0.0
GNB__SSD,GNB,SSD,0.0,0.0,0,0.0,0.0,0.0,,0.0,,1948,2021,5247.0,0.0
GNB__STP,GNB,STP,0.0,0.0,0,1.0,0.0,1.0,,1.0,,1948,2021,2777.0,0.0
GNB__SUR,GNB,SUR,0.0,0.0,0,0.0,0.0,0.0,,0.0,,1948,2021,4399.0,0.0
GNB__SWZ,GNB,SWZ,0.0,0.0,0,0.0,0.0,0.0,,0.0,,1948,2021,6588.0,0.0
GNB__SYC,GNB,SYC,0.0,0.0,0,0.0,0.0,0.0,,0.0,,1948,2021,8071.0,0.0
GNB__SYR,GNB,SYR,0.0,0.0,0,0.0,0.0,0.0,,0.0,,1948,2021,5846.0,140.0
GNB__TCD,GNB,TCD,0.0,0.0,0,0.0,0.0,0.0,,0.0,,1948,2021,3336.0,0.0
GNB__TGO,GNB,TGO,0.0,0.0,0,0.0,0.0,0.0,,0.0,,1948,2021,1953.0,0.0
GNB__THA,GNB,THA,0.0,0.0,0,0.0,0.0,0.0,,0.0,,1948,2021,12436.0,0.0
GNB__TJK,GNB,TJK,0.0,0.0,0,0.0,0.0,0.0,,0.0,,1948,2021,8714.0,0.0
GNB__TKM,GNB,TKM,0.0,0.0,0,0.0,0.0,0.0,,0.0,,1948,2021,7809.0,0.0
GNB__TLS,GNB,TLS,0.0,0.0,0,0.0,0.0,1.0,,1.0,,1948,2021,15769.0,0.0
GNB__TON,GNB,TON,0.0,0.0,0,0.0,0.0,0.0,,0.0,,1948,2021,17625.0,0.0
GNB__TTO,GNB,TTO,0.0,0.0,0,0.0,0.0,0.0,,0.0,,1948,2021,5010.0,0.0
GNB__TUN,GNB,TUN,0.0,0.0,0,0.0,0.0,0.0,,0.0,,1948,2021,3779.0,0.0
GNB__TUR,GNB,TUR,0.0,0.0,0,0.0,0.0,0.0,,0.0,,1948,2021,5405.0,0.0
GNB__TUV,GNB,TUV,0.0,0.0,0,0.0,0.0,0.0,,0.0,,1948,2021,18372.0,0.0
GNB__TWN,GNB,TWN,0.0,0.0,0,0.0,0.0,0.0,,0.0,,1948,2021,13830.5,5.0
GNB__TZA,GNB,TZA,0.0,0.0,0,0.0,0.0,0.0,,0.0,,1948,2021,6416.0,0.0
GNB__UGA,GNB,UGA,0.0,0.0,0,0.0,0.0,0.0,,0.0,,1948,2021,5473.0,0.0
GNB__URY,GNB,URY,0.0,0.0,0,0.0,0.0,0.0,,0.0,,1948,2021,6710.0,0.0
GNB__USA,GNB,USA,0.0,0.0,0,0.0,0.0,0.0,,0.0,,1948,2021,6507.0,0.0
GNB__UZB,GNB,UZB,0.0,0.0,0,0.0,0.0,0.0,,0.0,,1948,2021,8720.0,0.0
GNB__VCT,GNB,VCT,0.0,0.0,0,0.0,0.0,0.0,,0.0,,1948,2021,4955.0,0.0
GNB__VEN,GNB,VEN,0.0,0.0,0,0.0,0.0,0.0,,0.0,,1948,2021,5595.0,0.0
GNB__VNM,GNB,VNM,0.0,0.0,0,0.0,0.0,0.0,,0.0,,1948,2021,13176.0,0.0
GNB__VUT,GNB,VUT,0.0,0.0,0,0.0,0.0,0.0,,0.0,,1948,2021,19238.0,0.0
GNB__WSM,GNB,WSM,0.0,0.0,0,0.0,0.0,0.0,,0.0,,1948,2021,17441.0,0.0
GNB__YEM,GNB,YEM,0.0,0.0,0,0.0,0.0,0.0,,0.0,,1948,2021,6399.5,129.0
GNB__ZAF,GNB,ZAF,0.0,0.0,0,0.0,0.0,0.0,,0.0,,1948,2021,6272.5,111.0
GNB__ZMB,GNB,ZMB,0.0,0.0,0,0.0,0.0,0.0,,0.0,,1948,2021,5626.5,145.0
GNB__ZWE,GNB,ZWE,0.0,0.0,0,0.0,0.0,0.0,,0.0,,1948,2021,6088.0,0.0
GNQ__GRD,GNQ,GRD,0.0,0.0,0,0.0,0.0,0.0,,0.0,,1948,2021,7963.0,0.0
GNQ__GTM,GNQ,GTM,0.0,0.0,0,1.0,1.0,1.0,,0.0,,1948,2021,11073.0,0.0
GNQ__GUY,GNQ,GUY,0.0,0.0,0,0.0,0.0,0.0,,0.0,,1948,2021,7554.0,0.0
GNQ__HND,GNQ,HND,0.0,0.0,0,1.0,1.0,1.0,,0.0,,1948,2021,10720.0,0.0
GNQ__HTI,GNQ,HTI,0.0,0.0,0,0.0,0.0,1.0,,0.0,,1948,2021,9118.0,0.0
GNQ__IDN,GNQ,IDN,0.0,0.0,0,0.0,0.0,0.0,,0.0,,1948,2021,10824.0,0.0
GNQ__IND,GNQ,IND,0.0,0.0,0,0.0,0.0,0.0,,0.0,,1948,2021,7945.0,1638.0
GNQ__IRN,GNQ,IRN,0.0,0.0,0,0.0,0.0,0.0,,0.0,,1948,2021,5697.0,0.0
GNQ__IRQ,GNQ,IRQ,0.0,0.0,0,0.0,0.0,0.0,,0.0,,1948,2021,5017.0,0.0
GNQ__ISR,GNQ,ISR,0.0,0.0,0,0.0,0.0,0.0,,0.0,,1948,2021,4250.0,0.0
GNQ__ITA,GNQ,ITA,0.0,0.0,0,0.0,0.0,0.0,,0.0,,1948,2021,4442.0,0.0
GNQ__JAM,GNQ,JAM,0.0,0.0,0,0.0,0.0,0.0,,0.0,,1948,2021,9589.0,0.0
GNQ__JOR,GNQ,JOR,0.0,0.0,0,0.0,0.0,0.0,,0.0,,1948,2021,4316.0,0.0
GNQ__JPN,GNQ,JPN,0.0,0.0,0,0.0,0.0,0.0,,0.0,,1948,2021,13370.0,0.0
GNQ__KAZ,GNQ,KAZ,0.0,0.0,0,0.0,0.0,0.0,,0.0,,1948,2021,8031.0,0.0
GNQ__KEN,GNQ,KEN,0.0,0.0,0,0.0,0.0,0.0,,0.0,,1948,2021,3031.0,0.0
GNQ__KGZ,GNQ,KGZ,0.0,0.0,0,0.0,0.0,0.0,,0.0,,1948,2021,7838.0,0.0
GNQ__KHM,GNQ,KHM,0.0,0.0,0,0.0,0.0,0.0,,0.0,,1948,2021,10538.0,0.0
GNQ__KIR,GNQ,KIR,0.0,0.0,0,0.0,0.0,0.0,,0.0,,1948,2021,18135.0,0.0
GNQ__KNA,GNQ,KNA,0.0,0.0,0,0.0,0.0,0.0,,0.0,,1948,2021,8096.0,0.0
GNQ__KOR,GNQ,KOR,0.0,0.0,0,0.0,0.0,0.0,,0.0,,1948,2021,12245.0,0.0
GNQ__KWT,GNQ,KWT,0.0,0.0,0,0.0,0.0,0.0,,0.0,,1948,2021,5060.0,0.0
GNQ__LAO,GNQ,LAO,0.0,0.0,0,0.0,0.0,0.0,,0.0,,1948,2021,10254.0,0.0
GNQ__LBN,GNQ,LBN,0.0,0.0,0,0.0,0.0,1.0,,0.0,,1948,2021,4443.0,0.0
GNQ__LBR,GNQ,LBR,0.0,0.0,0,0.0,0.0,0.0,,0.0,,1948,2021,2335.0,0.0
GNQ__LBY,GNQ,LBY,0.0,0.0,0,0.0,0.0,0.0,,0.0,,1948,2021,3451.0,0.0
GNQ__LCA,GNQ,LCA,0.0,0.0,0,0.0,0.0,0.0,,0.0,,1948,2021,7890.0,0.0
GNQ__LKA,GNQ,LKA,0.0,0.0,0,0.0,0.0,0.0,,0.0,,1948,2021,7793.0,0.0
GNQ__LSO,GNQ,LSO,0.0,0.0,0,0.0,0.0,0.0,,0.0,,1948,2021,3933.0,0.0
GNQ__MAR,GNQ,MAR,0.0,0.0,0,0.0,0.0,1.0,,0.0,,1948,2021,3952.0,0.0
GNQ__MDG,GNQ,MDG,0.0,0.0,0,0.0,0.0,1.0,,0.0,,1948,2021,4728.0,0.0
GNQ__MDV,GNQ,MDV,0.0,0.0,0,0.0,0.0,0.0,,0.0,,1948,2021,7089.0,0.0
GNQ__MEX,GNQ,MEX,0.0,0.0,0,1.0,1.0,1.0,,0.0,,1948,2021,11925.0,0.0
GNQ__MHL,GNQ,MHL,0.0,0.0,0,0.0,0.0,0.0,,0.0,,1948,2021,17761.0,0.0
GNQ__MLI,GNQ,MLI,0.0,0.0,0,0.0,0.0,1.0,,0.0,,1948,2021,2293.0,0.0
GNQ__MMR,GNQ,MMR,0.0,0.0,0,0.0,0.0,0.0,,0.0,,1948,2021,9573.0,0.0
GNQ__MNG,GNQ,MNG,0.0,0.0,0,0.0,0.0,0.0,,0.0,,1948,2021,10387.0,0.0
GNQ__MOZ,GNQ,MOZ,0.0,0.0,0,0.0,0.0,0.0,,0.0,,1948,2021,3934.5,9.0
GNQ__MRT,GNQ,MRT,0.0,0.0,0,0.0,0.0,0.0,,0.0,,1948,2021,3336.0,0.0
GNQ__MUS,GNQ,MUS,0.0,0.0,0,0.0,0.0,1.0,,0.0,,1948,2021,5749.0,0.0
GNQ__MWI,GNQ,MWI,0.0,0.0,0,0.0,0.0,0.0,,0.0,,1948,2021,3285.5,219.0
GNQ__MYS,GNQ,MYS,0.0,0.0,0,0.0,0.0,0.0,,0.0,,1948,2021,10344.5,247.0
GNQ__NAM,GNQ,NAM,0.0,0.0,0,0.0,0.0,0.0,,0.0,,1948,2021,2816.0,0.0
GNQ__NER,GNQ,NER,0.0,0.0,0,0.0,0.0,1.0,,0.0,,1948,2021,1540.0,0.0
GNQ__NGA,GNQ,NGA,0.0,0.0,0,0.0,0.0,0.0,,0.0,,1948,2021,881.5,23.0
GNQ__NIC,GNQ,NIC,0.0,0.0,0,1.0,1.0,1.0,,0.0,,1948,2021,10629.0,0.0
GNQ__NLD,GNQ,NLD,0.0,0.0,0,0.0,0.0,0.0,,0.0,,1948,2021,5594.0,46.0
GNQ__NPL,GNQ,NPL,0.0,0.0,0,0.0,0.0,0.0,,0.0,,1948,2021,8496.0,0.0
GNQ__NRU,GNQ,NRU,0.0,0.0,0,0.0,0.0,0.0,,0.0,,1948,2021,17490.0,0.0
GNQ__NZL,GNQ,NZL,0.0,0.0,0,0.0,0.0,0.0,,0.0,,1948,2021,15837.0,0.0
GNQ__OMN,GNQ,OMN,0.0,0.0,0,0.0,0.0,0.0,,0.0,,1948,2021,5781.0,0.0
GNQ__PAK,GNQ,PAK,0.0,0.0,0,0.0,0.0,0.0,,0.0,,1948,2021,6651.0,0.0
GNQ__PAN,GNQ,PAN,0.0,0.0,0,1.0,1.0,1.0,,0.0,,1948,2021,9908.0,0.0
GNQ__PER,GNQ,PER,0.0,0.0,0,1.0,1.0,1.0,,0.0,,1948,2021,9712.0,0.0
GNQ__PHL,GNQ,PHL,0.0,0.0,0,1.0,0.0,0.0,,0.0,,1948,2021,12243.0,0.0
GNQ__PLW,GNQ,PLW,0.0,0.0,0,0.0,0.0,0.0,,0.0,,1948,2021,13819.0,14.0
GNQ__PNG,GNQ,PNG,0.0,0.0,0,0.0,0.0,0.0,,0.0,,1948,2021,15249.0,0.0
GNQ__PRK,GNQ,PRK,0.0,0.0,0,0.0,0.0,0.0,,0.0,,1948,2021,12091.0,0.0
GNQ__PRT,GNQ,PRT,0.0,0.0,0,0.0,0.0,0.0,,0.0,,1948,2021,4512.0,0.0
GNQ__PRY,GNQ,PRY,0.0,0.0,0,1.0,1.0,1.0,,0.0,,1948,2021,7845.0,0.0
GNQ__QAT,GNQ,QAT,0.0,0.0,0,0.0,0.0,0.0,,0.0,,1948,2021,5167.5,9.0
GNQ__RWA,GNQ,RWA,0.0,0.0,0,0.0,0.0,1.0,,0.0,,1948,2021,2297.0,0.0
GNQ__SAU,GNQ,SAU,0.0,0.0,0,0.0,0.0,0.0,,0.0,,1948,2021,4307.0,794.0
GNQ__SDN,GNQ,SDN,0.0,0.0,0,0.0,0.0,0.0,,0.0,,1948,2021,2921.0,0.0
GNQ__SEN,GNQ,SEN,0.0,0.0,0,0.0,0.0,1.0,,0.0,,1948,2021,3310.0,0.0
GNQ__SGP,GNQ,SGP,0.0,0.0,0,0.0,0.0,0.0,,0.0,,1948,2021,10468.0,0.0
GNQ__SLB,GNQ,SLB,0.0,0.0,0,0.0,0.0,0.0,,0.0,,1948,2021,16630.0,0.0
GNQ__SLE,GNQ,SLE,0.0,0.0,0,0.0,0.0,0.0,,0.0,,1948,2021,2651.0,0.0
GNQ__SLV,GNQ,SLV,0.0,0.0,0,1.0,1.0,1.0,,0.0,,1948,2021,10936.0,0.0
GNQ__SOM,GNQ,SOM,0.0,0.0,0,0.0,0.0,0.0,,0.0,,1948,2021,3958.0,0.0
GNQ__SSD,GNQ,SSD,0.0,0.0,0,0.0,0.0,0.0,,0.0,,1948,2021,2447.0,0.0
GNQ__STP,GNQ,STP,0.0,0.0,0,0.0,0.0,0.0,,0.0,,1948,2021,378.0,0.0
GNQ__SUR,GNQ,SUR,0.0,0.0,0,0.0,0.0,0.0,,0.0,,1948,2021,7222.0,0.0
GNQ__SWZ,GNQ,SWZ,0.0,0.0,0,0.0,0.0,0.0,,0.0,,1948,2021,3873.0,0.0
GNQ__SYC,GNQ,SYC,0.0,0.0,0,0.0,0.0,1.0,,0.0,,1948,2021,5132.0,0.0
GNQ__SYR,GNQ,SYR,0.0,0.0,0,0.0,0.0,0.0,,0.0,,1948,2021,4599.0,272.0
GNQ__TCD,GNQ,TCD,0.0,0.0,0,0.0,0.0,1.0,,0.0,,1948,2021,1274.0,0.0
GNQ__TGO,GNQ,TGO,0.0,0.0,0,0.0,0.0,1.0,,0.0,,1948,2021,1061.0,0.0
GNQ__THA,GNQ,THA,0.0,0.0,0,0.0,0.0,0.0,,0.0,,1948,2021,10051.0,0.0
GNQ__TJK,GNQ,TJK,0.0,0.0,0,0.0,0.0,0.0,,0.0,,1948,2021,7225.0,0.0
GNQ__TKM,GNQ,TKM,0.0,0.0,0,0.0,0.0,0.0,,0.0,,1948,2021,6361.0,0.0
GNQ__TLS,GNQ,TLS,0.0,0.0,0,0.0,0.0,0.0,,0.0,,1948,2021,12889.0,0.0
GNQ__TON,GNQ,TON,0.0,0.0,0,0.0,0.0,0.0,,0.0,,1948,2021,17806.0,0.0
GNQ__TTO,GNQ,TTO,0.0,0.0,0,0.0,0.0,0.0,,0.0,,1948,2021,7933.0,0.0
GNQ__TUN,GNQ,TUN,0.0,0.0,0,0.0,0.0,1.0,,0.0,,1948,2021,3871.0,0.0
GNQ__TUR,GNQ,TUR,0.0,0.0,0,0.0,0.0,0.0,,0.0,,1948,2021,4746.0,0.0
GNQ__TUV,GNQ,TUV,0.0,0.0,0,0.0,0.0,0.0,,0.0,,1948,2021,18645.0,0.0
GNQ__TWN,GNQ,TWN,0.0,0.0,0,0.0,0.0,0.0,,0.0,,1948,2021,12106.0,8.0
GNQ__TZA,GNQ,TZA,0.0,0.0,0,0.0,0.0,0.0,,0.0,,1948,2021,3416.0,0.0
GNQ__UGA,GNQ,UGA,0.0,0.0,0,0.0,0.0,0.0,,0.0,,1948,2021,2545.0,0.0
GNQ__URY,GNQ,URY,0.0,0.0,0,1.0,1.0,1.0,,0.0,,1948,2021,7959.0,0.0
GNQ__USA,GNQ,USA,0.0,0.0,0,1.0,1.0,0.0,,0.0,,1948,2021,9351.0,0.0
GNQ__UZB,GNQ,UZB,0.0,0.0,0,0.0,0.0,0.0,,0.0,,1948,2021,7360.0,0.0
GNQ__VCT,GNQ,VCT,0.0,0.0,0,0.0,0.0,0.0,,0.0,,1948,2021,7911.0,0.0
GNQ__VEN,GNQ,VEN,0.0,0.0,0,1.0,1.0,1.0,,0.0,,1948,2021,8519.0,0.0
GNQ__VNM,GNQ,VNM,0.0,0.0,0,0.0,0.0,0.0,,0.0,,1948,2021,10734.0,0.0
GNQ__VUT,GNQ,VUT,0.0,0.0,0,0.0,0.0,1.0,,0.0,,1948,2021,17096.0,0.0
GNQ__WSM,GNQ,WSM,0.0,0.0,0,0.0,0.0,0.0,,0.0,,1948,2021,18670.0,0.0
GNQ__YEM,GNQ,YEM,0.0,0.0,0,0.0,0.0,0.0,,0.0,,1948,2021,3990.5,147.0
GNQ__ZAF,GNQ,ZAF,0.0,0.0,0,0.0,0.0,0.0,,0.0,,1948,2021,3869.5,389.0
GNQ__ZMB,GNQ,ZMB,0.0,0.0,0,0.0,0.0,0.0,,0.0,,1948,2021,2699.5,189.0
GNQ__ZWE,GNQ,ZWE,0.0,0.0,0,0.0,0.0,0.0,,0.0,,1948,2021,3193.0,0.0
GRD__GTM,GRD,GTM,0.0,0.0,0,0.0,0.0,0.0,,0.0,,1948,2021,3129.0,0.0
GRD__GUY,GRD,GUY,0.0,0.0,0,1.0,1.0,1.0,,1.0,,1948,2021,702.0,0.0
GRD__HND,GRD,HND,0.0,0.0,0,0.0,0.0,0.0,,0.0,,1948,2021,2769.0,0.0
GRD__HTI,GRD,HTI,0.0,0.0,0,0.0,0.0,0.0,,0.0,,1948,2021,1344.0,0.0
GRD__IDN,GRD,IDN,0.0,0.0,0,0.0,0.0,0.0,,0.0,,1948,2021,18619.0,0.0
GRD__IND,GRD,IND,0.0,0.0,0,1.0,1.0,1.0,,1.0,,1948,2021,14350.5,1279.0
GRD__IRN,GRD,IRN,0.0,0.0,0,0.0,0.0,0.0,,0.0,,1948,2021,11244.0,0.0
GRD__IRQ,GRD,IRQ,0.0,0.0,0,1.0,0.0,0.0,,0.0,,1948,2021,10739.0,0.0
GRD__ISR,GRD,ISR,0.0,0.0,0,1.0,1.0,1.0,,1.0,,1948,2021,9914.0,0.0
GRD__ITA,GRD,ITA,0.0,0.0,0,0.0,0.0,0.0,,0.0,,1948,2021,7822.0,0.0
GRD__JAM,GRD,JAM,0.0,0.0,0,1.0,1.0,1.0,,1.0,,1948,2021,1745.0,0.0
GRD__JOR,GRD,JOR,0.0,0.0,0,1.0,1.0,0.0,,1.0,,1948,2021,10024.0,0.0
GRD__JPN,GRD,JPN,0.0,0.0,0,0.0,0.0,0.0,,0.0,,1948,2021,14262.0,0.0
GRD__KAZ,GRD,KAZ,0.0,0.0,0,0.0,0.0,0.0,,0.0,,1948,2021,12587.0,0.0
GRD__KEN,GRD,KEN,0.0,0.0,0,1.0,1.0,1.0,,1.0,,1948,2021,10980.0,0.0
GRD__KGZ,GRD,KGZ,0.0,0.0,0,0.0,0.0,0.0,,0.0,,1948,2021,12482.0,0.0
GRD__KHM,GRD,KHM,0.0,0.0,0,0.0,0.0,0.0,,0.0,,1948,2021,17013.0,0.0
GRD__KIR,GRD,KIR,0.0,0.0,0,1.0,1.0,1.0,,1.0,,1948,2021,13807.0,0.0
GRD__KNA,GRD,KNA,0.0,0.0,0,1.0,1.0,1.0,,1.0,,1948,2021,589.0,0.0
GRD__KOR,GRD,KOR,0.0,0.0,0,0.0,1.0,0.0,,0.0,,1948,2021,14437.0,0.0
GRD__KWT,GRD,KWT,0.0,0.0,0,1.0,1.0,0.0,,1.0,,1948,2021,11209.0,0.0
GRD__LAO,GRD,LAO,0.0,0.0,0,0.0,0.0,0.0,,0.0,,1948,2021,16271.0,0.0
GRD__LBN,GRD,LBN,0.0,0.0,0,0.0,1.0,0.0,,0.0,,1948,2021,9929.0,0.0
GRD__LBR,GRD,LBR,0.0,0.0,0,0.0,1.0,1.0,,0.0,,1948,2021,5628.0,0.0
GRD__LBY,GRD,LBY,0.0,0.0,0,0.0,0.0,0.0,,0.0,,1948,2021,7895.0,0.0
GRD__LCA,GRD,LCA,0.0,0.0,0,1.0,1.0,1.0,,1.0,,1948,2021,231.0,0.0
GRD__LKA,GRD,LKA,0.0,0.0,0,1.0,0.0,0.0,,1.0,,1948,2021,15289.0,0.0
GRD__LSO,GRD,LSO,0.0,0.0,0,1.0,1.0,1.0,,1.0,,1948,2021,10588.0,0.0
GRD__MAR,GRD,MAR,0.0,0.0,0,0.0,0.0,0.0,,0.0,,1948,2021,5969.0,0.0
GRD__MDG,GRD,MDG,0.0,0.0,0,0.0,0.0,0.0,,0.0,,1948,2021,12453.0,0.0
GRD__MDV,GRD,MDV,0.0,0.0,0,1.0,0.0,0.0,,1.0,,1948,2021,14766.0,0.0
GRD__MEX,GRD,MEX,0.0,0.0,0,0.0,0.0,0.0,,0.0,,1948,2021,4081.0,0.0
GRD__MHL,GRD,MHL,0.0,0.0,0,0.0,1.0,1.0,,0.0,,1948,2021,13783.0,0.0
GRD__MLI,GRD,MLI,0.0,0.0,0,0.0,0.0,0.0,,0.0,,1948,2021,5835.0,0.0
GRD__MMR,GRD,MMR,0.0,0.0,0,1.0,0.0,0.0,,1.0,,1948,2021,16003.0,0.0
GRD__MNG,GRD,MNG,0.0,0.0,0,0.0,0.0,0.0,,0.0,,1948,2021,13268.0,0.0
GRD__MOZ,GRD,MOZ,0.0,0.0,0,0.0,0.0,0.0,,0.0,,1948,2021,11015.5,13.0
GRD__MRT,GRD,MRT,0.0,0.0,0,0.0,0.0,0.0,,0.0,,1948,2021,4954.0,0.0
GRD__MUS,GRD,MUS,0.0,0.0,0,1.0,1.0,1.0,,1.0,,1948,2021,13506.0,0.0
GRD__MWI,GRD,MWI,0.0,0.0,0,1.0,1.0,1.0,,1.0,,1948,2021,11005.5,165.0
GRD__MYS,GRD,MYS,0.0,0.0,0,1.0,0.0,0.0,,1.0,,1948,2021,17692.5,315.0
GRD__NAM,GRD,NAM,0.0,0.0,0,0.0,1.0,1.0,,0.0,,1948,2021,9404.0,0.0
GRD__NER,GRD,NER,0.0,0.0,0,0.0,0.0,0.0,,0.0,,1948,2021,6915.0,0.0
GRD__NGA,GRD,NGA,0.0,0.0,0,1.0,1.0,1.0,,1.0,,1948,2021,7188.5,37.0
GRD__NIC,GRD,NIC,0.0,0.0,0,0.0,0.0,0.0,,0.0,,1948,2021,2666.0,0.0
GRD__NLD,GRD,NLD,0.0,0.0,0,0.0,0.0,0.0,,0.0,,1948,2021,7354.5,37.0
GRD__NPL,GRD,NPL,0.0,0.0,0,0.0,0.0,0.0,,0.0,,1948,2021,14362.0,0.0
GRD__NRU,GRD,NRU,0.0,0.0,0,1.0,1.0,1.0,,1.0,,1948,2021,14513.0,0.0
GRD__NZL,GRD,NZL,0.0,0.0,0,1.0,1.0,1.0,,0.0,,1948,2021,13777.0,0.0
GRD__OMN,GRD,OMN,0.0,0.0,0,0.0,0.0,0.0,,0.0,,1948,2021,12431.0,0.0
GRD__PAK,GRD,PAK,0.0,0.0,0,1.0,1.0,1.0,,1.0,,1948,2021,13128.0,0.0
GRD__PAN,GRD,PAN,0.0,0.0,0,0.0,0.0,0.0,,0.0,,1948,2021,1974.0,0.0
GRD__PER,GRD,PER,0.0,0.0,0,0.0,0.0,0.0,,0.0,,1948,2021,3155.0,0.0
GRD__PHL,GRD,PHL,0.0,0.0,0,0.0,1.0,1.0,,0.0,,1948,2021,17040.0,0.0
GRD__PLW,GRD,PLW,0.0,0.0,0,1.0,1.0,1.0,,0.0,,1948,2021,17207.5,23.0
GRD__PNG,GRD,PNG,0.0,0.0,0,1.0,1.0,1.0,,0.0,,1948,2021,16860.0,0.0
GRD__PRK,GRD,PRK,0.0,0.0,0,0.0,0.0,0.0,,0.0,,1948,2021,14295.0,0.0
GRD__PRT,GRD,PRT,0.0,0.0,0,0.0,0.0,0.0,,0.0,,1948,2021,5958.0,0.0
GRD__PRY,GRD,PRY,0.0,0.0,0,0.0,0.0,0.0,,0.0,,1948,2021,4157.0,0.0
GRD__QAT,GRD,QAT,0.0,0.0,0,1.0,0.0,0.0,,1.0,,1948,2021,11695.0,10.0
GRD__RWA,GRD,RWA,0.0,0.0,0,0.0,1.0,1.0,,0.0,,1948,2021,10259.0,0.0
GRD__SAU,GRD,SAU,0.0,0.0,0,0.0,0.0,0.0,,0.0,,1948,2021,10983.5,567.0
GRD__SDN,GRD,SDN,0.0,0.0,0,1.0,0.0,0.0,,1.0,,1948,2021,10112.0,0.0
GRD__SEN,GRD,SEN,0.0,0.0,0,0.0,0.0,0.0,,0.0,,1948,2021,4801.0,0.0
GRD__SGP,GRD,SGP,0.0,0.0,0,1.0,1.0,1.0,,1.0,,1948,2021,17850.0,0.0
GRD__SLB,GRD,SLB,0.0,0.0,0,1.0,0.0,1.0,,1.0,,1948,2021,15470.0,0.0
GRD__SLE,GRD,SLE,0.0,0.0,0,1.0,1.0,1.0,,1.0,,1948,2021,5323.0,0.0
GRD__SLV,GRD,SLV,0.0,0.0,0,0.0,0.0,0.0,,0.0,,1948,2021,2982.0,0.0
GRD__SOM,GRD,SOM,0.0,0.0,0,1.0,0.0,1.0,,1.0,,1948,2021,11827.0,0.0
GRD__SSD,GRD,SSD,0.0,0.0,0,0.0,0.0,0.0,,1.0,,1948,2021,10268.0,0.0
GRD__STP,GRD,STP,0.0,0.0,0,0.0,0.0,0.0,,0.0,,1948,2021,7669.0,0.0
GRD__SUR,GRD,SUR,0.0,0.0,0,0.0,0.0,0.0,,0.0,,1948,2021,996.0,0.0
GRD__SWZ,GRD,SWZ,0.0,0.0,0,1.0,0.0,1.0,,1.0,,1948,2021,10884.0,0.0
GRD__SYC,GRD,SYC,0.0,0.0,0,1.0,1.0,1.0,,1.0,,1948,2021,13083.0,0.0
GRD__SYR,GRD,SYR,0.0,0.0,0,0.0,0.0,0.0,,0.0,,1948,2021,10013.0,2.0
GRD__TCD,GRD,TCD,0.0,0.0,0,0.0,0.0,0.0,,0.0,,1948,2021,8327.0,0.0
GRD__TGO,GRD,TGO,0.0,0.0,0,0.0,0.0,0.0,,0.0,,1948,2021,6939.0,0.0
GRD__THA,GRD,THA,0.0,0.0,0,0.0,0.0,0.0,,0.0,,1948,2021,16557.0,0.0
GRD__TJK,GRD,TJK,0.0,0.0,0,0.0,0.0,0.0,,0.0,,1948,2021,12417.0,0.0
GRD__TKM,GRD,TKM,0.0,0.0,0,0.0,0.0,0.0,,0.0,,1948,2021,11689.0,0.0
GRD__TLS,GRD,TLS,0.0,0.0,0,0.0,0.0,0.0,,0.0,,1948,2021,19140.0,0.0
GRD__TON,GRD,TON,0.0,0.0,0,1.0,0.0,1.0,,1.0,,1948,2021,12908.0,0.0
GRD__TTO,GRD,TTO,0.0,0.0,0,1.0,1.0,1.0,,1.0,,1948,2021,156.0,0.0
GRD__TUN,GRD,TUN,0.0,0.0,0,0.0,0.0,0.0,,0.0,,1948,2021,7613.0,0.0
GRD__TUR,GRD,TUR,0.0,0.0,0,0.0,0.0,0.0,,0.0,,1948,2021,9200.0,0.0
GRD__TUV,GRD,TUV,0.0,0.0,0,1.0,0.0,0.0,,1.0,,1948,2021,13361.0,0.0
GRD__TWN,GRD,TWN,0.0,0.0,0,0.0,0.0,0.0,,0.0,,1948,2021,15886.5,5.0
GRD__TZA,GRD,TZA,0.0,0.0,0,1.0,0.0,1.0,,1.0,,1948,2021,11369.0,0.0
GRD__UGA,GRD,UGA,0.0,0.0,0,1.0,1.0,1.0,,1.0,,1948,2021,10482.0,0.0
GRD__URY,GRD,URY,0.0,0.0,0,0.0,0.0,0.0,,0.0,,1948,2021,5223.0,0.0
GRD__USA,GRD,USA,0.0,0.0,0,1.0,1.0,1.0,,0.0,,1948,2021,3395.0,0.0
GRD__UZB,GRD,UZB,0.0,0.0,0,0.0,0.0,0.0,,0.0,,1948,2021,12261.0,0.0
GRD__VCT,GRD,VCT,0.0,0.0,0,1.0,1.0,1.0,,1.0,,1948,2021,135.0,0.0
GRD__VEN,GRD,VEN,0.0,0.0,0,0.0,0.0,0.0,,0.0,,1948,2021,586.0,0.0
GRD__VNM,GRD,VNM,0.0,0.0,0,0.0,0.0,0.0,,0.0,,1948,2021,17182.0,0.0
GRD__VUT,GRD,VUT,0.0,0.0,0,1.0,1.0,1.0,,1.0,,1948,2021,14625.0,0.0
GRD__WSM,GRD,WSM,0.0,0.0,0,0.0,1.0,1.0,,0.0,,1948,2021,12467.0,0.0
GRD__YEM,GRD,YEM,0.0,0.0,0,1.0,0.0,0.0,,1.0,,1948,2021,11274.0,112.0
GRD__ZAF,GRD,ZAF,0.0,0.0,0,1.0,1.0,1.0,,0.0,,1948,2021,10221.5,713.0
GRD__ZMB,GRD,ZMB,0.0,0.0,0,1.0,1.0,1.0,,1.0,,1948,2021,10337.5,65.0
GRD__ZWE,GRD,ZWE,0.0,0.0,0,1.0,1.0,1.0,,1.0,,1948,2021,10713.0,0.0
GTM__GUY,GTM,GUY,0.0,0.0,0,0.0,0.0,0.0,,0.0,,1948,2021,3641.0,0.0
GTM__HND,GTM,HND,1.0,0.0,0,1.0,1.0,1.0,,0.0,,1948,2021,363.0,0.0
GTM__HTI,GTM,HTI,0.0,0.0,0,0.0,0.0,0.0,,0.0,,1948,2021,1989.0,0.0
GTM__IDN,GTM,IDN,0.0,0.0,0,0.0,0.0,0.0,,0.0,,1948,2021,17915.0,0.0
GTM__IND,GTM,IND,0.0,0.0,0,0.0,0.0,0.0,,0.0,,1948,2021,15466.0,854.0
GTM__IRN,GTM,IRN,0.0,0.0,0,0.0,0.0,0.0,,0.0,,1948,2021,13154.0,0.0
GTM__IRQ,GTM,IRQ,0.0,0.0,0,0.0,0.0,0.0,,0.0,,1948,2021,12873.0,0.0
GTM__ISR,GTM,ISR,0.0,0.0,0,0.0,0.0,0.0,,0.0,,1948,2021,12234.0,0.0
GTM__ITA,GTM,ITA,0.0,0.0,0,0.0,0.0,0.0,,0.0,,1948,2021,9981.0,0.0
GTM__JAM,GTM,JAM,0.0,0.0,0,0.0,0.0,0.0,,0.0,,1948,2021,1515.0,0.0
GTM__JOR,GTM,JOR,0.0,0.0,0,0.0,0.0,0.0,,0.0,,1948,2021,12333.0,0.0
GTM__JPN,GTM,JPN,0.0,0.0,0,0.0,0.0,0.0,,0.0,,1948,2021,12341.0,0.0
GTM__KAZ,GTM,KAZ,0.0,0.0,0,0.0,0.0,0.0,,0.0,,1948,2021,13472.0,0.0
GTM__KEN,GTM,KEN,0.0,0.0,0,0.0,0.0,0.0,,0.0,,1948,2021,14063.0,0.0
GTM__KGZ,GTM,KGZ,0.0,0.0,0,0.0,0.0,0.0,,0.0,,1948,2021,13462.0,0.0
GTM__KHM,GTM,KHM,0.0,0.0,0,0.0,0.0,0.0,,0.0,,1948,2021,16653.0,0.0
GTM__KIR,GTM,KIR,0.0,0.0,0,0.0,0.0,0.0,,0.0,,1948,2021,10679.0,0.0
GTM__KNA,GTM,KNA,0.0,0.0,0,0.0,0.0,0.0,,0.0,,1948,2021,2989.0,0.0
GTM__KOR,GTM,KOR,0.0,0.0,0,0.0,0.0,0.0,,0.0,,1948,2021,13031.0,0.0
GTM__KWT,GTM,KWT,0.0,0.0,0,0.0,0.0,0.0,,0.0,,1948,2021,13419.0,0.0
GTM__LAO,GTM,LAO,0.0,0.0,0,0.0,0.0,0.0,,0.0,,1948,2021,16127.0,0.0
GTM__LBN,GTM,LBN,0.0,0.0,0,0.0,0.0,0.0,,0.0,,1948,2021,12177.0,0.0
GTM__LBR,GTM,LBR,0.0,0.0,0,0.0,0.0,0.0,,0.0,,1948,2021,8741.0,0.0
GTM__LBY,GTM,LBY,0.0,0.0,0,0.0,0.0,0.0,,0.0,,1948,2021,10378.0,0.0
GTM__LCA,GTM,LCA,0.0,0.0,0,0.0,0.0,0.0,,0.0,,1948,2021,3185.0,0.0
GTM__LKA,GTM,LKA,0.0,0.0,0,0.0,0.0,0.0,,0.0,,1948,2021,17401.0,0.0
GTM__LSO,GTM,LSO,0.0,0.0,0,0.0,0.0,0.0,,0.0,,1948,2021,13497.0,0.0
GTM__MAR,GTM,MAR,0.0,0.0,0,0.0,0.0,0.0,,0.0,,1948,2021,8481.0,0.0
GTM__MDG,GTM,MDG,0.0,0.0,0,0.0,0.0,0.0,,0.0,,1948,2021,15548.0,0.0
GTM__MDV,GTM,MDV,0.0,0.0,0,0.0,0.0,0.0,,0.0,,1948,2021,17294.0,0.0
GTM__MEX,GTM,MEX,1.0,0.0,0,1.0,1.0,1.0,,0.0,,1948,2021,1060.0,0.0
GTM__MHL,GTM,MHL,0.0,0.0,0,0.0,0.0,0.0,,0.0,,1948,2021,10684.0,0.0
GTM__MLI,GTM,MLI,0.0,0.0,0,0.0,0.0,0.0,,0.0,,1948,2021,8879.0,0.0
GTM__MMR,GTM,MMR,0.0,0.0,0,0.0,0.0,0.0,,0.0,,1948,2021,16454.0,0.0
GTM__MNG,GTM,MNG,0.0,0.0,0,0.0,0.0,0.0,,0.0,,1948,2021,12868.0,0.0
GTM__MOZ,GTM,MOZ,0.0,0.0,0,0.0,0.0,0.0,,0.0,,1948,2021,13996.5,13.0
GTM__MRT,GTM,MRT,0.0,0.0,0,0.0,0.0,0.0,,0.0,,1948,2021,7921.0,0.0
GTM__MUS,GTM,MUS,0.0,0.0,0,0.0,0.0,0.0,,0.0,,1948,2021,16587.0,0.0
GTM__MWI,GTM,MWI,0.0,0.0,0,0.0,0.0,0.0,,0.0,,1948,2021,14120.0,156.0
GTM__MYS,GTM,MYS,0.0,0.0,0,0.0,0.0,0.0,,0.0,,1948,2021,17642.0,18.0
GTM__NAM,GTM,NAM,0.0,0.0,0,0.0,0.0,0.0,,0.0,,1948,2021,12410.0,0.0
GTM__NER,GTM,NER,0.0,0.0,0,0.0,0.0,0.0,,0.0,,1948,2021,9921.0,0.0
GTM__NGA,GTM,NGA,0.0,0.0,0,0.0,0.0,0.0,,0.0,,1948,2021,10271.5,27.0
GTM__NIC,GTM,NIC,0.0,0.0,0,1.0,1.0,1.0,,0.0,,1948,2021,539.0,0.0
GTM__NLD,GTM,NLD,0.0,0.0,0,0.0,0.0,0.0,,0.0,,1948,2021,9089.0,16.0
GTM__NPL,GTM,NPL,0.0,0.0,0,0.0,0.0,0.0,,0.0,,1948,2021,15301.0,0.0
GTM__NRU,GTM,NRU,0.0,0.0,0,0.0,0.0,0.0,,0.0,,1948,2021,11385.0,0.0
GTM__NZL,GTM,NZL,0.0,0.0,0,0.0,0.0,0.0,,0.0,,1948,2021,11386.0,0.0
GTM__OMN,GTM,OMN,0.0,0.0,0,0.0,0.0,0.0,,0.0,,1948,2021,14615.0,0.0
GTM__PAK,GTM,PAK,0.0,0.0,0,0.0,0.0,0.0,,0.0,,1948,2021,15009.0,0.0
GTM__PAN,GTM,PAN,0.0,0.0,0,1.0,1.0,1.0,,0.0,,1948,2021,1351.0,0.0
GTM__PER,GTM,PER,0.0,0.0,0,1.0,1.0,1.0,,0.0,,1948,2021,3303.0,0.0
GTM__PHL,GTM,PHL,0.0,0.0,0,1.0,0.0,0.0,,0.0,,1948,2021,15280.0,0.0
GTM__PLW,GTM,PLW,0.0,0.0,0,0.0,0.0,0.0,,0.0,,1948,2021,14489.5,21.0
GTM__PNG,GTM,PNG,0.0,0.0,0,0.0,0.0,0.0,,0.0,,1948,2021,13740.0,0.0
GTM__PRK,GTM,PRK,0.0,0.0,0,0.0,0.0,0.0,,0.0,,1948,2021,12977.0,0.0
GTM__PRT,GTM,PRT,0.0,0.0,0,0.0,0.0,0.0,,0.0,,1948,2021,8271.0,0.0
GTM__PRY,GTM,PRY,0.0,0.0,0,1.0,1.0,1.0,,0.0,,1948,2021,5677.0,0.0
GTM__QAT,GTM,QAT,0.0,0.0,0,0.0,0.0,0.0,,0.0,,1948,2021,13980.0,8.0
GTM__RWA,GTM,RWA,0.0,0.0,0,0.0,0.0,0.0,,0.0,,1948,2021,13362.0,0.0
GTM__SAU,GTM,SAU,0.0,0.0,0,0.0,0.0,0.0,,0.0,,1948,2021,13477.5,365.0
GTM__SDN,GTM,SDN,0.0,0.0,0,0.0,0.0,0.0,,0.0,,1948,2021,12933.0,0.0
GTM__SEN,GTM,SEN,0.0,0.0,0,0.0,0.0,0.0,,0.0,,1948,2021,7833.0,0.0
GTM__SGP,GTM,SGP,0.0,0.0,0,0.0,0.0,0.0,,0.0,,1948,2021,17651.0,0.0
GTM__SLB,GTM,SLB,0.0,0.0,0,0.0,0.0,0.0,,0.0,,1948,2021,12366.0,0.0
GTM__SLE,GTM,SLE,0.0,0.0,0,0.0,0.0,0.0,,0.0,,1948,2021,8424.0,0.0
GTM__SLV,GTM,SLV,1.0,0.0,0,1.0,1.0,1.0,,0.0,,1948,2021,177.0,0.0
GTM__SOM,GTM,SOM,0.0,0.0,0,0.0,0.0,0.0,,0.0,,1948,2021,14832.0,0.0
GTM__SSD,GTM,SSD,0.0,0.0,0,0.0,0.0,0.0,,0.0,,1948,2021,13294.0,0.0
GTM__STP,GTM,STP,0.0,0.0,0,0.0,0.0,0.0,,0.0,,1948,2021,10790.0,0.0
GTM__SUR,GTM,SUR,0.0,0.0,0,0.0,0.0,0.0,,0.0,,1948,2021,3987.0,0.0
GTM__SWZ,GTM,SWZ,0.0,0.0,0,0.0,0.0,0.0,,0.0,,1948,2021,13858.0,0.0
GTM__SYC,GTM,SYC,0.0,0.0,0,0.0,0.0,0.0,,0.0,,1948,2021,16146.0,0.0
GTM__SYR,GTM,SYR,0.0,0.0,0,0.0,0.0,0.0,,0.0,,1948,2021,12210.0,110.0
GTM__TCD,GTM,TCD,0.0,0.0,0,0.0,0.0,0.0,,0.0,,1948,2021,11312.0,0.0
GTM__TGO,GTM,TGO,0.0,0.0,0,0.0,0.0,0.0,,0.0,,1948,2021,10034.0,0.0
GTM__THA,GTM,THA,0.0,0.0,0,0.0,0.0,0.0,,0.0,,1948,2021,16646.0,0.0
GTM__TJK,GTM,TJK,0.0,0.0,0,0.0,0.0,0.0,,0.0,,1948,2021,13741.0,0.0
GTM__TKM,GTM,TKM,0.0,0.0,0,0.0,0.0,0.0,,0.0,,1948,2021,13348.0,0.0
GTM__TLS,GTM,TLS,0.0,0.0,0,0.0,0.0,0.0,,0.0,,1948,2021,16046.0,0.0
GTM__TON,GTM,TON,0.0,0.0,0,0.0,0.0,0.0,,0.0,,1948,2021,10056.0,0.0
GTM__TTO,GTM,TTO,0.0,0.0,0,0.0,0.0,0.0,,0.0,,1948,2021,3180.0,0.0
GTM__TUN,GTM,TUN,0.0,0.0,0,0.0,0.0,0.0,,0.0,,1948,2021,9974.0,0.0
GTM__TUR,GTM,TUR,0.0,0.0,0,0.0,0.0,0.0,,0.0,,1948,2021,11265.0,0.0
GTM__TUV,GTM,TUV,0.0,0.0,0,0.0,0.0,0.0,,0.0,,1948,2021,10282.0,0.0
GTM__TWN,GTM,TWN,0.0,0.0,0,0.0,0.0,0.0,,0.0,,1948,2021,14419.5,9.0
GTM__TZA,GTM,TZA,0.0,0.0,0,0.0,0.0,0.0,,0.0,,1948,2021,14488.0,0.0
GTM__UGA,GTM,UGA,0.0,0.0,0,0.0,0.0,0.0,,0.0,,1948,2021,13560.0,0.0
GTM__URY,GTM,URY,0.0,0.0,0,1.0,1.0,1.0,,0.0,,1948,2021,6568.0,0.0
GTM__USA,GTM,USA,0.0,0.0,0,1.0,1.0,0.0,,0.0,,1948,2021,3308.0,0.0
GTM__UZB,GTM,UZB,0.0,0.0,0,0.0,0.0,0.0,,0.0,,1948,2021,13478.0,0.0
GTM__VCT,GTM,VCT,0.0,0.0,0,0.0,0.0,0.0,,0.0,,1948,2021,3170.0,0.0
GTM__VEN,GTM,VEN,0.0,0.0,0,1.0,1.0,1.0,,0.0,,1948,2021,2609.0,0.0
GTM__VNM,GTM,VNM,0.0,0.0,0,0.0,0.0,0.0,,0.0,,1948,2021,16628.0,0.0
GTM__VUT,GTM,VUT,0.0,0.0,0,0.0,0.0,0.0,,0.0,,1948,2021,11657.0,0.0
GTM__WSM,GTM,WSM,0.0,0.0,0,0.0,0.0,0.0,,0.0,,1948,2021,9484.0,0.0
GTM__YEM,GTM,YEM,0.0,0.0,0,0.0,0.0,0.0,,0.0,,1948,2021,14002.5,83.0
GTM__ZAF,GTM,ZAF,0.0,0.0,0,0.0,0.0,0.0,,0.0,,1948,2021,13096.0,906.0
GTM__ZMB,GTM,ZMB,0.0,0.0,0,0.0,0.0,0.0,,0.0,,1948,2021,13451.0,52.0
GTM__ZWE,GTM,ZWE,0.0,0.0,0,0.0,0.0,0.0,,0.0,,1948,2021,13803.0,0.0
GUY__HND,GUY,HND,0.0,0.0,0,0.0,0.0,0.0,,0.0,,1948,2021,3278.0,0.0
GUY__HTI,GUY,HTI,0.0,0.0,0,0.0,0.0,0.0,,0.0,,1948,2021,2012.0,0.0
GUY__IDN,GUY,IDN,0.0,0.0,0,0.0,0.0,0.0,,0.0,,1948,2021,18376.0,0.0
GUY__IND,GUY,IND,0.0,0.0,0,1.0,1.0,1.0,,1.0,,1948,2021,14486.0,1304.0
GUY__IRN,GUY,IRN,0.0,0.0,0,0.0,0.0,0.0,,0.0,,1948,2021,11309.0,0.0
GUY__IRQ,GUY,IRQ,0.0,0.0,0,1.0,0.0,0.0,,0.0,,1948,2021,10755.0,0.0
GUY__ISR,GUY,ISR,0.0,0.0,0,1.0,1.0,1.0,,1.0,,1948,2021,9891.0,0.0
GUY__ITA,GUY,ITA,0.0,0.0,0,0.0,0.0,0.0,,0.0,,1948,2021,7907.0,0.0
GUY__JAM,GUY,JAM,0.0,0.0,0,1.0,1.0,1.0,,1.0,,1948,2021,2372.0,0.0
GUY__JOR,GUY,JOR,0.0,0.0,0,1.0,1.0,0.0,,1.0,,1948,2021,10002.0,0.0
GUY__JPN,GUY,JPN,0.0,0.0,0,0.0,0.0,0.0,,0.0,,1948,2021,14947.0,0.0
GUY__KAZ,GUY,KAZ,0.0,0.0,0,0.0,0.0,0.0,,0.0,,1948,2021,12858.0,0.0
GUY__KEN,GUY,KEN,0.0,0.0,0,1.0,1.0,1.0,,1.0,,1948,2021,10585.0,0.0
GUY__KGZ,GUY,KGZ,0.0,0.0,0,0.0,0.0,0.0,,0.0,,1948,2021,12735.0,0.0
GUY__KHM,GUY,KHM,0.0,0.0,0,0.0,0.0,0.0,,0.0,,1948,2021,17255.0,0.0
GUY__KIR,GUY,KIR,0.0,0.0,0,1.0,1.0,1.0,,1.0,,1948,2021,14285.0,0.0
GUY__KNA,GUY,KNA,0.0,0.0,0,1.0,1.0,1.0,,1.0,,1948,2021,1262.0,0.0
GUY__KOR,GUY,KOR,0.0,0.0,0,0.0,1.0,0.0,,0.0,,1948,2021,15063.0,0.0
GUY__KWT,GUY,KWT,0.0,0.0,0,1.0,1.0,0.0,,1.0,,1948,2021,11188.0,0.0
GUY__LAO,GUY,LAO,0.0,0.0,0,0.0,0.0,0.0,,0.0,,1948,2021,16555.0,0.0
GUY__LBN,GUY,LBN,0.0,0.0,0,0.0,1.0,0.0,,0.0,,1948,2021,9930.0,0.0
GUY__LBR,GUY,LBR,0.0,0.0,0,0.0,1.0,1.0,,0.0,,1948,2021,5236.0,0.0
GUY__LBY,GUY,LBY,0.0,0.0,0,0.0,0.0,0.0,,0.0,,1948,2021,7863.0,0.0
GUY__LCA,GUY,LCA,0.0,0.0,0,1.0,1.0,1.0,,1.0,,1948,2021,855.0,0.0
GUY__LKA,GUY,LKA,0.0,0.0,0,1.0,0.0,0.0,,1.0,,1948,2021,15129.0,0.0
GUY__LSO,GUY,LSO,0.0,0.0,0,1.0,1.0,1.0,,1.0,,1948,2021,9961.0,0.0
GUY__MAR,GUY,MAR,0.0,0.0,0,0.0,0.0,0.0,,0.0,,1948,2021,5978.0,0.0
GUY__MDG,GUY,MDG,0.0,0.0,0,0.0,0.0,0.0,,0.0,,1948,2021,11908.0,0.0
GUY__MDV,GUY,MDV,0.0,0.0,0,1.0,0.0,0.0,,1.0,,1948,2021,14529.0,0.0
GUY__MEX,GUY,MEX,0.0,0.0,0,0.0,0.0,0.0,,0.0,,1948,2021,4644.0,0.0
GUY__MHL,GUY,MHL,0.0,0.0,0,0.0,1.0,1.0,,0.0,,1948,2021,14324.0,0.0
GUY__MLI,GUY,MLI,0.0,0.0,0,0.0,0.0,0.0,,0.0,,1948,2021,5533.0,0.0
GUY__MMR,GUY,MMR,0.0,0.0,0,1.0,0.0,0.0,,1.0,,1948,2021,16172.0,0.0
GUY__MNG,GUY,MNG,0.0,0.0,0,0.0,0.0,0.0,,0.0,,1948,2021,13769.0,0.0
GUY__MOZ,GUY,MOZ,0.0,0.0,0,0.0,0.0,0.0,,0.0,,1948,2021,10410.5,13.0
GUY__MRT,GUY,MRT,0.0,0.0,0,0.0,0.0,0.0,,0.0,,1948,2021,4739.0,0.0
GUY__MUS,GUY,MUS,0.0,0.0,0,1.0,1.0,1.0,,1.0,,1948,2021,12952.0,0.0
GUY__MWI,GUY,MWI,0.0,0.0,0,1.0,1.0,1.0,,1.0,,1948,2021,10482.5,151.0
GUY__MYS,GUY,MYS,0.0,0.0,0,1.0,0.0,0.0,,1.0,,1948,2021,17688.0,306.0
GUY__NAM,GUY,NAM,0.0,0.0,0,0.0,1.0,1.0,,0.0,,1948,2021,8805.0,0.0
GUY__NER,GUY,NER,0.0,0.0,0,0.0,0.0,0.0,,0.0,,1948,2021,6631.0,0.0
GUY__NGA,GUY,NGA,0.0,0.0,0,1.0,1.0,1.0,,1.0,,1948,2021,6825.5,47.0
GUY__NIC,GUY,NIC,0.0,0.0,0,0.0,0.0,0.0,,0.0,,1948,2021,3139.0,0.0
GUY__NLD,GUY,NLD,0.0,0.0,0,0.0,0.0,0.0,,0.0,,1948,2021,7580.0,42.0
GUY__NPL,GUY,NPL,0.0,0.0,0,0.0,0.0,0.0,,0.0,,1948,2021,14542.0,0.0
GUY__NRU,GUY,NRU,0.0,0.0,0,1.0,1.0,1.0,,1.0,,1948,2021,14985.0,0.0
GUY__NZL,GUY,NZL,0.0,0.0,0,1.0,1.0,1.0,,0.0,,1948,2021,13726.0,0.0
GUY__OMN,GUY,OMN,0.0,0.0,0,0.0,0.0,0.0,,0.0,,1948,2021,12382.0,0.0
GUY__PAK,GUY,PAK,0.0,0.0,0,1.0,1.0,1.0,,1.0,,1948,2021,13138.0,0.0
GUY__PAN,GUY,PAN,0.0,0.0,0,0.0,0.0,0.0,,0.0,,1948,2021,2368.0,0.0
GUY__PER,GUY,PER,0.0,0.0,0,0.0,0.0,0.0,,0.0,,1948,2021,2951.0,0.0
GUY__PHL,GUY,PHL,0.0,0.0,0,0.0,1.0,1.0,,0.0,,1948,2021,17634.0,0.0
GUY__PLW,GUY,PLW,0.0,0.0,0,1.0,1.0,1.0,,0.0,,1948,2021,17905.5,23.0
GUY__PNG,GUY,PNG,0.0,0.0,0,1.0,1.0,1.0,,0.0,,1948,2021,17230.0,0.0
GUY__PRK,GUY,PRK,0.0,0.0,0,0.0,0.0,0.0,,0.0,,1948,2021,14913.0,0.0
GUY__PRT,GUY,PRT,0.0,0.0,0,0.0,0.0,0.0,,0.0,,1948,2021,6047.0,0.0
GUY__PRY,GUY,PRY,0.0,0.0,0,0.0,0.0,0.0,,0.0,,1948,2021,3552.0,0.0
GUY__QAT,GUY,QAT,0.0,0.0,0,1.0,0.0,0.0,,1.0,,1948,2021,11637.5,11.0
GUY__RWA,GUY,RWA,0.0,0.0,0,0.0,1.0,1.0,,0.0,,1948,2021,9847.0,0.0
GUY__SAU,GUY,SAU,0.0,0.0,0,0.0,0.0,0.0,,0.0,,1948,2021,10873.5,625.0
GUY__SDN,GUY,SDN,0.0,0.0,0,1.0,0.0,0.0,,1.0,,1948,2021,9890.0,0.0
GUY__SEN,GUY,SEN,0.0,0.0,0,0.0,0.0,0.0,,0.0,,1948,2021,4530.0,0.0
GUY__SGP,GUY,SGP,0.0,0.0,0,1.0,1.0,1.0,,1.0,,1948,2021,17841.0,0.0
GUY__SLB,GUY,SLB,0.0,0.0,0,1.0,0.0,1.0,,1.0,,1948,2021,15829.0,0.0
GUY__SLE,GUY,SLE,0.0,0.0,0,1.0,1.0,1.0,,1.0,,1948,2021,4958.0,0.0
GUY__SLV,GUY,SLV,0.0,0.0,0,0.0,0.0,0.0,,0.0,,1948,2021,3480.0,0.0
GUY__SOM,GUY,SOM,0.0,0.0,0,1.0,0.0,1.0,,1.0,,1948,2021,11482.0,0.0
GUY__SSD,GUY,SSD,0.0,0.0,0,0.0,0.0,0.0,,1.0,,1948,2021,9926.0,0.0
GUY__STP,GUY,STP,0.0,0.0,0,0.0,0.0,0.0,,0.0,,1948,2021,7239.0,0.0
GUY__SUR,GUY,SUR,1.0,0.0,0,0.0,1.0,0.0,,0.0,,1948,2021,347.0,0.0
GUY__SWZ,GUY,SWZ,0.0,0.0,0,1.0,0.0,1.0,,1.0,,1948,2021,10277.0,0.0
GUY__SYC,GUY,SYC,0.0,0.0,0,1.0,1.0,1.0,,1.0,,1948,2021,12684.0,0.0
GUY__SYR,GUY,SYR,0.0,0.0,0,0.0,0.0,0.0,,0.0,,1948,2021,10027.5,33.0
GUY__TCD,GUY,TCD,0.0,0.0,0,0.0,0.0,0.0,,0.0,,1948,2021,8039.0,0.0
GUY__TGO,GUY,TGO,0.0,0.0,0,0.0,0.0,0.0,,0.0,,1948,2021,6563.0,0.0
GUY__THA,GUY,THA,0.0,0.0,0,0.0,0.0,0.0,,0.0,,1948,2021,16749.0,0.0
GUY__TJK,GUY,TJK,0.0,0.0,0,0.0,0.0,0.0,,0.0,,1948,2021,12593.0,0.0
GUY__TKM,GUY,TKM,0.0,0.0,0,0.0,0.0,0.0,,0.0,,1948,2021,11808.0,0.0
GUY__TLS,GUY,TLS,0.0,0.0,0,0.0,0.0,0.0,,0.0,,1948,2021,19576.0,0.0
GUY__TON,GUY,TON,0.0,0.0,0,1.0,0.0,1.0,,1.0,,1948,2021,13092.0,0.0
GUY__TTO,GUY,TTO,0.0,0.0,0,1.0,1.0,1.0,,1.0,,1948,2021,565.0,0.0
GUY__TUN,GUY,TUN,0.0,0.0,0,0.0,0.0,0.0,,0.0,,1948,2021,7634.0,0.0
GUY__TUR,GUY,TUR,0.0,0.0,0,0.0,0.0,0.0,,0.0,,1948,2021,9276.0,0.0
GUY__TUV,GUY,TUV,0.0,0.0,0,1.0,0.0,0.0,,1.0,,1948,2021,13711.0,0.0
GUY__TWN,GUY,TWN,0.0,0.0,0,0.0,0.0,0.0,,0.0,,1948,2021,16482.0,4.0
GUY__TZA,GUY,TZA,0.0,0.0,0,1.0,0.0,1.0,,1.0,,1948,2021,10923.0,0.0
GUY__UGA,GUY,UGA,0.0,0.0,0,1.0,1.0,1.0,,1.0,,1948,2021,10096.0,0.0
GUY__URY,GUY,URY,0.0,0.0,0,0.0,0.0,0.0,,0.0,,1948,2021,4613.0,0.0
GUY__USA,GUY,USA,0.0,0.0,0,1.0,1.0,1.0,,0.0,,1948,2021,4074.0,0.0
GUY__UZB,GUY,UZB,0.0,0.0,0,0.0,0.0,0.0,,0.0,,1948,2021,12469.0,0.0
GUY__VCT,GUY,VCT,0.0,0.0,0,1.0,1.0,1.0,,1.0,,1948,2021,779.0,0.0
GUY__VEN,GUY,VEN,1.0,0.0,0,0.0,0.0,0.0,,0.0,,1948,2021,1043.0,0.0
GUY__VNM,GUY,VNM,0.0,0.0,0,0.0,0.0,0.0,,0.0,,1948,2021,17449.0,0.0
GUY__VUT,GUY,VUT,0.0,0.0,0,1.0,1.0,1.0,,1.0,,1948,2021,14850.0,0.0
GUY__WSM,GUY,WSM,0.0,0.0,0,0.0,1.0,1.0,,0.0,,1948,2021,12743.0,0.0
GUY__YEM,GUY,YEM,0.0,0.0,0,1.0,0.0,0.0,,1.0,,1948,2021,11071.5,123.0
GUY__ZAF,GUY,ZAF,0.0,0.0,0,1.0,1.0,1.0,,0.0,,1948,2021,9588.5,761.0
GUY__ZMB,GUY,ZMB,0.0,0.0,0,1.0,1.0,1.0,,1.0,,1948,2021,9813.5,45.0
GUY__ZWE,GUY,ZWE,0.0,0.0,0,1.0,1.0,1.0,,1.0,,1948,2021,10163.0,0.0
HND__HTI,HND,HTI,0.0,0.0,0,0.0,0.0,0.0,,0.0,,1948,2021,1663.0,0.0
HND__IDN,HND,IDN,0.0,0.0,0,0.0,0.0,0.0,,0.0,,1948,2021,18261.0,0.0
HND__IND,HND,IND,0.0,0.0,0,0.0,0.0,0.0,,0.0,,1948,2021,15457.0,936.0
HND__IRN,HND,IRN,0.0,0.0,0,0.0,0.0,0.0,,0.0,,1948,2021,12992.0,0.0
HND__IRQ,HND,IRQ,0.0,0.0,0,0.0,0.0,0.0,,0.0,,1948,2021,12676.0,0.0
HND__ISR,HND,ISR,0.0,0.0,0,0.0,0.0,0.0,,0.0,,1948,2021,12006.0,0.0
HND__ITA,HND,ITA,0.0,0.0,0,0.0,0.0,0.0,,0.0,,1948,2021,9759.0,0.0
HND__JAM,HND,JAM,0.0,0.0,0,0.0,0.0,0.0,,0.0,,1948,2021,1195.0,0.0
HND__JOR,HND,JOR,0.0,0.0,0,0.0,0.0,0.0,,0.0,,1948,2021,12108.0,0.0
HND__JPN,HND,JPN,0.0,0.0,0,0.0,0.0,0.0,,0.0,,1948,2021,12621.0,0.0
HND__KAZ,HND,KAZ,0.0,0.0,0,0.0,0.0,0.0,,0.0,,1948,2021,13454.0,0.0
HND__KEN,HND,KEN,0.0,0.0,0,0.0,0.0,0.0,,0.0,,1948,2021,13717.0,0.0
HND__KGZ,HND,KGZ,0.0,0.0,0,0.0,0.0,0.0,,0.0,,1948,2021,13432.0,0.0
HND__KHM,HND,KHM,0.0,0.0,0,0.0,0.0,0.0,,0.0,,1948,2021,16874.0,0.0
HND__KIR,HND,KIR,0.0,0.0,0,0.0,0.0,0.0,,0.0,,1948,2021,11041.0,0.0
HND__KNA,HND,KNA,0.0,0.0,0,0.0,0.0,0.0,,0.0,,1948,2021,2646.0,0.0
HND__KOR,HND,KOR,0.0,0.0,0,0.0,0.0,0.0,,0.0,,1948,2021,13269.0,0.0
HND__KWT,HND,KWT,0.0,0.0,0,0.0,0.0,0.0,,0.0,,1948,2021,13216.0,0.0
HND__LAO,HND,LAO,0.0,0.0,0,0.0,0.0,0.0,,0.0,,1948,2021,16302.0,0.0
HND__LBN,HND,LBN,0.0,0.0,0,0.0,0.0,0.0,,0.0,,1948,2021,11959.0,0.0
HND__LBR,HND,LBR,0.0,0.0,0,0.0,0.0,0.0,,0.0,,1948,2021,8386.0,0.0
HND__LBY,HND,LBY,0.0,0.0,0,0.0,0.0,0.0,,0.0,,1948,2021,10116.0,0.0
HND__LCA,HND,LCA,0.0,0.0,0,0.0,0.0,0.0,,0.0,,1948,2021,2830.0,0.0
HND__LKA,HND,LKA,0.0,0.0,0,0.0,0.0,0.0,,0.0,,1948,2021,17284.0,0.0
HND__LSO,HND,LSO,0.0,0.0,0,0.0,0.0,0.0,,0.0,,1948,2021,13148.0,0.0
HND__MAR,HND,MAR,0.0,0.0,0,0.0,0.0,0.0,,0.0,,1948,2021,8206.0,0.0
HND__MDG,HND,MDG,0.0,0.0,0,0.0,0.0,0.0,,0.0,,1948,2021,15185.0,0.0
HND__MDV,HND,MDV,0.0,0.0,0,0.0,0.0,0.0,,0.0,,1948,2021,17087.0,0.0
HND__MEX,HND,MEX,0.0,0.0,0,1.0,1.0,1.0,,0.0,,1948,2021,1403.0,0.0
HND__MHL,HND,MHL,0.0,0.0,0,0.0,0.0,0.0,,0.0,,1948,2021,11047.0,0.0
HND__MLI,HND,MLI,0.0,0.0,0,0.0,0.0,0.0,,0.0,,1948,2021,8537.0,0.0
HND__MMR,HND,MMR,0.0,0.0,0,0.0,0.0,0.0,,0.0,,1948,2021,16568.0,0.0
HND__MNG,HND,MNG,0.0,0.0,0,0.0,0.0,0.0,,0.0,,1948,2021,12998.0,0.0
HND__MOZ,HND,MOZ,0.0,0.0,0,0.0,0.0,0.0,,0.0,,1948,2021,13642.5,13.0
HND__MRT,HND,MRT,0.0,0.0,0,0.0,0.0,0.0,,0.0,,1948,2021,7588.0,0.0
HND__MUS,HND,MUS,0.0,0.0,0,0.0,0.0,0.0,,0.0,,1948,2021,16225.0,0.0
HND__MWI,HND,MWI,0.0,0.0,0,0.0,0.0,0.0,,0.0,,1948,2021,13757.0,156.0
HND__MYS,HND,MYS,0.0,0.0,0,0.0,0.0,0.0,,0.0,,1948,2021,17895.5,55.0
HND__NAM,HND,NAM,0.0,0.0,0,0.0,0.0,0.0,,0.0,,1948,2021,12051.0,0.0
HND__NER,HND,NER,0.0,0.0,0,0.0,0.0,0.0,,0.0,,1948,2021,9586.0,0.0
HND__NGA,HND,NGA,0.0,0.0,0,0.0,0.0,0.0,,0.0,,1948,2021,9924.0,28.0
HND__NIC,HND,NIC,1.0,0.0,0,1.0,1.0,1.0,,0.0,,1948,2021,239.0,0.0
HND__NLD,HND,NLD,0.0,0.0,0,0.0,0.0,0.0,,0.0,,1948,2021,8912.5,19.0
HND__NPL,HND,NPL,0.0,0.0,0,0.0,0.0,0.0,,0.0,,1948,2021,15312.0,0.0
HND__NRU,HND,NRU,0.0,0.0,0,0.0,0.0,0.0,,0.0,,1948,2021,11746.0,0.0
HND__NZL,HND,NZL,0.0,0.0,0,0.0,0.0,0.0,,0.0,,1948,2021,11646.0,0.0
HND__OMN,HND,OMN,0.0,0.0,0,0.0,0.0,0.0,,0.0,,1948,2021,14428.0,0.0
HND__PAK,HND,PAK,0.0,0.0,0,0.0,0.0,0.0,,0.0,,1948,2021,14876.0,0.0
HND__PAN,HND,PAN,0.0,0.0,0,1.0,1.0,1.0,,0.0,,1948,2021,1010.0,0.0
HND__PER,HND,PER,0.0,0.0,0,1.0,1.0,1.0,,0.0,,1948,2021,3100.0,0.0
HND__PHL,HND,PHL,0.0,0.0,0,1.0,0.0,0.0,,0.0,,1948,2021,15581.0,0.0
HND__PLW,HND,PLW,0.0,0.0,0,0.0,0.0,0.0,,0.0,,1948,2021,14841.0,22.0
HND__PNG,HND,PNG,0.0,0.0,0,0.0,0.0,0.0,,0.0,,1948,2021,14097.0,0.0
HND__PRK,HND,PRK,0.0,0.0,0,0.0,0.0,0.0,,0.0,,1948,2021,13206.0,0.0
HND__PRT,HND,PRT,0.0,0.0,0,0.0,0.0,0.0,,0.0,,1948,2021,8018.0,0.0
HND__PRY,HND,PRY,0.0,0.0,0,1.0,1.0,1.0,,0.0,,1948,2021,5411.0,0.0
HND__QAT,HND,QAT,0.0,0.0,0,0.0,0.0,0.0,,0.0,,1948,2021,13771.0,8.0
HND__RWA,HND,RWA,0.0,0.0,0,0.0,0.0,0.0,,0.0,,1948,2021,13012.0,0.0
HND__SAU,HND,SAU,0.0,0.0,0,0.0,0.0,0.0,,0.0,,1948,2021,13232.0,398.0
HND__SDN,HND,SDN,0.0,0.0,0,0.0,0.0,0.0,,0.0,,1948,2021,12633.0,0.0
HND__SEN,HND,SEN,0.0,0.0,0,0.0,0.0,0.0,,0.0,,1948,2021,7491.0,0.0
HND__SGP,HND,SGP,0.0,0.0,0,0.0,0.0,0.0,,0.0,,1948,2021,17923.0,0.0
HND__SLB,HND,SLB,0.0,0.0,0,0.0,0.0,0.0,,0.0,,1948,2021,12720.0,0.0
HND__SLE,HND,SLE,0.0,0.0,0,0.0,0.0,0.0,,0.0,,1948,2021,8071.0,0.0
HND__SLV,HND,SLV,1.0,0.0,0,1.0,1.0,1.0,,0.0,,1948,2021,218.0,0.0
HND__SOM,HND,SOM,0.0,0.0,0,0.0,0.0,0.0,,0.0,,1948,2021,14505.0,0.0
HND__SSD,HND,SSD,0.0,0.0,0,0.0,0.0,0.0,,0.0,,1948,2021,12959.0,0.0
HND__STP,HND,STP,0.0,0.0,0,0.0,0.0,0.0,,0.0,,1948,2021,10434.0,0.0
HND__SUR,HND,SUR,0.0,0.0,0,0.0,0.0,0.0,,0.0,,1948,2021,3624.0,0.0
HND__SWZ,HND,SWZ,0.0,0.0,0,0.0,0.0,0.0,,0.0,,1948,2021,13503.0,0.0
HND__SYC,HND,SYC,0.0,0.0,0,0.0,0.0,0.0,,0.0,,1948,2021,15808.0,0.0
HND__SYR,HND,SYR,0.0,0.0,0,0.0,0.0,0.0,,0.0,,1948,2021,11999.0,96.0
HND__TCD,HND,TCD,0.0,0.0,0,0.0,0.0,0.0,,0.0,,1948,2021,10982.0,0.0
HND__TGO,HND,TGO,0.0,0.0,0,0.0,0.0,0.0,,0.0,,1948,2021,9683.0,0.0
HND__THA,HND,THA,0.0,0.0,0,0.0,0.0,0.0,,0.0,,1948,2021,16815.0,0.0
HND__TJK,HND,TJK,0.0,0.0,0,0.0,0.0,0.0,,0.0,,1948,2021,13669.0,0.0
HND__TKM,HND,TKM,0.0,0.0,0,0.0,0.0,0.0,,0.0,,1948,2021,13224.0,0.0
HND__TLS,HND,TLS,0.0,0.0,0,0.0,0.0,0.0,,0.0,,1948,2021,16409.0,0.0
HND__TON,HND,TON,0.0,0.0,0,0.0,0.0,0.0,,0.0,,1948,2021,10368.0,0.0
HND__TTO,HND,TTO,0.0,0.0,0,0.0,0.0,0.0,,0.0,,1948,2021,2818.0,0.0
HND__TUN,HND,TUN,0.0,0.0,0,0.0,0.0,0.0,,0.0,,1948,2021,9726.0,0.0
HND__TUR,HND,TUR,0.0,0.0,0,0.0,0.0,0.0,,0.0,,1948,2021,11065.0,0.0
HND__TUV,HND,TUV,0.0,0.0,0,0.0,0.0,0.0,,0.0,,1948,2021,10630.0,0.0
HND__TWN,HND,TWN,0.0,0.0,0,0.0,0.0,0.0,,0.0,,1948,2021,14682.5,9.0
HND__TZA,HND,TZA,0.0,0.0,0,0.0,0.0,0.0,,0.0,,1948,2021,14133.0,0.0
HND__UGA,HND,UGA,0.0,0.0,0,0.0,0.0,0.0,,0.0,,1948,2021,13215.0,0.0
HND__URY,HND,URY,0.0,0.0,0,1.0,1.0,1.0,,0.0,,1948,2021,6330.0,0.0
HND__USA,HND,USA,0.0,0.0,0,1.0,1.0,0.0,,0.0,,1948,2021,3219.0,0.0
HND__UZB,HND,UZB,0.0,0.0,0,0.0,0.0,0.0,,0.0,,1948,2021,13417.0,0.0
HND__VCT,HND,VCT,0.0,0.0,0,0.0,0.0,0.0,,0.0,,1948,2021,2812.0,0.0
HND__VEN,HND,VEN,0.0,0.0,0,1.0,1.0,1.0,,0.0,,1948,2021,2246.0,0.0
HND__VNM,HND,VNM,0.0,0.0,0,0.0,0.0,0.0,,0.0,,1948,2021,16867.0,0.0
HND__VUT,HND,VUT,0.0,0.0,0,0.0,0.0,0.0,,0.0,,1948,2021,11990.0,0.0
HND__WSM,HND,WSM,0.0,0.0,0,0.0,0.0,0.0,,0.0,,1948,2021,9814.0,0.0
HND__YEM,HND,YEM,0.0,0.0,0,0.0,0.0,0.0,,0.0,,1948,2021,13722.5,89.0
HND__ZAF,HND,ZAF,0.0,0.0,0,0.0,0.0,0.0,,0.0,,1948,2021,12750.5,889.0
HND__ZMB,HND,ZMB,0.0,0.0,0,0.0,0.0,0.0,,0.0,,1948,2021,13087.5,51.0
HND__ZWE,HND,ZWE,0.0,0.0,0,0.0,0.0,0.0,,0.0,,1948,2021,13440.0,0.0
HTI__IDN,HTI,IDN,0.0,0.0,0,0.0,0.0,0.0,,0.0,,1948,2021,18637.0,0.0
HTI__IND,HTI,IND,0.0,0.0,0,0.0,0.0,0.0,,0.0,,1948,2021,14426.0,1156.0
HTI__IRN,HTI,IRN,0.0,0.0,0,0.0,0.0,0.0,,0.0,,1948,2021,11585.0,0.0
HTI__IRQ,HTI,IRQ,0.0,0.0,0,0.0,0.0,0.0,,0.0,,1948,2021,11188.0,0.0
HTI__ISR,HTI,ISR,0.0,0.0,0,0.0,0.0,0.0,,0.0,,1948,2021,10454.0,0.0
HTI__ITA,HTI,ITA,0.0,0.0,0,0.0,0.0,0.0,,0.0,,1948,2021,8237.0,0.0
HTI__JAM,HTI,JAM,0.0,0.0,0,0.0,0.0,0.0,,0.0,,1948,2021,475.0,0.0
HTI__JOR,HTI,JOR,0.0,0.0,0,0.0,0.0,0.0,,0.0,,1948,2021,10560.0,0.0
HTI__JPN,HTI,JPN,0.0,0.0,0,0.0,0.0,0.0,,0.0,,1948,2021,13124.0,0.0
HTI__KAZ,HTI,KAZ,0.0,0.0,0,0.0,0.0,0.0,,0.0,,1948,2021,12479.0,0.0
HTI__KEN,HTI,KEN,0.0,0.0,0,0.0,0.0,0.0,,0.0,,1948,2021,12082.0,0.0
HTI__KGZ,HTI,KGZ,0.0,0.0,0,0.0,0.0,0.0,,0.0,,1948,2021,12413.0,0.0
HTI__KHM,HTI,KHM,0.0,0.0,0,1.0,0.0,0.0,,0.0,,1948,2021,16661.0,0.0
HTI__KIR,HTI,KIR,0.0,0.0,0,0.0,0.0,0.0,,0.0,,1948,2021,12563.0,0.0
HTI__KNA,HTI,KNA,0.0,0.0,0,0.0,0.0,0.0,,0.0,,1948,2021,1027.0,0.0
HTI__KOR,HTI,KOR,0.0,0.0,0,0.0,0.0,0.0,,0.0,,1948,2021,13475.0,0.0
HTI__KWT,HTI,KWT,0.0,0.0,0,0.0,0.0,0.0,,0.0,,1948,2021,11708.0,0.0
HTI__LAO,HTI,LAO,0.0,0.0,0,1.0,0.0,0.0,,0.0,,1948,2021,15929.0,0.0
HTI__LBN,HTI,LBN,0.0,0.0,0,1.0,0.0,1.0,,0.0,,1948,2021,10428.0,0.0
HTI__LBR,HTI,LBR,0.0,0.0,0,0.0,0.0,0.0,,0.0,,1948,2021,6796.0,0.0
HTI__LBY,HTI,LBY,0.0,0.0,0,0.0,0.0,0.0,,0.0,,1948,2021,8511.0,0.0
HTI__LCA,HTI,LCA,0.0,0.0,0,0.0,0.0,0.0,,0.0,,1948,2021,1312.0,0.0
HTI__LKA,HTI,LKA,0.0,0.0,0,0.0,0.0,0.0,,0.0,,1948,2021,15866.0,0.0
HTI__LSO,HTI,LSO,0.0,0.0,0,0.0,0.0,0.0,,0.0,,1948,2021,11927.0,0.0
HTI__MAR,HTI,MAR,0.0,0.0,0,1.0,0.0,1.0,,0.0,,1948,2021,6583.0,0.0
HTI__MDG,HTI,MDG,0.0,0.0,0,1.0,0.0,1.0,,0.0,,1948,2021,13725.0,0.0
HTI__MDV,HTI,MDV,0.0,0.0,0,0.0,0.0,0.0,,0.0,,1948,2021,15516.0,0.0
HTI__MEX,HTI,MEX,0.0,0.0,0,0.0,0.0,0.0,,0.0,,1948,2021,2822.0,0.0
HTI__MHL,HTI,MHL,0.0,0.0,0,0.0,0.0,0.0,,0.0,,1948,2021,12488.0,0.0
HTI__MLI,HTI,MLI,0.0,0.0,0,1.0,0.0,1.0,,0.0,,1948,2021,6897.0,0.0
HTI__MMR,HTI,MMR,0.0,0.0,0,0.0,0.0,0.0,,0.0,,1948,2021,15899.0,0.0
HTI__MNG,HTI,MNG,0.0,0.0,0,0.0,0.0,0.0,,0.0,,1948,2021,12645.0,0.0
HTI__MOZ,HTI,MOZ,0.0,0.0,0,0.0,0.0,0.0,,0.0,,1948,2021,12342.0,12.0
HTI__MRT,HTI,MRT,0.0,0.0,0,1.0,0.0,0.0,,0.0,,1948,2021,5932.0,0.0
HTI__MUS,HTI,MUS,0.0,0.0,0,1.0,0.0,1.0,,0.0,,1948,2021,14779.0,0.0
HTI__MWI,HTI,MWI,0.0,0.0,0,0.0,0.0,0.0,,0.0,,1948,2021,12262.0,178.0
HTI__MYS,HTI,MYS,0.0,0.0,0,0.0,0.0,0.0,,0.0,,1948,2021,17646.0,252.0
HTI__NAM,HTI,NAM,0.0,0.0,0,0.0,0.0,0.0,,0.0,,1948,2021,10731.0,0.0
HTI__NER,HTI,NER,0.0,0.0,0,1.0,0.0,1.0,,0.0,,1948,2021,7933.0,0.0
HTI__NGA,HTI,NGA,0.0,0.0,0,0.0,0.0,0.0,,0.0,,1948,2021,8300.0,22.0
HTI__NIC,HTI,NIC,0.0,0.0,0,0.0,0.0,0.0,,0.0,,1948,2021,1653.0,0.0
HTI__NLD,HTI,NLD,0.0,0.0,0,0.0,0.0,0.0,,0.0,,1948,2021,7520.5,27.0
HTI__NPL,HTI,NPL,0.0,0.0,0,0.0,0.0,0.0,,0.0,,1948,2021,14355.0,0.0
HTI__NRU,HTI,NRU,0.0,0.0,0,0.0,0.0,0.0,,0.0,,1948,2021,13267.0,0.0
HTI__NZL,HTI,NZL,0.0,0.0,0,0.0,0.0,0.0,,0.0,,1948,2021,13241.0,0.0
HTI__OMN,HTI,OMN,0.0,0.0,0,0.0,0.0,0.0,,0.0,,1948,2021,12940.0,0.0
HTI__PAK,HTI,PAK,0.0,0.0,0,0.0,0.0,0.0,,0.0,,1948,2021,13503.0,0.0
HTI__PAN,HTI,PAN,0.0,0.0,0,0.0,0.0,0.0,,0.0,,1948,2021,1310.0,0.0
HTI__PER,HTI,PER,0.0,0.0,0,0.0,0.0,0.0,,0.0,,1948,2021,3422.0,0.0
HTI__PHL,HTI,PHL,0.0,0.0,0,0.0,0.0,0.0,,0.0,,1948,2021,16062.0,0.0
HTI__PLW,HTI,PLW,0.0,0.0,0,0.0,0.0,0.0,,0.0,,1948,2021,15902.5,23.0
HTI__PNG,HTI,PNG,0.0,0.0,0,0.0,0.0,0.0,,0.0,,1948,2021,15658.0,0.0
HTI__PRK,HTI,PRK,0.0,0.0,0,0.0,0.0,0.0,,0.0,,1948,2021,13360.0,0.0
HTI__PRT,HTI,PRT,0.0,0.0,0,0.0,0.0,0.0,,0.0,,1948,2021,6438.0,0.0
HTI__PRY,HTI,PRY,0.0,0.0,0,0.0,0.0,0.0,,0.0,,1948,2021,5105.0,0.0
HTI__QAT,HTI,QAT,0.0,0.0,0,0.0,0.0,0.0,,0.0,,1948,2021,12243.5,9.0
HTI__RWA,HTI,RWA,0.0,0.0,0,0.0,0.0,1.0,,0.0,,1948,2021,11393.0,0.0
HTI__SAU,HTI,SAU,0.0,0.0,0,0.0,0.0,0.0,,0.0,,1948,2021,11642.0,454.0
HTI__SDN,HTI,SDN,0.0,0.0,0,0.0,0.0,0.0,,0.0,,1948,2021,10976.0,0.0
HTI__SEN,HTI,SEN,0.0,0.0,0,1.0,0.0,1.0,,0.0,,1948,2021,5851.0,0.0
HTI__SGP,HTI,SGP,0.0,0.0,0,0.0,0.0,0.0,,0.0,,1948,2021,17772.0,0.0
HTI__SLB,HTI,SLB,0.0,0.0,0,0.0,0.0,0.0,,0.0,,1948,2021,14315.0,0.0
HTI__SLE,HTI,SLE,0.0,0.0,0,0.0,0.0,0.0,,0.0,,1948,2021,6468.0,0.0
HTI__SLV,HTI,SLV,0.0,0.0,0,0.0,0.0,0.0,,0.0,,1948,2021,1880.0,0.0
HTI__SOM,HTI,SOM,0.0,0.0,0,0.0,0.0,0.0,,0.0,,1948,2021,12845.0,0.0
HTI__SSD,HTI,SSD,0.0,0.0,0,0.0,0.0,0.0,,0.0,,1948,2021,11305.0,0.0
HTI__STP,HTI,STP,0.0,0.0,0,0.0,0.0,0.0,,0.0,,1948,2021,8851.0,0.0
HTI__SUR,HTI,SUR,0.0,0.0,0,0.0,0.0,0.0,,0.0,,1948,2021,2332.0,0.0
HTI__SWZ,HTI,SWZ,0.0,0.0,0,0.0,0.0,0.0,,0.0,,1948,2021,12213.0,0.0
HTI__SYC,HTI,SYC,0.0,0.0,0,1.0,0.0,1.0,,0.0,,1948,2021,14158.0,0.0
HTI__SYR,HTI,SYR,0.0,0.0,0,1.0,0.0,0.0,,0.0,,1948,2021,10485.0,62.0
HTI__TCD,HTI,TCD,0.0,0.0,0,1.0,0.0,1.0,,0.0,,1948,2021,9323.0,0.0
HTI__TGO,HTI,TGO,0.0,0.0,0,1.0,0.0,1.0,,0.0,,1948,2021,8069.0,0.0
HTI__THA,HTI,THA,0.0,0.0,0,0.0,0.0,0.0,,0.0,,1948,2021,16352.0,0.0
HTI__TJK,HTI,TJK,0.0,0.0,0,0.0,0.0,0.0,,0.0,,1948,2021,12504.0,0.0
HTI__TKM,HTI,TKM,0.0,0.0,0,0.0,0.0,0.0,,0.0,,1948,2021,11915.0,0.0
HTI__TLS,HTI,TLS,0.0,0.0,0,0.0,0.0,0.0,,0.0,,1948,2021,17800.0,0.0
HTI__TON,HTI,TON,0.0,0.0,0,0.0,0.0,0.0,,0.0,,1948,2021,12031.0,0.0
HTI__TTO,HTI,TTO,0.0,0.0,0,0.0,0.0,0.0,,0.0,,1948,2021,1454.0,0.0
HTI__TUN,HTI,TUN,0.0,0.0,0,1.0,0.0,1.0,,0.0,,1948,2021,8148.0,0.0
HTI__TUR,HTI,TUR,0.0,0.0,0,0.0,0.0,0.0,,0.0,,1948,2021,9585.0,0.0
HTI__TUV,HTI,TUV,0.0,0.0,0,0.0,0.0,0.0,,0.0,,1948,2021,12255.0,0.0
HTI__TWN,HTI,TWN,0.0,0.0,0,0.0,0.0,0.0,,0.0,,1948,2021,14959.0,6.0
HTI__TZA,HTI,TZA,0.0,0.0,0,0.0,0.0,0.0,,0.0,,1948,2021,12532.0,0.0
HTI__UGA,HTI,UGA,0.0,0.0,0,0.0,0.0,0.0,,0.0,,1948,2021,11579.0,0.0
HTI__URY,HTI,URY,0.0,0.0,0,0.0,0.0,0.0,,0.0,,1948,2021,6150.0,0.0
HTI__USA,HTI,USA,0.0,0.0,0,1.0,0.0,0.0,,0.0,,1948,2021,2464.0,0.0
HTI__UZB,HTI,UZB,0.0,0.0,0,0.0,0.0,0.0,,0.0,,1948,2021,12293.0,0.0
HTI__VCT,HTI,VCT,0.0,0.0,0,0.0,0.0,0.0,,0.0,,1948,2021,1330.0,0.0
HTI__VEN,HTI,VEN,0.0,0.0,0,0.0,0.0,0.0,,0.0,,1948,2021,1067.0,0.0
HTI__VNM,HTI,VNM,0.0,0.0,0,1.0,0.0,0.0,,0.0,,1948,2021,16763.0,0.0
HTI__VUT,HTI,VUT,0.0,0.0,0,1.0,0.0,1.0,,0.0,,1948,2021,13646.0,0.0
HTI__WSM,HTI,WSM,0.0,0.0,0,0.0,0.0,0.0,,0.0,,1948,2021,11472.0,0.0
HTI__YEM,HTI,YEM,0.0,0.0,0,0.0,0.0,0.0,,0.0,,1948,2021,12081.0,94.0
HTI__ZAF,HTI,ZAF,0.0,0.0,0,0.0,0.0,0.0,,0.0,,1948,2021,11558.5,701.0
HTI__ZMB,HTI,ZMB,0.0,0.0,0,0.0,0.0,0.0,,0.0,,1948,2021,11599.0,86.0
HTI__ZWE,HTI,ZWE,0.0,0.0,0,0.0,0.0,0.0,,0.0,,1948,2021,11997.0,0.0
IDN__IND,IDN,IND,0.0,0.0,0,0.0,0.0,0.0,,0.0,,1948,2021,4381.5,1235.0
IDN__IRN,IDN,IRN,0.0,0.0,0,0.0,0.0,0.0,,0.0,,1948,2021,7413.0,0.0
IDN__IRQ,IDN,IRQ,0.0,0.0,0,0.0,0.0,0.0,,0.0,,1948,2021,7896.0,0.0
IDN__ISR,IDN,ISR,0.0,0.0,0,0.0,0.0,0.0,,0.0,,1948,2021,8711.0,0.0
IDN__ITA,IDN,ITA,0.0,0.0,0,0.0,0.0,0.0,,0.0,,1948,2021,10830.0,0.0
IDN__JAM,IDN,JAM,0.0,0.0,0,0.0,0.0,0.0,,0.0,,1948,2021,18644.0,0.0
IDN__JOR,IDN,JOR,0.0,0.0,0,0.0,0.0,0.0,,0.0,,1948,2021,8601.0,0.0
IDN__JPN,IDN,JPN,0.0,0.0,0,0.0,0.0,0.0,,0.0,,1948,2021,5772.0,0.0
IDN__KAZ,IDN,KAZ,0.0,0.0,0,0.0,0.0,0.0,,0.0,,1948,2021,6254.0,0.0
IDN__KEN,IDN,KEN,0.0,0.0,0,0.0,0.0,0.0,,0.0,,1948,2021,7793.0,0.0
IDN__KGZ,IDN,KGZ,0.0,0.0,0,0.0,0.0,0.0,,0.0,,1948,2021,6337.0,0.0
IDN__KHM,IDN,KHM,0.0,0.0,0,0.0,0.0,0.0,,0.0,,1948,2021,1977.0,0.0
IDN__KIR,IDN,KIR,0.0,0.0,0,0.0,0.0,0.0,,0.0,,1948,2021,7397.0,0.0
IDN__KNA,IDN,KNA,0.0,0.0,0,0.0,0.0,0.0,,0.0,,1948,2021,18348.0,0.0
IDN__KOR,IDN,KOR,0.0,0.0,0,0.0,0.0,0.0,,0.0,,1948,2021,5278.0,0.0
IDN__KWT,IDN,KWT,0.0,0.0,0,0.0,0.0,0.0,,0.0,,1948,2021,7418.0,0.0
IDN__LAO,IDN,LAO,0.0,0.0,0,0.0,0.0,0.0,,0.0,,1948,2021,2715.0,0.0
IDN__LBN,IDN,LBN,0.0,0.0,0,0.0,0.0,0.0,,0.0,,1948,2021,8701.0,0.0
IDN__LBR,IDN,LBR,0.0,0.0,0,0.0,0.0,0.0,,0.0,,1948,2021,13141.0,0.0
IDN__LBY,IDN,LBY,0.0,0.0,0,0.0,0.0,0.0,,0.0,,1948,2021,10726.0,0.0
IDN__LCA,IDN,LCA,0.0,0.0,0,0.0,0.0,0.0,,0.0,,1948,2021,18440.0,0.0
IDN__LKA,IDN,LKA,0.0,0.0,0,0.0,0.0,0.0,,0.0,,1948,2021,3332.0,0.0
IDN__LSO,IDN,LSO,0.0,0.0,0,0.0,0.0,0.0,,0.0,,1948,2021,8648.0,0.0
IDN__MAR,IDN,MAR,0.0,0.0,0,0.0,0.0,0.0,,0.0,,1948,2021,12656.0,0.0
IDN__MDG,IDN,MDG,0.0,0.0,0,0.0,0.0,0.0,,0.0,,1948,2021,6566.0,0.0
IDN__MDV,IDN,MDV,0.0,0.0,0,0.0,0.0,0.0,,0.0,,1948,2021,3879.0,0.0
IDN__MEX,IDN,MEX,0.0,0.0,0,0.0,0.0,0.0,,0.0,,1948,2021,16859.0,0.0
IDN__MHL,IDN,MHL,0.0,0.0,0,0.0,0.0,0.0,,0.0,,1948,2021,7317.0,0.0
IDN__MLI,IDN,MLI,0.0,0.0,0,0.0,0.0,0.0,,0.0,,1948,2021,12860.0,0.0
IDN__MMR,IDN,MMR,0.0,0.0,0,0.0,0.0,0.0,,0.0,,1948,2021,2804.0,0.0
IDN__MNG,IDN,MNG,0.0,0.0,0,0.0,0.0,0.0,,0.0,,1948,2021,5995.0,0.0
IDN__MOZ,IDN,MOZ,0.0,0.0,0,0.0,0.0,0.0,,0.0,,1948,2021,8147.5,13.0
IDN__MRT,IDN,MRT,0.0,0.0,0,0.0,0.0,0.0,,0.0,,1948,2021,13698.0,0.0
IDN__MUS,IDN,MUS,0.0,0.0,0,0.0,0.0,0.0,,0.0,,1948,2021,5543.0,0.0
IDN__MWI,IDN,MWI,0.0,0.0,0,0.0,0.0,0.0,,0.0,,1948,2021,7958.0,138.0
IDN__MYS,IDN,MYS,1.0,0.0,0,0.0,1.0,0.0,,0.0,,1948,2021,1038.0,288.0
IDN__NAM,IDN,NAM,0.0,0.0,0,0.0,0.0,0.0,,0.0,,1948,2021,9729.0,0.0
IDN__NER,IDN,NER,0.0,0.0,0,0.0,0.0,0.0,,0.0,,1948,2021,11768.0,0.0
IDN__NGA,IDN,NGA,0.0,0.0,0,0.0,0.0,0.0,,0.0,,1948,2021,11552.5,47.0
IDN__NIC,IDN,NIC,0.0,0.0,0,0.0,0.0,0.0,,0.0,,1948,2021,18451.0,0.0
IDN__NLD,IDN,NLD,0.0,1.0,0,0.0,0.0,0.0,,0.0,,1948,2021,11380.5,33.0
IDN__NPL,IDN,NPL,0.0,0.0,0,0.0,0.0,0.0,,0.0,,1948,2021,4409.0,0.0
IDN__NRU,IDN,NRU,0.0,0.0,0,0.0,0.0,0.0,,0.0,,1948,2021,6701.0,0.0
IDN__NZL,IDN,NZL,0.0,0.0,0,0.0,0.0,0.0,,0.0,,1948,2021,7639.0,0.0
IDN__OMN,IDN,OMN,0.0,0.0,0,0.0,0.0,0.0,,0.0,,1948,2021,6193.0,0.0
IDN__PAK,IDN,PAK,0.0,0.0,0,0.0,0.0,0.0,,0.0,,1948,2021,5513.0,0.0
IDN__PAN,IDN,PAN,0.0,0.0,0,0.0,0.0,0.0,,0.0,,1948,2021,19265.0,0.0
IDN__PER,IDN,PER,0.0,0.0,0,0.0,0.0,0.0,,0.0,,1948,2021,17942.0,0.0
IDN__PHL,IDN,PHL,0.0,0.0,0,0.0,0.0,0.0,,0.0,,1948,2021,2782.0,0.0
IDN__PLW,IDN,PLW,0.0,0.0,0,0.0,0.0,0.0,,0.0,,1948,2021,3426.5,21.0
IDN__PNG,IDN,PNG,1.0,0.0,0,0.0,0.0,0.0,,0.0,,1948,2021,4461.0,0.0
IDN__PRK,IDN,PRK,0.0,0.0,0,0.0,0.0,0.0,,0.0,,1948,2021,5376.0,0.0
IDN__PRT,IDN,PRT,0.0,0.0,0,0.0,0.0,0.0,,0.0,,1948,2021,12688.0,0.0
IDN__PRY,IDN,PRY,0.0,0.0,0,0.0,0.0,0.0,,0.0,,1948,2021,16140.0,0.0
IDN__QAT,IDN,QAT,0.0,0.0,0,0.0,0.0,0.0,,0.0,,1948,2021,6927.0,10.0
IDN__RWA,IDN,RWA,0.0,0.0,0,0.0,0.0,0.0,,0.0,,1948,2021,8533.0,0.0
IDN__SAU,IDN,SAU,0.0,0.0,0,0.0,0.0,0.0,,0.0,,1948,2021,7638.0,570.0
IDN__SDN,IDN,SDN,0.0,0.0,0,0.0,0.0,0.0,,0.0,,1948,2021,8535.0,0.0
IDN__SEN,IDN,SEN,0.0,0.0,0,0.0,0.0,0.0,,0.0,,1948,2021,13879.0,0.0
IDN__SGP,IDN,SGP,0.0,0.0,0,0.0,1.0,0.0,,0.0,,1948,2021,894.0,0.0
IDN__SLB,IDN,SLB,0.0,0.0,0,0.0,0.0,0.0,,0.0,,1948,2021,5863.0,0.0
IDN__SLE,IDN,SLE,0.0,0.0,0,0.0,0.0,0.0,,0.0,,1948,2021,13421.0,0.0
IDN__SLV,IDN,SLV,0.0,0.0,0,0.0,0.0,0.0,,0.0,,1948,2021,18089.0,0.0
IDN__SOM,IDN,SOM,0.0,0.0,0,0.0,0.0,0.0,,0.0,,1948,2021,6896.0,0.0
IDN__SSD,IDN,SSD,0.0,0.0,0,0.0,0.0,0.0,,0.0,,1948,2021,8453.0,0.0
IDN__STP,IDN,STP,0.0,0.0,0,0.0,0.0,0.0,,0.0,,1948,2021,11142.0,0.0
IDN__SUR,IDN,SUR,0.0,0.0,0,1.0,0.0,0.0,,1.0,,1948,2021,18045.0,0.0
IDN__SWZ,IDN,SWZ,0.0,0.0,0,0.0,0.0,0.0,,0.0,,1948,2021,8287.0,0.0
IDN__SYC,IDN,SYC,0.0,0.0,0,0.0,0.0,0.0,,0.0,,1948,2021,5696.0,0.0
IDN__SYR,IDN,SYR,0.0,0.0,0,0.0,0.0,0.0,,0.0,,1948,2021,8621.0,12.0
IDN__TCD,IDN,TCD,0.0,0.0,0,0.0,0.0,0.0,,0.0,,1948,2021,10356.0,0.0
IDN__TGO,IDN,TGO,0.0,0.0,0,0.0,0.0,0.0,,0.0,,1948,2021,11814.0,0.0
IDN__THA,IDN,THA,0.0,0.0,0,0.0,0.0,0.0,,0.0,,1948,2021,2312.0,0.0
IDN__TJK,IDN,TJK,0.0,0.0,0,0.0,0.0,0.0,,0.0,,1948,2021,6323.0,0.0
IDN__TKM,IDN,TKM,0.0,0.0,0,0.0,0.0,0.0,,0.0,,1948,2021,7000.0,0.0
IDN__TLS,IDN,TLS,1.0,1.0,0,0.0,0.0,0.0,,0.0,,1948,2021,2083.0,0.0
IDN__TON,IDN,TON,0.0,0.0,0,0.0,0.0,0.0,,0.0,,1948,2021,8522.0,0.0
IDN__TTO,IDN,TTO,0.0,0.0,0,0.0,0.0,0.0,,0.0,,1948,2021,18659.0,0.0
IDN__TUN,IDN,TUN,0.0,0.0,0,0.0,0.0,0.0,,0.0,,1948,2021,11018.0,0.0
IDN__TUR,IDN,TUR,0.0,0.0,0,0.0,0.0,0.0,,0.0,,1948,2021,9454.0,0.0
IDN__TUV,IDN,TUV,0.0,0.0,0,0.0,0.0,0.0,,0.0,,1948,2021,7982.0,0.0
IDN__TWN,IDN,TWN,0.0,0.0,0,0.0,0.0,0.0,,0.0,,1948,2021,3803.5,7.0
IDN__TZA,IDN,TZA,0.0,0.0,0,0.0,0.0,0.0,,0.0,,1948,2021,7468.0,0.0
IDN__UGA,IDN,UGA,0.0,0.0,0,0.0,0.0,0.0,,0.0,,1948,2021,8281.0,0.0
IDN__URY,IDN,URY,0.0,0.0,0,0.0,0.0,0.0,,0.0,,1948,2021,15127.0,0.0
IDN__USA,IDN,USA,0.0,0.0,0,0.0,0.0,0.0,,0.0,,1948,2021,16181.0,0.0
IDN__UZB,IDN,UZB,0.0,0.0,0,0.0,0.0,0.0,,0.0,,1948,2021,6505.0,0.0
IDN__VCT,IDN,VCT,0.0,0.0,0,0.0,0.0,0.0,,0.0,,1948,2021,18510.0,0.0
IDN__VEN,IDN,VEN,0.0,0.0,0,0.0,0.0,0.0,,0.0,,1948,2021,19188.0,0.0
IDN__VNM,IDN,VNM,0.0,0.0,0,0.0,0.0,0.0,,0.0,,1948,2021,1876.0,0.0
IDN__VUT,IDN,VUT,0.0,0.0,0,0.0,0.0,0.0,,0.0,,1948,2021,6788.0,0.0
IDN__WSM,IDN,WSM,0.0,0.0,0,0.0,0.0,0.0,,0.0,,1948,2021,8927.0,0.0
IDN__YEM,IDN,YEM,0.0,0.0,0,0.0,0.0,0.0,,0.0,,1948,2021,7363.5,117.0
IDN__ZAF,IDN,ZAF,0.0,0.0,0,1.0,0.0,0.0,,0.0,,1948,2021,9041.0,890.0
IDN__ZMB,IDN,ZMB,0.0,0.0,0,0.0,0.0,0.0,,0.0,,1948,2021,8625.0,26.0
IDN__ZWE,IDN,ZWE,0.0,0.0,0,0.0,0.0,0.0,,0.0,,1948,2021,8305.0,0.0
IND__IRN,IND,IRN,0.0,0.0,0,0.0,0.0,0.0,,0.0,,1948,2021,3198.5,1305.0
IND__IRQ,IND,IRQ,0.0,0.0,0,1.0,0.0,0.0,,0.0,,1948,2021,3808.5,1291.0
IND__ISR,IND,ISR,0.0,0.0,0,1.0,1.0,1.0,,1.0,,1948,2021,4709.0,1290.0
IND__ITA,IND,ITA,0.0,0.0,0,0.0,0.0,0.0,,0.0,,1948,2021,6579.5,1305.0
IND__JAM,IND,JAM,0.0,0.0,0,1.0,1.0,1.0,,1.0,,1948,2021,14690.0,1102.0
IND__JOR,IND,JOR,0.0,0.0,0,1.0,1.0,0.0,,1.0,,1948,2021,4599.0,1290.0
IND__JPN,IND,JPN,0.0,0.0,0,0.0,0.0,0.0,,0.0,,1948,2021,5938.5,1589.0
IND__KAZ,IND,KAZ,0.0,0.0,0,0.0,0.0,0.0,,0.0,,1948,2021,2162.5,1089.0
IND__KEN,IND,KEN,0.0,0.0,0,1.0,1.0,1.0,,1.0,,1948,2021,5358.5,1637.0
IND__KGZ,IND,KGZ,0.0,0.0,0,0.0,0.0,0.0,,0.0,,1948,2021,2118.5,1049.0
IND__KHM,IND,KHM,0.0,0.0,0,0.0,0.0,0.0,,0.0,,1948,2021,2835.0,1396.0
IND__KIR,IND,KIR,0.0,0.0,0,1.0,1.0,1.0,,1.0,,1948,2021,10219.0,1624.0
IND__KNA,IND,KNA,0.0,0.0,0,1.0,1.0,1.0,,1.0,,1948,2021,13975.0,1248.0
IND__KOR,IND,KOR,0.0,0.0,0,0.0,1.0,0.0,,0.0,,1948,2021,4823.0,1558.0
IND__KWT,IND,KWT,0.0,0.0,0,1.0,1.0,0.0,,1.0,,1948,2021,3430.5,1327.0
IND__LAO,IND,LAO,0.0,0.0,0,0.0,0.0,0.0,,0.0,,1948,2021,2354.0,1566.0
IND__LBN,IND,LBN,0.0,0.0,0,0.0,1.0,0.0,,0.0,,1948,2021,4635.5,1293.0
IND__LBR,IND,LBR,0.0,0.0,0,0.0,1.0,1.0,,0.0,,1948,2021,9905.0,1556.0
IND__LBY,IND,LBY,0.0,0.0,0,0.0,0.0,0.0,,0.0,,1948,2021,6702.5,1299.0
IND__LCA,IND,LCA,0.0,0.0,0,1.0,1.0,1.0,,1.0,,1948,2021,14135.0,1274.0
IND__LKA,IND,LKA,0.0,0.0,0,1.0,0.0,0.0,,1.0,,1948,2021,1981.5,881.0
IND__LSO,IND,LSO,0.0,0.0,0,1.0,1.0,1.0,,1.0,,1948,2021,7962.0,1444.0
IND__MAR,IND,MAR,0.0,0.0,0,0.0,0.0,0.0,,0.0,,1948,2021,8526.0,1308.0
IND__MDG,IND,MDG,0.0,0.0,0,0.0,0.0,0.0,,0.0,,1948,2021,5707.5,1351.0
IND__MDV,IND,MDV,0.0,0.0,0,1.0,0.0,0.0,,1.0,,1948,2021,2194.5,1089.0
IND__MEX,IND,MEX,0.0,0.0,0,0.0,0.0,0.0,,0.0,,1948,2021,15163.0,990.0
IND__MHL,IND,MHL,0.0,0.0,0,0.0,1.0,1.0,,0.0,,1948,2021,9825.0,1644.0
IND__MLI,IND,MLI,0.0,0.0,0,0.0,0.0,0.0,,0.0,,1948,2021,9371.5,1501.0
IND__MMR,IND,MMR,1.0,0.0,0,1.0,0.0,0.0,,1.0,,1948,2021,1756.0,1442.0
IND__MNG,IND,MNG,0.0,0.0,0,0.0,0.0,0.0,,0.0,,1948,2021,3846.5,1167.0
IND__MOZ,IND,MOZ,0.0,0.0,0,0.0,0.0,0.0,,0.0,,1948,2021,7338.5,1439.0
IND__MRT,IND,MRT,0.0,0.0,0,0.0,0.0,0.0,,0.0,,1948,2021,9955.0,1392.0
IND__MUS,IND,MUS,0.0,0.0,0,1.0,1.0,1.0,,1.0,,1948,2021,5228.5,1151.0
IND__MWI,IND,MWI,0.0,0.0,0,1.0,1.0,1.0,,1.0,,1948,2021,6428.5,1531.0
IND__MYS,IND,MYS,0.0,0.0,0,1.0,0.0,0.0,,1.0,,1948,2021,3208.5,1251.0
IND__NAM,IND,NAM,0.0,0.0,0,0.0,1.0,1.0,,0.0,,1948,2021,8404.5,1575.0
IND__NER,IND,NER,0.0,0.0,0,0.0,0.0,0.0,,0.0,,1948,2021,8306.0,1530.0
IND__NGA,IND,NGA,0.0,0.0,0,1.0,1.0,1.0,,1.0,,1948,2021,8429.0,1598.0
IND__NIC,IND,NIC,0.0,0.0,0,0.0,0.0,0.0,,0.0,,1948,2021,15640.5,969.0
IND__NLD,IND,NLD,0.0,0.0,0,0.0,0.0,0.0,,0.0,,1948,2021,7011.0,1290.0
IND__NPL,IND,NPL,1.0,0.0,0,0.0,0.0,0.0,,0.0,,1948,2021,1119.0,940.0
IND__NRU,IND,NRU,0.0,0.0,0,1.0,1.0,1.0,,1.0,,1948,2021,9661.5,1597.0
IND__NZL,IND,NZL,0.0,0.0,0,1.0,1.0,1.0,,0.0,,1948,2021,11830.5,1307.0
IND__OMN,IND,OMN,0.0,0.0,0,0.0,0.0,0.0,,0.0,,1948,2021,2305.5,1483.0
IND__PAK,IND,PAK,1.0,0.0,0,1.0,1.0,1.0,,1.0,,1948,2021,1531.5,1303.0
IND__PAN,IND,PAN,0.0,0.0,0,0.0,0.0,0.0,,0.0,,1948,2021,15715.0,1126.0
IND__PER,IND,PER,0.0,0.0,0,0.0,0.0,0.0,,0.0,,1948,2021,17402.0,1368.0
IND__PHL,IND,PHL,0.0,0.0,0,0.0,1.0,1.0,,0.0,,1948,2021,4340.5,1589.0
IND__PLW,IND,PLW,0.0,0.0,0,1.0,1.0,1.0,,0.0,,1948,2021,5991.5,1557.0
IND__PNG,IND,PNG,0.0,0.0,0,1.0,1.0,1.0,,0.0,,1948,2021,8029.0,1414.0
IND__PRK,IND,PRK,0.0,0.0,0,0.0,0.0,0.0,,0.0,,1948,2021,4748.5,1533.0
IND__PRT,IND,PRT,0.0,0.0,0,0.0,0.0,0.0,,0.0,,1948,2021,8440.5,1303.0
IND__PRY,IND,PRY,0.0,0.0,0,0.0,0.0,0.0,,0.0,,1948,2021,15737.0,1654.0
IND__QAT,IND,QAT,0.0,0.0,0,1.0,0.0,0.0,,1.0,,1948,2021,3027.5,1447.0
IND__RWA,IND,RWA,0.0,0.0,0,0.0,1.0,1.0,,0.0,,1948,2021,6053.0,1648.0
IND__SAU,IND,SAU,0.0,0.0,0,0.0,0.0,0.0,,0.0,,1948,2021,3881.0,2222.0
IND__SDN,IND,SDN,0.0,0.0,0,1.0,0.0,0.0,,1.0,,1948,2021,5096.5,1597.0
IND__SEN,IND,SEN,0.0,0.0,0,0.0,0.0,0.0,,0.0,,1948,2021,10241.0,1432.0
IND__SGP,IND,SGP,0.0,0.0,0,1.0,1.0,1.0,,1.0,,1948,2021,3516.0,1258.0
IND__SLB,IND,SLB,0.0,0.0,0,1.0,0.0,1.0,,1.0,,1948,2021,9307.5,1487.0
IND__SLE,IND,SLE,0.0,0.0,0,1.0,1.0,1.0,,1.0,,1948,2021,10069.0,1526.0
IND__SLV,IND,SLV,0.0,0.0,0,0.0,0.0,0.0,,0.0,,1948,2021,15542.5,891.0
IND__SOM,IND,SOM,0.0,0.0,0,1.0,0.0,1.0,,1.0,,1948,2021,4356.0,1626.0
IND__SSD,IND,SSD,0.0,0.0,0,0.0,0.0,0.0,,1.0,,1948,2021,5484.0,0.0
IND__STP,IND,STP,0.0,0.0,0,0.0,0.0,0.0,,0.0,,1948,2021,8321.5,1639.0
IND__SUR,IND,SUR,0.0,0.0,0,0.0,0.0,1.0,,0.0,,1948,2021,14305.0,1308.0
IND__SWZ,IND,SWZ,0.0,0.0,0,1.0,0.0,1.0,,1.0,,1948,2021,7475.0,1448.0
IND__SYC,IND,SYC,0.0,0.0,0,1.0,1.0,1.0,,1.0,,1948,2021,3958.0,1430.0
IND__SYR,IND,SYR,0.0,0.0,0,0.0,0.0,0.0,,0.0,,1948,2021,4518.5,1375.0
IND__TCD,IND,TCD,0.0,0.0,0,0.0,0.0,0.0,,0.0,,1948,2021,7017.0,1584.0
IND__TGO,IND,TGO,0.0,0.0,0,0.0,0.0,0.0,,0.0,,1948,2021,8667.5,1595.0
IND__THA,IND,THA,0.0,0.0,0,0.0,0.0,0.0,,0.0,,1948,2021,2311.0,1394.0
IND__TJK,IND,TJK,0.0,0.0,0,0.0,0.0,0.0,,0.0,,1948,2021,1768.5,849.0
IND__TKM,IND,TKM,0.0,0.0,0,0.0,0.0,0.0,,0.0,,1948,2021,2274.5,493.0
IND__TLS,IND,TLS,0.0,0.0,0,0.0,0.0,0.0,,0.0,,1948,2021,6582.0,88.0
IND__TON,IND,TON,0.0,0.0,0,1.0,0.0,1.0,,1.0,,1948,2021,12242.0,1446.0
IND__TTO,IND,TTO,0.0,0.0,0,1.0,1.0,1.0,,1.0,,1948,2021,14447.5,1285.0
IND__TUN,IND,TUN,0.0,0.0,0,0.0,0.0,0.0,,0.0,,1948,2021,6876.5,1307.0
IND__TUR,IND,TUR,0.0,0.0,0,0.0,0.0,0.0,,0.0,,1948,2021,5213.0,1308.0
IND__TUV,IND,TUV,0.0,0.0,0,1.0,0.0,0.0,,1.0,,1948,2021,11246.5,1571.0
IND__TWN,IND,TWN,0.0,0.0,0,0.0,0.0,0.0,,0.0,,1948,2021,4213.5,1655.0
IND__TZA,IND,TZA,0.0,0.0,0,1.0,0.0,1.0,,1.0,,1948,2021,5462.0,1586.0
IND__UGA,IND,UGA,0.0,0.0,0,1.0,1.0,1.0,,1.0,,1948,2021,5688.5,1651.0
IND__URY,IND,URY,0.0,0.0,0,0.0,0.0,0.0,,0.0,,1948,2021,15530.0,1588.0
IND__USA,IND,USA,0.0,0.0,0,1.0,1.0,1.0,,0.0,,1948,2021,12270.0,998.0
IND__UZB,IND,UZB,0.0,0.0,0,0.0,0.0,0.0,,0.0,,1948,2021,2030.0,910.0
IND__VCT,IND,VCT,0.0,0.0,0,1.0,1.0,1.0,,1.0,,1948,2021,14222.0,1276.0
IND__VEN,IND,VEN,0.0,0.0,0,0.0,0.0,0.0,,0.0,,1948,2021,14843.5,1257.0
IND__VNM,IND,VNM,0.0,0.0,0,0.0,0.0,0.0,,0.0,,1948,2021,3044.0,1398.0
IND__VUT,IND,VUT,0.0,0.0,0,1.0,1.0,1.0,,1.0,,1948,2021,10485.0,1422.0
IND__WSM,IND,WSM,0.0,0.0,0,0.0,1.0,1.0,,0.0,,1948,2021,12367.5,1549.0
IND__YEM,IND,YEM,0.0,0.0,0,1.0,0.0,0.0,,1.0,,1948,2021,3961.0,1774.0
IND__ZAF,IND,ZAF,0.0,0.0,0,1.0,1.0,1.0,,0.0,,1948,2021,7707.5,1475.0
IND__ZMB,IND,ZMB,0.0,0.0,0,1.0,1.0,1.0,,1.0,,1948,2021,6988.0,1578.0
IND__ZWE,IND,ZWE,0.0,0.0,0,1.0,1.0,1.0,,1.0,,1948,2021,6900.0,1540.0
IRN__IRQ,IRN,IRQ,1.0,0.0,0,0.0,0.0,0.0,,0.0,,1948,2021,695.0,0.0
IRN__ISR,IRN,ISR,0.0,0.0,0,0.0,0.0,0.0,,0.0,,1948,2021,1588.0,0.0
IRN__ITA,IRN,ITA,0.0,0.0,0,0.0,0.0,0.0,,0.0,,1948,2021,3422.0,0.0
IRN__JAM,IRN,JAM,0.0,0.0,0,0.0,0.0,0.0,,0.0,,1948,2021,11950.0,0.0
IRN__JOR,IRN,JOR,0.0,0.0,0,0.0,0.0,0.0,,0.0,,1948,2021,1490.0,0.0
IRN__JPN,IRN,JPN,0.0,0.0,0,0.0,0.0,0.0,,0.0,,1948,2021,7676.0,0.0
IRN__KAZ,IRN,KAZ,0.0,0.0,0,0.0,0.0,0.0,,0.0,,1948,2021,2337.0,0.0
IRN__KEN,IRN,KEN,0.0,0.0,0,0.0,0.0,0.0,,0.0,,1948,2021,4366.0,0.0
IRN__KGZ,IRN,KGZ,0.0,0.0,0,0.0,0.0,0.0,,0.0,,1948,2021,2143.0,0.0
IRN__KHM,IRN,KHM,0.0,0.0,0,0.0,0.0,0.0,,0.0,,1948,2021,5988.0,0.0
IRN__KIR,IRN,KIR,0.0,0.0,0,0.0,0.0,0.0,,0.0,,1948,2021,12720.0,0.0
IRN__KNA,IRN,KNA,0.0,0.0,0,0.0,0.0,0.0,,0.0,,1948,2021,10943.0,0.0
IRN__KOR,IRN,KOR,0.0,0.0,0,0.0,0.0,0.0,,0.0,,1948,2021,6566.0,0.0
IRN__KWT,IRN,KWT,0.0,0.0,0,0.0,0.0,0.0,,0.0,,1948,2021,772.0,0.0
IRN__LAO,IRN,LAO,0.0,0.0,0,0.0,0.0,0.0,,0.0,,1948,2021,5385.0,0.0
IRN__LBN,IRN,LBN,0.0,0.0,0,0.0,0.0,0.0,,0.0,,1948,2021,1470.0,0.0
IRN__LBR,IRN,LBR,0.0,0.0,0,0.0,0.0,0.0,,0.0,,1948,2021,7106.0,0.0
IRN__LBY,IRN,LBY,0.0,0.0,0,0.0,0.0,0.0,,0.0,,1948,2021,3512.0,0.0
IRN__LCA,IRN,LCA,0.0,0.0,0,0.0,0.0,0.0,,0.0,,1948,2021,11041.0,0.0
IRN__LKA,IRN,LKA,0.0,0.0,0,0.0,0.0,0.0,,0.0,,1948,2021,4307.0,0.0
IRN__LSO,IRN,LSO,0.0,0.0,0,0.0,0.0,0.0,,0.0,,1948,2021,7621.0,0.0
IRN__MAR,IRN,MAR,0.0,0.0,0,0.0,0.0,0.0,,0.0,,1948,2021,5334.0,0.0
IRN__MDG,IRN,MDG,0.0,0.0,0,0.0,0.0,0.0,,0.0,,1948,2021,6058.0,0.0
IRN__MDV,IRN,MDV,0.0,0.0,0,0.0,0.0,0.0,,0.0,,1948,2021,4163.0,0.0
IRN__MEX,IRN,MEX,0.0,0.0,0,0.0,0.0,0.0,,0.0,,1948,2021,13165.0,0.0
IRN__MHL,IRN,MHL,0.0,0.0,0,0.0,0.0,0.0,,0.0,,1948,2021,12166.0,0.0
IRN__MLI,IRN,MLI,0.0,0.0,0,0.0,0.0,0.0,,0.0,,1948,2021,6447.0,0.0
IRN__MMR,IRN,MMR,0.0,0.0,0,0.0,0.0,0.0,,0.0,,1948,2021,4881.0,0.0
IRN__MNG,IRN,MNG,0.0,0.0,0,0.0,0.0,0.0,,0.0,,1948,2021,4695.0,0.0
IRN__MOZ,IRN,MOZ,0.0,0.0,0,0.0,0.0,0.0,,0.0,,1948,2021,7108.0,4.0
IRN__MRT,IRN,MRT,0.0,0.0,0,0.0,0.0,0.0,,0.0,,1948,2021,6843.0,0.0
IRN__MUS,IRN,MUS,0.0,0.0,0,0.0,0.0,0.0,,0.0,,1948,2021,6215.0,0.0
IRN__MWI,IRN,MWI,0.0,0.0,0,0.0,0.0,0.0,,0.0,,1948,2021,5878.5,153.0
IRN__MYS,IRN,MYS,0.0,0.0,0,0.0,0.0,0.0,,0.0,,1948,2021,6450.0,316.0
IRN__NAM,IRN,NAM,0.0,0.0,0,0.0,0.0,0.0,,0.0,,1948,2021,7394.0,0.0
IRN__NER,IRN,NER,0.0,0.0,0,0.0,0.0,0.0,,0.0,,1948,2021,5493.0,0.0
IRN__NGA,IRN,NGA,0.0,0.0,0,0.0,0.0,0.0,,0.0,,1948,2021,5810.0,110.0
IRN__NIC,IRN,NIC,0.0,0.0,0,0.0,0.0,0.0,,0.0,,1948,2021,13100.0,0.0
IRN__NLD,IRN,NLD,0.0,0.0,0,0.0,0.0,0.0,,0.0,,1948,2021,4084.5,21.0
IRN__NPL,IRN,NPL,0.0,0.0,0,0.0,0.0,0.0,,0.0,,1948,2021,3315.0,0.0
IRN__NRU,IRN,NRU,0.0,0.0,0,0.0,0.0,0.0,,0.0,,1948,2021,12329.0,0.0
IRN__NZL,IRN,NZL,0.0,0.0,0,0.0,0.0,0.0,,0.0,,1948,2021,15009.0,0.0
IRN__OMN,IRN,OMN,0.0,0.0,0,0.0,0.0,0.0,,0.0,,1948,2021,1507.0,0.0
IRN__PAK,IRN,PAK,1.0,0.0,0,0.0,0.0,0.0,,0.0,,1948,2021,1919.0,0.0
IRN__PAN,IRN,PAN,0.0,0.0,0,0.0,0.0,0.0,,0.0,,1948,2021,12885.0,0.0
IRN__PER,IRN,PER,0.0,0.0,0,0.0,0.0,0.0,,0.0,,1948,2021,14239.0,0.0
IRN__PHL,IRN,PHL,0.0,0.0,0,0.0,0.0,0.0,,0.0,,1948,2021,7243.0,0.0
IRN__PLW,IRN,PLW,0.0,0.0,0,0.0,0.0,0.0,,0.0,,1948,2021,8915.5,3.0
IRN__PNG,IRN,PNG,0.0,0.0,0,0.0,0.0,0.0,,0.0,,1948,2021,11137.0,0.0
IRN__PRK,IRN,PRK,0.0,0.0,0,0.0,0.0,0.0,,0.0,,1948,2021,6405.0,0.0
IRN__PRT,IRN,PRT,0.0,0.0,0,0.0,0.0,0.0,,0.0,,1948,2021,5287.0,0.0
IRN__PRY,IRN,PRY,0.0,0.0,0,0.0,0.0,0.0,,0.0,,1948,2021,13261.0,0.0
IRN__QAT,IRN,QAT,0.0,0.0,0,0.0,1.0,1.0,,0.0,,1948,2021,1154.0,2.0
IRN__RWA,IRN,RWA,0.0,0.0,0,0.0,0.0,0.0,,0.0,,1948,2021,4722.0,0.0
IRN__SAU,IRN,SAU,0.0,0.0,0,0.0,0.0,0.0,,0.0,,1948,2021,1622.5,643.0
IRN__SDN,IRN,SDN,0.0,0.0,0,0.0,0.0,0.0,,0.0,,1948,2021,2917.0,0.0
IRN__SEN,IRN,SEN,0.0,0.0,0,0.0,0.0,0.0,,0.0,,1948,2021,7175.0,0.0
IRN__SGP,IRN,SGP,0.0,0.0,0,0.0,0.0,0.0,,0.0,,1948,2021,6608.0,0.0
IRN__SLB,IRN,SLB,0.0,0.0,0,0.0,0.0,0.0,,0.0,,1948,2021,12292.0,0.0
IRN__SLE,IRN,SLE,0.0,0.0,0,0.0,0.0,0.0,,0.0,,1948,2021,7180.0,0.0
IRN__SLV,IRN,SLV,0.0,0.0,0,0.0,0.0,0.0,,0.0,,1948,2021,13154.0,0.0
IRN__SOM,IRN,SOM,0.0,0.0,0,0.0,0.0,0.0,,0.0,,1948,2021,3778.0,0.0
IRN__SSD,IRN,SSD,0.0,0.0,0,0.0,0.0,0.0,,0.0,,1948,2021,3976.0,0.0
IRN__STP,IRN,STP,0.0,0.0,0,0.0,0.0,0.0,,0.0,,1948,2021,6054.0,0.0
IRN__SUR,IRN,SUR,0.0,0.0,0,0.0,0.0,0.0,,0.0,,1948,2021,11114.0,0.0
IRN__SWZ,IRN,SWZ,0.0,0.0,0,0.0,0.0,0.0,,0.0,,1948,2021,7188.0,0.0
IRN__SYC,IRN,SYC,0.0,0.0,0,0.0,0.0,0.0,,0.0,,1948,2021,4482.0,0.0
IRN__SYR,IRN,SYR,0.0,0.0,0,0.0,0.0,0.0,,0.0,,1948,2021,1346.5,119.0
IRN__TCD,IRN,TCD,0.0,0.0,0,0.0,0.0,0.0,,0.0,,1948,2021,4490.0,0.0
IRN__TGO,IRN,TGO,0.0,0.0,0,0.0,0.0,0.0,,0.0,,1948,2021,6072.0,0.0
IRN__THA,IRN,THA,0.0,0.0,0,0.0,0.0,0.0,,0.0,,1948,2021,5461.0,0.0
IRN__TJK,IRN,TJK,0.0,0.0,0,0.0,0.0,0.0,,0.0,,1948,2021,1572.0,0.0
IRN__TKM,IRN,TKM,1.0,0.0,0,0.0,0.0,0.0,,0.0,,1948,2021,669.0,0.0
IRN__TLS,IRN,TLS,0.0,0.0,0,0.0,0.0,0.0,,0.0,,1948,2021,9158.0,0.0
IRN__TON,IRN,TON,0.0,0.0,0,0.0,0.0,0.0,,0.0,,1948,2021,15232.0,0.0
IRN__TTO,IRN,TTO,0.0,0.0,0,0.0,0.0,0.0,,0.0,,1948,2021,11324.0,0.0
IRN__TUN,IRN,TUN,0.0,0.0,0,0.0,0.0,0.0,,0.0,,1948,2021,3681.0,0.0
IRN__TUR,IRN,TUR,1.0,0.0,0,0.0,0.0,0.0,,0.0,,1948,2021,2044.0,0.0
IRN__TUV,IRN,TUV,0.0,0.0,0,0.0,0.0,0.0,,0.0,,1948,2021,13945.0,0.0
IRN__TWN,IRN,TWN,0.0,0.0,0,0.0,0.0,0.0,,0.0,,1948,2021,6702.0,6.0
IRN__TZA,IRN,TZA,0.0,0.0,0,0.0,0.0,0.0,,0.0,,1948,2021,4875.0,0.0
IRN__UGA,IRN,UGA,0.0,0.0,0,0.0,0.0,0.0,,0.0,,1948,2021,4376.0,0.0
IRN__URY,IRN,URY,0.0,0.0,0,0.0,0.0,0.0,,0.0,,1948,2021,13595.0,0.0
IRN__USA,IRN,USA,0.0,0.0,0,0.0,0.0,0.0,,0.0,,1948,2021,9878.0,0.0
IRN__UZB,IRN,UZB,0.0,0.0,0,0.0,0.0,0.0,,0.0,,1948,2021,1667.0,0.0
IRN__VCT,IRN,VCT,0.0,0.0,0,0.0,0.0,0.0,,0.0,,1948,2021,11122.0,0.0
IRN__VEN,IRN,VEN,0.0,0.0,0,0.0,0.0,0.0,,0.0,,1948,2021,11780.0,0.0
IRN__VNM,IRN,VNM,0.0,0.0,0,0.0,0.0,0.0,,0.0,,1948,2021,6196.0,0.0
IRN__VUT,IRN,VUT,0.0,0.0,0,0.0,0.0,0.0,,0.0,,1948,2021,13552.0,0.0
IRN__WSM,IRN,WSM,0.0,0.0,0,0.0,0.0,0.0,,0.0,,1948,2021,15085.0,0.0
IRN__YEM,IRN,YEM,0.0,0.0,0,0.0,0.0,0.0,,0.0,,1948,2021,2414.5,99.0
IRN__ZAF,IRN,ZAF,0.0,0.0,0,0.0,0.0,0.0,,0.0,,1948,2021,7858.0,1158.0
IRN__ZMB,IRN,ZMB,0.0,0.0,0,0.0,0.0,0.0,,0.0,,1948,2021,6030.0,260.0
IRN__ZWE,IRN,ZWE,0.0,0.0,0,0.0,0.0,0.0,,0.0,,1948,2021,6301.0,0.0
IRQ__ISR,IRQ,ISR,0.0,0.0,0,1.0,1.0,0.0,,0.0,,1948,2021,912.0,0.0
IRQ__ITA,IRQ,ITA,0.0,0.0,0,0.0,0.0,0.0,,0.0,,1948,2021,2954.0,0.0
IRQ__JAM,IRQ,JAM,0.0,0.0,0,1.0,0.0,0.0,,0.0,,1948,2021,11580.0,0.0
IRQ__JOR,IRQ,JOR,1.0,0.0,0,1.0,1.0,1.0,,0.0,,1948,2021,808.0,0.0
IRQ__JPN,IRQ,JPN,0.0,0.0,0,0.0,0.0,0.0,,0.0,,1948,2021,8363.0,0.0
IRQ__KAZ,IRQ,KAZ,0.0,0.0,0,0.0,0.0,0.0,,0.0,,1948,2021,3026.0,0.0
IRQ__KEN,IRQ,KEN,0.0,0.0,0,1.0,0.0,0.0,,0.0,,1948,2021,3914.0,0.0
IRQ__KGZ,IRQ,KGZ,0.0,0.0,0,0.0,0.0,0.0,,0.0,,1948,2021,2832.0,0.0
IRQ__KHM,IRQ,KHM,0.0,0.0,0,0.0,0.0,0.0,,0.0,,1948,2021,6581.0,0.0
IRQ__KIR,IRQ,KIR,0.0,0.0,0,1.0,0.0,0.0,,0.0,,1948,2021,13415.0,0.0
IRQ__KNA,IRQ,KNA,0.0,0.0,0,1.0,0.0,0.0,,0.0,,1948,2021,10479.0,0.0
IRQ__KOR,IRQ,KOR,0.0,0.0,0,0.0,0.0,0.0,,0.0,,1948,2021,7257.0,0.0
IRQ__KWT,IRQ,KWT,1.0,0.0,0,1.0,1.0,1.0,,0.0,,1948,2021,556.0,0.0
IRQ__LAO,IRQ,LAO,0.0,0.0,0,0.0,0.0,0.0,,0.0,,1948,2021,6008.0,0.0
IRQ__LBN,IRQ,LBN,0.0,0.0,0,1.0,1.0,1.0,,0.0,,1948,2021,830.0,0.0
IRQ__LBR,IRQ,LBR,0.0,0.0,0,0.0,0.0,0.0,,0.0,,1948,2021,6418.0,0.0
IRQ__LBY,IRQ,LBY,0.0,0.0,0,1.0,1.0,1.0,,0.0,,1948,2021,2903.0,0.0
IRQ__LCA,IRQ,LCA,0.0,0.0,0,1.0,0.0,0.0,,0.0,,1948,2021,10546.0,0.0
IRQ__LKA,IRQ,LKA,0.0,0.0,0,1.0,0.0,0.0,,0.0,,1948,2021,4678.0,0.0
IRQ__LSO,IRQ,LSO,0.0,0.0,0,1.0,0.0,0.0,,0.0,,1948,2021,7161.0,0.0
IRQ__MAR,IRQ,MAR,0.0,0.0,0,0.0,1.0,1.0,,0.0,,1948,2021,4782.0,0.0
IRQ__MDG,IRQ,MDG,0.0,0.0,0,0.0,0.0,0.0,,0.0,,1948,2021,5792.0,0.0
IRQ__MDV,IRQ,MDV,0.0,0.0,0,1.0,0.0,0.0,,0.0,,1948,2021,4421.0,0.0
IRQ__MEX,IRQ,MEX,0.0,0.0,0,0.0,0.0,0.0,,0.0,,1948,2021,13006.0,0.0
IRQ__MHL,IRQ,MHL,0.0,0.0,0,0.0,0.0,0.0,,0.0,,1948,2021,12860.0,0.0
IRQ__MLI,IRQ,MLI,0.0,0.0,0,0.0,0.0,0.0,,0.0,,1948,2021,5770.0,0.0
IRQ__MMR,IRQ,MMR,0.0,0.0,0,1.0,0.0,0.0,,0.0,,1948,2021,5472.0,0.0
IRQ__MNG,IRQ,MNG,0.0,0.0,0,0.0,0.0,0.0,,0.0,,1948,2021,5371.0,0.0
IRQ__MOZ,IRQ,MOZ,0.0,0.0,0,0.0,0.0,0.0,,0.0,,1948,2021,6683.0,2.0
IRQ__MRT,IRQ,MRT,0.0,0.0,0,0.0,0.0,1.0,,0.0,,1948,2021,6205.0,0.0
IRQ__MUS,IRQ,MUS,0.0,0.0,0,1.0,0.0,0.0,,0.0,,1948,2021,6082.0,0.0
IRQ__MWI,IRQ,MWI,0.0,0.0,0,1.0,0.0,0.0,,0.0,,1948,2021,5441.0,172.0
IRQ__MYS,IRQ,MYS,0.0,0.0,0,1.0,0.0,0.0,,0.0,,1948,2021,6969.0,316.0
IRQ__NAM,IRQ,NAM,0.0,0.0,0,0.0,0.0,0.0,,0.0,,1948,2021,6832.0,0.0
IRQ__NER,IRQ,NER,0.0,0.0,0,0.0,0.0,1.0,,0.0,,1948,2021,4803.0,0.0
IRQ__NGA,IRQ,NGA,0.0,0.0,0,1.0,0.0,0.0,,0.0,,1948,2021,5115.0,110.0
IRQ__NIC,IRQ,NIC,0.0,0.0,0,0.0,0.0,0.0,,0.0,,1948,2021,12761.0,0.0
IRQ__NLD,IRQ,NLD,0.0,0.0,0,0.0,0.0,0.0,,0.0,,1948,2021,3795.0,12.0
IRQ__NPL,IRQ,NPL,0.0,0.0,0,0.0,0.0,0.0,,0.0,,1948,2021,3952.0,0.0
IRQ__NRU,IRQ,NRU,0.0,0.0,0,1.0,0.0,0.0,,0.0,,1948,2021,13021.0,0.0
IRQ__NZL,IRQ,NZL,0.0,0.0,0,1.0,0.0,0.0,,0.0,,1948,2021,15533.0,0.0
IRQ__OMN,IRQ,OMN,0.0,0.0,0,0.0,1.0,1.0,,0.0,,1948,2021,1756.0,0.0
IRQ__PAK,IRQ,PAK,0.0,0.0,0,1.0,0.0,0.0,,0.0,,1948,2021,2391.0,0.0
IRQ__PAN,IRQ,PAN,0.0,0.0,0,0.0,0.0,0.0,,0.0,,1948,2021,12468.0,0.0
IRQ__PER,IRQ,PER,0.0,0.0,0,0.0,0.0,0.0,,0.0,,1948,2021,13654.0,0.0
IRQ__PHL,IRQ,PHL,0.0,0.0,0,0.0,0.0,0.0,,0.0,,1948,2021,7901.0,0.0
IRQ__PLW,IRQ,PLW,0.0,0.0,0,1.0,0.0,0.0,,0.0,,1948,2021,9578.0,4.0
IRQ__PNG,IRQ,PNG,0.0,0.0,0,1.0,0.0,0.0,,0.0,,1948,2021,11770.0,0.0
IRQ__PRK,IRQ,PRK,0.0,0.0,0,0.0,0.0,0.0,,0.0,,1948,2021,7094.0,0.0
IRQ__PRT,IRQ,PRT,0.0,0.0,0,0.0,0.0,0.0,,0.0,,1948,2021,4794.0,0.0
IRQ__PRY,IRQ,PRY,0.0,0.0,0,0.0,0.0,0.0,,0.0,,1948,2021,12573.0,0.0
IRQ__QAT,IRQ,QAT,0.0,0.0,0,1.0,1.0,1.0,,0.0,,1948,2021,1126.0,8.0
IRQ__RWA,IRQ,RWA,0.0,0.0,0,0.0,0.0,0.0,,0.0,,1948,2021,4186.0,0.0
IRQ__SAU,IRQ,SAU,1.0,0.0,0,0.0,1.0,1.0,,0.0,,1948,2021,1190.5,411.0
IRQ__SDN,IRQ,SDN,0.0,0.0,0,1.0,1.0,1.0,,0.0,,1948,2021,2305.0,0.0
IRQ__SEN,IRQ,SEN,0.0,0.0,0,0.0,0.0,0.0,,0.0,,1948,2021,6525.0,0.0
IRQ__SGP,IRQ,SGP,0.0,0.0,0,1.0,0.0,0.0,,0.0,,1948,2021,7127.0,0.0
IRQ__SLB,IRQ,SLB,0.0,0.0,0,1.0,0.0,0.0,,0.0,,1948,2021,12956.0,0.0
IRQ__SLE,IRQ,SLE,0.0,0.0,0,1.0,0.0,0.0,,0.0,,1948,2021,6501.0,0.0
IRQ__SLV,IRQ,SLV,0.0,0.0,0,0.0,0.0,0.0,,0.0,,1948,2021,12853.0,0.0
IRQ__SOM,IRQ,SOM,0.0,0.0,0,1.0,0.0,1.0,,0.0,,1948,2021,3466.0,0.0
IRQ__SSD,IRQ,SSD,0.0,0.0,0,0.0,1.0,1.0,,0.0,,1948,2021,3423.0,0.0
IRQ__STP,IRQ,STP,0.0,0.0,0,0.0,0.0,0.0,,0.0,,1948,2021,5370.0,0.0
IRQ__SUR,IRQ,SUR,0.0,0.0,0,0.0,0.0,0.0,,0.0,,1948,2021,10541.0,0.0
IRQ__SWZ,IRQ,SWZ,0.0,0.0,0,1.0,0.0,0.0,,0.0,,1948,2021,6750.0,0.0
IRQ__SYC,IRQ,SYC,0.0,0.0,0,1.0,0.0,0.0,,0.0,,1948,2021,4360.0,0.0
IRQ__SYR,IRQ,SYR,1.0,0.0,0,1.0,1.0,1.0,,0.0,,1948,2021,744.0,18.0
IRQ__TCD,IRQ,TCD,0.0,0.0,0,0.0,1.0,1.0,,0.0,,1948,2021,3799.0,0.0
IRQ__TGO,IRQ,TGO,0.0,0.0,0,0.0,0.0,0.0,,0.0,,1948,2021,5376.0,0.0
IRQ__THA,IRQ,THA,0.0,0.0,0,0.0,0.0,0.0,,0.0,,1948,2021,6050.0,0.0
IRQ__TJK,IRQ,TJK,0.0,0.0,0,0.0,0.0,0.0,,0.0,,1948,2021,2267.0,0.0
IRQ__TKM,IRQ,TKM,0.0,0.0,0,0.0,0.0,0.0,,0.0,,1948,2021,1364.0,0.0
IRQ__TLS,IRQ,TLS,0.0,0.0,0,0.0,0.0,0.0,,0.0,,1948,2021,9720.0,0.0
IRQ__TON,IRQ,TON,0.0,0.0,0,1.0,0.0,0.0,,0.0,,1948,2021,15907.0,0.0
IRQ__TTO,IRQ,TTO,0.0,0.0,0,1.0,0.0,0.0,,0.0,,1948,2021,10809.0,0.0
IRQ__TUN,IRQ,TUN,0.0,0.0,0,1.0,1.0,1.0,,0.0,,1948,2021,3129.0,0.0
IRQ__TUR,IRQ,TUR,1.0,0.0,1,0.0,0.0,0.0,,0.0,1916.0,1948,2021,1611.0,0.0
IRQ__TUV,IRQ,TUV,0.0,0.0,0,1.0,0.0,0.0,,0.0,,1948,2021,14639.0,0.0
IRQ__TWN,IRQ,TWN,0.0,0.0,0,0.0,0.0,0.0,,0.0,,1948,2021,7389.0,6.0
IRQ__TZA,IRQ,TZA,0.0,0.0,0,1.0,0.0,0.0,,0.0,,1948,2021,4478.0,0.0
IRQ__UGA,IRQ,UGA,0.0,0.0,0,1.0,0.0,0.0,,0.0,,1948,2021,3859.0,0.0
IRQ__URY,IRQ,URY,0.0,0.0,0,0.0,0.0,0.0,,0.0,,1948,2021,12901.0,0.0
IRQ__USA,IRQ,USA,0.0,0.0,0,1.0,0.0,0.0,,0.0,,1948,2021,9664.0,0.0
IRQ__UZB,IRQ,UZB,0.0,0.0,0,0.0,0.0,0.0,,0.0,,1948,2021,2359.0,0.0
IRQ__VCT,IRQ,VCT,0.0,0.0,0,1.0,0.0,0.0,,0.0,,1948,2021,10621.0,0.0
IRQ__VEN,IRQ,VEN,0.0,0.0,0,0.0,0.0,0.0,,0.0,,1948,2021,11292.0,0.0
IRQ__VNM,IRQ,VNM,0.0,0.0,0,0.0,0.0,0.0,,0.0,,1948,2021,6791.0,0.0
IRQ__VUT,IRQ,VUT,0.0,0.0,0,1.0,0.0,0.0,,0.0,,1948,2021,14204.0,0.0
IRQ__WSM,IRQ,WSM,0.0,0.0,0,0.0,0.0,0.0,,0.0,,1948,2021,15780.0,0.0
IRQ__YEM,IRQ,YEM,0.0,0.0,0,1.0,1.0,1.0,,0.0,,1948,2021,2026.0,66.0
IRQ__ZAF,IRQ,ZAF,0.0,0.0,0,1.0,0.0,0.0,,0.0,,1948,2021,7369.5,1113.0
IRQ__ZMB,IRQ,ZMB,0.0,0.0,0,1.0,0.0,0.0,,0.0,,1948,2021,5525.5,271.0
IRQ__ZWE,IRQ,ZWE,0.0,0.0,0,1.0,0.0,0.0,,0.0,,1948,2021,5838.0,0.0
ISR__ITA,ISR,ITA,0.0,0.0,0,0.0,0.0,0.0,,0.0,,1948,2021,2255.0,0.0
ISR__JAM,ISR,JAM,0.0,0.0,0,1.0,1.0,1.0,,1.0,,1948,2021,10869.0,0.0
ISR__JOR,ISR,JOR,1.0,0.0,0,1.0,1.0,0.0,,1.0,,1948,2021,111.0,0.0
ISR__JPN,ISR,JPN,0.0,0.0,0,0.0,0.0,0.0,,0.0,,1948,2021,9178.0,0.0
ISR__KAZ,ISR,KAZ,0.0,0.0,0,0.0,1.0,0.0,,0.0,,1948,2021,3872.0,0.0
ISR__KEN,ISR,KEN,0.0,0.0,0,1.0,1.0,1.0,,1.0,,1948,2021,3699.0,0.0
ISR__KGZ,ISR,KGZ,0.0,0.0,0,0.0,1.0,0.0,,0.0,,1948,2021,3680.0,0.0
ISR__KHM,ISR,KHM,0.0,0.0,0,0.0,0.0,0.0,,0.0,,1948,2021,7473.0,0.0
ISR__KIR,ISR,KIR,0.0,0.0,0,1.0,1.0,1.0,,1.0,,1948,2021,14274.0,0.0
ISR__KNA,ISR,KNA,0.0,0.0,0,1.0,1.0,1.0,,1.0,,1948,2021,9689.0,0.0
ISR__KOR,ISR,KOR,0.0,0.0,0,0.0,1.0,0.0,,0.0,,1948,2021,8097.0,0.0
ISR__KWT,ISR,KWT,0.0,0.0,0,1.0,1.0,0.0,,1.0,,1948,2021,1298.0,0.0
ISR__LAO,ISR,LAO,0.0,0.0,0,0.0,0.0,0.0,,0.0,,1948,2021,6914.0,0.0
ISR__LBN,ISR,LBN,1.0,0.0,0,0.0,1.0,0.0,,0.0,,1948,2021,212.0,0.0
ISR__LBR,ISR,LBR,0.0,0.0,0,0.0,1.0,1.0,,0.0,,1948,2021,5518.0,0.0
ISR__LBY,ISR,LBY,0.0,0.0,0,0.0,1.0,0.0,,0.0,,1948,2021,2028.0,0.0
ISR__LCA,ISR,LCA,0.0,0.0,0,1.0,1.0,1.0,,1.0,,1948,2021,9728.0,0.0
ISR__LKA,ISR,LKA,0.0,0.0,0,1.0,0.0,0.0,,1.0,,1948,2021,5431.0,0.0
ISR__LSO,ISR,LSO,0.0,0.0,0,1.0,1.0,1.0,,1.0,,1948,2021,6839.0,0.0
ISR__MAR,ISR,MAR,0.0,0.0,0,0.0,1.0,0.0,,0.0,,1948,2021,3945.0,0.0
ISR__MDG,ISR,MDG,0.0,0.0,0,0.0,1.0,0.0,,0.0,,1948,2021,5805.0,0.0
ISR__MDV,ISR,MDV,0.0,0.0,0,1.0,0.0,0.0,,1.0,,1948,2021,5082.0,0.0
ISR__MEX,ISR,MEX,0.0,0.0,0,0.0,0.0,0.0,,0.0,,1948,2021,12493.0,0.0
ISR__MHL,ISR,MHL,0.0,0.0,0,0.0,1.0,1.0,,0.0,,1948,2021,13697.0,0.0
ISR__MLI,ISR,MLI,0.0,0.0,0,0.0,0.0,0.0,,0.0,,1948,2021,4860.0,0.0
ISR__MMR,ISR,MMR,0.0,0.0,0,1.0,0.0,0.0,,1.0,,1948,2021,6365.0,0.0
ISR__MNG,ISR,MNG,0.0,0.0,0,0.0,0.0,0.0,,0.0,,1948,2021,6167.0,0.0
ISR__MOZ,ISR,MOZ,0.0,0.0,0,0.0,0.0,0.0,,0.0,,1948,2021,6428.0,0.0
ISR__MRT,ISR,MRT,0.0,0.0,0,0.0,0.0,0.0,,0.0,,1948,2021,5299.0,0.0
ISR__MUS,ISR,MUS,0.0,0.0,0,1.0,1.0,1.0,,1.0,,1948,2021,6268.0,0.0
ISR__MWI,ISR,MWI,0.0,0.0,0,1.0,1.0,1.0,,1.0,,1948,2021,5197.0,200.0
ISR__MYS,ISR,MYS,0.0,0.0,0,1.0,0.0,0.0,,1.0,,1948,2021,7815.0,314.0
ISR__NAM,ISR,NAM,0.0,0.0,0,0.0,1.0,1.0,,0.0,,1948,2021,6334.0,0.0
ISR__NER,ISR,NER,0.0,0.0,0,0.0,1.0,0.0,,0.0,,1948,2021,3909.0,0.0
ISR__NGA,ISR,NGA,0.0,0.0,0,1.0,1.0,1.0,,1.0,,1948,2021,4263.0,112.0
ISR__NIC,ISR,NIC,0.0,0.0,0,0.0,0.0,0.0,,0.0,,1948,2021,12067.0,0.0
ISR__NLD,ISR,NLD,0.0,0.0,0,0.0,0.0,0.0,,0.0,,1948,2021,3298.5,1.0
ISR__NPL,ISR,NPL,0.0,0.0,0,0.0,0.0,0.0,,0.0,,1948,2021,4862.0,0.0
ISR__NRU,ISR,NRU,0.0,0.0,0,1.0,1.0,1.0,,1.0,,1948,2021,13909.0,0.0
ISR__NZL,ISR,NZL,0.0,0.0,0,1.0,1.0,1.0,,0.0,,1948,2021,16338.0,0.0
ISR__OMN,ISR,OMN,0.0,0.0,0,0.0,1.0,0.0,,0.0,,1948,2021,2519.0,0.0
ISR__PAK,ISR,PAK,0.0,0.0,0,1.0,1.0,1.0,,1.0,,1948,2021,3248.0,0.0
ISR__PAN,ISR,PAN,0.0,0.0,0,0.0,0.0,0.0,,0.0,,1948,2021,11706.0,0.0
ISR__PER,ISR,PER,0.0,0.0,0,0.0,0.0,0.0,,0.0,,1948,2021,12765.0,0.0
ISR__PHL,ISR,PHL,0.0,0.0,0,0.0,1.0,1.0,,0.0,,1948,2021,8813.0,0.0
ISR__PLW,ISR,PLW,0.0,0.0,0,1.0,1.0,1.0,,0.0,,1948,2021,10490.5,3.0
ISR__PNG,ISR,PNG,0.0,0.0,0,1.0,1.0,1.0,,0.0,,1948,2021,12675.0,0.0
ISR__PRK,ISR,PRK,0.0,0.0,0,0.0,0.0,0.0,,0.0,,1948,2021,7927.0,0.0
ISR__PRT,ISR,PRT,0.0,0.0,0,0.0,0.0,0.0,,0.0,,1948,2021,4018.0,0.0
ISR__PRY,ISR,PRY,0.0,0.0,0,0.0,0.0,0.0,,0.0,,1948,2021,11673.0,0.0
ISR__QAT,ISR,QAT,0.0,0.0,0,1.0,1.0,0.0,,1.0,,1948,2021,1794.0,10.0
ISR__RWA,ISR,RWA,0.0,0.0,0,0.0,1.0,1.0,,0.0,,1948,2021,3799.0,0.0
ISR__SAU,ISR,SAU,0.0,0.0,0,0.0,1.0,0.0,,0.0,,1948,2021,1354.5,143.0
ISR__SDN,ISR,SDN,0.0,0.0,0,1.0,1.0,0.0,,1.0,,1948,2021,1845.0,0.0
ISR__SEN,ISR,SEN,0.0,0.0,0,0.0,1.0,0.0,,0.0,,1948,2021,5615.0,0.0
ISR__SGP,ISR,SGP,0.0,0.0,0,1.0,1.0,1.0,,1.0,,1948,2021,7972.0,0.0
ISR__SLB,ISR,SLB,0.0,0.0,0,1.0,0.0,1.0,,1.0,,1948,2021,13868.0,0.0
ISR__SLE,ISR,SLE,0.0,0.0,0,1.0,1.0,1.0,,1.0,,1948,2021,5593.0,0.0
ISR__SLV,ISR,SLV,0.0,0.0,0,0.0,0.0,0.0,,0.0,,1948,2021,12195.0,0.0
ISR__SOM,ISR,SOM,0.0,0.0,0,1.0,0.0,1.0,,1.0,,1948,2021,3505.0,0.0
ISR__SSD,ISR,SSD,0.0,0.0,0,0.0,1.0,0.0,,1.0,,1948,2021,3033.0,0.0
ISR__STP,ISR,STP,0.0,0.0,0,0.0,0.0,0.0,,0.0,,1948,2021,4587.0,0.0
ISR__SUR,ISR,SUR,0.0,0.0,0,0.0,0.0,0.0,,0.0,,1948,2021,9666.0,0.0
ISR__SWZ,ISR,SWZ,0.0,0.0,0,1.0,0.0,1.0,,1.0,,1948,2021,6474.0,0.0
ISR__SYC,ISR,SYC,0.0,0.0,0,1.0,1.0,1.0,,1.0,,1948,2021,4614.0,0.0
ISR__SYR,ISR,SYR,1.0,0.0,0,0.0,1.0,0.0,,0.0,,1948,2021,360.5,295.0
ISR__TCD,ISR,TCD,0.0,0.0,0,0.0,1.0,0.0,,0.0,,1948,2021,2995.0,0.0
ISR__TGO,ISR,TGO,0.0,0.0,0,0.0,1.0,0.0,,0.0,,1948,2021,4516.0,0.0
ISR__THA,ISR,THA,0.0,0.0,0,0.0,0.0,0.0,,0.0,,1948,2021,6941.0,0.0
ISR__TJK,ISR,TJK,0.0,0.0,0,0.0,0.0,0.0,,0.0,,1948,2021,3155.0,0.0
ISR__TKM,ISR,TKM,0.0,0.0,0,0.0,0.0,0.0,,0.0,,1948,2021,2243.0,0.0
ISR__TLS,ISR,TLS,0.0,0.0,0,0.0,0.0,0.0,,0.0,,1948,2021,10588.0,0.0
ISR__TON,ISR,TON,0.0,0.0,0,1.0,0.0,1.0,,1.0,,1948,2021,16817.0,0.0
ISR__TTO,ISR,TTO,0.0,0.0,0,1.0,1.0,1.0,,1.0,,1948,2021,9975.0,0.0
ISR__TUN,ISR,TUN,0.0,0.0,0,0.0,1.0,0.0,,0.0,,1948,2021,2315.0,0.0
ISR__TUR,ISR,TUR,0.0,0.0,0,0.0,0.0,0.0,,0.0,,1948,2021,1120.0,0.0
ISR__TUV,ISR,TUV,0.0,0.0,0,1.0,0.0,0.0,,1.0,,1948,2021,15519.0,0.0
ISR__TWN,ISR,TWN,0.0,0.0,0,0.0,0.0,0.0,,0.0,,1948,2021,8290.0,6.0
ISR__TZA,ISR,TZA,0.0,0.0,0,1.0,0.0,1.0,,1.0,,1948,2021,4332.0,0.0
ISR__UGA,ISR,UGA,0.0,0.0,0,1.0,1.0,1.0,,1.0,,1948,2021,3523.0,0.0
ISR__URY,ISR,URY,0.0,0.0,0,0.0,0.0,0.0,,0.0,,1948,2021,12039.0,0.0
ISR__USA,ISR,USA,0.0,0.0,0,1.0,1.0,1.0,,0.0,,1948,2021,9135.0,0.0
ISR__UZB,ISR,UZB,0.0,0.0,0,0.0,0.0,0.0,,0.0,,1948,2021,3218.0,0.0
ISR__VCT,ISR,VCT,0.0,0.0,0,1.0,1.0,1.0,,1.0,,1948,2021,9800.0,0.0
ISR__VEN,ISR,VEN,0.0,0.0,0,0.0,0.0,0.0,,0.0,,1948,2021,10478.0,0.0
ISR__VNM,ISR,VNM,0.0,0.0,0,0.0,0.0,0.0,,0.0,,1948,2021,7684.0,0.0
ISR__VUT,ISR,VUT,0.0,0.0,0,1.0,1.0,1.0,,1.0,,1948,2021,15115.0,0.0
ISR__WSM,ISR,WSM,0.0,0.0,0,0.0,1.0,1.0,,0.0,,1948,2021,16648.0,0.0
ISR__YEM,ISR,YEM,0.0,0.0,0,1.0,1.0,0.0,,1.0,,1948,2021,2085.5,1.0
ISR__ZAF,ISR,ZAF,0.0,0.0,0,1.0,1.0,1.0,,0.0,,1948,2021,6997.5,1015.0
ISR__ZMB,ISR,ZMB,0.0,0.0,0,1.0,1.0,1.0,,1.0,,1948,2021,5159.5,283.0
ISR__ZWE,ISR,ZWE,0.0,0.0,0,1.0,1.0,1.0,,1.0,,1948,2021,5537.0,0.0
ITA__JAM,ITA,JAM,0.0,0.0,0,0.0,0.0,0.0,,0.0,,1948,2021,8638.0,0.0
ITA__JOR,ITA,JOR,0.0,0.0,0,0.0,0.0,0.0,,0.0,,1948,2021,2353.0,0.0
ITA__JPN,ITA,JPN,0.0,0.0,0,0.0,0.0,0.0,,0.0,,1948,2021,9878.0,0.0
ITA__KAZ,ITA,KAZ,0.0,0.0,0,0.0,0.0,0.0,,0.0,,1948,2021,5156.0,0.0
ITA__KEN,ITA,KEN,0.0,0.0,0,0.0,0.0,0.0,,0.0,,1948,2021,5373.0,0.0
ITA__KGZ,ITA,KGZ,0.0,0.0,0,0.0,0.0,0.0,,0.0,,1948,2021,4995.0,0.0
ITA__KHM,ITA,KHM,0.0,0.0,0,0.0,0.0,0.0,,0.0,,1948,2021,9361.0,0.0
ITA__KIR,ITA,KIR,0.0,0.0,0,0.0,0.0,0.0,,0.0,,1948,2021,14834.0,0.0
ITA__KNA,ITA,KNA,0.0,0.0,0,0.0,0.0,0.0,,0.0,,1948,2021,7534.0,0.0
ITA__KOR,ITA,KOR,0.0,0.0,0,0.0,0.0,0.0,,0.0,,1948,2021,8989.0,0.0
ITA__KWT,ITA,KWT,0.0,0.0,0,0.0,0.0,0.0,,0.0,,1948,2021,3471.0,0.0
ITA__LAO,ITA,LAO,0.0,0.0,0,0.0,0.0,0.0,,0.0,,1948,2021,8708.0,0.0
ITA__LBN,ITA,LBN,0.0,0.0,0,0.0,0.0,0.0,,0.0,,1948,2021,2200.0,0.0
ITA__LBR,ITA,LBR,0.0,0.0,0,0.0,0.0,0.0,,0.0,,1948,2021,4566.0,0.0
ITA__LBY,ITA,LBY,0.0,0.0,1,0.0,0.0,0.0,,0.0,1951.0,1948,2021,1003.0,0.0
ITA__LCA,ITA,LCA,0.0,0.0,0,0.0,0.0,0.0,,0.0,,1948,2021,7620.0,0.0
ITA__LKA,ITA,LKA,0.0,0.0,0,0.0,0.0,0.0,,0.0,,1948,2021,7630.0,0.0
ITA__LSO,ITA,LSO,0.0,0.0,0,0.0,0.0,0.0,,0.0,,1948,2021,8034.0,0.0
ITA__MAR,ITA,MAR,0.0,0.0,0,0.0,0.0,0.0,,0.0,,1948,2021,1990.0,0.0
ITA__MDG,ITA,MDG,0.0,0.0,0,0.0,0.0,0.0,,0.0,,1948,2021,7638.0,0.0
ITA__MDV,ITA,MDV,0.0,0.0,0,0.0,0.0,0.0,,0.0,,1948,2021,7328.0,0.0
ITA__MEX,ITA,MEX,0.0,0.0,0,0.0,0.0,0.0,,0.0,,1948,2021,10257.0,0.0
ITA__MHL,ITA,MHL,0.0,0.0,0,0.0,0.0,0.0,,0.0,,1948,2021,14174.0,0.0
ITA__MLI,ITA,MLI,0.0,0.0,0,0.0,0.0,0.0,,0.0,,1948,2021,3801.0,0.0
ITA__MMR,ITA,MMR,0.0,0.0,0,0.0,0.0,0.0,,0.0,,1948,2021,8266.0,0.0
ITA__MNG,ITA,MNG,0.0,0.0,0,0.0,0.0,0.0,,0.0,,1948,2021,7001.0,0.0
ITA__MOZ,ITA,MOZ,0.0,0.0,0,0.0,0.0,0.0,,0.0,,1948,2021,7791.0,4.0
ITA__MRT,ITA,MRT,0.0,0.0,0,0.0,0.0,0.0,,0.0,,1948,2021,3775.0,0.0
ITA__MUS,ITA,MUS,0.0,0.0,0,0.0,0.0,0.0,,0.0,,1948,2021,8286.0,0.0
ITA__MWI,ITA,MWI,0.0,0.0,0,0.0,0.0,0.0,,0.0,,1948,2021,6676.5,233.0
ITA__MYS,ITA,MYS,0.0,0.0,0,0.0,0.0,0.0,,0.0,,1948,2021,9872.0,316.0
ITA__NAM,ITA,NAM,0.0,0.0,0,0.0,0.0,0.0,,0.0,,1948,2021,7151.0,0.0
ITA__NER,ITA,NER,0.0,0.0,0,0.0,0.0,0.0,,0.0,,1948,2021,3301.0,0.0
ITA__NGA,ITA,NGA,0.0,0.0,0,0.0,0.0,0.0,,0.0,,1948,2021,3972.0,112.0
ITA__NIC,ITA,NIC,0.0,0.0,0,0.0,0.0,0.0,,0.0,,1948,2021,9829.0,0.0
ITA__NLD,ITA,NLD,0.0,0.0,0,0.0,0.0,0.0,,0.0,,1948,2021,1283.5,29.0
ITA__NPL,ITA,NPL,0.0,0.0,0,0.0,0.0,0.0,,0.0,,1948,2021,6649.0,0.0
ITA__NRU,ITA,NRU,0.0,0.0,0,0.0,0.0,0.0,,0.0,,1948,2021,14760.0,0.0
ITA__NZL,ITA,NZL,0.0,0.0,0,0.0,0.0,0.0,,0.0,,1948,2021,18400.0,0.0
ITA__OMN,ITA,OMN,0.0,0.0,0,0.0,0.0,0.0,,0.0,,1948,2021,4703.0,0.0
ITA__PAK,ITA,PAK,0.0,0.0,0,0.0,0.0,0.0,,0.0,,1948,2021,5318.0,0.0
ITA__PAN,ITA,PAN,0.0,0.0,0,0.0,0.0,0.0,,0.0,,1948,2021,9514.0,0.0
ITA__PER,ITA,PER,0.0,0.0,0,0.0,0.0,0.0,,0.0,,1948,2021,10855.0,0.0
ITA__PHL,ITA,PHL,0.0,0.0,0,0.0,0.0,0.0,,0.0,,1948,2021,10406.0,0.0
ITA__PLW,ITA,PLW,0.0,0.0,0,0.0,0.0,0.0,,0.0,,1948,2021,11999.0,2.0
ITA__PNG,ITA,PNG,0.0,0.0,0,0.0,0.0,0.0,,0.0,,1948,2021,14323.0,0.0
ITA__PRK,ITA,PRK,0.0,0.0,0,0.0,0.0,0.0,,0.0,,1948,2021,8798.0,0.0
ITA__PRT,ITA,PRT,0.0,0.0,0,0.0,0.0,0.0,,0.0,,1948,2021,1866.0,0.0
ITA__PRY,ITA,PRY,0.0,0.0,0,0.0,0.0,0.0,,0.0,,1948,2021,10352.0,0.0
ITA__QAT,ITA,QAT,0.0,0.0,0,0.0,0.0,0.0,,0.0,,1948,2021,4015.5,9.0
ITA__RWA,ITA,RWA,0.0,0.0,0,0.0,0.0,0.0,,0.0,,1948,2021,5169.0,0.0
ITA__SAU,ITA,SAU,0.0,0.0,0,0.0,0.0,0.0,,0.0,,1948,2021,3549.0,260.0
ITA__SDN,ITA,SDN,0.0,0.0,0,0.0,0.0,0.0,,0.0,,1948,2021,3496.0,0.0
ITA__SEN,ITA,SEN,0.0,0.0,0,0.0,0.0,0.0,,0.0,,1948,2021,4166.0,0.0
ITA__SGP,ITA,SGP,0.0,0.0,0,0.0,0.0,0.0,,0.0,,1948,2021,10030.0,0.0
ITA__SLB,ITA,SLB,0.0,0.0,0,0.0,0.0,0.0,,0.0,,1948,2021,15213.0,0.0
ITA__SLE,ITA,SLE,0.0,0.0,0,0.0,0.0,0.0,,0.0,,1948,2021,4481.0,0.0
ITA__SLV,ITA,SLV,0.0,0.0,0,0.0,0.0,0.0,,0.0,,1948,2021,9945.0,0.0
ITA__SOM,ITA,SOM,0.0,1.0,1,0.0,0.0,0.0,0.0,0.0,1960.0,1948,2021,5500.0,0.0
ITA__SSD,ITA,SSD,0.0,0.0,0,0.0,0.0,0.0,,0.0,,1948,2021,4521.0,0.0
ITA__STP,ITA,STP,0.0,0.0,0,0.0,0.0,0.0,,0.0,,1948,2021,4639.0,0.0
ITA__SUR,ITA,SUR,0.0,0.0,0,0.0,0.0,0.0,,0.0,,1948,2021,7732.0,0.0
ITA__SWZ,ITA,SWZ,0.0,0.0,0,0.0,0.0,0.0,,0.0,,1948,2021,7792.0,0.0
ITA__SYC,ITA,SYC,0.0,0.0,0,0.0,0.0,0.0,,0.0,,1948,2021,6739.0,0.0
ITA__SYR,ITA,SYR,0.0,0.0,0,0.0,0.0,0.0,,0.0,,1948,2021,2253.0,70.0
ITA__TCD,ITA,TCD,0.0,0.0,0,0.0,0.0,0.0,,0.0,,1948,2021,3310.0,0.0
ITA__TGO,ITA,TGO,0.0,0.0,0,0.0,0.0,0.0,,0.0,,1948,2021,4115.0,0.0
ITA__THA,ITA,THA,0.0,0.0,0,0.0,0.0,0.0,,0.0,,1948,2021,8845.0,0.0
ITA__TJK,ITA,TJK,0.0,0.0,0,0.0,0.0,0.0,,0.0,,1948,2021,4720.0,0.0
ITA__TKM,ITA,TKM,0.0,0.0,0,0.0,0.0,0.0,,0.0,,1948,2021,3902.0,0.0
ITA__TLS,ITA,TLS,0.0,0.0,0,0.0,0.0,0.0,,0.0,,1948,2021,12550.0,0.0
ITA__TON,ITA,TON,0.0,0.0,0,0.0,0.0,0.0,,0.0,,1948,2021,17594.0,0.0
ITA__TTO,ITA,TTO,0.0,0.0,0,0.0,0.0,0.0,,0.0,,1948,2021,7903.0,0.0
ITA__TUN,ITA,TUN,0.0,0.0,0,0.0,0.0,0.0,,0.0,,1948,2021,598.0,0.0
ITA__TUR,ITA,TUR,0.0,0.0,0,0.0,0.0,0.0,,0.0,,1948,2021,1377.0,0.0
ITA__TUV,ITA,TUV,0.0,0.0,0,0.0,0.0,0.0,,0.0,,1948,2021,16085.0,0.0
ITA__TWN,ITA,TWN,0.0,0.0,0,0.0,0.0,0.0,,0.0,,1948,2021,9626.0,4.0
ITA__TZA,ITA,TZA,0.0,0.0,0,0.0,0.0,0.0,,0.0,,1948,2021,6044.0,0.0
ITA__UGA,ITA,UGA,0.0,0.0,0,0.0,0.0,0.0,,0.0,,1948,2021,5028.0,0.0
ITA__URY,ITA,URY,0.0,0.0,0,0.0,0.0,0.0,,0.0,,1948,2021,11004.0,0.0
ITA__USA,ITA,USA,0.0,0.0,0,0.0,0.0,0.0,,0.0,,1948,2021,6907.0,0.0
ITA__UZB,ITA,UZB,0.0,0.0,0,0.0,0.0,0.0,,0.0,,1948,2021,4642.0,0.0
ITA__VCT,ITA,VCT,0.0,0.0,0,0.0,0.0,0.0,,0.0,,1948,2021,7700.0,0.0
ITA__VEN,ITA,VEN,0.0,0.0,0,0.0,0.0,0.0,,0.0,,1948,2021,8361.0,0.0
ITA__VNM,ITA,VNM,0.0,0.0,0,0.0,0.0,0.0,,0.0,,1948,2021,9564.0,0.0
ITA__VUT,ITA,VUT,0.0,0.0,0,0.0,0.0,0.0,,0.0,,1948,2021,16486.0,0.0
ITA__WSM,ITA,WSM,0.0,0.0,0,0.0,0.0,0.0,,0.0,,1948,2021,16867.0,0.0
ITA__YEM,ITA,YEM,0.0,0.0,0,0.0,0.0,0.0,,0.0,,1948,2021,4211.5,37.0
ITA__ZAF,ITA,ZAF,0.0,0.0,0,0.0,0.0,0.0,,0.0,,1948,2021,8062.5,709.0
ITA__ZMB,ITA,ZMB,0.0,0.0,0,0.0,0.0,0.0,,0.0,,1948,2021,6408.5,281.0
ITA__ZWE,ITA,ZWE,0.0,0.0,0,0.0,0.0,0.0,,0.0,,1948,2021,6883.0,0.0
JAM__JOR,JAM,JOR,0.0,0.0,0,1.0,1.0,0.0,,1.0,,1948,2021,10973.0,0.0
JAM__JPN,JAM,JPN,0.0,0.0,0,0.0,0.0,0.0,,0.0,,1948,2021,12934.0,0.0
JAM__KAZ,JAM,KAZ,0.0,0.0,0,0.0,0.0,0.0,,0.0,,1948,2021,12713.0,0.0
JAM__KEN,JAM,KEN,0.0,0.0,0,1.0,1.0,1.0,,1.0,,1948,2021,12557.0,0.0
JAM__KGZ,JAM,KGZ,0.0,0.0,0,0.0,0.0,0.0,,0.0,,1948,2021,12659.0,0.0
JAM__KHM,JAM,KHM,0.0,0.0,0,0.0,0.0,0.0,,0.0,,1948,2021,16729.0,0.0
JAM__KIR,JAM,KIR,0.0,0.0,0,1.0,1.0,1.0,,1.0,,1948,2021,12106.0,0.0
JAM__KNA,JAM,KNA,0.0,0.0,0,1.0,1.0,1.0,,1.0,,1948,2021,1494.0,0.0
JAM__KOR,JAM,KOR,0.0,0.0,0,0.0,1.0,0.0,,0.0,,1948,2021,13372.0,0.0
JAM__KWT,JAM,KWT,0.0,0.0,0,1.0,1.0,0.0,,1.0,,1948,2021,12108.0,0.0
JAM__LAO,JAM,LAO,0.0,0.0,0,0.0,0.0,0.0,,0.0,,1948,2021,16025.0,0.0
JAM__LBN,JAM,LBN,0.0,0.0,0,0.0,1.0,0.0,,0.0,,1948,2021,10835.0,0.0
JAM__LBR,JAM,LBR,0.0,0.0,0,0.0,1.0,1.0,,0.0,,1948,2021,7265.0,0.0
JAM__LBY,JAM,LBY,0.0,0.0,0,0.0,0.0,0.0,,0.0,,1948,2021,8946.0,0.0
JAM__LCA,JAM,LCA,0.0,0.0,0,1.0,1.0,1.0,,1.0,,1948,2021,1747.0,0.0
JAM__LKA,JAM,LKA,0.0,0.0,0,1.0,0.0,0.0,,1.0,,1948,2021,16252.0,0.0
JAM__LSO,JAM,LSO,0.0,0.0,0,1.0,1.0,1.0,,1.0,,1948,2021,12327.0,0.0
JAM__MAR,JAM,MAR,0.0,0.0,0,0.0,0.0,0.0,,0.0,,1948,2021,7025.0,0.0
JAM__MDG,JAM,MDG,0.0,0.0,0,0.0,0.0,0.0,,0.0,,1948,2021,14177.0,0.0
JAM__MDV,JAM,MDV,0.0,0.0,0,1.0,0.0,0.0,,1.0,,1948,2021,15945.0,0.0
JAM__MEX,JAM,MEX,0.0,0.0,0,0.0,0.0,0.0,,0.0,,1948,2021,2361.0,0.0
JAM__MHL,JAM,MHL,0.0,0.0,0,0.0,1.0,1.0,,0.0,,1948,2021,12048.0,0.0
JAM__MLI,JAM,MLI,0.0,0.0,0,0.0,0.0,0.0,,0.0,,1948,2021,7372.0,0.0
JAM__MMR,JAM,MMR,0.0,0.0,0,1.0,0.0,0.0,,1.0,,1948,2021,16079.0,0.0
JAM__MNG,JAM,MNG,0.0,0.0,0,0.0,0.0,0.0,,0.0,,1948,2021,12696.0,0.0
JAM__MOZ,JAM,MOZ,0.0,0.0,0,0.0,0.0,0.0,,0.0,,1948,2021,12760.5,13.0
JAM__MRT,JAM,MRT,0.0,0.0,0,0.0,0.0,0.0,,0.0,,1948,2021,6407.0,0.0
JAM__MUS,JAM,MUS,0.0,0.0,0,1.0,1.0,1.0,,1.0,,1948,2021,15232.0,0.0
JAM__MWI,JAM,MWI,0.0,0.0,0,1.0,1.0,1.0,,1.0,,1948,2021,12718.0,174.0
JAM__MYS,JAM,MYS,0.0,0.0,0,1.0,0.0,0.0,,1.0,,1948,2021,17765.0,210.0
JAM__NAM,JAM,NAM,0.0,0.0,0,0.0,1.0,1.0,,0.0,,1948,2021,11149.0,0.0
JAM__NER,JAM,NER,0.0,0.0,0,0.0,0.0,0.0,,0.0,,1948,2021,8408.0,0.0
JAM__NGA,JAM,NGA,0.0,0.0,0,1.0,1.0,1.0,,1.0,,1948,2021,8773.5,23.0
JAM__NIC,JAM,NIC,0.0,0.0,0,0.0,0.0,0.0,,0.0,,1948,2021,1206.0,0.0
JAM__NLD,JAM,NLD,0.0,0.0,0,0.0,0.0,0.0,,0.0,,1948,2021,7871.0,24.0
JAM__NPL,JAM,NPL,0.0,0.0,0,0.0,0.0,0.0,,0.0,,1948,2021,14596.0,0.0
JAM__NRU,JAM,NRU,0.0,0.0,0,1.0,1.0,1.0,,1.0,,1948,2021,12811.0,0.0
JAM__NZL,JAM,NZL,0.0,0.0,0,1.0,1.0,1.0,,0.0,,1948,2021,12812.0,0.0
JAM__OMN,JAM,OMN,0.0,0.0,0,0.0,0.0,0.0,,0.0,,1948,2021,13336.0,0.0
JAM__PAK,JAM,PAK,0.0,0.0,0,1.0,1.0,1.0,,1.0,,1948,2021,13863.0,0.0
JAM__PAN,JAM,PAN,0.0,0.0,0,0.0,0.0,0.0,,0.0,,1948,2021,1039.0,0.0
JAM__PER,JAM,PER,0.0,0.0,0,0.0,0.0,0.0,,0.0,,1948,2021,3323.0,0.0
JAM__PHL,JAM,PHL,0.0,0.0,0,0.0,1.0,1.0,,0.0,,1948,2021,15911.0,0.0
JAM__PLW,JAM,PLW,0.0,0.0,0,1.0,1.0,1.0,,0.0,,1948,2021,15577.5,23.0
JAM__PNG,JAM,PNG,0.0,0.0,0,1.0,1.0,1.0,,0.0,,1948,2021,15196.0,0.0
JAM__PRK,JAM,PRK,0.0,0.0,0,0.0,0.0,0.0,,0.0,,1948,2021,13271.0,0.0
JAM__PRT,JAM,PRT,0.0,0.0,0,0.0,0.0,0.0,,0.0,,1948,2021,6860.0,0.0
JAM__PRY,JAM,PRY,0.0,0.0,0,0.0,0.0,0.0,,0.0,,1948,2021,5221.0,0.0
JAM__QAT,JAM,QAT,0.0,0.0,0,1.0,0.0,0.0,,1.0,,1948,2021,12651.5,9.0
JAM__RWA,JAM,RWA,0.0,0.0,0,0.0,1.0,1.0,,0.0,,1948,2021,11867.0,0.0
JAM__SAU,JAM,SAU,0.0,0.0,0,0.0,0.0,0.0,,0.0,,1948,2021,12073.0,432.0
JAM__SDN,JAM,SDN,0.0,0.0,0,1.0,0.0,0.0,,1.0,,1948,2021,11439.0,0.0
JAM__SEN,JAM,SEN,0.0,0.0,0,0.0,0.0,0.0,,0.0,,1948,2021,6326.0,0.0
JAM__SGP,JAM,SGP,0.0,0.0,0,1.0,1.0,1.0,,1.0,,1948,2021,17870.0,0.0
JAM__SLB,JAM,SLB,0.0,0.0,0,1.0,0.0,1.0,,1.0,,1948,2021,13846.0,0.0
JAM__SLE,JAM,SLE,0.0,0.0,0,1.0,1.0,1.0,,1.0,,1948,2021,6939.0,0.0
JAM__SLV,JAM,SLV,0.0,0.0,0,0.0,0.0,0.0,,0.0,,1948,2021,1410.0,0.0
JAM__SOM,JAM,SOM,0.0,0.0,0,1.0,0.0,1.0,,1.0,,1948,2021,13318.0,0.0
JAM__SSD,JAM,SSD,0.0,0.0,0,0.0,0.0,0.0,,1.0,,1948,2021,11780.0,0.0
JAM__STP,JAM,STP,0.0,0.0,0,0.0,0.0,0.0,,0.0,,1948,2021,9320.0,0.0
JAM__SUR,JAM,SUR,0.0,0.0,0,0.0,0.0,0.0,,0.0,,1948,2021,2706.0,0.0
JAM__SWZ,JAM,SWZ,0.0,0.0,0,1.0,0.0,1.0,,1.0,,1948,2021,12629.0,0.0
JAM__SYC,JAM,SYC,0.0,0.0,0,1.0,1.0,1.0,,1.0,,1948,2021,14633.0,0.0
JAM__SYR,JAM,SYR,0.0,0.0,0,0.0,0.0,0.0,,0.0,,1948,2021,10885.5,75.0
JAM__TCD,JAM,TCD,0.0,0.0,0,0.0,0.0,0.0,,0.0,,1948,2021,9797.0,0.0
JAM__TGO,JAM,TGO,0.0,0.0,0,0.0,0.0,0.0,,0.0,,1948,2021,8542.0,0.0
JAM__THA,JAM,THA,0.0,0.0,0,0.0,0.0,0.0,,0.0,,1948,2021,16484.0,0.0
JAM__TJK,JAM,TJK,0.0,0.0,0,0.0,0.0,0.0,,0.0,,1948,2021,12795.0,0.0
JAM__TKM,JAM,TKM,0.0,0.0,0,0.0,0.0,0.0,,0.0,,1948,2021,12249.0,0.0
JAM__TLS,JAM,TLS,0.0,0.0,0,0.0,0.0,0.0,,0.0,,1948,2021,17396.0,0.0
JAM__TON,JAM,TON,0.0,0.0,0,1.0,0.0,1.0,,1.0,,1948,2021,11563.0,0.0
JAM__TTO,JAM,TTO,0.0,0.0,0,1.0,1.0,1.0,,1.0,,1948,2021,1835.0,0.0
JAM__TUN,JAM,TUN,0.0,0.0,0,0.0,0.0,0.0,,0.0,,1948,2021,8571.0,0.0
JAM__TUR,JAM,TUR,0.0,0.0,0,0.0,0.0,0.0,,0.0,,1948,2021,9972.0,0.0
JAM__TUV,JAM,TUV,0.0,0.0,0,1.0,0.0,0.0,,1.0,,1948,2021,11781.0,0.0
JAM__TWN,JAM,TWN,0.0,0.0,0,0.0,0.0,0.0,,0.0,,1948,2021,14851.5,7.0
JAM__TZA,JAM,TZA,0.0,0.0,0,1.0,0.0,1.0,,1.0,,1948,2021,13004.0,0.0
JAM__UGA,JAM,UGA,0.0,0.0,0,1.0,1.0,1.0,,1.0,,1948,2021,12054.0,0.0
JAM__URY,JAM,URY,0.0,0.0,0,0.0,0.0,0.0,,0.0,,1948,2021,6241.0,0.0
JAM__USA,JAM,USA,0.0,0.0,0,1.0,1.0,1.0,,0.0,,1948,2021,2533.0,0.0
JAM__UZB,JAM,UZB,0.0,0.0,0,0.0,0.0,0.0,,0.0,,1948,2021,12571.0,0.0
JAM__VCT,JAM,VCT,0.0,0.0,0,1.0,1.0,1.0,,1.0,,1948,2021,1753.0,0.0
JAM__VEN,JAM,VEN,0.0,0.0,0,0.0,0.0,0.0,,0.0,,1948,2021,1354.0,0.0
JAM__VNM,JAM,VNM,0.0,0.0,0,0.0,0.0,0.0,,0.0,,1948,2021,16802.0,0.0
JAM__VUT,JAM,VUT,0.0,0.0,0,1.0,1.0,1.0,,1.0,,1948,2021,13171.0,0.0
JAM__WSM,JAM,WSM,0.0,0.0,0,0.0,1.0,1.0,,0.0,,1948,2021,10998.0,0.0
JAM__YEM,JAM,YEM,0.0,0.0,0,1.0,0.0,0.0,,1.0,,1948,2021,12534.5,91.0
JAM__ZAF,JAM,ZAF,0.0,0.0,0,1.0,1.0,1.0,,0.0,,1948,2021,11950.0,746.0
JAM__ZMB,JAM,ZMB,0.0,0.0,0,1.0,1.0,1.0,,1.0,,1948,2021,12053.0,80.0
JAM__ZWE,JAM,ZWE,0.0,0.0,0,1.0,1.0,1.0,,1.0,,1948,2021,12444.0,0.0
JOR__JPN,JOR,JPN,0.0,0.0,0,0.0,0.0,0.0,,0.0,,1948,2021,9099.0,0.0
JOR__KAZ,JOR,KAZ,0.0,0.0,0,0.0,0.0,0.0,,0.0,,1948,2021,3785.0,0.0
JOR__KEN,JOR,KEN,0.0,0.0,0,1.0,1.0,0.0,,1.0,,1948,2021,3680.0,0.0
JOR__KGZ,JOR,KGZ,0.0,0.0,0,0.0,0.0,0.0,,0.0,,1948,2021,3593.0,0.0
JOR__KHM,JOR,KHM,0.0,0.0,0,0.0,0.0,0.0,,0.0,,1948,2021,7363.0,0.0
JOR__KIR,JOR,KIR,0.0,0.0,0,1.0,1.0,0.0,,1.0,,1948,2021,14188.0,0.0
JOR__KNA,JOR,KNA,0.0,0.0,0,1.0,1.0,0.0,,1.0,,1948,2021,9798.0,0.0
JOR__KOR,JOR,KOR,0.0,0.0,0,0.0,1.0,0.0,,0.0,,1948,2021,8013.0,0.0
JOR__KWT,JOR,KWT,0.0,0.0,0,1.0,1.0,1.0,,1.0,,1948,2021,1188.0,0.0
JOR__LAO,JOR,LAO,0.0,0.0,0,0.0,0.0,0.0,,0.0,,1948,2021,6805.0,0.0
JOR__LBN,JOR,LBN,0.0,0.0,0,0.0,1.0,1.0,,0.0,,1948,2021,220.0,0.0
JOR__LBR,JOR,LBR,0.0,0.0,0,0.0,1.0,0.0,,0.0,,1948,2021,5616.0,0.0
JOR__LBY,JOR,LBY,0.0,0.0,0,0.0,1.0,1.0,,0.0,,1948,2021,2139.0,0.0
JOR__LCA,JOR,LCA,0.0,0.0,0,1.0,1.0,0.0,,1.0,,1948,2021,9838.0,0.0
JOR__LKA,JOR,LKA,0.0,0.0,0,1.0,0.0,0.0,,1.0,,1948,2021,5323.0,0.0
JOR__LSO,JOR,LSO,0.0,0.0,0,1.0,1.0,0.0,,1.0,,1948,2021,6840.0,0.0
JOR__MAR,JOR,MAR,0.0,0.0,0,0.0,1.0,1.0,,0.0,,1948,2021,4055.0,0.0
JOR__MDG,JOR,MDG,0.0,0.0,0,0.0,0.0,0.0,,0.0,,1948,2021,5763.0,0.0
JOR__MDV,JOR,MDV,0.0,0.0,0,1.0,0.0,0.0,,1.0,,1948,2021,4980.0,0.0
JOR__MEX,JOR,MEX,0.0,0.0,0,0.0,0.0,0.0,,0.0,,1948,2021,12583.0,0.0
JOR__MHL,JOR,MHL,0.0,0.0,0,0.0,1.0,0.0,,0.0,,1948,2021,13615.0,0.0
JOR__MLI,JOR,MLI,0.0,0.0,0,0.0,0.0,0.0,,0.0,,1948,2021,4963.0,0.0
JOR__MMR,JOR,MMR,0.0,0.0,0,1.0,0.0,0.0,,1.0,,1948,2021,6255.0,0.0
JOR__MNG,JOR,MNG,0.0,0.0,0,0.0,0.0,0.0,,0.0,,1948,2021,6090.0,0.0
JOR__MOZ,JOR,MOZ,0.0,0.0,0,0.0,0.0,0.0,,0.0,,1948,2021,6420.0,0.0
JOR__MRT,JOR,MRT,0.0,0.0,0,0.0,0.0,1.0,,0.0,,1948,2021,5408.0,0.0
JOR__MUS,JOR,MUS,0.0,0.0,0,1.0,1.0,0.0,,1.0,,1948,2021,6209.0,0.0
JOR__MWI,JOR,MWI,0.0,0.0,0,1.0,1.0,0.0,,1.0,,1948,2021,5185.5,197.0
JOR__MYS,JOR,MYS,0.0,0.0,0,1.0,0.0,0.0,,1.0,,1948,2021,7704.0,314.0
JOR__NAM,JOR,NAM,0.0,0.0,0,0.0,1.0,0.0,,0.0,,1948,2021,6358.0,0.0
JOR__NER,JOR,NER,0.0,0.0,0,0.0,0.0,1.0,,0.0,,1948,2021,4005.0,0.0
JOR__NGA,JOR,NGA,0.0,0.0,0,1.0,1.0,0.0,,1.0,,1948,2021,4347.0,112.0
JOR__NIC,JOR,NIC,0.0,0.0,0,0.0,0.0,0.0,,0.0,,1948,2021,12171.0,0.0
JOR__NLD,JOR,NLD,0.0,0.0,0,0.0,0.0,0.0,,0.0,,1948,2021,3378.0,0.0
JOR__NPL,JOR,NPL,0.0,0.0,0,0.0,0.0,0.0,,0.0,,1948,2021,4755.0,0.0
JOR__NRU,JOR,NRU,0.0,0.0,0,1.0,1.0,0.0,,1.0,,1948,2021,13815.0,0.0
JOR__NZL,JOR,NZL,0.0,0.0,0,1.0,1.0,0.0,,0.0,,1948,2021,16230.0,0.0
JOR__OMN,JOR,OMN,0.0,0.0,0,0.0,1.0,1.0,,0.0,,1948,2021,2410.0,0.0
JOR__PAK,JOR,PAK,0.0,0.0,0,1.0,1.0,0.0,,1.0,,1948,2021,3137.0,0.0
JOR__PAN,JOR,PAN,0.0,0.0,0,0.0,0.0,0.0,,0.0,,1948,2021,11813.0,0.0
JOR__PER,JOR,PER,0.0,0.0,0,0.0,0.0,0.0,,0.0,,1948,2021,12875.0,0.0
JOR__PHL,JOR,PHL,0.0,0.0,0,0.0,1.0,0.0,,0.0,,1948,2021,8707.0,0.0
JOR__PLW,JOR,PLW,0.0,0.0,0,1.0,1.0,0.0,,0.0,,1948,2021,10385.5,3.0
JOR__PNG,JOR,PNG,0.0,0.0,0,1.0,1.0,0.0,,0.0,,1948,2021,12566.0,0.0
JOR__PRK,JOR,PRK,0.0,0.0,0,0.0,0.0,0.0,,0.0,,1948,2021,7845.0,0.0
JOR__PRT,JOR,PRT,0.0,0.0,0,0.0,0.0,0.0,,0.0,,1948,2021,4125.0,0.0
JOR__PRY,JOR,PRY,0.0,0.0,0,0.0,0.0,0.0,,0.0,,1948,2021,11772.0,0.0
JOR__QAT,JOR,QAT,0.0,0.0,0,1.0,1.0,1.0,,1.0,,1948,2021,1687.0,10.0
JOR__RWA,JOR,RWA,0.0,0.0,0,0.0,1.0,0.0,,0.0,,1948,2021,3803.0,0.0
JOR__SAU,JOR,SAU,1.0,0.0,0,0.0,1.0,1.0,,0.0,,1948,2021,1277.5,97.0
JOR__SDN,JOR,SDN,0.0,0.0,0,1.0,1.0,1.0,,1.0,,1948,2021,1849.0,0.0
JOR__SEN,JOR,SEN,0.0,0.0,0,0.0,0.0,0.0,,0.0,,1948,2021,5723.0,0.0
JOR__SGP,JOR,SGP,0.0,0.0,0,1.0,1.0,0.0,,1.0,,1948,2021,7861.0,0.0
JOR__SLB,JOR,SLB,0.0,0.0,0,1.0,0.0,0.0,,1.0,,1948,2021,13763.0,0.0
JOR__SLE,JOR,SLE,0.0,0.0,0,1.0,1.0,0.0,,1.0,,1948,2021,5694.0,0.0
JOR__SLV,JOR,SLV,0.0,0.0,0,0.0,0.0,0.0,,0.0,,1948,2021,12296.0,0.0
JOR__SOM,JOR,SOM,0.0,0.0,0,1.0,0.0,1.0,,1.0,,1948,2021,3455.0,0.0
JOR__SSD,JOR,SSD,0.0,0.0,0,0.0,1.0,1.0,,1.0,,1948,2021,3035.0,0.0
JOR__STP,JOR,STP,0.0,0.0,0,0.0,0.0,0.0,,0.0,,1948,2021,4657.0,0.0
JOR__SUR,JOR,SUR,0.0,0.0,0,0.0,0.0,0.0,,0.0,,1948,2021,9777.0,0.0
JOR__SWZ,JOR,SWZ,0.0,0.0,0,1.0,0.0,0.0,,1.0,,1948,2021,6469.0,0.0
JOR__SYC,JOR,SYC,0.0,0.0,0,1.0,1.0,0.0,,1.0,,1948,2021,4544.0,0.0
JOR__SYR,JOR,SYR,1.0,0.0,0,0.0,1.0,1.0,,0.0,,1948,2021,330.5,309.0
JOR__TCD,JOR,TCD,0.0,0.0,0,0.0,1.0,1.0,,0.0,,1948,2021,3068.0,0.0
JOR__TGO,JOR,TGO,0.0,0.0,0,0.0,0.0,0.0,,0.0,,1948,2021,4602.0,0.0
JOR__THA,JOR,THA,0.0,0.0,0,0.0,0.0,0.0,,0.0,,1948,2021,6830.0,0.0
JOR__TJK,JOR,TJK,0.0,0.0,0,0.0,0.0,0.0,,0.0,,1948,2021,3059.0,0.0
JOR__TKM,JOR,TKM,0.0,0.0,0,0.0,0.0,0.0,,0.0,,1948,2021,2148.0,0.0
JOR__TLS,JOR,TLS,0.0,0.0,0,0.0,0.0,0.0,,0.0,,1948,2021,10477.0,0.0
JOR__TON,JOR,TON,0.0,0.0,0,1.0,0.0,0.0,,1.0,,1948,2021,16714.0,0.0
JOR__TTO,JOR,TTO,0.0,0.0,0,1.0,1.0,0.0,,1.0,,1948,2021,10086.0,0.0
JOR__TUN,JOR,TUN,0.0,0.0,0,0.0,1.0,1.0,,0.0,,1948,2021,2423.0,0.0
JOR__TUR,JOR,TUR,0.0,0.0,0,0.0,0.0,0.0,,0.0,,1948,2021,1184.0,0.0
JOR__TUV,JOR,TUV,0.0,0.0,0,1.0,0.0,0.0,,1.0,,1948,2021,15428.0,0.0
JOR__TWN,JOR,TWN,0.0,0.0,0,0.0,0.0,0.0,,0.0,,1948,2021,8191.5,5.0
JOR__TZA,JOR,TZA,0.0,0.0,0,1.0,0.0,0.0,,1.0,,1948,2021,4306.0,0.0
JOR__UGA,JOR,UGA,0.0,0.0,0,1.0,1.0,0.0,,1.0,,1948,2021,3520.0,0.0
JOR__URY,JOR,URY,0.0,0.0,0,0.0,0.0,0.0,,0.0,,1948,2021,12127.0,0.0
JOR__USA,JOR,USA,0.0,0.0,0,1.0,1.0,0.0,,0.0,,1948,2021,9224.0,0.0
JOR__UZB,JOR,UZB,0.0,0.0,0,0.0,0.0,0.0,,0.0,,1948,2021,3128.0,0.0
JOR__VCT,JOR,VCT,0.0,0.0,0,1.0,1.0,0.0,,1.0,,1948,2021,9910.0,0.0
JOR__VEN,JOR,VEN,0.0,0.0,0,0.0,0.0,0.0,,0.0,,1948,2021,10587.0,0.0
JOR__VNM,JOR,VNM,0.0,0.0,0,0.0,0.0,0.0,,0.0,,1948,2021,7574.0,0.0
JOR__VUT,JOR,VUT,0.0,0.0,0,1.0,1.0,0.0,,1.0,,1948,2021,15007.0,0.0
JOR__WSM,JOR,WSM,0.0,0.0,0,0.0,1.0,0.0,,0.0,,1948,2021,16561.0,0.0
JOR__YEM,JOR,YEM,0.0,0.0,0,1.0,1.0,1.0,,1.0,,1948,2021,2025.0,8.0
JOR__ZAF,JOR,ZAF,0.0,0.0,0,1.0,1.0,0.0,,0.0,,1948,2021,7005.5,1029.0
JOR__ZMB,JOR,ZMB,0.0,0.0,0,1.0,1.0,0.0,,1.0,,1948,2021,5164.0,282.0
JOR__ZWE,JOR,ZWE,0.0,0.0,0,1.0,1.0,0.0,,1.0,,1948,2021,5534.0,0.0
JPN__KAZ,JPN,KAZ,0.0,0.0,0,0.0,0.0,0.0,,0.0,,1948,2021,5340.0,0.0
JPN__KEN,JPN,KEN,0.0,0.0,0,0.0,0.0,0.0,,0.0,,1948,2021,11259.0,0.0
JPN__KGZ,JPN,KGZ,0.0,0.0,0,0.0,0.0,0.0,,0.0,,1948,2021,5533.0,0.0
JPN__KHM,JPN,KHM,0.0,0.0,0,0.0,0.0,0.0,,0.0,,1948,2021,4402.0,0.0
JPN__KIR,JPN,KIR,0.0,0.0,0,0.0,0.0,0.0,,0.0,,1948,2021,5127.0,0.0
JPN__KNA,JPN,KNA,0.0,0.0,0,0.0,0.0,0.0,,0.0,,1948,2021,13685.0,0.0
JPN__KOR,JPN,KOR,0.0,1.0,1,0.0,0.0,0.0,,0.0,1945.0,1948,2021,1155.0,0.0
JPN__KWT,JPN,KWT,0.0,0.0,0,0.0,0.0,0.0,,0.0,,1948,2021,8316.0,0.0
JPN__LAO,JPN,LAO,0.0,0.0,0,0.0,0.0,0.0,,0.0,,1948,2021,4142.0,0.0
JPN__LBN,JPN,LBN,0.0,0.0,0,0.0,0.0,0.0,,0.0,,1948,2021,9004.0,0.0
JPN__LBR,JPN,LBR,0.0,0.0,0,0.0,0.0,0.0,,0.0,,1948,2021,14433.0,0.0
JPN__LBY,JPN,LBY,0.0,0.0,0,0.0,0.0,0.0,,0.0,,1948,2021,10598.0,0.0
JPN__LCA,JPN,LCA,0.0,0.0,0,0.0,0.0,0.0,,0.0,,1948,2021,14092.0,0.0
JPN__LKA,JPN,LKA,0.0,0.0,0,0.0,0.0,0.0,,0.0,,1948,2021,6853.0,0.0
JPN__LSO,JPN,LSO,0.0,0.0,0,0.0,0.0,0.0,,0.0,,1948,2021,13740.0,0.0
JPN__MAR,JPN,MAR,0.0,0.0,0,0.0,0.0,0.0,,0.0,,1948,2021,11618.0,0.0
JPN__MDG,JPN,MDG,0.0,0.0,0,0.0,0.0,0.0,,0.0,,1948,2021,11404.0,0.0
JPN__MDV,JPN,MDV,0.0,0.0,0,0.0,0.0,0.0,,0.0,,1948,2021,7598.0,0.0
JPN__MEX,JPN,MEX,0.0,0.0,0,0.0,0.0,0.0,,0.0,,1948,2021,11324.0,0.0
JPN__MHL,JPN,MHL,0.0,0.0,0,0.0,0.0,0.0,,0.0,,1948,2021,4523.0,0.0
JPN__MLI,JPN,MLI,0.0,0.0,0,0.0,0.0,0.0,,0.0,,1948,2021,13673.0,0.0
JPN__MMR,JPN,MMR,0.0,0.0,0,0.0,0.0,0.0,,0.0,,1948,2021,4776.0,0.0
JPN__MNG,JPN,MNG,0.0,0.0,0,0.0,0.0,0.0,,0.0,,1948,2021,3015.0,0.0
JPN__MOZ,JPN,MOZ,0.0,0.0,0,0.0,0.0,0.0,,0.0,,1948,2021,13128.5,11.0
JPN__MRT,JPN,MRT,0.0,0.0,0,0.0,0.0,0.0,,0.0,,1948,2021,13527.0,0.0
JPN__MUS,JPN,MUS,0.0,0.0,0,0.0,0.0,0.0,,0.0,,1948,2021,10623.0,0.0
JPN__MWI,JPN,MWI,0.0,0.0,0,0.0,0.0,0.0,,0.0,,1948,2021,12333.5,1.0
JPN__MYS,JPN,MYS,0.0,0.0,0,0.0,0.0,0.0,,0.0,,1948,2021,5312.5,5.0
JPN__NAM,JPN,NAM,0.0,0.0,0,0.0,0.0,0.0,,0.0,,1948,2021,14335.0,0.0
JPN__NER,JPN,NER,0.0,0.0,0,0.0,0.0,0.0,,0.0,,1948,2021,12974.0,0.0
JPN__NGA,JPN,NGA,0.0,0.0,0,0.0,0.0,0.0,,0.0,,1948,2021,13432.0,114.0
JPN__NIC,JPN,NIC,0.0,0.0,0,0.0,0.0,0.0,,0.0,,1948,2021,12852.0,0.0
JPN__NLD,JPN,NLD,0.0,0.0,0,0.0,0.0,0.0,,0.0,,1948,2021,9340.0,58.0
JPN__NPL,JPN,NPL,0.0,0.0,0,0.0,0.0,0.0,,0.0,,1948,2021,5165.0,0.0
JPN__NRU,JPN,NRU,0.0,0.0,0,0.0,0.0,0.0,,0.0,,1948,2021,4904.0,0.0
JPN__NZL,JPN,NZL,0.0,0.0,0,0.0,0.0,0.0,,0.0,,1948,2021,8813.0,0.0
JPN__OMN,JPN,OMN,0.0,0.0,0,0.0,0.0,0.0,,0.0,,1948,2021,7751.0,0.0
JPN__PAK,JPN,PAK,0.0,0.0,0,0.0,0.0,0.0,,0.0,,1948,2021,6933.0,0.0
JPN__PAN,JPN,PAN,0.0,0.0,0,0.0,0.0,0.0,,0.0,,1948,2021,13584.0,0.0
JPN__PER,JPN,PER,0.0,0.0,0,0.0,0.0,0.0,,0.0,,1948,2021,15500.0,0.0
JPN__PHL,JPN,PHL,0.0,0.0,0,0.0,0.0,0.0,,0.0,,1948,2021,2990.0,0.0
JPN__PLW,JPN,PLW,0.0,1.0,1,0.0,0.0,0.0,,0.0,1945.0,1948,2021,3174.0,20.0
JPN__PNG,JPN,PNG,0.0,0.0,0,0.0,0.0,0.0,,0.0,,1948,2021,5057.0,0.0
JPN__PRK,JPN,PRK,0.0,1.0,1,0.0,0.0,0.0,,0.0,1945.0,1948,2021,1288.0,0.0
JPN__PRT,JPN,PRT,0.0,0.0,0,0.0,0.0,0.0,,0.0,,1948,2021,11167.0,0.0
JPN__PRY,JPN,PRY,0.0,0.0,0,0.0,0.0,0.0,,0.0,,1948,2021,18002.0,0.0
JPN__QAT,JPN,QAT,0.0,0.0,0,0.0,0.0,0.0,,0.0,,1948,2021,8268.0,8.0
JPN__RWA,JPN,RWA,0.0,0.0,0,0.0,0.0,0.0,,0.0,,1948,2021,11907.0,0.0
JPN__SAU,JPN,SAU,0.0,0.0,0,0.0,0.0,0.0,,0.0,,1948,2021,9099.0,786.0
JPN__SDN,JPN,SDN,0.0,0.0,0,0.0,0.0,0.0,,0.0,,1948,2021,10497.0,0.0
JPN__SEN,JPN,SEN,0.0,0.0,0,0.0,0.0,0.0,,0.0,,1948,2021,13934.0,0.0
JPN__SGP,JPN,SGP,0.0,0.0,0,0.0,0.0,0.0,,0.0,,1948,2021,5310.0,0.0
JPN__SLB,JPN,SLB,0.0,0.0,0,0.0,0.0,0.0,,0.0,,1948,2021,5429.0,0.0
JPN__SLE,JPN,SLE,0.0,0.0,0,0.0,0.0,0.0,,0.0,,1948,2021,14357.0,0.0
JPN__SLV,JPN,SLV,0.0,0.0,0,0.0,0.0,0.0,,0.0,,1948,2021,12514.0,0.0
JPN__SOM,JPN,SOM,0.0,0.0,0,0.0,0.0,0.0,,0.0,,1948,2021,10275.0,0.0
JPN__SSD,JPN,SSD,0.0,0.0,0,0.0,0.0,0.0,,0.0,,1948,2021,11316.0,0.0
JPN__STP,JPN,STP,0.0,0.0,0,0.0,0.0,0.0,,0.0,,1948,2021,13730.0,0.0
JPN__SUR,JPN,SUR,0.0,0.0,0,0.0,0.0,0.0,,0.0,,1948,2021,15152.0,0.0
JPN__SWZ,JPN,SWZ,0.0,0.0,0,0.0,0.0,0.0,,0.0,,1948,2021,13270.0,0.0
JPN__SYC,JPN,SYC,0.0,0.0,0,0.0,0.0,0.0,,0.0,,1948,2021,9791.0,0.0
JPN__SYR,JPN,SYR,0.0,0.0,0,0.0,0.0,0.0,,0.0,,1948,2021,8848.5,241.0
JPN__TCD,JPN,TCD,0.0,0.0,0,0.0,0.0,0.0,,0.0,,1948,2021,12160.0,0.0
JPN__TGO,JPN,TGO,0.0,0.0,0,0.0,0.0,0.0,,0.0,,1948,2021,13673.0,0.0
JPN__THA,JPN,THA,0.0,0.0,0,0.0,0.0,0.0,,0.0,,1948,2021,4604.0,0.0
JPN__TJK,JPN,TJK,0.0,0.0,0,0.0,0.0,0.0,,0.0,,1948,2021,6148.0,0.0
JPN__TKM,JPN,TKM,0.0,0.0,0,0.0,0.0,0.0,,0.0,,1948,2021,7010.0,0.0
JPN__TLS,JPN,TLS,0.0,0.0,0,0.0,0.0,0.0,,0.0,,1948,2021,5117.0,0.0
JPN__TON,JPN,TON,0.0,0.0,0,0.0,0.0,0.0,,0.0,,1948,2021,7884.0,0.0
JPN__TTO,JPN,TTO,0.0,0.0,0,0.0,0.0,0.0,,0.0,,1948,2021,14414.0,0.0
JPN__TUN,JPN,TUN,0.0,0.0,0,0.0,0.0,0.0,,0.0,,1948,2021,10439.0,0.0
JPN__TUR,JPN,TUR,0.0,0.0,0,0.0,0.0,0.0,,0.0,,1948,2021,8967.0,0.0
JPN__TUV,JPN,TUV,0.0,0.0,0,0.0,0.0,0.0,,0.0,,1948,2021,6410.0,0.0
JPN__TWN,JPN,TWN,0.0,1.0,1,0.0,0.0,0.0,,0.0,1945.0,1948,2021,2104.5,9.0
JPN__TZA,JPN,TZA,0.0,0.0,0,0.0,0.0,0.0,,0.0,,1948,2021,11394.0,0.0
JPN__UGA,JPN,UGA,0.0,0.0,0,0.0,0.0,0.0,,0.0,,1948,2021,11532.0,0.0
JPN__URY,JPN,URY,0.0,0.0,0,0.0,0.0,0.0,,0.0,,1948,2021,18581.0,0.0
JPN__USA,JPN,USA,0.0,0.0,0,0.0,0.0,0.0,,0.0,,1948,2021,10872.0,0.0
JPN__UZB,JPN,UZB,0.0,0.0,0,0.0,0.0,0.0,,0.0,,1948,2021,6011.0,0.0
JPN__VCT,JPN,VCT,0.0,0.0,0,0.0,0.0,0.0,,0.0,,1948,2021,14170.0,0.0
JPN__VEN,JPN,VEN,0.0,0.0,0,0.0,0.0,0.0,,0.0,,1948,2021,14187.0,0.0
JPN__VNM,JPN,VNM,0.0,0.0,0,0.0,0.0,0.0,,0.0,,1948,2021,4327.0,0.0
JPN__VUT,JPN,VUT,0.0,0.0,0,0.0,0.0,0.0,,0.0,,1948,2021,6639.0,0.0
JPN__WSM,JPN,WSM,0.0,0.0,0,0.0,0.0,0.0,,0.0,,1948,2021,7492.0,0.0
JPN__YEM,JPN,YEM,0.0,0.0,0,0.0,0.0,0.0,,0.0,,1948,2021,9585.5,145.0
JPN__ZAF,JPN,ZAF,0.0,0.0,0,0.0,0.0,0.0,,0.0,,1948,2021,14133.5,1191.0
JPN__ZMB,JPN,ZMB,0.0,0.0,0,0.0,0.0,0.0,,0.0,,1948,2021,12844.5,149.0
JPN__ZWE,JPN,ZWE,0.0,0.0,0,0.0,0.0,0.0,,0.0,,1948,2021,12810.0,0.0
KAZ__KEN,KAZ,KEN,0.0,0.0,0,0.0,0.0,0.0,,0.0,,1948,2021,6349.0,0.0
KAZ__KGZ,KAZ,KGZ,1.0,0.0,0,1.0,1.0,1.0,,1.0,,1948,2021,194.0,0.0
KAZ__KHM,KAZ,KHM,0.0,0.0,0,0.0,0.0,0.0,,0.0,,1948,2021,4428.0,0.0
KAZ__KIR,KAZ,KIR,0.0,0.0,0,0.0,0.0,0.0,,0.0,,1948,2021,10403.0,0.0
KAZ__KNA,KAZ,KNA,0.0,0.0,0,0.0,0.0,0.0,,0.0,,1948,2021,12143.0,0.0
KAZ__KOR,KAZ,KOR,0.0,0.0,0,0.0,0.0,0.0,,0.0,,1948,2021,4232.0,0.0
KAZ__KWT,KAZ,KWT,0.0,0.0,0,0.0,0.0,0.0,,0.0,,1948,2021,2998.0,0.0
KAZ__LAO,KAZ,LAO,0.0,0.0,0,0.0,0.0,0.0,,0.0,,1948,2021,3701.0,0.0
KAZ__LBN,KAZ,LBN,0.0,0.0,0,0.0,0.0,0.0,,0.0,,1948,2021,3715.0,0.0
KAZ__LBR,KAZ,LBR,0.0,0.0,0,0.0,0.0,0.0,,0.0,,1948,2021,9349.0,0.0
KAZ__LBY,KAZ,LBY,0.0,0.0,0,0.0,0.0,0.0,,0.0,,1948,2021,5572.0,0.0
KAZ__LCA,KAZ,LCA,0.0,0.0,0,0.0,0.0,0.0,,0.0,,1948,2021,12360.0,0.0
KAZ__LKA,KAZ,LKA,0.0,0.0,0,0.0,0.0,0.0,,0.0,,1948,2021,4034.0,0.0
KAZ__LSO,KAZ,LSO,0.0,0.0,0,0.0,0.0,0.0,,0.0,,1948,2021,9488.0,0.0
KAZ__MAR,KAZ,MAR,0.0,0.0,0,0.0,0.0,0.0,,0.0,,1948,2021,7143.0,0.0
KAZ__MDG,KAZ,MDG,0.0,0.0,0,0.0,0.0,0.0,,0.0,,1948,2021,7510.0,0.0
KAZ__MDV,KAZ,MDV,0.0,0.0,0,0.0,0.0,0.0,,0.0,,1948,2021,4342.0,0.0
KAZ__MEX,KAZ,MEX,0.0,0.0,0,0.0,0.0,0.0,,0.0,,1948,2021,13053.0,0.0
KAZ__MHL,KAZ,MHL,0.0,0.0,0,0.0,0.0,0.0,,0.0,,1948,2021,9836.0,0.0
KAZ__MLI,KAZ,MLI,0.0,0.0,0,0.0,0.0,0.0,,0.0,,1948,2021,8648.0,0.0
KAZ__MMR,KAZ,MMR,0.0,0.0,0,0.0,0.0,0.0,,0.0,,1948,2021,3451.0,0.0
KAZ__MNG,KAZ,MNG,0.0,0.0,0,0.0,0.0,0.0,,0.0,,1948,2021,2380.0,0.0
KAZ__MOZ,KAZ,MOZ,0.0,0.0,0,0.0,0.0,0.0,,0.0,,1948,2021,8907.0,6.0
KAZ__MRT,KAZ,MRT,0.0,0.0,0,0.0,0.0,0.0,,0.0,,1948,2021,8882.0,0.0
KAZ__MUS,KAZ,MUS,0.0,0.0,0,0.0,0.0,0.0,,0.0,,1948,2021,7296.0,0.0
KAZ__MWI,KAZ,MWI,0.0,0.0,0,0.0,0.0,0.0,,0.0,,1948,2021,7758.0,102.0
KAZ__MYS,KAZ,MYS,0.0,0.0,0,0.0,0.0,0.0,,0.0,,1948,2021,5073.0,0.0
KAZ__NAM,KAZ,NAM,0.0,0.0,0,0.0,0.0,0.0,,0.0,,1948,2021,9509.0,0.0
KAZ__NER,KAZ,NER,0.0,0.0,0,0.0,0.0,0.0,,0.0,,1948,2021,7765.0,0.0
KAZ__NGA,KAZ,NGA,0.0,0.0,0,0.0,0.0,0.0,,0.0,,1948,2021,8187.0,0.0
KAZ__NIC,KAZ,NIC,0.0,0.0,0,0.0,0.0,0.0,,0.0,,1948,2021,13639.0,0.0
KAZ__NLD,KAZ,NLD,0.0,0.0,0,0.0,0.0,0.0,,0.0,,1948,2021,5280.5,43.0
KAZ__NPL,KAZ,NPL,0.0,0.0,0,0.0,0.0,0.0,,0.0,,1948,2021,1884.0,0.0
KAZ__NRU,KAZ,NRU,0.0,0.0,0,0.0,0.0,0.0,,0.0,,1948,2021,10051.0,0.0
KAZ__NZL,KAZ,NZL,0.0,0.0,0,0.0,0.0,0.0,,0.0,,1948,2021,13262.0,0.0
KAZ__OMN,KAZ,OMN,0.0,0.0,0,0.0,0.0,0.0,,0.0,,1948,2021,2751.0,0.0
KAZ__PAK,KAZ,PAK,0.0,0.0,0,0.0,0.0,0.0,,0.0,,1948,2021,2224.0,0.0
KAZ__PAN,KAZ,PAN,0.0,0.0,0,0.0,0.0,0.0,,0.0,,1948,2021,13749.0,0.0
KAZ__PER,KAZ,PER,0.0,0.0,0,0.0,0.0,0.0,,0.0,,1948,2021,15741.0,0.0
KAZ__PHL,KAZ,PHL,0.0,0.0,0,0.0,0.0,0.0,,0.0,,1948,2021,5251.0,0.0
KAZ__PLW,KAZ,PLW,0.0,0.0,0,0.0,0.0,0.0,,0.0,,1948,2021,6853.0,2.0
KAZ__PNG,KAZ,PNG,0.0,0.0,0,0.0,0.0,0.0,,0.0,,1948,2021,9169.0,0.0
KAZ__PRK,KAZ,PRK,0.0,0.0,0,0.0,0.0,0.0,,0.0,,1948,2021,4069.0,0.0
KAZ__PRT,KAZ,PRT,0.0,0.0,0,0.0,0.0,0.0,,0.0,,1948,2021,6924.0,0.0
KAZ__PRY,KAZ,PRY,0.0,0.0,0,0.0,0.0,0.0,,0.0,,1948,2021,15457.0,0.0
KAZ__QAT,KAZ,QAT,0.0,0.0,0,0.0,0.0,0.0,,0.0,,1948,2021,3053.0,6.0
KAZ__RWA,KAZ,RWA,0.0,0.0,0,0.0,0.0,0.0,,0.0,,1948,2021,6848.0,0.0
KAZ__SAU,KAZ,SAU,0.0,0.0,0,0.0,0.0,0.0,,0.0,,1948,2021,3436.0,0.0
KAZ__SDN,KAZ,SDN,0.0,0.0,0,0.0,0.0,0.0,,0.0,,1948,2021,5199.0,0.0
KAZ__SEN,KAZ,SEN,0.0,0.0,0,0.0,0.0,0.0,,0.0,,1948,2021,9251.0,0.0
KAZ__SGP,KAZ,SGP,0.0,0.0,0,0.0,0.0,0.0,,0.0,,1948,2021,5363.0,0.0
KAZ__SLB,KAZ,SLB,0.0,0.0,0,0.0,0.0,0.0,,0.0,,1948,2021,10165.0,0.0
KAZ__SLE,KAZ,SLE,0.0,0.0,0,0.0,0.0,0.0,,0.0,,1948,2021,9382.0,0.0
KAZ__SLV,KAZ,SLV,0.0,0.0,0,0.0,0.0,0.0,,0.0,,1948,2021,13544.0,0.0
KAZ__SOM,KAZ,SOM,0.0,0.0,0,0.0,0.0,0.0,,0.0,,1948,2021,5533.0,0.0
KAZ__SSD,KAZ,SSD,0.0,0.0,0,0.0,0.0,0.0,,0.0,,1948,2021,6152.0,0.0
KAZ__STP,KAZ,STP,0.0,0.0,0,0.0,0.0,0.0,,0.0,,1948,2021,8390.0,0.0
KAZ__SUR,KAZ,SUR,0.0,0.0,0,0.0,0.0,0.0,,0.0,,1948,2021,12750.0,0.0
KAZ__SWZ,KAZ,SWZ,0.0,0.0,0,0.0,0.0,0.0,,0.0,,1948,2021,9013.0,0.0
KAZ__SYC,KAZ,SYC,0.0,0.0,0,0.0,0.0,0.0,,0.0,,1948,2021,5724.0,0.0
KAZ__SYR,KAZ,SYR,0.0,0.0,0,0.0,0.0,0.0,,0.0,,1948,2021,3565.5,207.0
KAZ__TCD,KAZ,TCD,0.0,0.0,0,0.0,0.0,0.0,,0.0,,1948,2021,6825.0,0.0
KAZ__TGO,KAZ,TGO,0.0,0.0,0,0.0,0.0,0.0,,0.0,,1948,2021,8387.0,0.0
KAZ__THA,KAZ,THA,0.0,0.0,0,0.0,0.0,0.0,,0.0,,1948,2021,3977.0,0.0
KAZ__TJK,KAZ,TJK,0.0,0.0,0,1.0,0.0,0.0,,1.0,,1948,2021,861.0,0.0
KAZ__TKM,KAZ,TKM,1.0,0.0,0,1.0,0.0,0.0,,1.0,,1948,2021,1670.0,0.0
KAZ__TLS,KAZ,TLS,0.0,0.0,0,0.0,0.0,0.0,,0.0,,1948,2021,7553.0,0.0
KAZ__TON,KAZ,TON,0.0,0.0,0,0.0,0.0,0.0,,0.0,,1948,2021,13019.0,0.0
KAZ__TTO,KAZ,TTO,0.0,0.0,0,0.0,0.0,0.0,,0.0,,1948,2021,12705.0,0.0
KAZ__TUN,KAZ,TUN,0.0,0.0,0,0.0,0.0,0.0,,0.0,,1948,2021,5590.0,0.0
KAZ__TUR,KAZ,TUR,0.0,0.0,0,0.0,0.0,0.0,,0.0,,1948,2021,3918.0,0.0
KAZ__TUV,KAZ,TUV,0.0,0.0,0,0.0,0.0,0.0,,0.0,,1948,2021,11650.0,0.0
KAZ__TWN,KAZ,TWN,0.0,0.0,0,0.0,0.0,0.0,,0.0,,1948,2021,4512.0,0.0
KAZ__TZA,KAZ,TZA,0.0,0.0,0,0.0,0.0,0.0,,0.0,,1948,2021,6720.0,0.0
KAZ__UGA,KAZ,UGA,0.0,0.0,0,0.0,0.0,0.0,,0.0,,1948,2021,6479.0,0.0
KAZ__URY,KAZ,URY,0.0,0.0,0,0.0,0.0,0.0,,0.0,,1948,2021,15910.0,0.0
KAZ__USA,KAZ,USA,0.0,0.0,0,0.0,0.0,0.0,,0.0,,1948,2021,10259.0,0.0
KAZ__UZB,KAZ,UZB,1.0,0.0,0,1.0,0.0,0.0,,1.0,,1948,2021,672.0,0.0
KAZ__VCT,KAZ,VCT,0.0,0.0,0,0.0,0.0,0.0,,0.0,,1948,2021,12454.0,0.0
KAZ__VEN,KAZ,VEN,0.0,0.0,0,0.0,0.0,0.0,,0.0,,1948,2021,13019.0,0.0
KAZ__VNM,KAZ,VNM,0.0,0.0,0,0.0,0.0,0.0,,0.0,,1948,2021,4607.0,0.0
KAZ__VUT,KAZ,VUT,0.0,0.0,0,0.0,0.0,0.0,,0.0,,1948,2021,11452.0,0.0
KAZ__WSM,KAZ,WSM,0.0,0.0,0,0.0,0.0,0.0,,0.0,,1948,2021,12777.0,0.0
KAZ__YEM,KAZ,YEM,0.0,0.0,0,0.0,0.0,0.0,,0.0,,1948,2021,4381.0,0.0
KAZ__ZAF,KAZ,ZAF,0.0,0.0,0,0.0,0.0,0.0,,0.0,,1948,2021,9788.5,1237.0
KAZ__ZMB,KAZ,ZMB,0.0,0.0,0,0.0,0.0,0.0,,0.0,,1948,2021,8169.0,0.0
KAZ__ZWE,KAZ,ZWE,0.0,0.0,0,0.0,0.0,0.0,,0.0,,1948,2021,8225.0,0.0
KEN__KGZ,KEN,KGZ,0.0,0.0,0,0.0,0.0,0.0,,0.0,,1948,2021,6179.0,0.0
KEN__KHM,KEN,KHM,0.0,0.0,0,0.0,0.0,0.0,,0.0,,1948,2021,7663.0,0.0
KEN__KIR,KEN,KIR,0.0,0.0,0,1.0,1.0,1.0,,1.0,,1948,2021,15159.0,0.0
KEN__KNA,KEN,KNA,0.0,0.0,0,1.0,1.0,1.0,,1.0,,1948,2021,11074.0,0.0
KEN__KOR,KEN,KOR,0.0,0.0,0,0.0,1.0,0.0,,0.0,,1948,2021,10113.0,0.0
KEN__KWT,KEN,KWT,0.0,0.0,0,1.0,1.0,0.0,,1.0,,1948,2021,3594.0,0.0
KEN__LAO,KEN,LAO,0.0,0.0,0,0.0,0.0,0.0,,0.0,,1948,2021,7507.0,0.0
KEN__LBN,KEN,LBN,0.0,0.0,0,0.0,1.0,0.0,,0.0,,1948,2021,3897.0,0.0
KEN__LBR,KEN,LBR,0.0,0.0,0,0.0,1.0,1.0,,0.0,,1948,2021,5357.0,0.0
KEN__LBY,KEN,LBY,0.0,0.0,0,0.0,0.0,0.0,,0.0,,1948,2021,4523.0,0.0
KEN__LCA,KEN,LCA,0.0,0.0,0,1.0,1.0,1.0,,1.0,,1948,2021,10895.0,0.0
KEN__LKA,KEN,LKA,0.0,0.0,0,1.0,0.0,0.0,,1.0,,1948,2021,4866.0,0.0
KEN__LSO,KEN,LSO,0.0,0.0,0,1.0,1.0,1.0,,1.0,,1948,2021,3257.0,0.0
KEN__MAR,KEN,MAR,0.0,0.0,0,0.0,0.0,0.0,,0.0,,1948,2021,6042.0,0.0
KEN__MDG,KEN,MDG,0.0,0.0,0,0.0,0.0,0.0,,0.0,,1948,2021,2274.0,0.0
KEN__MDV,KEN,MDV,0.0,0.0,0,1.0,0.0,0.0,,1.0,,1948,2021,4126.0,0.0
KEN__MEX,KEN,MEX,0.0,0.0,0,0.0,0.0,0.0,,0.0,,1948,2021,14831.0,0.0
KEN__MHL,KEN,MHL,0.0,0.0,0,0.0,1.0,1.0,,0.0,,1948,2021,14954.0,0.0
KEN__MLI,KEN,MLI,0.0,0.0,0,0.0,0.0,0.0,,0.0,,1948,2021,5185.0,0.0
KEN__MMR,KEN,MMR,0.0,0.0,0,1.0,0.0,0.0,,1.0,,1948,2021,6811.0,0.0
KEN__MNG,KEN,MNG,0.0,0.0,0,0.0,0.0,0.0,,0.0,,1948,2021,8644.0,0.0
KEN__MOZ,KEN,MOZ,0.0,0.0,0,0.0,0.0,0.0,,0.0,,1948,2021,2769.0,2.0
KEN__MRT,KEN,MRT,0.0,0.0,0,0.0,0.0,0.0,,0.0,,1948,2021,6164.0,0.0
KEN__MUS,KEN,MUS,0.0,0.0,0,1.0,1.0,1.0,,1.0,,1948,2021,3070.0,0.0
KEN__MWI,KEN,MWI,0.0,0.0,0,1.0,1.0,1.0,,1.0,,1948,2021,1529.0,174.0
KEN__MYS,KEN,MYS,0.0,0.0,0,1.0,0.0,0.0,,1.0,,1948,2021,7351.0,232.0
KEN__NAM,KEN,NAM,0.0,0.0,0,0.0,1.0,1.0,,0.0,,1948,2021,3178.0,0.0
KEN__NER,KEN,NER,0.0,0.0,0,0.0,0.0,0.0,,0.0,,1948,2021,4165.0,0.0
KEN__NGA,KEN,NGA,0.0,0.0,0,1.0,1.0,1.0,,1.0,,1948,2021,3795.0,32.0
KEN__NIC,KEN,NIC,0.0,0.0,0,0.0,0.0,0.0,,0.0,,1948,2021,13641.0,0.0
KEN__NLD,KEN,NLD,0.0,0.0,0,0.0,0.0,0.0,,0.0,,1948,2021,6643.5,23.0
KEN__NPL,KEN,NPL,0.0,0.0,0,0.0,0.0,0.0,,0.0,,1948,2021,6094.0,0.0
KEN__NRU,KEN,NRU,0.0,0.0,0,1.0,1.0,1.0,,1.0,,1948,2021,14479.0,0.0
KEN__NZL,KEN,NZL,0.0,0.0,0,1.0,1.0,1.0,,0.0,,1948,2021,13965.0,0.0
KEN__OMN,KEN,OMN,0.0,0.0,0,0.0,0.0,0.0,,0.0,,1948,2021,3625.0,0.0
KEN__PAK,KEN,PAK,0.0,0.0,0,1.0,1.0,1.0,,1.0,,1948,2021,4364.0,0.0
KEN__PAN,KEN,PAN,0.0,0.0,0,0.0,0.0,0.0,,0.0,,1948,2021,12935.0,0.0
KEN__PER,KEN,PER,0.0,0.0,0,0.0,0.0,0.0,,0.0,,1948,2021,12578.0,0.0
KEN__PHL,KEN,PHL,0.0,0.0,0,0.0,1.0,1.0,,0.0,,1948,2021,9425.0,0.0
KEN__PLW,KEN,PLW,0.0,0.0,0,1.0,1.0,1.0,,0.0,,1948,2021,10890.0,16.0
KEN__PNG,KEN,PNG,0.0,0.0,0,1.0,1.0,1.0,,0.0,,1948,2021,12228.0,0.0
KEN__PRK,KEN,PRK,0.0,0.0,0,0.0,0.0,0.0,,0.0,,1948,2021,10009.0,0.0
KEN__PRT,KEN,PRT,0.0,0.0,0,0.0,0.0,0.0,,0.0,,1948,2021,6454.0,0.0
KEN__PRY,KEN,PRY,0.0,0.0,0,0.0,0.0,0.0,,0.0,,1948,2021,10403.0,0.0
KEN__QAT,KEN,QAT,0.0,0.0,0,1.0,0.0,0.0,,1.0,,1948,2021,3337.0,4.0
KEN__RWA,KEN,RWA,0.0,0.0,0,0.0,1.0,1.0,,0.0,,1948,2021,756.0,0.0
KEN__SAU,KEN,SAU,0.0,0.0,0,0.0,0.0,0.0,,0.0,,1948,2021,2799.0,534.0
KEN__SDN,KEN,SDN,1.0,0.0,0,1.0,0.0,0.0,,1.0,,1948,2021,1921.0,0.0
KEN__SEN,KEN,SEN,0.0,0.0,0,0.0,0.0,0.0,,0.0,,1948,2021,6231.0,0.0
KEN__SGP,KEN,SGP,0.0,0.0,0,1.0,1.0,1.0,,1.0,,1948,2021,7467.0,0.0
KEN__SLB,KEN,SLB,0.0,0.0,0,1.0,0.0,1.0,,1.0,,1948,2021,13622.0,0.0
KEN__SLE,KEN,SLE,0.0,0.0,0,1.0,1.0,1.0,,1.0,,1948,2021,5657.0,0.0
KEN__SLV,KEN,SLV,0.0,0.0,0,0.0,0.0,0.0,,0.0,,1948,2021,13935.0,0.0
KEN__SOM,KEN,SOM,1.0,0.0,0,1.0,0.0,1.0,,1.0,,1948,2021,1018.0,0.0
KEN__SSD,KEN,SSD,1.0,0.0,0,0.0,0.0,0.0,,1.0,,1948,2021,894.0,0.0
KEN__STP,KEN,STP,0.0,0.0,0,0.0,0.0,0.0,,0.0,,1948,2021,3354.0,0.0
KEN__SUR,KEN,SUR,0.0,0.0,0,0.0,0.0,0.0,,0.0,,1948,2021,10253.0,0.0
KEN__SWZ,KEN,SWZ,0.0,0.0,0,1.0,0.0,1.0,,1.0,,1948,2021,2836.0,0.0
KEN__SYC,KEN,SYC,0.0,0.0,0,1.0,1.0,1.0,,1.0,,1948,2021,2104.0,0.0
KEN__SYR,KEN,SYR,0.0,0.0,0,0.0,0.0,0.0,,0.0,,1948,2021,4001.0,300.0
KEN__TCD,KEN,TCD,0.0,0.0,0,0.0,0.0,0.0,,0.0,,1948,2021,2826.0,0.0
KEN__TGO,KEN,TGO,0.0,0.0,0,0.0,0.0,0.0,,0.0,,1948,2021,4041.0,0.0
KEN__THA,KEN,THA,0.0,0.0,0,0.0,0.0,0.0,,0.0,,1948,2021,7218.0,0.0
KEN__TJK,KEN,TJK,0.0,0.0,0,0.0,0.0,0.0,,0.0,,1948,2021,5491.0,0.0
KEN__TKM,KEN,TKM,0.0,0.0,0,0.0,0.0,0.0,,0.0,,1948,2021,4877.0,0.0
KEN__TLS,KEN,TLS,0.0,0.0,0,0.0,0.0,0.0,,0.0,,1948,2021,9860.0,0.0
KEN__TON,KEN,TON,0.0,0.0,0,1.0,0.0,1.0,,1.0,,1948,2021,15747.0,0.0
KEN__TTO,KEN,TTO,0.0,0.0,0,1.0,1.0,1.0,,1.0,,1948,2021,10956.0,0.0
KEN__TUN,KEN,TUN,0.0,0.0,0,0.0,0.0,0.0,,0.0,,1948,2021,5037.0,0.0
KEN__TUR,KEN,TUR,0.0,0.0,0,0.0,0.0,0.0,,0.0,,1948,2021,4751.0,0.0
KEN__TUV,KEN,TUV,0.0,0.0,0,1.0,0.0,0.0,,1.0,,1948,2021,15723.0,0.0
KEN__TWN,KEN,TWN,0.0,0.0,0,0.0,0.0,0.0,,0.0,,1948,2021,9540.0,8.0
KEN__TZA,KEN,TZA,1.0,0.0,0,1.0,1.0,1.0,,1.0,,1948,2021,670.0,0.0
KEN__UGA,KEN,UGA,1.0,0.0,0,1.0,1.0,1.0,,1.0,,1948,2021,503.0,0.0
KEN__URY,KEN,URY,0.0,0.0,0,0.0,0.0,0.0,,0.0,,1948,2021,10205.0,0.0
KEN__USA,KEN,USA,0.0,0.0,0,1.0,1.0,1.0,,0.0,,1948,2021,11849.0,0.0
KEN__UZB,KEN,UZB,0.0,0.0,0,0.0,0.0,0.0,,0.0,,1948,2021,5736.0,0.0
KEN__VCT,KEN,VCT,0.0,0.0,0,1.0,1.0,1.0,,1.0,,1948,2021,10922.0,0.0
KEN__VEN,KEN,VEN,0.0,0.0,0,0.0,0.0,0.0,,0.0,,1948,2021,11543.0,0.0
KEN__VNM,KEN,VNM,0.0,0.0,0,0.0,0.0,0.0,,0.0,,1948,2021,7844.0,0.0
KEN__VUT,KEN,VUT,0.0,0.0,0,1.0,1.0,1.0,,1.0,,1948,2021,14317.0,0.0
KEN__WSM,KEN,WSM,0.0,0.0,0,0.0,1.0,1.0,,0.0,,1948,2021,16461.0,0.0
KEN__YEM,KEN,YEM,0.0,0.0,0,1.0,0.0,0.0,,1.0,,1948,2021,1957.5,109.0
KEN__ZAF,KEN,ZAF,0.0,0.0,0,1.0,1.0,1.0,,0.0,,1948,2021,3501.5,1177.0
KEN__ZMB,KEN,ZMB,0.0,0.0,0,1.0,1.0,1.0,,1.0,,1948,2021,1707.0,232.0
KEN__ZWE,KEN,ZWE,0.0,0.0,0,1.0,1.0,1.0,,1.0,,1948,2021,1936.0,0.0
KGZ__KHM,KGZ,KHM,0.0,0.0,0,0.0,0.0,0.0,,0.0,,1948,2021,4540.0,0.0
KGZ__KIR,KGZ,KIR,0.0,0.0,0,0.0,0.0,0.0,,0.0,,1948,2021,10595.0,0.0
KGZ__KNA,KGZ,KNA,0.0,0.0,0,0.0,0.0,0.0,,0.0,,1948,2021,12048.0,0.0
KGZ__KOR,KGZ,KOR,0.0,0.0,0,0.0,0.0,0.0,,0.0,,1948,2021,4426.0,0.0
KGZ__KWT,KGZ,KWT,0.0,0.0,0,0.0,0.0,0.0,,0.0,,1948,2021,2807.0,0.0
KGZ__LAO,KGZ,LAO,0.0,0.0,0,0.0,0.0,0.0,,0.0,,1948,2021,3820.0,0.0
KGZ__LBN,KGZ,LBN,0.0,0.0,0,0.0,0.0,0.0,,0.0,,1948,2021,3524.0,0.0
KGZ__LBR,KGZ,LBR,0.0,0.0,0,0.0,0.0,0.0,,0.0,,1948,2021,9162.0,0.0
KGZ__LBY,KGZ,LBY,0.0,0.0,0,0.0,0.0,0.0,,0.0,,1948,2021,5394.0,0.0
KGZ__LCA,KGZ,LCA,0.0,0.0,0,0.0,0.0,0.0,,0.0,,1948,2021,12256.0,0.0
KGZ__LKA,KGZ,LKA,0.0,0.0,0,0.0,0.0,0.0,,0.0,,1948,2021,4015.0,0.0
KGZ__LSO,KGZ,LSO,0.0,0.0,0,0.0,0.0,0.0,,0.0,,1948,2021,9332.0,0.0
KGZ__MAR,KGZ,MAR,0.0,0.0,0,0.0,0.0,0.0,,0.0,,1948,2021,6984.0,0.0
KGZ__MDG,KGZ,MDG,0.0,0.0,0,0.0,0.0,0.0,,0.0,,1948,2021,7381.0,0.0
KGZ__MDV,KGZ,MDV,0.0,0.0,0,0.0,0.0,0.0,,0.0,,1948,2021,4288.0,0.0
KGZ__MEX,KGZ,MEX,0.0,0.0,0,0.0,0.0,0.0,,0.0,,1948,2021,13077.0,0.0
KGZ__MHL,KGZ,MHL,0.0,0.0,0,0.0,0.0,0.0,,0.0,,1948,2021,10029.0,0.0
KGZ__MLI,KGZ,MLI,0.0,0.0,0,0.0,0.0,0.0,,0.0,,1948,2021,8464.0,0.0
KGZ__MMR,KGZ,MMR,0.0,0.0,0,0.0,0.0,0.0,,0.0,,1948,2021,3540.0,0.0
KGZ__MNG,KGZ,MNG,0.0,0.0,0,0.0,0.0,0.0,,0.0,,1948,2021,2570.0,0.0
KGZ__MOZ,KGZ,MOZ,0.0,0.0,0,0.0,0.0,0.0,,0.0,,1948,2021,8756.0,6.0
KGZ__MRT,KGZ,MRT,0.0,0.0,0,0.0,0.0,0.0,,0.0,,1948,2021,8709.0,0.0
KGZ__MUS,KGZ,MUS,0.0,0.0,0,0.0,0.0,0.0,,0.0,,1948,2021,7195.0,0.0
KGZ__MWI,KGZ,MWI,0.0,0.0,0,0.0,0.0,0.0,,0.0,,1948,2021,7598.0,106.0
KGZ__MYS,KGZ,MYS,0.0,0.0,0,0.0,0.0,0.0,,0.0,,1948,2021,5155.0,0.0
KGZ__NAM,KGZ,NAM,0.0,0.0,0,0.0,0.0,0.0,,0.0,,1948,2021,9334.0,0.0
KGZ__NER,KGZ,NER,0.0,0.0,0,0.0,0.0,0.0,,0.0,,1948,2021,7576.0,0.0
KGZ__NGA,KGZ,NGA,0.0,0.0,0,0.0,0.0,0.0,,0.0,,1948,2021,7994.0,0.0
KGZ__NIC,KGZ,NIC,0.0,0.0,0,0.0,0.0,0.0,,0.0,,1948,2021,13611.0,0.0
KGZ__NLD,KGZ,NLD,0.0,0.0,0,0.0,0.0,0.0,,0.0,,1948,2021,5156.0,42.0
KGZ__NPL,KGZ,NPL,0.0,0.0,0,0.0,0.0,0.0,,0.0,,1948,2021,1942.0,0.0
KGZ__NRU,KGZ,NRU,0.0,0.0,0,0.0,0.0,0.0,,0.0,,1948,2021,10241.0,0.0
KGZ__NZL,KGZ,NZL,0.0,0.0,0,0.0,0.0,0.0,,0.0,,1948,2021,13418.0,0.0
KGZ__OMN,KGZ,OMN,0.0,0.0,0,0.0,0.0,0.0,,0.0,,1948,2021,2595.0,0.0
KGZ__PAK,KGZ,PAK,0.0,0.0,0,0.0,0.0,0.0,,0.0,,1948,2021,2108.0,0.0
KGZ__PAN,KGZ,PAN,0.0,0.0,0,0.0,0.0,0.0,,0.0,,1948,2021,13692.0,0.0
KGZ__PER,KGZ,PER,0.0,0.0,0,0.0,0.0,0.0,,0.0,,1948,2021,15637.0,0.0
KGZ__PHL,KGZ,PHL,0.0,0.0,0,0.0,0.0,0.0,,0.0,,1948,2021,5410.0,0.0
KGZ__PLW,KGZ,PLW,0.0,0.0,0,0.0,0.0,0.0,,0.0,,1948,2021,7022.5,1.0
KGZ__PNG,KGZ,PNG,0.0,0.0,0,0.0,0.0,0.0,,0.0,,1948,2021,9333.0,0.0
KGZ__PRK,KGZ,PRK,0.0,0.0,0,0.0,0.0,0.0,,0.0,,1948,2021,4262.0,0.0
KGZ__PRT,KGZ,PRT,0.0,0.0,0,0.0,0.0,0.0,,0.0,,1948,2021,6777.0,0.0
KGZ__PRY,KGZ,PRY,0.0,0.0,0,0.0,0.0,0.0,,0.0,,1948,2021,15278.0,0.0
KGZ__QAT,KGZ,QAT,0.0,0.0,0,0.0,0.0,0.0,,0.0,,1948,2021,2872.5,5.0
KGZ__RWA,KGZ,RWA,0.0,0.0,0,0.0,0.0,0.0,,0.0,,1948,2021,6669.0,0.0
KGZ__SAU,KGZ,SAU,0.0,0.0,0,0.0,0.0,0.0,,0.0,,1948,2021,3250.0,0.0
KGZ__SDN,KGZ,SDN,0.0,0.0,0,0.0,0.0,0.0,,0.0,,1948,2021,5008.0,0.0
KGZ__SEN,KGZ,SEN,0.0,0.0,0,0.0,0.0,0.0,,0.0,,1948,2021,9076.0,0.0
KGZ__SGP,KGZ,SGP,0.0,0.0,0,0.0,0.0,0.0,,0.0,,1948,2021,5449.0,0.0
KGZ__SLB,KGZ,SLB,0.0,0.0,0,0.0,0.0,0.0,,0.0,,1948,2021,10342.0,0.0
KGZ__SLE,KGZ,SLE,0.0,0.0,0,0.0,0.0,0.0,,0.0,,1948,2021,9198.0,0.0
KGZ__SLV,KGZ,SLV,0.0,0.0,0,0.0,0.0,0.0,,0.0,,1948,2021,13528.0,0.0
KGZ__SOM,KGZ,SOM,0.0,0.0,0,0.0,0.0,0.0,,0.0,,1948,2021,5375.0,0.0
KGZ__SSD,KGZ,SSD,0.0,0.0,0,0.0,0.0,0.0,,0.0,,1948,2021,5969.0,0.0
KGZ__STP,KGZ,STP,0.0,0.0,0,0.0,0.0,0.0,,0.0,,1948,2021,8197.0,0.0
KGZ__SUR,KGZ,SUR,0.0,0.0,0,0.0,0.0,0.0,,0.0,,1948,2021,12619.0,0.0
KGZ__SWZ,KGZ,SWZ,0.0,0.0,0,0.0,0.0,0.0,,0.0,,1948,2021,8860.0,0.0
KGZ__SYC,KGZ,SYC,0.0,0.0,0,0.0,0.0,0.0,,0.0,,1948,2021,5602.0,0.0
KGZ__SYR,KGZ,SYR,0.0,0.0,0,0.0,0.0,0.0,,0.0,,1948,2021,3375.0,204.0
KGZ__TCD,KGZ,TCD,0.0,0.0,0,0.0,0.0,0.0,,0.0,,1948,2021,6631.0,0.0
KGZ__TGO,KGZ,TGO,0.0,0.0,0,0.0,0.0,0.0,,0.0,,1948,2021,8195.0,0.0
KGZ__THA,KGZ,THA,0.0,0.0,0,0.0,0.0,0.0,,0.0,,1948,2021,4077.0,0.0
KGZ__TJK,KGZ,TJK,1.0,0.0,0,1.0,0.0,0.0,,1.0,,1948,2021,687.0,0.0
KGZ__TKM,KGZ,TKM,0.0,0.0,0,1.0,0.0,0.0,,1.0,,1948,2021,1477.0,0.0
KGZ__TLS,KGZ,TLS,0.0,0.0,0,0.0,0.0,0.0,,0.0,,1948,2021,7683.0,0.0
KGZ__TON,KGZ,TON,0.0,0.0,0,0.0,0.0,0.0,,0.0,,1948,2021,13205.0,0.0
KGZ__TTO,KGZ,TTO,0.0,0.0,0,0.0,0.0,0.0,,0.0,,1948,2021,12596.0,0.0
KGZ__TUN,KGZ,TUN,0.0,0.0,0,0.0,0.0,0.0,,0.0,,1948,2021,5420.0,0.0
KGZ__TUR,KGZ,TUR,0.0,0.0,0,0.0,0.0,0.0,,0.0,,1948,2021,3744.0,0.0
KGZ__TUV,KGZ,TUV,0.0,0.0,0,0.0,0.0,0.0,,0.0,,1948,2021,11841.0,0.0
KGZ__TWN,KGZ,TWN,0.0,0.0,0,0.0,0.0,0.0,,0.0,,1948,2021,4690.0,0.0
KGZ__TZA,KGZ,TZA,0.0,0.0,0,0.0,0.0,0.0,,0.0,,1948,2021,6560.0,0.0
KGZ__UGA,KGZ,UGA,0.0,0.0,0,0.0,0.0,0.0,,0.0,,1948,2021,6301.0,0.0
KGZ__URY,KGZ,URY,0.0,0.0,0,0.0,0.0,0.0,,0.0,,1948,2021,15718.0,0.0
KGZ__USA,KGZ,USA,0.0,0.0,0,0.0,0.0,0.0,,0.0,,1948,2021,10226.0,0.0
KGZ__UZB,KGZ,UZB,1.0,0.0,0,1.0,0.0,0.0,,1.0,,1948,2021,479.0,0.0
KGZ__VCT,KGZ,VCT,0.0,0.0,0,0.0,0.0,0.0,,0.0,,1948,2021,12348.0,0.0
KGZ__VEN,KGZ,VEN,0.0,0.0,0,0.0,0.0,0.0,,0.0,,1948,2021,12924.0,0.0
KGZ__VNM,KGZ,VNM,0.0,0.0,0,0.0,0.0,0.0,,0.0,,1948,2021,4723.0,0.0
KGZ__VUT,KGZ,VUT,0.0,0.0,0,0.0,0.0,0.0,,0.0,,1948,2021,11629.0,0.0
KGZ__WSM,KGZ,WSM,0.0,0.0,0,0.0,0.0,0.0,,0.0,,1948,2021,12969.0,0.0
KGZ__YEM,KGZ,YEM,0.0,0.0,0,0.0,0.0,0.0,,0.0,,1948,2021,4204.0,0.0
KGZ__ZAF,KGZ,ZAF,0.0,0.0,0,0.0,0.0,0.0,,0.0,,1948,2021,9628.5,1233.0
KGZ__ZMB,KGZ,ZMB,0.0,0.0,0,0.0,0.0,0.0,,0.0,,1948,2021,8000.0,0.0
KGZ__ZWE,KGZ,ZWE,0.0,0.0,0,0.0,0.0,0.0,,0.0,,1948,2021,8063.0,0.0
KHM__KIR,KHM,KIR,0.0,0.0,0,0.0,0.0,0.0,,0.0,,1948,2021,7597.0,0.0
KHM__KNA,KHM,KNA,0.0,0.0,0,0.0,0.0,0.0,,0.0,,1948,2021,16540.0,0.0
KHM__KOR,KHM,KOR,0.0,0.0,0,0.0,0.0,0.0,,0.0,,1948,2021,3625.0,0.0
KHM__KWT,KHM,KWT,0.0,0.0,0,0.0,0.0,0.0,,0.0,,1948,2021,6195.0,0.0
KHM__LAO,KHM,LAO,1.0,0.0,0,1.0,0.0,0.0,,1.0,,1948,2021,751.0,0.0
KHM__LBN,KHM,LBN,0.0,0.0,0,1.0,0.0,0.0,,0.0,,1948,2021,7411.0,0.0
KHM__LBR,KHM,LBR,0.0,0.0,0,0.0,0.0,0.0,,0.0,,1948,2021,12647.0,0.0
KHM__LBY,KHM,LBY,0.0,0.0,0,0.0,0.0,0.0,,0.0,,1948,2021,9484.0,0.0
KHM__LCA,KHM,LCA,0.0,0.0,0,0.0,0.0,0.0,,0.0,,1948,2021,16784.0,0.0
KHM__LKA,KHM,LKA,0.0,0.0,0,0.0,0.0,0.0,,0.0,,1948,2021,2800.0,0.0
KHM__LSO,KHM,LSO,0.0,0.0,0,0.0,0.0,0.0,,0.0,,1948,2021,9447.0,0.0
KHM__MAR,KHM,MAR,0.0,0.0,0,1.0,0.0,0.0,,1.0,,1948,2021,11317.0,0.0
KHM__MDG,KHM,MDG,0.0,0.0,0,1.0,0.0,0.0,,1.0,,1948,2021,7141.0,0.0
KHM__MDV,KHM,MDV,0.0,0.0,0,0.0,0.0,0.0,,0.0,,1948,2021,3555.0,0.0
KHM__MEX,KHM,MEX,0.0,0.0,0,0.0,0.0,0.0,,0.0,,1948,2021,15690.0,0.0
KHM__MHL,KHM,MHL,0.0,0.0,0,0.0,0.0,0.0,,0.0,,1948,2021,7304.0,0.0
KHM__MLI,KHM,MLI,0.0,0.0,0,1.0,0.0,0.0,,1.0,,1948,2021,12154.0,0.0
KHM__MMR,KHM,MMR,0.0,0.0,0,0.0,0.0,0.0,,0.0,,1948,2021,1109.0,0.0
KHM__MNG,KHM,MNG,0.0,0.0,0,0.0,0.0,0.0,,0.0,,1948,2021,4034.0,0.0
KHM__MOZ,KHM,MOZ,0.0,0.0,0,0.0,0.0,0.0,,0.0,,1948,2021,8862.0,12.0
KHM__MRT,KHM,MRT,0.0,0.0,0,1.0,0.0,0.0,,1.0,,1948,2021,12756.0,0.0
KHM__MUS,KHM,MUS,0.0,0.0,0,1.0,0.0,0.0,,0.0,,1948,2021,6268.0,0.0
KHM__MWI,KHM,MWI,0.0,0.0,0,0.0,0.0,0.0,,0.0,,1948,2021,8307.0,68.0
KHM__MYS,KHM,MYS,0.0,0.0,0,0.0,0.0,0.0,,0.0,,1948,2021,1069.5,145.0
KHM__NAM,KHM,NAM,0.0,0.0,0,0.0,0.0,0.0,,0.0,,1948,2021,10283.0,0.0
KHM__NER,KHM,NER,0.0,0.0,0,1.0,0.0,0.0,,1.0,,1948,2021,11073.0,0.0
KHM__NGA,KHM,NGA,0.0,0.0,0,0.0,0.0,0.0,,0.0,,1948,2021,11082.5,77.0
KHM__NIC,KHM,NIC,0.0,0.0,0,0.0,0.0,0.0,,0.0,,1948,2021,17113.0,0.0
KHM__NLD,KHM,NLD,0.0,0.0,0,0.0,0.0,0.0,,0.0,,1948,2021,9689.0,40.0
KHM__NPL,KHM,NPL,0.0,0.0,0,0.0,0.0,0.0,,0.0,,1948,2021,2715.0,0.0
KHM__NRU,KHM,NRU,0.0,0.0,0,0.0,0.0,0.0,,0.0,,1948,2021,6982.0,0.0
KHM__NZL,KHM,NZL,0.0,0.0,0,0.0,0.0,0.0,,0.0,,1948,2021,9044.0,0.0
KHM__OMN,KHM,OMN,0.0,0.0,0,0.0,0.0,0.0,,0.0,,1948,2021,5071.0,0.0
KHM__PAK,KHM,PAK,0.0,0.0,0,0.0,0.0,0.0,,0.0,,1948,2021,4247.0,0.0
KHM__PAN,KHM,PAN,0.0,0.0,0,0.0,0.0,0.0,,0.0,,1948,2021,17679.0,0.0
KHM__PER,KHM,PER,0.0,0.0,0,0.0,0.0,0.0,,0.0,,1948,2021,19815.0,0.0
KHM__PHL,KHM,PHL,0.0,0.0,0,0.0,0.0,0.0,,0.0,,1948,2021,1774.0,0.0
KHM__PLW,KHM,PLW,0.0,0.0,0,0.0,0.0,0.0,,0.0,,1948,2021,3284.0,12.0
KHM__PNG,KHM,PNG,0.0,0.0,0,0.0,0.0,0.0,,0.0,,1948,2021,5222.0,0.0
KHM__PRK,KHM,PRK,0.0,0.0,0,0.0,0.0,0.0,,0.0,,1948,2021,3676.0,0.0
KHM__PRT,KHM,PRT,0.0,0.0,0,0.0,0.0,0.0,,0.0,,1948,2021,11215.0,0.0
KHM__PRY,KHM,PRY,0.0,0.0,0,0.0,0.0,0.0,,0.0,,1948,2021,17637.0,0.0
KHM__QAT,KHM,QAT,0.0,0.0,0,0.0,0.0,0.0,,0.0,,1948,2021,5808.0,10.0
KHM__RWA,KHM,RWA,0.0,0.0,0,0.0,0.0,0.0,,0.0,,1948,2021,8413.0,0.0
KHM__SAU,KHM,SAU,0.0,0.0,0,0.0,0.0,0.0,,0.0,,1948,2021,6637.5,707.0
KHM__SDN,KHM,SDN,0.0,0.0,0,0.0,0.0,0.0,,0.0,,1948,2021,7811.0,0.0
KHM__SEN,KHM,SEN,0.0,0.0,0,1.0,0.0,0.0,,1.0,,1948,2021,13043.0,0.0
KHM__SGP,KHM,SGP,0.0,0.0,0,0.0,0.0,0.0,,0.0,,1948,2021,1142.0,0.0
KHM__SLB,KHM,SLB,0.0,0.0,0,0.0,0.0,0.0,,0.0,,1948,2021,6518.0,0.0
KHM__SLE,KHM,SLE,0.0,0.0,0,0.0,0.0,0.0,,0.0,,1948,2021,12837.0,0.0
KHM__SLV,KHM,SLV,0.0,0.0,0,0.0,0.0,0.0,,0.0,,1948,2021,16814.0,0.0
KHM__SOM,KHM,SOM,0.0,0.0,0,0.0,0.0,0.0,,0.0,,1948,2021,6656.0,0.0
KHM__SSD,KHM,SSD,0.0,0.0,0,0.0,0.0,0.0,,0.0,,1948,2021,8096.0,0.0
KHM__STP,KHM,STP,0.0,0.0,0,0.0,0.0,0.0,,0.0,,1948,2021,10904.0,0.0
KHM__SUR,KHM,SUR,0.0,0.0,0,0.0,0.0,0.0,,0.0,,1948,2021,17093.0,0.0
KHM__SWZ,KHM,SWZ,0.0,0.0,0,0.0,0.0,0.0,,0.0,,1948,2021,9006.0,0.0
KHM__SYC,KHM,SYC,0.0,0.0,0,1.0,0.0,0.0,,0.0,,1948,2021,5762.0,0.0
KHM__SYR,KHM,SYR,0.0,0.0,0,1.0,0.0,0.0,,1.0,,1948,2021,7301.0,64.0
KHM__TCD,KHM,TCD,0.0,0.0,0,1.0,0.0,0.0,,1.0,,1948,2021,9738.0,0.0
KHM__TGO,KHM,TGO,0.0,0.0,0,1.0,0.0,0.0,,1.0,,1948,2021,11364.0,0.0
KHM__THA,KHM,THA,1.0,0.0,0,0.0,0.0,0.0,,0.0,,1948,2021,533.0,0.0
KHM__TJK,KHM,TJK,0.0,0.0,0,0.0,0.0,0.0,,0.0,,1948,2021,4662.0,0.0
KHM__TKM,KHM,TKM,0.0,0.0,0,0.0,0.0,0.0,,0.0,,1948,2021,5461.0,0.0
KHM__TLS,KHM,TLS,0.0,0.0,0,0.0,0.0,0.0,,0.0,,1948,2021,3190.0,0.0
KHM__TON,KHM,TON,0.0,0.0,0,0.0,0.0,0.0,,0.0,,1948,2021,9447.0,0.0
KHM__TTO,KHM,TTO,0.0,0.0,0,0.0,0.0,0.0,,0.0,,1948,2021,17133.0,0.0
KHM__TUN,KHM,TUN,0.0,0.0,0,1.0,0.0,0.0,,1.0,,1948,2021,9667.0,0.0
KHM__TUR,KHM,TUR,0.0,0.0,0,0.0,0.0,0.0,,0.0,,1948,2021,8001.0,0.0
KHM__TUV,KHM,TUV,0.0,0.0,0,0.0,0.0,0.0,,0.0,,1948,2021,8517.0,0.0
KHM__TWN,KHM,TWN,0.0,0.0,0,0.0,0.0,0.0,,0.0,,1948,2021,2297.5,9.0
KHM__TZA,KHM,TZA,0.0,0.0,0,0.0,0.0,0.0,,0.0,,1948,2021,7548.0,0.0
KHM__UGA,KHM,UGA,0.0,0.0,0,0.0,0.0,0.0,,0.0,,1948,2021,8085.0,0.0
KHM__URY,KHM,URY,0.0,0.0,0,0.0,0.0,0.0,,0.0,,1948,2021,16803.0,0.0
KHM__USA,KHM,USA,0.0,0.0,0,1.0,0.0,0.0,,0.0,,1948,2021,14215.0,0.0
KHM__UZB,KHM,UZB,0.0,0.0,0,0.0,0.0,0.0,,0.0,,1948,2021,4789.0,0.0
KHM__VCT,KHM,VCT,0.0,0.0,0,0.0,0.0,0.0,,0.0,,1948,2021,16878.0,0.0
KHM__VEN,KHM,VEN,0.0,0.0,0,0.0,0.0,0.0,,0.0,,1948,2021,17406.0,0.0
KHM__VNM,KHM,VNM,1.0,0.0,0,1.0,0.0,0.0,,1.0,,1948,2021,211.0,0.0
KHM__VUT,KHM,VUT,0.0,0.0,0,1.0,0.0,0.0,,1.0,,1948,2021,7684.0,0.0
KHM__WSM,KHM,WSM,0.0,0.0,0,0.0,0.0,0.0,,0.0,,1948,2021,9613.0,0.0
KHM__YEM,KHM,YEM,0.0,0.0,0,0.0,0.0,0.0,,0.0,,1948,2021,6636.5,139.0
KHM__ZAF,KHM,ZAF,0.0,0.0,0,0.0,0.0,0.0,,0.0,,1948,2021,9850.5,1105.0
KHM__ZMB,KHM,ZMB,0.0,0.0,0,0.0,0.0,0.0,,0.0,,1948,2021,8924.0,64.0
KHM__ZWE,KHM,ZWE,0.0,0.0,0,0.0,0.0,0.0,,0.0,,1948,2021,8741.0,0.0
KIR__KNA,KIR,KNA,0.0,0.0,0,1.0,1.0,1.0,,1.0,,1948,2021,13588.0,0.0
KIR__KOR,KIR,KOR,0.0,0.0,0,0.0,1.0,0.0,,0.0,,1948,2021,6180.0,0.0
KIR__KWT,KIR,KWT,0.0,0.0,0,1.0,1.0,0.0,,1.0,,1948,2021,13271.0,0.0
KIR__LAO,KIR,LAO,0.0,0.0,0,0.0,0.0,0.0,,0.0,,1948,2021,7896.0,0.0
KIR__LBN,KIR,LBN,0.0,0.0,0,0.0,1.0,0.0,,0.0,,1948,2021,14110.0,0.0
KIR__LBR,KIR,LBR,0.0,0.0,0,0.0,1.0,1.0,,0.0,,1948,2021,19068.0,0.0
KIR__LBY,KIR,LBY,0.0,0.0,0,0.0,0.0,0.0,,0.0,,1948,2021,15670.0,0.0
KIR__LCA,KIR,LCA,0.0,0.0,0,1.0,1.0,1.0,,1.0,,1948,2021,13847.0,0.0
KIR__LKA,KIR,LKA,0.0,0.0,0,1.0,0.0,0.0,,1.0,,1948,2021,10347.0,0.0
KIR__LSO,KIR,LSO,0.0,0.0,0,1.0,1.0,1.0,,1.0,,1948,2021,15230.0,0.0
KIR__MAR,KIR,MAR,0.0,0.0,0,0.0,0.0,0.0,,0.0,,1948,2021,16138.0,0.0
KIR__MDG,KIR,MDG,0.0,0.0,0,0.0,0.0,0.0,,0.0,,1948,2021,13777.0,0.0
KIR__MDV,KIR,MDV,0.0,0.0,0,1.0,0.0,0.0,,1.0,,1948,2021,11059.0,0.0
KIR__MEX,KIR,MEX,0.0,0.0,0,0.0,0.0,0.0,,0.0,,1948,2021,9745.0,0.0
KIR__MHL,KIR,MHL,0.0,0.0,0,0.0,1.0,1.0,,0.0,,1948,2021,662.0,0.0
KIR__MLI,KIR,MLI,0.0,0.0,0,0.0,0.0,0.0,,0.0,,1948,2021,18455.0,0.0
KIR__MMR,KIR,MMR,0.0,0.0,0,1.0,0.0,0.0,,1.0,,1948,2021,8571.0,0.0
KIR__MNG,KIR,MNG,0.0,0.0,0,0.0,0.0,0.0,,0.0,,1948,2021,8138.0,0.0
KIR__MOZ,KIR,MOZ,0.0,0.0,0,0.0,0.0,0.0,,0.0,,1948,2021,14990.0,12.0
KIR__MRT,KIR,MRT,0.0,0.0,0,0.0,0.0,0.0,,0.0,,1948,2021,17648.0,0.0
KIR__MUS,KIR,MUS,0.0,0.0,0,1.0,1.0,1.0,,1.0,,1948,2021,12724.0,0.0
KIR__MWI,KIR,MWI,0.0,0.0,0,1.0,1.0,1.0,,1.0,,1948,2021,15241.0,178.0
KIR__MYS,KIR,MYS,0.0,0.0,0,1.0,0.0,0.0,,1.0,,1948,2021,7812.5,239.0
KIR__NAM,KIR,NAM,0.0,0.0,0,0.0,1.0,1.0,,0.0,,1948,2021,16512.0,0.0
KIR__NER,KIR,NER,0.0,0.0,0,0.0,0.0,0.0,,0.0,,1948,2021,18087.0,0.0
KIR__NGA,KIR,NGA,0.0,0.0,0,1.0,1.0,1.0,,1.0,,1948,2021,18529.0,108.0
KIR__NIC,KIR,NIC,0.0,0.0,0,0.0,0.0,0.0,,0.0,,1948,2021,11158.0,0.0
KIR__NLD,KIR,NLD,0.0,0.0,0,0.0,0.0,0.0,,0.0,,1948,2021,13977.0,56.0
KIR__NPL,KIR,NPL,0.0,0.0,0,0.0,0.0,0.0,,0.0,,1948,2021,9716.0,0.0
KIR__NRU,KIR,NRU,0.0,0.0,0,1.0,1.0,1.0,,1.0,,1948,2021,706.0,0.0
KIR__NZL,KIR,NZL,0.0,0.0,0,1.0,1.0,1.0,,0.0,,1948,2021,4232.0,0.0
KIR__OMN,KIR,OMN,0.0,0.0,0,0.0,0.0,0.0,,0.0,,1948,2021,12428.0,0.0
KIR__PAK,KIR,PAK,0.0,0.0,0,1.0,1.0,1.0,,1.0,,1948,2021,11554.0,0.0
KIR__PAN,KIR,PAN,0.0,0.0,0,0.0,0.0,0.0,,0.0,,1948,2021,11917.0,0.0
KIR__PER,KIR,PER,0.0,0.0,0,0.0,0.0,0.0,,0.0,,1948,2021,12224.0,0.0
KIR__PHL,KIR,PHL,0.0,0.0,0,0.0,1.0,1.0,,0.0,,1948,2021,5901.0,0.0
KIR__PLW,KIR,PLW,0.0,0.0,0,1.0,1.0,1.0,,0.0,,1948,2021,4316.0,14.0
KIR__PNG,KIR,PNG,0.0,0.0,0,1.0,1.0,1.0,,0.0,,1948,2021,3099.0,0.0
KIR__PRK,KIR,PRK,0.0,0.0,0,0.0,0.0,0.0,,0.0,,1948,2021,6353.0,0.0
KIR__PRT,KIR,PRT,0.0,0.0,0,0.0,0.0,0.0,,0.0,,1948,2021,15565.0,0.0
KIR__PRY,KIR,PRY,0.0,0.0,0,0.0,0.0,0.0,,0.0,,1948,2021,13989.0,0.0
KIR__QAT,KIR,QAT,0.0,0.0,0,1.0,0.0,0.0,,1.0,,1948,2021,13084.0,10.0
KIR__RWA,KIR,RWA,0.0,0.0,0,0.0,1.0,1.0,,0.0,,1948,2021,15911.0,0.0
KIR__SAU,KIR,SAU,0.0,0.0,0,0.0,0.0,0.0,,0.0,,1948,2021,13956.5,787.0
KIR__SDN,KIR,SDN,0.0,0.0,0,1.0,0.0,0.0,,1.0,,1948,2021,15297.0,0.0
KIR__SEN,KIR,SEN,0.0,0.0,0,0.0,0.0,0.0,,0.0,,1948,2021,17902.0,0.0
KIR__SGP,KIR,SGP,0.0,0.0,0,1.0,1.0,1.0,,1.0,,1948,2021,7693.0,0.0
KIR__SLB,KIR,SLB,0.0,0.0,0,1.0,0.0,1.0,,1.0,,1948,2021,1872.0,0.0
KIR__SLE,KIR,SLE,0.0,0.0,0,1.0,1.0,1.0,,1.0,,1948,2021,18728.0,0.0
KIR__SLV,KIR,SLV,0.0,0.0,0,0.0,0.0,0.0,,0.0,,1948,2021,10830.0,0.0
KIR__SOM,KIR,SOM,0.0,0.0,0,1.0,0.0,1.0,,1.0,,1948,2021,14198.0,0.0
KIR__SSD,KIR,SSD,0.0,0.0,0,0.0,0.0,0.0,,1.0,,1948,2021,15690.0,0.0
KIR__STP,KIR,STP,0.0,0.0,0,0.0,0.0,0.0,,0.0,,1948,2021,18496.0,0.0
KIR__SUR,KIR,SUR,0.0,0.0,0,0.0,0.0,0.0,,0.0,,1948,2021,14626.0,0.0
KIR__SWZ,KIR,SWZ,0.0,0.0,0,1.0,0.0,1.0,,1.0,,1948,2021,15095.0,0.0
KIR__SYC,KIR,SYC,0.0,0.0,0,1.0,1.0,1.0,,1.0,,1948,2021,13085.0,0.0
KIR__SYR,KIR,SYR,0.0,0.0,0,0.0,0.0,0.0,,0.0,,1948,2021,13956.0,226.0
KIR__TCD,KIR,TCD,0.0,0.0,0,0.0,0.0,0.0,,0.0,,1948,2021,17172.0,0.0
KIR__TGO,KIR,TGO,0.0,0.0,0,0.0,0.0,0.0,,0.0,,1948,2021,18790.0,0.0
KIR__THA,KIR,THA,0.0,0.0,0,0.0,0.0,0.0,,0.0,,1948,2021,8086.0,0.0
KIR__TJK,KIR,TJK,0.0,0.0,0,0.0,0.0,0.0,,0.0,,1948,2021,11152.0,0.0
KIR__TKM,KIR,TKM,0.0,0.0,0,0.0,0.0,0.0,,0.0,,1948,2021,12052.0,0.0
KIR__TLS,KIR,TLS,0.0,0.0,0,0.0,0.0,0.0,,0.0,,1948,2021,5373.0,0.0
KIR__TON,KIR,TON,0.0,0.0,0,1.0,0.0,1.0,,1.0,,1948,2021,2799.0,0.0
KIR__TTO,KIR,TTO,0.0,0.0,0,1.0,1.0,1.0,,1.0,,1948,2021,13858.0,0.0
KIR__TUN,KIR,TUN,0.0,0.0,0,0.0,0.0,0.0,,0.0,,1948,2021,15427.0,0.0
KIR__TUR,KIR,TUR,0.0,0.0,0,0.0,0.0,0.0,,0.0,,1948,2021,14081.0,0.0
KIR__TUV,KIR,TUV,0.0,0.0,0,1.0,0.0,0.0,,1.0,,1948,2021,1289.0,0.0
KIR__TWN,KIR,TWN,0.0,0.0,0,0.0,0.0,0.0,,0.0,,1948,2021,6113.5,7.0
KIR__TZA,KIR,TZA,0.0,0.0,0,1.0,0.0,1.0,,1.0,,1948,2021,14864.0,0.0
KIR__UGA,KIR,UGA,0.0,0.0,0,1.0,1.0,1.0,,1.0,,1948,2021,15626.0,0.0
KIR__URY,KIR,URY,0.0,0.0,0,0.0,0.0,0.0,,0.0,,1948,2021,13729.0,0.0
KIR__USA,KIR,USA,0.0,0.0,0,1.0,1.0,1.0,,0.0,,1948,2021,11832.0,0.0
KIR__UZB,KIR,UZB,0.0,0.0,0,0.0,0.0,0.0,,0.0,,1948,2021,11061.0,0.0
KIR__VCT,KIR,VCT,0.0,0.0,0,1.0,1.0,1.0,,1.0,,1948,2021,13841.0,0.0
KIR__VEN,KIR,VEN,0.0,0.0,0,0.0,0.0,0.0,,0.0,,1948,2021,13280.0,0.0
KIR__VNM,KIR,VNM,0.0,0.0,0,0.0,0.0,0.0,,0.0,,1948,2021,7401.0,0.0
KIR__VUT,KIR,VUT,0.0,0.0,0,1.0,1.0,1.0,,1.0,,1948,2021,2169.0,0.0
KIR__WSM,KIR,WSM,0.0,0.0,0,0.0,1.0,1.0,,0.0,,1948,2021,2375.0,0.0
KIR__YEM,KIR,YEM,0.0,0.0,0,1.0,0.0,0.0,,1.0,,1948,2021,14176.0,146.0
KIR__ZAF,KIR,ZAF,0.0,0.0,0,1.0,1.0,1.0,,0.0,,1948,2021,15453.5,167.0
KIR__ZMB,KIR,ZMB,0.0,0.0,0,1.0,1.0,1.0,,1.0,,1948,2021,15901.5,93.0
KIR__ZWE,KIR,ZWE,0.0,0.0,0,1.0,1.0,1.0,,1.0,,1948,2021,15487.0,0.0
KNA__KOR,KNA,KOR,0.0,0.0,0,0.0,1.0,0.0,,0.0,,1948,2021,13848.0,0.0
KNA__KWT,KNA,KWT,0.0,0.0,0,1.0,1.0,0.0,,1.0,,1948,2021,10973.0,0.0
KNA__LAO,KNA,LAO,0.0,0.0,0,0.0,0.0,0.0,,0.0,,1948,2021,15790.0,0.0
KNA__LBN,KNA,LBN,0.0,0.0,0,0.0,1.0,0.0,,0.0,,1948,2021,9687.0,0.0
KNA__LBR,KNA,LBR,0.0,0.0,0,0.0,1.0,1.0,,0.0,,1948,2021,5770.0,0.0
KNA__LBY,KNA,LBY,0.0,0.0,0,0.0,0.0,0.0,,0.0,,1948,2021,7696.0,0.0
KNA__LCA,KNA,LCA,0.0,0.0,0,1.0,1.0,1.0,,1.0,,1948,2021,409.0,0.0
KNA__LKA,KNA,LKA,0.0,0.0,0,1.0,0.0,0.0,,1.0,,1948,2021,15115.0,0.0
KNA__LSO,KNA,LSO,0.0,0.0,0,1.0,1.0,1.0,,1.0,,1948,2021,10957.0,0.0
KNA__MAR,KNA,MAR,0.0,0.0,0,0.0,0.0,0.0,,0.0,,1948,2021,5758.0,0.0
KNA__MDG,KNA,MDG,0.0,0.0,0,0.0,0.0,0.0,,0.0,,1948,2021,12701.0,0.0
KNA__MDV,KNA,MDV,0.0,0.0,0,1.0,0.0,0.0,,1.0,,1948,2021,14667.0,0.0
KNA__MEX,KNA,MEX,0.0,0.0,0,0.0,0.0,0.0,,0.0,,1948,2021,3849.0,0.0
KNA__MHL,KNA,MHL,0.0,0.0,0,0.0,1.0,1.0,,0.0,,1948,2021,13498.0,0.0
KNA__MLI,KNA,MLI,0.0,0.0,0,0.0,0.0,0.0,,0.0,,1948,2021,5891.0,0.0
KNA__MMR,KNA,MMR,0.0,0.0,0,1.0,0.0,0.0,,1.0,,1948,2021,15587.0,0.0
KNA__MNG,KNA,MNG,0.0,0.0,0,0.0,0.0,0.0,,0.0,,1948,2021,12709.0,0.0
KNA__MOZ,KNA,MOZ,0.0,0.0,0,0.0,0.0,0.0,,0.0,,1948,2021,11348.5,13.0
KNA__MRT,KNA,MRT,0.0,0.0,0,0.0,0.0,0.0,,0.0,,1948,2021,4947.0,0.0
KNA__MUS,KNA,MUS,0.0,0.0,0,1.0,1.0,1.0,,1.0,,1948,2021,13755.0,0.0
KNA__MWI,KNA,MWI,0.0,0.0,0,1.0,1.0,1.0,,1.0,,1948,2021,11236.5,179.0
KNA__MYS,KNA,MYS,0.0,0.0,0,1.0,0.0,0.0,,1.0,,1948,2021,17333.0,306.0
KNA__NAM,KNA,NAM,0.0,0.0,0,0.0,1.0,1.0,,0.0,,1948,2021,9740.0,0.0
KNA__NER,KNA,NER,0.0,0.0,0,0.0,0.0,0.0,,0.0,,1948,2021,6941.0,0.0
KNA__NGA,KNA,NGA,0.0,0.0,0,1.0,1.0,1.0,,1.0,,1948,2021,7284.5,25.0
KNA__NIC,KNA,NIC,0.0,0.0,0,0.0,0.0,0.0,,0.0,,1948,2021,2595.0,0.0
KNA__NLD,KNA,NLD,0.0,0.0,0,0.0,0.0,0.0,,0.0,,1948,2021,6969.0,34.0
KNA__NPL,KNA,NPL,0.0,0.0,0,0.0,0.0,0.0,,0.0,,1948,2021,13959.0,0.0
KNA__NRU,KNA,NRU,0.0,0.0,0,1.0,1.0,1.0,,1.0,,1948,2021,14292.0,0.0
KNA__NZL,KNA,NZL,0.0,0.0,0,1.0,1.0,1.0,,0.0,,1948,2021,14023.0,0.0
KNA__OMN,KNA,OMN,0.0,0.0,0,0.0,0.0,0.0,,0.0,,1948,2021,12205.0,0.0
KNA__PAK,KNA,PAK,0.0,0.0,0,1.0,1.0,1.0,,1.0,,1948,2021,12851.0,0.0
KNA__PAN,KNA,PAN,0.0,0.0,0,0.0,0.0,0.0,,0.0,,1948,2021,2037.0,0.0
KNA__PER,KNA,PER,0.0,0.0,0,0.0,0.0,0.0,,0.0,,1948,2021,3606.0,0.0
KNA__PHL,KNA,PHL,0.0,0.0,0,0.0,1.0,1.0,,0.0,,1948,2021,16453.0,0.0
KNA__PLW,KNA,PLW,0.0,0.0,0,1.0,1.0,1.0,,0.0,,1948,2021,16685.0,24.0
KNA__PNG,KNA,PNG,0.0,0.0,0,1.0,1.0,1.0,,0.0,,1948,2021,16684.0,0.0
KNA__PRK,KNA,PRK,0.0,0.0,0,0.0,0.0,0.0,,0.0,,1948,2021,13707.0,0.0
KNA__PRT,KNA,PRT,0.0,0.0,0,0.0,0.0,0.0,,0.0,,1948,2021,5686.0,0.0
KNA__PRY,KNA,PRY,0.0,0.0,0,0.0,0.0,0.0,,0.0,,1948,2021,4744.0,0.0
KNA__QAT,KNA,QAT,0.0,0.0,0,1.0,0.0,0.0,,1.0,,1948,2021,11483.0,10.0
KNA__RWA,KNA,RWA,0.0,0.0,0,0.0,1.0,1.0,,0.0,,1948,2021,10377.0,0.0
KNA__SAU,KNA,SAU,0.0,0.0,0,0.0,0.0,0.0,,0.0,,1948,2021,10818.5,515.0
KNA__SDN,KNA,SDN,0.0,0.0,0,1.0,0.0,0.0,,1.0,,1948,2021,10050.0,0.0
KNA__SEN,KNA,SEN,0.0,0.0,0,0.0,0.0,0.0,,0.0,,1948,2021,4845.0,0.0
KNA__SGP,KNA,SGP,0.0,0.0,0,1.0,1.0,1.0,,1.0,,1948,2021,17486.0,0.0
KNA__SLB,KNA,SLB,0.0,0.0,0,1.0,0.0,1.0,,1.0,,1948,2021,15340.0,0.0
KNA__SLE,KNA,SLE,0.0,0.0,0,1.0,1.0,1.0,,1.0,,1948,2021,5445.0,0.0
KNA__SLV,KNA,SLV,0.0,0.0,0,0.0,0.0,0.0,,0.0,,1948,2021,2865.0,0.0
KNA__SOM,KNA,SOM,0.0,0.0,0,1.0,0.0,1.0,,1.0,,1948,2021,11864.0,0.0
KNA__SSD,KNA,SSD,0.0,0.0,0,0.0,0.0,0.0,,1.0,,1948,2021,10314.0,0.0
KNA__STP,KNA,STP,0.0,0.0,0,0.0,0.0,0.0,,0.0,,1948,2021,7825.0,0.0
KNA__SUR,KNA,SUR,0.0,0.0,0,0.0,0.0,0.0,,0.0,,1948,2021,1508.0,0.0
KNA__SWZ,KNA,SWZ,0.0,0.0,0,1.0,0.0,1.0,,1.0,,1948,2021,11223.0,0.0
KNA__SYC,KNA,SYC,0.0,0.0,0,1.0,1.0,1.0,,1.0,,1948,2021,13161.0,0.0
KNA__SYR,KNA,SYR,0.0,0.0,0,0.0,0.0,0.0,,0.0,,1948,2021,9759.5,27.0
KNA__TCD,KNA,TCD,0.0,0.0,0,0.0,0.0,0.0,,0.0,,1948,2021,8342.0,0.0
KNA__TGO,KNA,TGO,0.0,0.0,0,0.0,0.0,0.0,,0.0,,1948,2021,7049.0,0.0
KNA__THA,KNA,THA,0.0,0.0,0,0.0,0.0,0.0,,0.0,,1948,2021,16118.0,0.0
KNA__TJK,KNA,TJK,0.0,0.0,0,0.0,0.0,0.0,,0.0,,1948,2021,12031.0,0.0
KNA__TKM,KNA,TKM,0.0,0.0,0,0.0,0.0,0.0,,0.0,,1948,2021,11348.0,0.0
KNA__TLS,KNA,TLS,0.0,0.0,0,0.0,0.0,0.0,,0.0,,1948,2021,18699.0,0.0
KNA__TON,KNA,TON,0.0,0.0,0,1.0,0.0,1.0,,1.0,,1948,2021,12972.0,0.0
KNA__TTO,KNA,TTO,0.0,0.0,0,1.0,1.0,1.0,,1.0,,1948,2021,745.0,0.0
KNA__TUN,KNA,TUN,0.0,0.0,0,0.0,0.0,0.0,,0.0,,1948,2021,7375.0,0.0
KNA__TUR,KNA,TUR,0.0,0.0,0,0.0,0.0,0.0,,0.0,,1948,2021,8906.0,0.0
KNA__TUV,KNA,TUV,0.0,0.0,0,1.0,0.0,0.0,,1.0,,1948,2021,13270.0,0.0
KNA__TWN,KNA,TWN,0.0,0.0,0,0.0,0.0,0.0,,0.0,,1948,2021,15299.5,5.0
KNA__TZA,KNA,TZA,0.0,0.0,0,1.0,0.0,1.0,,1.0,,1948,2021,11511.0,0.0
KNA__UGA,KNA,UGA,0.0,0.0,0,1.0,1.0,1.0,,1.0,,1948,2021,10571.0,0.0
KNA__URY,KNA,URY,0.0,0.0,0,0.0,0.0,0.0,,0.0,,1948,2021,5811.0,0.0
KNA__USA,KNA,USA,0.0,0.0,0,1.0,1.0,1.0,,0.0,,1948,2021,2813.0,0.0
KNA__UZB,KNA,UZB,0.0,0.0,0,0.0,0.0,0.0,,0.0,,1948,2021,11857.0,0.0
KNA__VCT,KNA,VCT,0.0,0.0,0,1.0,1.0,1.0,,1.0,,1948,2021,485.0,0.0
KNA__VEN,KNA,VEN,0.0,0.0,0,0.0,0.0,0.0,,0.0,,1948,2021,877.0,0.0
KNA__VNM,KNA,VNM,0.0,0.0,0,0.0,0.0,0.0,,0.0,,1948,2021,16694.0,0.0
KNA__VUT,KNA,VUT,0.0,0.0,0,1.0,1.0,1.0,,1.0,,1948,2021,14630.0,0.0
KNA__WSM,KNA,WSM,0.0,0.0,0,0.0,1.0,1.0,,0.0,,1948,2021,12455.0,0.0
KNA__YEM,KNA,YEM,0.0,0.0,0,1.0,0.0,0.0,,1.0,,1948,2021,11185.5,103.0
KNA__ZAF,KNA,ZAF,0.0,0.0,0,1.0,1.0,1.0,,0.0,,1948,2021,10602.0,638.0
KNA__ZMB,KNA,ZMB,0.0,0.0,0,1.0,1.0,1.0,,1.0,,1948,2021,10574.5,89.0
KNA__ZWE,KNA,ZWE,0.0,0.0,0,1.0,1.0,1.0,,1.0,,1948,2021,10977.0,0.0
KOR__KWT,KOR,KWT,0.0,0.0,0,0.0,1.0,0.0,,0.0,,1948,2021,7184.0,0.0
KOR__LAO,KOR,LAO,0.0,0.0,0,0.0,0.0,0.0,,0.0,,1948,2021,3220.0,0.0
KOR__LBN,KOR,LBN,0.0,0.0,0,0.0,1.0,0.0,,0.0,,1948,2021,7930.0,0.0
KOR__LBR,KOR,LBR,0.0,0.0,0,0.0,1.0,0.0,,0.0,,1948,2021,13479.0,0.0
KOR__LBY,KOR,LBY,0.0,0.0,0,0.0,0.0,0.0,,0.0,,1948,2021,9630.0,0.0
KOR__LCA,KOR,LCA,0.0,0.0,0,0.0,1.0,0.0,,0.0,,1948,2021,14235.0,0.0
KOR__LKA,KOR,LKA,0.0,0.0,0,0.0,0.0,0.0,,0.0,,1948,2021,5835.0,0.0
KOR__LSO,KOR,LSO,0.0,0.0,0,0.0,1.0,0.0,,0.0,,1948,2021,12709.0,0.0
KOR__MAR,KOR,MAR,0.0,0.0,0,0.0,0.0,0.0,,0.0,,1948,2021,10837.0,0.0
KOR__MDG,KOR,MDG,0.0,0.0,0,0.0,0.0,0.0,,0.0,,1948,2021,10384.0,0.0
KOR__MDV,KOR,MDV,0.0,0.0,0,0.0,0.0,0.0,,0.0,,1948,2021,6560.0,0.0
KOR__MEX,KOR,MEX,0.0,0.0,0,0.0,0.0,0.0,,0.0,,1948,2021,12070.0,0.0
KOR__MHL,KOR,MHL,0.0,0.0,0,0.0,1.0,0.0,,0.0,,1948,2021,5604.0,0.0
KOR__MLI,KOR,MLI,0.0,0.0,0,0.0,0.0,0.0,,0.0,,1948,2021,12737.0,0.0
KOR__MMR,KOR,MMR,0.0,0.0,0,0.0,0.0,0.0,,0.0,,1948,2021,3793.0,0.0
KOR__MNG,KOR,MNG,0.0,0.0,0,0.0,0.0,0.0,,0.0,,1948,2021,1997.0,0.0
KOR__MOZ,KOR,MOZ,0.0,0.0,0,0.0,0.0,0.0,,0.0,,1948,2021,12090.5,11.0
KOR__MRT,KOR,MRT,0.0,0.0,0,0.0,0.0,0.0,,0.0,,1948,2021,12732.0,0.0
KOR__MUS,KOR,MUS,0.0,0.0,0,0.0,1.0,0.0,,0.0,,1948,2021,9673.0,0.0
KOR__MWI,KOR,MWI,0.0,0.0,0,0.0,1.0,0.0,,0.0,,1948,2021,11230.0,12.0
KOR__MYS,KOR,MYS,0.0,0.0,0,0.0,0.0,0.0,,0.0,,1948,2021,4633.5,61.0
KOR__NAM,KOR,NAM,0.0,0.0,0,0.0,1.0,0.0,,0.0,,1948,2021,13217.0,0.0
KOR__NER,KOR,NER,0.0,0.0,0,0.0,0.0,0.0,,0.0,,1948,2021,11952.0,0.0
KOR__NGA,KOR,NGA,0.0,0.0,0,0.0,1.0,0.0,,0.0,,1948,2021,12359.5,113.0
KOR__NIC,KOR,NIC,0.0,0.0,0,0.0,0.0,0.0,,0.0,,1948,2021,13508.0,0.0
KOR__NLD,KOR,NLD,0.0,0.0,0,0.0,0.0,0.0,,0.0,,1948,2021,8606.0,56.0
KOR__NPL,KOR,NPL,0.0,0.0,0,0.0,0.0,0.0,,0.0,,1948,2021,4024.0,0.0
KOR__NRU,KOR,NRU,0.0,0.0,0,0.0,1.0,0.0,,0.0,,1948,2021,5882.0,0.0
KOR__NZL,KOR,NZL,0.0,0.0,0,0.0,1.0,0.0,,0.0,,1948,2021,9597.0,0.0
KOR__OMN,KOR,OMN,0.0,0.0,0,0.0,0.0,0.0,,0.0,,1948,2021,6596.0,0.0
KOR__PAK,KOR,PAK,0.0,0.0,0,0.0,1.0,0.0,,0.0,,1948,2021,5778.0,0.0
KOR__PAN,KOR,PAN,0.0,0.0,0,0.0,0.0,0.0,,0.0,,1948,2021,14164.0,0.0
KOR__PER,KOR,PER,0.0,0.0,0,0.0,0.0,0.0,,0.0,,1948,2021,16312.0,0.0
KOR__PHL,KOR,PHL,0.0,0.0,0,0.0,1.0,0.0,,0.0,,1948,2021,2613.0,0.0
KOR__PLW,KOR,PLW,0.0,0.0,0,1.0,1.0,0.0,,1.0,,1948,2021,3425.5,13.0
KOR__PNG,KOR,PNG,0.0,0.0,0,0.0,1.0,0.0,,0.0,,1948,2021,5614.0,0.0
KOR__PRK,KOR,PRK,1.0,0.0,0,1.0,1.0,1.0,,1.0,,1948,2021,195.0,0.0
KOR__PRT,KOR,PRT,0.0,0.0,0,0.0,0.0,0.0,,0.0,,1948,2021,10442.0,0.0
KOR__PRY,KOR,PRY,0.0,0.0,0,0.0,0.0,0.0,,0.0,,1948,2021,18577.0,0.0
KOR__QAT,KOR,QAT,0.0,0.0,0,0.0,0.0,0.0,,0.0,,1948,2021,7119.5,7.0
KOR__RWA,KOR,RWA,0.0,0.0,0,0.0,1.0,0.0,,0.0,,1948,2021,10755.0,0.0
KOR__SAU,KOR,SAU,0.0,0.0,0,0.0,0.0,0.0,,0.0,,1948,2021,7957.0,788.0
KOR__SDN,KOR,SDN,0.0,0.0,0,0.0,0.0,0.0,,0.0,,1948,2021,9355.0,0.0
KOR__SEN,KOR,SEN,0.0,0.0,0,0.0,0.0,0.0,,0.0,,1948,2021,13134.0,0.0
KOR__SGP,KOR,SGP,0.0,0.0,0,0.0,1.0,0.0,,0.0,,1948,2021,4664.0,0.0
KOR__SLB,KOR,SLB,0.0,0.0,0,0.0,0.0,0.0,,0.0,,1948,2021,6234.0,0.0
KOR__SLE,KOR,SLE,0.0,0.0,0,0.0,1.0,0.0,,0.0,,1948,2021,13450.0,0.0
KOR__SLV,KOR,SLV,0.0,0.0,0,0.0,0.0,0.0,,0.0,,1948,2021,13195.0,0.0
KOR__SOM,KOR,SOM,0.0,0.0,0,0.0,0.0,0.0,,0.0,,1948,2021,9136.0,0.0
KOR__SSD,KOR,SSD,0.0,0.0,0,0.0,0.0,0.0,,0.0,,1948,2021,10161.0,0.0
KOR__STP,KOR,STP,0.0,0.0,0,0.0,0.0,0.0,,0.0,,1948,2021,12610.0,0.0
KOR__SUR,KOR,SUR,0.0,0.0,0,0.0,0.0,0.0,,0.0,,1948,2021,15191.0,0.0
KOR__SWZ,KOR,SWZ,0.0,0.0,0,0.0,0.0,0.0,,0.0,,1948,2021,12229.0,0.0
KOR__SYC,KOR,SYC,0.0,0.0,0,0.0,1.0,0.0,,0.0,,1948,2021,8715.0,0.0
KOR__SYR,KOR,SYR,0.0,0.0,0,0.0,0.0,0.0,,0.0,,1948,2021,7777.0,226.0
KOR__TCD,KOR,TCD,0.0,0.0,0,0.0,0.0,0.0,,0.0,,1948,2021,11056.0,0.0
KOR__TGO,KOR,TGO,0.0,0.0,0,0.0,0.0,0.0,,0.0,,1948,2021,12611.0,0.0
KOR__THA,KOR,THA,0.0,0.0,0,0.0,0.0,0.0,,0.0,,1948,2021,3720.0,0.0
KOR__TJK,KOR,TJK,0.0,0.0,0,0.0,0.0,0.0,,0.0,,1948,2021,5021.0,0.0
KOR__TKM,KOR,TKM,0.0,0.0,0,0.0,0.0,0.0,,0.0,,1948,2021,5897.0,0.0
KOR__TLS,KOR,TLS,0.0,0.0,0,0.0,0.0,0.0,,0.0,,1948,2021,5108.0,0.0
KOR__TON,KOR,TON,0.0,0.0,0,0.0,0.0,0.0,,0.0,,1948,2021,8878.0,0.0
KOR__TTO,KOR,TTO,0.0,0.0,0,0.0,1.0,0.0,,0.0,,1948,2021,14592.0,0.0
KOR__TUN,KOR,TUN,0.0,0.0,0,0.0,0.0,0.0,,0.0,,1948,2021,9524.0,0.0
KOR__TUR,KOR,TUR,0.0,0.0,0,0.0,0.0,0.0,,0.0,,1948,2021,7974.0,0.0
KOR__TUV,KOR,TUV,0.0,0.0,0,0.0,0.0,0.0,,0.0,,1948,2021,7446.0,0.0
KOR__TWN,KOR,TWN,0.0,0.0,0,1.0,0.0,0.0,,1.0,,1948,2021,1484.0,6.0
KOR__TZA,KOR,TZA,0.0,0.0,0,0.0,0.0,0.0,,0.0,,1948,2021,10269.0,0.0
KOR__UGA,KOR,UGA,0.0,0.0,0,0.0,1.0,0.0,,0.0,,1948,2021,10379.0,0.0
KOR__URY,KOR,URY,0.0,0.0,0,0.0,0.0,0.0,,0.0,,1948,2021,19599.0,0.0
KOR__USA,KOR,USA,0.0,0.0,0,0.0,1.0,0.0,,0.0,,1948,2021,11077.0,0.0
KOR__UZB,KOR,UZB,0.0,0.0,0,0.0,0.0,0.0,,0.0,,1948,2021,4899.0,0.0
KOR__VCT,KOR,VCT,0.0,0.0,0,0.0,1.0,0.0,,0.0,,1948,2021,14325.0,0.0
KOR__VEN,KOR,VEN,0.0,0.0,0,0.0,0.0,0.0,,0.0,,1948,2021,14493.0,0.0
KOR__VNM,KOR,VNM,0.0,0.0,0,0.0,0.0,0.0,,0.0,,1948,2021,3599.0,0.0
KOR__VUT,KOR,VUT,0.0,0.0,0,0.0,1.0,0.0,,0.0,,1948,2021,7497.0,0.0
KOR__WSM,KOR,WSM,0.0,0.0,0,0.0,1.0,0.0,,0.0,,1948,2021,8555.0,0.0
KOR__YEM,KOR,YEM,0.0,0.0,0,0.0,0.0,0.0,,0.0,,1948,2021,8431.0,146.0
KOR__ZAF,KOR,ZAF,0.0,0.0,0,0.0,1.0,0.0,,0.0,,1948,2021,13095.5,1225.0
KOR__ZMB,KOR,ZMB,0.0,0.0,0,0.0,1.0,0.0,,0.0,,1948,2021,11719.0,160.0
KOR__ZWE,KOR,ZWE,0.0,0.0,0,0.0,1.0,0.0,,0.0,,1948,2021,11710.0,0.0
KWT__LAO,KWT,LAO,0.0,0.0,0,0.0,0.0,0.0,,0.0,,1948,2021,5663.0,0.0
KWT__LBN,KWT,LBN,0.0,0.0,0,0.0,1.0,1.0,,0.0,,1948,2021,1286.0,0.0
KWT__LBR,KWT,LBR,0.0,0.0,0,0.0,1.0,0.0,,0.0,,1948,2021,6654.0,0.0
KWT__LBY,KWT,LBY,0.0,0.0,0,0.0,1.0,1.0,,0.0,,1948,2021,3326.0,0.0
KWT__LCA,KWT,LCA,0.0,0.0,0,1.0,1.0,0.0,,1.0,,1948,2021,11022.0,0.0
KWT__LKA,KWT,LKA,0.0,0.0,0,1.0,0.0,0.0,,1.0,,1948,2021,4161.0,0.0
KWT__LSO,KWT,LSO,0.0,0.0,0,1.0,1.0,0.0,,1.0,,1948,2021,6850.0,0.0
KWT__MAR,KWT,MAR,0.0,0.0,0,0.0,1.0,1.0,,0.0,,1948,2021,5241.0,0.0
KWT__MDG,KWT,MDG,0.0,0.0,0,0.0,0.0,0.0,,0.0,,1948,2021,5343.0,0.0
KWT__MDV,KWT,MDV,0.0,0.0,0,1.0,0.0,0.0,,1.0,,1948,2021,3876.0,0.0
KWT__MEX,KWT,MEX,0.0,0.0,0,0.0,0.0,0.0,,0.0,,1948,2021,13562.0,0.0
KWT__MHL,KWT,MHL,0.0,0.0,0,0.0,1.0,0.0,,0.0,,1948,2021,12752.0,0.0
KWT__MLI,KWT,MLI,0.0,0.0,0,0.0,0.0,0.0,,0.0,,1948,2021,6047.0,0.0
KWT__MMR,KWT,MMR,0.0,0.0,0,1.0,0.0,0.0,,1.0,,1948,2021,5091.0,0.0
KWT__MNG,KWT,MNG,0.0,0.0,0,0.0,0.0,0.0,,0.0,,1948,2021,5377.0,0.0
KWT__MOZ,KWT,MOZ,0.0,0.0,0,0.0,0.0,0.0,,0.0,,1948,2021,6341.5,3.0
KWT__MRT,KWT,MRT,0.0,0.0,0,0.0,0.0,1.0,,0.0,,1948,2021,6563.0,0.0
KWT__MUS,KWT,MUS,0.0,0.0,0,1.0,1.0,0.0,,1.0,,1948,2021,5575.0,0.0
KWT__MWI,KWT,MWI,0.0,0.0,0,1.0,1.0,0.0,,1.0,,1948,2021,5109.5,155.0
KWT__MYS,KWT,MYS,0.0,0.0,0,1.0,0.0,0.0,,1.0,,1948,2021,6516.5,313.0
KWT__NAM,KWT,NAM,0.0,0.0,0,0.0,1.0,0.0,,0.0,,1948,2021,6631.0,0.0
KWT__NER,KWT,NER,0.0,0.0,0,0.0,0.0,1.0,,0.0,,1948,2021,5031.0,0.0
KWT__NGA,KWT,NGA,0.0,0.0,0,1.0,1.0,0.0,,1.0,,1948,2021,5262.5,103.0
KWT__NIC,KWT,NIC,0.0,0.0,0,0.0,0.0,0.0,,0.0,,1948,2021,13295.0,0.0
KWT__NLD,KWT,NLD,0.0,0.0,0,0.0,0.0,0.0,,0.0,,1948,2021,4348.5,11.0
KWT__NPL,KWT,NPL,0.0,0.0,0,0.0,0.0,0.0,,0.0,,1948,2021,3644.0,0.0
KWT__NRU,KWT,NRU,0.0,0.0,0,1.0,1.0,0.0,,1.0,,1948,2021,12824.0,0.0
KWT__NZL,KWT,NZL,0.0,0.0,0,1.0,1.0,0.0,,0.0,,1948,2021,15054.0,0.0
KWT__OMN,KWT,OMN,0.0,0.0,0,0.0,1.0,1.0,,0.0,,1948,2021,1235.0,0.0
KWT__PAK,KWT,PAK,0.0,0.0,0,1.0,1.0,0.0,,1.0,,1948,2021,1955.0,0.0
KWT__PAN,KWT,PAN,0.0,0.0,0,0.0,0.0,0.0,,0.0,,1948,2021,12977.0,0.0
KWT__PER,KWT,PER,0.0,0.0,0,0.0,0.0,0.0,,0.0,,1948,2021,14046.0,0.0
KWT__PHL,KWT,PHL,0.0,0.0,0,0.0,1.0,0.0,,0.0,,1948,2021,7602.0,0.0
KWT__PLW,KWT,PLW,0.0,0.0,0,1.0,1.0,0.0,,0.0,,1948,2021,9282.5,5.0
KWT__PNG,KWT,PNG,0.0,0.0,0,1.0,1.0,0.0,,0.0,,1948,2021,11412.0,0.0
KWT__PRK,KWT,PRK,0.0,0.0,0,0.0,0.0,0.0,,0.0,,1948,2021,7032.0,0.0
KWT__PRT,KWT,PRT,0.0,0.0,0,0.0,0.0,0.0,,0.0,,1948,2021,5289.0,0.0
KWT__PRY,KWT,PRY,0.0,0.0,0,0.0,0.0,0.0,,0.0,,1948,2021,12780.0,0.0
KWT__QAT,KWT,QAT,0.0,0.0,0,1.0,1.0,1.0,,1.0,,1948,2021,570.0,8.0
KWT__RWA,KWT,RWA,0.0,0.0,0,0.0,1.0,0.0,,0.0,,1948,2021,3957.0,0.0
KWT__SAU,KWT,SAU,1.0,0.0,0,0.0,1.0,1.0,,0.0,,1948,2021,869.0,670.0
KWT__SDN,KWT,SDN,0.0,0.0,0,1.0,1.0,1.0,,1.0,,1948,2021,2202.0,0.0
KWT__SEN,KWT,SEN,0.0,0.0,0,0.0,0.0,0.0,,0.0,,1948,2021,6863.0,0.0
KWT__SGP,KWT,SGP,0.0,0.0,0,1.0,1.0,0.0,,1.0,,1948,2021,6673.0,0.0
KWT__SLB,KWT,SLB,0.0,0.0,0,1.0,0.0,0.0,,1.0,,1948,2021,12651.0,0.0
KWT__SLE,KWT,SLE,0.0,0.0,0,1.0,1.0,0.0,,1.0,,1948,2021,6769.0,0.0
KWT__SLV,KWT,SLV,0.0,0.0,0,0.0,0.0,0.0,,0.0,,1948,2021,13396.0,0.0
KWT__SOM,KWT,SOM,0.0,0.0,0,1.0,0.0,1.0,,1.0,,1948,2021,3037.0,0.0
KWT__SSD,KWT,SSD,0.0,0.0,0,0.0,1.0,1.0,,1.0,,1948,2021,3217.0,0.0
KWT__STP,KWT,STP,0.0,0.0,0,0.0,0.0,0.0,,0.0,,1948,2021,5427.0,0.0
KWT__SUR,KWT,SUR,0.0,0.0,0,0.0,0.0,0.0,,0.0,,1948,2021,10959.0,0.0
KWT__SWZ,KWT,SWZ,0.0,0.0,0,1.0,0.0,0.0,,1.0,,1948,2021,6419.0,0.0
KWT__SYC,KWT,SYC,0.0,0.0,0,1.0,1.0,0.0,,1.0,,1948,2021,3845.0,0.0
KWT__SYR,KWT,SYR,0.0,0.0,0,0.0,1.0,1.0,,0.0,,1948,2021,1232.5,65.0
KWT__TCD,KWT,TCD,0.0,0.0,0,0.0,1.0,1.0,,0.0,,1948,2021,3905.0,0.0
KWT__TGO,KWT,TGO,0.0,0.0,0,0.0,0.0,0.0,,0.0,,1948,2021,5534.0,0.0
KWT__THA,KWT,THA,0.0,0.0,0,0.0,0.0,0.0,,0.0,,1948,2021,5662.0,0.0
KWT__TJK,KWT,TJK,0.0,0.0,0,0.0,0.0,0.0,,0.0,,1948,2021,2168.0,0.0
KWT__TKM,KWT,TKM,0.0,0.0,0,0.0,0.0,0.0,,0.0,,1948,2021,1354.0,0.0
KWT__TLS,KWT,TLS,0.0,0.0,0,0.0,0.0,0.0,,0.0,,1948,2021,9291.0,0.0
KWT__TON,KWT,TON,0.0,0.0,0,1.0,0.0,0.0,,1.0,,1948,2021,15610.0,0.0
KWT__TTO,KWT,TTO,0.0,0.0,0,1.0,1.0,0.0,,1.0,,1948,2021,11272.0,0.0
KWT__TUN,KWT,TUN,0.0,0.0,0,0.0,1.0,1.0,,0.0,,1948,2021,3601.0,0.0
KWT__TUR,KWT,TUR,0.0,0.0,0,0.0,0.0,0.0,,0.0,,1948,2021,2153.0,0.0
KWT__TUV,KWT,TUV,0.0,0.0,0,1.0,0.0,0.0,,1.0,,1948,2021,14447.0,0.0
KWT__TWN,KWT,TWN,0.0,0.0,0,0.0,0.0,0.0,,0.0,,1948,2021,7178.5,7.0
KWT__TZA,KWT,TZA,0.0,0.0,0,1.0,0.0,0.0,,1.0,,1948,2021,4112.0,0.0
KWT__UGA,KWT,UGA,0.0,0.0,0,1.0,1.0,0.0,,1.0,,1948,2021,3607.0,0.0
KWT__URY,KWT,URY,0.0,0.0,0,0.0,0.0,0.0,,0.0,,1948,2021,13012.0,0.0
KWT__USA,KWT,USA,0.0,0.0,0,1.0,1.0,0.0,,0.0,,1948,2021,10219.0,0.0
KWT__UZB,KWT,UZB,0.0,0.0,0,0.0,0.0,0.0,,0.0,,1948,2021,2329.0,0.0
KWT__VCT,KWT,VCT,0.0,0.0,0,1.0,1.0,0.0,,1.0,,1948,2021,11094.0,0.0
KWT__VEN,KWT,VEN,0.0,0.0,0,0.0,0.0,0.0,,0.0,,1948,2021,11770.0,0.0
KWT__VNM,KWT,VNM,0.0,0.0,0,0.0,0.0,0.0,,0.0,,1948,2021,6406.0,0.0
KWT__VUT,KWT,VUT,0.0,0.0,0,1.0,1.0,0.0,,1.0,,1948,2021,13867.0,0.0
KWT__WSM,KWT,WSM,0.0,0.0,0,0.0,1.0,0.0,,0.0,,1948,2021,15595.0,0.0
KWT__YEM,KWT,YEM,0.0,0.0,0,1.0,1.0,1.0,,1.0,,1948,2021,1647.0,94.0
KWT__ZAF,KWT,ZAF,0.0,0.0,0,1.0,1.0,0.0,,0.0,,1948,2021,7086.5,1159.0
KWT__ZMB,KWT,ZMB,0.0,0.0,0,1.0,1.0,0.0,,1.0,,1948,2021,5259.0,260.0
KWT__ZWE,KWT,ZWE,0.0,0.0,0,1.0,1.0,0.0,,1.0,,1948,2021,5530.0,0.0
LAO__LBN,LAO,LBN,0.0,0.0,0,1.0,0.0,0.0,,0.0,,1948,2021,6834.0,0.0
LAO__LBR,LAO,LBR,0.0,0.0,0,0.0,0.0,0.0,,0.0,,1948,2021,12243.0,0.0
LAO__LBY,LAO,LBY,0.0,0.0,0,0.0,0.0,0.0,,0.0,,1948,2021,8896.0,0.0
LAO__LCA,LAO,LCA,0.0,0.0,0,0.0,0.0,0.0,,0.0,,1948,2021,16042.0,0.0
LAO__LKA,LAO,LKA,0.0,0.0,0,0.0,0.0,0.0,,0.0,,1948,2021,2754.0,0.0
LAO__LSO,LAO,LSO,0.0,0.0,0,0.0,0.0,0.0,,0.0,,1948,2021,9607.0,0.0
LAO__MAR,LAO,MAR,0.0,0.0,0,1.0,0.0,0.0,,1.0,,1948,2021,10682.0,0.0
LAO__MDG,LAO,MDG,0.0,0.0,0,1.0,0.0,0.0,,1.0,,1948,2021,7273.0,0.0
LAO__MDV,LAO,MDV,0.0,0.0,0,0.0,0.0,0.0,,0.0,,1948,2021,3517.0,0.0
LAO__MEX,LAO,MEX,0.0,0.0,0,0.0,0.0,0.0,,0.0,,1948,2021,15241.0,0.0
LAO__MHL,LAO,MHL,0.0,0.0,0,0.0,0.0,0.0,,0.0,,1948,2021,7534.0,0.0
LAO__MLI,LAO,MLI,0.0,0.0,0,1.0,0.0,0.0,,1.0,,1948,2021,11692.0,0.0
LAO__MMR,LAO,MMR,1.0,0.0,0,0.0,0.0,0.0,,0.0,,1948,2021,697.0,0.0
LAO__MNG,LAO,MNG,0.0,0.0,0,0.0,0.0,0.0,,0.0,,1948,2021,3344.0,0.0
LAO__MOZ,LAO,MOZ,0.0,0.0,0,0.0,0.0,0.0,,0.0,,1948,2021,9002.0,12.0
LAO__MRT,LAO,MRT,0.0,0.0,0,1.0,0.0,0.0,,1.0,,1948,2021,12213.0,0.0
LAO__MUS,LAO,MUS,0.0,0.0,0,1.0,0.0,0.0,,0.0,,1948,2021,6484.0,0.0
LAO__MWI,LAO,MWI,0.0,0.0,0,0.0,0.0,0.0,,0.0,,1948,2021,8317.5,39.0
LAO__MYS,LAO,MYS,0.0,0.0,0,0.0,0.0,0.0,,0.0,,1948,2021,1746.5,207.0
LAO__NAM,LAO,NAM,0.0,0.0,0,0.0,0.0,0.0,,0.0,,1948,2021,10325.0,0.0
LAO__NER,LAO,NER,0.0,0.0,0,1.0,0.0,0.0,,1.0,,1948,2021,10636.0,0.0
LAO__NGA,LAO,NGA,0.0,0.0,0,0.0,0.0,0.0,,0.0,,1948,2021,10721.0,86.0
LAO__NIC,LAO,NIC,0.0,0.0,0,0.0,0.0,0.0,,0.0,,1948,2021,16538.0,0.0
LAO__NLD,LAO,NLD,0.0,0.0,0,0.0,0.0,0.0,,0.0,,1948,2021,8975.5,41.0
LAO__NPL,LAO,NPL,0.0,0.0,0,0.0,0.0,0.0,,0.0,,1948,2021,2072.0,0.0
LAO__NRU,LAO,NRU,0.0,0.0,0,0.0,0.0,0.0,,0.0,,1948,2021,7325.0,0.0
LAO__NZL,LAO,NZL,0.0,0.0,0,0.0,0.0,0.0,,0.0,,1948,2021,9692.0,0.0
LAO__OMN,LAO,OMN,0.0,0.0,0,0.0,0.0,0.0,,0.0,,1948,2021,4607.0,0.0
LAO__PAK,LAO,PAK,0.0,0.0,0,0.0,0.0,0.0,,0.0,,1948,2021,3750.0,0.0
LAO__PAN,LAO,PAN,0.0,0.0,0,0.0,0.0,0.0,,0.0,,1948,2021,17013.0,0.0
LAO__PER,LAO,PER,0.0,0.0,0,0.0,0.0,0.0,,0.0,,1948,2021,19347.0,0.0
LAO__PHL,LAO,PHL,0.0,0.0,0,0.0,0.0,0.0,,0.0,,1948,2021,1999.0,0.0
LAO__PLW,LAO,PLW,0.0,0.0,0,0.0,0.0,0.0,,0.0,,1948,2021,3654.0,8.0
LAO__PNG,LAO,PNG,0.0,0.0,0,0.0,0.0,0.0,,0.0,,1948,2021,5762.0,0.0
LAO__PRK,LAO,PRK,0.0,0.0,0,0.0,0.0,0.0,,0.0,,1948,2021,3235.0,0.0
LAO__PRT,LAO,PRT,0.0,0.0,0,0.0,0.0,0.0,,0.0,,1948,2021,10547.0,0.0
LAO__PRY,LAO,PRY,0.0,0.0,0,0.0,0.0,0.0,,0.0,,1948,2021,17831.0,0.0
LAO__QAT,LAO,QAT,0.0,0.0,0,0.0,0.0,0.0,,0.0,,1948,2021,5324.0,10.0
LAO__RWA,LAO,RWA,0.0,0.0,0,0.0,0.0,0.0,,0.0,,1948,2021,8241.0,0.0
LAO__SAU,LAO,SAU,0.0,0.0,0,0.0,0.0,0.0,,0.0,,1948,2021,6179.5,743.0
LAO__SDN,LAO,SDN,0.0,0.0,0,0.0,0.0,0.0,,0.0,,1948,2021,7430.0,0.0
LAO__SEN,LAO,SEN,0.0,0.0,0,1.0,0.0,0.0,,1.0,,1948,2021,12524.0,0.0
LAO__SGP,LAO,SGP,0.0,0.0,0,0.0,0.0,0.0,,0.0,,1948,2021,1850.0,0.0
LAO__SLB,LAO,SLB,0.0,0.0,0,0.0,0.0,0.0,,0.0,,1948,2021,6993.0,0.0
LAO__SLE,LAO,SLE,0.0,0.0,0,0.0,0.0,0.0,,0.0,,1948,2021,12399.0,0.0
LAO__SLV,LAO,SLV,0.0,0.0,0,0.0,0.0,0.0,,0.0,,1948,2021,16275.0,0.0
LAO__SOM,LAO,SOM,0.0,0.0,0,0.0,0.0,0.0,,0.0,,1948,2021,6490.0,0.0
LAO__SSD,LAO,SSD,0.0,0.0,0,0.0,0.0,0.0,,0.0,,1948,2021,7843.0,0.0
LAO__STP,LAO,STP,0.0,0.0,0,0.0,0.0,0.0,,0.0,,1948,2021,10628.0,0.0
LAO__SUR,LAO,SUR,0.0,0.0,0,0.0,0.0,0.0,,0.0,,1948,2021,16425.0,0.0
LAO__SWZ,LAO,SWZ,0.0,0.0,0,0.0,0.0,0.0,,0.0,,1948,2021,9145.0,0.0
LAO__SYC,LAO,SYC,0.0,0.0,0,1.0,0.0,0.0,,0.0,,1948,2021,5747.0,0.0
LAO__SYR,LAO,SYR,0.0,0.0,0,1.0,0.0,0.0,,1.0,,1948,2021,6716.0,88.0
LAO__TCD,LAO,TCD,0.0,0.0,0,1.0,0.0,0.0,,1.0,,1948,2021,9354.0,0.0
LAO__TGO,LAO,TGO,0.0,0.0,0,1.0,0.0,0.0,,1.0,,1948,2021,11004.0,0.0
LAO__THA,LAO,THA,1.0,0.0,0,0.0,1.0,0.0,,0.0,,1948,2021,520.0,0.0
LAO__TJK,LAO,TJK,0.0,0.0,0,0.0,0.0,0.0,,0.0,,1948,2021,3989.0,0.0
LAO__TKM,LAO,TKM,0.0,0.0,0,0.0,0.0,0.0,,0.0,,1948,2021,4823.0,0.0
LAO__TLS,LAO,TLS,0.0,0.0,0,0.0,0.0,0.0,,0.0,,1948,2021,3871.0,0.0
LAO__TON,LAO,TON,0.0,0.0,0,0.0,0.0,0.0,,0.0,,1948,2021,9949.0,0.0
LAO__TTO,LAO,TTO,0.0,0.0,0,0.0,0.0,0.0,,0.0,,1948,2021,16395.0,0.0
LAO__TUN,LAO,TUN,0.0,0.0,0,1.0,0.0,0.0,,1.0,,1948,2021,9046.0,0.0
LAO__TUR,LAO,TUR,0.0,0.0,0,0.0,0.0,0.0,,0.0,,1948,2021,7364.0,0.0
LAO__TUV,LAO,TUV,0.0,0.0,0,0.0,0.0,0.0,,0.0,,1948,2021,8908.0,0.0
LAO__TWN,LAO,TWN,0.0,0.0,0,0.0,0.0,0.0,,0.0,,1948,2021,2106.5,9.0
LAO__TZA,LAO,TZA,0.0,0.0,0,0.0,0.0,0.0,,0.0,,1948,2021,7476.0,0.0
LAO__UGA,LAO,UGA,0.0,0.0,0,0.0,0.0,0.0,,0.0,,1948,2021,7893.0,0.0
LAO__URY,LAO,URY,0.0,0.0,0,0.0,0.0,0.0,,0.0,,1948,2021,17205.0,0.0
LAO__USA,LAO,USA,0.0,0.0,0,1.0,0.0,0.0,,0.0,,1948,2021,13498.0,0.0
LAO__UZB,LAO,UZB,0.0,0.0,0,0.0,0.0,0.0,,0.0,,1948,2021,4094.0,0.0
LAO__VCT,LAO,VCT,0.0,0.0,0,0.0,0.0,0.0,,0.0,,1948,2021,16137.0,0.0
LAO__VEN,LAO,VEN,0.0,0.0,0,0.0,0.0,0.0,,0.0,,1948,2021,16655.0,0.0
LAO__VNM,LAO,VNM,1.0,0.0,0,1.0,0.0,0.0,,1.0,,1948,2021,911.0,0.0
LAO__VUT,LAO,VUT,0.0,0.0,0,1.0,0.0,0.0,,1.0,,1948,2021,8207.0,0.0
LAO__WSM,LAO,WSM,0.0,0.0,0,0.0,0.0,0.0,,0.0,,1948,2021,10033.0,0.0
LAO__YEM,LAO,YEM,0.0,0.0,0,0.0,0.0,0.0,,0.0,,1948,2021,6283.0,144.0
LAO__ZAF,LAO,ZAF,0.0,0.0,0,0.0,0.0,0.0,,0.0,,1948,2021,10006.0,1168.0
LAO__ZMB,LAO,ZMB,0.0,0.0,0,0.0,0.0,0.0,,0.0,,1948,2021,8898.5,97.0
LAO__ZWE,LAO,ZWE,0.0,0.0,0,0.0,0.0,0.0,,0.0,,1948,2021,8774.0,0.0
LBN__LBR,LBN,LBR,0.0,0.0,0,0.0,1.0,0.0,,0.0,,1948,2021,5653.0,0.0
LBN__LBY,LBN,LBY,0.0,0.0,0,1.0,1.0,1.0,,0.0,,1948,2021,2074.0,0.0
LBN__LCA,LBN,LCA,0.0,0.0,0,0.0,1.0,0.0,,0.0,,1948,2021,9739.0,0.0
LBN__LKA,LBN,LKA,0.0,0.0,0,0.0,0.0,0.0,,0.0,,1948,2021,5445.0,0.0
LBN__LSO,LBN,LSO,0.0,0.0,0,0.0,1.0,0.0,,0.0,,1948,2021,7047.0,0.0
LBN__MAR,LBN,MAR,0.0,0.0,0,1.0,1.0,1.0,,0.0,,1948,2021,3964.0,0.0
LBN__MDG,LBN,MDG,0.0,0.0,0,1.0,1.0,1.0,,0.0,,1948,2021,5983.0,0.0
LBN__MDV,LBN,MDV,0.0,0.0,0,0.0,0.0,0.0,,0.0,,1948,2021,5128.0,0.0
LBN__MEX,LBN,MEX,0.0,0.0,0,0.0,0.0,0.0,,0.0,,1948,2021,12402.0,0.0
LBN__MHL,LBN,MHL,0.0,0.0,0,0.0,1.0,0.0,,0.0,,1948,2021,13525.0,0.0
LBN__MLI,LBN,MLI,0.0,0.0,0,1.0,0.0,1.0,,0.0,,1948,2021,4982.0,0.0
LBN__MMR,LBN,MMR,0.0,0.0,0,0.0,0.0,0.0,,0.0,,1948,2021,6302.0,0.0
LBN__MNG,LBN,MNG,0.0,0.0,0,0.0,0.0,0.0,,0.0,,1948,2021,5990.0,0.0
LBN__MOZ,LBN,MOZ,0.0,0.0,0,0.0,0.0,0.0,,0.0,,1948,2021,6633.0,0.0
LBN__MRT,LBN,MRT,0.0,0.0,0,1.0,0.0,1.0,,0.0,,1948,2021,5381.0,0.0
LBN__MUS,LBN,MUS,0.0,0.0,0,1.0,1.0,1.0,,0.0,,1948,2021,6423.0,0.0
LBN__MWI,LBN,MWI,0.0,0.0,0,0.0,1.0,0.0,,0.0,,1948,2021,5399.5,199.0
LBN__MYS,LBN,MYS,0.0,0.0,0,0.0,0.0,0.0,,0.0,,1948,2021,7787.5,315.0
LBN__NAM,LBN,NAM,0.0,0.0,0,0.0,1.0,0.0,,0.0,,1948,2021,6546.0,0.0
LBN__NER,LBN,NER,0.0,0.0,0,1.0,1.0,1.0,,0.0,,1948,2021,4054.0,0.0
LBN__NGA,LBN,NGA,0.0,0.0,0,0.0,1.0,0.0,,0.0,,1948,2021,4431.5,113.0
LBN__NIC,LBN,NIC,0.0,0.0,0,0.0,0.0,0.0,,0.0,,1948,2021,12028.0,0.0
LBN__NLD,LBN,NLD,0.0,0.0,0,0.0,0.0,0.0,,0.0,,1948,2021,3186.0,2.0
LBN__NPL,LBN,NPL,0.0,0.0,0,0.0,0.0,0.0,,0.0,,1948,2021,4773.0,0.0
LBN__NRU,LBN,NRU,0.0,0.0,0,0.0,1.0,0.0,,0.0,,1948,2021,13762.0,0.0
LBN__NZL,LBN,NZL,0.0,0.0,0,0.0,1.0,0.0,,0.0,,1948,2021,16339.0,0.0
LBN__OMN,LBN,OMN,0.0,0.0,0,0.0,1.0,1.0,,0.0,,1948,2021,2520.0,0.0
LBN__PAK,LBN,PAK,0.0,0.0,0,0.0,1.0,0.0,,0.0,,1948,2021,3210.0,0.0
LBN__PAN,LBN,PAN,0.0,0.0,0,0.0,0.0,0.0,,0.0,,1948,2021,11692.0,0.0
LBN__PER,LBN,PER,0.0,0.0,0,0.0,0.0,0.0,,0.0,,1948,2021,12824.0,0.0
LBN__PHL,LBN,PHL,0.0,0.0,0,0.0,1.0,0.0,,0.0,,1948,2021,8712.0,0.0
LBN__PLW,LBN,PLW,0.0,0.0,0,0.0,1.0,0.0,,0.0,,1948,2021,10386.5,3.0
LBN__PNG,LBN,PNG,0.0,0.0,0,0.0,1.0,0.0,,0.0,,1948,2021,12595.0,0.0
LBN__PRK,LBN,PRK,0.0,0.0,0,0.0,0.0,0.0,,0.0,,1948,2021,7759.0,0.0
LBN__PRT,LBN,PRT,0.0,0.0,0,0.0,0.0,0.0,,0.0,,1948,2021,4004.0,0.0
LBN__PRY,LBN,PRY,0.0,0.0,0,0.0,0.0,0.0,,0.0,,1948,2021,11804.0,0.0
LBN__QAT,LBN,QAT,0.0,0.0,0,0.0,1.0,1.0,,0.0,,1948,2021,1816.5,9.0
LBN__RWA,LBN,RWA,0.0,0.0,0,0.0,1.0,1.0,,0.0,,1948,2021,4008.0,0.0
LBN__SAU,LBN,SAU,0.0,0.0,0,0.0,1.0,1.0,,0.0,,1948,2021,1469.5,45.0
LBN__SDN,LBN,SDN,0.0,0.0,0,0.0,1.0,1.0,,0.0,,1948,2021,2054.0,0.0
LBN__SEN,LBN,SEN,0.0,0.0,0,1.0,1.0,1.0,,0.0,,1948,2021,5708.0,0.0
LBN__SGP,LBN,SGP,0.0,0.0,0,0.0,1.0,0.0,,0.0,,1948,2021,7945.0,0.0
LBN__SLB,LBN,SLB,0.0,0.0,0,0.0,0.0,0.0,,0.0,,1948,2021,13762.0,0.0
LBN__SLE,LBN,SLE,0.0,0.0,0,0.0,1.0,0.0,,0.0,,1948,2021,5716.0,0.0
LBN__SLV,LBN,SLV,0.0,0.0,0,0.0,0.0,0.0,,0.0,,1948,2021,12144.0,0.0
LBN__SOM,LBN,SOM,0.0,0.0,0,0.0,0.0,1.0,,0.0,,1948,2021,3673.0,0.0
LBN__SSD,LBN,SSD,0.0,0.0,0,0.0,1.0,1.0,,0.0,,1948,2021,3241.0,0.0
LBN__STP,LBN,STP,0.0,0.0,0,0.0,0.0,0.0,,0.0,,1948,2021,4775.0,0.0
LBN__SUR,LBN,SUR,0.0,0.0,0,0.0,0.0,0.0,,0.0,,1948,2021,9713.0,0.0
LBN__SWZ,LBN,SWZ,0.0,0.0,0,0.0,0.0,0.0,,0.0,,1948,2021,6680.0,0.0
LBN__SYC,LBN,SYC,0.0,0.0,0,1.0,1.0,1.0,,0.0,,1948,2021,4752.0,0.0
LBN__SYR,LBN,SYR,1.0,0.0,0,1.0,1.0,1.0,,0.0,,1948,2021,193.5,211.0
LBN__TCD,LBN,TCD,0.0,0.0,0,1.0,1.0,1.0,,0.0,,1948,2021,3182.0,0.0
LBN__TGO,LBN,TGO,0.0,0.0,0,1.0,1.0,1.0,,0.0,,1948,2021,4680.0,0.0
LBN__THA,LBN,THA,0.0,0.0,0,0.0,0.0,0.0,,0.0,,1948,2021,6879.0,0.0
LBN__TJK,LBN,TJK,0.0,0.0,0,0.0,0.0,0.0,,0.0,,1948,2021,3021.0,0.0
LBN__TKM,LBN,TKM,0.0,0.0,0,0.0,0.0,0.0,,0.0,,1948,2021,2109.0,0.0
LBN__TLS,LBN,TLS,0.0,0.0,0,0.0,0.0,0.0,,0.0,,1948,2021,10546.0,0.0
LBN__TON,LBN,TON,0.0,0.0,0,0.0,0.0,0.0,,0.0,,1948,2021,16697.0,0.0
LBN__TTO,LBN,TTO,0.0,0.0,0,0.0,1.0,0.0,,0.0,,1948,2021,9995.0,0.0
LBN__TUN,LBN,TUN,0.0,0.0,0,1.0,1.0,1.0,,0.0,,1948,2021,2317.0,0.0
LBN__TUR,LBN,TUR,0.0,0.0,1,0.0,0.0,0.0,1.0,0.0,1920.0,1948,2021,978.0,0.0
LBN__TUV,LBN,TUV,0.0,0.0,0,0.0,0.0,0.0,,0.0,,1948,2021,15365.0,0.0
LBN__TWN,LBN,TWN,0.0,0.0,0,0.0,0.0,0.0,,0.0,,1948,2021,8160.0,6.0
LBN__TZA,LBN,TZA,0.0,0.0,0,0.0,0.0,0.0,,0.0,,1948,2021,4525.0,0.0
LBN__UGA,LBN,UGA,0.0,0.0,0,0.0,1.0,0.0,,0.0,,1948,2021,3730.0,0.0
LBN__URY,LBN,URY,0.0,0.0,0,0.0,0.0,0.0,,0.0,,1948,2021,12195.0,0.0
LBN__USA,LBN,USA,0.0,0.0,0,1.0,1.0,0.0,,0.0,,1948,2021,9043.0,0.0
LBN__UZB,LBN,UZB,0.0,0.0,0,0.0,0.0,0.0,,0.0,,1948,2021,3068.0,0.0
LBN__VCT,LBN,VCT,0.0,0.0,0,0.0,1.0,0.0,,0.0,,1948,2021,9813.0,0.0
LBN__VEN,LBN,VEN,0.0,0.0,0,0.0,0.0,0.0,,0.0,,1948,2021,10487.0,0.0
LBN__VNM,LBN,VNM,0.0,0.0,0,1.0,0.0,0.0,,0.0,,1948,2021,7620.0,0.0
LBN__VUT,LBN,VUT,0.0,0.0,0,1.0,1.0,1.0,,0.0,,1948,2021,15020.0,0.0
LBN__WSM,LBN,WSM,0.0,0.0,0,0.0,1.0,0.0,,0.0,,1948,2021,16486.0,0.0
LBN__YEM,LBN,YEM,0.0,0.0,0,1.0,1.0,1.0,,0.0,,1948,2021,2240.0,12.0
LBN__ZAF,LBN,ZAF,0.0,0.0,0,0.0,1.0,0.0,,0.0,,1948,2021,7207.5,1019.0
LBN__ZMB,LBN,ZMB,0.0,0.0,0,0.0,1.0,0.0,,0.0,,1948,2021,5369.0,284.0
LBN__ZWE,LBN,ZWE,0.0,0.0,0,0.0,1.0,0.0,,0.0,,1948,2021,5744.0,0.0
LBR__LBY,LBR,LBY,0.0,0.0,0,0.0,0.0,0.0,,0.0,,1948,2021,3850.0,0.0
LBR__LCA,LBR,LCA,0.0,0.0,0,0.0,1.0,1.0,,0.0,,1948,2021,5556.0,0.0
LBR__LKA,LBR,LKA,0.0,0.0,0,0.0,0.0,0.0,,0.0,,1948,2021,10005.0,0.0
LBR__LSO,LBR,LSO,0.0,0.0,0,0.0,1.0,1.0,,0.0,,1948,2021,5684.0,0.0
LBR__MAR,LBR,MAR,0.0,0.0,0,0.0,0.0,0.0,,0.0,,1948,2021,3040.0,0.0
LBR__MDG,LBR,MDG,0.0,0.0,0,0.0,0.0,0.0,,0.0,,1948,2021,6977.0,0.0
LBR__MDV,LBR,MDV,0.0,0.0,0,0.0,0.0,0.0,,0.0,,1948,2021,9339.0,0.0
LBR__MEX,LBR,MEX,0.0,0.0,0,0.0,0.0,0.0,,0.0,,1948,2021,9613.0,0.0
LBR__MHL,LBR,MHL,0.0,0.0,0,0.0,1.0,1.0,,0.0,,1948,2021,18504.0,0.0
LBR__MLI,LBR,MLI,0.0,0.0,0,0.0,0.0,0.0,,0.0,,1948,2021,766.0,0.0
LBR__MMR,LBR,MMR,0.0,0.0,0,0.0,0.0,0.0,,0.0,,1948,2021,11603.0,0.0
LBR__MNG,LBR,MNG,0.0,0.0,0,0.0,0.0,0.0,,0.0,,1948,2021,11484.0,0.0
LBR__MOZ,LBR,MOZ,0.0,0.0,0,0.0,0.0,0.0,,0.0,,1948,2021,5885.0,12.0
LBR__MRT,LBR,MRT,0.0,0.0,0,0.0,0.0,0.0,,0.0,,1948,2021,1420.0,0.0
LBR__MUS,LBR,MUS,0.0,0.0,0,0.0,1.0,1.0,,0.0,,1948,2021,8021.0,0.0
LBR__MWI,LBR,MWI,0.0,0.0,0,0.0,1.0,1.0,,0.0,,1948,2021,5509.5,197.0
LBR__MYS,LBR,MYS,0.0,0.0,0,0.0,0.0,0.0,,0.0,,1948,2021,12593.5,267.0
LBR__NAM,LBR,NAM,0.0,0.0,0,0.0,1.0,1.0,,0.0,,1948,2021,4406.0,0.0
LBR__NER,LBR,NER,0.0,0.0,0,0.0,0.0,0.0,,0.0,,1948,2021,1624.0,0.0
LBR__NGA,LBR,NGA,0.0,0.0,0,0.0,1.0,1.0,,0.0,,1948,2021,1599.0,58.0
LBR__NIC,LBR,NIC,0.0,0.0,0,0.0,0.0,0.0,,0.0,,1948,2021,8294.0,0.0
LBR__NLD,LBR,NLD,0.0,0.0,0,0.0,0.0,0.0,,0.0,,1948,2021,5278.5,57.0
LBR__NPL,LBR,NPL,0.0,0.0,0,0.0,0.0,0.0,,0.0,,1948,2021,10291.0,0.0
LBR__NRU,LBR,NRU,0.0,0.0,0,0.0,1.0,1.0,,0.0,,1948,2021,19321.0,0.0
LBR__NZL,LBR,NZL,0.0,0.0,0,0.0,1.0,1.0,,0.0,,1948,2021,16573.0,0.0
LBR__OMN,LBR,OMN,0.0,0.0,0,0.0,0.0,0.0,,0.0,,1948,2021,7638.0,0.0
LBR__PAK,LBR,PAK,0.0,0.0,0,0.0,1.0,1.0,,0.0,,1948,2021,8501.0,0.0
LBR__PAN,LBR,PAN,0.0,0.0,0,0.0,0.0,0.0,,0.0,,1948,2021,7578.0,0.0
LBR__PER,LBR,PER,0.0,0.0,0,0.0,0.0,0.0,,0.0,,1948,2021,7606.0,0.0
LBR__PHL,LBR,PHL,0.0,0.0,0,0.0,1.0,1.0,,0.0,,1948,2021,14229.0,0.0
LBR__PLW,LBR,PLW,0.0,0.0,0,0.0,1.0,1.0,,0.0,,1948,2021,15896.0,8.0
LBR__PNG,LBR,PNG,0.0,0.0,0,0.0,1.0,1.0,,0.0,,1948,2021,17583.0,0.0
LBR__PRK,LBR,PRK,0.0,0.0,0,0.0,0.0,0.0,,0.0,,1948,2021,13294.0,0.0
LBR__PRT,LBR,PRT,0.0,0.0,0,0.0,0.0,0.0,,0.0,,1948,2021,3594.0,0.0
LBR__PRY,LBR,PRY,0.0,0.0,0,0.0,0.0,0.0,,0.0,,1948,2021,6156.0,0.0
LBR__QAT,LBR,QAT,0.0,0.0,0,0.0,0.0,0.0,,0.0,,1948,2021,6932.0,10.0
LBR__RWA,LBR,RWA,0.0,0.0,0,0.0,1.0,1.0,,0.0,,1948,2021,4631.0,0.0
LBR__SAU,LBR,SAU,0.0,0.0,0,0.0,0.0,0.0,,0.0,,1948,2021,6069.0,754.0
LBR__SDN,LBR,SDN,0.0,0.0,0,0.0,0.0,0.0,,0.0,,1948,2021,4836.0,0.0
LBR__SEN,LBR,SEN,0.0,0.0,0,0.0,0.0,0.0,,0.0,,1948,2021,1179.0,0.0
LBR__SGP,LBR,SGP,0.0,0.0,0,0.0,1.0,1.0,,0.0,,1948,2021,12727.0,0.0
LBR__SLB,LBR,SLB,0.0,0.0,0,0.0,0.0,1.0,,0.0,,1948,2021,18956.0,0.0
LBR__SLE,LBR,SLE,1.0,0.0,0,0.0,1.0,1.0,,0.0,,1948,2021,361.0,0.0
LBR__SLV,LBR,SLV,0.0,0.0,0,0.0,0.0,0.0,,0.0,,1948,2021,8602.0,0.0
LBR__SOM,LBR,SOM,0.0,0.0,0,0.0,0.0,1.0,,0.0,,1948,2021,6248.0,0.0
LBR__SSD,LBR,SSD,0.0,0.0,0,0.0,0.0,0.0,,0.0,,1948,2021,4697.0,0.0
LBR__STP,LBR,STP,0.0,0.0,0,0.0,0.0,0.0,,0.0,,1948,2021,2055.0,0.0
LBR__SUR,LBR,SUR,0.0,0.0,0,0.0,0.0,0.0,,0.0,,1948,2021,4910.0,0.0
LBR__SWZ,LBR,SWZ,0.0,0.0,0,0.0,0.0,1.0,,0.0,,1948,2021,5787.0,0.0
LBR__SYC,LBR,SYC,0.0,0.0,0,0.0,1.0,1.0,,0.0,,1948,2021,7461.0,0.0
LBR__SYR,LBR,SYR,0.0,0.0,0,0.0,0.0,0.0,,0.0,,1948,2021,5799.5,183.0
LBR__TCD,LBR,TCD,0.0,0.0,0,0.0,0.0,0.0,,0.0,,1948,2021,2910.0,0.0
LBR__TGO,LBR,TGO,0.0,0.0,0,0.0,0.0,0.0,,0.0,,1948,2021,1329.0,0.0
LBR__THA,LBR,THA,0.0,0.0,0,0.0,0.0,0.0,,0.0,,1948,2021,12131.0,0.0
LBR__TJK,LBR,TJK,0.0,0.0,0,0.0,0.0,0.0,,0.0,,1948,2021,8672.0,0.0
LBR__TKM,LBR,TKM,0.0,0.0,0,0.0,0.0,0.0,,0.0,,1948,2021,7760.0,0.0
LBR__TLS,LBR,TLS,0.0,0.0,0,0.0,0.0,0.0,,0.0,,1948,2021,15216.0,0.0
LBR__TON,LBR,TON,0.0,0.0,0,0.0,0.0,1.0,,0.0,,1948,2021,17670.0,0.0
LBR__TTO,LBR,TTO,0.0,0.0,0,0.0,1.0,1.0,,0.0,,1948,2021,5600.0,0.0
LBR__TUN,LBR,TUN,0.0,0.0,0,0.0,0.0,0.0,,0.0,,1948,2021,3996.0,0.0
LBR__TUR,LBR,TUR,0.0,0.0,0,0.0,0.0,0.0,,0.0,,1948,2021,5505.0,0.0
LBR__TUV,LBR,TUV,0.0,0.0,0,0.0,0.0,0.0,,0.0,,1948,2021,18905.0,0.0
LBR__TWN,LBR,TWN,0.0,0.0,0,0.0,0.0,0.0,,0.0,,1948,2021,13807.0,6.0
LBR__TZA,LBR,TZA,0.0,0.0,0,0.0,0.0,1.0,,0.0,,1948,2021,5747.0,0.0
LBR__UGA,LBR,UGA,0.0,0.0,0,0.0,1.0,1.0,,0.0,,1948,2021,4864.0,0.0
LBR__URY,LBR,URY,0.0,0.0,0,0.0,0.0,0.0,,0.0,,1948,2021,6585.0,0.0
LBR__USA,LBR,USA,0.0,0.0,0,0.0,1.0,1.0,,0.0,,1948,2021,7309.0,0.0
LBR__UZB,LBR,UZB,0.0,0.0,0,0.0,0.0,0.0,,0.0,,1948,2021,8717.0,0.0
LBR__VCT,LBR,VCT,0.0,0.0,0,0.0,1.0,1.0,,0.0,,1948,2021,5576.0,0.0
LBR__VEN,LBR,VEN,0.0,0.0,0,0.0,0.0,0.0,,0.0,,1948,2021,6187.0,0.0
LBR__VNM,LBR,VNM,0.0,0.0,0,0.0,0.0,0.0,,0.0,,1948,2021,12853.0,0.0
LBR__VUT,LBR,VUT,0.0,0.0,0,0.0,1.0,1.0,,0.0,,1948,2021,18736.0,0.0
LBR__WSM,LBR,WSM,0.0,0.0,0,0.0,1.0,1.0,,0.0,,1948,2021,17787.0,0.0
LBR__YEM,LBR,YEM,0.0,0.0,0,0.0,0.0,0.0,,0.0,,1948,2021,6013.0,138.0
LBR__ZAF,LBR,ZAF,0.0,0.0,0,0.0,1.0,1.0,,0.0,,1948,2021,5468.5,111.0
LBR__ZMB,LBR,ZMB,0.0,0.0,0,0.0,1.0,1.0,,0.0,,1948,2021,4868.5,129.0
LBR__ZWE,LBR,ZWE,0.0,0.0,0,0.0,1.0,1.0,,0.0,,1948,2021,5317.0,0.0
LBY__LCA,LBY,LCA,0.0,0.0,0,0.0,0.0,0.0,,0.0,,1948,2021,7715.0,0.0
LBY__LKA,LBY,LKA,0.0,0.0,0,0.0,0.0,0.0,,0.0,,1948,2021,7420.0,0.0
LBY__LSO,LBY,LSO,0.0,0.0,0,0.0,0.0,0.0,,0.0,,1948,2021,7047.0,0.0
LBY__MAR,LBY,MAR,0.0,0.0,0,0.0,1.0,1.0,,0.0,,1948,2021,1938.0,0.0
LBY__MDG,LBY,MDG,0.0,0.0,0,0.0,0.0,0.0,,0.0,,1948,2021,6797.0,0.0
LBY__MDV,LBY,MDV,0.0,0.0,0,0.0,0.0,0.0,,0.0,,1948,2021,7005.0,0.0
LBY__MEX,LBY,MEX,0.0,0.0,0,0.0,0.0,0.0,,0.0,,1948,2021,10793.0,0.0
LBY__MHL,LBY,MHL,0.0,0.0,0,0.0,0.0,0.0,,0.0,,1948,2021,15021.0,0.0
LBY__MLI,LBY,MLI,0.0,0.0,0,0.0,0.0,0.0,,0.0,,1948,2021,3109.0,0.0
LBY__MMR,LBY,MMR,0.0,0.0,0,0.0,0.0,0.0,,0.0,,1948,2021,8375.0,0.0
LBY__MNG,LBY,MNG,0.0,0.0,0,0.0,0.0,0.0,,0.0,,1948,2021,7634.0,0.0
LBY__MOZ,LBY,MOZ,0.0,0.0,0,0.0,0.0,0.0,,0.0,,1948,2021,6826.5,5.0
LBY__MRT,LBY,MRT,0.0,0.0,0,0.0,0.0,1.0,,0.0,,1948,2021,3342.0,0.0
LBY__MUS,LBY,MUS,0.0,0.0,0,0.0,0.0,0.0,,0.0,,1948,2021,7526.0,0.0
LBY__MWI,LBY,MWI,0.0,0.0,0,0.0,0.0,0.0,,0.0,,1948,2021,5746.0,236.0
LBY__MYS,LBY,MYS,0.0,0.0,0,0.0,0.0,0.0,,0.0,,1948,2021,9842.0,314.0
LBY__NAM,LBY,NAM,0.0,0.0,0,0.0,0.0,0.0,,0.0,,1948,2021,6149.0,0.0
LBY__NER,LBY,NER,1.0,0.0,0,0.0,0.0,1.0,,0.0,,1948,2021,2422.0,0.0
LBY__NGA,LBY,NGA,0.0,0.0,0,0.0,0.0,0.0,,0.0,,1948,2021,3038.5,115.0
LBY__NIC,LBY,NIC,0.0,0.0,0,0.0,0.0,0.0,,0.0,,1948,2021,10152.0,0.0
LBY__NLD,LBY,NLD,0.0,0.0,0,0.0,0.0,0.0,,0.0,,1948,2021,2248.5,37.0
LBY__NPL,LBY,NPL,0.0,0.0,0,0.0,0.0,0.0,,0.0,,1948,2021,6828.0,0.0
LBY__NRU,LBY,NRU,0.0,0.0,0,0.0,0.0,0.0,,0.0,,1948,2021,15499.0,0.0
LBY__NZL,LBY,NZL,0.0,0.0,0,0.0,0.0,0.0,,0.0,,1948,2021,18287.0,0.0
LBY__OMN,LBY,OMN,0.0,0.0,0,0.0,1.0,1.0,,0.0,,1948,2021,4537.0,0.0
LBY__PAK,LBY,PAK,0.0,0.0,0,0.0,0.0,0.0,,0.0,,1948,2021,5275.0,0.0
LBY__PAN,LBY,PAN,0.0,0.0,0,0.0,0.0,0.0,,0.0,,1948,2021,9727.0,0.0
LBY__PER,LBY,PER,0.0,0.0,0,0.0,0.0,0.0,,0.0,,1948,2021,10751.0,0.0
LBY__PHL,LBY,PHL,0.0,0.0,0,0.0,0.0,0.0,,0.0,,1948,2021,10734.0,0.0
LBY__PLW,LBY,PLW,0.0,0.0,0,0.0,0.0,0.0,,0.0,,1948,2021,12390.5,1.0
LBY__PNG,LBY,PNG,0.0,0.0,0,0.0,0.0,0.0,,0.0,,1948,2021,14647.0,0.0
LBY__PRK,LBY,PRK,0.0,0.0,0,0.0,0.0,0.0,,0.0,,1948,2021,9444.0,0.0
LBY__PRT,LBY,PRT,0.0,0.0,0,0.0,0.0,0.0,,0.0,,1948,2021,2113.0,0.0
LBY__PRY,LBY,PRY,0.0,0.0,0,0.0,0.0,0.0,,0.0,,1948,2021,9884.0,0.0
LBY__QAT,LBY,QAT,0.0,0.0,0,0.0,1.0,1.0,,0.0,,1948,2021,3800.0,10.0
LBY__RWA,LBY,RWA,0.0,0.0,0,0.0,0.0,0.0,,0.0,,1948,2021,4243.0,0.0
LBY__SAU,LBY,SAU,0.0,0.0,0,0.0,1.0,1.0,,0.0,,1948,2021,3149.0,464.0
LBY__SDN,LBY,SDN,1.0,0.0,0,0.0,1.0,1.0,,0.0,,1948,2021,2737.0,0.0
LBY__SEN,LBY,SEN,0.0,0.0,0,0.0,0.0,0.0,,0.0,,1948,2021,3692.0,0.0
LBY__SGP,LBY,SGP,0.0,0.0,0,0.0,0.0,0.0,,0.0,,1948,2021,9999.0,0.0
LBY__SLB,LBY,SLB,0.0,0.0,0,0.0,0.0,0.0,,0.0,,1948,2021,15736.0,0.0
LBY__SLE,LBY,SLE,0.0,0.0,0,0.0,0.0,0.0,,0.0,,1948,2021,3832.0,0.0
LBY__SLV,LBY,SLV,0.0,0.0,0,0.0,0.0,0.0,,0.0,,1948,2021,10317.0,0.0
LBY__SOM,LBY,SOM,0.0,0.0,0,1.0,0.0,1.0,,0.0,,1948,2021,4787.0,0.0
LBY__SSD,LBY,SSD,0.0,0.0,0,0.0,1.0,1.0,,0.0,,1948,2021,3644.0,0.0
LBY__STP,LBY,STP,0.0,0.0,0,0.0,0.0,0.0,,0.0,,1948,2021,3665.0,0.0
LBY__SUR,LBY,SUR,0.0,0.0,0,0.0,0.0,0.0,,0.0,,1948,2021,7641.0,0.0
LBY__SWZ,LBY,SWZ,0.0,0.0,0,0.0,0.0,0.0,,0.0,,1948,2021,6821.0,0.0
LBY__SYC,LBY,SYC,0.0,0.0,0,0.0,0.0,0.0,,0.0,,1948,2021,6089.0,0.0
LBY__SYR,LBY,SYR,0.0,0.0,0,1.0,1.0,1.0,,0.0,,1948,2021,2189.0,72.0
LBY__TCD,LBY,TCD,1.0,0.0,0,0.0,1.0,1.0,,0.0,,1948,2021,2308.0,0.0
LBY__TGO,LBY,TGO,0.0,0.0,0,0.0,0.0,0.0,,0.0,,1948,2021,3210.0,0.0
LBY__THA,LBY,THA,0.0,0.0,0,0.0,0.0,0.0,,0.0,,1948,2021,8953.0,0.0
LBY__TJK,LBY,TJK,0.0,0.0,0,0.0,0.0,0.0,,0.0,,1948,2021,4994.0,0.0
LBY__TKM,LBY,TKM,0.0,0.0,0,0.0,0.0,0.0,,0.0,,1948,2021,4103.0,0.0
LBY__TLS,LBY,TLS,0.0,0.0,0,0.0,0.0,0.0,,0.0,,1948,2021,12615.0,0.0
LBY__TON,LBY,TON,0.0,0.0,0,0.0,0.0,0.0,,0.0,,1948,2021,18469.0,0.0
LBY__TTO,LBY,TTO,0.0,0.0,0,0.0,0.0,0.0,,0.0,,1948,2021,7953.0,0.0
LBY__TUN,LBY,TUN,1.0,0.0,0,1.0,1.0,1.0,,0.0,,1948,2021,517.0,0.0
LBY__TUR,LBY,TUR,0.0,0.0,1,0.0,0.0,0.0,,0.0,1911.0,1948,2021,1665.0,0.0
LBY__TUV,LBY,TUV,0.0,0.0,0,0.0,0.0,0.0,,0.0,,1948,2021,16953.0,0.0
LBY__TWN,LBY,TWN,0.0,0.0,0,0.0,0.0,0.0,,0.0,,1948,2021,10086.0,4.0
LBY__TZA,LBY,TZA,0.0,0.0,0,0.0,0.0,0.0,,0.0,,1948,2021,5189.0,0.0
LBY__UGA,LBY,UGA,0.0,0.0,0,0.0,0.0,0.0,,0.0,,1948,2021,4138.0,0.0
LBY__URY,LBY,URY,0.0,0.0,0,0.0,0.0,0.0,,0.0,,1948,2021,10418.0,0.0
LBY__USA,LBY,USA,0.0,0.0,0,0.0,0.0,0.0,,0.0,,1948,2021,7504.0,0.0
LBY__UZB,LBY,UZB,0.0,0.0,0,0.0,0.0,0.0,,0.0,,1948,2021,4982.0,0.0
LBY__VCT,LBY,VCT,0.0,0.0,0,0.0,0.0,0.0,,0.0,,1948,2021,7784.0,0.0
LBY__VEN,LBY,VEN,0.0,0.0,0,0.0,0.0,0.0,,0.0,,1948,2021,8464.0,0.0
LBY__VNM,LBY,VNM,0.0,0.0,0,0.0,0.0,0.0,,0.0,,1948,2021,9693.0,0.0
LBY__VUT,LBY,VUT,0.0,0.0,0,0.0,0.0,0.0,,0.0,,1948,2021,17022.0,0.0
LBY__WSM,LBY,WSM,0.0,0.0,0,0.0,0.0,0.0,,0.0,,1948,2021,17837.0,0.0
LBY__YEM,LBY,YEM,0.0,0.0,0,1.0,1.0,1.0,,0.0,,1948,2021,3646.0,68.0
LBY__ZAF,LBY,ZAF,0.0,0.0,0,0.0,0.0,0.0,,0.0,,1948,2021,7070.0,690.0
LBY__ZMB,LBY,ZMB,0.0,0.0,0,0.0,0.0,0.0,,0.0,,1948,2021,5441.0,278.0
LBY__ZWE,LBY,ZWE,0.0,0.0,0,0.0,0.0,0.0,,0.0,,1948,2021,5925.0,0.0
LCA__LKA,LCA,LKA,0.0,0.0,0,1.0,0.0,0.0,,1.0,,1948,2021,15123.0,0.0
LCA__LSO,LCA,LSO,0.0,0.0,0,1.0,1.0,1.0,,1.0,,1948,2021,10620.0,0.0
LCA__MAR,LCA,MAR,0.0,0.0,0,0.0,0.0,0.0,,0.0,,1948,2021,5784.0,0.0
LCA__MDG,LCA,MDG,0.0,0.0,0,0.0,0.0,0.0,,0.0,,1948,2021,12431.0,0.0
LCA__MDV,LCA,MDV,0.0,0.0,0,1.0,0.0,0.0,,1.0,,1948,2021,14621.0,0.0
LCA__MEX,LCA,MEX,0.0,0.0,0,0.0,0.0,0.0,,0.0,,1948,2021,4104.0,0.0
LCA__MHL,LCA,MHL,0.0,0.0,0,0.0,1.0,1.0,,0.0,,1948,2021,13795.0,0.0
LCA__MLI,LCA,MLI,0.0,0.0,0,0.0,0.0,0.0,,0.0,,1948,2021,5731.0,0.0
LCA__MMR,LCA,MMR,0.0,0.0,0,1.0,0.0,0.0,,1.0,,1948,2021,15782.0,0.0
LCA__MNG,LCA,MNG,0.0,0.0,0,0.0,0.0,0.0,,0.0,,1948,2021,13042.0,0.0
LCA__MOZ,LCA,MOZ,0.0,0.0,0,0.0,0.0,0.0,,0.0,,1948,2021,11030.5,13.0
LCA__MRT,LCA,MRT,0.0,0.0,0,0.0,0.0,0.0,,0.0,,1948,2021,4827.0,0.0
LCA__MUS,LCA,MUS,0.0,0.0,0,1.0,1.0,1.0,,1.0,,1948,2021,13485.0,0.0
LCA__MWI,LCA,MWI,0.0,0.0,0,1.0,1.0,1.0,,1.0,,1948,2021,10974.5,171.0
LCA__MYS,LCA,MYS,0.0,0.0,0,1.0,0.0,0.0,,1.0,,1948,2021,17484.5,315.0
LCA__NAM,LCA,NAM,0.0,0.0,0,0.0,1.0,1.0,,0.0,,1948,2021,9419.0,0.0
LCA__NER,LCA,NER,0.0,0.0,0,0.0,0.0,0.0,,0.0,,1948,2021,6802.0,0.0
LCA__NGA,LCA,NGA,0.0,0.0,0,1.0,1.0,1.0,,1.0,,1948,2021,7101.0,32.0
LCA__NIC,LCA,NIC,0.0,0.0,0,0.0,0.0,0.0,,0.0,,1948,2021,2746.0,0.0
LCA__NLD,LCA,NLD,0.0,0.0,0,0.0,0.0,0.0,,0.0,,1948,2021,7134.5,37.0
LCA__NPL,LCA,NPL,0.0,0.0,0,0.0,0.0,0.0,,0.0,,1948,2021,14142.0,0.0
LCA__NRU,LCA,NRU,0.0,0.0,0,1.0,1.0,1.0,,1.0,,1948,2021,14553.0,0.0
LCA__NZL,LCA,NZL,0.0,0.0,0,1.0,1.0,1.0,,0.0,,1948,2021,13970.0,0.0
LCA__OMN,LCA,OMN,0.0,0.0,0,0.0,0.0,0.0,,0.0,,1948,2021,12247.0,0.0
LCA__PAK,LCA,PAK,0.0,0.0,0,1.0,1.0,1.0,,1.0,,1948,2021,12932.0,0.0
LCA__PAN,LCA,PAN,0.0,0.0,0,0.0,0.0,0.0,,0.0,,1948,2021,2095.0,0.0
LCA__PER,LCA,PER,0.0,0.0,0,0.0,0.0,0.0,,0.0,,1948,2021,3381.0,0.0
LCA__PHL,LCA,PHL,0.0,0.0,0,0.0,1.0,1.0,,0.0,,1948,2021,16832.0,0.0
LCA__PLW,LCA,PLW,0.0,0.0,0,1.0,1.0,1.0,,0.0,,1948,2021,17088.5,23.0
LCA__PNG,LCA,PNG,0.0,0.0,0,1.0,1.0,1.0,,0.0,,1948,2021,16925.0,0.0
LCA__PRK,LCA,PRK,0.0,0.0,0,0.0,0.0,0.0,,0.0,,1948,2021,14091.0,0.0
LCA__PRT,LCA,PRT,0.0,0.0,0,0.0,0.0,0.0,,0.0,,1948,2021,5758.0,0.0
LCA__PRY,LCA,PRY,0.0,0.0,0,0.0,0.0,0.0,,0.0,,1948,2021,4364.0,0.0
LCA__QAT,LCA,QAT,0.0,0.0,0,1.0,0.0,0.0,,1.0,,1948,2021,11514.0,10.0
LCA__RWA,LCA,RWA,0.0,0.0,0,0.0,1.0,1.0,,0.0,,1948,2021,10183.0,0.0
LCA__SAU,LCA,SAU,0.0,0.0,0,0.0,0.0,0.0,,0.0,,1948,2021,10814.5,553.0
LCA__SDN,LCA,SDN,0.0,0.0,0,1.0,0.0,0.0,,1.0,,1948,2021,9973.0,0.0
LCA__SEN,LCA,SEN,0.0,0.0,0,0.0,0.0,0.0,,0.0,,1948,2021,4691.0,0.0
LCA__SGP,LCA,SGP,0.0,0.0,0,1.0,1.0,1.0,,1.0,,1948,2021,17642.0,0.0
LCA__SLB,LCA,SLB,0.0,0.0,0,1.0,0.0,1.0,,1.0,,1948,2021,15549.0,0.0
LCA__SLE,LCA,SLE,0.0,0.0,0,1.0,1.0,1.0,,1.0,,1948,2021,5243.0,0.0
LCA__SLV,LCA,SLV,0.0,0.0,0,0.0,0.0,0.0,,0.0,,1948,2021,3047.0,0.0
LCA__SOM,LCA,SOM,0.0,0.0,0,1.0,0.0,1.0,,1.0,,1948,2021,11723.0,0.0
LCA__SSD,LCA,SSD,0.0,0.0,0,0.0,0.0,0.0,,1.0,,1948,2021,10165.0,0.0
LCA__STP,LCA,STP,0.0,0.0,0,0.0,0.0,0.0,,0.0,,1948,2021,7605.0,0.0
LCA__SUR,LCA,SUR,0.0,0.0,0,0.0,0.0,0.0,,0.0,,1948,2021,1104.0,0.0
LCA__SWZ,LCA,SWZ,0.0,0.0,0,1.0,0.0,1.0,,1.0,,1948,2021,10902.0,0.0
LCA__SYC,LCA,SYC,0.0,0.0,0,1.0,1.0,1.0,,1.0,,1948,2021,12995.0,0.0
LCA__SYR,LCA,SYR,0.0,0.0,0,0.0,0.0,0.0,,0.0,,1948,2021,9820.5,7.0
LCA__TCD,LCA,TCD,0.0,0.0,0,0.0,0.0,0.0,,0.0,,1948,2021,8212.0,0.0
LCA__TGO,LCA,TGO,0.0,0.0,0,0.0,0.0,0.0,,0.0,,1948,2021,6856.0,0.0
LCA__THA,LCA,THA,0.0,0.0,0,0.0,0.0,0.0,,0.0,,1948,2021,16332.0,0.0
LCA__TJK,LCA,TJK,0.0,0.0,0,0.0,0.0,0.0,,0.0,,1948,2021,12198.0,0.0
LCA__TKM,LCA,TKM,0.0,0.0,0,0.0,0.0,0.0,,0.0,,1948,2021,11479.0,0.0
LCA__TLS,LCA,TLS,0.0,0.0,0,0.0,0.0,0.0,,0.0,,1948,2021,19087.0,0.0
LCA__TON,LCA,TON,0.0,0.0,0,1.0,0.0,1.0,,1.0,,1948,2021,13050.0,0.0
LCA__TTO,LCA,TTO,0.0,0.0,0,1.0,1.0,1.0,,1.0,,1948,2021,374.0,0.0
LCA__TUN,LCA,TUN,0.0,0.0,0,0.0,0.0,0.0,,0.0,,1948,2021,7422.0,0.0
LCA__TUR,LCA,TUR,0.0,0.0,0,0.0,0.0,0.0,,0.0,,1948,2021,8998.0,0.0
LCA__TUV,LCA,TUV,0.0,0.0,0,1.0,0.0,0.0,,1.0,,1948,2021,13451.0,0.0
LCA__TWN,LCA,TWN,0.0,0.0,0,0.0,0.0,0.0,,0.0,,1948,2021,15677.0,4.0
LCA__TZA,LCA,TZA,0.0,0.0,0,1.0,0.0,1.0,,1.0,,1948,2021,11303.0,0.0
LCA__UGA,LCA,UGA,0.0,0.0,0,1.0,1.0,1.0,,1.0,,1948,2021,10395.0,0.0
LCA__URY,LCA,URY,0.0,0.0,0,0.0,0.0,0.0,,0.0,,1948,2021,5429.0,0.0
LCA__USA,LCA,USA,0.0,0.0,0,1.0,1.0,1.0,,0.0,,1948,2021,3219.0,0.0
LCA__UZB,LCA,UZB,0.0,0.0,0,0.0,0.0,0.0,,0.0,,1948,2021,12040.0,0.0
LCA__VCT,LCA,VCT,0.0,0.0,0,1.0,1.0,1.0,,1.0,,1948,2021,97.0,0.0
LCA__VEN,LCA,VEN,0.0,0.0,0,0.0,0.0,0.0,,0.0,,1948,2021,749.0,0.0
LCA__VNM,LCA,VNM,0.0,0.0,0,0.0,0.0,0.0,,0.0,,1948,2021,16952.0,0.0
LCA__VUT,LCA,VUT,0.0,0.0,0,1.0,1.0,1.0,,1.0,,1948,2021,14751.0,0.0
LCA__WSM,LCA,WSM,0.0,0.0,0,0.0,1.0,1.0,,0.0,,1948,2021,12584.0,0.0
LCA__YEM,LCA,YEM,0.0,0.0,0,1.0,0.0,0.0,,1.0,,1948,2021,11128.0,110.0
LCA__ZAF,LCA,ZAF,0.0,0.0,0,1.0,1.0,1.0,,0.0,,1948,2021,10259.5,675.0
LCA__ZMB,LCA,ZMB,0.0,0.0,0,1.0,1.0,1.0,,1.0,,1948,2021,10309.0,76.0
LCA__ZWE,LCA,ZWE,0.0,0.0,0,1.0,1.0,1.0,,1.0,,1948,2021,10696.0,0.0
LKA__LSO,LKA,LSO,0.0,0.0,0,1.0,0.0,0.0,,1.0,,1948,2021,6889.0,0.0
LKA__MAR,LKA,MAR,0.0,0.0,0,0.0,0.0,0.0,,0.0,,1948,2021,9357.0,0.0
LKA__MDG,LKA,MDG,0.0,0.0,0,0.0,0.0,0.0,,0.0,,1948,2021,4554.0,0.0
LKA__MDV,LKA,MDV,0.0,0.0,0,1.0,0.0,0.0,,1.0,,1948,2021,766.0,0.0
LKA__MEX,LKA,MEX,0.0,0.0,0,0.0,0.0,0.0,,0.0,,1948,2021,17086.0,0.0
LKA__MHL,LKA,MHL,0.0,0.0,0,0.0,0.0,0.0,,0.0,,1948,2021,10092.0,0.0
LKA__MLI,LKA,MLI,0.0,0.0,0,0.0,0.0,0.0,,0.0,,1948,2021,9619.0,0.0
LKA__MMR,LKA,MMR,0.0,0.0,0,1.0,0.0,0.0,,1.0,,1948,2021,2083.0,0.0
LKA__MNG,LKA,MNG,0.0,0.0,0,0.0,0.0,0.0,,0.0,,1948,2021,5213.0,0.0
LKA__MOZ,LKA,MOZ,0.0,0.0,0,0.0,0.0,0.0,,0.0,,1948,2021,6275.5,11.0
LKA__MRT,LKA,MRT,0.0,0.0,0,0.0,0.0,0.0,,0.0,,1948,2021,10392.0,0.0
LKA__MUS,LKA,MUS,0.0,0.0,0,1.0,0.0,0.0,,1.0,,1948,2021,3869.0,0.0
LKA__MWI,LKA,MWI,0.0,0.0,0,1.0,0.0,0.0,,1.0,,1948,2021,5566.5,45.0
LKA__MYS,LKA,MYS,0.0,0.0,0,1.0,0.0,0.0,,1.0,,1948,2021,2596.5,279.0
LKA__NAM,LKA,NAM,0.0,0.0,0,0.0,0.0,0.0,,0.0,,1948,2021,7571.0,0.0
LKA__NER,LKA,NER,0.0,0.0,0,0.0,0.0,0.0,,0.0,,1948,2021,8518.0,0.0
LKA__NGA,LKA,NGA,0.0,0.0,0,1.0,0.0,0.0,,1.0,,1948,2021,8410.5,65.0
LKA__NIC,LKA,NIC,0.0,0.0,0,0.0,0.0,0.0,,0.0,,1948,2021,17405.0,0.0
LKA__NLD,LKA,NLD,0.0,0.0,0,0.0,0.0,0.0,,0.0,,1948,2021,8391.0,22.0
LKA__NPL,LKA,NPL,0.0,0.0,0,0.0,0.0,0.0,,0.0,,1948,2021,2370.0,0.0
LKA__NRU,LKA,NRU,0.0,0.0,0,1.0,0.0,0.0,,1.0,,1948,2021,9701.0,0.0
LKA__NZL,LKA,NZL,0.0,0.0,0,1.0,0.0,0.0,,0.0,,1948,2021,10908.0,0.0
LKA__OMN,LKA,OMN,0.0,0.0,0,0.0,0.0,0.0,,0.0,,1948,2021,2928.0,0.0
LKA__PAK,LKA,PAK,0.0,0.0,0,1.0,0.0,0.0,,1.0,,1948,2021,2409.0,0.0
LKA__PAN,LKA,PAN,0.0,0.0,0,0.0,0.0,0.0,,0.0,,1948,2021,17136.0,0.0
LKA__PER,LKA,PER,0.0,0.0,0,0.0,0.0,0.0,,0.0,,1948,2021,17435.0,0.0
LKA__PHL,LKA,PHL,0.0,0.0,0,0.0,0.0,0.0,,0.0,,1948,2021,4571.0,0.0
LKA__PLW,LKA,PLW,0.0,0.0,0,1.0,0.0,0.0,,0.0,,1948,2021,6038.5,15.0
LKA__PNG,LKA,PNG,0.0,0.0,0,1.0,0.0,0.0,,0.0,,1948,2021,7684.0,0.0
LKA__PRK,LKA,PRK,0.0,0.0,0,0.0,0.0,0.0,,0.0,,1948,2021,5805.0,0.0
LKA__PRT,LKA,PRT,0.0,0.0,0,0.0,0.0,0.0,,0.0,,1948,2021,9447.0,0.0
LKA__PRY,LKA,PRY,0.0,0.0,0,0.0,0.0,0.0,,0.0,,1948,2021,15078.0,0.0
LKA__QAT,LKA,QAT,0.0,0.0,0,1.0,0.0,0.0,,1.0,,1948,2021,3636.5,9.0
LKA__RWA,LKA,RWA,0.0,0.0,0,0.0,0.0,0.0,,0.0,,1948,2021,5618.0,0.0
LKA__SAU,LKA,SAU,0.0,0.0,0,0.0,0.0,0.0,,0.0,,1948,2021,4315.0,552.0
LKA__SDN,LKA,SDN,0.0,0.0,0,1.0,0.0,0.0,,1.0,,1948,2021,5243.0,0.0
LKA__SEN,LKA,SEN,0.0,0.0,0,0.0,0.0,0.0,,0.0,,1948,2021,10602.0,0.0
LKA__SGP,LKA,SGP,0.0,0.0,0,1.0,0.0,0.0,,1.0,,1948,2021,2736.0,0.0
LKA__SLB,LKA,SLB,0.0,0.0,0,1.0,0.0,0.0,,1.0,,1948,2021,9066.0,0.0
LKA__SLE,LKA,SLE,0.0,0.0,0,1.0,0.0,0.0,,1.0,,1948,2021,10242.0,0.0
LKA__SLV,LKA,SLV,0.0,0.0,0,0.0,0.0,0.0,,0.0,,1948,2021,17429.0,0.0
LKA__SOM,LKA,SOM,0.0,0.0,0,1.0,0.0,0.0,,1.0,,1948,2021,3866.0,0.0
LKA__SSD,LKA,SSD,0.0,0.0,0,0.0,0.0,0.0,,1.0,,1948,2021,5348.0,0.0
LKA__STP,LKA,STP,0.0,0.0,0,0.0,0.0,0.0,,0.0,,1948,2021,8149.0,0.0
LKA__SUR,LKA,SUR,0.0,0.0,0,0.0,0.0,0.0,,0.0,,1948,2021,14841.0,0.0
LKA__SWZ,LKA,SWZ,0.0,0.0,0,1.0,0.0,0.0,,1.0,,1948,2021,6416.0,0.0
LKA__SYC,LKA,SYC,0.0,0.0,0,1.0,0.0,0.0,,1.0,,1948,2021,2997.0,0.0
LKA__SYR,LKA,SYR,0.0,0.0,0,0.0,0.0,0.0,,0.0,,1948,2021,5385.5,55.0
LKA__TCD,LKA,TCD,0.0,0.0,0,0.0,0.0,0.0,,0.0,,1948,2021,7124.0,0.0
LKA__TGO,LKA,TGO,0.0,0.0,0,0.0,0.0,0.0,,0.0,,1948,2021,8687.0,0.0
LKA__THA,LKA,THA,0.0,0.0,0,0.0,0.0,0.0,,0.0,,1948,2021,2384.0,0.0
LKA__TJK,LKA,TJK,0.0,0.0,0,0.0,0.0,0.0,,0.0,,1948,2021,3674.0,0.0
LKA__TKM,LKA,TKM,0.0,0.0,0,0.0,0.0,0.0,,0.0,,1948,2021,4061.0,0.0
LKA__TLS,LKA,TLS,0.0,0.0,0,0.0,0.0,0.0,,0.0,,1948,2021,5355.0,0.0
LKA__TON,LKA,TON,0.0,0.0,0,1.0,0.0,0.0,,1.0,,1948,2021,11840.0,0.0
LKA__TTO,LKA,TTO,0.0,0.0,0,1.0,0.0,0.0,,1.0,,1948,2021,15328.0,0.0
LKA__TUN,LKA,TUN,0.0,0.0,0,0.0,0.0,0.0,,0.0,,1948,2021,7746.0,0.0
LKA__TUR,LKA,TUR,0.0,0.0,0,0.0,0.0,0.0,,0.0,,1948,2021,6283.0,0.0
LKA__TUV,LKA,TUV,0.0,0.0,0,1.0,0.0,0.0,,1.0,,1948,2021,11155.0,0.0
LKA__TWN,LKA,TWN,0.0,0.0,0,0.0,0.0,0.0,,0.0,,1948,2021,4859.5,9.0
LKA__TZA,LKA,TZA,0.0,0.0,0,1.0,0.0,0.0,,1.0,,1948,2021,4756.0,0.0
LKA__UGA,LKA,UGA,0.0,0.0,0,1.0,0.0,0.0,,1.0,,1948,2021,5298.0,0.0
LKA__URY,LKA,URY,0.0,0.0,0,0.0,0.0,0.0,,0.0,,1948,2021,14569.0,0.0
LKA__USA,LKA,USA,0.0,0.0,0,1.0,0.0,0.0,,0.0,,1948,2021,14094.0,0.0
LKA__UZB,LKA,UZB,0.0,0.0,0,0.0,0.0,0.0,,0.0,,1948,2021,3947.0,0.0
LKA__VCT,LKA,VCT,0.0,0.0,0,1.0,0.0,0.0,,1.0,,1948,2021,15186.0,0.0
LKA__VEN,LKA,VEN,0.0,0.0,0,0.0,0.0,0.0,,0.0,,1948,2021,15869.0,0.0
LKA__VNM,LKA,VNM,0.0,0.0,0,0.0,0.0,0.0,,0.0,,1948,2021,2979.0,0.0
LKA__VUT,LKA,VUT,0.0,0.0,0,1.0,0.0,0.0,,1.0,,1948,2021,10089.0,0.0
LKA__WSM,LKA,WSM,0.0,0.0,0,0.0,0.0,0.0,,0.0,,1948,2021,12181.0,0.0
LKA__YEM,LKA,YEM,0.0,0.0,0,1.0,0.0,0.0,,1.0,,1948,2021,4059.0,124.0
LKA__ZAF,LKA,ZAF,0.0,0.0,0,1.0,0.0,0.0,,0.0,,1948,2021,7284.5,1197.0
LKA__ZMB,LKA,ZMB,0.0,0.0,0,1.0,0.0,0.0,,1.0,,1948,2021,6158.0,84.0
LKA__ZWE,LKA,ZWE,0.0,0.0,0,1.0,0.0,0.0,,1.0,,1948,2021,6021.0,0.0
LSO__MAR,LSO,MAR,0.0,0.0,0,0.0,0.0,0.0,,0.0,,1948,2021,7884.0,0.0
LSO__MDG,LSO,MDG,0.0,0.0,0,0.0,0.0,0.0,,0.0,,1948,2021,2336.0,0.0
LSO__MDV,LSO,MDV,0.0,0.0,0,1.0,0.0,0.0,,1.0,,1948,2021,6152.0,0.0
LSO__MEX,LSO,MEX,0.0,0.0,0,0.0,0.0,0.0,,0.0,,1948,2021,14551.0,0.0
LSO__MHL,LSO,MHL,0.0,0.0,0,0.0,1.0,1.0,,0.0,,1948,2021,15514.0,0.0
LSO__MLI,LSO,MLI,0.0,0.0,0,0.0,0.0,0.0,,0.0,,1948,2021,6008.0,0.0
LSO__MMR,LSO,MMR,0.0,0.0,0,1.0,0.0,0.0,,1.0,,1948,2021,8964.0,0.0
LSO__MNG,LSO,MNG,0.0,0.0,0,0.0,0.0,0.0,,0.0,,1948,2021,11639.0,0.0
LSO__MOZ,LSO,MOZ,0.0,0.0,0,0.0,0.0,0.0,,0.0,,1948,2021,621.0,10.0
LSO__MRT,LSO,MRT,0.0,0.0,0,0.0,0.0,0.0,,0.0,,1948,2021,7021.0,0.0
LSO__MUS,LSO,MUS,0.0,0.0,0,1.0,1.0,1.0,,1.0,,1948,2021,3190.0,0.0
LSO__MWI,LSO,MWI,0.0,0.0,0,1.0,1.0,1.0,,1.0,,1948,2021,1752.5,135.0
LSO__MYS,LSO,MYS,0.0,0.0,0,1.0,0.0,0.0,,1.0,,1948,2021,8713.0,104.0
LSO__NAM,LSO,NAM,0.0,0.0,0,0.0,1.0,1.0,,0.0,,1948,2021,1282.0,0.0
LSO__NER,LSO,NER,0.0,0.0,0,0.0,0.0,0.0,,0.0,,1948,2021,5468.0,0.0
LSO__NGA,LSO,NGA,0.0,0.0,0,1.0,1.0,1.0,,1.0,,1948,2021,4754.0,60.0
LSO__NIC,LSO,NIC,0.0,0.0,0,0.0,0.0,0.0,,0.0,,1948,2021,12959.0,0.0
LSO__NLD,LSO,NLD,0.0,0.0,0,0.0,0.0,0.0,,0.0,,1948,2021,9294.5,37.0
LSO__NPL,LSO,NPL,0.0,0.0,0,0.0,0.0,0.0,,0.0,,1948,2021,8817.0,0.0
LSO__NRU,LSO,NRU,0.0,0.0,0,1.0,1.0,1.0,,1.0,,1948,2021,14594.0,0.0
LSO__NZL,LSO,NZL,0.0,0.0,0,1.0,1.0,1.0,,0.0,,1948,2021,11925.0,0.0
LSO__OMN,LSO,OMN,0.0,0.0,0,0.0,0.0,0.0,,0.0,,1948,2021,6738.0,0.0
LSO__PAK,LSO,PAK,0.0,0.0,0,1.0,1.0,1.0,,1.0,,1948,2021,7343.0,0.0
LSO__PAN,LSO,PAN,0.0,0.0,0,0.0,0.0,0.0,,0.0,,1948,2021,12146.0,0.0
LSO__PER,LSO,PER,0.0,0.0,0,0.0,0.0,0.0,,0.0,,1948,2021,10734.0,0.0
LSO__PHL,LSO,PHL,0.0,0.0,0,0.0,1.0,1.0,,0.0,,1948,2021,11129.0,0.0
LSO__PLW,LSO,PLW,0.0,0.0,0,1.0,1.0,1.0,,0.0,,1948,2021,12070.0,22.0
LSO__PNG,LSO,PNG,0.0,0.0,0,1.0,1.0,1.0,,0.0,,1948,2021,12272.0,0.0
LSO__PRK,LSO,PRK,0.0,0.0,0,0.0,0.0,0.0,,0.0,,1948,2021,12662.0,0.0
LSO__PRT,LSO,PRT,0.0,0.0,0,0.0,0.0,0.0,,0.0,,1948,2021,8438.0,0.0
LSO__PRY,LSO,PRY,0.0,0.0,0,0.0,0.0,0.0,,0.0,,1948,2021,8239.0,0.0
LSO__QAT,LSO,QAT,0.0,0.0,0,1.0,0.0,0.0,,1.0,,1948,2021,6563.5,3.0
LSO__RWA,LSO,RWA,0.0,0.0,0,0.0,1.0,1.0,,0.0,,1948,2021,3041.0,0.0
LSO__SAU,LSO,SAU,0.0,0.0,0,0.0,0.0,0.0,,0.0,,1948,2021,6043.5,553.0
LSO__SDN,LSO,SDN,0.0,0.0,0,1.0,0.0,0.0,,1.0,,1948,2021,4994.0,0.0
LSO__SEN,LSO,SEN,0.0,0.0,0,0.0,0.0,0.0,,0.0,,1948,2021,6856.0,0.0
LSO__SGP,LSO,SGP,0.0,0.0,0,1.0,1.0,1.0,,1.0,,1948,2021,8765.0,0.0
LSO__SLB,LSO,SLB,0.0,0.0,0,1.0,0.0,1.0,,1.0,,1948,2021,13362.0,0.0
LSO__SLE,LSO,SLE,0.0,0.0,0,1.0,1.0,1.0,,1.0,,1948,2021,6044.0,0.0
LSO__SLV,LSO,SLV,0.0,0.0,0,0.0,0.0,0.0,,0.0,,1948,2021,13321.0,0.0
LSO__SOM,LSO,SOM,0.0,0.0,0,1.0,0.0,1.0,,1.0,,1948,2021,3958.0,0.0
LSO__SSD,LSO,SSD,0.0,0.0,0,0.0,0.0,0.0,,1.0,,1948,2021,3806.0,0.0
LSO__STP,LSO,STP,0.0,0.0,0,0.0,0.0,0.0,,0.0,,1948,2021,3954.0,0.0
LSO__SUR,LSO,SUR,0.0,0.0,0,0.0,0.0,0.0,,0.0,,1948,2021,9622.0,0.0
LSO__SWZ,LSO,SWZ,0.0,0.0,0,1.0,0.0,1.0,,1.0,,1948,2021,490.0,0.0
LSO__SYC,LSO,SYC,0.0,0.0,0,1.0,1.0,1.0,,1.0,,1948,2021,4019.0,0.0
LSO__SYR,LSO,SYR,0.0,0.0,0,0.0,0.0,0.0,,0.0,,1948,2021,7169.5,309.0
LSO__TCD,LSO,TCD,0.0,0.0,0,0.0,0.0,0.0,,0.0,,1948,2021,4774.0,0.0
LSO__TGO,LSO,TGO,0.0,0.0,0,0.0,0.0,0.0,,0.0,,1948,2021,4827.0,0.0
LSO__THA,LSO,THA,0.0,0.0,0,0.0,0.0,0.0,,0.0,,1948,2021,9168.0,0.0
LSO__TJK,LSO,TJK,0.0,0.0,0,0.0,0.0,0.0,,0.0,,1948,2021,8651.0,0.0
LSO__TKM,LSO,TKM,0.0,0.0,0,0.0,0.0,0.0,,0.0,,1948,2021,8112.0,0.0
LSO__TLS,LSO,TLS,0.0,0.0,0,0.0,0.0,0.0,,0.0,,1948,2021,10328.0,0.0
LSO__TON,LSO,TON,0.0,0.0,0,1.0,0.0,1.0,,1.0,,1948,2021,13918.0,0.0
LSO__TTO,LSO,TTO,0.0,0.0,0,1.0,1.0,1.0,,1.0,,1948,2021,10492.0,0.0
LSO__TUN,LSO,TUN,0.0,0.0,0,0.0,0.0,0.0,,0.0,,1948,2021,7541.0,0.0
LSO__TUR,LSO,TUR,0.0,0.0,0,0.0,0.0,0.0,,0.0,,1948,2021,7788.0,0.0
LSO__TUV,LSO,TUV,0.0,0.0,0,1.0,0.0,0.0,,1.0,,1948,2021,14845.0,0.0
LSO__TWN,LSO,TWN,0.0,0.0,0,0.0,0.0,0.0,,0.0,,1948,2021,11696.5,9.0
LSO__TZA,LSO,TZA,0.0,0.0,0,1.0,0.0,1.0,,1.0,,1948,2021,2780.0,0.0
LSO__UGA,LSO,UGA,0.0,0.0,0,1.0,1.0,1.0,,1.0,,1948,2021,3324.0,0.0
LSO__URY,LSO,URY,0.0,0.0,0,0.0,0.0,0.0,,0.0,,1948,2021,7685.0,0.0
LSO__USA,LSO,USA,0.0,0.0,0,1.0,1.0,1.0,,0.0,,1948,2021,12981.0,0.0
LSO__UZB,LSO,UZB,0.0,0.0,0,0.0,0.0,0.0,,0.0,,1948,2021,8917.0,0.0
LSO__VCT,LSO,VCT,0.0,0.0,0,1.0,1.0,1.0,,1.0,,1948,2021,10597.0,0.0
LSO__VEN,LSO,VEN,0.0,0.0,0,0.0,0.0,0.0,,0.0,,1948,2021,10998.0,0.0
LSO__VNM,LSO,VNM,0.0,0.0,0,0.0,0.0,0.0,,0.0,,1948,2021,9564.0,0.0
LSO__VUT,LSO,VUT,0.0,0.0,0,1.0,1.0,1.0,,1.0,,1948,2021,13323.0,0.0
LSO__WSM,LSO,WSM,0.0,0.0,0,0.0,1.0,1.0,,0.0,,1948,2021,14805.0,0.0
LSO__YEM,LSO,YEM,0.0,0.0,0,1.0,0.0,0.0,,1.0,,1948,2021,5208.0,102.0
LSO__ZAF,LSO,ZAF,1.0,0.0,0,1.0,1.0,1.0,,0.0,,1948,2021,674.5,649.0
LSO__ZMB,LSO,ZMB,0.0,0.0,0,1.0,1.0,1.0,,1.0,,1948,2021,1685.0,286.0
LSO__ZWE,LSO,ZWE,0.0,0.0,0,1.0,1.0,1.0,,1.0,,1948,2021,1323.0,0.0
MAR__MDG,MAR,MDG,0.0,0.0,0,1.0,1.0,1.0,,1.0,,1948,2021,8246.0,0.0
MAR__MDV,MAR,MDV,0.0,0.0,0,0.0,0.0,0.0,,0.0,,1948,2021,8936.0,0.0
MAR__MEX,MAR,MEX,0.0,0.0,0,0.0,0.0,0.0,,0.0,,1948,2021,8978.0,0.0
MAR__MHL,MAR,MHL,0.0,0.0,0,0.0,0.0,0.0,,0.0,,1948,2021,15500.0,0.0
MAR__MLI,MAR,MLI,0.0,0.0,0,1.0,0.0,1.0,,1.0,,1948,2021,2320.0,0.0
MAR__MMR,MAR,MMR,0.0,0.0,0,0.0,0.0,0.0,,0.0,,1948,2021,10213.0,0.0
MAR__MNG,MAR,MNG,0.0,0.0,0,0.0,0.0,0.0,,0.0,,1948,2021,8882.0,0.0
MAR__MOZ,MAR,MOZ,0.0,0.0,0,0.0,0.0,0.0,,0.0,,1948,2021,7840.0,8.0
MAR__MRT,MAR,MRT,1.0,0.0,0,1.0,0.0,1.0,,1.0,,1948,2021,1910.0,0.0
MAR__MUS,MAR,MUS,0.0,0.0,0,1.0,1.0,1.0,,0.0,,1948,2021,9112.0,0.0
MAR__MWI,MAR,MWI,0.0,0.0,0,0.0,0.0,0.0,,0.0,,1948,2021,6974.5,239.0
MAR__MYS,MAR,MYS,0.0,0.0,0,0.0,0.0,0.0,,0.0,,1948,2021,11750.5,315.0
MAR__NAM,MAR,NAM,0.0,0.0,0,0.0,0.0,0.0,,0.0,,1948,2021,6744.0,0.0
MAR__NER,MAR,NER,0.0,0.0,0,1.0,1.0,1.0,,1.0,,1948,2021,2432.0,0.0
MAR__NGA,MAR,NGA,0.0,0.0,0,0.0,0.0,0.0,,0.0,,1948,2021,3174.0,78.0
MAR__NIC,MAR,NIC,0.0,0.0,0,0.0,0.0,0.0,,0.0,,1948,2021,8230.0,0.0
MAR__NLD,MAR,NLD,0.0,0.0,0,0.0,0.0,0.0,,0.0,,1948,2021,2286.0,58.0
MAR__NPL,MAR,NPL,0.0,0.0,0,0.0,0.0,0.0,,0.0,,1948,2021,8615.0,0.0
MAR__NRU,MAR,NRU,0.0,0.0,0,0.0,0.0,0.0,,0.0,,1948,2021,16300.0,0.0
MAR__NZL,MAR,NZL,0.0,0.0,0,0.0,0.0,0.0,,0.0,,1948,2021,19586.0,0.0
MAR__OMN,MAR,OMN,0.0,0.0,0,0.0,1.0,1.0,,0.0,,1948,2021,6464.0,0.0
MAR__PAK,MAR,PAK,0.0,0.0,0,0.0,0.0,0.0,,0.0,,1948,2021,7172.0,0.0
MAR__PAN,MAR,PAN,0.0,0.0,0,0.0,0.0,0.0,,0.0,,1948,2021,7790.0,0.0
MAR__PER,MAR,PER,0.0,0.0,0,0.0,0.0,0.0,,0.0,,1948,2021,8907.0,0.0
MAR__PHL,MAR,PHL,0.0,0.0,0,0.0,0.0,0.0,,0.0,,1948,2021,12394.0,0.0
MAR__PLW,MAR,PLW,0.0,0.0,0,0.0,0.0,0.0,,0.0,,1948,2021,13971.0,4.0
MAR__PNG,MAR,PNG,0.0,0.0,0,0.0,0.0,0.0,,0.0,,1948,2021,16302.0,0.0
MAR__PRK,MAR,PRK,0.0,0.0,0,0.0,0.0,0.0,,0.0,,1948,2021,10642.0,0.0
MAR__PRT,MAR,PRT,0.0,0.0,0,0.0,0.0,0.0,,0.0,,1948,2021,585.0,0.0
MAR__PRY,MAR,PRY,0.0,0.0,0,0.0,0.0,0.0,,0.0,,1948,2021,8395.0,0.0
MAR__QAT,MAR,QAT,0.0,0.0,0,0.0,1.0,1.0,,0.0,,1948,2021,5731.0,10.0
MAR__RWA,MAR,RWA,0.0,0.0,0,0.0,1.0,1.0,,0.0,,1948,2021,5573.0,0.0
MAR__SAU,MAR,SAU,0.0,0.0,0,0.0,1.0,1.0,,0.0,,1948,2021,5075.5,485.0
MAR__SDN,MAR,SDN,0.0,0.0,0,0.0,1.0,1.0,,0.0,,1948,2021,4493.0,0.0
MAR__SEN,MAR,SEN,0.0,0.0,0,1.0,1.0,1.0,,1.0,,1948,2021,2316.0,0.0
MAR__SGP,MAR,SGP,0.0,0.0,0,0.0,0.0,0.0,,0.0,,1948,2021,11908.0,0.0
MAR__SLB,MAR,SLB,0.0,0.0,0,0.0,0.0,0.0,,0.0,,1948,2021,17046.0,0.0
MAR__SLE,MAR,SLE,0.0,0.0,0,0.0,0.0,0.0,,0.0,,1948,2021,2839.0,0.0
MAR__SLV,MAR,SLV,0.0,0.0,0,0.0,0.0,0.0,,0.0,,1948,2021,8411.0,0.0
MAR__SOM,MAR,SOM,0.0,0.0,0,0.0,0.0,1.0,,0.0,,1948,2021,6514.0,0.0
MAR__SSD,MAR,SSD,0.0,0.0,0,0.0,1.0,1.0,,0.0,,1948,2021,5152.0,0.0
MAR__STP,MAR,STP,0.0,0.0,0,0.0,0.0,0.0,,0.0,,1948,2021,3975.0,0.0
MAR__SUR,MAR,SUR,0.0,0.0,0,0.0,0.0,0.0,,0.0,,1948,2021,5780.0,0.0
MAR__SWZ,MAR,SWZ,0.0,0.0,0,0.0,0.0,0.0,,0.0,,1948,2021,7794.0,0.0
MAR__SYC,MAR,SYC,0.0,0.0,0,1.0,1.0,1.0,,0.0,,1948,2021,7852.0,0.0
MAR__SYR,MAR,SYR,0.0,0.0,0,1.0,1.0,1.0,,1.0,,1948,2021,4057.0,18.0
MAR__TCD,MAR,TCD,0.0,0.0,0,1.0,1.0,1.0,,1.0,,1948,2021,3311.0,0.0
MAR__TGO,MAR,TGO,0.0,0.0,0,1.0,1.0,1.0,,1.0,,1948,2021,3174.0,0.0
MAR__THA,MAR,THA,0.0,0.0,0,0.0,0.0,0.0,,0.0,,1948,2021,10793.0,0.0
MAR__TJK,MAR,TJK,0.0,0.0,0,0.0,0.0,0.0,,0.0,,1948,2021,6702.0,0.0
MAR__TKM,MAR,TKM,0.0,0.0,0,0.0,0.0,0.0,,0.0,,1948,2021,5862.0,0.0
MAR__TLS,MAR,TLS,0.0,0.0,0,0.0,0.0,0.0,,0.0,,1948,2021,14492.0,0.0
MAR__TON,MAR,TON,0.0,0.0,0,0.0,0.0,0.0,,0.0,,1948,2021,18171.0,0.0
MAR__TTO,MAR,TTO,0.0,0.0,0,0.0,0.0,0.0,,0.0,,1948,2021,6032.0,0.0
MAR__TUN,MAR,TUN,0.0,0.0,0,1.0,1.0,1.0,,1.0,,1948,2021,1656.0,0.0
MAR__TUR,MAR,TUR,0.0,0.0,0,0.0,0.0,0.0,,0.0,,1948,2021,3319.0,0.0
MAR__TUV,MAR,TUV,0.0,0.0,0,0.0,0.0,0.0,,0.0,,1948,2021,17142.0,0.0
MAR__TWN,MAR,TWN,0.0,0.0,0,0.0,0.0,0.0,,0.0,,1948,2021,11585.5,3.0
MAR__TZA,MAR,TZA,0.0,0.0,0,0.0,0.0,0.0,,0.0,,1948,2021,6666.0,0.0
MAR__UGA,MAR,UGA,0.0,0.0,0,0.0,0.0,0.0,,0.0,,1948,2021,5583.0,0.0
MAR__URY,MAR,URY,0.0,0.0,0,0.0,0.0,0.0,,0.0,,1948,2021,9110.0,0.0
MAR__USA,MAR,USA,0.0,0.0,0,1.0,0.0,0.0,,0.0,,1948,2021,5810.0,0.0
MAR__UZB,MAR,UZB,0.0,0.0,0,0.0,0.0,0.0,,0.0,,1948,2021,6631.0,0.0
MAR__VCT,MAR,VCT,0.0,0.0,0,0.0,0.0,0.0,,0.0,,1948,2021,5855.0,0.0
MAR__VEN,MAR,VEN,0.0,0.0,0,0.0,0.0,0.0,,0.0,,1948,2021,6533.0,0.0
MAR__VNM,MAR,VNM,0.0,0.0,0,1.0,0.0,0.0,,1.0,,1948,2021,11523.0,0.0
MAR__VUT,MAR,VUT,0.0,0.0,0,1.0,1.0,1.0,,1.0,,1948,2021,18202.0,0.0
MAR__WSM,MAR,WSM,0.0,0.0,0,0.0,0.0,0.0,,0.0,,1948,2021,17301.0,0.0
MAR__YEM,MAR,YEM,0.0,0.0,0,0.0,1.0,1.0,,0.0,,1948,2021,5522.5,83.0
MAR__ZAF,MAR,ZAF,0.0,0.0,0,0.0,0.0,0.0,,0.0,,1948,2021,7785.5,337.0
MAR__ZMB,MAR,ZMB,0.0,0.0,0,0.0,0.0,0.0,,0.0,,1948,2021,6508.0,240.0
MAR__ZWE,MAR,ZWE,0.0,0.0,0,0.0,0.0,0.0,,0.0,,1948,2021,7017.0,0.0
MDG__MDV,MDG,MDV,0.0,0.0,0,0.0,0.0,0.0,,0.0,,1948,2021,3824.0,0.0
MDG__MEX,MDG,MEX,0.0,0.0,0,0.0,0.0,0.0,,0.0,,1948,2021,16534.0,0.0
MDG__MHL,MDG,MHL,0.0,0.0,0,0.0,0.0,0.0,,0.0,,1948,2021,13829.0,0.0
MDG__MLI,MDG,MLI,0.0,0.0,0,1.0,0.0,1.0,,1.0,,1948,2021,7021.0,0.0
MDG__MMR,MDG,MMR,0.0,0.0,0,0.0,0.0,0.0,,0.0,,1948,2021,6628.0,0.0
MDG__MNG,MDG,MNG,0.0,0.0,0,0.0,0.0,0.0,,0.0,,1948,2021,9462.0,0.0
MDG__MOZ,MDG,MOZ,0.0,0.0,0,0.0,0.0,0.0,,0.0,,1948,2021,1729.5,11.0
MDG__MRT,MDG,MRT,0.0,0.0,0,1.0,0.0,0.0,,1.0,,1948,2021,8060.0,0.0
MDG__MUS,MDG,MUS,0.0,0.0,0,1.0,1.0,1.0,,0.0,,1948,2021,1054.0,0.0
MDG__MWI,MDG,MWI,0.0,0.0,0,0.0,0.0,0.0,,0.0,,1948,2021,1470.5,191.0
MDG__MYS,MDG,MYS,0.0,0.0,0,0.0,0.0,0.0,,0.0,,1948,2021,6478.0,138.0
MDG__NAM,MDG,NAM,0.0,0.0,0,0.0,0.0,0.0,,0.0,,1948,2021,3192.0,0.0
MDG__NER,MDG,NER,0.0,0.0,0,1.0,1.0,1.0,,1.0,,1948,2021,6139.0,0.0
MDG__NGA,MDG,NGA,0.0,0.0,0,0.0,0.0,0.0,,0.0,,1948,2021,5599.0,6.0
MDG__NIC,MDG,NIC,0.0,0.0,0,0.0,0.0,0.0,,0.0,,1948,2021,15033.0,0.0
MDG__NLD,MDG,NLD,0.0,0.0,0,0.0,0.0,0.0,,0.0,,1948,2021,8898.5,19.0
MDG__NPL,MDG,NPL,0.0,0.0,0,0.0,0.0,0.0,,0.0,,1948,2021,6571.0,0.0
MDG__NRU,MDG,NRU,0.0,0.0,0,0.0,0.0,0.0,,0.0,,1948,2021,13074.0,0.0
MDG__NZL,MDG,NZL,0.0,0.0,0,0.0,0.0,0.0,,0.0,,1948,2021,11724.0,0.0
MDG__OMN,MDG,OMN,0.0,0.0,0,0.0,0.0,0.0,,0.0,,1948,2021,4855.0,0.0
MDG__PAK,MDG,PAK,0.0,0.0,0,0.0,0.0,0.0,,0.0,,1948,2021,5290.0,0.0
MDG__PAN,MDG,PAN,0.0,0.0,0,0.0,0.0,0.0,,0.0,,1948,2021,14230.0,0.0
MDG__PER,MDG,PER,0.0,0.0,0,0.0,0.0,0.0,,0.0,,1948,2021,13049.0,0.0
MDG__PHL,MDG,PHL,0.0,0.0,0,0.0,0.0,0.0,,0.0,,1948,2021,8861.0,0.0
MDG__PLW,MDG,PLW,0.0,0.0,0,0.0,0.0,0.0,,0.0,,1948,2021,9969.5,21.0
MDG__PNG,MDG,PNG,0.0,0.0,0,0.0,0.0,0.0,,0.0,,1948,2021,10679.0,0.0
MDG__PRK,MDG,PRK,0.0,0.0,0,0.0,0.0,0.0,,0.0,,1948,2021,10343.0,0.0
MDG__PRT,MDG,PRT,0.0,0.0,0,0.0,0.0,0.0,,0.0,,1948,2021,8691.0,0.0
MDG__PRY,MDG,PRY,0.0,0.0,0,0.0,0.0,0.0,,0.0,,1948,2021,10568.0,0.0
MDG__QAT,MDG,QAT,0.0,0.0,0,0.0,0.0,0.0,,0.0,,1948,2021,4908.5,1.0
MDG__RWA,MDG,RWA,0.0,0.0,0,0.0,1.0,1.0,,0.0,,1948,2021,2675.0,0.0
MDG__SAU,MDG,SAU,0.0,0.0,0,0.0,0.0,0.0,,0.0,,1948,2021,4682.5,285.0
MDG__SDN,MDG,SDN,0.0,0.0,0,0.0,0.0,0.0,,0.0,,1948,2021,4152.0,0.0
MDG__SEN,MDG,SEN,0.0,0.0,0,1.0,1.0,1.0,,1.0,,1948,2021,8033.0,0.0
MDG__SGP,MDG,SGP,0.0,0.0,0,0.0,0.0,0.0,,0.0,,1948,2021,6547.0,0.0
MDG__SLB,MDG,SLB,0.0,0.0,0,0.0,0.0,0.0,,0.0,,1948,2021,11981.0,0.0
MDG__SLE,MDG,SLE,0.0,0.0,0,0.0,0.0,0.0,,0.0,,1948,2021,7323.0,0.0
MDG__SLV,MDG,SLV,0.0,0.0,0,0.0,0.0,0.0,,0.0,,1948,2021,15384.0,0.0
MDG__SOM,MDG,SOM,0.0,0.0,0,0.0,0.0,0.0,,0.0,,1948,2021,2330.0,0.0
MDG__SSD,MDG,SSD,0.0,0.0,0,0.0,0.0,0.0,,0.0,,1948,2021,3157.0,0.0
MDG__STP,MDG,STP,0.0,0.0,0,0.0,0.0,0.0,,0.0,,1948,2021,4940.0,0.0
MDG__SUR,MDG,SUR,0.0,0.0,0,0.0,0.0,0.0,,0.0,,1948,2021,11562.0,0.0
MDG__SWZ,MDG,SWZ,0.0,0.0,0,0.0,0.0,0.0,,0.0,,1948,2021,1873.0,0.0
MDG__SYC,MDG,SYC,0.0,0.0,0,1.0,1.0,1.0,,0.0,,1948,2021,1800.0,0.0
MDG__SYR,MDG,SYR,0.0,0.0,0,1.0,0.0,0.0,,1.0,,1948,2021,6061.0,276.0
MDG__TCD,MDG,TCD,0.0,0.0,0,1.0,0.0,1.0,,1.0,,1948,2021,4948.0,0.0
MDG__TGO,MDG,TGO,0.0,0.0,0,1.0,1.0,1.0,,1.0,,1948,2021,5787.0,0.0
MDG__THA,MDG,THA,0.0,0.0,0,0.0,0.0,0.0,,0.0,,1948,2021,6840.0,0.0
MDG__TJK,MDG,TJK,0.0,0.0,0,0.0,0.0,0.0,,0.0,,1948,2021,6735.0,0.0
MDG__TKM,MDG,TKM,0.0,0.0,0,0.0,0.0,0.0,,0.0,,1948,2021,6396.0,0.0
MDG__TLS,MDG,TLS,0.0,0.0,0,0.0,0.0,0.0,,0.0,,1948,2021,8459.0,0.0
MDG__TON,MDG,TON,0.0,0.0,0,0.0,0.0,0.0,,0.0,,1948,2021,13592.0,0.0
MDG__TTO,MDG,TTO,0.0,0.0,0,0.0,0.0,0.0,,0.0,,1948,2021,12387.0,0.0
MDG__TUN,MDG,TUN,0.0,0.0,0,1.0,0.0,1.0,,1.0,,1948,2021,7312.0,0.0
MDG__TUR,MDG,TUR,0.0,0.0,0,0.0,0.0,0.0,,0.0,,1948,2021,6907.0,0.0
MDG__TUV,MDG,TUV,0.0,0.0,0,0.0,0.0,0.0,,0.0,,1948,2021,13918.0,0.0
MDG__TWN,MDG,TWN,0.0,0.0,0,0.0,0.0,0.0,,0.0,,1948,2021,9367.5,9.0
MDG__TZA,MDG,TZA,0.0,0.0,0,0.0,0.0,0.0,,0.0,,1948,2021,1610.0,0.0
MDG__UGA,MDG,UGA,0.0,0.0,0,0.0,0.0,0.0,,0.0,,1948,2021,2683.0,0.0
MDG__URY,MDG,URY,0.0,0.0,0,0.0,0.0,0.0,,0.0,,1948,2021,10016.0,0.0
MDG__USA,MDG,USA,0.0,0.0,0,1.0,0.0,0.0,,0.0,,1948,2021,14002.0,0.0
MDG__UZB,MDG,UZB,0.0,0.0,0,0.0,0.0,0.0,,0.0,,1948,2021,7028.0,0.0
MDG__VCT,MDG,VCT,0.0,0.0,0,0.0,0.0,0.0,,0.0,,1948,2021,12431.0,0.0
MDG__VEN,MDG,VEN,0.0,0.0,0,0.0,0.0,0.0,,0.0,,1948,2021,12945.0,0.0
MDG__VNM,MDG,VNM,0.0,0.0,0,1.0,0.0,0.0,,1.0,,1948,2021,7270.0,0.0
MDG__VUT,MDG,VUT,0.0,0.0,0,1.0,1.0,1.0,,1.0,,1948,2021,12387.0,0.0
MDG__WSM,MDG,WSM,0.0,0.0,0,0.0,0.0,0.0,,0.0,,1948,2021,14393.0,0.0
MDG__YEM,MDG,YEM,0.0,0.0,0,0.0,0.0,0.0,,0.0,,1948,2021,3785.0,46.0
MDG__ZAF,MDG,ZAF,0.0,0.0,0,0.0,0.0,0.0,,0.0,,1948,2021,2743.5,1171.0
MDG__ZMB,MDG,ZMB,0.0,0.0,0,0.0,0.0,0.0,,0.0,,1948,2021,2130.0,92.0
MDG__ZWE,MDG,ZWE,0.0,0.0,0,0.0,0.0,0.0,,0.0,,1948,2021,1745.0,0.0
MDV__MEX,MDV,MEX,0.0,0.0,0,0.0,0.0,0.0,,0.0,,1948,2021,17275.0,0.0
MDV__MHL,MDV,MHL,0.0,0.0,0,0.0,0.0,0.0,,0.0,,1948,2021,10828.0,0.0
MDV__MLI,MDV,MLI,0.0,0.0,0,0.0,0.0,0.0,,0.0,,1948,2021,8996.0,0.0
MDV__MMR,MDV,MMR,0.0,0.0,0,1.0,0.0,0.0,,1.0,,1948,2021,2840.0,0.0
MDV__MNG,MDV,MNG,0.0,0.0,0,0.0,0.0,0.0,,0.0,,1948,2021,5799.0,0.0
MDV__MOZ,MDV,MOZ,0.0,0.0,0,0.0,0.0,0.0,,0.0,,1948,2021,5535.5,11.0
MDV__MRT,MDV,MRT,0.0,0.0,0,0.0,0.0,0.0,,0.0,,1948,2021,9820.0,0.0
MDV__MUS,MDV,MUS,0.0,0.0,0,1.0,0.0,0.0,,1.0,,1948,2021,3211.0,0.0
MDV__MWI,MDV,MWI,0.0,0.0,0,1.0,0.0,0.0,,1.0,,1948,2021,4802.0,42.0
MDV__MYS,MDV,MYS,0.0,0.0,0,1.0,0.0,0.0,,1.0,,1948,2021,3260.0,256.0
MDV__NAM,MDV,NAM,0.0,0.0,0,0.0,0.0,0.0,,0.0,,1948,2021,6808.0,0.0
MDV__NER,MDV,NER,0.0,0.0,0,0.0,0.0,0.0,,0.0,,1948,2021,7898.0,0.0
MDV__NGA,MDV,NGA,0.0,0.0,0,1.0,0.0,0.0,,1.0,,1948,2021,7741.0,58.0
MDV__NIC,MDV,NIC,0.0,0.0,0,0.0,0.0,0.0,,0.0,,1948,2021,17148.0,0.0
MDV__NLD,MDV,NLD,0.0,0.0,0,0.0,0.0,0.0,,0.0,,1948,2021,8207.5,15.0
MDV__NPL,MDV,NPL,0.0,0.0,0,0.0,0.0,0.0,,0.0,,1948,2021,2890.0,0.0
MDV__NRU,MDV,NRU,0.0,0.0,0,1.0,0.0,0.0,,1.0,,1948,2021,10401.0,0.0
MDV__NZL,MDV,NZL,0.0,0.0,0,1.0,0.0,0.0,,0.0,,1948,2021,11292.0,0.0
MDV__OMN,MDV,OMN,0.0,0.0,0,0.0,0.0,0.0,,0.0,,1948,2021,2682.0,0.0
MDV__PAK,MDV,PAK,0.0,0.0,0,1.0,0.0,0.0,,1.0,,1948,2021,2395.0,0.0
MDV__PAN,MDV,PAN,0.0,0.0,0,0.0,0.0,0.0,,0.0,,1948,2021,16702.0,0.0
MDV__PER,MDV,PER,0.0,0.0,0,0.0,0.0,0.0,,0.0,,1948,2021,16676.0,0.0
MDV__PHL,MDV,PHL,0.0,0.0,0,0.0,0.0,0.0,,0.0,,1948,2021,5329.0,0.0
MDV__PLW,MDV,PLW,0.0,0.0,0,1.0,0.0,0.0,,0.0,,1948,2021,6765.5,15.0
MDV__PNG,MDV,PNG,0.0,0.0,0,1.0,0.0,0.0,,0.0,,1948,2021,8309.0,0.0
MDV__PRK,MDV,PRK,0.0,0.0,0,0.0,0.0,0.0,,0.0,,1948,2021,6520.0,0.0
MDV__PRT,MDV,PRT,0.0,0.0,0,0.0,0.0,0.0,,0.0,,1948,2021,9085.0,0.0
MDV__PRY,MDV,PRY,0.0,0.0,0,0.0,0.0,0.0,,0.0,,1948,2021,14316.0,0.0
MDV__QAT,MDV,QAT,0.0,0.0,0,1.0,0.0,0.0,,1.0,,1948,2021,3317.5,9.0
MDV__RWA,MDV,RWA,0.0,0.0,0,0.0,0.0,0.0,,0.0,,1948,2021,4881.0,0.0
MDV__SAU,MDV,SAU,0.0,0.0,0,0.0,0.0,0.0,,0.0,,1948,2021,3884.0,450.0
MDV__SDN,MDV,SDN,0.0,0.0,0,1.0,0.0,0.0,,1.0,,1948,2021,4657.0,0.0
MDV__SEN,MDV,SEN,0.0,0.0,0,0.0,0.0,0.0,,0.0,,1948,2021,10003.0,0.0
MDV__SGP,MDV,SGP,0.0,0.0,0,1.0,0.0,0.0,,1.0,,1948,2021,3388.0,0.0
MDV__SLB,MDV,SLB,0.0,0.0,0,1.0,0.0,0.0,,1.0,,1948,2021,9704.0,0.0
MDV__SLE,MDV,SLE,0.0,0.0,0,1.0,0.0,0.0,,1.0,,1948,2021,9592.0,0.0
MDV__SLV,MDV,SLV,0.0,0.0,0,0.0,0.0,0.0,,0.0,,1948,2021,17271.0,0.0
MDV__SOM,MDV,SOM,0.0,0.0,0,1.0,0.0,0.0,,1.0,,1948,2021,3139.0,0.0
MDV__SSD,MDV,SSD,0.0,0.0,0,0.0,0.0,0.0,,1.0,,1948,2021,4653.0,0.0
MDV__STP,MDV,STP,0.0,0.0,0,0.0,0.0,0.0,,0.0,,1948,2021,7438.0,0.0
MDV__SUR,MDV,SUR,0.0,0.0,0,0.0,0.0,0.0,,0.0,,1948,2021,14224.0,0.0
MDV__SWZ,MDV,SWZ,0.0,0.0,0,1.0,0.0,0.0,,1.0,,1948,2021,5675.0,0.0
MDV__SYC,MDV,SYC,0.0,0.0,0,1.0,0.0,0.0,,1.0,,1948,2021,2231.0,0.0
MDV__SYR,MDV,SYR,0.0,0.0,0,0.0,0.0,0.0,,0.0,,1948,2021,5090.0,100.0
MDV__TCD,MDV,TCD,0.0,0.0,0,0.0,0.0,0.0,,0.0,,1948,2021,6491.0,0.0
MDV__TGO,MDV,TGO,0.0,0.0,0,0.0,0.0,0.0,,0.0,,1948,2021,8013.0,0.0
MDV__THA,MDV,THA,0.0,0.0,0,0.0,0.0,0.0,,0.0,,1948,2021,3149.0,0.0
MDV__TJK,MDV,TJK,0.0,0.0,0,0.0,0.0,0.0,,0.0,,1948,2021,3835.0,0.0
MDV__TKM,MDV,TKM,0.0,0.0,0,0.0,0.0,0.0,,0.0,,1948,2021,4044.0,0.0
MDV__TLS,MDV,TLS,0.0,0.0,0,0.0,0.0,0.0,,0.0,,1948,2021,5948.0,0.0
MDV__TON,MDV,TON,0.0,0.0,0,1.0,0.0,0.0,,1.0,,1948,2021,12392.0,0.0
MDV__TTO,MDV,TTO,0.0,0.0,0,1.0,0.0,0.0,,1.0,,1948,2021,14787.0,0.0
MDV__TUN,MDV,TUN,0.0,0.0,0,0.0,0.0,0.0,,0.0,,1948,2021,7374.0,0.0
MDV__TUR,MDV,TUR,0.0,0.0,0,0.0,0.0,0.0,,0.0,,1948,2021,6029.0,0.0
MDV__TUV,MDV,TUV,0.0,0.0,0,1.0,0.0,0.0,,1.0,,1948,2021,11811.0,0.0
MDV__TWN,MDV,TWN,0.0,0.0,0,0.0,0.0,0.0,,0.0,,1948,2021,5621.5,9.0
MDV__TZA,MDV,TZA,0.0,0.0,0,1.0,0.0,0.0,,1.0,,1948,2021,3994.0,0.0
MDV__UGA,MDV,UGA,0.0,0.0,0,1.0,0.0,0.0,,1.0,,1948,2021,4571.0,0.0
MDV__URY,MDV,URY,0.0,0.0,0,0.0,0.0,0.0,,0.0,,1948,2021,13837.0,0.0
MDV__USA,MDV,USA,0.0,0.0,0,1.0,0.0,0.0,,0.0,,1948,2021,14041.0,0.0
MDV__UZB,MDV,UZB,0.0,0.0,0,0.0,0.0,0.0,,0.0,,1948,2021,4131.0,0.0
MDV__VCT,MDV,VCT,0.0,0.0,0,1.0,0.0,0.0,,1.0,,1948,2021,14675.0,0.0
MDV__VEN,MDV,VEN,0.0,0.0,0,0.0,0.0,0.0,,0.0,,1948,2021,15353.0,0.0
MDV__VNM,MDV,VNM,0.0,0.0,0,0.0,0.0,0.0,,0.0,,1948,2021,3729.0,0.0
MDV__VUT,MDV,VUT,0.0,0.0,0,1.0,0.0,0.0,,1.0,,1948,2021,10667.0,0.0
MDV__WSM,MDV,WSM,0.0,0.0,0,0.0,0.0,0.0,,0.0,,1948,2021,12799.0,0.0
MDV__YEM,MDV,YEM,0.0,0.0,0,1.0,0.0,0.0,,1.0,,1948,2021,3493.5,111.0
MDV__ZAF,MDV,ZAF,0.0,0.0,0,1.0,0.0,0.0,,0.0,,1948,2021,6544.5,1209.0
MDV__ZMB,MDV,ZMB,0.0,0.0,0,1.0,0.0,0.0,,1.0,,1948,2021,5393.0,84.0
MDV__ZWE,MDV,ZWE,0.0,0.0,0,1.0,0.0,0.0,,1.0,,1948,2021,5258.0,0.0
MEX__MHL,MEX,MHL,0.0,0.0,0,0.0,0.0,0.0,,0.0,,1948,2021,9703.0,0.0
MEX__MLI,MEX,MLI,0.0,0.0,0,0.0,0.0,0.0,,0.0,,1948,2021,9673.0,0.0
MEX__MMR,MEX,MMR,0.0,0.0,0,0.0,0.0,0.0,,0.0,,1948,2021,15665.0,0.0
MEX__MNG,MEX,MNG,0.0,0.0,0,0.0,0.0,0.0,,0.0,,1948,2021,12110.0,0.0
MEX__MOZ,MEX,MOZ,0.0,0.0,0,0.0,0.0,0.0,,0.0,,1948,2021,15039.5,13.0
MEX__MRT,MEX,MRT,0.0,0.0,0,0.0,0.0,0.0,,0.0,,1948,2021,8672.0,0.0
MEX__MUS,MEX,MUS,0.0,0.0,0,0.0,0.0,0.0,,0.0,,1948,2021,17587.0,0.0
MEX__MWI,MEX,MWI,0.0,0.0,0,0.0,0.0,0.0,,0.0,,1948,2021,15078.0,172.0
MEX__MYS,MEX,MYS,0.0,0.0,0,0.0,0.0,0.0,,0.0,,1948,2021,16629.5,17.0
MEX__NAM,MEX,NAM,0.0,0.0,0,0.0,0.0,0.0,,0.0,,1948,2021,13442.0,0.0
MEX__NER,MEX,NER,0.0,0.0,0,0.0,0.0,0.0,,0.0,,1948,2021,10668.0,0.0
MEX__NGA,MEX,NGA,0.0,0.0,0,0.0,0.0,0.0,,0.0,,1948,2021,11090.5,15.0
MEX__NIC,MEX,NIC,0.0,0.0,0,1.0,1.0,1.0,,0.0,,1948,2021,1599.0,0.0
MEX__NLD,MEX,NLD,0.0,0.0,0,0.0,0.0,0.0,,0.0,,1948,2021,9227.0,6.0
MEX__NPL,MEX,NPL,0.0,0.0,0,0.0,0.0,0.0,,0.0,,1948,2021,14768.0,0.0
MEX__NRU,MEX,NRU,0.0,0.0,0,0.0,0.0,0.0,,0.0,,1948,2021,10451.0,0.0
MEX__NZL,MEX,NZL,0.0,0.0,0,0.0,0.0,0.0,,0.0,,1948,2021,10949.0,0.0
MEX__OMN,MEX,OMN,0.0,0.0,0,0.0,0.0,0.0,,0.0,,1948,2021,14670.0,0.0
MEX__PAK,MEX,PAK,0.0,0.0,0,0.0,0.0,0.0,,0.0,,1948,2021,14880.0,0.0
MEX__PAN,MEX,PAN,0.0,0.0,0,1.0,1.0,1.0,,0.0,,1948,2021,2408.0,0.0
MEX__PER,MEX,PER,0.0,0.0,0,1.0,1.0,1.0,,0.0,,1948,2021,4242.0,0.0
MEX__PHL,MEX,PHL,0.0,0.0,0,1.0,0.0,0.0,,0.0,,1948,2021,14236.0,0.0
MEX__PLW,MEX,PLW,0.0,0.0,0,0.0,0.0,0.0,,0.0,,1948,2021,13438.0,22.0
MEX__PNG,MEX,PNG,0.0,0.0,0,0.0,0.0,0.0,,0.0,,1948,2021,12837.0,0.0
MEX__PRK,MEX,PRK,0.0,0.0,0,0.0,0.0,0.0,,0.0,,1948,2021,12031.0,0.0
MEX__PRT,MEX,PRT,0.0,0.0,0,0.0,0.0,0.0,,0.0,,1948,2021,8686.0,0.0
MEX__PRY,MEX,PRY,0.0,0.0,0,1.0,1.0,1.0,,0.0,,1948,2021,6684.0,0.0
MEX__QAT,MEX,QAT,0.0,0.0,0,0.0,0.0,0.0,,0.0,,1948,2021,14132.0,8.0
MEX__RWA,MEX,RWA,0.0,0.0,0,0.0,0.0,0.0,,0.0,,1948,2021,14177.0,0.0
MEX__SAU,MEX,SAU,0.0,0.0,0,0.0,0.0,0.0,,0.0,,1948,2021,13777.5,225.0
MEX__SDN,MEX,SDN,0.0,0.0,0,0.0,0.0,0.0,,0.0,,1948,2021,13470.0,0.0
MEX__SEN,MEX,SEN,0.0,0.0,0,0.0,0.0,0.0,,0.0,,1948,2021,8632.0,0.0
MEX__SGP,MEX,SGP,0.0,0.0,0,0.0,0.0,0.0,,0.0,,1948,2021,16621.0,0.0
MEX__SLB,MEX,SLB,0.0,0.0,0,0.0,0.0,0.0,,0.0,,1948,2021,11498.0,0.0
MEX__SLE,MEX,SLE,0.0,0.0,0,0.0,0.0,0.0,,0.0,,1948,2021,9281.0,0.0
MEX__SLV,MEX,SLV,0.0,0.0,0,1.0,1.0,1.0,,0.0,,1948,2021,1237.0,0.0
MEX__SOM,MEX,SOM,0.0,0.0,0,0.0,0.0,0.0,,0.0,,1948,2021,15476.0,0.0
MEX__SSD,MEX,SSD,0.0,0.0,0,0.0,0.0,0.0,,0.0,,1948,2021,14003.0,0.0
MEX__STP,MEX,STP,0.0,0.0,0,0.0,0.0,0.0,,0.0,,1948,2021,11668.0,0.0
MEX__SUR,MEX,SUR,0.0,0.0,0,0.0,0.0,0.0,,0.0,,1948,2021,4989.0,0.0
MEX__SWZ,MEX,SWZ,0.0,0.0,0,0.0,0.0,0.0,,0.0,,1948,2021,14902.0,0.0
MEX__SYC,MEX,SYC,0.0,0.0,0,0.0,0.0,0.0,,0.0,,1948,2021,16820.0,0.0
MEX__SYR,MEX,SYR,0.0,0.0,0,0.0,0.0,0.0,,0.0,,1948,2021,12408.0,158.0
MEX__TCD,MEX,TCD,0.0,0.0,0,0.0,0.0,0.0,,0.0,,1948,2021,12018.0,0.0
MEX__TGO,MEX,TGO,0.0,0.0,0,0.0,0.0,0.0,,0.0,,1948,2021,10870.0,0.0
MEX__THA,MEX,THA,0.0,0.0,0,0.0,0.0,0.0,,0.0,,1948,2021,15759.0,0.0
MEX__TJK,MEX,TJK,0.0,0.0,0,0.0,0.0,0.0,,0.0,,1948,2021,13466.0,0.0
MEX__TKM,MEX,TKM,0.0,0.0,0,0.0,0.0,0.0,,0.0,,1948,2021,13235.0,0.0
MEX__TLS,MEX,TLS,0.0,0.0,0,0.0,0.0,0.0,,0.0,,1948,2021,15071.0,0.0
MEX__TON,MEX,TON,0.0,0.0,0,0.0,0.0,0.0,,0.0,,1948,2021,9419.0,0.0
MEX__TTO,MEX,TTO,0.0,0.0,0,0.0,0.0,0.0,,0.0,,1948,2021,4151.0,0.0
MEX__TUN,MEX,TUN,0.0,0.0,0,0.0,0.0,0.0,,0.0,,1948,2021,10345.0,0.0
MEX__TUR,MEX,TUR,0.0,0.0,0,0.0,0.0,0.0,,0.0,,1948,2021,11444.0,0.0
MEX__TUV,MEX,TUV,0.0,0.0,0,0.0,0.0,0.0,,0.0,,1948,2021,9464.0,0.0
MEX__TWN,MEX,TWN,0.0,0.0,0,0.0,0.0,0.0,,0.0,,1948,2021,13417.5,9.0
MEX__TZA,MEX,TZA,0.0,0.0,0,0.0,0.0,0.0,,0.0,,1948,2021,15328.0,0.0
MEX__UGA,MEX,UGA,0.0,0.0,0,0.0,0.0,0.0,,0.0,,1948,2021,14330.0,0.0
MEX__URY,MEX,URY,0.0,0.0,0,1.0,1.0,1.0,,0.0,,1948,2021,7530.0,0.0
MEX__USA,MEX,USA,1.0,0.0,0,1.0,1.0,0.0,,0.0,,1948,2021,3359.0,0.0
MEX__UZB,MEX,UZB,0.0,0.0,0,0.0,0.0,0.0,,0.0,,1948,2021,13179.0,0.0
MEX__VCT,MEX,VCT,0.0,0.0,0,0.0,0.0,0.0,,0.0,,1948,2021,4103.0,0.0
MEX__VEN,MEX,VEN,0.0,0.0,0,1.0,1.0,1.0,,0.0,,1948,2021,3602.0,0.0
MEX__VNM,MEX,VNM,0.0,0.0,0,0.0,0.0,0.0,,0.0,,1948,2021,15641.0,0.0
MEX__VUT,MEX,VUT,0.0,0.0,0,0.0,0.0,0.0,,0.0,,1948,2021,10913.0,0.0
MEX__WSM,MEX,WSM,0.0,0.0,0,0.0,0.0,0.0,,0.0,,1948,2021,8765.0,0.0
MEX__YEM,MEX,YEM,0.0,0.0,0,0.0,0.0,0.0,,0.0,,1948,2021,14432.0,58.0
MEX__ZAF,MEX,ZAF,0.0,0.0,0,0.0,0.0,0.0,,0.0,,1948,2021,14148.0,890.0
MEX__ZMB,MEX,ZMB,0.0,0.0,0,0.0,0.0,0.0,,0.0,,1948,2021,14412.0,76.0
MEX__ZWE,MEX,ZWE,0.0,0.0,0,0.0,0.0,0.0,,0.0,,1948,2021,14793.0,0.0
MHL__MLI,MHL,MLI,0.0,0.0,0,0.0,0.0,0.0,,0.0,,1948,2021,17820.0,0.0
MHL__MMR,MHL,MMR,0.0,0.0,0,0.0,0.0,0.0,,0.0,,1948,2021,8222.0,0.0
MHL__MNG,MHL,MNG,0.0,0.0,0,0.0,0.0,0.0,,0.0,,1948,2021,7538.0,0.0
MHL__MOZ,MHL,MOZ,0.0,0.0,0,0.0,0.0,0.0,,0.0,,1948,2021,15195.0,12.0
MHL__MRT,MHL,MRT,0.0,0.0,0,0.0,0.0,0.0,,0.0,,1948,2021,17107.0,0.0
MHL__MUS,MHL,MUS,0.0,0.0,0,0.0,1.0,1.0,,0.0,,1948,2021,12777.0,0.0
MHL__MWI,MHL,MWI,0.0,0.0,0,0.0,1.0,1.0,,0.0,,1948,2021,15262.5,151.0
MHL__MYS,MHL,MYS,0.0,0.0,0,0.0,0.0,0.0,,0.0,,1948,2021,7626.5,215.0
MHL__NAM,MHL,NAM,0.0,0.0,0,0.0,1.0,1.0,,0.0,,1948,2021,16783.0,0.0
MHL__NER,MHL,NER,0.0,0.0,0,0.0,0.0,0.0,,0.0,,1948,2021,17442.0,0.0
MHL__NGA,MHL,NGA,0.0,0.0,0,0.0,1.0,1.0,,0.0,,1948,2021,17955.5,115.0
MHL__NIC,MHL,NIC,0.0,0.0,0,0.0,0.0,0.0,,0.0,,1948,2021,11186.0,0.0
MHL__NLD,MHL,NLD,0.0,0.0,0,0.0,0.0,0.0,,0.0,,1948,2021,13320.0,56.0
MHL__NPL,MHL,NPL,0.0,0.0,0,0.0,0.0,0.0,,0.0,,1948,2021,9265.0,0.0
MHL__NRU,MHL,NRU,0.0,0.0,0,0.0,1.0,1.0,,0.0,,1948,2021,978.0,0.0
MHL__NZL,MHL,NZL,0.0,0.0,0,0.0,1.0,1.0,,0.0,,1948,2021,4878.0,0.0
MHL__OMN,MHL,OMN,0.0,0.0,0,0.0,0.0,0.0,,0.0,,1948,2021,11981.0,0.0
MHL__PAK,MHL,PAK,0.0,0.0,0,0.0,1.0,1.0,,0.0,,1948,2021,11111.0,0.0
MHL__PAN,MHL,PAN,0.0,0.0,0,0.0,0.0,0.0,,0.0,,1948,2021,11972.0,0.0
MHL__PER,MHL,PER,0.0,0.0,0,0.0,0.0,0.0,,0.0,,1948,2021,12523.0,0.0
MHL__PHL,MHL,PHL,0.0,0.0,0,1.0,1.0,1.0,,0.0,,1948,2021,5562.0,0.0
MHL__PLW,MHL,PLW,0.0,0.0,0,1.0,1.0,1.0,,0.0,,1948,2021,4066.0,16.0
MHL__PNG,MHL,PNG,0.0,0.0,0,0.0,1.0,1.0,,0.0,,1948,2021,3248.0,0.0
MHL__PRK,MHL,PRK,0.0,0.0,0,0.0,0.0,0.0,,0.0,,1948,2021,5770.0,0.0
MHL__PRT,MHL,PRT,0.0,0.0,0,0.0,0.0,0.0,,0.0,,1948,2021,14933.0,0.0
MHL__PRY,MHL,PRY,0.0,0.0,0,0.0,0.0,0.0,,0.0,,1948,2021,14453.0,0.0
MHL__QAT,MHL,QAT,0.0,0.0,0,0.0,0.0,0.0,,0.0,,1948,2021,12606.5,9.0
MHL__RWA,MHL,RWA,0.0,0.0,0,0.0,1.0,1.0,,0.0,,1948,2021,15709.0,0.0
MHL__SAU,MHL,SAU,0.0,0.0,0,0.0,0.0,0.0,,0.0,,1948,2021,13473.5,793.0
MHL__SDN,MHL,SDN,0.0,0.0,0,0.0,0.0,0.0,,0.0,,1948,2021,14846.0,0.0
MHL__SEN,MHL,SEN,0.0,0.0,0,0.0,0.0,0.0,,0.0,,1948,2021,17410.0,0.0
MHL__SGP,MHL,SGP,0.0,0.0,0,0.0,1.0,1.0,,0.0,,1948,2021,7519.0,0.0
MHL__SLB,MHL,SLB,0.0,0.0,0,0.0,0.0,1.0,,0.0,,1948,2021,2224.0,0.0
MHL__SLE,MHL,SLE,0.0,0.0,0,0.0,1.0,1.0,,0.0,,1948,2021,18210.0,0.0
MHL__SLV,MHL,SLV,0.0,0.0,0,0.0,0.0,0.0,,0.0,,1948,2021,10843.0,0.0
MHL__SOM,MHL,SOM,0.0,0.0,0,0.0,0.0,1.0,,0.0,,1948,2021,13958.0,0.0
MHL__SSD,MHL,SSD,0.0,0.0,0,0.0,0.0,0.0,,0.0,,1948,2021,15377.0,0.0
MHL__STP,MHL,STP,0.0,0.0,0,0.0,0.0,0.0,,0.0,,1948,2021,18139.0,0.0
MHL__SUR,MHL,SUR,0.0,0.0,0,0.0,0.0,0.0,,0.0,,1948,2021,14670.0,0.0
MHL__SWZ,MHL,SWZ,0.0,0.0,0,0.0,0.0,1.0,,0.0,,1948,2021,15314.0,0.0
MHL__SYC,MHL,SYC,0.0,0.0,0,0.0,1.0,1.0,,0.0,,1948,2021,12941.0,0.0
MHL__SYR,MHL,SYR,0.0,0.0,0,0.0,0.0,0.0,,0.0,,1948,2021,13370.0,238.0
MHL__TCD,MHL,TCD,0.0,0.0,0,0.0,0.0,0.0,,0.0,,1948,2021,16652.0,0.0
MHL__TGO,MHL,TGO,0.0,0.0,0,0.0,0.0,0.0,,0.0,,1948,2021,18190.0,0.0
MHL__THA,MHL,THA,0.0,0.0,0,0.0,0.0,0.0,,0.0,,1948,2021,7770.0,0.0
MHL__TJK,MHL,TJK,0.0,0.0,0,0.0,0.0,0.0,,0.0,,1948,2021,10608.0,0.0
MHL__TKM,MHL,TKM,0.0,0.0,0,0.0,0.0,0.0,,0.0,,1948,2021,11497.0,0.0
MHL__TLS,MHL,TLS,0.0,0.0,0,0.0,0.0,0.0,,0.0,,1948,2021,5370.0,0.0
MHL__TON,MHL,TON,0.0,0.0,0,0.0,0.0,1.0,,0.0,,1948,2021,3450.0,0.0
MHL__TTO,MHL,TTO,0.0,0.0,0,0.0,1.0,1.0,,0.0,,1948,2021,13852.0,0.0
MHL__TUN,MHL,TUN,0.0,0.0,0,0.0,0.0,0.0,,0.0,,1948,2021,14768.0,0.0
MHL__TUR,MHL,TUR,0.0,0.0,0,0.0,0.0,0.0,,0.0,,1948,2021,13449.0,0.0
MHL__TUV,MHL,TUV,0.0,0.0,0,0.0,0.0,0.0,,0.0,,1948,2021,1932.0,0.0
MHL__TWN,MHL,TWN,0.0,0.0,0,0.0,0.0,0.0,,0.0,,1948,2021,5655.0,8.0
MHL__TZA,MHL,TZA,0.0,0.0,0,0.0,0.0,1.0,,0.0,,1948,2021,14747.0,0.0
MHL__UGA,MHL,UGA,0.0,0.0,0,0.0,1.0,1.0,,0.0,,1948,2021,15389.0,0.0
MHL__URY,MHL,URY,0.0,0.0,0,0.0,0.0,0.0,,0.0,,1948,2021,14280.0,0.0
MHL__USA,MHL,USA,0.0,0.0,1,0.0,1.0,1.0,0.0,0.0,1986.0,1948,2021,11516.0,0.0
MHL__UZB,MHL,UZB,0.0,0.0,0,0.0,0.0,0.0,,0.0,,1948,2021,10501.0,0.0
MHL__VCT,MHL,VCT,0.0,0.0,0,0.0,1.0,1.0,,0.0,,1948,2021,13800.0,0.0
MHL__VEN,MHL,VEN,0.0,0.0,0,0.0,0.0,0.0,,0.0,,1948,2021,13292.0,0.0
MHL__VNM,MHL,VNM,0.0,0.0,0,0.0,0.0,0.0,,0.0,,1948,2021,7117.0,0.0
MHL__VUT,MHL,VUT,0.0,0.0,0,0.0,1.0,1.0,,0.0,,1948,2021,2766.0,0.0
MHL__WSM,MHL,WSM,0.0,0.0,0,0.0,1.0,1.0,,0.0,,1948,2021,2970.0,0.0
MHL__YEM,MHL,YEM,0.0,0.0,0,0.0,0.0,0.0,,0.0,,1948,2021,13773.0,148.0
MHL__ZAF,MHL,ZAF,0.0,0.0,0,0.0,1.0,1.0,,0.0,,1948,2021,15777.0,342.0
MHL__ZMB,MHL,ZMB,0.0,0.0,0,0.0,1.0,1.0,,0.0,,1948,2021,15930.5,45.0
MHL__ZWE,MHL,ZWE,0.0,0.0,0,0.0,1.0,1.0,,0.0,,1948,2021,15571.0,0.0
MLI__MMR,MLI,MMR,0.0,0.0,0,0.0,0.0,0.0,,0.0,,1948,2021,11079.0,0.0
MLI__MNG,MLI,MNG,0.0,0.0,0,0.0,0.0,0.0,,0.0,,1948,2021,10740.0,0.0
MLI__MOZ,MLI,MOZ,0.0,0.0,0,0.0,0.0,0.0,,0.0,,1948,2021,6125.0,10.0
MLI__MRT,MLI,MRT,1.0,0.0,0,1.0,0.0,0.0,,1.0,,1948,2021,1046.0,0.0
MLI__MUS,MLI,MUS,0.0,0.0,0,1.0,0.0,1.0,,0.0,,1948,2021,8036.0,0.0
MLI__MWI,MLI,MWI,0.0,0.0,0,0.0,0.0,0.0,,0.0,,1948,2021,5577.0,216.0
MLI__MYS,MLI,MYS,0.0,0.0,0,0.0,0.0,0.0,,0.0,,1948,2021,12212.5,283.0
MLI__NAM,MLI,NAM,0.0,0.0,0,0.0,0.0,0.0,,0.0,,1948,2021,4760.0,0.0
MLI__NER,MLI,NER,1.0,0.0,0,1.0,0.0,1.0,,1.0,,1948,2021,1100.0,0.0
MLI__NGA,MLI,NGA,0.0,0.0,0,0.0,0.0,0.0,,0.0,,1948,2021,1427.0,2.0
MLI__NIC,MLI,NIC,0.0,0.0,0,0.0,0.0,0.0,,0.0,,1948,2021,8472.0,0.0
MLI__NLD,MLI,NLD,0.0,0.0,0,0.0,0.0,0.0,,0.0,,1948,2021,4526.5,57.0
MLI__NPL,MLI,NPL,0.0,0.0,0,0.0,0.0,0.0,,0.0,,1948,2021,9690.0,0.0
MLI__NRU,MLI,NRU,0.0,0.0,0,0.0,0.0,0.0,,0.0,,1948,2021,18555.0,0.0
MLI__NZL,MLI,NZL,0.0,0.0,0,0.0,0.0,0.0,,0.0,,1948,2021,17307.0,0.0
MLI__OMN,MLI,OMN,0.0,0.0,0,0.0,0.0,0.0,,0.0,,1948,2021,7093.0,0.0
MLI__PAK,MLI,PAK,0.0,0.0,0,0.0,0.0,0.0,,0.0,,1948,2021,7942.0,0.0
MLI__PAN,MLI,PAN,0.0,0.0,0,0.0,0.0,0.0,,0.0,,1948,2021,7809.0,0.0
MLI__PER,MLI,PER,0.0,0.0,0,0.0,0.0,0.0,,0.0,,1948,2021,8097.0,0.0
MLI__PHL,MLI,PHL,0.0,0.0,0,0.0,0.0,0.0,,0.0,,1948,2021,13649.0,0.0
MLI__PLW,MLI,PLW,0.0,0.0,0,0.0,0.0,0.0,,0.0,,1948,2021,15329.5,5.0
MLI__PNG,MLI,PNG,0.0,0.0,0,0.0,0.0,0.0,,0.0,,1948,2021,17302.0,0.0
MLI__PRK,MLI,PRK,0.0,0.0,0,0.0,0.0,0.0,,0.0,,1948,2021,12550.0,0.0
MLI__PRT,MLI,PRT,0.0,0.0,0,0.0,0.0,0.0,,0.0,,1948,2021,2890.0,0.0
MLI__PRY,MLI,PRY,0.0,0.0,0,0.0,0.0,0.0,,0.0,,1948,2021,6827.0,0.0
MLI__QAT,MLI,QAT,0.0,0.0,0,0.0,0.0,0.0,,0.0,,1948,2021,6368.0,10.0
MLI__RWA,MLI,RWA,0.0,0.0,0,0.0,0.0,1.0,,0.0,,1948,2021,4505.0,0.0
MLI__SAU,MLI,SAU,0.0,0.0,0,0.0,0.0,0.0,,0.0,,1948,2021,5524.5,723.0
MLI__SDN,MLI,SDN,0.0,0.0,0,0.0,0.0,0.0,,0.0,,1948,2021,4382.0,0.0
MLI__SEN,MLI,SEN,1.0,0.0,0,1.0,0.0,1.0,,1.0,,1948,2021,1046.0,0.0
MLI__SGP,MLI,SGP,0.0,0.0,0,0.0,0.0,0.0,,0.0,,1948,2021,12354.0,0.0
MLI__SLB,MLI,SLB,0.0,0.0,0,0.0,0.0,0.0,,0.0,,1948,2021,18670.0,0.0
MLI__SLE,MLI,SLE,0.0,0.0,0,0.0,0.0,0.0,,0.0,,1948,2021,735.0,0.0
MLI__SLV,MLI,SLV,0.0,0.0,0,0.0,0.0,0.0,,0.0,,1948,2021,8755.0,0.0
MLI__SOM,MLI,SOM,0.0,0.0,0,0.0,0.0,0.0,,0.0,,1948,2021,5993.0,0.0
MLI__SSD,MLI,SSD,0.0,0.0,0,0.0,0.0,0.0,,0.0,,1948,2021,4434.0,0.0
MLI__STP,MLI,STP,0.0,0.0,0,0.0,0.0,0.0,,0.0,,1948,2021,2121.0,0.0
MLI__SUR,MLI,SUR,0.0,0.0,0,0.0,0.0,0.0,,0.0,,1948,2021,5229.0,0.0
MLI__SWZ,MLI,SWZ,0.0,0.0,0,0.0,0.0,0.0,,0.0,,1948,2021,6043.0,0.0
MLI__SYC,MLI,SYC,0.0,0.0,0,1.0,0.0,1.0,,0.0,,1948,2021,7272.0,0.0
MLI__SYR,MLI,SYR,0.0,0.0,0,1.0,0.0,0.0,,1.0,,1948,2021,5124.0,164.0
MLI__TCD,MLI,TCD,0.0,0.0,0,1.0,0.0,1.0,,1.0,,1948,2021,2506.0,0.0
MLI__TGO,MLI,TGO,0.0,0.0,0,1.0,0.0,1.0,,1.0,,1948,2021,1242.0,0.0
MLI__THA,MLI,THA,0.0,0.0,0,0.0,0.0,0.0,,0.0,,1948,2021,11627.0,0.0
MLI__TJK,MLI,TJK,0.0,0.0,0,0.0,0.0,0.0,,0.0,,1948,2021,8001.0,0.0
MLI__TKM,MLI,TKM,0.0,0.0,0,0.0,0.0,0.0,,0.0,,1948,2021,7091.0,0.0
MLI__TLS,MLI,TLS,0.0,0.0,0,0.0,0.0,0.0,,0.0,,1948,2021,14941.0,0.0
MLI__TON,MLI,TON,0.0,0.0,0,0.0,0.0,0.0,,0.0,,1948,2021,18370.0,0.0
MLI__TTO,MLI,TTO,0.0,0.0,0,0.0,0.0,0.0,,0.0,,1948,2021,5830.0,0.0
MLI__TUN,MLI,TUN,0.0,0.0,0,1.0,0.0,1.0,,1.0,,1948,2021,3234.0,0.0
MLI__TUR,MLI,TUR,0.0,0.0,0,0.0,0.0,0.0,,0.0,,1948,2021,4772.0,0.0
MLI__TUV,MLI,TUV,0.0,0.0,0,0.0,0.0,0.0,,0.0,,1948,2021,19117.0,0.0
MLI__TWN,MLI,TWN,0.0,0.0,0,0.0,0.0,0.0,,0.0,,1948,2021,13139.5,5.0
MLI__TZA,MLI,TZA,0.0,0.0,0,0.0,0.0,0.0,,0.0,,1948,2021,5655.0,0.0
MLI__UGA,MLI,UGA,0.0,0.0,0,0.0,0.0,0.0,,0.0,,1948,2021,4682.0,0.0
MLI__URY,MLI,URY,0.0,0.0,0,0.0,0.0,0.0,,0.0,,1948,2021,7310.0,0.0
MLI__USA,MLI,USA,0.0,0.0,0,1.0,0.0,0.0,,0.0,,1948,2021,7085.0,0.0
MLI__UZB,MLI,UZB,0.0,0.0,0,0.0,0.0,0.0,,0.0,,1948,2021,8029.0,0.0
MLI__VCT,MLI,VCT,0.0,0.0,0,0.0,0.0,0.0,,0.0,,1948,2021,5765.0,0.0
MLI__VEN,MLI,VEN,0.0,0.0,0,0.0,0.0,0.0,,0.0,,1948,2021,6413.0,0.0
MLI__VNM,MLI,VNM,0.0,0.0,0,1.0,0.0,0.0,,1.0,,1948,2021,12363.0,0.0
MLI__VUT,MLI,VUT,0.0,0.0,0,1.0,0.0,1.0,,1.0,,1948,2021,19326.0,0.0
MLI__WSM,MLI,WSM,0.0,0.0,0,0.0,0.0,0.0,,0.0,,1948,2021,18272.0,0.0
MLI__YEM,MLI,YEM,0.0,0.0,0,0.0,0.0,0.0,,0.0,,1948,2021,5570.0,130.0
MLI__ZAF,MLI,ZAF,0.0,0.0,0,0.0,0.0,0.0,,0.0,,1948,2021,5835.5,61.0
MLI__ZMB,MLI,ZMB,0.0,0.0,0,0.0,0.0,0.0,,0.0,,1948,2021,4974.5,171.0
MLI__ZWE,MLI,ZWE,0.0,0.0,0,0.0,0.0,0.0,,0.0,,1948,2021,5457.0,0.0
MMR__MNG,MMR,MNG,0.0,0.0,0,0.0,0.0,0.0,,0.0,,1948,2021,3586.0,0.0
MMR__MOZ,MMR,MOZ,0.0,0.0,0,0.0,0.0,0.0,,0.0,,1948,2021,8354.0,12.0
MMR__MRT,MMR,MRT,0.0,0.0,0,0.0,0.0,0.0,,0.0,,1948,2021,11654.0,0.0
MMR__MUS,MMR,MUS,0.0,0.0,0,1.0,0.0,0.0,,1.0,,1948,2021,5880.0,0.0
MMR__MWI,MMR,MWI,0.0,0.0,0,1.0,0.0,0.0,,1.0,,1948,2021,7636.0,34.0
MMR__MYS,MMR,MYS,0.0,0.0,0,1.0,0.0,0.0,,1.0,,1948,2021,1770.0,284.0
MMR__NAM,MMR,NAM,0.0,0.0,0,0.0,0.0,0.0,,0.0,,1948,2021,9646.0,0.0
MMR__NER,MMR,NER,0.0,0.0,0,0.0,0.0,0.0,,0.0,,1948,2021,10009.0,0.0
MMR__NGA,MMR,NGA,0.0,0.0,0,1.0,0.0,0.0,,1.0,,1948,2021,10062.5,83.0
MMR__NIC,MMR,NIC,0.0,0.0,0,0.0,0.0,0.0,,0.0,,1948,2021,16793.0,0.0
MMR__NLD,MMR,NLD,0.0,0.0,0,0.0,0.0,0.0,,0.0,,1948,2021,8649.0,38.0
MMR__NPL,MMR,NPL,0.0,0.0,0,0.0,0.0,0.0,,0.0,,1948,2021,1642.0,0.0
MMR__NRU,MMR,NRU,0.0,0.0,0,1.0,0.0,0.0,,1.0,,1948,2021,7987.0,0.0
MMR__NZL,MMR,NZL,0.0,0.0,0,1.0,0.0,0.0,,0.0,,1948,2021,10142.0,0.0
MMR__OMN,MMR,OMN,0.0,0.0,0,0.0,0.0,0.0,,0.0,,1948,2021,3986.0,0.0
MMR__PAK,MMR,PAK,1.0,0.0,0,1.0,0.0,0.0,,1.0,,1948,2021,3148.0,0.0
MMR__PAN,MMR,PAN,0.0,0.0,0,0.0,0.0,0.0,,0.0,,1948,2021,17112.0,0.0
MMR__PER,MMR,PER,0.0,0.0,0,0.0,0.0,0.0,,0.0,,1948,2021,19120.0,0.0
MMR__PHL,MMR,PHL,0.0,0.0,0,0.0,0.0,0.0,,0.0,,1948,2021,2670.0,0.0
MMR__PLW,MMR,PLW,0.0,0.0,0,1.0,0.0,0.0,,0.0,,1948,2021,4298.0,10.0
MMR__PNG,MMR,PNG,0.0,0.0,0,1.0,0.0,0.0,,0.0,,1948,2021,6322.0,0.0
MMR__PRK,MMR,PRK,0.0,0.0,0,0.0,0.0,0.0,,0.0,,1948,2021,3784.0,0.0
MMR__PRT,MMR,PRT,0.0,0.0,0,0.0,0.0,0.0,,0.0,,1948,2021,10126.0,0.0
MMR__PRY,MMR,PRY,0.0,0.0,0,0.0,0.0,0.0,,0.0,,1948,2021,17154.0,0.0
MMR__QAT,MMR,QAT,0.0,0.0,0,1.0,0.0,0.0,,1.0,,1948,2021,4716.0,10.0
MMR__RWA,MMR,RWA,0.0,0.0,0,0.0,0.0,0.0,,0.0,,1948,2021,7544.0,0.0
MMR__SAU,MMR,SAU,0.0,0.0,0,0.0,0.0,0.0,,0.0,,1948,2021,5558.0,724.0
MMR__SDN,MMR,SDN,0.0,0.0,0,1.0,0.0,0.0,,1.0,,1948,2021,6774.0,0.0
MMR__SEN,MMR,SEN,0.0,0.0,0,0.0,0.0,0.0,,0.0,,1948,2021,11947.0,0.0
MMR__SGP,MMR,SGP,0.0,0.0,0,1.0,0.0,0.0,,1.0,,1948,2021,1912.0,0.0
MMR__SLB,MMR,SLB,0.0,0.0,0,1.0,0.0,0.0,,1.0,,1948,2021,7597.0,0.0
MMR__SLE,MMR,SLE,0.0,0.0,0,1.0,0.0,0.0,,1.0,,1948,2021,11774.0,0.0
MMR__SLV,MMR,SLV,0.0,0.0,0,0.0,0.0,0.0,,0.0,,1948,2021,16581.0,0.0
MMR__SOM,MMR,SOM,0.0,0.0,0,1.0,0.0,0.0,,1.0,,1948,2021,5793.0,0.0
MMR__SSD,MMR,SSD,0.0,0.0,0,0.0,0.0,0.0,,1.0,,1948,2021,7155.0,0.0
MMR__STP,MMR,STP,0.0,0.0,0,0.0,0.0,0.0,,0.0,,1948,2021,9946.0,0.0
MMR__SUR,MMR,SUR,0.0,0.0,0,0.0,0.0,0.0,,0.0,,1948,2021,15993.0,0.0
MMR__SWZ,MMR,SWZ,0.0,0.0,0,1.0,0.0,0.0,,1.0,,1948,2021,8496.0,0.0
MMR__SYC,MMR,SYC,0.0,0.0,0,1.0,0.0,0.0,,1.0,,1948,2021,5066.0,0.0
MMR__SYR,MMR,SYR,0.0,0.0,0,0.0,0.0,0.0,,0.0,,1948,2021,6192.5,63.0
MMR__TCD,MMR,TCD,0.0,0.0,0,0.0,0.0,0.0,,0.0,,1948,2021,8702.0,0.0
MMR__TGO,MMR,TGO,0.0,0.0,0,0.0,0.0,0.0,,0.0,,1948,2021,10345.0,0.0
MMR__THA,MMR,THA,1.0,0.0,0,0.0,0.0,0.0,,0.0,,1948,2021,580.0,0.0
MMR__TJK,MMR,TJK,0.0,0.0,0,0.0,0.0,0.0,,0.0,,1948,2021,3592.0,0.0
MMR__TKM,MMR,TKM,0.0,0.0,0,0.0,0.0,0.0,,0.0,,1948,2021,4365.0,0.0
MMR__TLS,MMR,TLS,0.0,0.0,0,0.0,0.0,0.0,,0.0,,1948,2021,4284.0,0.0
MMR__TON,MMR,TON,0.0,0.0,0,1.0,0.0,0.0,,1.0,,1948,2021,10540.0,0.0
MMR__TTO,MMR,TTO,0.0,0.0,0,1.0,0.0,0.0,,1.0,,1948,2021,16109.0,0.0
MMR__TUN,MMR,TUN,0.0,0.0,0,0.0,0.0,0.0,,0.0,,1948,2021,8562.0,0.0
MMR__TUR,MMR,TUR,0.0,0.0,0,0.0,0.0,0.0,,0.0,,1948,2021,6901.0,0.0
MMR__TUV,MMR,TUV,0.0,0.0,0,1.0,0.0,0.0,,1.0,,1948,2021,9555.0,0.0
MMR__TWN,MMR,TWN,0.0,0.0,0,0.0,0.0,0.0,,0.0,,1948,2021,2783.5,9.0
MMR__TZA,MMR,TZA,0.0,0.0,0,1.0,0.0,0.0,,1.0,,1948,2021,6784.0,0.0
MMR__UGA,MMR,UGA,0.0,0.0,0,1.0,0.0,0.0,,1.0,,1948,2021,7198.0,0.0
MMR__URY,MMR,URY,0.0,0.0,0,0.0,0.0,0.0,,0.0,,1948,2021,16622.0,0.0
MMR__USA,MMR,USA,0.0,0.0,0,1.0,0.0,0.0,,0.0,,1948,2021,13556.0,0.0
MMR__UZB,MMR,UZB,0.0,0.0,0,0.0,0.0,0.0,,0.0,,1948,2021,3742.0,0.0
MMR__VCT,MMR,VCT,0.0,0.0,0,1.0,0.0,0.0,,1.0,,1948,2021,15872.0,0.0
MMR__VEN,MMR,VEN,0.0,0.0,0,0.0,0.0,0.0,,0.0,,1948,2021,16463.0,0.0
MMR__VNM,MMR,VNM,0.0,0.0,0,0.0,0.0,0.0,,0.0,,1948,2021,1319.0,0.0
MMR__VUT,MMR,VUT,0.0,0.0,0,1.0,0.0,0.0,,1.0,,1948,2021,8782.0,0.0
MMR__WSM,MMR,WSM,0.0,0.0,0,0.0,0.0,0.0,,0.0,,1948,2021,10669.0,0.0
MMR__YEM,MMR,YEM,0.0,0.0,0,1.0,0.0,0.0,,1.0,,1948,2021,5615.5,143.0
MMR__ZAF,MMR,ZAF,0.0,0.0,0,1.0,0.0,0.0,,0.0,,1948,2021,9361.0,1186.0
MMR__ZMB,MMR,ZMB,0.0,0.0,0,1.0,0.0,0.0,,1.0,,1948,2021,8210.0,102.0
MMR__ZWE,MMR,ZWE,0.0,0.0,0,1.0,0.0,0.0,,1.0,,1948,2021,8097.0,0.0
MNG__MOZ,MNG,MOZ,0.0,0.0,0,0.0,0.0,0.0,,0.0,,1948,2021,11030.0,8.0
MNG__MRT,MNG,MRT,0.0,0.0,0,0.0,0.0,0.0,,0.0,,1948,2021,10761.0,0.0
MNG__MUS,MNG,MUS,0.0,0.0,0,0.0,0.0,0.0,,0.0,,1948,2021,9002.0,0.0
MNG__MWI,MNG,MWI,0.0,0.0,0,0.0,0.0,0.0,,0.0,,1948,2021,9968.0,70.0
MNG__MYS,MNG,MYS,0.0,0.0,0,0.0,0.0,0.0,,0.0,,1948,2021,5080.0,188.0
MNG__NAM,MNG,NAM,0.0,0.0,0,0.0,0.0,0.0,,0.0,,1948,2021,11822.0,0.0
MNG__NER,MNG,NER,0.0,0.0,0,0.0,0.0,0.0,,0.0,,1948,2021,9974.0,0.0
MNG__NGA,MNG,NGA,0.0,0.0,0,0.0,0.0,0.0,,0.0,,1948,2021,10417.5,115.0
MNG__NIC,MNG,NIC,0.0,0.0,0,0.0,0.0,0.0,,0.0,,1948,2021,13229.0,0.0
MNG__NLD,MNG,NLD,0.0,0.0,0,0.0,0.0,0.0,,0.0,,1948,2021,6699.0,54.0
MNG__NPL,MNG,NPL,0.0,0.0,0,0.0,0.0,0.0,,0.0,,1948,2021,2918.0,0.0
MNG__NRU,MNG,NRU,0.0,0.0,0,0.0,0.0,0.0,,0.0,,1948,2021,7873.0,0.0
MNG__NZL,MNG,NZL,0.0,0.0,0,0.0,0.0,0.0,,0.0,,1948,2021,11550.0,0.0
MNG__OMN,MNG,OMN,0.0,0.0,0,0.0,0.0,0.0,,0.0,,1948,2021,5020.0,0.0
MNG__PAK,MNG,PAK,0.0,0.0,0,0.0,0.0,0.0,,0.0,,1948,2021,4315.0,0.0
MNG__PAN,MNG,PAN,0.0,0.0,0,0.0,0.0,0.0,,0.0,,1948,2021,13670.0,0.0
MNG__PER,MNG,PER,0.0,0.0,0,0.0,0.0,0.0,,0.0,,1948,2021,16011.0,0.0
MNG__PHL,MNG,PHL,0.0,0.0,0,0.0,0.0,0.0,,0.0,,1948,2021,3915.0,0.0
MNG__PLW,MNG,PLW,0.0,0.0,0,0.0,0.0,0.0,,0.0,,1948,2021,5193.5,9.0
MNG__PNG,MNG,PNG,0.0,0.0,0,0.0,0.0,0.0,,0.0,,1948,2021,7489.0,0.0
MNG__PRK,MNG,PRK,0.0,0.0,0,0.0,0.0,0.0,,0.0,,1948,2021,1810.0,0.0
MNG__PRT,MNG,PRT,0.0,0.0,0,0.0,0.0,0.0,,0.0,,1948,2021,8520.0,0.0
MNG__PRY,MNG,PRY,0.0,0.0,0,0.0,0.0,0.0,,0.0,,1948,2021,17155.0,0.0
MNG__QAT,MNG,QAT,0.0,0.0,0,0.0,0.0,0.0,,0.0,,1948,2021,5414.0,6.0
MNG__RWA,MNG,RWA,0.0,0.0,0,0.0,0.0,0.0,,0.0,,1948,2021,9191.0,0.0
MNG__SAU,MNG,SAU,0.0,0.0,0,0.0,0.0,0.0,,0.0,,1948,2021,6194.5,763.0
MNG__SDN,MNG,SDN,0.0,0.0,0,0.0,0.0,0.0,,0.0,,1948,2021,7578.0,0.0
MNG__SEN,MNG,SEN,0.0,0.0,0,0.0,0.0,0.0,,0.0,,1948,2021,11159.0,0.0
MNG__SGP,MNG,SGP,0.0,0.0,0,0.0,0.0,0.0,,0.0,,1948,2021,5174.0,0.0
MNG__SLB,MNG,SLB,0.0,0.0,0,0.0,0.0,0.0,,0.0,,1948,2021,8214.0,0.0
MNG__SLE,MNG,SLE,0.0,0.0,0,0.0,0.0,0.0,,0.0,,1948,2021,11453.0,0.0
MNG__SLV,MNG,SLV,0.0,0.0,0,0.0,0.0,0.0,,0.0,,1948,2021,12999.0,0.0
MNG__SOM,MNG,SOM,0.0,0.0,0,0.0,0.0,0.0,,0.0,,1948,2021,7755.0,0.0
MNG__SSD,MNG,SSD,0.0,0.0,0,0.0,0.0,0.0,,0.0,,1948,2021,8516.0,0.0
MNG__STP,MNG,STP,0.0,0.0,0,0.0,0.0,0.0,,0.0,,1948,2021,10739.0,0.0
MNG__SUR,MNG,SUR,0.0,0.0,0,0.0,0.0,0.0,,0.0,,1948,2021,13795.0,0.0
MNG__SWZ,MNG,SWZ,0.0,0.0,0,0.0,0.0,0.0,,0.0,,1948,2021,11151.0,0.0
MNG__SYC,MNG,SYC,0.0,0.0,0,0.0,0.0,0.0,,0.0,,1948,2021,7672.0,0.0
MNG__SYR,MNG,SYR,0.0,0.0,0,0.0,0.0,0.0,,0.0,,1948,2021,5835.0,244.0
MNG__TCD,MNG,TCD,0.0,0.0,0,0.0,0.0,0.0,,0.0,,1948,2021,9156.0,0.0
MNG__TGO,MNG,TGO,0.0,0.0,0,0.0,0.0,0.0,,0.0,,1948,2021,10659.0,0.0
MNG__THA,MNG,THA,0.0,0.0,0,0.0,0.0,0.0,,0.0,,1948,2021,3836.0,0.0
MNG__TJK,MNG,TJK,0.0,0.0,0,0.0,0.0,0.0,,0.0,,1948,2021,3228.0,0.0
MNG__TKM,MNG,TKM,0.0,0.0,0,0.0,0.0,0.0,,0.0,,1948,2021,4039.0,0.0
MNG__TLS,MNG,TLS,0.0,0.0,0,0.0,0.0,0.0,,0.0,,1948,2021,6520.0,0.0
MNG__TON,MNG,TON,0.0,0.0,0,0.0,0.0,0.0,,0.0,,1948,2021,10868.0,0.0
MNG__TTO,MNG,TTO,0.0,0.0,0,0.0,0.0,0.0,,0.0,,1948,2021,13416.0,0.0
MNG__TUN,MNG,TUN,0.0,0.0,0,0.0,0.0,0.0,,0.0,,1948,2021,7530.0,0.0
MNG__TUR,MNG,TUR,0.0,0.0,0,0.0,0.0,0.0,,0.0,,1948,2021,5982.0,0.0
MNG__TUV,MNG,TUV,0.0,0.0,0,0.0,0.0,0.0,,0.0,,1948,2021,9416.0,0.0
MNG__TWN,MNG,TWN,0.0,0.0,0,0.0,0.0,0.0,,0.0,,1948,2021,2846.0,0.0
MNG__TZA,MNG,TZA,0.0,0.0,0,0.0,0.0,0.0,,0.0,,1948,2021,8942.0,0.0
MNG__UGA,MNG,UGA,0.0,0.0,0,0.0,0.0,0.0,,0.0,,1948,2021,8817.0,0.0
MNG__URY,MNG,URY,0.0,0.0,0,0.0,0.0,0.0,,0.0,,1948,2021,17992.0,0.0
MNG__USA,MNG,USA,0.0,0.0,0,0.0,0.0,0.0,,0.0,,1948,2021,10186.0,0.0
MNG__UZB,MNG,UZB,0.0,0.0,0,0.0,0.0,0.0,,0.0,,1948,2021,3048.0,0.0
MNG__VCT,MNG,VCT,0.0,0.0,0,0.0,0.0,0.0,,0.0,,1948,2021,13139.0,0.0
MNG__VEN,MNG,VEN,0.0,0.0,0,0.0,0.0,0.0,,0.0,,1948,2021,13507.0,0.0
MNG__VNM,MNG,VNM,0.0,0.0,0,0.0,0.0,0.0,,0.0,,1948,2021,4119.0,0.0
MNG__VUT,MNG,VUT,0.0,0.0,0,0.0,0.0,0.0,,0.0,,1948,2021,9486.0,0.0
MNG__WSM,MNG,WSM,0.0,0.0,0,0.0,0.0,0.0,,0.0,,1948,2021,10506.0,0.0
MNG__YEM,MNG,YEM,0.0,0.0,0,0.0,0.0,0.0,,0.0,,1948,2021,6794.5,137.0
MNG__ZAF,MNG,ZAF,0.0,0.0,0,0.0,0.0,0.0,,0.0,,1948,2021,11978.0,1260.0
MNG__ZMB,MNG,ZMB,0.0,0.0,0,0.0,0.0,0.0,,0.0,,1948,2021,10336.0,210.0
MNG__ZWE,MNG,ZWE,0.0,0.0,0,0.0,0.0,0.0,,0.0,,1948,2021,10448.0,0.0
MOZ__MRT,MOZ,MRT,0.0,0.0,0,0.0,0.0,0.0,,0.0,,1948,2021,7161.0,10.0
MOZ__MUS,MOZ,MUS,0.0,0.0,0,0.0,0.0,0.0,,0.0,,1948,2021,2634.0,12.0
MOZ__MWI,MOZ,MWI,1.0,0.0,0,0.0,0.0,0.0,,0.0,,1948,2021,1245.0,180.0
MOZ__MYS,MOZ,MYS,0.0,0.0,0,0.0,0.0,0.0,,0.0,,1948,2021,8152.5,117.0
MOZ__NAM,MOZ,NAM,0.0,0.0,0,0.0,0.0,0.0,,0.0,,1948,2021,1611.5,13.0
MOZ__NER,MOZ,NER,0.0,0.0,0,0.0,0.0,0.0,,0.0,,1948,2021,5471.0,8.0
MOZ__NGA,MOZ,NGA,0.0,0.0,0,0.0,0.0,0.0,,0.0,,1948,2021,4794.0,54.0
MOZ__NIC,MOZ,NIC,0.0,0.0,0,0.0,0.0,0.0,,0.0,,1948,2021,13463.5,13.0
MOZ__NLD,MOZ,NLD,0.0,0.0,0,0.0,0.0,0.0,,0.0,,1948,2021,9071.0,34.0
MOZ__NPL,MOZ,NPL,0.0,0.0,0,0.0,0.0,0.0,,0.0,,1948,2021,8198.5,9.0
MOZ__NRU,MOZ,NRU,0.0,0.0,0,0.0,0.0,0.0,,0.0,,1948,2021,14321.0,12.0
MOZ__NZL,MOZ,NZL,0.0,0.0,0,0.0,0.0,0.0,,0.0,,1948,2021,12009.5,7.0
MOZ__OMN,MOZ,OMN,0.0,0.0,0,0.0,0.0,0.0,,0.0,,1948,2021,6162.0,6.0
MOZ__PAK,MOZ,PAK,0.0,0.0,0,0.0,0.0,0.0,,0.0,,1948,2021,6744.5,7.0
MOZ__PAN,MOZ,PAN,0.0,0.0,0,0.0,0.0,0.0,,0.0,,1948,2021,12649.5,13.0
MOZ__PER,MOZ,PER,0.0,0.0,0,0.0,0.0,0.0,,0.0,,1948,2021,11324.0,12.0
MOZ__PHL,MOZ,PHL,0.0,0.0,0,0.0,0.0,0.0,,0.0,,1948,2021,10563.5,13.0
MOZ__PLW,MOZ,PLW,0.0,0.0,0,0.0,0.0,0.0,,0.0,,1948,2021,11574.0,34.0
MOZ__PNG,MOZ,PNG,0.0,0.0,0,0.0,0.0,0.0,,0.0,,1948,2021,11951.0,12.0
MOZ__PRK,MOZ,PRK,0.0,0.0,0,0.0,0.0,0.0,,0.0,,1948,2021,12041.5,11.0
MOZ__PRT,MOZ,PRT,0.0,1.0,1,0.0,1.0,1.0,0.0,0.0,1975.0,1948,2021,8372.0,8.0
MOZ__PRY,MOZ,PRY,0.0,0.0,0,0.0,0.0,0.0,,0.0,,1948,2021,8838.0,12.0
MOZ__QAT,MOZ,QAT,0.0,0.0,0,0.0,0.0,0.0,,0.0,,1948,2021,6025.0,2.0
MOZ__RWA,MOZ,RWA,0.0,0.0,0,0.0,0.0,0.0,,0.0,,1948,2021,2670.5,1.0
MOZ__SAU,MOZ,SAU,0.0,0.0,0,0.0,0.0,0.0,,0.0,,1948,2021,5555.0,510.0
MOZ__SDN,MOZ,SDN,0.0,0.0,0,0.0,0.0,0.0,,0.0,,1948,2021,4593.0,0.0
MOZ__SEN,MOZ,SEN,0.0,0.0,0,0.0,0.0,0.0,,0.0,,1948,2021,7036.5,11.0
MOZ__SGP,MOZ,SGP,0.0,0.0,0,0.0,0.0,0.0,,0.0,,1948,2021,8217.0,12.0
MOZ__SLB,MOZ,SLB,0.0,0.0,0,0.0,0.0,0.0,,0.0,,1948,2021,13120.5,11.0
MOZ__SLE,MOZ,SLE,0.0,0.0,0,0.0,0.0,0.0,,0.0,,1948,2021,6245.5,11.0
MOZ__SLV,MOZ,SLV,0.0,0.0,0,0.0,0.0,0.0,,0.0,,1948,2021,13824.5,13.0
MOZ__SOM,MOZ,SOM,0.0,0.0,0,0.0,0.0,0.0,,0.0,,1948,2021,3392.0,6.0
MOZ__SSD,MOZ,SSD,0.0,0.0,0,0.0,0.0,0.0,,0.0,,1948,2021,3410.5,1.0
MOZ__STP,MOZ,STP,0.0,0.0,0,1.0,1.0,1.0,,1.0,,1948,2021,4018.0,10.0
MOZ__SUR,MOZ,SUR,0.0,0.0,0,0.0,0.0,0.0,,0.0,,1948,2021,10068.5,13.0
MOZ__SWZ,MOZ,SWZ,1.0,0.0,0,0.0,0.0,0.0,,0.0,,1948,2021,144.5,13.0
MOZ__SYC,MOZ,SYC,0.0,0.0,0,0.0,0.0,0.0,,0.0,,1948,2021,3399.0,10.0
MOZ__SYR,MOZ,SYR,0.0,0.0,0,0.0,0.0,0.0,,0.0,,1948,2021,6746.5,305.0
MOZ__TCD,MOZ,TCD,0.0,0.0,0,0.0,0.0,0.0,,0.0,,1948,2021,4618.0,6.0
MOZ__TGO,MOZ,TGO,0.0,0.0,0,0.0,0.0,0.0,,0.0,,1948,2021,4905.0,10.0
MOZ__THA,MOZ,THA,0.0,0.0,0,0.0,0.0,0.0,,0.0,,1948,2021,8569.0,12.0
MOZ__TJK,MOZ,TJK,0.0,0.0,0,0.0,0.0,0.0,,0.0,,1948,2021,8078.0,6.0
MOZ__TKM,MOZ,TKM,0.0,0.0,0,0.0,0.0,0.0,,0.0,,1948,2021,7573.0,4.0
MOZ__TLS,MOZ,TLS,0.0,0.0,0,0.0,0.0,1.0,,1.0,,1948,2021,9904.5,13.0
MOZ__TON,MOZ,TON,0.0,0.0,0,0.0,0.0,0.0,,0.0,,1948,2021,14001.5,7.0
MOZ__TTO,MOZ,TTO,0.0,0.0,0,0.0,0.0,0.0,,0.0,,1948,2021,10927.5,13.0
MOZ__TUN,MOZ,TUN,0.0,0.0,0,0.0,0.0,0.0,,0.0,,1948,2021,7334.0,4.0
MOZ__TUR,MOZ,TUR,0.0,0.0,0,0.0,0.0,0.0,,0.0,,1948,2021,7424.5,1.0
MOZ__TUV,MOZ,TUV,0.0,0.0,0,0.0,0.0,0.0,,0.0,,1948,2021,14770.0,10.0
MOZ__TWN,MOZ,TWN,0.0,0.0,0,0.0,0.0,0.0,,0.0,,1948,2021,11092.5,11.0
MOZ__TZA,MOZ,TZA,1.0,0.0,0,0.0,0.0,0.0,,0.0,,1948,2021,2236.0,4.0
MOZ__UGA,MOZ,UGA,0.0,0.0,0,0.0,0.0,0.0,,0.0,,1948,2021,2908.0,0.0
MOZ__URY,MOZ,URY,0.0,0.0,0,0.0,0.0,0.0,,0.0,,1948,2021,8301.5,11.0
MOZ__USA,MOZ,USA,0.0,0.0,0,0.0,0.0,0.0,,0.0,,1948,2021,13188.5,11.0
MOZ__UZB,MOZ,UZB,0.0,0.0,0,0.0,0.0,0.0,,0.0,,1948,2021,8350.0,6.0
MOZ__VCT,MOZ,VCT,0.0,0.0,0,0.0,0.0,0.0,,0.0,,1948,2021,11014.5,13.0
MOZ__VEN,MOZ,VEN,0.0,0.0,0,0.0,0.0,0.0,,0.0,,1948,2021,11453.5,13.0
MOZ__VNM,MOZ,VNM,0.0,0.0,0,0.0,0.0,0.0,,0.0,,1948,2021,8985.5,13.0
MOZ__VUT,MOZ,VUT,0.0,0.0,0,0.0,0.0,0.0,,0.0,,1948,2021,13219.0,10.0
MOZ__WSM,MOZ,WSM,0.0,0.0,0,0.0,0.0,0.0,,0.0,,1948,2021,14883.0,8.0
MOZ__YEM,MOZ,YEM,0.0,0.0,0,0.0,0.0,0.0,,0.0,,1948,2021,4696.0,98.0
MOZ__ZAF,MOZ,ZAF,1.0,0.0,0,0.0,0.0,0.0,,0.0,,1948,2021,1034.0,1182.0
MOZ__ZMB,MOZ,ZMB,1.0,0.0,0,0.0,0.0,0.0,,0.0,,1948,2021,1386.0,280.0
MOZ__ZWE,MOZ,ZWE,1.0,0.0,0,0.0,0.0,0.0,,0.0,,1948,2021,913.5,3.0
MRT__MUS,MRT,MUS,0.0,0.0,0,1.0,0.0,0.0,,0.0,,1948,2021,9067.0,0.0
MRT__MWI,MRT,MWI,0.0,0.0,0,0.0,0.0,0.0,,0.0,,1948,2021,6620.5,217.0
MRT__MYS,MRT,MYS,0.0,0.0,0,0.0,0.0,0.0,,0.0,,1948,2021,12958.5,299.0
MRT__NAM,MRT,NAM,0.0,0.0,0,0.0,0.0,0.0,,0.0,,1948,2021,5759.0,0.0
MRT__NER,MRT,NER,0.0,0.0,0,1.0,0.0,1.0,,1.0,,1948,2021,2002.0,0.0
MRT__NGA,MRT,NGA,0.0,0.0,0,0.0,0.0,0.0,,0.0,,1948,2021,2462.0,8.0
MRT__NIC,MRT,NIC,0.0,0.0,0,0.0,0.0,0.0,,0.0,,1948,2021,7541.0,0.0
MRT__NLD,MRT,NLD,0.0,0.0,0,0.0,0.0,0.0,,0.0,,1948,2021,4189.5,57.0
MRT__NPL,MRT,NPL,0.0,0.0,0,0.0,0.0,0.0,,0.0,,1948,2021,10154.0,0.0
MRT__NRU,MRT,NRU,0.0,0.0,0,0.0,0.0,0.0,,0.0,,1948,2021,18037.0,0.0
MRT__NZL,MRT,NZL,0.0,0.0,0,0.0,0.0,0.0,,0.0,,1948,2021,17677.0,0.0
MRT__OMN,MRT,OMN,0.0,0.0,0,0.0,0.0,1.0,,0.0,,1948,2021,7700.0,0.0
MRT__PAK,MRT,PAK,0.0,0.0,0,0.0,0.0,0.0,,0.0,,1948,2021,8510.0,0.0
MRT__PAN,MRT,PAN,0.0,0.0,0,0.0,0.0,0.0,,0.0,,1948,2021,6921.0,0.0
MRT__PER,MRT,PER,0.0,0.0,0,0.0,0.0,0.0,,0.0,,1948,2021,7487.0,0.0
MRT__PHL,MRT,PHL,0.0,0.0,0,0.0,0.0,0.0,,0.0,,1948,2021,14077.0,0.0
MRT__PLW,MRT,PLW,0.0,0.0,0,0.0,0.0,0.0,,0.0,,1948,2021,15727.0,0.0
MRT__PNG,MRT,PNG,0.0,0.0,0,0.0,0.0,0.0,,0.0,,1948,2021,17974.0,0.0
MRT__PRK,MRT,PRK,0.0,0.0,0,0.0,0.0,0.0,,0.0,,1948,2021,12538.0,0.0
MRT__PRT,MRT,PRT,0.0,0.0,0,0.0,0.0,0.0,,0.0,,1948,2021,2381.0,0.0
MRT__PRY,MRT,PRY,0.0,0.0,0,0.0,0.0,0.0,,0.0,,1948,2021,6588.0,0.0
MRT__QAT,MRT,QAT,0.0,0.0,0,0.0,0.0,1.0,,0.0,,1948,2021,6957.0,10.0
MRT__RWA,MRT,RWA,0.0,0.0,0,0.0,0.0,0.0,,0.0,,1948,2021,5509.0,0.0
MRT__SAU,MRT,SAU,0.0,0.0,0,0.0,0.0,1.0,,0.0,,1948,2021,6159.5,659.0
MRT__SDN,MRT,SDN,0.0,0.0,0,0.0,0.0,1.0,,0.0,,1948,2021,5164.0,0.0
MRT__SEN,MRT,SEN,1.0,0.0,0,1.0,0.0,0.0,,1.0,,1948,2021,407.0,0.0
MRT__SGP,MRT,SGP,0.0,0.0,0,0.0,0.0,0.0,,0.0,,1948,2021,13108.0,0.0
MRT__SLB,MRT,SLB,0.0,0.0,0,0.0,0.0,0.0,,0.0,,1948,2021,18956.0,0.0
MRT__SLE,MRT,SLE,0.0,0.0,0,0.0,0.0,0.0,,0.0,,1948,2021,1103.0,0.0
MRT__SLV,MRT,SLV,0.0,0.0,0,0.0,0.0,0.0,,0.0,,1948,2021,7806.0,0.0
MRT__SOM,MRT,SOM,0.0,0.0,0,0.0,0.0,1.0,,0.0,,1948,2021,6918.0,0.0
MRT__SSD,MRT,SSD,0.0,0.0,0,0.0,0.0,1.0,,0.0,,1948,2021,5373.0,0.0
MRT__STP,MRT,STP,0.0,0.0,0,0.0,0.0,0.0,,0.0,,1948,2021,3166.0,0.0
MRT__SUR,MRT,SUR,0.0,0.0,0,0.0,0.0,0.0,,0.0,,1948,2021,4465.0,0.0
MRT__SWZ,MRT,SWZ,0.0,0.0,0,0.0,0.0,0.0,,0.0,,1948,2021,7076.0,0.0
MRT__SYC,MRT,SYC,0.0,0.0,0,1.0,0.0,0.0,,0.0,,1948,2021,8226.0,0.0
MRT__SYR,MRT,SYR,0.0,0.0,0,1.0,0.0,1.0,,1.0,,1948,2021,5507.0,106.0
MRT__TCD,MRT,TCD,0.0,0.0,0,1.0,0.0,1.0,,1.0,,1948,2021,3395.0,0.0
MRT__TGO,MRT,TGO,0.0,0.0,0,1.0,0.0,0.0,,1.0,,1948,2021,2288.0,0.0
MRT__THA,MRT,THA,0.0,0.0,0,0.0,0.0,0.0,,0.0,,1948,2021,12223.0,0.0
MRT__TJK,MRT,TJK,0.0,0.0,0,0.0,0.0,0.0,,0.0,,1948,2021,8335.0,0.0
MRT__TKM,MRT,TKM,0.0,0.0,0,0.0,0.0,0.0,,0.0,,1948,2021,7445.0,0.0
MRT__TLS,MRT,TLS,0.0,0.0,0,0.0,0.0,0.0,,0.0,,1948,2021,15746.0,0.0
MRT__TON,MRT,TON,0.0,0.0,0,0.0,0.0,0.0,,0.0,,1948,2021,17829.0,0.0
MRT__TTO,MRT,TTO,0.0,0.0,0,0.0,0.0,0.0,,0.0,,1948,2021,4967.0,0.0
MRT__TUN,MRT,TUN,0.0,0.0,0,1.0,0.0,1.0,,1.0,,1948,2021,3295.0,0.0
MRT__TUR,MRT,TUR,0.0,0.0,0,0.0,0.0,0.0,,0.0,,1948,2021,4967.0,0.0
MRT__TUV,MRT,TUV,0.0,0.0,0,0.0,0.0,0.0,,0.0,,1948,2021,18072.0,0.0
MRT__TWN,MRT,TWN,0.0,0.0,0,0.0,0.0,0.0,,0.0,,1948,2021,13387.0,4.0
MRT__TZA,MRT,TZA,0.0,0.0,0,0.0,0.0,0.0,,0.0,,1948,2021,6664.0,0.0
MRT__UGA,MRT,UGA,0.0,0.0,0,0.0,0.0,0.0,,0.0,,1948,2021,5661.0,0.0
MRT__URY,MRT,URY,0.0,0.0,0,0.0,0.0,0.0,,0.0,,1948,2021,7236.0,0.0
MRT__USA,MRT,USA,0.0,0.0,0,1.0,0.0,0.0,,0.0,,1948,2021,6040.0,0.0
MRT__UZB,MRT,UZB,0.0,0.0,0,0.0,0.0,0.0,,0.0,,1948,2021,8313.0,0.0
MRT__VCT,MRT,VCT,0.0,0.0,0,0.0,0.0,0.0,,0.0,,1948,2021,4871.0,0.0
MRT__VEN,MRT,VEN,0.0,0.0,0,0.0,0.0,0.0,,0.0,,1948,2021,5540.0,0.0
MRT__VNM,MRT,VNM,0.0,0.0,0,1.0,0.0,0.0,,1.0,,1948,2021,12968.0,0.0
MRT__VUT,MRT,VUT,0.0,0.0,0,1.0,0.0,0.0,,1.0,,1948,2021,19577.0,0.0
MRT__WSM,MRT,WSM,0.0,0.0,0,0.0,0.0,0.0,,0.0,,1948,2021,17402.0,0.0
MRT__YEM,MRT,YEM,0.0,0.0,0,0.0,0.0,1.0,,0.0,,1948,2021,6338.5,119.0
MRT__ZAF,MRT,ZAF,0.0,0.0,0,0.0,0.0,0.0,,0.0,,1948,2021,6823.5,17.0
MRT__ZMB,MRT,ZMB,0.0,0.0,0,0.0,0.0,0.0,,0.0,,1948,2021,6020.5,171.0
MRT__ZWE,MRT,ZWE,0.0,0.0,0,0.0,0.0,0.0,,0.0,,1948,2021,6503.0,0.0
MUS__MWI,MUS,MWI,0.0,0.0,0,1.0,1.0,1.0,,1.0,,1948,2021,2521.0,184.0
MUS__MYS,MUS,MYS,0.0,0.0,0,1.0,0.0,0.0,,1.0,,1948,2021,5527.0,112.0
MUS__NAM,MUS,NAM,0.0,0.0,0,0.0,1.0,1.0,,0.0,,1948,2021,4188.0,0.0
MUS__NER,MUS,NER,0.0,0.0,0,1.0,1.0,1.0,,0.0,,1948,2021,7116.0,0.0
MUS__NGA,MUS,NGA,0.0,0.0,0,1.0,1.0,1.0,,1.0,,1948,2021,6611.0,0.0
MUS__NIC,MUS,NIC,0.0,0.0,0,0.0,0.0,0.0,,0.0,,1948,2021,16064.0,0.0
MUS__NLD,MUS,NLD,0.0,0.0,0,0.0,0.0,0.0,,0.0,,1948,2021,9502.0,12.0
MUS__NPL,MUS,NPL,0.0,0.0,0,0.0,0.0,0.0,,0.0,,1948,2021,6085.0,0.0
MUS__NRU,MUS,NRU,0.0,0.0,0,1.0,1.0,1.0,,1.0,,1948,2021,12020.0,0.0
MUS__NZL,MUS,NZL,0.0,0.0,0,1.0,1.0,1.0,,0.0,,1948,2021,10903.0,0.0
MUS__OMN,MUS,OMN,0.0,0.0,0,0.0,0.0,0.0,,0.0,,1948,2021,4844.0,0.0
MUS__PAK,MUS,PAK,0.0,0.0,0,1.0,1.0,1.0,,1.0,,1948,2021,5093.0,0.0
MUS__PAN,MUS,PAN,0.0,0.0,0,0.0,0.0,0.0,,0.0,,1948,2021,15255.0,0.0
MUS__PER,MUS,PER,0.0,0.0,0,0.0,0.0,0.0,,0.0,,1948,2021,13902.0,0.0
MUS__PHL,MUS,PHL,0.0,0.0,0,0.0,1.0,1.0,,0.0,,1948,2021,7939.0,0.0
MUS__PLW,MUS,PLW,0.0,0.0,0,1.0,1.0,1.0,,0.0,,1948,2021,8961.5,21.0
MUS__PNG,MUS,PNG,0.0,0.0,0,1.0,1.0,1.0,,0.0,,1948,2021,9626.0,0.0
MUS__PRK,MUS,PRK,0.0,0.0,0,0.0,0.0,0.0,,0.0,,1948,2021,9657.0,0.0
MUS__PRT,MUS,PRT,0.0,0.0,0,0.0,0.0,0.0,,0.0,,1948,2021,9517.0,0.0
MUS__PRY,MUS,PRY,0.0,0.0,0,0.0,0.0,0.0,,0.0,,1948,2021,11393.0,0.0
MUS__QAT,MUS,QAT,0.0,0.0,0,1.0,0.0,0.0,,1.0,,1948,2021,5069.5,3.0
MUS__RWA,MUS,RWA,0.0,0.0,0,0.0,1.0,1.0,,0.0,,1948,2021,3600.0,0.0
MUS__SAU,MUS,SAU,0.0,0.0,0,0.0,0.0,0.0,,0.0,,1948,2021,5042.0,112.0
MUS__SDN,MUS,SDN,0.0,0.0,0,1.0,0.0,0.0,,1.0,,1948,2021,4803.0,0.0
MUS__SEN,MUS,SEN,0.0,0.0,0,1.0,1.0,1.0,,0.0,,1948,2021,9059.0,0.0
MUS__SGP,MUS,SGP,0.0,0.0,0,1.0,1.0,1.0,,1.0,,1948,2021,5583.0,0.0
MUS__SLB,MUS,SLB,0.0,0.0,0,1.0,0.0,1.0,,1.0,,1948,2021,10936.0,0.0
MUS__SLE,MUS,SLE,0.0,0.0,0,1.0,1.0,1.0,,1.0,,1948,2021,8363.0,0.0
MUS__SLV,MUS,SLV,0.0,0.0,0,0.0,0.0,0.0,,0.0,,1948,2021,16419.0,0.0
MUS__SOM,MUS,SOM,0.0,0.0,0,1.0,0.0,1.0,,1.0,,1948,2021,2792.0,0.0
MUS__SSD,MUS,SSD,0.0,0.0,0,0.0,0.0,0.0,,1.0,,1948,2021,3961.0,0.0
MUS__STP,MUS,STP,0.0,0.0,0,0.0,0.0,0.0,,0.0,,1948,2021,5976.0,0.0
MUS__SUR,MUS,SUR,0.0,0.0,0,0.0,0.0,0.0,,0.0,,1948,2021,12606.0,0.0
MUS__SWZ,MUS,SWZ,0.0,0.0,0,1.0,0.0,1.0,,1.0,,1948,2021,2777.0,0.0
MUS__SYC,MUS,SYC,0.0,0.0,0,1.0,1.0,1.0,,1.0,,1948,2021,1734.0,0.0
MUS__SYR,MUS,SYR,0.0,0.0,0,1.0,0.0,0.0,,0.0,,1948,2021,6474.5,245.0
MUS__TCD,MUS,TCD,0.0,0.0,0,1.0,0.0,1.0,,0.0,,1948,2021,5862.0,0.0
MUS__TGO,MUS,TGO,0.0,0.0,0,1.0,1.0,1.0,,0.0,,1948,2021,6809.0,0.0
MUS__THA,MUS,THA,0.0,0.0,0,0.0,0.0,0.0,,0.0,,1948,2021,6019.0,0.0
MUS__TJK,MUS,TJK,0.0,0.0,0,0.0,0.0,0.0,,0.0,,1948,2021,6603.0,0.0
MUS__TKM,MUS,TKM,0.0,0.0,0,0.0,0.0,0.0,,0.0,,1948,2021,6433.0,0.0
MUS__TLS,MUS,TLS,0.0,0.0,0,0.0,0.0,0.0,,0.0,,1948,2021,7408.0,0.0
MUS__TON,MUS,TON,0.0,0.0,0,1.0,0.0,1.0,,1.0,,1948,2021,12690.0,0.0
MUS__TTO,MUS,TTO,0.0,0.0,0,1.0,1.0,1.0,,1.0,,1948,2021,13437.0,0.0
MUS__TUN,MUS,TUN,0.0,0.0,0,1.0,0.0,1.0,,0.0,,1948,2021,8029.0,0.0
MUS__TUR,MUS,TUR,0.0,0.0,0,0.0,0.0,0.0,,0.0,,1948,2021,7388.0,0.0
MUS__TUV,MUS,TUV,0.0,0.0,0,1.0,0.0,0.0,,1.0,,1948,2021,12903.0,0.0
MUS__TWN,MUS,TWN,0.0,0.0,0,0.0,0.0,0.0,,0.0,,1948,2021,8541.0,10.0
MUS__TZA,MUS,TZA,0.0,0.0,0,1.0,0.0,1.0,,1.0,,1948,2021,2460.0,0.0
MUS__UGA,MUS,UGA,0.0,0.0,0,1.0,1.0,1.0,,1.0,,1948,2021,3537.0,0.0
MUS__URY,MUS,URY,0.0,0.0,0,0.0,0.0,0.0,,0.0,,1948,2021,10743.0,0.0
MUS__USA,MUS,USA,0.0,0.0,0,1.0,1.0,1.0,,0.0,,1948,2021,14917.0,0.0
MUS__UZB,MUS,UZB,0.0,0.0,0,0.0,0.0,0.0,,0.0,,1948,2021,6907.0,0.0
MUS__VCT,MUS,VCT,0.0,0.0,0,1.0,1.0,1.0,,1.0,,1948,2021,13485.0,0.0
MUS__VEN,MUS,VEN,0.0,0.0,0,0.0,0.0,0.0,,0.0,,1948,2021,13992.0,0.0
MUS__VNM,MUS,VNM,0.0,0.0,0,1.0,0.0,0.0,,0.0,,1948,2021,6379.0,0.0
MUS__VUT,MUS,VUT,0.0,0.0,0,1.0,1.0,1.0,,1.0,,1948,2021,11390.0,0.0
MUS__WSM,MUS,WSM,0.0,0.0,0,0.0,1.0,1.0,,0.0,,1948,2021,13452.0,0.0
MUS__YEM,MUS,YEM,0.0,0.0,0,1.0,0.0,0.0,,1.0,,1948,2021,4185.5,7.0
MUS__ZAF,MUS,ZAF,0.0,0.0,0,1.0,1.0,1.0,,0.0,,1948,2021,3608.5,1053.0
MUS__ZMB,MUS,ZMB,0.0,0.0,0,1.0,1.0,1.0,,1.0,,1948,2021,3182.5,89.0
MUS__ZWE,MUS,ZWE,0.0,0.0,0,1.0,1.0,1.0,,1.0,,1948,2021,2794.0,0.0
MWI__MYS,MWI,MYS,0.0,0.0,0,1.0,0.0,0.0,,1.0,,1948,2021,7712.5,167.0
MWI__NAM,MWI,NAM,0.0,0.0,0,0.0,1.0,1.0,,0.0,,1948,2021,2015.5,23.0
MWI__NER,MWI,NER,0.0,0.0,0,0.0,0.0,0.0,,0.0,,1948,2021,4744.5,229.0
MWI__NGA,MWI,NGA,0.0,0.0,0,1.0,1.0,1.0,,1.0,,1948,2021,4164.0,236.0
MWI__NIC,MWI,NIC,0.0,0.0,0,0.0,0.0,0.0,,0.0,,1948,2021,13620.0,148.0
MWI__NLD,MWI,NLD,0.0,0.0,0,0.0,0.0,0.0,,0.0,,1948,2021,7974.0,232.0
MWI__NPL,MWI,NPL,0.0,0.0,0,0.0,0.0,0.0,,0.0,,1948,2021,7236.5,31.0
MWI__NRU,MWI,NRU,0.0,0.0,0,1.0,1.0,1.0,,1.0,,1948,2021,14536.5,177.0
MWI__NZL,MWI,NZL,0.0,0.0,0,1.0,1.0,1.0,,0.0,,1948,2021,12938.0,240.0
MWI__OMN,MWI,OMN,0.0,0.0,0,0.0,0.0,0.0,,0.0,,1948,2021,5007.5,101.0
MWI__PAK,MWI,PAK,0.0,0.0,0,1.0,1.0,1.0,,1.0,,1948,2021,5654.0,72.0
MWI__PAN,MWI,PAN,0.0,0.0,0,0.0,0.0,0.0,,0.0,,1948,2021,12830.0,142.0
MWI__PER,MWI,PER,0.0,0.0,0,0.0,0.0,0.0,,0.0,,1948,2021,11907.5,63.0
MWI__PHL,MWI,PHL,0.0,0.0,0,0.0,1.0,1.0,,0.0,,1948,2021,10070.5,75.0
MWI__PLW,MWI,PLW,0.0,0.0,0,1.0,1.0,1.0,,0.0,,1948,2021,11314.0,134.0
MWI__PNG,MWI,PNG,0.0,0.0,0,1.0,1.0,1.0,,0.0,,1948,2021,12145.0,182.0
MWI__PRK,MWI,PRK,0.0,0.0,0,0.0,0.0,0.0,,0.0,,1948,2021,11154.0,20.0
MWI__PRT,MWI,PRT,0.0,0.0,0,0.0,0.0,0.0,,0.0,,1948,2021,7465.0,240.0
MWI__PRY,MWI,PRY,0.0,0.0,0,0.0,0.0,0.0,,0.0,,1948,2021,9519.0,34.0
MWI__QAT,MWI,QAT,0.0,0.0,0,1.0,0.0,0.0,,1.0,,1948,2021,4814.5,137.0
MWI__RWA,MWI,RWA,0.0,0.0,0,0.0,1.0,1.0,,0.0,,1948,2021,1507.5,233.0
MWI__SAU,MWI,SAU,0.0,0.0,0,0.0,0.0,0.0,,0.0,,1948,2021,4401.0,506.0
MWI__SDN,MWI,SDN,0.0,0.0,0,1.0,0.0,0.0,,1.0,,1948,2021,3372.5,209.0
MWI__SEN,MWI,SEN,0.0,0.0,0,0.0,0.0,0.0,,0.0,,1948,2021,6576.5,209.0
MWI__SGP,MWI,SGP,0.0,0.0,0,1.0,1.0,1.0,,1.0,,1948,2021,7849.5,107.0
MWI__SLB,MWI,SLB,0.0,0.0,0,1.0,0.0,1.0,,1.0,,1948,2021,13450.0,194.0
MWI__SLE,MWI,SLE,0.0,0.0,0,1.0,1.0,1.0,,1.0,,1948,2021,5856.5,199.0
MWI__SLV,MWI,SLV,0.0,0.0,0,0.0,0.0,0.0,,0.0,,1948,2021,13962.0,152.0
MWI__SOM,MWI,SOM,0.0,0.0,0,1.0,0.0,1.0,,1.0,,1948,2021,2229.0,94.0
MWI__SSD,MWI,SSD,0.0,0.0,0,0.0,0.0,0.0,,1.0,,1948,2021,2095.0,0.0
MWI__STP,MWI,STP,0.0,0.0,0,0.0,0.0,0.0,,0.0,,1948,2021,3480.0,208.0
MWI__SUR,MWI,SUR,0.0,0.0,0,0.0,0.0,0.0,,0.0,,1948,2021,10136.5,151.0
MWI__SWZ,MWI,SWZ,0.0,0.0,0,1.0,0.0,1.0,,1.0,,1948,2021,1314.0,162.0
MWI__SYC,MWI,SYC,0.0,0.0,0,1.0,1.0,1.0,,1.0,,1948,2021,2573.0,38.0
MWI__SYR,MWI,SYR,0.0,0.0,0,0.0,0.0,0.0,,0.0,,1948,2021,5510.5,499.0
MWI__TCD,MWI,TCD,0.0,0.0,0,0.0,0.0,0.0,,0.0,,1948,2021,3668.5,239.0
MWI__TGO,MWI,TGO,0.0,0.0,0,0.0,0.0,0.0,,0.0,,1948,2021,4337.5,215.0
MWI__THA,MWI,THA,0.0,0.0,0,0.0,0.0,0.0,,0.0,,1948,2021,7940.0,54.0
MWI__TJK,MWI,TJK,0.0,0.0,0,0.0,0.0,0.0,,0.0,,1948,2021,6914.0,108.0
MWI__TKM,MWI,TKM,0.0,0.0,0,0.0,0.0,0.0,,0.0,,1948,2021,6362.5,135.0
MWI__TLS,MWI,TLS,0.0,0.0,0,0.0,0.0,0.0,,0.0,,1948,2021,9901.0,160.0
MWI__TON,MWI,TON,0.0,0.0,0,1.0,0.0,1.0,,1.0,,1948,2021,14885.5,239.0
MWI__TTO,MWI,TTO,0.0,0.0,0,1.0,1.0,1.0,,1.0,,1948,2021,10944.5,161.0
MWI__TUN,MWI,TUN,0.0,0.0,0,0.0,0.0,0.0,,0.0,,1948,2021,6261.5,237.0
MWI__TUR,MWI,TUR,0.0,0.0,0,0.0,0.0,0.0,,0.0,,1948,2021,6213.0,212.0
MWI__TUV,MWI,TUV,0.0,0.0,0,1.0,0.0,0.0,,1.0,,1948,2021,15359.0,218.0
MWI__TWN,MWI,TWN,0.0,0.0,0,0.0,0.0,0.0,,0.0,,1948,2021,10415.0,34.0
MWI__TZA,MWI,TZA,1.0,0.0,0,1.0,0.0,1.0,,1.0,,1948,2021,1043.5,103.0
MWI__UGA,MWI,UGA,0.0,0.0,0,1.0,1.0,1.0,,1.0,,1948,2021,1693.0,216.0
MWI__URY,MWI,URY,0.0,0.0,0,0.0,0.0,0.0,,0.0,,1948,2021,9132.5,3.0
MWI__USA,MWI,USA,0.0,0.0,0,1.0,1.0,1.0,,0.0,,1948,2021,12620.5,227.0
MWI__UZB,MWI,UZB,0.0,0.0,0,0.0,0.0,0.0,,0.0,,1948,2021,7176.0,114.0
MWI__VCT,MWI,VCT,0.0,0.0,0,1.0,1.0,1.0,,1.0,,1948,2021,10978.0,168.0
MWI__VEN,MWI,VEN,0.0,0.0,0,0.0,0.0,0.0,,0.0,,1948,2021,11511.5,157.0
MWI__VNM,MWI,VNM,0.0,0.0,0,0.0,0.0,0.0,,0.0,,1948,2021,8459.0,74.0
MWI__VUT,MWI,VUT,0.0,0.0,0,1.0,1.0,1.0,,1.0,,1948,2021,13814.0,222.0
MWI__WSM,MWI,WSM,0.0,0.0,0,0.0,1.0,1.0,,0.0,,1948,2021,15730.5,237.0
MWI__YEM,MWI,YEM,0.0,0.0,0,1.0,0.0,0.0,,1.0,,1948,2021,3514.5,149.0
MWI__ZAF,MWI,ZAF,0.0,0.0,0,1.0,1.0,1.0,,0.0,,1948,2021,1985.0,1248.0
MWI__ZMB,MWI,ZMB,1.0,0.0,0,1.0,1.0,1.0,,1.0,,1948,2021,710.0,190.0
MWI__ZWE,MWI,ZWE,0.0,0.0,0,1.0,1.0,1.0,,1.0,,1948,2021,498.0,40.0
MYS__NAM,MYS,NAM,0.0,0.0,0,0.0,0.0,0.0,,0.0,,1948,2021,9666.5,143.0
MYS__NER,MYS,NER,0.0,0.0,0,0.0,0.0,0.0,,0.0,,1948,2021,11112.5,283.0
MYS__NGA,MYS,NGA,0.0,0.0,0,1.0,0.0,0.0,,1.0,,1948,2021,11026.5,263.0
MYS__NIC,MYS,NIC,0.0,0.0,0,0.0,0.0,0.0,,0.0,,1948,2021,18132.5,51.0
MYS__NLD,MYS,NLD,0.0,0.0,0,0.0,0.0,0.0,,0.0,,1948,2021,10366.5,343.0
MYS__NPL,MYS,NPL,0.0,0.0,0,0.0,0.0,0.0,,0.0,,1948,2021,3377.5,301.0
MYS__NRU,MYS,NRU,0.0,0.0,0,1.0,0.0,0.0,,1.0,,1948,2021,7145.5,247.0
MYS__NZL,MYS,NZL,0.0,0.0,0,1.0,0.0,0.0,,0.0,,1948,2021,8569.0,316.0
MYS__OMN,MYS,OMN,0.0,0.0,0,0.0,0.0,0.0,,0.0,,1948,2021,5311.5,311.0
MYS__PAK,MYS,PAK,0.0,0.0,0,1.0,0.0,0.0,,1.0,,1948,2021,4578.5,315.0
MYS__PAN,MYS,PAN,0.0,0.0,0,0.0,0.0,0.0,,0.0,,1948,2021,18732.5,155.0
MYS__PER,MYS,PER,0.0,0.0,0,0.0,0.0,0.0,,0.0,,1948,2021,18910.5,199.0
MYS__PHL,MYS,PHL,0.0,0.0,0,0.0,0.0,0.0,,0.0,,1948,2021,2430.0,78.0
MYS__PLW,MYS,PLW,0.0,0.0,0,1.0,0.0,0.0,,0.0,,1948,2021,3572.0,218.0
MYS__PNG,MYS,PNG,0.0,0.0,0,1.0,0.0,0.0,,0.0,,1948,2021,5091.0,286.0
MYS__PRK,MYS,PRK,0.0,0.0,0,0.0,0.0,0.0,,0.0,,1948,2021,4700.0,74.0
MYS__PRT,MYS,PRT,0.0,0.0,0,0.0,0.0,0.0,,0.0,,1948,2021,11737.0,316.0
MYS__PRY,MYS,PRY,0.0,0.0,0,0.0,0.0,0.0,,0.0,,1948,2021,16705.5,17.0
MYS__QAT,MYS,QAT,0.0,0.0,0,1.0,0.0,0.0,,1.0,,1948,2021,6050.0,310.0
MYS__RWA,MYS,RWA,0.0,0.0,0,0.0,0.0,0.0,,0.0,,1948,2021,8105.5,231.0
MYS__SAU,MYS,SAU,0.0,0.0,0,0.0,0.0,0.0,,0.0,,1948,2021,6815.0,932.0
MYS__SDN,MYS,SDN,0.0,0.0,0,1.0,0.0,0.0,,1.0,,1948,2021,7833.0,286.0
MYS__SEN,MYS,SEN,0.0,0.0,0,0.0,0.0,0.0,,0.0,,1948,2021,13187.0,292.0
MYS__SGP,MYS,SGP,0.0,0.0,0,1.0,1.0,1.0,,1.0,,1948,2021,316.0,0.0
MYS__SLB,MYS,SLB,0.0,0.0,0,1.0,0.0,0.0,,1.0,,1948,2021,6470.5,279.0
MYS__SLE,MYS,SLE,0.0,0.0,0,1.0,0.0,0.0,,1.0,,1948,2021,12836.0,274.0
MYS__SLV,MYS,SLV,0.0,0.0,0,0.0,0.0,0.0,,0.0,,1948,2021,17811.0,26.0
MYS__SOM,MYS,SOM,0.0,0.0,0,1.0,0.0,0.0,,1.0,,1948,2021,6388.0,244.0
MYS__SSD,MYS,SSD,0.0,0.0,0,0.0,0.0,0.0,,1.0,,1948,2021,7784.0,0.0
MYS__STP,MYS,STP,0.0,0.0,0,0.0,0.0,0.0,,0.0,,1948,2021,10689.5,243.0
MYS__SUR,MYS,SUR,0.0,0.0,0,0.0,0.0,0.0,,0.0,,1948,2021,17422.5,297.0
MYS__SWZ,MYS,SWZ,0.0,0.0,0,1.0,0.0,0.0,,1.0,,1948,2021,8302.5,117.0
MYS__SYC,MYS,SYC,0.0,0.0,0,1.0,0.0,0.0,,1.0,,1948,2021,5318.5,209.0
MYS__SYR,MYS,SYR,0.0,0.0,0,0.0,0.0,0.0,,0.0,,1948,2021,7697.5,327.0
MYS__TCD,MYS,TCD,0.0,0.0,0,0.0,0.0,0.0,,0.0,,1948,2021,9719.0,278.0
MYS__TGO,MYS,TGO,0.0,0.0,0,0.0,0.0,0.0,,0.0,,1948,2021,11269.5,263.0
MYS__THA,MYS,THA,1.0,0.0,0,0.0,0.0,0.0,,0.0,,1948,2021,1300.0,246.0
MYS__TJK,MYS,TJK,0.0,0.0,0,0.0,0.0,0.0,,0.0,,1948,2021,5148.0,0.0
MYS__TKM,MYS,TKM,0.0,0.0,0,0.0,0.0,0.0,,0.0,,1948,2021,5849.0,0.0
MYS__TLS,MYS,TLS,0.0,0.0,0,0.0,0.0,0.0,,0.0,,1948,2021,2950.0,0.0
MYS__TON,MYS,TON,0.0,0.0,0,1.0,0.0,0.0,,1.0,,1948,2021,9278.5,299.0
MYS__TTO,MYS,TTO,0.0,0.0,0,1.0,0.0,0.0,,1.0,,1948,2021,17774.0,316.0
MYS__TUN,MYS,TUN,0.0,0.0,0,0.0,0.0,0.0,,0.0,,1948,2021,10098.5,315.0
MYS__TUR,MYS,TUR,0.0,0.0,0,0.0,0.0,0.0,,0.0,,1948,2021,8495.0,316.0
MYS__TUV,MYS,TUV,0.0,0.0,0,1.0,0.0,0.0,,1.0,,1948,2021,8563.0,270.0
MYS__TWN,MYS,TWN,0.0,0.0,0,0.0,1.0,1.0,,0.0,,1948,2021,3231.0,28.0
MYS__TZA,MYS,TZA,0.0,0.0,0,1.0,0.0,0.0,,1.0,,1948,2021,7125.5,207.0
MYS__UGA,MYS,UGA,0.0,0.0,0,1.0,0.0,0.0,,1.0,,1948,2021,7813.5,239.0
MYS__URY,MYS,URY,0.0,0.0,0,0.0,0.0,0.0,,0.0,,1948,2021,15790.0,66.0
MYS__USA,MYS,USA,0.0,0.0,0,1.0,0.0,0.0,,0.0,,1948,2021,15237.5,219.0
MYS__UZB,MYS,UZB,0.0,0.0,0,0.0,0.0,0.0,,0.0,,1948,2021,5326.0,0.0
MYS__VCT,MYS,VCT,0.0,0.0,0,1.0,0.0,0.0,,1.0,,1948,2021,17567.5,315.0
MYS__VEN,MYS,VEN,0.0,0.0,0,0.0,0.0,0.0,,0.0,,1948,2021,18203.0,310.0
MYS__VNM,MYS,VNM,0.0,0.0,0,0.0,0.0,0.0,,0.0,,1948,2021,1048.5,87.0
MYS__VUT,MYS,VUT,0.0,0.0,0,1.0,0.0,0.0,,1.0,,1948,2021,7514.5,297.0
MYS__WSM,MYS,WSM,0.0,0.0,0,0.0,0.0,0.0,,0.0,,1948,2021,9586.5,283.0
MYS__YEM,MYS,YEM,0.0,0.0,0,1.0,0.0,0.0,,1.0,,1948,2021,6646.0,416.0
MYS__ZAF,MYS,ZAF,0.0,0.0,0,1.0,0.0,0.0,,0.0,,1948,2021,9065.5,1041.0
MYS__ZMB,MYS,ZMB,0.0,0.0,0,1.0,0.0,0.0,,1.0,,1948,2021,8415.0,158.0
MYS__ZWE,MYS,ZWE,0.0,0.0,0,1.0,0.0,0.0,,1.0,,1948,2021,8162.0,160.0
NAM__NER,NAM,NER,0.0,0.0,0,0.0,0.0,0.0,,0.0,,1948,2021,4312.0,0.0
NAM__NGA,NAM,NGA,0.0,0.0,0,0.0,1.0,1.0,,0.0,,1948,2021,3575.0,72.0
NAM__NIC,NAM,NIC,0.0,0.0,0,0.0,0.0,0.0,,0.0,,1948,2021,11881.0,0.0
NAM__NLD,NAM,NLD,0.0,0.0,0,0.0,0.0,0.0,,0.0,,1948,2021,8363.5,43.0
NAM__NPL,NAM,NPL,0.0,0.0,0,0.0,0.0,0.0,,0.0,,1948,2021,9201.0,0.0
NAM__NRU,NAM,NRU,0.0,0.0,0,1.0,1.0,1.0,,0.0,,1948,2021,15873.0,0.0
NAM__NZL,NAM,NZL,0.0,0.0,0,0.0,1.0,1.0,,0.0,,1948,2021,13025.0,0.0
NAM__OMN,NAM,OMN,0.0,0.0,0,0.0,0.0,0.0,,0.0,,1948,2021,6802.0,0.0
NAM__PAK,NAM,PAK,0.0,0.0,0,0.0,1.0,1.0,,0.0,,1948,2021,7532.0,0.0
NAM__PAN,NAM,PAN,0.0,0.0,0,0.0,0.0,0.0,,0.0,,1948,2021,11069.0,0.0
NAM__PER,NAM,PER,0.0,0.0,0,0.0,0.0,0.0,,0.0,,1948,2021,9923.0,0.0
NAM__PHL,NAM,PHL,0.0,0.0,0,0.0,1.0,1.0,,0.0,,1948,2021,12031.0,0.0
NAM__PLW,NAM,PLW,0.0,0.0,0,1.0,1.0,1.0,,0.0,,1948,2021,13149.5,21.0
NAM__PNG,NAM,PNG,0.0,0.0,0,1.0,1.0,1.0,,0.0,,1948,2021,13536.0,0.0
NAM__PRK,NAM,PRK,0.0,0.0,0,0.0,0.0,0.0,,0.0,,1948,2021,13131.0,0.0
NAM__PRT,NAM,PRT,0.0,0.0,0,0.0,0.0,0.0,,0.0,,1948,2021,7314.0,0.0
NAM__PRY,NAM,PRY,0.0,0.0,0,0.0,0.0,0.0,,0.0,,1948,2021,7509.0,0.0
NAM__QAT,NAM,QAT,0.0,0.0,0,0.0,0.0,0.0,,0.0,,1948,2021,6465.5,5.0
NAM__RWA,NAM,RWA,0.0,0.0,0,1.0,1.0,1.0,,0.0,,1948,2021,2677.0,0.0
NAM__SAU,NAM,SAU,0.0,0.0,0,0.0,0.0,0.0,,0.0,,1948,2021,5792.5,675.0
NAM__SDN,NAM,SDN,0.0,0.0,0,0.0,0.0,0.0,,0.0,,1948,2021,4540.0,0.0
NAM__SEN,NAM,SEN,0.0,0.0,0,0.0,0.0,0.0,,0.0,,1948,2021,5582.0,0.0
NAM__SGP,NAM,SGP,0.0,0.0,0,0.0,1.0,1.0,,0.0,,1948,2021,9738.0,0.0
NAM__SLB,NAM,SLB,0.0,0.0,0,0.0,0.0,1.0,,0.0,,1948,2021,14644.0,0.0
NAM__SLE,NAM,SLE,0.0,0.0,0,0.0,1.0,1.0,,0.0,,1948,2021,4766.0,0.0
NAM__SLV,NAM,SLV,0.0,0.0,0,0.0,0.0,0.0,,0.0,,1948,2021,12239.0,0.0
NAM__SOM,NAM,SOM,0.0,0.0,0,0.0,0.0,1.0,,0.0,,1948,2021,4102.0,0.0
NAM__SSD,NAM,SSD,0.0,0.0,0,0.0,0.0,0.0,,0.0,,1948,2021,3418.0,0.0
NAM__STP,NAM,STP,0.0,0.0,0,0.0,0.0,0.0,,0.0,,1948,2021,2771.0,0.0
NAM__SUR,NAM,SUR,0.0,0.0,0,0.0,0.0,0.0,,0.0,,1948,2021,8461.0,0.0
NAM__SWZ,NAM,SWZ,0.0,0.0,0,0.0,0.0,1.0,,0.0,,1948,2021,1483.0,0.0
NAM__SYC,NAM,SYC,0.0,0.0,0,0.0,1.0,1.0,,0.0,,1948,2021,4580.0,0.0
NAM__SYR,NAM,SYR,0.0,0.0,0,0.0,0.0,0.0,,0.0,,1948,2021,6686.0,308.0
NAM__TCD,NAM,TCD,0.0,0.0,0,0.0,0.0,0.0,,0.0,,1948,2021,3841.0,0.0
NAM__TGO,NAM,TGO,0.0,0.0,0,0.0,0.0,0.0,,0.0,,1948,2021,3615.0,0.0
NAM__THA,NAM,THA,0.0,0.0,0,0.0,0.0,0.0,,0.0,,1948,2021,9936.0,0.0
NAM__TJK,NAM,TJK,0.0,0.0,0,0.0,0.0,0.0,,0.0,,1948,2021,8649.0,0.0
NAM__TKM,NAM,TKM,0.0,0.0,0,0.0,0.0,0.0,,0.0,,1948,2021,7969.0,0.0
NAM__TLS,NAM,TLS,0.0,0.0,0,0.0,0.0,0.0,,0.0,,1948,2021,11516.0,0.0
NAM__TON,NAM,TON,0.0,0.0,0,0.0,0.0,1.0,,0.0,,1948,2021,14991.0,0.0
NAM__TTO,NAM,TTO,0.0,0.0,0,0.0,1.0,1.0,,0.0,,1948,2021,9318.0,0.0
NAM__TUN,NAM,TUN,0.0,0.0,0,0.0,0.0,0.0,,0.0,,1948,2021,6612.0,0.0
NAM__TUR,NAM,TUR,0.0,0.0,0,0.0,0.0,0.0,,0.0,,1948,2021,7144.0,0.0
NAM__TUV,NAM,TUV,0.0,0.0,0,0.0,0.0,0.0,,0.0,,1948,2021,16059.0,0.0
NAM__TWN,NAM,TWN,0.0,0.0,0,0.0,0.0,0.0,,0.0,,1948,2021,12429.0,10.0
NAM__TZA,NAM,TZA,0.0,0.0,0,0.0,0.0,1.0,,0.0,,1948,2021,2949.0,0.0
NAM__UGA,NAM,UGA,0.0,0.0,0,0.0,1.0,1.0,,0.0,,1948,2021,3038.0,0.0
NAM__URY,NAM,URY,0.0,0.0,0,0.0,0.0,0.0,,0.0,,1948,2021,7134.0,0.0
NAM__USA,NAM,USA,0.0,0.0,0,0.0,1.0,1.0,,0.0,,1948,2021,11699.0,0.0
NAM__UZB,NAM,UZB,0.0,0.0,0,0.0,0.0,0.0,,0.0,,1948,2021,8879.0,0.0
NAM__VCT,NAM,VCT,0.0,0.0,0,0.0,1.0,1.0,,0.0,,1948,2021,9403.0,0.0
NAM__VEN,NAM,VEN,0.0,0.0,0,0.0,0.0,0.0,,0.0,,1948,2021,9847.0,0.0
NAM__VNM,NAM,VNM,0.0,0.0,0,0.0,0.0,0.0,,0.0,,1948,2021,10426.0,0.0
NAM__VUT,NAM,VUT,0.0,0.0,0,0.0,1.0,1.0,,0.0,,1948,2021,14567.0,0.0
NAM__WSM,NAM,WSM,0.0,0.0,0,1.0,1.0,1.0,,0.0,,1948,2021,15866.0,0.0
NAM__YEM,NAM,YEM,0.0,0.0,0,0.0,0.0,0.0,,0.0,,1948,2021,5067.0,128.0
NAM__ZAF,NAM,ZAF,1.0,1.0,1,0.0,1.0,1.0,1.0,0.0,1990.0,1948,2021,1224.0,84.0
NAM__ZMB,NAM,ZMB,1.0,0.0,0,0.0,1.0,1.0,,0.0,,1948,2021,1508.0,178.0
NAM__ZWE,NAM,ZWE,1.0,0.0,0,0.0,1.0,1.0,,0.0,,1948,2021,1550.0,0.0
NER__NGA,NER,NGA,1.0,0.0,0,0.0,1.0,0.0,,0.0,,1948,2021,749.5,89.0
NER__NIC,NER,NIC,0.0,0.0,0,0.0,0.0,0.0,,0.0,,1948,2021,9533.0,0.0
NER__NLD,NER,NLD,0.0,0.0,0,0.0,0.0,0.0,,0.0,,1948,2021,4291.5,53.0
NER__NPL,NER,NPL,0.0,0.0,0,0.0,0.0,0.0,,0.0,,1948,2021,8669.0,0.0
NER__NRU,NER,NRU,0.0,0.0,0,0.0,0.0,0.0,,0.0,,1948,2021,17816.0,0.0
NER__NZL,NER,NZL,0.0,0.0,0,0.0,0.0,0.0,,0.0,,1948,2021,17317.0,0.0
NER__OMN,NER,OMN,0.0,0.0,0,0.0,0.0,1.0,,0.0,,1948,2021,6030.0,0.0
NER__PAK,NER,PAK,0.0,0.0,0,0.0,0.0,0.0,,0.0,,1948,2021,6888.0,0.0
NER__PAN,NER,PAN,0.0,0.0,0,0.0,0.0,0.0,,0.0,,1948,2021,8889.0,0.0
NER__PER,NER,PER,0.0,0.0,0,0.0,0.0,0.0,,0.0,,1948,2021,9179.0,0.0
NER__PHL,NER,PHL,0.0,0.0,0,0.0,0.0,0.0,,0.0,,1948,2021,12613.0,0.0
NER__PLW,NER,PLW,0.0,0.0,0,0.0,0.0,0.0,,0.0,,1948,2021,14287.5,7.0
NER__PNG,NER,PNG,0.0,0.0,0,0.0,0.0,0.0,,0.0,,1948,2021,16201.0,0.0
NER__PRK,NER,PRK,0.0,0.0,0,0.0,0.0,0.0,,0.0,,1948,2021,11774.0,0.0
NER__PRT,NER,PRT,0.0,0.0,0,0.0,0.0,0.0,,0.0,,1948,2021,3005.0,0.0
NER__PRY,NER,PRY,0.0,0.0,0,0.0,0.0,0.0,,0.0,,1948,2021,7771.0,0.0
NER__QAT,NER,QAT,0.0,0.0,0,0.0,0.0,1.0,,0.0,,1948,2021,5316.0,10.0
NER__RWA,NER,RWA,0.0,0.0,0,0.0,1.0,1.0,,0.0,,1948,2021,3528.0,0.0
NER__SAU,NER,SAU,0.0,0.0,0,0.0,0.0,1.0,,0.0,,1948,2021,4460.0,742.0
NER__SDN,NER,SDN,0.0,0.0,0,0.0,0.0,1.0,,0.0,,1948,2021,3284.0,0.0
NER__SEN,NER,SEN,0.0,0.0,0,1.0,1.0,1.0,,1.0,,1948,2021,2115.0,0.0
NER__SGP,NER,SGP,0.0,0.0,0,0.0,0.0,0.0,,0.0,,1948,2021,11254.0,0.0
NER__SLB,NER,SLB,0.0,0.0,0,0.0,0.0,0.0,,0.0,,1948,2021,17577.0,0.0
NER__SLE,NER,SLE,0.0,0.0,0,0.0,0.0,0.0,,0.0,,1948,2021,1766.0,0.0
NER__SLV,NER,SLV,0.0,0.0,0,0.0,0.0,0.0,,0.0,,1948,2021,9804.0,0.0
NER__SOM,NER,SOM,0.0,0.0,0,0.0,0.0,1.0,,0.0,,1948,2021,4924.0,0.0
NER__SSD,NER,SSD,0.0,0.0,0,0.0,0.0,1.0,,0.0,,1948,2021,3374.0,0.0
NER__STP,NER,STP,0.0,0.0,0,0.0,0.0,0.0,,0.0,,1948,2021,1544.0,0.0
NER__SUR,NER,SUR,0.0,0.0,0,0.0,0.0,0.0,,0.0,,1948,2021,6329.0,0.0
NER__SWZ,NER,SWZ,0.0,0.0,0,0.0,0.0,0.0,,0.0,,1948,2021,5412.0,0.0
NER__SYC,NER,SYC,0.0,0.0,0,1.0,1.0,1.0,,0.0,,1948,2021,6225.0,0.0
NER__SYR,NER,SYR,0.0,0.0,0,1.0,0.0,1.0,,1.0,,1948,2021,4204.5,199.0
NER__TCD,NER,TCD,1.0,0.0,0,1.0,0.0,1.0,,1.0,,1948,2021,1413.0,0.0
NER__TGO,NER,TGO,0.0,0.0,0,1.0,1.0,1.0,,1.0,,1948,2021,822.0,0.0
NER__THA,NER,THA,0.0,0.0,0,0.0,0.0,0.0,,0.0,,1948,2021,10549.0,0.0
NER__TJK,NER,TJK,0.0,0.0,0,0.0,0.0,0.0,,0.0,,1948,2021,7063.0,0.0
NER__TKM,NER,TKM,0.0,0.0,0,0.0,0.0,0.0,,0.0,,1948,2021,6152.0,0.0
NER__TLS,NER,TLS,0.0,0.0,0,0.0,0.0,0.0,,0.0,,1948,2021,13845.0,0.0
NER__TON,NER,TON,0.0,0.0,0,0.0,0.0,0.0,,0.0,,1948,2021,19116.0,0.0
NER__TTO,NER,TTO,0.0,0.0,0,0.0,0.0,0.0,,0.0,,1948,2021,6915.0,0.0
NER__TUN,NER,TUN,0.0,0.0,0,1.0,0.0,1.0,,1.0,,1948,2021,2704.0,0.0
NER__TUR,NER,TUR,0.0,0.0,0,0.0,0.0,0.0,,0.0,,1948,2021,4010.0,0.0
NER__TUV,NER,TUV,0.0,0.0,0,0.0,0.0,0.0,,0.0,,1948,2021,19374.0,0.0
NER__TWN,NER,TWN,0.0,0.0,0,0.0,0.0,0.0,,0.0,,1948,2021,12190.0,6.0
NER__TZA,NER,TZA,0.0,0.0,0,0.0,0.0,0.0,,0.0,,1948,2021,4683.0,0.0
NER__UGA,NER,UGA,0.0,0.0,0,0.0,0.0,0.0,,0.0,,1948,2021,3663.0,0.0
NER__URY,NER,URY,0.0,0.0,0,0.0,0.0,0.0,,0.0,,1948,2021,8148.0,0.0
NER__USA,NER,USA,0.0,0.0,0,1.0,0.0,0.0,,0.0,,1948,2021,7878.0,0.0
NER__UZB,NER,UZB,0.0,0.0,0,0.0,0.0,0.0,,0.0,,1948,2021,7122.0,0.0
NER__VCT,NER,VCT,0.0,0.0,0,0.0,0.0,0.0,,0.0,,1948,2021,6841.0,0.0
NER__VEN,NER,VEN,0.0,0.0,0,0.0,0.0,0.0,,0.0,,1948,2021,7497.0,0.0
NER__VNM,NER,VNM,0.0,0.0,0,1.0,0.0,0.0,,1.0,,1948,2021,11282.0,0.0
NER__VUT,NER,VUT,0.0,0.0,0,1.0,1.0,1.0,,1.0,,1948,2021,18482.0,0.0
NER__WSM,NER,WSM,0.0,0.0,0,0.0,0.0,0.0,,0.0,,1948,2021,19372.0,0.0
NER__YEM,NER,YEM,0.0,0.0,0,0.0,0.0,1.0,,0.0,,1948,2021,4471.5,131.0
NER__ZAF,NER,ZAF,0.0,0.0,0,0.0,0.0,0.0,,0.0,,1948,2021,5371.5,313.0
NER__ZMB,NER,ZMB,0.0,0.0,0,0.0,0.0,0.0,,0.0,,1948,2021,4200.5,211.0
NER__ZWE,NER,ZWE,0.0,0.0,0,0.0,0.0,0.0,,0.0,,1948,2021,4704.0,0.0
NGA__NIC,NGA,NIC,0.0,0.0,0,0.0,0.0,0.0,,0.0,,1948,2021,9846.5,33.0
NGA__NLD,NGA,NLD,0.0,0.0,0,0.0,0.0,0.0,,0.0,,1948,2021,5041.0,104.0
NGA__NPL,NGA,NPL,0.0,0.0,0,0.0,0.0,0.0,,0.0,,1948,2021,8842.0,96.0
NGA__NRU,NGA,NRU,0.0,0.0,0,1.0,1.0,1.0,,1.0,,1948,2021,18045.0,88.0
NGA__NZL,NGA,NZL,0.0,0.0,0,1.0,1.0,1.0,,0.0,,1948,2021,16568.5,87.0
NGA__OMN,NGA,OMN,0.0,0.0,0,0.0,0.0,0.0,,0.0,,1948,2021,6143.0,92.0
NGA__PAK,NGA,PAK,0.0,0.0,0,1.0,1.0,1.0,,1.0,,1948,2021,7015.5,93.0
NGA__PAN,NGA,PAN,0.0,0.0,0,0.0,0.0,0.0,,0.0,,1948,2021,9152.0,40.0
NGA__PER,NGA,PER,0.0,0.0,0,0.0,0.0,0.0,,0.0,,1948,2021,9170.5,77.0
NGA__PHL,NGA,PHL,0.0,0.0,0,0.0,1.0,1.0,,0.0,,1948,2021,12719.0,86.0
NGA__PLW,NGA,PLW,0.0,0.0,0,1.0,1.0,1.0,,0.0,,1948,2021,14357.5,91.0
NGA__PNG,NGA,PNG,0.0,0.0,0,1.0,1.0,1.0,,0.0,,1948,2021,16010.0,44.0
NGA__PRK,NGA,PRK,0.0,0.0,0,0.0,0.0,0.0,,0.0,,1948,2021,12190.0,112.0
NGA__PRT,NGA,PRT,0.0,0.0,0,0.0,0.0,0.0,,0.0,,1948,2021,3749.5,81.0
NGA__PRY,NGA,PRY,0.0,0.0,0,0.0,0.0,0.0,,0.0,,1948,2021,7524.5,101.0
NGA__QAT,NGA,QAT,0.0,0.0,0,1.0,0.0,0.0,,1.0,,1948,2021,5473.0,96.0
NGA__RWA,NGA,RWA,0.0,0.0,0,0.0,1.0,1.0,,0.0,,1948,2021,3094.5,21.0
NGA__SAU,NGA,SAU,0.0,0.0,0,0.0,0.0,0.0,,0.0,,1948,2021,4597.0,876.0
NGA__SDN,NGA,SDN,0.0,0.0,0,1.0,0.0,0.0,,1.0,,1948,2021,3291.5,87.0
NGA__SEN,NGA,SEN,0.0,0.0,0,0.0,0.0,0.0,,0.0,,1948,2021,2460.0,12.0
NGA__SGP,NGA,SGP,0.0,0.0,0,1.0,1.0,1.0,,1.0,,1948,2021,11158.0,0.0
NGA__SLB,NGA,SLB,0.0,0.0,0,1.0,0.0,1.0,,1.0,,1948,2021,17410.5,41.0
NGA__SLE,NGA,SLE,0.0,0.0,0,1.0,1.0,1.0,,1.0,,1948,2021,1870.5,43.0
NGA__SLV,NGA,SLV,0.0,0.0,0,0.0,0.0,0.0,,0.0,,1948,2021,10141.5,29.0
NGA__SOM,NGA,SOM,0.0,0.0,0,1.0,0.0,1.0,,1.0,,1948,2021,4657.5,47.0
NGA__SSD,NGA,SSD,0.0,0.0,0,0.0,0.0,0.0,,1.0,,1948,2021,3127.0,0.0
NGA__STP,NGA,STP,0.0,0.0,0,0.0,0.0,0.0,,0.0,,1948,2021,806.0,70.0
NGA__SUR,NGA,SUR,0.0,0.0,0,0.0,0.0,0.0,,0.0,,1948,2021,6503.5,51.0
NGA__SWZ,NGA,SWZ,0.0,0.0,0,1.0,0.0,1.0,,1.0,,1948,2021,4726.5,47.0
NGA__SYC,NGA,SYC,0.0,0.0,0,1.0,1.0,1.0,,1.0,,1948,2021,5895.5,35.0
NGA__SYR,NGA,SYR,0.0,0.0,0,0.0,0.0,0.0,,0.0,,1948,2021,4587.5,347.0
NGA__TCD,NGA,TCD,1.0,0.0,0,0.0,0.0,0.0,,0.0,,1948,2021,1377.0,94.0
NGA__TGO,NGA,TGO,0.0,0.0,0,0.0,0.0,0.0,,0.0,,1948,2021,285.5,83.0
NGA__THA,NGA,THA,0.0,0.0,0,0.0,0.0,0.0,,0.0,,1948,2021,10574.5,79.0
NGA__TJK,NGA,TJK,0.0,0.0,0,0.0,0.0,0.0,,0.0,,1948,2021,7432.0,0.0
NGA__TKM,NGA,TKM,0.0,0.0,0,0.0,0.0,0.0,,0.0,,1948,2021,6534.0,0.0
NGA__TLS,NGA,TLS,0.0,0.0,0,0.0,0.0,0.0,,0.0,,1948,2021,13655.0,0.0
NGA__TON,NGA,TON,0.0,0.0,0,1.0,0.0,1.0,,1.0,,1948,2021,18425.5,107.0
NGA__TTO,NGA,TTO,0.0,0.0,0,1.0,1.0,1.0,,1.0,,1948,2021,7169.5,39.0
NGA__TUN,NGA,TUN,0.0,0.0,0,0.0,0.0,0.0,,0.0,,1948,2021,3377.0,112.0
NGA__TUR,NGA,TUR,0.0,0.0,0,0.0,0.0,0.0,,0.0,,1948,2021,4534.5,117.0
NGA__TUV,NGA,TUV,0.0,0.0,0,1.0,0.0,0.0,,1.0,,1948,2021,19507.5,11.0
NGA__TWN,NGA,TWN,0.0,0.0,0,0.0,0.0,0.0,,0.0,,1948,2021,12435.0,100.0
NGA__TZA,NGA,TZA,0.0,0.0,0,1.0,0.0,1.0,,1.0,,1948,2021,4238.0,16.0
NGA__UGA,NGA,UGA,0.0,0.0,0,1.0,1.0,1.0,,1.0,,1948,2021,3295.5,33.0
NGA__URY,NGA,URY,0.0,0.0,0,0.0,0.0,0.0,,0.0,,1948,2021,7785.5,109.0
NGA__USA,NGA,USA,0.0,0.0,0,1.0,1.0,1.0,,0.0,,1948,2021,8471.5,25.0
NGA__UZB,NGA,UZB,0.0,0.0,0,0.0,0.0,0.0,,0.0,,1948,2021,7526.0,0.0
NGA__VCT,NGA,VCT,0.0,0.0,0,1.0,1.0,1.0,,1.0,,1948,2021,7128.0,34.0
NGA__VEN,NGA,VEN,0.0,0.0,0,0.0,0.0,0.0,,0.0,,1948,2021,7756.5,39.0
NGA__VNM,NGA,VNM,0.0,0.0,0,0.0,0.0,0.0,,0.0,,1948,2021,11286.0,76.0
NGA__VUT,NGA,VUT,0.0,0.0,0,1.0,1.0,1.0,,1.0,,1948,2021,17975.0,20.0
NGA__WSM,NGA,WSM,0.0,0.0,0,0.0,1.0,1.0,,0.0,,1948,2021,19098.5,117.0
NGA__YEM,NGA,YEM,0.0,0.0,0,1.0,0.0,0.0,,1.0,,1948,2021,4450.0,222.0
NGA__ZAF,NGA,ZAF,0.0,0.0,0,1.0,1.0,1.0,,0.0,,1948,2021,4615.0,254.0
NGA__ZMB,NGA,ZMB,0.0,0.0,0,1.0,1.0,1.0,,1.0,,1948,2021,3566.0,184.0
NGA__ZWE,NGA,ZWE,0.0,0.0,0,1.0,1.0,1.0,,1.0,,1948,2021,4071.0,30.0
NIC__NLD,NIC,NLD,0.0,0.0,0,0.0,0.0,0.0,,0.0,,1948,2021,9016.5,21.0
NIC__NPL,NIC,NPL,0.0,0.0,0,0.0,0.0,0.0,,0.0,,1948,2021,15505.0,0.0
NIC__NRU,NIC,NRU,0.0,0.0,0,0.0,0.0,0.0,,0.0,,1948,2021,11862.0,0.0
NIC__NZL,NIC,NZL,0.0,0.0,0,0.0,0.0,0.0,,0.0,,1948,2021,11607.0,0.0
NIC__OMN,NIC,OMN,0.0,0.0,0,0.0,0.0,0.0,,0.0,,1948,2021,14516.0,0.0
NIC__PAK,NIC,PAK,0.0,0.0,0,0.0,0.0,0.0,,0.0,,1948,2021,14997.0,0.0
NIC__PAN,NIC,PAN,0.0,0.0,0,1.0,1.0,1.0,,0.0,,1948,2021,814.0,0.0
NIC__PER,NIC,PER,0.0,0.0,0,1.0,1.0,1.0,,0.0,,1948,2021,2861.0,0.0
NIC__PHL,NIC,PHL,0.0,0.0,0,1.0,0.0,0.0,,0.0,,1948,2021,15806.0,0.0
NIC__PLW,NIC,PLW,0.0,0.0,0,0.0,0.0,0.0,,0.0,,1948,2021,15024.0,22.0
NIC__PNG,NIC,PNG,0.0,0.0,0,0.0,0.0,0.0,,0.0,,1948,2021,14194.0,0.0
NIC__PRK,NIC,PRK,0.0,0.0,0,0.0,0.0,0.0,,0.0,,1948,2021,13445.0,0.0
NIC__PRT,NIC,PRT,0.0,0.0,0,0.0,0.0,0.0,,0.0,,1948,2021,8064.0,0.0
NIC__PRY,NIC,PRY,0.0,0.0,0,1.0,1.0,1.0,,0.0,,1948,2021,5176.0,0.0
NIC__QAT,NIC,QAT,0.0,0.0,0,0.0,0.0,0.0,,0.0,,1948,2021,13844.0,10.0
NIC__RWA,NIC,RWA,0.0,0.0,0,0.0,0.0,0.0,,0.0,,1948,2021,12925.0,0.0
NIC__SAU,NIC,SAU,0.0,0.0,0,0.0,0.0,0.0,,0.0,,1948,2021,13276.0,428.0
NIC__SDN,NIC,SDN,0.0,0.0,0,0.0,0.0,0.0,,0.0,,1948,2021,12625.0,0.0
NIC__SEN,NIC,SEN,0.0,0.0,0,0.0,0.0,0.0,,0.0,,1948,2021,7429.0,0.0
NIC__SGP,NIC,SGP,0.0,0.0,0,0.0,0.0,0.0,,0.0,,1948,2021,18158.0,0.0
NIC__SLB,NIC,SLB,0.0,0.0,0,0.0,0.0,0.0,,0.0,,1948,2021,12806.0,0.0
NIC__SLE,NIC,SLE,0.0,0.0,0,0.0,0.0,0.0,,0.0,,1948,2021,7986.0,0.0
NIC__SLV,NIC,SLV,0.0,0.0,0,1.0,1.0,1.0,,0.0,,1948,2021,362.0,0.0
NIC__SOM,NIC,SOM,0.0,0.0,0,0.0,0.0,0.0,,0.0,,1948,2021,14457.0,0.0
NIC__SSD,NIC,SSD,0.0,0.0,0,0.0,0.0,0.0,,0.0,,1948,2021,12904.0,0.0
NIC__STP,NIC,STP,0.0,0.0,0,0.0,0.0,0.0,,0.0,,1948,2021,10334.0,0.0
NIC__SUR,NIC,SUR,0.0,0.0,0,0.0,0.0,0.0,,0.0,,1948,2021,3485.0,0.0
NIC__SWZ,NIC,SWZ,0.0,0.0,0,0.0,0.0,0.0,,0.0,,1948,2021,13324.0,0.0
NIC__SYC,NIC,SYC,0.0,0.0,0,0.0,0.0,0.0,,0.0,,1948,2021,15741.0,0.0
NIC__SYR,NIC,SYR,0.0,0.0,0,0.0,0.0,0.0,,0.0,,1948,2021,12074.0,84.0
NIC__TCD,NIC,TCD,0.0,0.0,0,0.0,0.0,0.0,,0.0,,1948,2021,10936.0,0.0
NIC__TGO,NIC,TGO,0.0,0.0,0,0.0,0.0,0.0,,0.0,,1948,2021,9601.0,0.0
NIC__THA,NIC,THA,0.0,0.0,0,0.0,0.0,0.0,,0.0,,1948,2021,17050.0,0.0
NIC__TJK,NIC,TJK,0.0,0.0,0,0.0,0.0,0.0,,0.0,,1948,2021,13828.0,0.0
NIC__TKM,NIC,TKM,0.0,0.0,0,0.0,0.0,0.0,,0.0,,1948,2021,13355.0,0.0
NIC__TLS,NIC,TLS,0.0,0.0,0,0.0,0.0,0.0,,0.0,,1948,2021,16531.0,0.0
NIC__TON,NIC,TON,0.0,0.0,0,0.0,0.0,0.0,,0.0,,1948,2021,10389.0,0.0
NIC__TTO,NIC,TTO,0.0,0.0,0,0.0,0.0,0.0,,0.0,,1948,2021,2703.0,0.0
NIC__TUN,NIC,TUN,0.0,0.0,0,0.0,0.0,0.0,,0.0,,1948,2021,9774.0,0.0
NIC__TUR,NIC,TUR,0.0,0.0,0,0.0,0.0,0.0,,0.0,,1948,2021,11150.0,0.0
NIC__TUV,NIC,TUV,0.0,0.0,0,0.0,0.0,0.0,,0.0,,1948,2021,10705.0,0.0
NIC__TWN,NIC,TWN,0.0,0.0,0,0.0,0.0,0.0,,0.0,,1948,2021,14918.0,8.0
NIC__TZA,NIC,TZA,0.0,0.0,0,0.0,0.0,0.0,,0.0,,1948,2021,14034.0,0.0
NIC__UGA,NIC,UGA,0.0,0.0,0,0.0,0.0,0.0,,0.0,,1948,2021,13141.0,0.0
NIC__URY,NIC,URY,0.0,0.0,0,1.0,1.0,1.0,,0.0,,1948,2021,6091.0,0.0
NIC__USA,NIC,USA,0.0,0.0,0,1.0,1.0,0.0,,0.0,,1948,2021,3387.0,0.0
NIC__UZB,NIC,UZB,0.0,0.0,0,0.0,0.0,0.0,,0.0,,1948,2021,13581.0,0.0
NIC__VCT,NIC,VCT,0.0,0.0,0,0.0,0.0,0.0,,0.0,,1948,2021,2720.0,0.0
NIC__VEN,NIC,VEN,0.0,0.0,0,1.0,1.0,1.0,,0.0,,1948,2021,2122.0,0.0
NIC__VNM,NIC,VNM,0.0,0.0,0,0.0,0.0,0.0,,0.0,,1948,2021,17106.0,0.0
NIC__VUT,NIC,VUT,0.0,0.0,0,0.0,0.0,0.0,,0.0,,1948,2021,12036.0,0.0
NIC__WSM,NIC,WSM,0.0,0.0,0,0.0,0.0,0.0,,0.0,,1948,2021,9861.0,0.0
NIC__YEM,NIC,YEM,0.0,0.0,0,0.0,0.0,0.0,,0.0,,1948,2021,13734.0,94.0
NIC__ZAF,NIC,ZAF,0.0,0.0,0,0.0,0.0,0.0,,0.0,,1948,2021,12560.0,910.0
NIC__ZMB,NIC,ZMB,0.0,0.0,0,0.0,0.0,0.0,,0.0,,1948,2021,12950.5,41.0
NIC__ZWE,NIC,ZWE,0.0,0.0,0,0.0,0.0,0.0,,0.0,,1948,2021,13290.0,0.0
NLD__NPL,NLD,NPL,0.0,0.0,0,0.0,0.0,0.0,,0.0,,1948,2021,7008.0,38.0
NLD__NRU,NLD,NRU,0.0,0.0,0,0.0,0.0,0.0,,0.0,,1948,2021,14048.5,57.0
NLD__NZL,NLD,NZL,0.0,0.0,0,0.0,0.0,0.0,,0.0,,1948,2021,18138.5,57.0
NLD__OMN,NLD,OMN,0.0,0.0,0,0.0,0.0,0.0,,0.0,,1948,2021,5526.0,16.0
NLD__PAK,NLD,PAK,0.0,0.0,0,0.0,0.0,0.0,,0.0,,1948,2021,5992.0,24.0
NLD__PAN,NLD,PAN,0.0,0.0,0,0.0,0.0,0.0,,0.0,,1948,2021,8829.0,28.0
NLD__PER,NLD,PER,0.0,0.0,0,0.0,0.0,0.0,,0.0,,1948,2021,10498.0,40.0
NLD__PHL,NLD,PHL,0.0,0.0,0,0.0,0.0,0.0,,0.0,,1948,2021,10429.0,50.0
NLD__PLW,NLD,PLW,0.0,0.0,0,0.0,0.0,0.0,,0.0,,1948,2021,11880.0,60.0
NLD__PNG,NLD,PNG,0.0,0.0,0,0.0,0.0,0.0,,0.0,,1948,2021,14188.0,54.0
NLD__PRK,NLD,PRK,0.0,0.0,0,0.0,0.0,0.0,,0.0,,1948,2021,8411.5,55.0
NLD__PRT,NLD,PRT,0.0,0.0,0,0.0,0.0,0.0,,0.0,,1948,2021,1837.0,56.0
NLD__PRY,NLD,PRY,0.0,0.0,0,0.0,0.0,0.0,,0.0,,1948,2021,10495.0,52.0
NLD__QAT,NLD,QAT,0.0,0.0,0,0.0,0.0,0.0,,0.0,,1948,2021,4917.5,19.0
NLD__RWA,NLD,RWA,0.0,0.0,0,0.0,0.0,0.0,,0.0,,1948,2021,6452.5,29.0
NLD__SAU,NLD,SAU,0.0,0.0,0,0.0,0.0,0.0,,0.0,,1948,2021,4608.0,120.0
NLD__SDN,NLD,SDN,0.0,0.0,0,0.0,0.0,0.0,,0.0,,1948,2021,4747.5,19.0
NLD__SEN,NLD,SEN,0.0,0.0,0,0.0,0.0,0.0,,0.0,,1948,2021,4596.0,58.0
NLD__SGP,NLD,SGP,0.0,0.0,0,0.0,0.0,0.0,,0.0,,1948,2021,10520.5,35.0
NLD__SLB,NLD,SLB,0.0,0.0,0,0.0,0.0,0.0,,0.0,,1948,2021,14767.5,57.0
NLD__SLE,NLD,SLE,0.0,0.0,0,0.0,0.0,0.0,,0.0,,1948,2021,5109.0,58.0
NLD__SLV,NLD,SLV,0.0,0.0,0,0.0,0.0,0.0,,0.0,,1948,2021,9079.5,17.0
NLD__SOM,NLD,SOM,0.0,0.0,0,0.0,0.0,0.0,,0.0,,1948,2021,6710.0,12.0
NLD__SSD,NLD,SSD,0.0,0.0,0,0.0,0.0,0.0,,0.0,,1948,2021,5812.0,0.0
NLD__STP,NLD,STP,0.0,0.0,0,0.0,0.0,0.0,,0.0,,1948,2021,5745.5,49.0
NLD__SUR,NLD,SUR,0.0,1.0,1,0.0,1.0,1.0,0.0,0.0,1975.0,1948,2021,7471.0,44.0
NLD__SWZ,NLD,SWZ,0.0,0.0,0,0.0,0.0,0.0,,0.0,,1948,2021,9066.5,35.0
NLD__SYC,NLD,SYC,0.0,0.0,0,0.0,0.0,0.0,,0.0,,1948,2021,7898.0,6.0
NLD__SYR,NLD,SYR,0.0,0.0,0,0.0,0.0,0.0,,0.0,,1948,2021,3184.0,172.0
NLD__TCD,NLD,TCD,0.0,0.0,0,0.0,0.0,0.0,,0.0,,1948,2021,4537.5,41.0
NLD__TGO,NLD,TGO,0.0,0.0,0,0.0,0.0,0.0,,0.0,,1948,2021,5111.0,52.0
NLD__THA,NLD,THA,0.0,0.0,0,0.0,0.0,0.0,,0.0,,1948,2021,9208.5,39.0
NLD__TJK,NLD,TJK,0.0,0.0,0,0.0,0.0,0.0,,0.0,,1948,2021,5066.0,36.0
NLD__TKM,NLD,TKM,0.0,0.0,0,0.0,0.0,0.0,,0.0,,1948,2021,4398.5,29.0
NLD__TLS,NLD,TLS,0.0,0.0,0,0.0,0.0,0.0,,0.0,,1948,2021,12812.0,0.0
NLD__TON,NLD,TON,0.0,0.0,0,0.0,0.0,0.0,,0.0,,1948,2021,16562.5,51.0
NLD__TTO,NLD,TTO,0.0,0.0,0,0.0,0.0,0.0,,0.0,,1948,2021,7460.0,38.0
NLD__TUN,NLD,TUN,0.0,0.0,0,0.0,0.0,0.0,,0.0,,1948,2021,1757.0,40.0
NLD__TUR,NLD,TUR,0.0,0.0,0,0.0,0.0,0.0,,0.0,,1948,2021,2217.5,5.0
NLD__TUV,NLD,TUV,0.0,0.0,0,0.0,0.0,0.0,,0.0,,1948,2021,15140.5,53.0
NLD__TWN,NLD,TWN,0.0,0.0,0,0.0,0.0,0.0,,0.0,,1948,2021,9495.0,54.0
NLD__TZA,NLD,TZA,0.0,0.0,0,0.0,0.0,0.0,,0.0,,1948,2021,7314.0,22.0
NLD__UGA,NLD,UGA,0.0,0.0,0,0.0,0.0,0.0,,0.0,,1948,2021,6308.0,26.0
NLD__URY,NLD,URY,0.0,0.0,0,0.0,0.0,0.0,,0.0,,1948,2021,11301.5,55.0
NLD__USA,NLD,USA,0.0,0.0,0,0.0,0.0,0.0,,0.0,,1948,2021,5873.0,8.0
NLD__UZB,NLD,UZB,0.0,0.0,0,0.0,0.0,0.0,,0.0,,1948,2021,4908.0,38.0
NLD__VCT,NLD,VCT,0.0,0.0,0,0.0,0.0,0.0,,0.0,,1948,2021,7223.5,37.0
NLD__VEN,NLD,VEN,0.0,0.0,0,0.0,0.0,0.0,,0.0,,1948,2021,7837.0,34.0
NLD__VNM,NLD,VNM,0.0,0.0,0,0.0,0.0,0.0,,0.0,,1948,2021,9875.5,41.0
NLD__VUT,NLD,VUT,0.0,0.0,0,0.0,0.0,0.0,,0.0,,1948,2021,15927.5,57.0
NLD__WSM,NLD,WSM,0.0,0.0,0,0.0,0.0,0.0,,0.0,,1948,2021,15742.5,47.0
NLD__YEM,NLD,YEM,0.0,0.0,0,0.0,0.0,0.0,,0.0,,1948,2021,5357.0,24.0
NLD__ZAF,NLD,ZAF,0.0,0.0,1,0.0,0.0,0.0,,0.0,1902.0,1948,2021,9303.0,696.0
NLD__ZMB,NLD,ZMB,0.0,0.0,0,0.0,0.0,0.0,,0.0,,1948,2021,7684.5,313.0
NLD__ZWE,NLD,ZWE,0.0,0.0,0,0.0,0.0,0.0,,0.0,,1948,2021,8162.5,33.0
NPL__NRU,NPL,NRU,0.0,0.0,0,0.0,0.0,0.0,,0.0,,1948,2021,9214.0,0.0
NPL__NZL,NPL,NZL,0.0,0.0,0,0.0,0.0,0.0,,0.0,,1948,2021,11754.0,0.0
NPL__OMN,NPL,OMN,0.0,0.0,0,0.0,0.0,0.0,,0.0,,1948,2021,2716.0,0.0
NPL__PAK,NPL,PAK,0.0,0.0,0,0.0,0.0,0.0,,0.0,,1948,2021,1846.0,0.0
NPL__PAN,NPL,PAN,0.0,0.0,0,0.0,0.0,0.0,,0.0,,1948,2021,15632.0,0.0
NPL__PER,NPL,PER,0.0,0.0,0,0.0,0.0,0.0,,0.0,,1948,2021,17492.0,0.0
NPL__PHL,NPL,PHL,0.0,0.0,0,0.0,0.0,0.0,,0.0,,1948,2021,3959.0,0.0
NPL__PLW,NPL,PLW,0.0,0.0,0,0.0,0.0,0.0,,0.0,,1948,2021,5640.5,5.0
NPL__PNG,NPL,PNG,0.0,0.0,0,0.0,0.0,0.0,,0.0,,1948,2021,7823.0,0.0
NPL__PRK,NPL,PRK,0.0,0.0,0,0.0,0.0,0.0,,0.0,,1948,2021,3931.0,0.0
NPL__PRT,NPL,PRT,0.0,0.0,0,0.0,0.0,0.0,,0.0,,1948,2021,8500.0,0.0
NPL__PRY,NPL,PRY,0.0,0.0,0,0.0,0.0,0.0,,0.0,,1948,2021,16341.0,0.0
NPL__QAT,NPL,QAT,0.0,0.0,0,0.0,0.0,0.0,,0.0,,1948,2021,3374.5,9.0
NPL__RWA,NPL,RWA,0.0,0.0,0,0.0,0.0,0.0,,0.0,,1948,2021,6756.0,0.0
NPL__SAU,NPL,SAU,0.0,0.0,0,0.0,0.0,0.0,,0.0,,1948,2021,4247.5,779.0
NPL__SDN,NPL,SDN,0.0,0.0,0,0.0,0.0,0.0,,0.0,,1948,2021,5586.0,0.0
NPL__SEN,NPL,SEN,0.0,0.0,0,0.0,0.0,0.0,,0.0,,1948,2021,10477.0,0.0
NPL__SGP,NPL,SGP,0.0,0.0,0,0.0,0.0,0.0,,0.0,,1948,2021,3528.0,0.0
NPL__SLB,NPL,SLB,0.0,0.0,0,0.0,0.0,0.0,,0.0,,1948,2021,9014.0,0.0
NPL__SLE,NPL,SLE,0.0,0.0,0,0.0,0.0,0.0,,0.0,,1948,2021,10413.0,0.0
NPL__SLV,NPL,SLV,0.0,0.0,0,0.0,0.0,0.0,,0.0,,1948,2021,15387.0,0.0
NPL__SOM,NPL,SOM,0.0,0.0,0,0.0,0.0,0.0,,0.0,,1948,2021,5113.0,0.0
NPL__SSD,NPL,SSD,0.0,0.0,0,0.0,0.0,0.0,,0.0,,1948,2021,6215.0,0.0
NPL__STP,NPL,STP,0.0,0.0,0,0.0,0.0,0.0,,0.0,,1948,2021,8874.0,0.0
NPL__SUR,NPL,SUR,0.0,0.0,0,0.0,0.0,0.0,,0.0,,1948,2021,14380.0,0.0
NPL__SWZ,NPL,SWZ,0.0,0.0,0,0.0,0.0,0.0,,0.0,,1948,2021,8328.0,0.0
NPL__SYC,NPL,SYC,0.0,0.0,0,0.0,0.0,0.0,,0.0,,1948,2021,4804.0,0.0
NPL__SYR,NPL,SYR,0.0,0.0,0,0.0,0.0,0.0,,0.0,,1948,2021,4651.5,99.0
NPL__TCD,NPL,TCD,0.0,0.0,0,0.0,0.0,0.0,,0.0,,1948,2021,7466.0,0.0
NPL__TGO,NPL,TGO,0.0,0.0,0,0.0,0.0,0.0,,0.0,,1948,2021,9121.0,0.0
NPL__THA,NPL,THA,0.0,0.0,0,0.0,0.0,0.0,,0.0,,1948,2021,2210.0,0.0
NPL__TJK,NPL,TJK,0.0,0.0,0,0.0,0.0,0.0,,0.0,,1948,2021,1951.0,0.0
NPL__TKM,NPL,TKM,0.0,0.0,0,0.0,0.0,0.0,,0.0,,1948,2021,2753.0,0.0
NPL__TLS,NPL,TLS,0.0,0.0,0,0.0,0.0,0.0,,0.0,,1948,2021,5906.0,0.0
NPL__TON,NPL,TON,0.0,0.0,0,0.0,0.0,0.0,,0.0,,1948,2021,11973.0,0.0
NPL__TTO,NPL,TTO,0.0,0.0,0,0.0,0.0,0.0,,0.0,,1948,2021,14467.0,0.0
NPL__TUN,NPL,TUN,0.0,0.0,0,0.0,0.0,0.0,,0.0,,1948,2021,6975.0,0.0
NPL__TUR,NPL,TUR,0.0,0.0,0,0.0,0.0,0.0,,0.0,,1948,2021,5296.0,0.0
NPL__TUV,NPL,TUV,0.0,0.0,0,0.0,0.0,0.0,,0.0,,1948,2021,10830.0,0.0
NPL__TWN,NPL,TWN,0.0,0.0,0,0.0,0.0,0.0,,0.0,,1948,2021,3610.5,7.0
NPL__TZA,NPL,TZA,0.0,0.0,0,0.0,0.0,0.0,,0.0,,1948,2021,6253.0,0.0
NPL__UGA,NPL,UGA,0.0,0.0,0,0.0,0.0,0.0,,0.0,,1948,2021,6383.0,0.0
NPL__URY,NPL,URY,0.0,0.0,0,0.0,0.0,0.0,,0.0,,1948,2021,16298.0,0.0
NPL__USA,NPL,USA,0.0,0.0,0,0.0,0.0,0.0,,0.0,,1948,2021,12136.0,0.0
NPL__UZB,NPL,UZB,0.0,0.0,0,0.0,0.0,0.0,,0.0,,1948,2021,2103.0,0.0
NPL__VCT,NPL,VCT,0.0,0.0,0,0.0,0.0,0.0,,0.0,,1948,2021,14231.0,0.0
NPL__VEN,NPL,VEN,0.0,0.0,0,0.0,0.0,0.0,,0.0,,1948,2021,14834.0,0.0
NPL__VNM,NPL,VNM,0.0,0.0,0,0.0,0.0,0.0,,0.0,,1948,2021,2916.0,0.0
NPL__VUT,NPL,VUT,0.0,0.0,0,0.0,0.0,0.0,,0.0,,1948,2021,10253.0,0.0
NPL__WSM,NPL,WSM,0.0,0.0,0,0.0,0.0,0.0,,0.0,,1948,2021,11975.0,0.0
NPL__YEM,NPL,YEM,0.0,0.0,0,0.0,0.0,0.0,,0.0,,1948,2021,4523.5,149.0
NPL__ZAF,NPL,ZAF,0.0,0.0,0,0.0,0.0,0.0,,0.0,,1948,2021,9181.0,1256.0
NPL__ZMB,NPL,ZMB,0.0,0.0,0,0.0,0.0,0.0,,0.0,,1948,2021,7700.0,168.0
NPL__ZWE,NPL,ZWE,0.0,0.0,0,0.0,0.0,0.0,,0.0,,1948,2021,7719.0,0.0
NRU__NZL,NRU,NZL,0.0,0.0,0,1.0,1.0,1.0,,0.0,,1948,2021,4104.0,0.0
NRU__OMN,NRU,OMN,0.0,0.0,0,0.0,0.0,0.0,,0.0,,1948,2021,11904.0,0.0
NRU__PAK,NRU,PAK,0.0,0.0,0,1.0,1.0,1.0,,1.0,,1948,2021,11033.0,0.0
NRU__PAN,NRU,PAN,0.0,0.0,0,0.0,0.0,0.0,,0.0,,1948,2021,12618.0,0.0
NRU__PER,NRU,PER,0.0,0.0,0,0.0,0.0,0.0,,0.0,,1948,2021,12837.0,0.0
NRU__PHL,NRU,PHL,0.0,0.0,0,0.0,1.0,1.0,,0.0,,1948,2021,5327.0,0.0
NRU__PLW,NRU,PLW,0.0,0.0,0,1.0,1.0,1.0,,0.0,,1948,2021,3699.0,12.0
NRU__PNG,NRU,PNG,0.0,0.0,0,1.0,1.0,1.0,,1.0,,1948,2021,2398.0,0.0
NRU__PRK,NRU,PRK,0.0,0.0,0,0.0,0.0,0.0,,0.0,,1948,2021,6065.0,0.0
NRU__PRT,NRU,PRT,0.0,0.0,0,0.0,0.0,0.0,,0.0,,1948,2021,15757.0,0.0
NRU__PRY,NRU,PRY,0.0,0.0,0,0.0,0.0,0.0,,0.0,,1948,2021,14449.0,0.0
NRU__QAT,NRU,QAT,0.0,0.0,0,1.0,0.0,0.0,,1.0,,1948,2021,12588.0,10.0
NRU__RWA,NRU,RWA,0.0,0.0,0,1.0,1.0,1.0,,0.0,,1948,2021,15227.0,0.0
NRU__SAU,NRU,SAU,0.0,0.0,0,0.0,0.0,0.0,,0.0,,1948,2021,13459.0,774.0
NRU__SDN,NRU,SDN,0.0,0.0,0,1.0,0.0,0.0,,1.0,,1948,2021,14754.0,0.0
NRU__SEN,NRU,SEN,0.0,0.0,0,0.0,0.0,0.0,,0.0,,1948,2021,18369.0,0.0
NRU__SGP,NRU,SGP,0.0,0.0,0,1.0,1.0,1.0,,1.0,,1948,2021,7022.0,0.0
NRU__SLB,NRU,SLB,0.0,0.0,0,1.0,0.0,1.0,,1.0,,1948,2021,1251.0,0.0
NRU__SLE,NRU,SLE,0.0,0.0,0,1.0,1.0,1.0,,1.0,,1948,2021,19124.0,0.0
NRU__SLV,NRU,SLV,0.0,0.0,0,0.0,0.0,0.0,,0.0,,1948,2021,11535.0,0.0
NRU__SOM,NRU,SOM,0.0,0.0,0,1.0,0.0,1.0,,1.0,,1948,2021,13533.0,0.0
NRU__SSD,NRU,SSD,0.0,0.0,0,0.0,0.0,0.0,,1.0,,1948,2021,15048.0,0.0
NRU__STP,NRU,STP,0.0,0.0,0,0.0,0.0,0.0,,0.0,,1948,2021,17832.0,0.0
NRU__SUR,NRU,SUR,0.0,0.0,0,0.0,0.0,0.0,,0.0,,1948,2021,15325.0,0.0
NRU__SWZ,NRU,SWZ,0.0,0.0,0,1.0,0.0,1.0,,1.0,,1948,2021,14431.0,0.0
NRU__SYC,NRU,SYC,0.0,0.0,0,1.0,1.0,1.0,,1.0,,1948,2021,12394.0,0.0
NRU__SYR,NRU,SYR,0.0,0.0,0,0.0,0.0,0.0,,0.0,,1948,2021,13612.5,199.0
NRU__TCD,NRU,TCD,0.0,0.0,0,0.0,0.0,0.0,,0.0,,1948,2021,16672.0,0.0
NRU__TGO,NRU,TGO,0.0,0.0,0,0.0,0.0,0.0,,0.0,,1948,2021,18327.0,0.0
NRU__THA,NRU,THA,0.0,0.0,0,0.0,0.0,0.0,,0.0,,1948,2021,7483.0,0.0
NRU__TJK,NRU,TJK,0.0,0.0,0,0.0,0.0,0.0,,0.0,,1948,2021,10757.0,0.0
NRU__TKM,NRU,TKM,0.0,0.0,0,0.0,0.0,0.0,,0.0,,1948,2021,11667.0,0.0
NRU__TLS,NRU,TLS,0.0,0.0,0,0.0,0.0,0.0,,0.0,,1948,2021,4669.0,0.0
NRU__TON,NRU,TON,0.0,0.0,0,1.0,0.0,1.0,,1.0,,1948,2021,2996.0,0.0
NRU__TTO,NRU,TTO,0.0,0.0,0,1.0,1.0,1.0,,1.0,,1948,2021,14563.0,0.0
NRU__TUN,NRU,TUN,0.0,0.0,0,0.0,0.0,0.0,,0.0,,1948,2021,15334.0,0.0
NRU__TUR,NRU,TUR,0.0,0.0,0,0.0,0.0,0.0,,0.0,,1948,2021,13854.0,0.0
NRU__TUV,NRU,TUV,0.0,0.0,0,1.0,0.0,0.0,,1.0,,1948,2021,1624.0,0.0
NRU__TWN,NRU,TWN,0.0,0.0,0,0.0,0.0,0.0,,0.0,,1948,2021,5646.0,6.0
NRU__TZA,NRU,TZA,0.0,0.0,0,1.0,0.0,1.0,,1.0,,1948,2021,14165.0,0.0
NRU__UGA,NRU,UGA,0.0,0.0,0,1.0,1.0,1.0,,1.0,,1948,2021,14954.0,0.0
NRU__URY,NRU,URY,0.0,0.0,0,0.0,0.0,0.0,,0.0,,1948,2021,14073.0,0.0
NRU__USA,NRU,USA,0.0,0.0,0,1.0,1.0,1.0,,0.0,,1948,2021,12462.0,0.0
NRU__UZB,NRU,UZB,0.0,0.0,0,0.0,0.0,0.0,,0.0,,1948,2021,10694.0,0.0
NRU__VCT,NRU,VCT,0.0,0.0,0,1.0,1.0,1.0,,1.0,,1948,2021,14547.0,0.0
NRU__VEN,NRU,VEN,0.0,0.0,0,0.0,0.0,0.0,,0.0,,1948,2021,13984.0,0.0
NRU__VNM,NRU,VNM,0.0,0.0,0,0.0,0.0,0.0,,0.0,,1948,2021,6782.0,0.0
NRU__VUT,NRU,VUT,0.0,0.0,0,1.0,1.0,1.0,,1.0,,1948,2021,1909.0,0.0
NRU__WSM,NRU,WSM,0.0,0.0,0,1.0,1.0,1.0,,0.0,,1948,2021,2772.0,0.0
NRU__YEM,NRU,YEM,0.0,0.0,0,1.0,0.0,0.0,,1.0,,1948,2021,13602.5,143.0
NRU__ZAF,NRU,ZAF,0.0,0.0,0,1.0,1.0,1.0,,0.0,,1948,2021,14845.5,265.0
NRU__ZMB,NRU,ZMB,0.0,0.0,0,1.0,1.0,1.0,,1.0,,1948,2021,15198.5,89.0
NRU__ZWE,NRU,ZWE,0.0,0.0,0,1.0,1.0,1.0,,1.0,,1948,2021,14789.0,0.0
NZL__OMN,NZL,OMN,0.0,0.0,0,0.0,0.0,0.0,,0.0,,1948,2021,13822.0,0.0
NZL__PAK,NZL,PAK,0.0,0.0,0,1.0,1.0,1.0,,0.0,,1948,2021,13144.0,0.0
NZL__PAN,NZL,PAN,0.0,0.0,0,0.0,0.0,0.0,,0.0,,1948,2021,12005.0,0.0
NZL__PER,NZL,PER,0.0,0.0,0,0.0,0.0,0.0,,0.0,,1948,2021,10783.0,0.0
NZL__PHL,NZL,PHL,0.0,0.0,0,0.0,1.0,1.0,,0.0,,1948,2021,8012.0,0.0
NZL__PLW,NZL,PLW,0.0,0.0,0,1.0,1.0,1.0,,0.0,,1948,2021,6448.5,5.0
NZL__PNG,NZL,PNG,0.0,0.0,0,1.0,1.0,1.0,,0.0,,1948,2021,4116.0,0.0
NZL__PRK,NZL,PRK,0.0,0.0,0,0.0,0.0,0.0,,0.0,,1948,2021,9791.0,0.0
NZL__PRT,NZL,PRT,0.0,0.0,0,0.0,0.0,0.0,,0.0,,1948,2021,19618.0,0.0
NZL__PRY,NZL,PRY,0.0,0.0,0,0.0,0.0,0.0,,0.0,,1948,2021,11212.0,0.0
NZL__QAT,NZL,QAT,0.0,0.0,0,1.0,0.0,0.0,,0.0,,1948,2021,14544.0,10.0
NZL__RWA,NZL,RWA,0.0,0.0,0,0.0,1.0,1.0,,0.0,,1948,2021,14380.0,0.0
NZL__SAU,NZL,SAU,0.0,0.0,0,0.0,0.0,0.0,,0.0,,1948,2021,15153.5,431.0
NZL__SDN,NZL,SDN,0.0,0.0,0,1.0,0.0,0.0,,0.0,,1948,2021,15614.0,0.0
NZL__SEN,NZL,SEN,0.0,0.0,0,0.0,0.0,0.0,,0.0,,1948,2021,17270.0,0.0
NZL__SGP,NZL,SGP,0.0,0.0,0,1.0,1.0,1.0,,0.0,,1948,2021,8411.0,0.0
NZL__SLB,NZL,SLB,0.0,0.0,0,1.0,0.0,1.0,,0.0,,1948,2021,3386.0,0.0
NZL__SLE,NZL,SLE,0.0,0.0,0,1.0,1.0,1.0,,0.0,,1948,2021,16760.0,0.0
NZL__SLV,NZL,SLV,0.0,0.0,0,0.0,0.0,0.0,,0.0,,1948,2021,11445.0,0.0
NZL__SOM,NZL,SOM,0.0,0.0,0,1.0,0.0,1.0,,0.0,,1948,2021,13570.0,0.0
NZL__SSD,NZL,SSD,0.0,0.0,0,0.0,0.0,0.0,,0.0,,1948,2021,14859.0,0.0
NZL__STP,NZL,STP,0.0,0.0,0,0.0,0.0,0.0,,0.0,,1948,2021,15778.0,0.0
NZL__SUR,NZL,SUR,0.0,0.0,0,0.0,0.0,0.0,,0.0,,1948,2021,13908.0,0.0
NZL__SWZ,NZL,SWZ,0.0,0.0,0,1.0,0.0,1.0,,0.0,,1948,2021,12047.0,0.0
NZL__SYC,NZL,SYC,0.0,0.0,0,1.0,1.0,1.0,,0.0,,1948,2021,12244.0,0.0
NZL__SYR,NZL,SYR,0.0,0.0,0,0.0,0.0,0.0,,0.0,,1948,2021,16256.5,7.0
NZL__TCD,NZL,TCD,0.0,0.0,0,0.0,0.0,0.0,,0.0,,1948,2021,16603.0,0.0
NZL__TGO,NZL,TGO,0.0,0.0,0,0.0,0.0,0.0,,0.0,,1948,2021,16539.0,0.0
NZL__THA,NZL,THA,0.0,0.0,0,0.0,0.0,0.0,,0.0,,1948,2021,9563.0,0.0
NZL__TJK,NZL,TJK,0.0,0.0,0,0.0,0.0,0.0,,0.0,,1948,2021,13680.0,0.0
NZL__TKM,NZL,TKM,0.0,0.0,0,0.0,0.0,0.0,,0.0,,1948,2021,14504.0,0.0
NZL__TLS,NZL,TLS,0.0,0.0,0,0.0,0.0,0.0,,0.0,,1948,2021,5858.0,0.0
NZL__TON,NZL,TON,0.0,0.0,0,1.0,0.0,1.0,,0.0,,1948,2021,1995.0,0.0
NZL__TTO,NZL,TTO,0.0,0.0,0,1.0,1.0,1.0,,0.0,,1948,2021,13705.0,0.0
NZL__TUN,NZL,TUN,0.0,0.0,0,0.0,0.0,0.0,,0.0,,1948,2021,18653.0,0.0
NZL__TUR,NZL,TUR,0.0,0.0,0,0.0,0.0,0.0,,0.0,,1948,2021,17043.0,0.0
NZL__TUV,NZL,TUV,0.0,0.0,0,1.0,0.0,0.0,,0.0,,1948,2021,3172.0,0.0
NZL__TWN,NZL,TWN,0.0,0.0,0,0.0,0.0,0.0,,0.0,,1948,2021,8836.5,3.0
NZL__TZA,NZL,TZA,0.0,0.0,0,1.0,0.0,1.0,,0.0,,1948,2021,13323.0,0.0
NZL__UGA,NZL,UGA,0.0,0.0,0,1.0,1.0,1.0,,0.0,,1948,2021,14404.0,0.0
NZL__URY,NZL,URY,0.0,0.0,0,0.0,0.0,0.0,,0.0,,1948,2021,10484.0,0.0
NZL__USA,NZL,USA,0.0,0.0,0,1.0,1.0,1.0,,0.0,,1948,2021,14187.0,0.0
NZL__UZB,NZL,UZB,0.0,0.0,0,0.0,0.0,0.0,,0.0,,1948,2021,13761.0,0.0
NZL__VCT,NZL,VCT,0.0,0.0,0,1.0,1.0,1.0,,0.0,,1948,2021,13895.0,0.0
NZL__VEN,NZL,VEN,0.0,0.0,0,0.0,0.0,0.0,,0.0,,1948,2021,13223.0,0.0
NZL__VNM,NZL,VNM,0.0,0.0,0,0.0,0.0,0.0,,0.0,,1948,2021,8840.0,0.0
NZL__VUT,NZL,VUT,0.0,0.0,0,1.0,1.0,1.0,,0.0,,1948,2021,2213.0,0.0
NZL__WSM,NZL,WSM,0.0,1.0,1,0.0,1.0,1.0,0.0,0.0,1962.0,1948,2021,2882.0,0.0
NZL__YEM,NZL,YEM,0.0,0.0,0,1.0,0.0,0.0,,0.0,,1948,2021,14645.5,73.0
NZL__ZAF,NZL,ZAF,0.0,0.0,0,1.0,1.0,1.0,,0.0,,1948,2021,12000.0,412.0
NZL__ZMB,NZL,ZMB,0.0,0.0,0,1.0,1.0,1.0,,0.0,,1948,2021,13366.5,251.0
NZL__ZWE,NZL,ZWE,0.0,0.0,0,1.0,1.0,1.0,,0.0,,1948,2021,12859.0,0.0
OMN__PAK,OMN,PAK,0.0,0.0,0,0.0,0.0,0.0,,0.0,,1948,2021,874.0,0.0
OMN__PAN,OMN,PAN,0.0,0.0,0,0.0,0.0,0.0,,0.0,,1948,2021,14212.0,0.0
OMN__PER,OMN,PER,0.0,0.0,0,0.0,0.0,0.0,,0.0,,1948,2021,15177.0,0.0
OMN__PHL,OMN,PHL,0.0,0.0,0,0.0,0.0,0.0,,0.0,,1948,2021,6592.0,0.0
OMN__PLW,OMN,PLW,0.0,0.0,0,0.0,0.0,0.0,,0.0,,1948,2021,8260.0,8.0
OMN__PNG,OMN,PNG,0.0,0.0,0,0.0,0.0,0.0,,0.0,,1948,2021,10289.0,0.0
OMN__PRK,OMN,PRK,0.0,0.0,0,0.0,0.0,0.0,,0.0,,1948,2021,6471.0,0.0
OMN__PRT,OMN,PRT,0.0,0.0,0,0.0,0.0,0.0,,0.0,,1948,2021,6524.0,0.0
OMN__PRY,OMN,PRY,0.0,0.0,0,0.0,0.0,0.0,,0.0,,1948,2021,13625.0,0.0
OMN__QAT,OMN,QAT,0.0,0.0,0,0.0,1.0,1.0,,0.0,,1948,2021,745.0,10.0
OMN__RWA,OMN,RWA,0.0,0.0,0,0.0,0.0,0.0,,0.0,,1948,2021,4189.0,0.0
OMN__SAU,OMN,SAU,1.0,0.0,0,0.0,1.0,1.0,,0.0,,1948,2021,1579.5,733.0
OMN__SDN,OMN,SDN,0.0,0.0,0,0.0,1.0,1.0,,0.0,,1948,2021,2871.0,0.0
OMN__SEN,OMN,SEN,0.0,0.0,0,0.0,0.0,0.0,,0.0,,1948,2021,7974.0,0.0
OMN__SGP,OMN,SGP,0.0,0.0,0,0.0,0.0,0.0,,0.0,,1948,2021,5467.0,0.0
OMN__SLB,OMN,SLB,0.0,0.0,0,0.0,0.0,0.0,,0.0,,1948,2021,11583.0,0.0
OMN__SLE,OMN,SLE,0.0,0.0,0,0.0,0.0,0.0,,0.0,,1948,2021,7794.0,0.0
OMN__SLV,OMN,SLV,0.0,0.0,0,0.0,0.0,0.0,,0.0,,1948,2021,14602.0,0.0
OMN__SOM,OMN,SOM,0.0,0.0,0,0.0,0.0,1.0,,0.0,,1948,2021,2781.0,0.0
OMN__SSD,OMN,SSD,0.0,0.0,0,0.0,1.0,1.0,,0.0,,1948,2021,3565.0,0.0
OMN__STP,OMN,STP,0.0,0.0,0,0.0,0.0,0.0,,0.0,,1948,2021,6159.0,0.0
OMN__SUR,OMN,SUR,0.0,0.0,0,0.0,0.0,0.0,,0.0,,1948,2021,12139.0,0.0
OMN__SWZ,OMN,SWZ,0.0,0.0,0,0.0,0.0,0.0,,0.0,,1948,2021,6266.0,0.0
OMN__SYC,OMN,SYC,0.0,0.0,0,0.0,0.0,0.0,,0.0,,1948,2021,3142.0,0.0
OMN__SYR,OMN,SYR,0.0,0.0,0,0.0,1.0,1.0,,0.0,,1948,2021,2460.5,55.0
OMN__TCD,OMN,TCD,0.0,0.0,0,0.0,1.0,1.0,,0.0,,1948,2021,4767.0,0.0
OMN__TGO,OMN,TGO,0.0,0.0,0,0.0,0.0,0.0,,0.0,,1948,2021,6424.0,0.0
OMN__THA,OMN,THA,0.0,0.0,0,0.0,0.0,0.0,,0.0,,1948,2021,4540.0,0.0
OMN__TJK,OMN,TJK,0.0,0.0,0,0.0,0.0,0.0,,0.0,,1948,2021,1916.0,0.0
OMN__TKM,OMN,TKM,0.0,0.0,0,0.0,0.0,0.0,,0.0,,1948,2021,1590.0,0.0
OMN__TLS,OMN,TLS,0.0,0.0,0,0.0,0.0,0.0,,0.0,,1948,2021,8101.0,0.0
OMN__TON,OMN,TON,0.0,0.0,0,0.0,0.0,0.0,,0.0,,1948,2021,14517.0,0.0
OMN__TTO,OMN,TTO,0.0,0.0,0,0.0,0.0,0.0,,0.0,,1948,2021,12490.0,0.0
OMN__TUN,OMN,TUN,0.0,0.0,0,0.0,1.0,1.0,,0.0,,1948,2021,4831.0,0.0
OMN__TUR,OMN,TUR,0.0,0.0,0,0.0,0.0,0.0,,0.0,,1948,2021,3366.0,0.0
OMN__TUV,OMN,TUV,0.0,0.0,0,0.0,0.0,0.0,,0.0,,1948,2021,13507.0,0.0
OMN__TWN,OMN,TWN,0.0,0.0,0,0.0,0.0,0.0,,0.0,,1948,2021,6326.5,7.0
OMN__TZA,OMN,TZA,0.0,0.0,0,0.0,0.0,0.0,,0.0,,1948,2021,3969.0,0.0
OMN__UGA,OMN,UGA,0.0,0.0,0,0.0,0.0,0.0,,0.0,,1948,2021,3813.0,0.0
OMN__URY,OMN,URY,0.0,0.0,0,0.0,0.0,0.0,,0.0,,1948,2021,13671.0,0.0
OMN__USA,OMN,USA,0.0,0.0,0,0.0,0.0,0.0,,0.0,,1948,2021,11367.0,0.0
OMN__UZB,OMN,UZB,0.0,0.0,0,0.0,0.0,0.0,,0.0,,1948,2021,2193.0,0.0
OMN__VCT,OMN,VCT,0.0,0.0,0,0.0,0.0,0.0,,0.0,,1948,2021,12318.0,0.0
OMN__VEN,OMN,VEN,0.0,0.0,0,0.0,0.0,0.0,,0.0,,1948,2021,12996.0,0.0
OMN__VNM,OMN,VNM,0.0,0.0,0,0.0,0.0,0.0,,0.0,,1948,2021,5282.0,0.0
OMN__VUT,OMN,VUT,0.0,0.0,0,0.0,0.0,0.0,,0.0,,1948,2021,12751.0,0.0
OMN__WSM,OMN,WSM,0.0,0.0,0,0.0,0.0,0.0,,0.0,,1948,2021,14639.0,0.0
OMN__YEM,OMN,YEM,1.0,0.0,0,0.0,1.0,1.0,,0.0,,1948,2021,1837.0,146.0
OMN__ZAF,OMN,ZAF,0.0,0.0,0,0.0,0.0,0.0,,0.0,,1948,2021,7038.0,1238.0
OMN__ZMB,OMN,ZMB,0.0,0.0,0,0.0,0.0,0.0,,0.0,,1948,2021,5323.5,219.0
OMN__ZWE,OMN,ZWE,0.0,0.0,0,0.0,0.0,0.0,,0.0,,1948,2021,5475.0,0.0
PAK__PAN,PAK,PAN,0.0,0.0,0,0.0,0.0,0.0,,0.0,,1948,2021,14804.0,0.0
PAK__PER,PAK,PER,0.0,0.0,0,0.0,0.0,0.0,,0.0,,1948,2021,15997.0,0.0
PAK__PHL,PAK,PHL,0.0,0.0,0,0.0,1.0,1.0,,0.0,,1948,2021,5727.0,0.0
PAK__PLW,PAK,PLW,0.0,0.0,0,1.0,1.0,1.0,,0.0,,1948,2021,7399.5,7.0
PAK__PNG,PAK,PNG,0.0,0.0,0,1.0,1.0,1.0,,0.0,,1948,2021,9469.0,0.0
PAK__PRK,PAK,PRK,0.0,0.0,0,0.0,0.0,0.0,,0.0,,1948,2021,5662.0,0.0
PAK__PRT,PAK,PRT,0.0,0.0,0,0.0,0.0,0.0,,0.0,,1948,2021,7175.0,0.0
PAK__PRY,PAK,PRY,0.0,0.0,0,0.0,0.0,0.0,,0.0,,1948,2021,14496.0,0.0
PAK__QAT,PAK,QAT,0.0,0.0,0,1.0,0.0,0.0,,1.0,,1948,2021,1574.0,10.0
PAK__RWA,PAK,RWA,0.0,0.0,0,0.0,1.0,1.0,,0.0,,1948,2021,4978.0,0.0
PAK__SAU,PAK,SAU,0.0,0.0,0,0.0,0.0,0.0,,0.0,,1948,2021,2436.0,756.0
PAK__SDN,PAK,SDN,0.0,0.0,0,1.0,0.0,0.0,,1.0,,1948,2021,3744.0,0.0
PAK__SEN,PAK,SEN,0.0,0.0,0,0.0,0.0,0.0,,0.0,,1948,2021,8799.0,0.0
PAK__SGP,PAK,SGP,0.0,0.0,0,1.0,1.0,1.0,,1.0,,1948,2021,4736.0,0.0
PAK__SLB,PAK,SLB,0.0,0.0,0,1.0,0.0,1.0,,1.0,,1948,2021,10739.0,0.0
PAK__SLE,PAK,SLE,0.0,0.0,0,1.0,1.0,1.0,,1.0,,1948,2021,8649.0,0.0
PAK__SLV,PAK,SLV,0.0,0.0,0,0.0,0.0,0.0,,0.0,,1948,2021,15025.0,0.0
PAK__SOM,PAK,SOM,0.0,0.0,0,1.0,0.0,1.0,,1.0,,1948,2021,3442.0,0.0
PAK__SSD,PAK,SSD,0.0,0.0,0,0.0,0.0,0.0,,1.0,,1948,2021,4394.0,0.0
PAK__STP,PAK,STP,0.0,0.0,0,0.0,0.0,0.0,,0.0,,1948,2021,7029.0,0.0
PAK__SUR,PAK,SUR,0.0,0.0,0,0.0,0.0,0.0,,0.0,,1948,2021,12913.0,0.0
PAK__SWZ,PAK,SWZ,0.0,0.0,0,1.0,0.0,1.0,,1.0,,1948,2021,6859.0,0.0
PAK__SYC,PAK,SYC,0.0,0.0,0,1.0,1.0,1.0,,1.0,,1948,2021,3500.0,0.0
PAK__SYR,PAK,SYR,0.0,0.0,0,0.0,0.0,0.0,,0.0,,1948,2021,3121.5,11.0
PAK__TCD,PAK,TCD,0.0,0.0,0,0.0,0.0,0.0,,0.0,,1948,2021,5640.0,0.0
PAK__TGO,PAK,TGO,0.0,0.0,0,0.0,0.0,0.0,,0.0,,1948,2021,7297.0,0.0
PAK__THA,PAK,THA,0.0,0.0,0,0.0,0.0,0.0,,0.0,,1948,2021,3714.0,0.0
PAK__TJK,PAK,TJK,0.0,0.0,0,0.0,0.0,0.0,,0.0,,1948,2021,1520.0,0.0
PAK__TKM,PAK,TKM,0.0,0.0,0,0.0,0.0,0.0,,0.0,,1948,2021,1664.0,0.0
PAK__TLS,PAK,TLS,0.0,0.0,0,0.0,0.0,0.0,,0.0,,1948,2021,7340.0,0.0
PAK__TON,PAK,TON,0.0,0.0,0,1.0,0.0,1.0,,1.0,,1948,2021,13688.0,0.0
PAK__TTO,PAK,TTO,0.0,0.0,0,1.0,1.0,1.0,,1.0,,1948,2021,13200.0,0.0
PAK__TUN,PAK,TUN,0.0,0.0,0,0.0,0.0,0.0,,0.0,,1948,2021,5520.0,0.0
PAK__TUR,PAK,TUR,0.0,0.0,0,0.0,0.0,0.0,,0.0,,1948,2021,3946.0,0.0
PAK__TUV,PAK,TUV,0.0,0.0,0,1.0,0.0,0.0,,1.0,,1948,2021,12639.0,0.0
PAK__TWN,PAK,TWN,0.0,0.0,0,0.0,0.0,0.0,,0.0,,1948,2021,5455.5,7.0
PAK__TZA,PAK,TZA,0.0,0.0,0,1.0,0.0,1.0,,1.0,,1948,2021,4627.0,0.0
PAK__UGA,PAK,UGA,0.0,0.0,0,1.0,1.0,1.0,,1.0,,1948,2021,4602.0,0.0
PAK__URY,PAK,URY,0.0,0.0,0,0.0,0.0,0.0,,0.0,,1948,2021,14507.0,0.0
PAK__USA,PAK,USA,0.0,0.0,0,1.0,1.0,1.0,,0.0,,1948,2021,11705.0,0.0
PAK__UZB,PAK,UZB,0.0,0.0,0,0.0,0.0,0.0,,0.0,,1948,2021,1825.0,0.0
PAK__VCT,PAK,VCT,0.0,0.0,0,1.0,1.0,1.0,,1.0,,1948,2021,13009.0,0.0
PAK__VEN,PAK,VEN,0.0,0.0,0,0.0,0.0,0.0,,0.0,,1948,2021,13676.0,0.0
PAK__VNM,PAK,VNM,0.0,0.0,0,0.0,0.0,0.0,,0.0,,1948,2021,4458.0,0.0
PAK__VUT,PAK,VUT,0.0,0.0,0,1.0,1.0,1.0,,1.0,,1948,2021,11930.0,0.0
PAK__WSM,PAK,WSM,0.0,0.0,0,0.0,1.0,1.0,,0.0,,1948,2021,13774.0,0.0
PAK__YEM,PAK,YEM,0.0,0.0,0,1.0,0.0,0.0,,1.0,,1948,2021,2684.0,148.0
PAK__ZAF,PAK,ZAF,0.0,0.0,0,1.0,1.0,1.0,,0.0,,1948,2021,7670.0,1256.0
PAK__ZMB,PAK,ZMB,0.0,0.0,0,1.0,1.0,1.0,,1.0,,1948,2021,6035.5,199.0
PAK__ZWE,PAK,ZWE,0.0,0.0,0,1.0,1.0,1.0,,1.0,,1948,2021,6133.0,0.0
PAN__PER,PAN,PER,0.0,0.0,0,1.0,1.0,1.0,,0.0,,1948,2021,2343.0,0.0
PAN__PHL,PAN,PHL,0.0,0.0,0,1.0,0.0,0.0,,0.0,,1948,2021,16563.0,0.0
PAN__PLW,PAN,PLW,0.0,0.0,0,0.0,0.0,0.0,,0.0,,1948,2021,15838.0,22.0
PAN__PNG,PAN,PNG,0.0,0.0,0,0.0,0.0,0.0,,0.0,,1948,2021,14908.0,0.0
PAN__PRK,PAN,PRK,0.0,0.0,0,0.0,0.0,0.0,,0.0,,1948,2021,14084.0,0.0
PAN__PRT,PAN,PRT,0.0,0.0,0,0.0,0.0,0.0,,0.0,,1948,2021,7690.0,0.0
PAN__PRY,PAN,PRY,0.0,0.0,0,1.0,1.0,1.0,,0.0,,1948,2021,4475.0,0.0
PAN__QAT,PAN,QAT,0.0,0.0,0,0.0,0.0,0.0,,0.0,,1948,2021,13500.0,10.0
PAN__RWA,PAN,RWA,0.0,0.0,0,0.0,0.0,0.0,,0.0,,1948,2021,12204.0,0.0
PAN__SAU,PAN,SAU,0.0,0.0,0,0.0,0.0,0.0,,0.0,,1948,2021,12852.0,506.0
PAN__SDN,PAN,SDN,0.0,0.0,0,0.0,0.0,0.0,,0.0,,1948,2021,12066.0,0.0
PAN__SEN,PAN,SEN,0.0,0.0,0,0.0,0.0,0.0,,0.0,,1948,2021,6774.0,0.0
PAN__SGP,PAN,SGP,0.0,0.0,0,0.0,0.0,0.0,,0.0,,1948,2021,18810.0,0.0
PAN__SLB,PAN,SLB,0.0,0.0,0,0.0,0.0,0.0,,0.0,,1948,2021,13509.0,0.0
PAN__SLE,PAN,SLE,0.0,0.0,0,0.0,0.0,0.0,,0.0,,1948,2021,7284.0,0.0
PAN__SLV,PAN,SLV,0.0,0.0,0,1.0,1.0,1.0,,0.0,,1948,2021,1176.0,0.0
PAN__SOM,PAN,SOM,0.0,0.0,0,0.0,0.0,0.0,,0.0,,1948,2021,13799.0,0.0
PAN__SSD,PAN,SSD,0.0,0.0,0,0.0,0.0,0.0,,0.0,,1948,2021,12239.0,0.0
PAN__STP,PAN,STP,0.0,0.0,0,0.0,0.0,0.0,,0.0,,1948,2021,9600.0,0.0
PAN__SUR,PAN,SUR,0.0,0.0,0,0.0,0.0,0.0,,0.0,,1948,2021,2710.0,0.0
PAN__SWZ,PAN,SWZ,0.0,0.0,0,0.0,0.0,0.0,,0.0,,1948,2021,12510.0,0.0
PAN__SYC,PAN,SYC,0.0,0.0,0,0.0,0.0,0.0,,0.0,,1948,2021,15039.0,0.0
PAN__SYR,PAN,SYR,0.0,0.0,0,0.0,0.0,0.0,,0.0,,1948,2021,11756.5,47.0
PAN__TCD,PAN,TCD,0.0,0.0,0,0.0,0.0,0.0,,0.0,,1948,2021,10301.0,0.0
PAN__TGO,PAN,TGO,0.0,0.0,0,0.0,0.0,0.0,,0.0,,1948,2021,8898.0,0.0
PAN__THA,PAN,THA,0.0,0.0,0,0.0,0.0,0.0,,0.0,,1948,2021,17492.0,0.0
PAN__TJK,PAN,TJK,0.0,0.0,0,0.0,0.0,0.0,,0.0,,1948,2021,13808.0,0.0
PAN__TKM,PAN,TKM,0.0,0.0,0,0.0,0.0,0.0,,0.0,,1948,2021,13225.0,0.0
PAN__TLS,PAN,TLS,0.0,0.0,0,0.0,0.0,0.0,,0.0,,1948,2021,17277.0,0.0
PAN__TON,PAN,TON,0.0,0.0,0,0.0,0.0,0.0,,0.0,,1948,2021,10958.0,0.0
PAN__TTO,PAN,TTO,0.0,0.0,0,0.0,0.0,0.0,,0.0,,1948,2021,1983.0,0.0
PAN__TUN,PAN,TUN,0.0,0.0,0,0.0,0.0,0.0,,0.0,,1948,2021,9391.0,0.0
PAN__TUR,PAN,TUR,0.0,0.0,0,0.0,0.0,0.0,,0.0,,1948,2021,10872.0,0.0
PAN__TUV,PAN,TUV,0.0,0.0,0,0.0,0.0,0.0,,0.0,,1948,2021,11394.0,0.0
PAN__TWN,PAN,TWN,0.0,0.0,0,0.0,0.0,0.0,,0.0,,1948,2021,15611.0,8.0
PAN__TZA,PAN,TZA,0.0,0.0,0,0.0,0.0,0.0,,0.0,,1948,2021,13290.0,0.0
PAN__UGA,PAN,UGA,0.0,0.0,0,0.0,0.0,0.0,,0.0,,1948,2021,12441.0,0.0
PAN__URY,PAN,URY,0.0,0.0,0,1.0,1.0,1.0,,0.0,,1948,2021,5439.0,0.0
PAN__USA,PAN,USA,0.0,0.0,0,1.0,1.0,0.0,,0.0,,1948,2021,3556.0,0.0
PAN__UZB,PAN,UZB,0.0,0.0,0,0.0,0.0,0.0,,0.0,,1948,2021,13592.0,0.0
PAN__VCT,PAN,VCT,0.0,0.0,0,0.0,0.0,0.0,,0.0,,1948,2021,2050.0,0.0
PAN__VEN,PAN,VEN,0.0,0.0,0,1.0,1.0,1.0,,0.0,,1948,2021,1397.0,0.0
PAN__VNM,PAN,VNM,0.0,0.0,0,0.0,0.0,0.0,,0.0,,1948,2021,17718.0,0.0
PAN__VUT,PAN,VUT,0.0,0.0,0,0.0,0.0,0.0,,0.0,,1948,2021,12657.0,0.0
PAN__WSM,PAN,WSM,0.0,0.0,0,0.0,0.0,0.0,,0.0,,1948,2021,10494.0,0.0
PAN__YEM,PAN,YEM,0.0,0.0,0,0.0,0.0,0.0,,0.0,,1948,2021,13214.0,106.0
PAN__ZAF,PAN,ZAF,0.0,0.0,0,0.0,0.0,0.0,,0.0,,1948,2021,11749.0,904.0
PAN__ZMB,PAN,ZMB,0.0,0.0,0,0.0,0.0,0.0,,0.0,,1948,2021,12162.0,32.0
PAN__ZWE,PAN,ZWE,0.0,0.0,0,0.0,0.0,0.0,,0.0,,1948,2021,12489.0,0.0
PER__PHL,PER,PHL,0.0,0.0,0,1.0,0.0,0.0,,0.0,,1948,2021,18064.0,0.0
PER__PLW,PER,PLW,0.0,0.0,0,0.0,0.0,0.0,,0.0,,1948,2021,16535.5,13.0
PER__PNG,PER,PNG,0.0,0.0,0,0.0,0.0,0.0,,0.0,,1948,2021,14593.0,0.0
PER__PRK,PER,PRK,0.0,0.0,0,0.0,0.0,0.0,,0.0,,1948,2021,16271.0,0.0
PER__PRT,PER,PRT,0.0,0.0,0,0.0,0.0,0.0,,0.0,,1948,2021,8997.0,0.0
PER__PRY,PER,PRY,0.0,0.0,0,1.0,1.0,1.0,,0.0,,1948,2021,2512.0,0.0
PER__QAT,PER,QAT,0.0,0.0,0,0.0,0.0,0.0,,0.0,,1948,2021,14439.0,10.0
PER__RWA,PER,RWA,0.0,0.0,0,0.0,0.0,0.0,,0.0,,1948,2021,11829.0,0.0
PER__SAU,PER,SAU,0.0,0.0,0,0.0,0.0,0.0,,0.0,,1948,2021,13612.0,704.0
PER__SDN,PER,SDN,0.0,0.0,0,0.0,0.0,0.0,,0.0,,1948,2021,12442.0,0.0
PER__SEN,PER,SEN,0.0,0.0,0,0.0,0.0,0.0,,0.0,,1948,2021,7204.0,0.0
PER__SGP,PER,SGP,0.0,0.0,0,0.0,0.0,0.0,,0.0,,1948,2021,18811.0,0.0
PER__SLB,PER,SLB,0.0,0.0,0,0.0,0.0,0.0,,0.0,,1948,2021,13297.0,0.0
PER__SLE,PER,SLE,0.0,0.0,0,0.0,0.0,0.0,,0.0,,1948,2021,7415.0,0.0
PER__SLV,PER,SLV,0.0,0.0,0,1.0,1.0,1.0,,0.0,,1948,2021,3146.0,0.0
PER__SOM,PER,SOM,0.0,0.0,0,0.0,0.0,0.0,,0.0,,1948,2021,13586.0,0.0
PER__SSD,PER,SSD,0.0,0.0,0,0.0,0.0,0.0,,0.0,,1948,2021,12153.0,0.0
PER__STP,PER,STP,0.0,0.0,0,0.0,0.0,0.0,,0.0,,1948,2021,9346.0,0.0
PER__SUR,PER,SUR,0.0,0.0,0,0.0,0.0,0.0,,0.0,,1948,2021,3127.0,0.0
PER__SWZ,PER,SWZ,0.0,0.0,0,0.0,0.0,0.0,,0.0,,1948,2021,11180.0,0.0
PER__SYC,PER,SYC,0.0,0.0,0,0.0,0.0,0.0,,0.0,,1948,2021,14461.0,0.0
PER__SYR,PER,SYR,0.0,0.0,0,0.0,0.0,0.0,,0.0,,1948,2021,12932.0,58.0
PER__TCD,PER,TCD,0.0,0.0,0,0.0,0.0,0.0,,0.0,,1948,2021,10515.0,0.0
PER__TGO,PER,TGO,0.0,0.0,0,0.0,0.0,0.0,,0.0,,1948,2021,8888.0,0.0
PER__THA,PER,THA,0.0,0.0,0,0.0,0.0,0.0,,0.0,,1948,2021,19700.0,0.0
PER__TJK,PER,TJK,0.0,0.0,0,0.0,0.0,0.0,,0.0,,1948,2021,15541.0,0.0
PER__TKM,PER,TKM,0.0,0.0,0,0.0,0.0,0.0,,0.0,,1948,2021,14757.0,0.0
PER__TLS,PER,TLS,0.0,0.0,0,0.0,0.0,0.0,,0.0,,1948,2021,16639.0,0.0
PER__TON,PER,TON,0.0,0.0,0,0.0,0.0,0.0,,0.0,,1948,2021,10368.0,0.0
PER__TTO,PER,TTO,0.0,0.0,0,0.0,0.0,0.0,,0.0,,1948,2021,3041.0,0.0
PER__TUN,PER,TUN,0.0,0.0,0,0.0,0.0,0.0,,0.0,,1948,2021,10559.0,0.0
PER__TUR,PER,TUR,0.0,0.0,0,0.0,0.0,0.0,,0.0,,1948,2021,12219.0,0.0
PER__TUV,PER,TUV,0.0,0.0,0,0.0,0.0,0.0,,0.0,,1948,2021,11300.0,0.0
PER__TWN,PER,TWN,0.0,0.0,0,0.0,0.0,0.0,,0.0,,1948,2021,17600.5,9.0
PER__TZA,PER,TZA,0.0,0.0,0,0.0,0.0,0.0,,0.0,,1948,2021,12682.0,0.0
PER__UGA,PER,UGA,0.0,0.0,0,0.0,0.0,0.0,,0.0,,1948,2021,12159.0,0.0
PER__URY,PER,URY,0.0,0.0,0,1.0,1.0,1.0,,0.0,,1948,2021,3288.0,0.0
PER__USA,PER,USA,0.0,0.0,0,1.0,1.0,0.0,,0.0,,1948,2021,5849.0,0.0
PER__UZB,PER,UZB,0.0,0.0,0,0.0,0.0,0.0,,0.0,,1948,2021,15404.0,0.0
PER__VCT,PER,VCT,0.0,0.0,0,0.0,0.0,0.0,,0.0,,1948,2021,3288.0,0.0
PER__VEN,PER,VEN,0.0,0.0,0,1.0,1.0,1.0,,0.0,,1948,2021,2733.0,0.0
PER__VNM,PER,VNM,0.0,0.0,0,0.0,0.0,0.0,,0.0,,1948,2021,19604.0,0.0
PER__VUT,PER,VUT,0.0,0.0,0,0.0,0.0,0.0,,0.0,,1948,2021,12131.0,0.0
PER__WSM,PER,WSM,0.0,0.0,0,0.0,0.0,0.0,,0.0,,1948,2021,10202.0,0.0
PER__YEM,PER,YEM,0.0,0.0,0,0.0,0.0,0.0,,0.0,,1948,2021,13616.5,139.0
PER__ZAF,PER,ZAF,0.0,0.0,0,0.0,0.0,0.0,,0.0,,1948,2021,10330.0,1122.0
PER__ZMB,PER,ZMB,0.0,0.0,0,0.0,0.0,0.0,,0.0,,1948,2021,11297.0,70.0
PER__ZWE,PER,ZWE,0.0,0.0,0,0.0,0.0,0.0,,0.0,,1948,2021,11469.0,0.0
PHL__PLW,PHL,PLW,0.0,0.0,0,1.0,1.0,1.0,,1.0,,1948,2021,1681.5,5.0
PHL__PNG,PHL,PNG,0.0,0.0,0,0.0,1.0,1.0,,0.0,,1948,2021,3929.0,0.0
PHL__PRK,PHL,PRK,0.0,0.0,0,0.0,0.0,0.0,,0.0,,1948,2021,2747.0,0.0
PHL__PRT,PHL,PRT,0.0,0.0,0,0.0,0.0,0.0,,0.0,,1948,2021,12159.0,0.0
PHL__PRY,PHL,PRY,0.0,0.0,0,1.0,0.0,0.0,,0.0,,1948,2021,18811.0,0.0
PHL__QAT,PHL,QAT,0.0,0.0,0,0.0,0.0,0.0,,0.0,,1948,2021,7298.0,10.0
PHL__RWA,PHL,RWA,0.0,0.0,0,0.0,1.0,1.0,,0.0,,1948,2021,10171.0,0.0
PHL__SAU,PHL,SAU,0.0,0.0,0,0.0,0.0,0.0,,0.0,,1948,2021,8160.5,755.0
PHL__SDN,PHL,SDN,0.0,0.0,0,0.0,0.0,0.0,,0.0,,1948,2021,9428.0,0.0
PHL__SEN,PHL,SEN,0.0,0.0,0,0.0,0.0,0.0,,0.0,,1948,2021,14418.0,0.0
PHL__SGP,PHL,SGP,0.0,0.0,0,0.0,1.0,1.0,,0.0,,1948,2021,2391.0,0.0
PHL__SLB,PHL,SLB,0.0,0.0,0,0.0,0.0,1.0,,0.0,,1948,2021,5056.0,0.0
PHL__SLE,PHL,SLE,0.0,0.0,0,0.0,1.0,1.0,,0.0,,1948,2021,14367.0,0.0
PHL__SLV,PHL,SLV,0.0,0.0,0,1.0,0.0,0.0,,0.0,,1948,2021,15456.0,0.0
PHL__SOM,PHL,SOM,0.0,0.0,0,0.0,0.0,1.0,,0.0,,1948,2021,8414.0,0.0
PHL__SSD,PHL,SSD,0.0,0.0,0,0.0,0.0,0.0,,0.0,,1948,2021,9818.0,0.0
PHL__STP,PHL,STP,0.0,0.0,0,0.0,0.0,0.0,,0.0,,1948,2021,12615.0,0.0
PHL__SUR,PHL,SUR,0.0,0.0,0,0.0,0.0,0.0,,0.0,,1948,2021,17702.0,0.0
PHL__SWZ,PHL,SWZ,0.0,0.0,0,0.0,0.0,1.0,,0.0,,1948,2021,10708.0,0.0
PHL__SYC,PHL,SYC,0.0,0.0,0,0.0,1.0,1.0,,0.0,,1948,2021,7534.0,0.0
PHL__SYR,PHL,SYR,0.0,0.0,0,0.0,0.0,0.0,,0.0,,1948,2021,8582.5,123.0
PHL__TCD,PHL,TCD,0.0,0.0,0,0.0,0.0,0.0,,0.0,,1948,2021,11350.0,0.0
PHL__TGO,PHL,TGO,0.0,0.0,0,0.0,0.0,0.0,,0.0,,1948,2021,13002.0,0.0
PHL__THA,PHL,THA,0.0,0.0,0,0.0,0.0,0.0,,0.0,,1948,2021,2210.0,0.0
PHL__TJK,PHL,TJK,0.0,0.0,0,0.0,0.0,0.0,,0.0,,1948,2021,5743.0,0.0
PHL__TKM,PHL,TKM,0.0,0.0,0,0.0,0.0,0.0,,0.0,,1948,2021,6632.0,0.0
PHL__TLS,PHL,TLS,0.0,0.0,0,0.0,0.0,0.0,,0.0,,1948,2021,2611.0,0.0
PHL__TON,PHL,TON,0.0,0.0,0,0.0,0.0,1.0,,0.0,,1948,2021,8014.0,0.0
PHL__TTO,PHL,TTO,0.0,0.0,0,0.0,1.0,1.0,,0.0,,1948,2021,17196.0,0.0
PHL__TUN,PHL,TUN,0.0,0.0,0,0.0,0.0,0.0,,0.0,,1948,2021,10816.0,0.0
PHL__TUR,PHL,TUR,0.0,0.0,0,0.0,0.0,0.0,,0.0,,1948,2021,9127.0,0.0
PHL__TUV,PHL,TUV,0.0,0.0,0,0.0,0.0,0.0,,0.0,,1948,2021,6916.0,0.0
PHL__TWN,PHL,TWN,0.0,0.0,0,0.0,0.0,0.0,,0.0,,1948,2021,1155.5,5.0
PHL__TZA,PHL,TZA,0.0,0.0,0,0.0,0.0,1.0,,0.0,,1948,2021,9322.0,0.0
PHL__UGA,PHL,UGA,0.0,0.0,0,0.0,1.0,1.0,,0.0,,1948,2021,9837.0,0.0
PHL__URY,PHL,URY,0.0,0.0,0,1.0,0.0,0.0,,0.0,,1948,2021,17745.0,0.0
PHL__USA,PHL,USA,0.0,1.0,1,1.0,1.0,1.0,0.0,0.0,1946.0,1948,2021,13689.0,0.0
PHL__UZB,PHL,UZB,0.0,0.0,0,0.0,0.0,0.0,,0.0,,1948,2021,5779.0,0.0
PHL__VCT,PHL,VCT,0.0,0.0,0,0.0,1.0,1.0,,0.0,,1948,2021,16924.0,0.0
PHL__VEN,PHL,VEN,0.0,0.0,0,1.0,0.0,0.0,,0.0,,1948,2021,17099.0,0.0
PHL__VNM,PHL,VNM,0.0,0.0,0,0.0,0.0,0.0,,0.0,,1948,2021,1612.0,0.0
PHL__VUT,PHL,VUT,0.0,0.0,0,0.0,1.0,1.0,,0.0,,1948,2021,6308.0,0.0
PHL__WSM,PHL,WSM,0.0,0.0,0,0.0,1.0,1.0,,0.0,,1948,2021,8047.0,0.0
PHL__YEM,PHL,YEM,0.0,0.0,0,0.0,0.0,0.0,,0.0,,1948,2021,8281.0,144.0
PHL__ZAF,PHL,ZAF,0.0,0.0,0,0.0,1.0,1.0,,0.0,,1948,2021,11530.0,1046.0
PHL__ZMB,PHL,ZMB,0.0,0.0,0,0.0,1.0,1.0,,0.0,,1948,2021,10693.0,58.0
PHL__ZWE,PHL,ZWE,0.0,0.0,0,0.0,1.0,1.0,,0.0,,1948,2021,10497.0,0.0
PLW__PNG,PLW,PNG,0.0,0.0,0,1.0,1.0,1.0,,0.0,,1948,2021,2332.5,5.0
PLW__PRK,PLW,PRK,0.0,0.0,0,1.0,0.0,0.0,,1.0,,1948,2021,3611.0,14.0
PLW__PRT,PLW,PRT,0.0,0.0,0,0.0,0.0,0.0,,0.0,,1948,2021,13676.0,6.0
PLW__PRY,PLW,PRY,0.0,0.0,0,0.0,0.0,0.0,,0.0,,1948,2021,17648.0,6.0
PLW__QAT,PLW,QAT,0.0,0.0,0,1.0,0.0,0.0,,0.0,,1948,2021,8972.5,17.0
PLW__RWA,PLW,RWA,0.0,0.0,0,1.0,1.0,1.0,,0.0,,1948,2021,11646.0,16.0
PLW__SAU,PLW,SAU,0.0,0.0,0,0.0,0.0,0.0,,0.0,,1948,2021,9827.0,746.0
PLW__SDN,PLW,SDN,0.0,0.0,0,1.0,0.0,0.0,,0.0,,1948,2021,11072.0,10.0
PLW__SEN,PLW,SEN,0.0,0.0,0,0.0,0.0,0.0,,0.0,,1948,2021,16082.0,2.0
PLW__SGP,PLW,SGP,0.0,0.0,0,1.0,1.0,1.0,,0.0,,1948,2021,3472.5,19.0
PLW__SLB,PLW,SLB,0.0,0.0,0,1.0,0.0,1.0,,0.0,,1948,2021,3378.0,4.0
PLW__SLE,PLW,SLE,0.0,0.0,0,1.0,1.0,1.0,,0.0,,1948,2021,16046.5,7.0
PLW__SLV,PLW,SLV,0.0,0.0,0,0.0,0.0,0.0,,0.0,,1948,2021,14663.0,22.0
PLW__SOM,PLW,SOM,0.0,0.0,0,1.0,0.0,1.0,,0.0,,1948,2021,9901.5,15.0
PLW__SSD,PLW,SSD,0.0,0.0,0,0.0,0.0,0.0,,0.0,,1948,2021,11374.0,14.0
PLW__STP,PLW,STP,0.0,0.0,0,0.0,0.0,0.0,,0.0,,1948,2021,14181.5,13.0
PLW__SUR,PLW,SUR,0.0,0.0,0,0.0,0.0,0.0,,0.0,,1948,2021,18192.5,23.0
PLW__SWZ,PLW,SWZ,0.0,0.0,0,1.0,0.0,1.0,,0.0,,1948,2021,11714.0,22.0
PLW__SYC,PLW,SYC,0.0,0.0,0,1.0,1.0,1.0,,0.0,,1948,2021,8886.0,18.0
PLW__SYR,PLW,SYR,0.0,0.0,0,0.0,0.0,0.0,,0.0,,1948,2021,10253.5,135.0
PLW__TCD,PLW,TCD,0.0,0.0,0,0.0,0.0,0.0,,0.0,,1948,2021,12999.5,9.0
PLW__TGO,PLW,TGO,0.0,0.0,0,0.0,0.0,0.0,,0.0,,1948,2021,14640.5,11.0
PLW__THA,PLW,THA,0.0,0.0,0,0.0,0.0,0.0,,0.0,,1948,2021,3784.5,11.0
PLW__TJK,PLW,TJK,0.0,0.0,0,0.0,0.0,0.0,,0.0,,1948,2021,7397.5,1.0
PLW__TKM,PLW,TKM,0.0,0.0,0,0.0,0.0,0.0,,0.0,,1948,2021,8295.0,2.0
PLW__TLS,PLW,TLS,0.0,0.0,0,0.0,0.0,0.0,,0.0,,1948,2021,2028.5,23.0
PLW__TON,PLW,TON,0.0,0.0,0,1.0,0.0,1.0,,0.0,,1948,2021,6334.0,4.0
PLW__TTO,PLW,TTO,0.0,0.0,0,1.0,1.0,1.0,,0.0,,1948,2021,17340.5,23.0
PLW__TUN,PLW,TUN,0.0,0.0,0,0.0,0.0,0.0,,0.0,,1948,2021,12442.0,2.0
PLW__TUR,PLW,TUR,0.0,0.0,0,0.0,0.0,0.0,,0.0,,1948,2021,10762.0,0.0
PLW__TUV,PLW,TUV,0.0,0.0,0,1.0,0.0,0.0,,0.0,,1948,2021,5258.5,9.0
PLW__TWN,PLW,TWN,0.0,0.0,0,1.0,0.0,0.0,,1.0,,1948,2021,2393.5,5.0
PLW__TZA,PLW,TZA,0.0,0.0,0,1.0,0.0,1.0,,0.0,,1948,2021,10694.5,17.0
PLW__UGA,PLW,UGA,0.0,0.0,0,1.0,1.0,1.0,,0.0,,1948,2021,11334.5,15.0
PLW__URY,PLW,URY,0.0,0.0,0,0.0,0.0,0.0,,0.0,,1948,2021,16779.5,11.0
PLW__USA,PLW,USA,0.0,1.0,1,1.0,1.0,1.0,0.0,0.0,1994.0,1948,2021,13931.0,22.0
PLW__UZB,PLW,UZB,0.0,0.0,0,0.0,0.0,0.0,,0.0,,1948,2021,7414.0,0.0
PLW__VCT,PLW,VCT,0.0,0.0,0,1.0,1.0,1.0,,0.0,,1948,2021,17148.5,23.0
PLW__VEN,PLW,VEN,0.0,0.0,0,0.0,0.0,0.0,,0.0,,1948,2021,16931.0,24.0
PLW__VNM,PLW,VNM,0.0,0.0,0,0.0,0.0,0.0,,0.0,,1948,2021,3086.0,12.0
PLW__VUT,PLW,VUT,0.0,0.0,0,1.0,1.0,1.0,,0.0,,1948,2021,4640.0,2.0
PLW__WSM,PLW,WSM,0.0,0.0,0,1.0,1.0,1.0,,0.0,,1948,2021,6380.0,8.0
PLW__YEM,PLW,YEM,0.0,0.0,0,1.0,0.0,0.0,,0.0,,1948,2021,9903.0,142.0
PLW__ZAF,PLW,ZAF,0.0,0.0,0,1.0,1.0,1.0,,0.0,,1948,2021,12439.5,855.0
PLW__ZMB,PLW,ZMB,0.0,0.0,0,1.0,1.0,1.0,,0.0,,1948,2021,11970.0,28.0
PLW__ZWE,PLW,ZWE,0.0,0.0,0,1.0,1.0,1.0,,0.0,,1948,2021,11692.0,20.0
PNG__PRK,PNG,PRK,0.0,0.0,0,0.0,0.0,0.0,,0.0,,1948,2021,5807.0,0.0
PNG__PRT,PNG,PRT,0.0,0.0,0,0.0,0.0,0.0,,0.0,,1948,2021,16001.0,0.0
PNG__PRY,PNG,PRY,0.0,0.0,0,0.0,0.0,0.0,,0.0,,1948,2021,15322.0,0.0
PNG__QAT,PNG,QAT,0.0,0.0,0,1.0,0.0,0.0,,0.0,,1948,2021,11028.5,11.0
PNG__RWA,PNG,RWA,0.0,0.0,0,1.0,1.0,1.0,,0.0,,1948,2021,12952.0,0.0
PNG__SAU,PNG,SAU,0.0,0.0,0,0.0,0.0,0.0,,0.0,,1948,2021,11844.0,684.0
PNG__SDN,PNG,SDN,0.0,0.0,0,1.0,0.0,0.0,,0.0,,1948,2021,12924.0,0.0
PNG__SEN,PNG,SEN,0.0,0.0,0,0.0,0.0,0.0,,0.0,,1948,2021,18261.0,0.0
PNG__SGP,PNG,SGP,0.0,0.0,0,1.0,1.0,1.0,,0.0,,1948,2021,4948.0,0.0
PNG__SLB,PNG,SLB,0.0,0.0,0,1.0,0.0,1.0,,0.0,,1948,2021,1402.0,0.0
PNG__SLE,PNG,SLE,0.0,0.0,0,1.0,1.0,1.0,,0.0,,1948,2021,17880.0,0.0
PNG__SLV,PNG,SLV,0.0,0.0,0,0.0,0.0,0.0,,0.0,,1948,2021,13882.0,0.0
PNG__SOM,PNG,SOM,0.0,0.0,0,1.0,0.0,1.0,,0.0,,1948,2021,11355.0,0.0
PNG__SSD,PNG,SSD,0.0,0.0,0,0.0,0.0,0.0,,0.0,,1948,2021,12913.0,0.0
PNG__STP,PNG,STP,0.0,0.0,0,0.0,0.0,0.0,,0.0,,1948,2021,15540.0,0.0
PNG__SUR,PNG,SUR,0.0,0.0,0,0.0,0.0,0.0,,0.0,,1948,2021,17540.0,0.0
PNG__SWZ,PNG,SWZ,0.0,0.0,0,1.0,0.0,1.0,,0.0,,1948,2021,12067.0,0.0
PNG__SYC,PNG,SYC,0.0,0.0,0,1.0,1.0,1.0,,0.0,,1948,2021,10124.0,0.0
PNG__SYR,PNG,SYR,0.0,0.0,0,0.0,0.0,0.0,,0.0,,1948,2021,12472.5,99.0
PNG__TCD,PNG,TCD,0.0,0.0,0,0.0,0.0,0.0,,0.0,,1948,2021,14799.0,0.0
PNG__TGO,PNG,TGO,0.0,0.0,0,0.0,0.0,0.0,,0.0,,1948,2021,16267.0,0.0
PNG__THA,PNG,THA,0.0,0.0,0,0.0,0.0,0.0,,0.0,,1948,2021,5755.0,0.0
PNG__TJK,PNG,TJK,0.0,0.0,0,0.0,0.0,0.0,,0.0,,1948,2021,9667.0,0.0
PNG__TKM,PNG,TKM,0.0,0.0,0,0.0,0.0,0.0,,0.0,,1948,2021,10546.0,0.0
PNG__TLS,PNG,TLS,0.0,0.0,0,0.0,0.0,0.0,,0.0,,1948,2021,2378.0,0.0
PNG__TON,PNG,TON,0.0,0.0,0,1.0,0.0,1.0,,0.0,,1948,2021,4229.0,0.0
PNG__TTO,PNG,TTO,0.0,0.0,0,1.0,1.0,1.0,,0.0,,1948,2021,16889.0,0.0
PNG__TUN,PNG,TUN,0.0,0.0,0,0.0,0.0,0.0,,0.0,,1948,2021,14745.0,0.0
PNG__TUR,PNG,TUR,0.0,0.0,0,0.0,0.0,0.0,,0.0,,1948,2021,13056.0,0.0
PNG__TUV,PNG,TUV,0.0,0.0,0,1.0,0.0,0.0,,0.0,,1948,2021,3521.0,0.0
PNG__TWN,PNG,TWN,0.0,0.0,0,0.0,0.0,0.0,,0.0,,1948,2021,4723.0,2.0
PNG__TZA,PNG,TZA,0.0,0.0,0,1.0,0.0,1.0,,0.0,,1948,2021,11841.0,0.0
PNG__UGA,PNG,UGA,0.0,0.0,0,1.0,1.0,1.0,,0.0,,1948,2021,12723.0,0.0
PNG__URY,PNG,URY,0.0,0.0,0,0.0,0.0,0.0,,0.0,,1948,2021,14527.0,0.0
PNG__USA,PNG,USA,0.0,0.0,0,1.0,1.0,1.0,,0.0,,1948,2021,14689.0,0.0
PNG__UZB,PNG,UZB,0.0,0.0,0,0.0,0.0,0.0,,0.0,,1948,2021,9707.0,0.0
PNG__VCT,PNG,VCT,0.0,0.0,0,1.0,1.0,1.0,,0.0,,1948,2021,16909.0,0.0
PNG__VEN,PNG,VEN,0.0,0.0,0,0.0,0.0,0.0,,0.0,,1948,2021,16302.0,0.0
PNG__VNM,PNG,VNM,0.0,0.0,0,0.0,0.0,0.0,,0.0,,1948,2021,5011.0,0.0
PNG__VUT,PNG,VUT,0.0,0.0,0,1.0,1.0,1.0,,0.0,,1948,2021,2462.0,0.0
PNG__WSM,PNG,WSM,0.0,0.0,0,1.0,1.0,1.0,,0.0,,1948,2021,4498.0,0.0
PNG__YEM,PNG,YEM,0.0,0.0,0,1.0,0.0,0.0,,0.0,,1948,2021,11737.0,128.0
PNG__ZAF,PNG,ZAF,0.0,0.0,0,1.0,1.0,1.0,,0.0,,1948,2021,12574.0,432.0
PNG__ZMB,PNG,ZMB,0.0,0.0,0,1.0,1.0,1.0,,0.0,,1948,2021,12804.0,96.0
PNG__ZWE,PNG,ZWE,0.0,0.0,0,1.0,1.0,1.0,,0.0,,1948,2021,12391.0,0.0
PRK__PRT,PRK,PRT,0.0,0.0,0,0.0,0.0,0.0,,0.0,,1948,2021,10247.0,0.0
PRK__PRY,PRK,PRY,0.0,0.0,0,0.0,0.0,0.0,,0.0,,1948,2021,18449.0,0.0
PRK__QAT,PRK,QAT,0.0,0.0,0,0.0,0.0,0.0,,0.0,,1948,2021,6980.0,8.0
PRK__RWA,PRK,RWA,0.0,0.0,0,0.0,0.0,0.0,,0.0,,1948,2021,10641.0,0.0
PRK__SAU,PRK,SAU,0.0,0.0,0,0.0,0.0,0.0,,0.0,,1948,2021,7812.0,786.0
PRK__SDN,PRK,SDN,0.0,0.0,0,0.0,0.0,0.0,,0.0,,1948,2021,9210.0,0.0
PRK__SEN,PRK,SEN,0.0,0.0,0,0.0,0.0,0.0,,0.0,,1948,2021,12941.0,0.0
PRK__SGP,PRK,SGP,0.0,0.0,0,0.0,0.0,0.0,,0.0,,1948,2021,4737.0,0.0
PRK__SLB,PRK,SLB,0.0,0.0,0,0.0,0.0,0.0,,0.0,,1948,2021,6427.0,0.0
PRK__SLE,PRK,SLE,0.0,0.0,0,0.0,0.0,0.0,,0.0,,1948,2021,13261.0,0.0
PRK__SLV,PRK,SLV,0.0,0.0,0,0.0,0.0,0.0,,0.0,,1948,2021,13139.0,0.0
PRK__SOM,PRK,SOM,0.0,0.0,0,0.0,0.0,0.0,,0.0,,1948,2021,9041.0,0.0
PRK__SSD,PRK,SSD,0.0,0.0,0,0.0,0.0,0.0,,0.0,,1948,2021,10035.0,0.0
PRK__STP,PRK,STP,0.0,0.0,0,0.0,0.0,0.0,,0.0,,1948,2021,12454.0,0.0
PRK__SUR,PRK,SUR,0.0,0.0,0,0.0,0.0,0.0,,0.0,,1948,2021,15032.0,0.0
PRK__SWZ,PRK,SWZ,0.0,0.0,0,0.0,0.0,0.0,,0.0,,1948,2021,12178.0,0.0
PRK__SYC,PRK,SYC,0.0,0.0,0,0.0,0.0,0.0,,0.0,,1948,2021,8655.0,0.0
PRK__SYR,PRK,SYR,0.0,0.0,0,0.0,0.0,0.0,,0.0,,1948,2021,7605.0,230.0
PRK__TCD,PRK,TCD,0.0,0.0,0,0.0,0.0,0.0,,0.0,,1948,2021,10894.0,0.0
PRK__TGO,PRK,TGO,0.0,0.0,0,0.0,0.0,0.0,,0.0,,1948,2021,12439.0,0.0
PRK__THA,PRK,THA,0.0,0.0,0,0.0,0.0,0.0,,0.0,,1948,2021,3742.0,0.0
PRK__TJK,PRK,TJK,0.0,0.0,0,0.0,0.0,0.0,,0.0,,1948,2021,4866.0,0.0
PRK__TKM,PRK,TKM,0.0,0.0,0,0.0,0.0,0.0,,0.0,,1948,2021,5737.0,0.0
PRK__TLS,PRK,TLS,0.0,0.0,0,0.0,0.0,0.0,,0.0,,1948,2021,5269.0,0.0
PRK__TON,PRK,TON,0.0,0.0,0,0.0,0.0,0.0,,0.0,,1948,2021,9061.0,0.0
PRK__TTO,PRK,TTO,0.0,0.0,0,0.0,0.0,0.0,,0.0,,1948,2021,14451.0,0.0
PRK__TUN,PRK,TUN,0.0,0.0,0,0.0,0.0,0.0,,0.0,,1948,2021,9334.0,0.0
PRK__TUR,PRK,TUR,0.0,0.0,0,0.0,0.0,0.0,,0.0,,1948,2021,7790.0,0.0
PRK__TUV,PRK,TUV,0.0,0.0,0,0.0,0.0,0.0,,0.0,,1948,2021,7622.0,0.0
PRK__TWN,PRK,TWN,0.0,0.0,0,1.0,0.0,0.0,,1.0,,1948,2021,1603.5,5.0
PRK__TZA,PRK,TZA,0.0,0.0,0,0.0,0.0,0.0,,0.0,,1948,2021,10183.0,0.0
PRK__UGA,PRK,UGA,0.0,0.0,0,0.0,0.0,0.0,,0.0,,1948,2021,10265.0,0.0
PRK__URY,PRK,URY,0.0,0.0,0,0.0,0.0,0.0,,0.0,,1948,2021,19510.0,0.0
PRK__USA,PRK,USA,0.0,0.0,0,0.0,0.0,0.0,,0.0,,1948,2021,10949.0,0.0
PRK__UZB,PRK,UZB,0.0,0.0,0,0.0,0.0,0.0,,0.0,,1948,2021,4737.0,0.0
PRK__VCT,PRK,VCT,0.0,0.0,0,0.0,0.0,0.0,,0.0,,1948,2021,14181.0,0.0
PRK__VEN,PRK,VEN,0.0,0.0,0,0.0,0.0,0.0,,0.0,,1948,2021,14369.0,0.0
PRK__VNM,PRK,VNM,0.0,0.0,0,0.0,0.0,0.0,,0.0,,1948,2021,3661.0,0.0
PRK__VUT,PRK,VUT,0.0,0.0,0,0.0,0.0,0.0,,0.0,,1948,2021,7689.0,0.0
PRK__WSM,PRK,WSM,0.0,0.0,0,0.0,0.0,0.0,,0.0,,1948,2021,8727.0,0.0
PRK__YEM,PRK,YEM,0.0,0.0,0,0.0,0.0,0.0,,0.0,,1948,2021,8303.0,144.0
PRK__ZAF,PRK,ZAF,0.0,0.0,0,0.0,0.0,0.0,,0.0,,1948,2021,13043.5,1235.0
PRK__ZMB,PRK,ZMB,0.0,0.0,0,0.0,0.0,0.0,,0.0,,1948,2021,11629.5,167.0
PRK__ZWE,PRK,ZWE,0.0,0.0,0,0.0,0.0,0.0,,0.0,,1948,2021,11636.0,0.0
PRT__PRY,PRT,PRY,0.0,0.0,0,0.0,0.0,0.0,,0.0,,1948,2021,8702.0,0.0
PRT__QAT,PRT,QAT,0.0,0.0,0,0.0,0.0,0.0,,0.0,,1948,2021,5811.0,10.0
PRT__RWA,PRT,RWA,0.0,0.0,0,0.0,0.0,0.0,,0.0,,1948,2021,6031.0,0.0
PRT__SAU,PRT,SAU,0.0,0.0,0,0.0,0.0,0.0,,0.0,,1948,2021,5228.5,405.0
PRT__SDN,PRT,SDN,0.0,0.0,0,0.0,0.0,0.0,,0.0,,1948,2021,4803.0,0.0
PRT__SEN,PRT,SEN,0.0,0.0,0,0.0,0.0,0.0,,0.0,,1948,2021,2784.0,0.0
PRT__SGP,PRT,SGP,0.0,0.0,0,0.0,0.0,0.0,,0.0,,1948,2021,11895.0,0.0
PRT__SLB,PRT,SLB,0.0,0.0,0,0.0,0.0,0.0,,0.0,,1948,2021,16585.0,0.0
PRT__SLE,PRT,SLE,0.0,0.0,0,0.0,0.0,0.0,,0.0,,1948,2021,3374.0,0.0
PRT__SLV,PRT,SLV,0.0,0.0,0,0.0,0.0,0.0,,0.0,,1948,2021,8215.0,0.0
PRT__SOM,PRT,SOM,0.0,0.0,0,0.0,0.0,0.0,,0.0,,1948,2021,6849.0,0.0
PRT__SSD,PRT,SSD,0.0,0.0,0,0.0,0.0,0.0,,0.0,,1948,2021,5560.0,0.0
PRT__STP,PRT,STP,0.0,1.0,1,0.0,1.0,1.0,0.0,0.0,1975.0,1948,2021,4548.0,0.0
PRT__SUR,PRT,SUR,0.0,0.0,0,0.0,0.0,0.0,,0.0,,1948,2021,5882.0,0.0
PRT__SWZ,PRT,SWZ,0.0,0.0,0,0.0,0.0,0.0,,0.0,,1948,2021,8331.0,0.0
PRT__SYC,PRT,SYC,0.0,0.0,0,0.0,0.0,0.0,,0.0,,1948,2021,8173.0,0.0
PRT__SYR,PRT,SYR,0.0,0.0,0,0.0,0.0,0.0,,0.0,,1948,2021,4076.0,30.0
PRT__TCD,PRT,TCD,0.0,0.0,0,0.0,0.0,0.0,,0.0,,1948,2021,3797.0,0.0
PRT__TGO,PRT,TGO,0.0,0.0,0,0.0,0.0,0.0,,0.0,,1948,2021,3756.0,0.0
PRT__THA,PRT,THA,0.0,0.0,0,0.0,0.0,0.0,,0.0,,1948,2021,10703.0,0.0
PRT__TJK,PRT,TJK,0.0,0.0,0,0.0,0.0,0.0,,0.0,,1948,2021,6559.0,0.0
PRT__TKM,PRT,TKM,0.0,0.0,0,0.0,0.0,0.0,,0.0,,1948,2021,5762.0,0.0
PRT__TLS,PRT,TLS,0.0,1.0,0,0.0,0.0,1.0,,0.0,,1948,2021,14405.0,0.0
PRT__TON,PRT,TON,0.0,0.0,0,0.0,0.0,0.0,,0.0,,1948,2021,17650.0,0.0
PRT__TTO,PRT,TTO,0.0,0.0,0,0.0,0.0,0.0,,0.0,,1948,2021,6037.0,0.0
PRT__TUN,PRT,TUN,0.0,0.0,0,0.0,0.0,0.0,,0.0,,1948,2021,1711.0,0.0
PRT__TUR,PRT,TUR,0.0,0.0,0,0.0,0.0,0.0,,0.0,,1948,2021,3243.0,0.0
PRT__TUV,PRT,TUV,0.0,0.0,0,0.0,0.0,0.0,,0.0,,1948,2021,16558.0,0.0
PRT__TWN,PRT,TWN,0.0,0.0,0,0.0,0.0,0.0,,0.0,,1948,2021,11284.0,2.0
PRT__TZA,PRT,TZA,0.0,0.0,0,0.0,0.0,0.0,,0.0,,1948,2021,7095.0,0.0
PRT__UGA,PRT,UGA,0.0,0.0,0,0.0,0.0,0.0,,0.0,,1948,2021,6012.0,0.0
PRT__URY,PRT,URY,0.0,0.0,0,0.0,0.0,0.0,,0.0,,1948,2021,9475.0,0.0
PRT__USA,PRT,USA,0.0,0.0,0,0.0,0.0,0.0,,0.0,,1948,2021,5435.0,0.0
PRT__UZB,PRT,UZB,0.0,0.0,0,0.0,0.0,0.0,,0.0,,1948,2021,6458.0,0.0
PRT__VCT,PRT,VCT,0.0,0.0,0,0.0,0.0,0.0,,0.0,,1948,2021,5837.0,0.0
PRT__VEN,PRT,VEN,0.0,0.0,0,0.0,0.0,0.0,,0.0,,1948,2021,6501.0,0.0
PRT__VNM,PRT,VNM,0.0,0.0,0,0.0,0.0,0.0,,0.0,,1948,2021,11415.0,0.0
PRT__VUT,PRT,VUT,0.0,0.0,0,0.0,0.0,0.0,,0.0,,1948,2021,17666.0,0.0
PRT__WSM,PRT,WSM,0.0,0.0,0,0.0,0.0,0.0,,0.0,,1948,2021,16767.0,0.0
PRT__YEM,PRT,YEM,0.0,0.0,0,0.0,0.0,0.0,,0.0,,1948,2021,5759.5,69.0
PRT__ZAF,PRT,ZAF,0.0,0.0,0,0.0,0.0,0.0,,0.0,,1948,2021,8347.0,368.0
PRT__ZMB,PRT,ZMB,0.0,0.0,0,0.0,0.0,0.0,,0.0,,1948,2021,7024.0,248.0
PRT__ZWE,PRT,ZWE,0.0,0.0,0,0.0,0.0,0.0,,0.0,,1948,2021,7532.0,0.0
PRY__QAT,PRY,QAT,0.0,0.0,0,0.0,0.0,0.0,,0.0,,1948,2021,12984.5,9.0
PRY__RWA,PRY,RWA,0.0,0.0,0,0.0,0.0,0.0,,0.0,,1948,2021,9692.0,0.0
PRY__SAU,PRY,SAU,0.0,0.0,0,0.0,0.0,0.0,,0.0,,1948,2021,12112.0,788.0
PRY__SDN,PRY,SDN,0.0,0.0,0,0.0,0.0,0.0,,0.0,,1948,2021,10757.0,0.0
PRY__SEN,PRY,SEN,0.0,0.0,0,0.0,0.0,0.0,,0.0,,1948,2021,6211.0,0.0
PRY__SGP,PRY,SGP,0.0,0.0,0,0.0,0.0,0.0,,0.0,,1948,2021,16697.0,0.0
PRY__SLB,PRY,SLB,0.0,0.0,0,0.0,0.0,0.0,,0.0,,1948,2021,14420.0,0.0
PRY__SLE,PRY,SLE,0.0,0.0,0,0.0,0.0,0.0,,0.0,,1948,2021,6092.0,0.0
PRY__SLV,PRY,SLV,0.0,0.0,0,1.0,1.0,1.0,,0.0,,1948,2021,5507.0,0.0
PRY__SOM,PRY,SOM,0.0,0.0,0,0.0,0.0,0.0,,0.0,,1948,2021,11418.0,0.0
PRY__SSD,PRY,SSD,0.0,0.0,0,0.0,0.0,0.0,,0.0,,1948,2021,10166.0,0.0
PRY__STP,PRY,STP,0.0,0.0,0,0.0,0.0,0.0,,0.0,,1948,2021,7468.0,0.0
PRY__SUR,PRY,SUR,0.0,0.0,0,0.0,0.0,0.0,,0.0,,1948,2021,3458.0,0.0
PRY__SWZ,PRY,SWZ,0.0,0.0,0,0.0,0.0,0.0,,0.0,,1948,2021,8695.0,0.0
PRY__SYC,PRY,SYC,0.0,0.0,0,0.0,0.0,0.0,,0.0,,1948,2021,12089.0,0.0
PRY__SYR,PRY,SYR,0.0,0.0,0,0.0,0.0,0.0,,0.0,,1948,2021,11947.0,170.0
PRY__TCD,PRY,TCD,0.0,0.0,0,0.0,0.0,0.0,,0.0,,1948,2021,8895.0,0.0
PRY__TGO,PRY,TGO,0.0,0.0,0,0.0,0.0,0.0,,0.0,,1948,2021,7250.0,0.0
PRY__THA,PRY,THA,0.0,0.0,0,0.0,0.0,0.0,,0.0,,1948,2021,17406.0,0.0
PRY__TJK,PRY,TJK,0.0,0.0,0,0.0,0.0,0.0,,0.0,,1948,2021,14825.0,0.0
PRY__TKM,PRY,TKM,0.0,0.0,0,0.0,0.0,0.0,,0.0,,1948,2021,13913.0,0.0
PRY__TLS,PRY,TLS,0.0,0.0,0,0.0,0.0,0.0,,0.0,,1948,2021,16242.0,0.0
PRY__TON,PRY,TON,0.0,0.0,0,0.0,0.0,0.0,,0.0,,1948,2021,11544.0,0.0
PRY__TTO,PRY,TTO,0.0,0.0,0,0.0,0.0,0.0,,0.0,,1948,2021,4001.0,0.0
PRY__TUN,PRY,TUN,0.0,0.0,0,0.0,0.0,0.0,,0.0,,1948,2021,9882.0,0.0
PRY__TUR,PRY,TUR,0.0,0.0,0,0.0,0.0,0.0,,0.0,,1948,2021,11540.0,0.0
PRY__TUV,PRY,TUV,0.0,0.0,0,0.0,0.0,0.0,,0.0,,1948,2021,12825.0,0.0
PRY__TWN,PRY,TWN,0.0,0.0,0,0.0,0.0,0.0,,0.0,,1948,2021,19934.5,9.0
PRY__TZA,PRY,TZA,0.0,0.0,0,0.0,0.0,0.0,,0.0,,1948,2021,10384.0,0.0
PRY__UGA,PRY,UGA,0.0,0.0,0,0.0,0.0,0.0,,0.0,,1948,2021,10053.0,0.0
PRY__URY,PRY,URY,0.0,0.0,0,1.0,1.0,1.0,,0.0,,1948,2021,1066.0,0.0
PRY__USA,PRY,USA,0.0,0.0,0,1.0,1.0,0.0,,0.0,,1948,2021,7502.0,0.0
PRY__UZB,PRY,UZB,0.0,0.0,0,0.0,0.0,0.0,,0.0,,1948,2021,14854.0,0.0
PRY__VCT,PRY,VCT,0.0,0.0,0,0.0,0.0,0.0,,0.0,,1948,2021,4272.0,0.0
PRY__VEN,PRY,VEN,0.0,0.0,0,1.0,1.0,1.0,,0.0,,1948,2021,4084.0,0.0
PRY__VNM,PRY,VNM,0.0,0.0,0,0.0,0.0,0.0,,0.0,,1948,2021,17709.0,0.0
PRY__VUT,PRY,VUT,0.0,0.0,0,0.0,0.0,0.0,,0.0,,1948,2021,13131.0,0.0
PRY__WSM,PRY,WSM,0.0,0.0,0,0.0,0.0,0.0,,0.0,,1948,2021,11677.0,0.0
PRY__YEM,PRY,YEM,0.0,0.0,0,0.0,0.0,0.0,,0.0,,1948,2021,11826.0,148.0
PRY__ZAF,PRY,ZAF,0.0,0.0,0,0.0,0.0,0.0,,0.0,,1948,2021,7839.0,1148.0
PRY__ZMB,PRY,ZMB,0.0,0.0,0,0.0,0.0,0.0,,0.0,,1948,2021,8949.0,108.0
PRY__ZWE,PRY,ZWE,0.0,0.0,0,0.0,0.0,0.0,,0.0,,1948,2021,9058.0,0.0
QAT__RWA,QAT,RWA,0.0,0.0,0,0.0,0.0,0.0,,0.0,,1948,2021,3796.5,5.0
QAT__SAU,QAT,SAU,1.0,0.0,0,0.0,1.0,1.0,,0.0,,1948,2021,876.0,790.0
QAT__SDN,QAT,SDN,0.0,0.0,0,1.0,1.0,1.0,,1.0,,1948,2021,2247.5,9.0
QAT__SEN,QAT,SEN,0.0,0.0,0,0.0,0.0,0.0,,0.0,,1948,2021,7235.0,10.0
QAT__SGP,QAT,SGP,0.0,0.0,0,1.0,0.0,0.0,,1.0,,1948,2021,6210.5,11.0
QAT__SLB,QAT,SLB,0.0,0.0,0,1.0,0.0,0.0,,1.0,,1948,2021,12312.0,10.0
QAT__SLE,QAT,SLE,0.0,0.0,0,1.0,0.0,0.0,,1.0,,1948,2021,7075.0,10.0
QAT__SLV,QAT,SLV,0.0,0.0,0,0.0,0.0,0.0,,0.0,,1948,2021,13953.5,9.0
QAT__SOM,QAT,SOM,0.0,0.0,0,1.0,0.0,1.0,,1.0,,1948,2021,2654.5,1.0
QAT__SSD,QAT,SSD,0.0,0.0,0,0.0,1.0,1.0,,1.0,,1948,2021,3102.0,6.0
QAT__STP,QAT,STP,0.0,0.0,0,0.0,0.0,0.0,,0.0,,1948,2021,5542.5,9.0
QAT__SUR,QAT,SUR,0.0,0.0,0,0.0,0.0,0.0,,0.0,,1948,2021,11394.0,10.0
QAT__SWZ,QAT,SWZ,0.0,0.0,0,1.0,0.0,0.0,,1.0,,1948,2021,6113.0,2.0
QAT__SYC,QAT,SYC,0.0,0.0,0,1.0,0.0,0.0,,1.0,,1948,2021,3335.5,3.0
QAT__SYR,QAT,SYR,0.0,0.0,0,0.0,1.0,1.0,,0.0,,1948,2021,1777.0,106.0
QAT__TCD,QAT,TCD,0.0,0.0,0,0.0,1.0,1.0,,0.0,,1948,2021,4093.0,10.0
QAT__TGO,QAT,TGO,0.0,0.0,0,0.0,0.0,0.0,,0.0,,1948,2021,5747.0,10.0
QAT__THA,QAT,THA,0.0,0.0,0,0.0,0.0,0.0,,0.0,,1948,2021,5275.5,11.0
QAT__TJK,QAT,TJK,0.0,0.0,0,0.0,0.0,0.0,,0.0,,1948,2021,2192.5,5.0
QAT__TKM,QAT,TKM,0.0,0.0,0,0.0,0.0,0.0,,0.0,,1948,2021,1549.0,2.0
QAT__TLS,QAT,TLS,0.0,0.0,0,0.0,0.0,0.0,,0.0,,1948,2021,8846.0,10.0
QAT__TON,QAT,TON,0.0,0.0,0,1.0,0.0,0.0,,1.0,,1948,2021,15254.5,11.0
QAT__TTO,QAT,TTO,0.0,0.0,0,1.0,0.0,0.0,,1.0,,1948,2021,11751.0,10.0
QAT__TUN,QAT,TUN,0.0,0.0,0,0.0,1.0,1.0,,0.0,,1948,2021,4109.5,9.0
QAT__TUR,QAT,TUR,0.0,0.0,0,0.0,0.0,0.0,,0.0,,1948,2021,2716.5,9.0
QAT__TUV,QAT,TUV,0.0,0.0,0,1.0,0.0,0.0,,1.0,,1948,2021,14202.0,10.0
QAT__TWN,QAT,TWN,0.0,0.0,0,0.0,0.0,0.0,,0.0,,1948,2021,6967.0,10.0
QAT__TZA,QAT,TZA,0.0,0.0,0,1.0,0.0,0.0,,1.0,,1948,2021,3790.0,2.0
QAT__UGA,QAT,UGA,0.0,0.0,0,1.0,0.0,0.0,,1.0,,1948,2021,3429.5,5.0
QAT__URY,QAT,URY,0.0,0.0,0,0.0,0.0,0.0,,0.0,,1948,2021,13115.0,8.0
QAT__USA,QAT,USA,0.0,0.0,0,1.0,0.0,0.0,,0.0,,1948,2021,10788.5,7.0
QAT__UZB,QAT,UZB,0.0,0.0,0,0.0,0.0,0.0,,0.0,,1948,2021,2413.5,5.0
QAT__VCT,QAT,VCT,0.0,0.0,0,1.0,0.0,0.0,,1.0,,1948,2021,11584.0,10.0
QAT__VEN,QAT,VEN,0.0,0.0,0,0.0,0.0,0.0,,0.0,,1948,2021,12264.0,10.0
QAT__VNM,QAT,VNM,0.0,0.0,0,0.0,0.0,0.0,,0.0,,1948,2021,6019.0,10.0
QAT__VUT,QAT,VUT,0.0,0.0,0,1.0,0.0,0.0,,1.0,,1948,2021,13491.0,10.0
QAT__WSM,QAT,WSM,0.0,0.0,0,0.0,0.0,0.0,,0.0,,1948,2021,15342.0,10.0
QAT__YEM,QAT,YEM,0.0,0.0,0,1.0,1.0,1.0,,1.0,,1948,2021,1399.0,132.0
QAT__ZAF,QAT,ZAF,0.0,0.0,0,1.0,0.0,0.0,,0.0,,1948,2021,6827.5,1201.0
QAT__ZMB,QAT,ZMB,0.0,0.0,0,1.0,0.0,0.0,,1.0,,1948,2021,5038.0,244.0
QAT__ZWE,QAT,ZWE,0.0,0.0,0,1.0,0.0,0.0,,1.0,,1948,2021,5258.0,2.0
RWA__SAU,RWA,SAU,0.0,0.0,0,0.0,0.0,0.0,,0.0,,1948,2021,3124.0,658.0
RWA__SDN,RWA,SDN,0.0,0.0,0,0.0,0.0,0.0,,0.0,,1948,2021,1954.0,0.0
RWA__SEN,RWA,SEN,0.0,0.0,0,0.0,1.0,1.0,,0.0,,1948,2021,5548.0,0.0
RWA__SGP,RWA,SGP,0.0,0.0,0,0.0,1.0,1.0,,0.0,,1948,2021,8221.0,0.0
RWA__SLB,RWA,SLB,0.0,0.0,0,0.0,0.0,1.0,,0.0,,1948,2021,14339.0,0.0
RWA__SLE,RWA,SLE,0.0,0.0,0,0.0,1.0,1.0,,0.0,,1948,2021,4940.0,0.0
RWA__SLV,RWA,SLV,0.0,0.0,0,0.0,0.0,0.0,,0.0,,1948,2021,13229.0,0.0
RWA__SOM,RWA,SOM,0.0,0.0,0,0.0,0.0,1.0,,0.0,,1948,2021,1757.0,0.0
RWA__SSD,RWA,SSD,0.0,0.0,0,0.0,0.0,0.0,,0.0,,1948,2021,771.0,0.0
RWA__STP,RWA,STP,0.0,0.0,0,0.0,0.0,0.0,,0.0,,1948,2021,2609.0,0.0
RWA__SUR,RWA,SUR,0.0,0.0,0,0.0,0.0,0.0,,0.0,,1948,2021,9512.0,0.0
RWA__SWZ,RWA,SWZ,0.0,0.0,0,0.0,0.0,1.0,,0.0,,1948,2021,2699.0,0.0
RWA__SYC,RWA,SYC,0.0,0.0,0,0.0,1.0,1.0,,0.0,,1948,2021,2837.0,0.0
RWA__SYR,RWA,SYR,0.0,0.0,0,0.0,0.0,0.0,,0.0,,1948,2021,4133.5,309.0
RWA__TCD,RWA,TCD,0.0,0.0,0,0.0,0.0,1.0,,0.0,,1948,2021,2274.0,0.0
RWA__TGO,RWA,TGO,0.0,0.0,0,0.0,1.0,1.0,,0.0,,1948,2021,3329.0,0.0
RWA__THA,RWA,THA,0.0,0.0,0,0.0,0.0,0.0,,0.0,,1948,2021,7962.0,0.0
RWA__TJK,RWA,TJK,0.0,0.0,0,0.0,0.0,0.0,,0.0,,1948,2021,5986.0,0.0
RWA__TKM,RWA,TKM,0.0,0.0,0,0.0,0.0,0.0,,0.0,,1948,2021,5292.0,0.0
RWA__TLS,RWA,TLS,0.0,0.0,0,0.0,0.0,0.0,,0.0,,1948,2021,10592.0,0.0
RWA__TON,RWA,TON,0.0,0.0,0,0.0,0.0,1.0,,0.0,,1948,2021,16267.0,0.0
RWA__TTO,RWA,TTO,0.0,0.0,0,0.0,1.0,1.0,,0.0,,1948,2021,10230.0,0.0
RWA__TUN,RWA,TUN,0.0,0.0,0,0.0,0.0,1.0,,0.0,,1948,2021,4760.0,0.0
RWA__TUR,RWA,TUR,0.0,0.0,0,0.0,0.0,0.0,,0.0,,1948,2021,4759.0,0.0
RWA__TUV,RWA,TUV,0.0,0.0,0,0.0,0.0,0.0,,0.0,,1948,2021,16419.0,0.0
RWA__TWN,RWA,TWN,0.0,0.0,0,0.0,0.0,0.0,,0.0,,1948,2021,10252.5,9.0
RWA__TZA,RWA,TZA,1.0,0.0,0,0.0,0.0,1.0,,0.0,,1948,2021,1156.0,0.0
RWA__UGA,RWA,UGA,1.0,0.0,0,0.0,1.0,1.0,,0.0,,1948,2021,376.0,0.0
RWA__URY,RWA,URY,0.0,0.0,0,0.0,0.0,0.0,,0.0,,1948,2021,9545.0,0.0
RWA__USA,RWA,USA,0.0,0.0,0,0.0,1.0,1.0,,0.0,,1948,2021,11337.0,0.0
RWA__UZB,RWA,UZB,0.0,0.0,0,0.0,0.0,0.0,,0.0,,1948,2021,6209.0,0.0
RWA__VCT,RWA,VCT,0.0,0.0,0,0.0,1.0,1.0,,0.0,,1948,2021,10206.0,0.0
RWA__VEN,RWA,VEN,0.0,0.0,0,0.0,0.0,0.0,,0.0,,1948,2021,10816.0,0.0
RWA__VNM,RWA,VNM,0.0,0.0,0,0.0,0.0,0.0,,0.0,,1948,2021,8596.0,0.0
RWA__VUT,RWA,VUT,0.0,0.0,0,0.0,1.0,1.0,,0.0,,1948,2021,14963.0,0.0
RWA__WSM,RWA,WSM,0.0,0.0,0,1.0,1.0,1.0,,0.0,,1948,2021,17051.0,0.0
RWA__YEM,RWA,YEM,0.0,0.0,0,0.0,0.0,0.0,,0.0,,1948,2021,2401.5,133.0
RWA__ZAF,RWA,ZAF,0.0,0.0,0,0.0,1.0,1.0,,0.0,,1948,2021,3217.5,1049.0
RWA__ZMB,RWA,ZMB,0.0,0.0,0,0.0,1.0,1.0,,0.0,,1948,2021,1360.5,283.0
RWA__ZWE,RWA,ZWE,0.0,0.0,0,0.0,1.0,1.0,,0.0,,1948,2021,1760.0,0.0
SAU__SDN,SAU,SDN,0.0,0.0,0,0.0,1.0,1.0,,0.0,,1948,2021,1399.5,787.0
SAU__SEN,SAU,SEN,0.0,0.0,0,0.0,0.0,0.0,,0.0,,1948,2021,6419.0,684.0
SAU__SGP,SAU,SGP,0.0,0.0,0,0.0,0.0,0.0,,0.0,,1948,2021,6658.0,0.0
SAU__SLB,SAU,SLB,0.0,0.0,0,0.0,0.0,0.0,,0.0,,1948,2021,13151.0,716.0
SAU__SLE,SAU,SLE,0.0,0.0,0,0.0,0.0,0.0,,0.0,,1948,2021,6222.5,737.0
SAU__SLV,SAU,SLV,0.0,0.0,0,0.0,0.0,0.0,,0.0,,1948,2021,13427.5,387.0
SAU__SOM,SAU,SOM,0.0,0.0,0,0.0,0.0,1.0,,0.0,,1948,2021,2368.0,284.0
SAU__SSD,SAU,SSD,0.0,0.0,0,0.0,1.0,1.0,,0.0,,1948,2021,2727.0,0.0
SAU__STP,SAU,STP,0.0,0.0,0,0.0,0.0,0.0,,0.0,,1948,2021,4680.0,794.0
SAU__SUR,SAU,SUR,0.0,0.0,0,0.0,0.0,0.0,,0.0,,1948,2021,10615.0,642.0
SAU__SWZ,SAU,SWZ,0.0,0.0,0,0.0,0.0,0.0,,0.0,,1948,2021,5625.5,523.0
SAU__SYC,SAU,SYC,0.0,0.0,0,0.0,0.0,0.0,,0.0,,1948,2021,3362.5,31.0
SAU__SYR,SAU,SYR,0.0,0.0,0,0.0,1.0,1.0,,0.0,,1948,2021,1477.5,187.0
SAU__TCD,SAU,TCD,0.0,0.0,0,0.0,1.0,1.0,,0.0,,1948,2021,3221.0,782.0
SAU__TGO,SAU,TGO,0.0,0.0,0,0.0,0.0,0.0,,0.0,,1948,2021,4875.0,778.0
SAU__THA,SAU,THA,0.0,0.0,0,0.0,0.0,0.0,,0.0,,1948,2021,6108.0,712.0
SAU__TJK,SAU,TJK,0.0,0.0,0,0.0,0.0,0.0,,0.0,,1948,2021,2585.0,0.0
SAU__TKM,SAU,TKM,0.0,0.0,0,0.0,0.0,0.0,,0.0,,1948,2021,1839.0,0.0
SAU__TLS,SAU,TLS,0.0,0.0,0,0.0,0.0,0.0,,0.0,,1948,2021,9298.0,0.0
SAU__TON,SAU,TON,0.0,0.0,0,0.0,0.0,0.0,,0.0,,1948,2021,16068.0,676.0
SAU__TTO,SAU,TTO,0.0,0.0,0,0.0,0.0,0.0,,0.0,,1948,2021,11027.0,580.0
SAU__TUN,SAU,TUN,0.0,0.0,0,0.0,1.0,1.0,,0.0,,1948,2021,3526.5,389.0
SAU__TUR,SAU,TUR,0.0,0.0,0,0.0,0.0,0.0,,0.0,,1948,2021,2425.0,46.0
SAU__TUV,SAU,TUV,0.0,0.0,0,0.0,0.0,0.0,,0.0,,1948,2021,15069.5,765.0
SAU__TWN,SAU,TWN,0.0,0.0,0,0.0,0.0,0.0,,0.0,,1948,2021,7843.0,794.0
SAU__TZA,SAU,TZA,0.0,0.0,0,0.0,0.0,0.0,,0.0,,1948,2021,3351.5,455.0
SAU__UGA,SAU,UGA,0.0,0.0,0,0.0,0.0,0.0,,0.0,,1948,2021,2780.0,634.0
SAU__URY,SAU,URY,0.0,0.0,0,0.0,0.0,0.0,,0.0,,1948,2021,12263.5,793.0
SAU__USA,SAU,USA,0.0,0.0,0,0.0,0.0,0.0,,0.0,,1948,2021,10427.5,209.0
SAU__UZB,SAU,UZB,0.0,0.0,0,0.0,0.0,0.0,,0.0,,1948,2021,2778.0,0.0
SAU__VCT,SAU,VCT,0.0,0.0,0,0.0,0.0,0.0,,0.0,,1948,2021,10878.5,559.0
SAU__VEN,SAU,VEN,0.0,0.0,0,0.0,0.0,0.0,,0.0,,1948,2021,11561.0,558.0
SAU__VNM,SAU,VNM,0.0,0.0,0,0.0,0.0,0.0,,0.0,,1948,2021,6848.0,706.0
SAU__VUT,SAU,VUT,0.0,0.0,0,0.0,0.0,0.0,,0.0,,1948,2021,14301.0,674.0
SAU__WSM,SAU,WSM,0.0,0.0,0,0.0,0.0,0.0,,0.0,,1948,2021,16206.0,756.0
SAU__YEM,SAU,YEM,1.0,0.0,0,0.0,1.0,1.0,,0.0,,1948,2021,935.0,262.0
SAU__ZAF,SAU,ZAF,0.0,0.0,0,0.0,0.0,0.0,,0.0,,1948,2021,6282.0,1724.0
SAU__ZMB,SAU,ZMB,0.0,0.0,0,0.0,0.0,0.0,,0.0,,1948,2021,4430.5,873.0
SAU__ZWE,SAU,ZWE,0.0,0.0,0,0.0,0.0,0.0,,0.0,,1948,2021,4723.0,556.0
SDN__SEN,SDN,SEN,0.0,0.0,0,0.0,0.0,0.0,,0.0,,1948,2021,5360.0,0.0
SDN__SGP,SDN,SGP,0.0,0.0,0,1.0,0.0,0.0,,1.0,,1948,2021,7976.0,0.0
SDN__SLB,SDN,SLB,0.0,0.0,0,1.0,0.0,0.0,,1.0,,1948,2021,14293.0,0.0
SDN__SLE,SDN,SLE,0.0,0.0,0,1.0,0.0,0.0,,1.0,,1948,2021,5035.0,0.0
SDN__SLV,SDN,SLV,0.0,0.0,0,0.0,0.0,0.0,,0.0,,1948,2021,12846.0,0.0
SDN__SOM,SDN,SOM,0.0,0.0,0,1.0,0.0,1.0,,1.0,,1948,2021,2052.0,0.0
SDN__SSD,SDN,SSD,1.0,0.0,0,0.0,0.0,0.0,,0.0,,1948,2021,1188.0,0.0
SDN__STP,SDN,STP,0.0,0.0,0,0.0,0.0,0.0,,0.0,,1948,2021,3298.0,0.0
SDN__SUR,SDN,SUR,0.0,0.0,0,0.0,0.0,0.0,,0.0,,1948,2021,9599.0,0.0
SDN__SWZ,SDN,SWZ,0.0,0.0,0,1.0,0.0,0.0,,1.0,,1948,2021,4634.0,0.0
SDN__SYC,SDN,SYC,0.0,0.0,0,1.0,0.0,0.0,,1.0,,1948,2021,3370.0,0.0
SDN__SYR,SDN,SYR,0.0,0.0,0,0.0,1.0,1.0,,0.0,,1948,2021,2180.0,310.0
SDN__TCD,SDN,TCD,1.0,0.0,0,0.0,1.0,1.0,,0.0,,1948,2021,1928.0,0.0
SDN__TGO,SDN,TGO,0.0,0.0,0,0.0,0.0,0.0,,0.0,,1948,2021,3574.0,0.0
SDN__THA,SDN,THA,0.0,0.0,0,0.0,0.0,0.0,,0.0,,1948,2021,7296.0,0.0
SDN__TJK,SDN,TJK,0.0,0.0,0,0.0,0.0,0.0,,0.0,,1948,2021,4361.0,0.0
SDN__TKM,SDN,TKM,0.0,0.0,0,0.0,0.0,0.0,,0.0,,1948,2021,3550.0,0.0
SDN__TLS,SDN,TLS,0.0,0.0,0,0.0,0.0,0.0,,0.0,,1948,2021,10592.0,0.0
SDN__TON,SDN,TON,0.0,0.0,0,1.0,0.0,0.0,,1.0,,1948,2021,17041.0,0.0
SDN__TTO,SDN,TTO,0.0,0.0,0,1.0,0.0,0.0,,1.0,,1948,2021,10130.0,0.0
SDN__TUN,SDN,TUN,0.0,0.0,0,0.0,1.0,1.0,,0.0,,1948,2021,3231.0,0.0
SDN__TUR,SDN,TUR,0.0,0.0,0,0.0,0.0,0.0,,0.0,,1948,2021,2843.0,0.0
SDN__TUV,SDN,TUV,0.0,0.0,0,1.0,0.0,0.0,,1.0,,1948,2021,16327.0,0.0
SDN__TWN,SDN,TWN,0.0,0.0,0,0.0,0.0,0.0,,0.0,,1948,2021,9195.5,7.0
SDN__TZA,SDN,TZA,0.0,0.0,0,1.0,0.0,0.0,,1.0,,1948,2021,2584.0,0.0
SDN__UGA,SDN,UGA,1.0,0.0,0,1.0,0.0,0.0,,1.0,,1948,2021,1685.0,0.0
SDN__URY,SDN,URY,0.0,0.0,0,0.0,0.0,0.0,,0.0,,1948,2021,10869.0,0.0
SDN__USA,SDN,USA,0.0,0.0,0,1.0,0.0,0.0,,0.0,,1948,2021,10232.0,0.0
SDN__UZB,SDN,UZB,0.0,0.0,0,0.0,0.0,0.0,,0.0,,1948,2021,4531.0,0.0
SDN__VCT,SDN,VCT,0.0,0.0,0,1.0,0.0,0.0,,1.0,,1948,2021,10023.0,0.0
SDN__VEN,SDN,VEN,0.0,0.0,0,0.0,0.0,0.0,,0.0,,1948,2021,10698.0,0.0
SDN__VNM,SDN,VNM,0.0,0.0,0,0.0,0.0,0.0,,0.0,,1948,2021,8018.0,0.0
SDN__VUT,SDN,VUT,0.0,0.0,0,1.0,0.0,0.0,,1.0,,1948,2021,15322.0,0.0
SDN__WSM,SDN,WSM,0.0,0.0,0,0.0,0.0,0.0,,0.0,,1948,2021,17413.0,0.0
SDN__YEM,SDN,YEM,0.0,0.0,0,1.0,1.0,1.0,,1.0,,1948,2021,1188.0,130.0
SDN__ZAF,SDN,ZAF,0.0,0.0,0,1.0,0.0,0.0,,0.0,,1948,2021,5160.5,1031.0
SDN__ZMB,SDN,ZMB,0.0,0.0,0,1.0,0.0,0.0,,1.0,,1948,2021,3315.5,283.0
SDN__ZWE,SDN,ZWE,0.0,0.0,0,1.0,0.0,0.0,,1.0,,1948,2021,3696.0,0.0
SEN__SGP,SEN,SGP,0.0,0.0,0,0.0,0.0,0.0,,0.0,,1948,2021,13333.0,0.0
SEN__SLB,SEN,SLB,0.0,0.0,0,0.0,0.0,0.0,,0.0,,1948,2021,19362.0,0.0
SEN__SLE,SEN,SLE,0.0,0.0,0,0.0,0.0,0.0,,0.0,,1948,2021,826.0,0.0
SEN__SLV,SEN,SLV,0.0,0.0,0,0.0,0.0,0.0,,0.0,,1948,2021,7709.0,0.0
SEN__SOM,SEN,SOM,0.0,0.0,0,0.0,0.0,0.0,,0.0,,1948,2021,7033.0,0.0
SEN__SSD,SEN,SSD,0.0,0.0,0,0.0,0.0,0.0,,0.0,,1948,2021,5476.0,0.0
SEN__STP,SEN,STP,0.0,0.0,0,0.0,0.0,0.0,,0.0,,1948,2021,3098.0,0.0
SEN__SUR,SEN,SUR,0.0,0.0,0,0.0,0.0,0.0,,0.0,,1948,2021,4239.0,0.0
SEN__SWZ,SEN,SWZ,0.0,0.0,0,0.0,0.0,0.0,,0.0,,1948,2021,6944.0,0.0
SEN__SYC,SEN,SYC,0.0,0.0,0,1.0,1.0,1.0,,0.0,,1948,2021,8317.0,0.0
SEN__SYR,SEN,SYR,0.0,0.0,0,1.0,0.0,0.0,,1.0,,1948,2021,5837.5,119.0
SEN__TCD,SEN,TCD,0.0,0.0,0,1.0,0.0,1.0,,1.0,,1948,2021,3527.0,0.0
SEN__TGO,SEN,TGO,0.0,0.0,0,1.0,1.0,1.0,,1.0,,1948,2021,2249.0,0.0
SEN__THA,SEN,THA,0.0,0.0,0,0.0,0.0,0.0,,0.0,,1948,2021,12510.0,0.0
SEN__TJK,SEN,TJK,0.0,0.0,0,0.0,0.0,0.0,,0.0,,1948,2021,8685.0,0.0
SEN__TKM,SEN,TKM,0.0,0.0,0,0.0,0.0,0.0,,0.0,,1948,2021,7788.0,0.0
SEN__TLS,SEN,TLS,0.0,0.0,0,0.0,0.0,0.0,,0.0,,1948,2021,15950.0,0.0
SEN__TON,SEN,TON,0.0,0.0,0,0.0,0.0,0.0,,0.0,,1948,2021,17572.0,0.0
SEN__TTO,SEN,TTO,0.0,0.0,0,0.0,0.0,0.0,,0.0,,1948,2021,4801.0,0.0
SEN__TUN,SEN,TUN,0.0,0.0,0,1.0,0.0,1.0,,1.0,,1948,2021,3673.0,0.0
SEN__TUR,SEN,TUR,0.0,0.0,0,0.0,0.0,0.0,,0.0,,1948,2021,5333.0,0.0
SEN__TUV,SEN,TUV,0.0,0.0,0,0.0,0.0,0.0,,0.0,,1948,2021,18094.0,0.0
SEN__TWN,SEN,TWN,0.0,0.0,0,0.0,0.0,0.0,,0.0,,1948,2021,13762.0,4.0
SEN__TZA,SEN,TZA,0.0,0.0,0,0.0,0.0,0.0,,0.0,,1948,2021,6696.0,0.0
SEN__UGA,SEN,UGA,0.0,0.0,0,0.0,0.0,0.0,,0.0,,1948,2021,5728.0,0.0
SEN__URY,SEN,URY,0.0,0.0,0,0.0,0.0,0.0,,0.0,,1948,2021,6840.0,0.0
SEN__USA,SEN,USA,0.0,0.0,0,1.0,0.0,0.0,,0.0,,1948,2021,6152.0,0.0
SEN__UZB,SEN,UZB,0.0,0.0,0,0.0,0.0,0.0,,0.0,,1948,2021,8673.0,0.0
SEN__VCT,SEN,VCT,0.0,0.0,0,0.0,0.0,0.0,,0.0,,1948,2021,4727.0,0.0
SEN__VEN,SEN,VEN,0.0,0.0,0,0.0,0.0,0.0,,0.0,,1948,2021,5382.0,0.0
SEN__VNM,SEN,VNM,0.0,0.0,0,1.0,0.0,0.0,,1.0,,1948,2021,13254.0,0.0
SEN__VUT,SEN,VUT,0.0,0.0,0,1.0,1.0,1.0,,1.0,,1948,2021,19325.0,0.0
SEN__WSM,SEN,WSM,0.0,0.0,0,0.0,0.0,0.0,,0.0,,1948,2021,17264.0,0.0
SEN__YEM,SEN,YEM,0.0,0.0,0,0.0,0.0,0.0,,0.0,,1948,2021,6544.0,124.0
SEN__ZAF,SEN,ZAF,0.0,0.0,0,0.0,0.0,0.0,,0.0,,1948,2021,6637.5,99.0
SEN__ZMB,SEN,ZMB,0.0,0.0,0,0.0,0.0,0.0,,0.0,,1948,2021,5955.5,153.0
SEN__ZWE,SEN,ZWE,0.0,0.0,0,0.0,0.0,0.0,,0.0,,1948,2021,6424.0,0.0
SGP__SLB,SGP,SLB,0.0,0.0,0,1.0,0.0,1.0,,1.0,,1948,2021,6331.0,0.0
SGP__SLE,SGP,SLE,0.0,0.0,0,1.0,1.0,1.0,,1.0,,1948,2021,12973.0,0.0
SGP__SLV,SGP,SLV,0.0,0.0,0,0.0,0.0,0.0,,0.0,,1948,2021,17824.0,0.0
SGP__SOM,SGP,SOM,0.0,0.0,0,1.0,0.0,1.0,,1.0,,1948,2021,6510.0,0.0
SGP__SSD,SGP,SSD,0.0,0.0,0,0.0,0.0,0.0,,1.0,,1948,2021,8040.0,0.0
SGP__STP,SGP,STP,0.0,0.0,0,0.0,0.0,0.0,,0.0,,1948,2021,10811.0,0.0
SGP__SUR,SGP,SUR,0.0,0.0,0,0.0,0.0,0.0,,0.0,,1948,2021,17571.0,0.0
SGP__SWZ,SGP,SWZ,0.0,0.0,0,1.0,0.0,1.0,,1.0,,1948,2021,8361.0,0.0
SGP__SYC,SGP,SYC,0.0,0.0,0,1.0,1.0,1.0,,1.0,,1948,2021,5423.0,0.0
SGP__SYR,SGP,SYR,0.0,0.0,0,0.0,0.0,0.0,,0.0,,1948,2021,7855.0,12.0
SGP__TCD,SGP,TCD,0.0,0.0,0,0.0,0.0,0.0,,0.0,,1948,2021,9858.0,0.0
SGP__TGO,SGP,TGO,0.0,0.0,0,0.0,0.0,0.0,,0.0,,1948,2021,11401.0,0.0
SGP__THA,SGP,THA,0.0,0.0,0,0.0,0.0,0.0,,0.0,,1948,2021,1423.0,0.0
SGP__TJK,SGP,TJK,0.0,0.0,0,0.0,0.0,0.0,,0.0,,1948,2021,5456.0,0.0
SGP__TKM,SGP,TKM,0.0,0.0,0,0.0,0.0,0.0,,0.0,,1948,2021,6163.0,0.0
SGP__TLS,SGP,TLS,0.0,0.0,0,0.0,0.0,0.0,,0.0,,1948,2021,2644.0,0.0
SGP__TON,SGP,TON,0.0,0.0,0,1.0,0.0,1.0,,1.0,,1948,2021,9129.0,0.0
SGP__TTO,SGP,TTO,0.0,0.0,0,1.0,1.0,1.0,,1.0,,1948,2021,17932.0,0.0
SGP__TUN,SGP,TUN,0.0,0.0,0,0.0,0.0,0.0,,0.0,,1948,2021,10256.0,0.0
SGP__TUR,SGP,TUR,0.0,0.0,0,0.0,0.0,0.0,,0.0,,1948,2021,8653.0,0.0
SGP__TUV,SGP,TUV,0.0,0.0,0,1.0,0.0,0.0,,1.0,,1948,2021,8428.0,0.0
SGP__TWN,SGP,TWN,0.0,0.0,0,0.0,1.0,1.0,,0.0,,1948,2021,3240.5,9.0
SGP__TZA,SGP,TZA,0.0,0.0,0,1.0,0.0,1.0,,1.0,,1948,2021,7229.0,0.0
SGP__UGA,SGP,UGA,0.0,0.0,0,1.0,1.0,1.0,,1.0,,1948,2021,7933.0,0.0
SGP__URY,SGP,URY,0.0,0.0,0,0.0,0.0,0.0,,0.0,,1948,2021,15757.0,0.0
SGP__USA,SGP,USA,0.0,0.0,0,1.0,1.0,1.0,,0.0,,1948,2021,15347.0,0.0
SGP__UZB,SGP,UZB,0.0,0.0,0,0.0,0.0,0.0,,0.0,,1948,2021,5629.0,0.0
SGP__VCT,SGP,VCT,0.0,0.0,0,1.0,1.0,1.0,,1.0,,1948,2021,17725.0,0.0
SGP__VEN,SGP,VEN,0.0,0.0,0,0.0,0.0,0.0,,0.0,,1948,2021,18358.0,0.0
SGP__VNM,SGP,VNM,0.0,0.0,0,0.0,0.0,0.0,,0.0,,1948,2021,1092.0,0.0
SGP__VUT,SGP,VUT,0.0,0.0,0,1.0,1.0,1.0,,1.0,,1948,2021,7366.0,0.0
SGP__WSM,SGP,WSM,0.0,0.0,0,0.0,1.0,1.0,,0.0,,1948,2021,9445.0,0.0
SGP__YEM,SGP,YEM,0.0,0.0,0,1.0,0.0,0.0,,1.0,,1948,2021,6727.0,0.0
SGP__ZAF,SGP,ZAF,0.0,0.0,0,1.0,1.0,1.0,,0.0,,1948,2021,9167.0,1006.0
SGP__ZMB,SGP,ZMB,0.0,0.0,0,1.0,1.0,1.0,,1.0,,1948,2021,8509.0,0.0
SGP__ZWE,SGP,ZWE,0.0,0.0,0,1.0,1.0,1.0,,1.0,,1948,2021,8242.0,0.0
SLB__SLE,SLB,SLE,0.0,0.0,0,1.0,0.0,1.0,,1.0,,1948,2021,19279.0,0.0
SLB__SLV,SLB,SLV,0.0,0.0,0,0.0,0.0,0.0,,0.0,,1948,2021,12503.0,0.0
SLB__SOM,SLB,SOM,0.0,0.0,0,1.0,0.0,1.0,,1.0,,1948,2021,12757.0,0.0
SLB__SSD,SLB,SSD,0.0,0.0,0,0.0,0.0,0.0,,1.0,,1948,2021,14316.0,0.0
SLB__STP,SLB,STP,0.0,0.0,0,0.0,0.0,0.0,,0.0,,1948,2021,16901.0,0.0
SLB__SUR,SLB,SUR,0.0,0.0,0,0.0,0.0,0.0,,0.0,,1948,2021,16144.0,0.0
SLB__SWZ,SLB,SWZ,0.0,0.0,0,1.0,0.0,1.0,,1.0,,1948,2021,13224.0,0.0
SLB__SYC,SLB,SYC,0.0,0.0,0,1.0,0.0,1.0,,1.0,,1948,2021,11519.0,0.0
SLB__SYR,SLB,SYR,0.0,0.0,0,0.0,0.0,0.0,,0.0,,1948,2021,13626.5,139.0
SLB__TCD,SLB,TCD,0.0,0.0,0,0.0,0.0,0.0,,0.0,,1948,2021,16189.0,0.0
SLB__TGO,SLB,TGO,0.0,0.0,0,0.0,0.0,0.0,,0.0,,1948,2021,17663.0,0.0
SLB__THA,SLB,THA,0.0,0.0,0,0.0,0.0,0.0,,0.0,,1948,2021,7046.0,0.0
SLB__TJK,SLB,TJK,0.0,0.0,0,0.0,0.0,0.0,,0.0,,1948,2021,10760.0,0.0
SLB__TKM,SLB,TKM,0.0,0.0,0,0.0,0.0,0.0,,0.0,,1948,2021,11664.0,0.0
SLB__TLS,SLB,TLS,0.0,0.0,0,0.0,0.0,0.0,,0.0,,1948,2021,3780.0,0.0
SLB__TON,SLB,TON,0.0,0.0,0,1.0,0.0,1.0,,1.0,,1948,2021,2960.0,0.0
SLB__TTO,SLB,TTO,0.0,0.0,0,1.0,0.0,1.0,,1.0,,1948,2021,15492.0,0.0
SLB__TUN,SLB,TUN,0.0,0.0,0,0.0,0.0,0.0,,0.0,,1948,2021,15721.0,0.0
SLB__TUR,SLB,TUR,0.0,0.0,0,0.0,0.0,0.0,,0.0,,1948,2021,14081.0,0.0
SLB__TUV,SLB,TUV,0.0,0.0,0,1.0,0.0,0.0,,1.0,,1948,2021,2119.0,0.0
SLB__TWN,SLB,TWN,0.0,0.0,0,0.0,0.0,0.0,,0.0,,1948,2021,5650.0,4.0
SLB__TZA,SLB,TZA,0.0,0.0,0,1.0,0.0,1.0,,1.0,,1948,2021,13215.0,0.0
SLB__UGA,SLB,UGA,0.0,0.0,0,1.0,0.0,1.0,,1.0,,1948,2021,14120.0,0.0
SLB__URY,SLB,URY,0.0,0.0,0,0.0,0.0,0.0,,0.0,,1948,2021,13813.0,0.0
SLB__USA,SLB,USA,0.0,0.0,0,1.0,0.0,1.0,,0.0,,1948,2021,13700.0,0.0
SLB__UZB,SLB,UZB,0.0,0.0,0,0.0,0.0,0.0,,0.0,,1948,2021,10757.0,0.0
SLB__VCT,SLB,VCT,0.0,0.0,0,1.0,0.0,1.0,,1.0,,1948,2021,15526.0,0.0
SLB__VEN,SLB,VEN,0.0,0.0,0,0.0,0.0,0.0,,0.0,,1948,2021,14905.0,0.0
SLB__VNM,SLB,VNM,0.0,0.0,0,0.0,0.0,0.0,,0.0,,1948,2021,6308.0,0.0
SLB__VUT,SLB,VUT,0.0,0.0,0,1.0,0.0,1.0,,1.0,,1948,2021,1289.0,0.0
SLB__WSM,SLB,WSM,0.0,0.0,0,0.0,0.0,1.0,,0.0,,1948,2021,3120.0,0.0
SLB__YEM,SLB,YEM,0.0,0.0,0,1.0,0.0,0.0,,1.0,,1948,2021,13105.5,131.0
SLB__ZAF,SLB,ZAF,0.0,0.0,0,1.0,0.0,1.0,,0.0,,1948,2021,13613.0,230.0
SLB__ZMB,SLB,ZMB,0.0,0.0,0,1.0,0.0,1.0,,1.0,,1948,2021,14095.5,123.0
SLB__ZWE,SLB,ZWE,0.0,0.0,0,1.0,0.0,1.0,,1.0,,1948,2021,13654.0,0.0
SLE__SLV,SLE,SLV,0.0,0.0,0,0.0,0.0,0.0,,0.0,,1948,2021,8288.0,0.0
SLE__SOM,SLE,SOM,0.0,0.0,0,1.0,0.0,1.0,,1.0,,1948,2021,6526.0,0.0
SLE__SSD,SLE,SSD,0.0,0.0,0,0.0,0.0,0.0,,1.0,,1948,2021,4969.0,0.0
SLE__STP,SLE,STP,0.0,0.0,0,0.0,0.0,0.0,,0.0,,1948,2021,2390.0,0.0
SLE__SUR,SLE,SUR,0.0,0.0,0,0.0,0.0,0.0,,0.0,,1948,2021,4639.0,0.0
SLE__SWZ,SLE,SWZ,0.0,0.0,0,1.0,0.0,1.0,,1.0,,1948,2021,6148.0,0.0
SLE__SYC,SLE,SYC,0.0,0.0,0,1.0,1.0,1.0,,1.0,,1948,2021,7760.0,0.0
SLE__SYR,SLE,SYR,0.0,0.0,0,0.0,0.0,0.0,,0.0,,1948,2021,5858.5,165.0
SLE__TCD,SLE,TCD,0.0,0.0,0,0.0,0.0,0.0,,0.0,,1948,2021,3121.0,0.0
SLE__TGO,SLE,TGO,0.0,0.0,0,0.0,0.0,0.0,,0.0,,1948,2021,1616.0,0.0
SLE__THA,SLE,THA,0.0,0.0,0,0.0,0.0,0.0,,0.0,,1948,2021,12314.0,0.0
SLE__TJK,SLE,TJK,0.0,0.0,0,0.0,0.0,0.0,,0.0,,1948,2021,8736.0,0.0
SLE__TKM,SLE,TKM,0.0,0.0,0,0.0,0.0,0.0,,0.0,,1948,2021,7825.0,0.0
SLE__TLS,SLE,TLS,0.0,0.0,0,0.0,0.0,0.0,,0.0,,1948,2021,15503.0,0.0
SLE__TON,SLE,TON,0.0,0.0,0,1.0,0.0,1.0,,1.0,,1948,2021,17636.0,0.0
SLE__TTO,SLE,TTO,0.0,0.0,0,1.0,1.0,1.0,,1.0,,1948,2021,5301.0,0.0
SLE__TUN,SLE,TUN,0.0,0.0,0,0.0,0.0,0.0,,0.0,,1948,2021,3929.0,0.0
SLE__TUR,SLE,TUR,0.0,0.0,0,0.0,0.0,0.0,,0.0,,1948,2021,5497.0,0.0
SLE__TUV,SLE,TUV,0.0,0.0,0,1.0,0.0,0.0,,1.0,,1948,2021,18668.0,0.0
SLE__TWN,SLE,TWN,0.0,0.0,0,0.0,0.0,0.0,,0.0,,1948,2021,13874.0,6.0
SLE__TZA,SLE,TZA,0.0,0.0,0,1.0,0.0,1.0,,1.0,,1948,2021,6067.0,0.0
SLE__UGA,SLE,UGA,0.0,0.0,0,1.0,1.0,1.0,,1.0,,1948,2021,5159.0,0.0
SLE__URY,SLE,URY,0.0,0.0,0,0.0,0.0,0.0,,0.0,,1948,2021,6585.0,0.0
SLE__USA,SLE,USA,0.0,0.0,0,1.0,1.0,1.0,,0.0,,1948,2021,6948.0,0.0
SLE__UZB,SLE,UZB,0.0,0.0,0,0.0,0.0,0.0,,0.0,,1948,2021,8764.0,0.0
SLE__VCT,SLE,VCT,0.0,0.0,0,1.0,1.0,1.0,,1.0,,1948,2021,5266.0,0.0
SLE__VEN,SLE,VEN,0.0,0.0,0,0.0,0.0,0.0,,0.0,,1948,2021,5889.0,0.0
SLE__VNM,SLE,VNM,0.0,0.0,0,0.0,0.0,0.0,,0.0,,1948,2021,13045.0,0.0
SLE__VUT,SLE,VUT,0.0,0.0,0,1.0,1.0,1.0,,1.0,,1948,2021,18968.0,0.0
SLE__WSM,SLE,WSM,0.0,0.0,0,0.0,1.0,1.0,,0.0,,1948,2021,17618.0,0.0
SLE__YEM,SLE,YEM,0.0,0.0,0,1.0,0.0,0.0,,1.0,,1948,2021,6219.0,134.0
SLE__ZAF,SLE,ZAF,0.0,0.0,0,1.0,1.0,1.0,,0.0,,1948,2021,5823.5,123.0
SLE__ZMB,SLE,ZMB,0.0,0.0,0,1.0,1.0,1.0,,1.0,,1948,2021,5219.0,134.0
SLE__ZWE,SLE,ZWE,0.0,0.0,0,1.0,1.0,1.0,,1.0,,1948,2021,5672.0,0.0
SLV__SOM,SLV,SOM,0.0,0.0,0,0.0,0.0,0.0,,0.0,,1948,2021,14722.0,0.0
SLV__SSD,SLV,SSD,0.0,0.0,0,0.0,0.0,0.0,,0.0,,1948,2021,13178.0,0.0
SLV__STP,SLV,STP,0.0,0.0,0,0.0,0.0,0.0,,0.0,,1948,2021,10649.0,0.0
SLV__SUR,SLV,SUR,0.0,0.0,0,0.0,0.0,0.0,,0.0,,1948,2021,3827.0,0.0
SLV__SWZ,SLV,SWZ,0.0,0.0,0,0.0,0.0,0.0,,0.0,,1948,2021,13685.0,0.0
SLV__SYC,SLV,SYC,0.0,0.0,0,0.0,0.0,0.0,,0.0,,1948,2021,16026.0,0.0
SLV__SYR,SLV,SYR,0.0,0.0,0,0.0,0.0,0.0,,0.0,,1948,2021,12181.5,101.0
SLV__TCD,SLV,TCD,0.0,0.0,0,0.0,0.0,0.0,,0.0,,1948,2021,11200.0,0.0
SLV__TGO,SLV,TGO,0.0,0.0,0,0.0,0.0,0.0,,0.0,,1948,2021,9901.0,0.0
SLV__THA,SLV,THA,0.0,0.0,0,0.0,0.0,0.0,,0.0,,1948,2021,16792.0,0.0
SLV__TJK,SLV,TJK,0.0,0.0,0,0.0,0.0,0.0,,0.0,,1948,2021,13788.0,0.0
SLV__TKM,SLV,TKM,0.0,0.0,0,0.0,0.0,0.0,,0.0,,1948,2021,13368.0,0.0
SLV__TLS,SLV,TLS,0.0,0.0,0,0.0,0.0,0.0,,0.0,,1948,2021,16200.0,0.0
SLV__TON,SLV,TON,0.0,0.0,0,0.0,0.0,0.0,,0.0,,1948,2021,10153.0,0.0
SLV__TTO,SLV,TTO,0.0,0.0,0,0.0,0.0,0.0,,0.0,,1948,2021,3028.0,0.0
SLV__TUN,SLV,TUN,0.0,0.0,0,0.0,0.0,0.0,,0.0,,1948,2021,9922.0,0.0
SLV__TUR,SLV,TUR,0.0,0.0,0,0.0,0.0,0.0,,0.0,,1948,2021,11243.0,0.0
SLV__TUV,SLV,TUV,0.0,0.0,0,0.0,0.0,0.0,,0.0,,1948,2021,10412.0,0.0
SLV__TWN,SLV,TWN,0.0,0.0,0,0.0,0.0,0.0,,0.0,,1948,2021,14589.5,9.0
SLV__TZA,SLV,TZA,0.0,0.0,0,0.0,0.0,0.0,,0.0,,1948,2021,14348.0,0.0
SLV__UGA,SLV,UGA,0.0,0.0,0,0.0,0.0,0.0,,0.0,,1948,2021,13433.0,0.0
SLV__URY,SLV,URY,0.0,0.0,0,1.0,1.0,1.0,,0.0,,1948,2021,6404.0,0.0
SLV__USA,SLV,USA,0.0,0.0,0,1.0,1.0,0.0,,0.0,,1948,2021,3340.0,0.0
SLV__UZB,SLV,UZB,0.0,0.0,0,0.0,0.0,0.0,,0.0,,1948,2021,13530.0,0.0
SLV__VCT,SLV,VCT,0.0,0.0,0,0.0,0.0,0.0,,0.0,,1948,2021,3027.0,0.0
SLV__VEN,SLV,VEN,0.0,0.0,0,1.0,1.0,1.0,,0.0,,1948,2021,2453.0,0.0
SLV__VNM,SLV,VNM,0.0,0.0,0,0.0,0.0,0.0,,0.0,,1948,2021,16793.0,0.0
SLV__VUT,SLV,VUT,0.0,0.0,0,0.0,0.0,0.0,,0.0,,1948,2021,11772.0,0.0
SLV__WSM,SLV,WSM,0.0,0.0,0,0.0,0.0,0.0,,0.0,,1948,2021,9596.0,0.0
SLV__YEM,SLV,YEM,0.0,0.0,0,0.0,0.0,0.0,,0.0,,1948,2021,13930.5,87.0
SLV__ZAF,SLV,ZAF,0.0,0.0,0,0.0,0.0,0.0,,0.0,,1948,2021,12921.0,910.0
SLV__ZMB,SLV,ZMB,0.0,0.0,0,0.0,0.0,0.0,,0.0,,1948,2021,13292.5,47.0
SLV__ZWE,SLV,ZWE,0.0,0.0,0,0.0,0.0,0.0,,0.0,,1948,2021,13639.0,0.0
SOM__SSD,SOM,SSD,0.0,0.0,0,0.0,0.0,1.0,,1.0,,1948,2021,1560.0,0.0
SOM__STP,SOM,STP,0.0,0.0,0,0.0,0.0,0.0,,0.0,,1948,2021,4302.0,0.0
SOM__SUR,SOM,SUR,0.0,0.0,0,0.0,0.0,0.0,,0.0,,1948,2021,11158.0,0.0
SOM__SWZ,SOM,SWZ,0.0,0.0,0,1.0,0.0,1.0,,1.0,,1948,2021,3490.0,0.0
SOM__SYC,SOM,SYC,0.0,0.0,0,1.0,0.0,1.0,,1.0,,1948,2021,1344.0,0.0
SOM__SYR,SOM,SYR,0.0,0.0,0,0.0,0.0,1.0,,0.0,,1948,2021,3742.5,267.0
SOM__TCD,SOM,TCD,0.0,0.0,0,0.0,0.0,1.0,,0.0,,1948,2021,3523.0,0.0
SOM__TGO,SOM,TGO,0.0,0.0,0,0.0,0.0,0.0,,0.0,,1948,2021,4919.0,0.0
SOM__THA,SOM,THA,0.0,0.0,0,0.0,0.0,0.0,,0.0,,1948,2021,6205.0,0.0
SOM__TJK,SOM,TJK,0.0,0.0,0,0.0,0.0,0.0,,0.0,,1948,2021,4693.0,0.0
SOM__TKM,SOM,TKM,0.0,0.0,0,0.0,0.0,0.0,,0.0,,1948,2021,4193.0,0.0
SOM__TLS,SOM,TLS,0.0,0.0,0,0.0,0.0,0.0,,0.0,,1948,2021,8977.0,0.0
SOM__TON,SOM,TON,0.0,0.0,0,1.0,0.0,1.0,,1.0,,1948,2021,15153.0,0.0
SOM__TTO,SOM,TTO,0.0,0.0,0,1.0,0.0,1.0,,1.0,,1948,2021,11817.0,0.0
SOM__TUN,SOM,TUN,0.0,0.0,0,0.0,0.0,1.0,,0.0,,1948,2021,5276.0,0.0
SOM__TUR,SOM,TUR,0.0,0.0,0,0.0,0.0,0.0,,0.0,,1948,2021,4620.0,0.0
SOM__TUV,SOM,TUV,0.0,0.0,0,1.0,0.0,0.0,,1.0,,1948,2021,14875.0,0.0
SOM__TWN,SOM,TWN,0.0,0.0,0,0.0,0.0,0.0,,0.0,,1948,2021,8524.5,9.0
SOM__TZA,SOM,TZA,0.0,0.0,0,1.0,0.0,1.0,,1.0,,1948,2021,1190.0,0.0
SOM__UGA,SOM,UGA,0.0,0.0,0,1.0,0.0,1.0,,1.0,,1948,2021,1433.0,0.0
SOM__URY,SOM,URY,0.0,0.0,0,0.0,0.0,0.0,,0.0,,1948,2021,11194.0,0.0
SOM__USA,SOM,USA,0.0,0.0,0,1.0,0.0,1.0,,0.0,,1948,2021,12282.0,0.0
SOM__UZB,SOM,UZB,0.0,0.0,0,0.0,0.0,0.0,,0.0,,1948,2021,4961.0,0.0
SOM__VCT,SOM,VCT,0.0,0.0,0,1.0,0.0,1.0,,1.0,,1948,2021,11758.0,0.0
SOM__VEN,SOM,VEN,0.0,0.0,0,0.0,0.0,0.0,,0.0,,1948,2021,12403.0,0.0
SOM__VNM,SOM,VNM,0.0,0.0,0,0.0,0.0,0.0,,0.0,,1948,2021,6841.0,0.0
SOM__VUT,SOM,VUT,0.0,0.0,0,1.0,0.0,1.0,,1.0,,1948,2021,13572.0,0.0
SOM__WSM,SOM,WSM,0.0,0.0,0,0.0,0.0,1.0,,0.0,,1948,2021,15748.0,0.0
SOM__YEM,SOM,YEM,0.0,0.0,0,1.0,0.0,1.0,,1.0,,1948,2021,1456.5,43.0
SOM__ZAF,SOM,ZAF,0.0,0.0,0,1.0,0.0,1.0,,0.0,,1948,2021,4258.0,1242.0
SOM__ZMB,SOM,ZMB,0.0,0.0,0,1.0,0.0,1.0,,1.0,,1948,2021,2601.0,186.0
SOM__ZWE,SOM,ZWE,0.0,0.0,0,1.0,0.0,1.0,,1.0,,1948,2021,2699.0,0.0
SSD__STP,SSD,STP,0.0,0.0,0,0.0,0.0,0.0,,0.0,,1948,2021,2808.0,0.0
SSD__SUR,SSD,SUR,0.0,0.0,0,0.0,0.0,0.0,,0.0,,1948,2021,9605.0,0.0
SSD__SWZ,SSD,SWZ,0.0,0.0,0,0.0,0.0,0.0,,1.0,,1948,2021,3449.0,0.0
SSD__SYC,SSD,SYC,0.0,0.0,0,0.0,0.0,0.0,,1.0,,1948,2021,2853.0,0.0
SSD__SYR,SSD,SYR,0.0,0.0,0,0.0,1.0,1.0,,0.0,,1948,2021,3364.5,309.0
SSD__TCD,SSD,TCD,0.0,0.0,0,0.0,1.0,1.0,,0.0,,1948,2021,1989.0,0.0
SSD__TGO,SSD,TGO,0.0,0.0,0,0.0,0.0,0.0,,0.0,,1948,2021,3368.0,0.0
SSD__THA,SSD,THA,0.0,0.0,0,0.0,0.0,0.0,,0.0,,1948,2021,7616.0,0.0
SSD__TJK,SSD,TJK,0.0,0.0,0,0.0,0.0,0.0,,0.0,,1948,2021,5293.0,0.0
SSD__TKM,SSD,TKM,0.0,0.0,0,0.0,0.0,0.0,,0.0,,1948,2021,4563.0,0.0
SSD__TLS,SSD,TLS,0.0,0.0,0,0.0,0.0,0.0,,0.0,,1948,2021,10535.0,0.0
SSD__TON,SSD,TON,0.0,0.0,0,0.0,0.0,0.0,,1.0,,1948,2021,16618.0,0.0
SSD__TTO,SSD,TTO,0.0,0.0,0,0.0,0.0,0.0,,1.0,,1948,2021,10257.0,0.0
SSD__TUN,SSD,TUN,0.0,0.0,0,0.0,1.0,1.0,,0.0,,1948,2021,4160.0,0.0
SSD__TUR,SSD,TUR,0.0,0.0,0,0.0,0.0,0.0,,0.0,,1948,2021,4014.0,0.0
SSD__TUV,SSD,TUV,0.0,0.0,0,0.0,0.0,0.0,,1.0,,1948,2021,16434.0,0.0
SSD__TWN,SSD,TWN,0.0,0.0,0,0.0,0.0,0.0,,0.0,,1948,2021,9778.0,0.0
SSD__TZA,SSD,TZA,0.0,0.0,0,0.0,0.0,0.0,,1.0,,1948,2021,1548.0,0.0
SSD__UGA,SSD,UGA,1.0,0.0,0,0.0,0.0,0.0,,1.0,,1948,2021,514.0,0.0
SSD__URY,SSD,URY,0.0,0.0,0,0.0,0.0,0.0,,0.0,,1948,2021,10114.0,0.0
SSD__USA,SSD,USA,0.0,0.0,0,0.0,0.0,0.0,,0.0,,1948,2021,10962.0,0.0
SSD__UZB,SSD,UZB,0.0,0.0,0,0.0,0.0,0.0,,0.0,,1948,2021,5501.0,0.0
SSD__VCT,SSD,VCT,0.0,0.0,0,0.0,0.0,0.0,,1.0,,1948,2021,10199.0,0.0
SSD__VEN,SSD,VEN,0.0,0.0,0,0.0,0.0,0.0,,0.0,,1948,2021,10843.0,0.0
SSD__VNM,SSD,VNM,0.0,0.0,0,0.0,0.0,0.0,,0.0,,1948,2021,8290.0,0.0
SSD__VUT,SSD,VUT,0.0,0.0,0,0.0,0.0,0.0,,1.0,,1948,2021,15115.0,0.0
SSD__WSM,SSD,WSM,0.0,0.0,0,0.0,0.0,0.0,,0.0,,1948,2021,17285.0,0.0
SSD__YEM,SSD,YEM,0.0,0.0,0,0.0,1.0,1.0,,1.0,,1948,2021,1805.0,0.0
SSD__ZAF,SSD,ZAF,0.0,0.0,0,0.0,0.0,0.0,,0.0,,1948,2021,3457.0,0.0
SSD__ZMB,SSD,ZMB,0.0,0.0,0,0.0,0.0,0.0,,1.0,,1948,2021,2271.0,0.0
SSD__ZWE,SSD,ZWE,0.0,0.0,0,0.0,0.0,0.0,,1.0,,1948,2021,2509.0,0.0
STP__SUR,STP,SUR,0.0,0.0,0,0.0,0.0,0.0,,0.0,,1948,2021,6903.0,0.0
STP__SWZ,STP,SWZ,0.0,0.0,0,0.0,0.0,0.0,,0.0,,1948,2021,3944.0,0.0
STP__SYC,STP,SYC,0.0,0.0,0,0.0,0.0,0.0,,0.0,,1948,2021,5446.0,0.0
STP__SYR,STP,SYR,0.0,0.0,0,0.0,0.0,0.0,,0.0,,1948,2021,4932.5,265.0
STP__TCD,STP,TCD,0.0,0.0,0,0.0,0.0,0.0,,0.0,,1948,2021,1593.0,0.0
STP__TGO,STP,TGO,0.0,0.0,0,0.0,0.0,0.0,,0.0,,1948,2021,887.0,0.0
STP__THA,STP,THA,0.0,0.0,0,0.0,0.0,0.0,,0.0,,1948,2021,10420.0,0.0
STP__TJK,STP,TJK,0.0,0.0,0,0.0,0.0,0.0,,0.0,,1948,2021,7589.0,0.0
STP__TKM,STP,TKM,0.0,0.0,0,0.0,0.0,0.0,,0.0,,1948,2021,6720.0,0.0
STP__TLS,STP,TLS,0.0,0.0,0,0.0,0.0,1.0,,1.0,,1948,2021,13196.0,0.0
STP__TON,STP,TON,0.0,0.0,0,0.0,0.0,0.0,,0.0,,1948,2021,17693.0,0.0
STP__TTO,STP,TTO,0.0,0.0,0,0.0,0.0,0.0,,0.0,,1948,2021,7633.0,0.0
STP__TUN,STP,TUN,0.0,0.0,0,0.0,0.0,0.0,,0.0,,1948,2021,4055.0,0.0
STP__TUR,STP,TUR,0.0,0.0,0,0.0,0.0,0.0,,0.0,,1948,2021,5032.0,0.0
STP__TUV,STP,TUV,0.0,0.0,0,0.0,0.0,0.0,,0.0,,1948,2021,18788.0,0.0
STP__TWN,STP,TWN,0.0,0.0,0,0.0,0.0,0.0,,0.0,,1948,2021,12484.0,8.0
STP__TZA,STP,TZA,0.0,0.0,0,0.0,0.0,0.0,,0.0,,1948,2021,3700.0,0.0
STP__UGA,STP,UGA,0.0,0.0,0,0.0,0.0,0.0,,0.0,,1948,2021,2878.0,0.0
STP__URY,STP,URY,0.0,0.0,0,0.0,0.0,0.0,,0.0,,1948,2021,7588.0,0.0
STP__USA,STP,USA,0.0,0.0,0,0.0,0.0,0.0,,0.0,,1948,2021,9205.0,0.0
STP__UZB,STP,UZB,0.0,0.0,0,0.0,0.0,0.0,,0.0,,1948,2021,7719.0,0.0
STP__VCT,STP,VCT,0.0,0.0,0,0.0,0.0,0.0,,0.0,,1948,2021,7622.0,0.0
STP__VEN,STP,VEN,0.0,0.0,0,0.0,0.0,0.0,,0.0,,1948,2021,8217.0,0.0
STP__VNM,STP,VNM,0.0,0.0,0,0.0,0.0,0.0,,0.0,,1948,2021,11098.0,0.0
STP__VUT,STP,VUT,0.0,0.0,0,0.0,0.0,0.0,,0.0,,1948,2021,17234.0,0.0
STP__WSM,STP,WSM,0.0,0.0,0,0.0,0.0,0.0,,0.0,,1948,2021,18502.0,0.0
STP__YEM,STP,YEM,0.0,0.0,0,0.0,0.0,0.0,,0.0,,1948,2021,4368.0,148.0
STP__ZAF,STP,ZAF,0.0,0.0,0,0.0,0.0,0.0,,0.0,,1948,2021,3854.0,262.0
STP__ZMB,STP,ZMB,0.0,0.0,0,0.0,0.0,0.0,,0.0,,1948,2021,2861.0,160.0
STP__ZWE,STP,ZWE,0.0,0.0,0,0.0,0.0,0.0,,0.0,,1948,2021,3337.0,0.0
SUR__SWZ,SUR,SWZ,0.0,0.0,0,0.0,0.0,0.0,,0.0,,1948,2021,9934.0,0.0
SUR__SYC,SUR,SYC,0.0,0.0,0,0.0,0.0,0.0,,0.0,,1948,2021,12349.0,0.0
SUR__SYR,SUR,SYR,0.0,0.0,0,0.0,0.0,0.0,,0.0,,1948,2021,9816.0,46.0
SUR__TCD,SUR,TCD,0.0,0.0,0,0.0,0.0,0.0,,0.0,,1948,2021,7733.0,0.0
SUR__TGO,SUR,TGO,0.0,0.0,0,0.0,0.0,0.0,,0.0,,1948,2021,6239.0,0.0
SUR__THA,SUR,THA,0.0,0.0,0,0.0,0.0,0.0,,0.0,,1948,2021,16573.0,0.0
SUR__TJK,SUR,TJK,0.0,0.0,0,0.0,0.0,0.0,,0.0,,1948,2021,12441.0,0.0
SUR__TKM,SUR,TKM,0.0,0.0,0,0.0,0.0,0.0,,0.0,,1948,2021,11633.0,0.0
SUR__TLS,SUR,TLS,0.0,0.0,0,0.0,0.0,0.0,,0.0,,1948,2021,19697.0,0.0
SUR__TON,SUR,TON,0.0,0.0,0,0.0,0.0,0.0,,0.0,,1948,2021,13365.0,0.0
SUR__TTO,SUR,TTO,0.0,0.0,0,0.0,0.0,0.0,,0.0,,1948,2021,878.0,0.0
SUR__TUN,SUR,TUN,0.0,0.0,0,0.0,0.0,0.0,,0.0,,1948,2021,7433.0,0.0
SUR__TUR,SUR,TUR,0.0,0.0,0,0.0,0.0,0.0,,0.0,,1948,2021,9093.0,0.0
SUR__TUV,SUR,TUV,0.0,0.0,0,0.0,0.0,0.0,,0.0,,1948,2021,14029.0,0.0
SUR__TWN,SUR,TWN,0.0,0.0,0,0.0,0.0,0.0,,0.0,,1948,2021,16567.5,3.0
SUR__TZA,SUR,TZA,0.0,0.0,0,0.0,0.0,0.0,,0.0,,1948,2021,10583.0,0.0
SUR__UGA,SUR,UGA,0.0,0.0,0,0.0,0.0,0.0,,0.0,,1948,2021,9766.0,0.0
SUR__URY,SUR,URY,0.0,0.0,0,0.0,0.0,0.0,,0.0,,1948,2021,4506.0,0.0
SUR__USA,SUR,USA,0.0,0.0,0,0.0,0.0,0.0,,0.0,,1948,2021,4293.0,0.0
SUR__UZB,SUR,UZB,0.0,0.0,0,0.0,0.0,0.0,,0.0,,1948,2021,12331.0,0.0
SUR__VCT,SUR,VCT,0.0,0.0,0,0.0,0.0,0.0,,0.0,,1948,2021,1045.0,0.0
SUR__VEN,SUR,VEN,0.0,0.0,0,0.0,0.0,0.0,,0.0,,1948,2021,1388.0,0.0
SUR__VNM,SUR,VNM,0.0,0.0,0,0.0,0.0,0.0,,0.0,,1948,2021,17296.0,0.0
SUR__VUT,SUR,VUT,0.0,0.0,0,0.0,0.0,0.0,,0.0,,1948,2021,15130.0,0.0
SUR__WSM,SUR,WSM,0.0,0.0,0,0.0,0.0,0.0,,0.0,,1948,2021,13044.0,0.0
SUR__YEM,SUR,YEM,0.0,0.0,0,0.0,0.0,0.0,,0.0,,1948,2021,10783.5,125.0
SUR__ZAF,SUR,ZAF,0.0,0.0,0,1.0,0.0,0.0,,0.0,,1948,2021,9253.0,748.0
SUR__ZMB,SUR,ZMB,0.0,0.0,0,0.0,0.0,0.0,,0.0,,1948,2021,9467.5,45.0
SUR__ZWE,SUR,ZWE,0.0,0.0,0,0.0,0.0,0.0,,0.0,,1948,2021,9816.0,0.0
SWZ__SYC,SWZ,SYC,0.0,0.0,0,1.0,0.0,1.0,,1.0,,1948,2021,3531.0,0.0
SWZ__SYR,SWZ,SYR,0.0,0.0,0,0.0,0.0,0.0,,0.0,,1948,2021,6797.0,306.0
SWZ__TCD,SWZ,TCD,0.0,0.0,0,0.0,0.0,0.0,,0.0,,1948,2021,4594.0,0.0
SWZ__TGO,SWZ,TGO,0.0,0.0,0,0.0,0.0,0.0,,0.0,,1948,2021,4829.0,0.0
SWZ__THA,SWZ,THA,0.0,0.0,0,0.0,0.0,0.0,,0.0,,1948,2021,8713.0,0.0
SWZ__TJK,SWZ,TJK,0.0,0.0,0,0.0,0.0,0.0,,0.0,,1948,2021,8181.0,0.0
SWZ__TKM,SWZ,TKM,0.0,0.0,0,0.0,0.0,0.0,,0.0,,1948,2021,7662.0,0.0
SWZ__TLS,SWZ,TLS,0.0,0.0,0,0.0,0.0,0.0,,0.0,,1948,2021,10035.0,0.0
SWZ__TON,SWZ,TON,0.0,0.0,0,1.0,0.0,1.0,,1.0,,1948,2021,14041.0,0.0
SWZ__TTO,SWZ,TTO,0.0,0.0,0,1.0,0.0,1.0,,1.0,,1948,2021,10796.0,0.0
SWZ__TUN,SWZ,TUN,0.0,0.0,0,0.0,0.0,0.0,,0.0,,1948,2021,7326.0,0.0
SWZ__TUR,SWZ,TUR,0.0,0.0,0,0.0,0.0,0.0,,0.0,,1948,2021,7457.0,0.0
SWZ__TUV,SWZ,TUV,0.0,0.0,0,1.0,0.0,0.0,,1.0,,1948,2021,14844.0,0.0
SWZ__TWN,SWZ,TWN,0.0,0.0,0,0.0,0.0,0.0,,0.0,,1948,2021,11240.5,9.0
SWZ__TZA,SWZ,TZA,0.0,0.0,0,1.0,0.0,1.0,,1.0,,1948,2021,2324.0,0.0
SWZ__UGA,SWZ,UGA,0.0,0.0,0,1.0,0.0,1.0,,1.0,,1948,2021,2951.0,0.0
SWZ__URY,SWZ,URY,0.0,0.0,0,0.0,0.0,0.0,,0.0,,1948,2021,8163.0,0.0
SWZ__USA,SWZ,USA,0.0,0.0,0,1.0,0.0,1.0,,0.0,,1948,2021,13095.0,0.0
SWZ__UZB,SWZ,UZB,0.0,0.0,0,0.0,0.0,0.0,,0.0,,1948,2021,8451.0,0.0
SWZ__VCT,SWZ,VCT,0.0,0.0,0,1.0,0.0,1.0,,1.0,,1948,2021,10885.0,0.0
SWZ__VEN,SWZ,VEN,0.0,0.0,0,0.0,0.0,0.0,,0.0,,1948,2021,11319.0,0.0
SWZ__VNM,SWZ,VNM,0.0,0.0,0,0.0,0.0,0.0,,0.0,,1948,2021,9130.0,0.0
SWZ__VUT,SWZ,VUT,0.0,0.0,0,1.0,0.0,1.0,,1.0,,1948,2021,13297.0,0.0
SWZ__WSM,SWZ,WSM,0.0,0.0,0,0.0,0.0,1.0,,0.0,,1948,2021,14924.0,0.0
SWZ__YEM,SWZ,YEM,0.0,0.0,0,1.0,0.0,0.0,,1.0,,1948,2021,4773.5,97.0
SWZ__ZAF,SWZ,ZAF,1.0,0.0,0,1.0,0.0,1.0,,0.0,,1948,2021,897.0,1176.0
SWZ__ZMB,SWZ,ZMB,0.0,0.0,0,1.0,0.0,1.0,,1.0,,1948,2021,1384.5,283.0
SWZ__ZWE,SWZ,ZWE,0.0,0.0,0,1.0,0.0,1.0,,1.0,,1948,2021,940.0,0.0
SYC__SYR,SYC,SYR,0.0,0.0,0,1.0,0.0,0.0,,0.0,,1948,2021,4791.0,228.0
SYC__TCD,SYC,TCD,0.0,0.0,0,1.0,0.0,1.0,,0.0,,1948,2021,4839.0,0.0
SYC__TGO,SYC,TGO,0.0,0.0,0,1.0,1.0,1.0,,0.0,,1948,2021,6144.0,0.0
SYC__THA,SYC,THA,0.0,0.0,0,0.0,0.0,0.0,,0.0,,1948,2021,5376.0,0.0
SYC__TJK,SYC,TJK,0.0,0.0,0,0.0,0.0,0.0,,0.0,,1948,2021,4971.0,0.0
SYC__TKM,SYC,TKM,0.0,0.0,0,0.0,0.0,0.0,,0.0,,1948,2021,4722.0,0.0
SYC__TLS,SYC,TLS,0.0,0.0,0,0.0,0.0,0.0,,0.0,,1948,2021,7757.0,0.0
SYC__TON,SYC,TON,0.0,0.0,0,1.0,0.0,1.0,,1.0,,1948,2021,13812.0,0.0
SYC__TTO,SYC,TTO,0.0,0.0,0,1.0,1.0,1.0,,1.0,,1948,2021,13060.0,0.0
SYC__TUN,SYC,TUN,0.0,0.0,0,1.0,0.0,1.0,,0.0,,1948,2021,6565.0,0.0
SYC__TUR,SYC,TUR,0.0,0.0,0,0.0,0.0,0.0,,0.0,,1948,2021,5728.0,0.0
SYC__TUV,SYC,TUV,0.0,0.0,0,1.0,0.0,0.0,,1.0,,1948,2021,13625.0,0.0
SYC__TWN,SYC,TWN,0.0,0.0,0,0.0,0.0,0.0,,0.0,,1948,2021,7849.5,9.0
SYC__TZA,SYC,TZA,0.0,0.0,0,1.0,0.0,1.0,,1.0,,1948,2021,1809.0,0.0
SYC__UGA,SYC,UGA,0.0,0.0,0,1.0,1.0,1.0,,1.0,,1948,2021,2601.0,0.0
SYC__URY,SYC,URY,0.0,0.0,0,0.0,0.0,0.0,,0.0,,1948,2021,11665.0,0.0
SYC__USA,SYC,USA,0.0,0.0,0,1.0,1.0,1.0,,0.0,,1948,2021,13594.0,0.0
SYC__UZB,SYC,UZB,0.0,0.0,0,0.0,0.0,0.0,,0.0,,1948,2021,5270.0,0.0
SYC__VCT,SYC,VCT,0.0,0.0,0,1.0,1.0,1.0,,1.0,,1948,2021,13023.0,0.0
SYC__VEN,SYC,VEN,0.0,0.0,0,0.0,0.0,0.0,,0.0,,1948,2021,13647.0,0.0
SYC__VNM,SYC,VNM,0.0,0.0,0,1.0,0.0,0.0,,0.0,,1948,2021,5924.0,0.0
SYC__VUT,SYC,VUT,0.0,0.0,0,1.0,1.0,1.0,,1.0,,1948,2021,12262.0,0.0
SYC__WSM,SYC,WSM,0.0,0.0,0,0.0,1.0,1.0,,0.0,,1948,2021,14433.0,0.0
SYC__YEM,SYC,YEM,0.0,0.0,0,1.0,0.0,0.0,,1.0,,1948,2021,2542.5,19.0
SYC__ZAF,SYC,ZAF,0.0,0.0,0,1.0,1.0,1.0,,0.0,,1948,2021,4393.5,1245.0
SYC__ZMB,SYC,ZMB,0.0,0.0,0,1.0,1.0,1.0,,1.0,,1948,2021,3167.0,74.0
SYC__ZWE,SYC,ZWE,0.0,0.0,0,1.0,1.0,1.0,,1.0,,1948,2021,3032.0,0.0
SYR__TCD,SYR,TCD,0.0,0.0,0,1.0,1.0,1.0,,1.0,,1948,2021,3339.5,263.0
SYR__TGO,SYR,TGO,0.0,0.0,0,1.0,0.0,0.0,,1.0,,1948,2021,4835.0,228.0
SYR__THA,SYR,THA,0.0,0.0,0,0.0,0.0,0.0,,0.0,,1948,2021,6771.0,60.0
SYR__TJK,SYR,TJK,0.0,0.0,0,0.0,0.0,0.0,,0.0,,1948,2021,2881.5,165.0
SYR__TKM,SYR,TKM,0.0,0.0,0,0.0,0.0,0.0,,0.0,,1948,2021,1972.5,159.0
SYR__TLS,SYR,TLS,0.0,0.0,0,0.0,0.0,0.0,,0.0,,1948,2021,10446.5,37.0
SYR__TON,SYR,TON,0.0,0.0,0,0.0,0.0,0.0,,0.0,,1948,2021,16554.0,166.0
SYR__TTO,SYR,TTO,0.0,0.0,0,0.0,0.0,0.0,,0.0,,1948,2021,10082.0,6.0
SYR__TUN,SYR,TUN,0.0,0.0,0,1.0,1.0,1.0,,1.0,,1948,2021,2406.5,9.0
SYR__TUR,SYR,TUR,1.0,0.0,1,0.0,0.0,0.0,,0.0,1917.0,1948,2021,974.0,166.0
SYR__TUV,SYR,TUV,0.0,0.0,0,0.0,0.0,0.0,,0.0,,1948,2021,15212.0,212.0
SYR__TWN,SYR,TWN,0.0,0.0,0,0.0,0.0,0.0,,0.0,,1948,2021,8018.0,174.0
SYR__TZA,SYR,TZA,0.0,0.0,0,0.0,0.0,0.0,,0.0,,1948,2021,4622.0,294.0
SYR__UGA,SYR,UGA,0.0,0.0,0,0.0,0.0,0.0,,0.0,,1948,2021,3848.5,307.0
SYR__URY,SYR,URY,0.0,0.0,0,0.0,0.0,0.0,,0.0,,1948,2021,12346.5,211.0
SYR__USA,SYR,USA,0.0,0.0,0,1.0,0.0,0.0,,0.0,,1948,2021,9051.5,153.0
SYR__UZB,SYR,UZB,0.0,0.0,0,0.0,0.0,0.0,,0.0,,1948,2021,2922.0,192.0
SYR__VCT,SYR,VCT,0.0,0.0,0,0.0,0.0,0.0,,0.0,,1948,2021,9895.5,5.0
SYR__VEN,SYR,VEN,0.0,0.0,0,0.0,0.0,0.0,,0.0,,1948,2021,10567.5,11.0
SYR__VNM,SYR,VNM,0.0,0.0,0,1.0,0.0,0.0,,1.0,,1948,2021,7510.5,65.0
SYR__VUT,SYR,VUT,0.0,0.0,0,1.0,0.0,0.0,,1.0,,1948,2021,14889.0,124.0
SYR__WSM,SYR,WSM,0.0,0.0,0,0.0,0.0,0.0,,0.0,,1948,2021,16330.5,227.0
SYR__YEM,SYR,YEM,0.0,0.0,0,1.0,1.0,1.0,,0.0,,1948,2021,2289.0,252.0
SYR__ZAF,SYR,ZAF,0.0,0.0,0,0.0,0.0,0.0,,0.0,,1948,2021,7335.5,1339.0
SYR__ZMB,SYR,ZMB,0.0,0.0,0,0.0,0.0,0.0,,0.0,,1948,2021,5494.0,592.0
SYR__ZWE,SYR,ZWE,0.0,0.0,0,0.0,0.0,0.0,,0.0,,1948,2021,5862.5,307.0
TCD__TGO,TCD,TGO,0.0,0.0,0,1.0,0.0,1.0,,1.0,,1948,2021,1657.0,0.0
TCD__THA,TCD,THA,0.0,0.0,0,0.0,0.0,0.0,,0.0,,1948,2021,9223.0,0.0
TCD__TJK,TCD,TJK,0.0,0.0,0,0.0,0.0,0.0,,0.0,,1948,2021,6044.0,0.0
TCD__TKM,TCD,TKM,0.0,0.0,0,0.0,0.0,0.0,,0.0,,1948,2021,5159.0,0.0
TCD__TLS,TCD,TLS,0.0,0.0,0,0.0,0.0,0.0,,0.0,,1948,2021,12435.0,0.0
TCD__TON,TCD,TON,0.0,0.0,0,0.0,0.0,0.0,,0.0,,1948,2021,18540.0,0.0
TCD__TTO,TCD,TTO,0.0,0.0,0,0.0,0.0,0.0,,0.0,,1948,2021,8328.0,0.0
TCD__TUN,TCD,TUN,0.0,0.0,0,1.0,1.0,1.0,,1.0,,1948,2021,2781.0,0.0
TCD__TUR,TCD,TUR,0.0,0.0,0,0.0,0.0,0.0,,0.0,,1948,2021,3479.0,0.0
TCD__TUV,TCD,TUV,0.0,0.0,0,0.0,0.0,0.0,,0.0,,1948,2021,18255.0,0.0
TCD__TWN,TCD,TWN,0.0,0.0,0,0.0,0.0,0.0,,0.0,,1948,2021,11060.5,7.0
TCD__TZA,TCD,TZA,0.0,0.0,0,0.0,0.0,0.0,,0.0,,1948,2021,3402.0,0.0
TCD__UGA,TCD,UGA,0.0,0.0,0,0.0,0.0,0.0,,0.0,,1948,2021,2335.0,0.0
TCD__URY,TCD,URY,0.0,0.0,0,0.0,0.0,0.0,,0.0,,1948,2021,9116.0,0.0
TCD__USA,TCD,USA,0.0,0.0,0,1.0,0.0,0.0,,0.0,,1948,2021,9064.0,0.0
TCD__UZB,TCD,UZB,0.0,0.0,0,0.0,0.0,0.0,,0.0,,1948,2021,6157.0,0.0
TCD__VCT,TCD,VCT,0.0,0.0,0,0.0,0.0,0.0,,0.0,,1948,2021,8252.0,0.0
TCD__VEN,TCD,VEN,0.0,0.0,0,0.0,0.0,0.0,,0.0,,1948,2021,8909.0,0.0
TCD__VNM,TCD,VNM,0.0,0.0,0,1.0,0.0,0.0,,1.0,,1948,2021,9944.0,0.0
TCD__VUT,TCD,VUT,0.0,0.0,0,1.0,0.0,1.0,,1.0,,1948,2021,17095.0,0.0
TCD__WSM,TCD,WSM,0.0,0.0,0,0.0,0.0,0.0,,0.0,,1948,2021,19270.0,0.0
TCD__YEM,TCD,YEM,0.0,0.0,0,0.0,1.0,1.0,,0.0,,1948,2021,3103.5,137.0
TCD__ZAF,TCD,ZAF,0.0,0.0,0,0.0,0.0,0.0,,0.0,,1948,2021,4786.5,641.0
TCD__ZMB,TCD,ZMB,0.0,0.0,0,0.0,0.0,0.0,,0.0,,1948,2021,3245.5,259.0
TCD__ZWE,TCD,ZWE,0.0,0.0,0,0.0,0.0,0.0,,0.0,,1948,2021,3749.0,0.0
TGO__THA,TGO,THA,0.0,0.0,0,0.0,0.0,0.0,,0.0,,1948,2021,10857.0,0.0
TGO__TJK,TGO,TJK,0.0,0.0,0,0.0,0.0,0.0,,0.0,,1948,2021,7641.0,0.0
TGO__TKM,TGO,TKM,0.0,0.0,0,0.0,0.0,0.0,,0.0,,1948,2021,6740.0,0.0
TGO__TLS,TGO,TLS,0.0,0.0,0,0.0,0.0,0.0,,0.0,,1948,2021,13892.0,0.0
TGO__TON,TGO,TON,0.0,0.0,0,0.0,0.0,0.0,,0.0,,1948,2021,18301.0,0.0
TGO__TTO,TGO,TTO,0.0,0.0,0,0.0,0.0,0.0,,0.0,,1948,2021,6916.0,0.0
TGO__TUN,TGO,TUN,0.0,0.0,0,1.0,0.0,1.0,,1.0,,1948,2021,3518.0,0.0
TGO__TUR,TGO,TUR,0.0,0.0,0,0.0,0.0,0.0,,0.0,,1948,2021,4746.0,0.0
TGO__TUV,TGO,TUV,0.0,0.0,0,0.0,0.0,0.0,,0.0,,1948,2021,19672.0,0.0
TGO__TWN,TGO,TWN,0.0,0.0,0,0.0,0.0,0.0,,0.0,,1948,2021,12707.5,7.0
TGO__TZA,TGO,TZA,0.0,0.0,0,0.0,0.0,0.0,,0.0,,1948,2021,4464.0,0.0
TGO__UGA,TGO,UGA,0.0,0.0,0,0.0,0.0,0.0,,0.0,,1948,2021,3544.0,0.0
TGO__URY,TGO,URY,0.0,0.0,0,0.0,0.0,0.0,,0.0,,1948,2021,7526.0,0.0
TGO__USA,TGO,USA,0.0,0.0,0,1.0,0.0,0.0,,0.0,,1948,2021,8323.0,0.0
TGO__UZB,TGO,UZB,0.0,0.0,0,0.0,0.0,0.0,,0.0,,1948,2021,7729.0,0.0
TGO__VCT,TGO,VCT,0.0,0.0,0,0.0,0.0,0.0,,0.0,,1948,2021,6881.0,0.0
TGO__VEN,TGO,VEN,0.0,0.0,0,0.0,0.0,0.0,,0.0,,1948,2021,7504.0,0.0
TGO__VNM,TGO,VNM,0.0,0.0,0,1.0,0.0,0.0,,1.0,,1948,2021,11567.0,0.0
TGO__VUT,TGO,VUT,0.0,0.0,0,1.0,1.0,1.0,,1.0,,1948,2021,18121.0,0.0
TGO__WSM,TGO,WSM,0.0,0.0,0,0.0,0.0,0.0,,0.0,,1948,2021,18871.0,0.0
TGO__YEM,TGO,YEM,0.0,0.0,0,0.0,0.0,0.0,,0.0,,1948,2021,4732.0,142.0
TGO__ZAF,TGO,ZAF,0.0,0.0,0,0.0,0.0,0.0,,0.0,,1948,2021,4697.5,187.0
TGO__ZMB,TGO,ZMB,0.0,0.0,0,0.0,0.0,0.0,,0.0,,1948,2021,3734.0,172.0
TGO__ZWE,TGO,ZWE,0.0,0.0,0,0.0,0.0,0.0,,0.0,,1948,2021,4217.0,0.0
THA__TJK,THA,TJK,0.0,0.0,0,0.0,0.0,0.0,,0.0,,1948,2021,4161.0,0.0
THA__TKM,THA,TKM,0.0,0.0,0,0.0,0.0,0.0,,0.0,,1948,2021,4943.0,0.0
THA__TLS,THA,TLS,0.0,0.0,0,0.0,0.0,0.0,,0.0,,1948,2021,3705.0,0.0
THA__TON,THA,TON,0.0,0.0,0,0.0,0.0,0.0,,0.0,,1948,2021,9979.0,0.0
THA__TTO,THA,TTO,0.0,0.0,0,0.0,0.0,0.0,,0.0,,1948,2021,16668.0,0.0
THA__TUN,THA,TUN,0.0,0.0,0,0.0,0.0,0.0,,0.0,,1948,2021,9142.0,0.0
THA__TUR,THA,TUR,0.0,0.0,0,0.0,0.0,0.0,,0.0,,1948,2021,7481.0,0.0
THA__TUV,THA,TUV,0.0,0.0,0,0.0,0.0,0.0,,0.0,,1948,2021,9032.0,0.0
THA__TWN,THA,TWN,0.0,0.0,0,0.0,0.0,0.0,,0.0,,1948,2021,2529.0,10.0
THA__TZA,THA,TZA,0.0,0.0,0,0.0,0.0,0.0,,0.0,,1948,2021,7139.0,0.0
THA__UGA,THA,UGA,0.0,0.0,0,0.0,0.0,0.0,,0.0,,1948,2021,7627.0,0.0
THA__URY,THA,URY,0.0,0.0,0,0.0,0.0,0.0,,0.0,,1948,2021,16708.0,0.0
THA__USA,THA,USA,0.0,0.0,0,0.0,0.0,0.0,,0.0,,1948,2021,13951.0,0.0
THA__UZB,THA,UZB,0.0,0.0,0,0.0,0.0,0.0,,0.0,,1948,2021,4301.0,0.0
THA__VCT,THA,VCT,0.0,0.0,0,0.0,0.0,0.0,,0.0,,1948,2021,16424.0,0.0
THA__VEN,THA,VEN,0.0,0.0,0,0.0,0.0,0.0,,0.0,,1948,2021,16994.0,0.0
THA__VNM,THA,VNM,0.0,0.0,0,0.0,0.0,0.0,,0.0,,1948,2021,745.0,0.0
THA__VUT,THA,VUT,0.0,0.0,0,0.0,0.0,0.0,,0.0,,1948,2021,8217.0,0.0
THA__WSM,THA,WSM,0.0,0.0,0,0.0,0.0,0.0,,0.0,,1948,2021,10134.0,0.0
THA__YEM,THA,YEM,0.0,0.0,0,0.0,0.0,0.0,,0.0,,1948,2021,6125.5,141.0
THA__ZAF,THA,ZAF,0.0,0.0,0,0.0,0.0,0.0,,0.0,,1948,2021,9569.5,1145.0
THA__ZMB,THA,ZMB,0.0,0.0,0,0.0,0.0,0.0,,0.0,,1948,2021,8540.0,80.0
THA__ZWE,THA,ZWE,0.0,0.0,0,0.0,0.0,0.0,,0.0,,1948,2021,8387.0,0.0
TJK__TKM,TJK,TKM,0.0,0.0,0,1.0,0.0,0.0,,1.0,,1948,2021,912.0,0.0
TJK__TLS,TJK,TLS,0.0,0.0,0,0.0,0.0,0.0,,0.0,,1948,2021,7849.0,0.0
TJK__TON,TJK,TON,0.0,0.0,0,0.0,0.0,0.0,,0.0,,1948,2021,13678.0,0.0
TJK__TTO,TJK,TTO,0.0,0.0,0,0.0,0.0,0.0,,0.0,,1948,2021,12519.0,0.0
TJK__TUN,TJK,TUN,0.0,0.0,0,0.0,0.0,0.0,,0.0,,1948,2021,5084.0,0.0
TJK__TUR,TJK,TUR,0.0,0.0,0,0.0,0.0,0.0,,0.0,,1948,2021,3394.0,0.0
TJK__TUV,TJK,TUV,0.0,0.0,0,0.0,0.0,0.0,,0.0,,1948,2021,12373.0,0.0
TJK__TWN,TJK,TWN,0.0,0.0,0,0.0,0.0,0.0,,0.0,,1948,2021,5137.0,0.0
TJK__TZA,TJK,TZA,0.0,0.0,0,0.0,0.0,0.0,,0.0,,1948,2021,5876.0,0.0
TJK__UGA,TJK,UGA,0.0,0.0,0,0.0,0.0,0.0,,0.0,,1948,2021,5617.0,0.0
TJK__URY,TJK,URY,0.0,0.0,0,0.0,0.0,0.0,,0.0,,1948,2021,15159.0,0.0
TJK__USA,TJK,USA,0.0,0.0,0,0.0,0.0,0.0,,0.0,,1948,2021,10451.0,0.0
TJK__UZB,TJK,UZB,1.0,0.0,0,1.0,0.0,0.0,,1.0,,1948,2021,305.0,0.0
TJK__VCT,TJK,VCT,0.0,0.0,0,0.0,0.0,0.0,,0.0,,1948,2021,12287.0,0.0
TJK__VEN,TJK,VEN,0.0,0.0,0,0.0,0.0,0.0,,0.0,,1948,2021,12902.0,0.0
TJK__VNM,TJK,VNM,0.0,0.0,0,0.0,0.0,0.0,,0.0,,1948,2021,4859.0,0.0
TJK__VUT,TJK,VUT,0.0,0.0,0,0.0,0.0,0.0,,0.0,,1948,2021,12035.0,0.0
TJK__WSM,TJK,WSM,0.0,0.0,0,0.0,0.0,0.0,,0.0,,1948,2021,13513.0,0.0
TJK__YEM,TJK,YEM,0.0,0.0,0,0.0,0.0,0.0,,0.0,,1948,2021,3520.0,0.0
TJK__ZAF,TJK,ZAF,0.0,0.0,0,0.0,0.0,0.0,,0.0,,1948,2021,8944.0,1230.0
TJK__ZMB,TJK,ZMB,0.0,0.0,0,0.0,0.0,0.0,,0.0,,1948,2021,7313.0,0.0
TJK__ZWE,TJK,ZWE,0.0,0.0,0,0.0,0.0,0.0,,0.0,,1948,2021,7377.0,0.0
TKM__TLS,TKM,TLS,0.0,0.0,0,0.0,0.0,0.0,,0.0,,1948,2021,8648.0,0.0
TKM__TON,TKM,TON,0.0,0.0,0,0.0,0.0,0.0,,0.0,,1948,2021,14588.0,0.0
TKM__TTO,TKM,TTO,0.0,0.0,0,0.0,0.0,0.0,,0.0,,1948,2021,11780.0,0.0
TKM__TUN,TKM,TUN,0.0,0.0,0,0.0,0.0,0.0,,0.0,,1948,2021,4223.0,0.0
TKM__TUR,TKM,TUR,0.0,0.0,0,0.0,0.0,0.0,,0.0,,1948,2021,2543.0,0.0
TKM__TUV,TKM,TUV,0.0,0.0,0,0.0,0.0,0.0,,0.0,,1948,2021,13281.0,0.0
TKM__TWN,TKM,TWN,0.0,0.0,0,0.0,0.0,0.0,,0.0,,1948,2021,6048.0,0.0
TKM__TZA,TKM,TZA,0.0,0.0,0,0.0,0.0,0.0,,0.0,,1948,2021,5338.0,0.0
TKM__UGA,TKM,UGA,0.0,0.0,0,0.0,0.0,0.0,,0.0,,1948,2021,4935.0,0.0
TKM__URY,TKM,URY,0.0,0.0,0,0.0,0.0,0.0,,0.0,,1948,2021,14264.0,0.0
TKM__USA,TKM,USA,0.0,0.0,0,0.0,0.0,0.0,,0.0,,1948,2021,10042.0,0.0
TKM__UZB,TKM,UZB,1.0,0.0,0,1.0,0.0,0.0,,1.0,,1948,2021,1000.0,0.0
TKM__VCT,TKM,VCT,0.0,0.0,0,0.0,0.0,0.0,,0.0,,1948,2021,11563.0,0.0
TKM__VEN,TKM,VEN,0.0,0.0,0,0.0,0.0,0.0,,0.0,,1948,2021,12203.0,0.0
TKM__VNM,TKM,VNM,0.0,0.0,0,0.0,0.0,0.0,,0.0,,1948,2021,5664.0,0.0
TKM__VUT,TKM,VUT,0.0,0.0,0,0.0,0.0,0.0,,0.0,,1948,2021,12935.0,0.0
TKM__WSM,TKM,WSM,0.0,0.0,0,0.0,0.0,0.0,,0.0,,1948,2021,14418.0,0.0
TKM__YEM,TKM,YEM,0.0,0.0,0,0.0,0.0,0.0,,0.0,,1948,2021,2866.0,0.0
TKM__ZAF,TKM,ZAF,0.0,0.0,0,0.0,0.0,0.0,,0.0,,1948,2021,8371.5,1191.0
TKM__ZMB,TKM,ZMB,0.0,0.0,0,0.0,0.0,0.0,,0.0,,1948,2021,6693.0,0.0
TKM__ZWE,TKM,ZWE,0.0,0.0,0,0.0,0.0,0.0,,0.0,,1948,2021,6804.0,0.0
TLS__TON,TLS,TON,0.0,0.0,0,0.0,0.0,0.0,,0.0,,1948,2021,6489.0,0.0
TLS__TTO,TLS,TTO,0.0,0.0,0,0.0,0.0,0.0,,0.0,,1948,2021,19222.0,0.0
TLS__TUN,TLS,TUN,0.0,0.0,0,0.0,0.0,0.0,,0.0,,1948,2021,12837.0,0.0
TLS__TUR,TLS,TUR,0.0,0.0,0,0.0,0.0,0.0,,0.0,,1948,2021,11185.0,0.0
TLS__TUV,TLS,TUV,0.0,0.0,0,0.0,0.0,0.0,,0.0,,1948,2021,5899.0,0.0
TLS__TWN,TLS,TWN,0.0,0.0,0,0.0,0.0,0.0,,0.0,,1948,2021,3741.0,0.0
TLS__TZA,TLS,TZA,0.0,0.0,0,0.0,0.0,0.0,,0.0,,1948,2021,9501.0,0.0
TLS__UGA,TLS,UGA,0.0,0.0,0,0.0,0.0,0.0,,0.0,,1948,2021,10352.0,0.0
TLS__URY,TLS,URY,0.0,0.0,0,0.0,0.0,0.0,,0.0,,1948,2021,15198.0,0.0
TLS__USA,TLS,USA,0.0,0.0,0,0.0,0.0,0.0,,0.0,,1948,2021,15955.0,0.0
TLS__UZB,TLS,UZB,0.0,0.0,0,0.0,0.0,0.0,,0.0,,1948,2021,7964.0,0.0
TLS__VCT,TLS,VCT,0.0,0.0,0,0.0,0.0,0.0,,0.0,,1948,2021,19126.0,0.0
TLS__VEN,TLS,VEN,0.0,0.0,0,0.0,0.0,0.0,,0.0,,1948,2021,18653.0,0.0
TLS__VNM,TLS,VNM,0.0,0.0,0,0.0,0.0,0.0,,0.0,,1948,2021,2991.0,0.0
TLS__VUT,TLS,VUT,0.0,0.0,0,0.0,0.0,0.0,,0.0,,1948,2021,4734.0,0.0
TLS__WSM,TLS,WSM,0.0,0.0,0,0.0,0.0,0.0,,0.0,,1948,2021,6852.0,0.0
TLS__YEM,TLS,YEM,0.0,0.0,0,0.0,0.0,0.0,,0.0,,1948,2021,9351.0,0.0
TLS__ZAF,TLS,ZAF,0.0,0.0,0,0.0,0.0,0.0,,0.0,,1948,2021,10341.0,0.0
TLS__ZMB,TLS,ZMB,0.0,0.0,0,0.0,0.0,0.0,,0.0,,1948,2021,10540.0,0.0
TLS__ZWE,TLS,ZWE,0.0,0.0,0,0.0,0.0,0.0,,0.0,,1948,2021,10202.0,0.0
TON__TTO,TON,TTO,0.0,0.0,0,1.0,0.0,1.0,,1.0,,1948,2021,12884.0,0.0
TON__TUN,TON,TUN,0.0,0.0,0,0.0,0.0,0.0,,0.0,,1948,2021,18192.0,0.0
TON__TUR,TON,TUR,0.0,0.0,0,0.0,0.0,0.0,,0.0,,1948,2021,16848.0,0.0
TON__TUV,TON,TUV,0.0,0.0,0,1.0,0.0,0.0,,1.0,,1948,2021,1520.0,0.0
TON__TWN,TON,TWN,0.0,0.0,0,0.0,0.0,0.0,,0.0,,1948,2021,8538.5,5.0
TON__TZA,TON,TZA,0.0,0.0,0,1.0,0.0,1.0,,1.0,,1948,2021,15149.0,0.0
TON__UGA,TON,UGA,0.0,0.0,0,1.0,0.0,1.0,,1.0,,1948,2021,16226.0,0.0
TON__URY,TON,URY,0.0,0.0,0,0.0,0.0,0.0,,0.0,,1948,2021,11086.0,0.0
TON__USA,TON,USA,0.0,0.0,0,1.0,0.0,1.0,,0.0,,1948,2021,12435.0,0.0
TON__UZB,TON,UZB,0.0,0.0,0,0.0,0.0,0.0,,0.0,,1948,2021,13645.0,0.0
TON__VCT,TON,VCT,0.0,0.0,0,1.0,0.0,1.0,,1.0,,1948,2021,12998.0,0.0
TON__VEN,TON,VEN,0.0,0.0,0,0.0,0.0,0.0,,0.0,,1948,2021,12321.0,0.0
TON__VNM,TON,VNM,0.0,0.0,0,0.0,0.0,0.0,,0.0,,1948,2021,9236.0,0.0
TON__VUT,TON,VUT,0.0,0.0,0,1.0,0.0,1.0,,1.0,,1948,2021,1770.0,0.0
TON__WSM,TON,WSM,0.0,0.0,0,0.0,0.0,1.0,,0.0,,1948,2021,887.0,0.0
TON__YEM,TON,YEM,0.0,0.0,0,1.0,0.0,0.0,,1.0,,1948,2021,15884.0,114.0
TON__ZAF,TON,ZAF,0.0,0.0,0,1.0,0.0,1.0,,0.0,,1948,2021,13972.5,459.0
TON__ZMB,TON,ZMB,0.0,0.0,0,1.0,0.0,1.0,,1.0,,1948,2021,15347.0,244.0
TON__ZWE,TON,ZWE,0.0,0.0,0,1.0,0.0,1.0,,1.0,,1948,2021,14838.0,0.0
TTO__TUN,TTO,TUN,0.0,0.0,0,0.0,0.0,0.0,,0.0,,1948,2021,7681.0,0.0
TTO__TUR,TTO,TUR,0.0,0.0,0,0.0,0.0,0.0,,0.0,,1948,2021,9280.0,0.0
TTO__TUV,TTO,TUV,0.0,0.0,0,1.0,0.0,0.0,,1.0,,1948,2021,13377.0,0.0
TTO__TWN,TTO,TWN,0.0,0.0,0,0.0,0.0,0.0,,0.0,,1948,2021,16041.5,5.0
TTO__TZA,TTO,TZA,0.0,0.0,0,1.0,0.0,1.0,,1.0,,1948,2021,11331.0,0.0
TTO__UGA,TTO,UGA,0.0,0.0,0,1.0,1.0,1.0,,1.0,,1948,2021,10460.0,0.0
TTO__URY,TTO,URY,0.0,0.0,0,0.0,0.0,0.0,,0.0,,1948,2021,5067.0,0.0
TTO__USA,TTO,USA,0.0,0.0,0,1.0,1.0,1.0,,0.0,,1948,2021,3549.0,0.0
TTO__UZB,TTO,UZB,0.0,0.0,0,0.0,0.0,0.0,,0.0,,1948,2021,12368.0,0.0
TTO__VCT,TTO,VCT,0.0,0.0,0,1.0,1.0,1.0,,1.0,,1948,2021,278.0,0.0
TTO__VEN,TTO,VEN,0.0,0.0,0,0.0,0.0,0.0,,0.0,,1948,2021,587.0,0.0
TTO__VNM,TTO,VNM,0.0,0.0,0,0.0,0.0,0.0,,0.0,,1948,2021,17306.0,0.0
TTO__VUT,TTO,VUT,0.0,0.0,0,1.0,1.0,1.0,,1.0,,1948,2021,14613.0,0.0
TTO__WSM,TTO,WSM,0.0,0.0,0,0.0,1.0,1.0,,0.0,,1948,2021,12464.0,0.0
TTO__YEM,TTO,YEM,0.0,0.0,0,1.0,0.0,0.0,,1.0,,1948,2021,11297.5,115.0
TTO__ZAF,TTO,ZAF,0.0,0.0,0,1.0,1.0,1.0,,0.0,,1948,2021,10122.5,733.0
TTO__ZMB,TTO,ZMB,0.0,0.0,0,1.0,1.0,1.0,,1.0,,1948,2021,10276.5,59.0
TTO__ZWE,TTO,ZWE,0.0,0.0,0,1.0,1.0,1.0,,1.0,,1948,2021,10644.0,0.0
TUN__TUR,TUN,TUR,0.0,0.0,0,0.0,0.0,0.0,,0.0,,1948,2021,1691.0,0.0
TUN__TUV,TUN,TUV,0.0,0.0,0,0.0,0.0,0.0,,0.0,,1948,2021,16682.0,0.0
TUN__TWN,TUN,TWN,0.0,0.0,0,0.0,0.0,0.0,,0.0,,1948,2021,10092.0,4.0
TUN__TZA,TUN,TZA,0.0,0.0,0,0.0,0.0,0.0,,0.0,,1948,2021,5704.0,0.0
TUN__UGA,TUN,UGA,0.0,0.0,0,0.0,0.0,0.0,,0.0,,1948,2021,4655.0,0.0
TUN__URY,TUN,URY,0.0,0.0,0,0.0,0.0,0.0,,0.0,,1948,2021,10489.0,0.0
TUN__USA,TUN,USA,0.0,0.0,0,1.0,0.0,0.0,,0.0,,1948,2021,7032.0,0.0
TUN__UZB,TUN,UZB,0.0,0.0,0,0.0,0.0,0.0,,0.0,,1948,2021,5037.0,0.0
TUN__VCT,TUN,VCT,0.0,0.0,0,0.0,0.0,0.0,,0.0,,1948,2021,7496.0,0.0
TUN__VEN,TUN,VEN,0.0,0.0,0,0.0,0.0,0.0,,0.0,,1948,2021,8170.0,0.0
TUN__VNM,TUN,VNM,0.0,0.0,0,1.0,0.0,0.0,,1.0,,1948,2021,9874.0,0.0
TUN__VUT,TUN,VUT,0.0,0.0,0,1.0,0.0,1.0,,1.0,,1948,2021,17007.0,0.0
TUN__WSM,TUN,WSM,0.0,0.0,0,0.0,0.0,0.0,,0.0,,1948,2021,17450.0,0.0
TUN__YEM,TUN,YEM,0.0,0.0,0,1.0,1.0,1.0,,0.0,,1948,2021,4088.0,58.0
TUN__ZAF,TUN,ZAF,0.0,0.0,0,0.0,0.0,0.0,,0.0,,1948,2021,7551.0,656.0
TUN__ZMB,TUN,ZMB,0.0,0.0,0,0.0,0.0,0.0,,0.0,,1948,2021,5948.0,276.0
TUN__ZWE,TUN,ZWE,0.0,0.0,0,0.0,0.0,0.0,,0.0,,1948,2021,6435.0,0.0
TUR__TUV,TUR,TUV,0.0,0.0,0,0.0,0.0,0.0,,0.0,,1948,2021,15370.0,0.0
TUR__TWN,TUR,TWN,0.0,0.0,0,0.0,0.0,0.0,,0.0,,1948,2021,8432.0,4.0
TUR__TZA,TUR,TZA,0.0,0.0,0,0.0,0.0,0.0,,0.0,,1948,2021,5401.0,0.0
TUR__UGA,TUR,UGA,0.0,0.0,0,0.0,0.0,0.0,,0.0,,1948,2021,4522.0,0.0
TUR__URY,TUR,URY,0.0,0.0,0,0.0,0.0,0.0,,0.0,,1948,2021,12082.0,0.0
TUR__USA,TUR,USA,0.0,0.0,0,0.0,0.0,0.0,,0.0,,1948,2021,8087.0,0.0
TUR__UZB,TUR,UZB,0.0,0.0,0,0.0,0.0,0.0,,0.0,,1948,2021,3350.0,0.0
TUR__VCT,TUR,VCT,0.0,0.0,0,0.0,0.0,0.0,,0.0,,1948,2021,9077.0,0.0
TUR__VEN,TUR,VEN,0.0,0.0,0,0.0,0.0,0.0,,0.0,,1948,2021,9737.0,0.0
TUR__VNM,TUR,VNM,0.0,0.0,0,0.0,0.0,0.0,,0.0,,1948,2021,8206.0,0.0
TUR__VUT,TUR,VUT,0.0,0.0,0,0.0,0.0,0.0,,0.0,,1948,2021,15370.0,0.0
TUR__WSM,TUR,WSM,0.0,0.0,0,0.0,0.0,0.0,,0.0,,1948,2021,16390.0,0.0
TUR__YEM,TUR,YEM,0.0,0.0,1,0.0,0.0,0.0,,0.0,1918.0,1948,2021,3204.5,3.0
TUR__ZAF,TUR,ZAF,0.0,0.0,0,0.0,0.0,0.0,,0.0,,1948,2021,7904.5,925.0
TUR__ZMB,TUR,ZMB,0.0,0.0,0,0.0,0.0,0.0,,0.0,,1948,2021,6103.5,287.0
TUR__ZWE,TUR,ZWE,0.0,0.0,0,0.0,0.0,0.0,,0.0,,1948,2021,6518.0,0.0
TUV__TWN,TUV,TWN,0.0,0.0,0,0.0,0.0,0.0,,0.0,,1948,2021,7270.0,6.0
TUV__TZA,TUV,TZA,0.0,0.0,0,1.0,0.0,0.0,,1.0,,1948,2021,15274.0,0.0
TUV__UGA,TUV,UGA,0.0,0.0,0,1.0,0.0,0.0,,1.0,,1948,2021,16224.0,0.0
TUV__URY,TUV,URY,0.0,0.0,0,0.0,0.0,0.0,,0.0,,1948,2021,12483.0,0.0
TUV__USA,TUV,USA,0.0,0.0,0,1.0,0.0,0.0,,0.0,,1948,2021,12040.0,0.0
TUV__UZB,TUV,UZB,0.0,0.0,0,0.0,0.0,0.0,,0.0,,1948,2021,12301.0,0.0
TUV__VCT,TUV,VCT,0.0,0.0,0,1.0,0.0,0.0,,1.0,,1948,2021,13423.0,0.0
TUV__VEN,TUV,VEN,0.0,0.0,0,0.0,0.0,0.0,,0.0,,1948,2021,12790.0,0.0
TUV__VNM,TUV,VNM,0.0,0.0,0,0.0,0.0,0.0,,0.0,,1948,2021,8311.0,0.0
TUV__VUT,TUV,VUT,0.0,0.0,0,1.0,0.0,0.0,,1.0,,1948,2021,1558.0,0.0
TUV__WSM,TUV,WSM,0.0,0.0,0,0.0,0.0,0.0,,0.0,,1948,2021,1148.0,0.0
TUV__YEM,TUV,YEM,0.0,0.0,0,1.0,0.0,0.0,,1.0,,1948,2021,15152.5,139.0
TUV__ZAF,TUV,ZAF,0.0,0.0,0,1.0,0.0,0.0,,0.0,,1948,2021,14979.5,177.0
TUV__ZMB,TUV,ZMB,0.0,0.0,0,1.0,0.0,0.0,,1.0,,1948,2021,15954.5,179.0
TUV__ZWE,TUV,ZWE,0.0,0.0,0,1.0,0.0,0.0,,1.0,,1948,2021,15467.0,0.0
TWN__TZA,TWN,TZA,0.0,0.0,0,0.0,0.0,0.0,,0.0,,1948,2021,9556.5,9.0
TWN__UGA,TWN,UGA,0.0,0.0,0,0.0,0.0,0.0,,0.0,,1948,2021,9892.0,8.0
TWN__URY,TWN,URY,0.0,0.0,0,0.0,0.0,0.0,,0.0,,1948,2021,18895.5,5.0
TWN__USA,TWN,USA,0.0,0.0,0,0.0,0.0,0.0,,0.0,,1948,2021,12552.0,6.0
TWN__UZB,TWN,UZB,0.0,0.0,0,0.0,0.0,0.0,,0.0,,1948,2021,5112.0,0.0
TWN__VCT,TWN,VCT,0.0,0.0,0,0.0,0.0,0.0,,0.0,,1948,2021,15769.0,4.0
TWN__VEN,TWN,VEN,0.0,0.0,0,0.0,0.0,0.0,,0.0,,1948,2021,15972.0,6.0
TWN__VNM,TWN,VNM,0.0,0.0,0,0.0,0.0,0.0,,0.0,,1948,2021,2225.5,9.0
TWN__VUT,TWN,VUT,0.0,0.0,0,0.0,0.0,0.0,,0.0,,1948,2021,6938.0,4.0
TWN__WSM,TWN,WSM,0.0,0.0,0,0.0,0.0,0.0,,0.0,,1948,2021,8418.0,6.0
TWN__YEM,TWN,YEM,0.0,0.0,0,0.0,0.0,0.0,,0.0,,1948,2021,8124.0,156.0
TWN__ZAF,TWN,ZAF,0.0,0.0,0,0.0,0.0,0.0,,0.0,,1948,2021,12096.5,1157.0
TWN__ZMB,TWN,ZMB,0.0,0.0,0,0.0,0.0,0.0,,0.0,,1948,2021,10995.0,108.0
TWN__ZWE,TWN,ZWE,0.0,0.0,0,0.0,0.0,0.0,,0.0,,1948,2021,10879.5,9.0
TZA__UGA,TZA,UGA,1.0,0.0,0,1.0,0.0,1.0,,1.0,,1948,2021,1084.0,0.0
TZA__URY,TZA,URY,0.0,0.0,0,0.0,0.0,0.0,,0.0,,1948,2021,10077.0,0.0
TZA__USA,TZA,USA,0.0,0.0,0,1.0,0.0,1.0,,0.0,,1948,2021,12461.0,0.0
TZA__UZB,TZA,UZB,0.0,0.0,0,0.0,0.0,0.0,,0.0,,1948,2021,6139.0,0.0
TZA__VCT,TZA,VCT,0.0,0.0,0,1.0,0.0,1.0,,1.0,,1948,2021,11321.0,0.0
TZA__VEN,TZA,VEN,0.0,0.0,0,0.0,0.0,0.0,,0.0,,1948,2021,11915.0,0.0
TZA__VNM,TZA,VNM,0.0,0.0,0,0.0,0.0,0.0,,0.0,,1948,2021,7716.0,0.0
TZA__VUT,TZA,VUT,0.0,0.0,0,1.0,0.0,1.0,,1.0,,1948,2021,13807.0,0.0
TZA__WSM,TZA,WSM,0.0,0.0,0,0.0,0.0,1.0,,0.0,,1948,2021,15906.0,0.0
TZA__YEM,TZA,YEM,0.0,0.0,0,1.0,0.0,0.0,,1.0,,1948,2021,2469.0,86.0
TZA__ZAF,TZA,ZAF,0.0,0.0,0,1.0,0.0,1.0,,0.0,,1948,2021,3071.0,1236.0
TZA__ZMB,TZA,ZMB,1.0,0.0,0,1.0,0.0,1.0,,1.0,,1948,2021,1456.5,147.0
TZA__ZWE,TZA,ZWE,0.0,0.0,0,1.0,0.0,1.0,,1.0,,1948,2021,1509.0,0.0
UGA__URY,UGA,URY,0.0,0.0,0,0.0,0.0,0.0,,0.0,,1948,2021,9919.0,0.0
UGA__USA,UGA,USA,0.0,0.0,0,1.0,1.0,1.0,,0.0,,1948,2021,11381.0,0.0
UGA__UZB,UGA,UZB,0.0,0.0,0,0.0,0.0,0.0,,0.0,,1948,2021,5843.0,0.0
UGA__VCT,UGA,VCT,0.0,0.0,0,1.0,1.0,1.0,,1.0,,1948,2021,10423.0,0.0
UGA__VEN,UGA,VEN,0.0,0.0,0,0.0,0.0,0.0,,0.0,,1948,2021,11047.0,0.0
UGA__VNM,UGA,VNM,0.0,0.0,0,0.0,0.0,0.0,,0.0,,1948,2021,8271.0,0.0
UGA__VUT,UGA,VUT,0.0,0.0,0,1.0,1.0,1.0,,1.0,,1948,2021,14820.0,0.0
UGA__WSM,UGA,WSM,0.0,0.0,0,0.0,1.0,1.0,,0.0,,1948,2021,16957.0,0.0
UGA__YEM,UGA,YEM,0.0,0.0,0,1.0,0.0,0.0,,1.0,,1948,2021,2032.5,131.0
UGA__ZAF,UGA,ZAF,0.0,0.0,0,1.0,1.0,1.0,,0.0,,1948,2021,3521.5,1095.0
UGA__ZMB,UGA,ZMB,0.0,0.0,0,1.0,1.0,1.0,,1.0,,1948,2021,1667.0,272.0
UGA__ZWE,UGA,ZWE,0.0,0.0,0,1.0,1.0,1.0,,1.0,,1948,2021,2014.0,0.0
URY__USA,URY,USA,0.0,0.0,0,1.0,1.0,0.0,,0.0,,1948,2021,8563.0,0.0
URY__UZB,URY,UZB,0.0,0.0,0,0.0,0.0,0.0,,0.0,,1948,2021,15255.0,0.0
URY__VCT,URY,VCT,0.0,0.0,0,0.0,0.0,0.0,,0.0,,1948,2021,5338.0,0.0
URY__VEN,URY,VEN,0.0,0.0,0,1.0,1.0,1.0,,0.0,,1948,2021,5142.0,0.0
URY__VNM,URY,VNM,0.0,0.0,0,0.0,0.0,0.0,,0.0,,1948,2021,16827.0,0.0
URY__VUT,URY,VUT,0.0,0.0,0,0.0,0.0,0.0,,0.0,,1948,2021,12535.0,0.0
URY__WSM,URY,WSM,0.0,0.0,0,0.0,0.0,0.0,,0.0,,1948,2021,11357.0,0.0
URY__YEM,URY,YEM,0.0,0.0,0,0.0,0.0,0.0,,0.0,,1948,2021,11834.5,147.0
URY__ZAF,URY,ZAF,0.0,0.0,0,0.0,0.0,0.0,,0.0,,1948,2021,7296.0,1216.0
URY__ZMB,URY,ZMB,0.0,0.0,0,0.0,0.0,0.0,,0.0,,1948,2021,8626.0,150.0
URY__ZWE,URY,ZWE,0.0,0.0,0,0.0,0.0,0.0,,0.0,,1948,2021,8655.0,0.0
USA__UZB,USA,UZB,0.0,0.0,0,0.0,0.0,0.0,,0.0,,1948,2021,10198.0,0.0
USA__VCT,USA,VCT,0.0,0.0,0,1.0,1.0,1.0,,0.0,,1948,2021,3298.0,0.0
USA__VEN,USA,VEN,0.0,0.0,0,1.0,1.0,0.0,,0.0,,1948,2021,3422.0,0.0
USA__VNM,USA,VNM,0.0,0.0,0,1.0,0.0,0.0,,0.0,,1948,2021,14306.0,0.0
USA__VUT,USA,VUT,0.0,0.0,0,1.0,1.0,1.0,,0.0,,1948,2021,13597.0,0.0
USA__WSM,USA,WSM,0.0,0.0,0,0.0,1.0,1.0,,0.0,,1948,2021,11651.0,0.0
USA__YEM,USA,YEM,0.0,0.0,0,1.0,0.0,0.0,,0.0,,1948,2021,11106.5,47.0
USA__ZAF,USA,ZAF,0.0,0.0,0,1.0,1.0,1.0,,0.0,,1948,2021,12692.5,281.0
USA__ZMB,USA,ZMB,0.0,0.0,0,1.0,1.0,1.0,,0.0,,1948,2021,12048.0,186.0
USA__ZWE,USA,ZWE,0.0,0.0,0,1.0,1.0,1.0,,0.0,,1948,2021,12539.0,0.0
UZB__VCT,UZB,VCT,0.0,0.0,0,0.0,0.0,0.0,,0.0,,1948,2021,12130.0,0.0
UZB__VEN,UZB,VEN,0.0,0.0,0,0.0,0.0,0.0,,0.0,,1948,2021,12731.0,0.0
UZB__VNM,UZB,VNM,0.0,0.0,0,0.0,0.0,0.0,,0.0,,1948,2021,4981.0,0.0
UZB__VUT,UZB,VUT,0.0,0.0,0,0.0,0.0,0.0,,0.0,,1948,2021,12040.0,0.0
UZB__WSM,UZB,WSM,0.0,0.0,0,0.0,0.0,0.0,,0.0,,1948,2021,13433.0,0.0
UZB__YEM,UZB,YEM,0.0,0.0,0,0.0,0.0,0.0,,0.0,,1948,2021,3748.0,0.0
UZB__ZAF,UZB,ZAF,0.0,0.0,0,0.0,0.0,0.0,,0.0,,1948,2021,9203.5,1223.0
UZB__ZMB,UZB,ZMB,0.0,0.0,0,0.0,0.0,0.0,,0.0,,1948,2021,7559.0,0.0
UZB__ZWE,UZB,ZWE,0.0,0.0,0,0.0,0.0,0.0,,0.0,,1948,2021,7635.0,0.0
VCT__VEN,VCT,VEN,0.0,0.0,0,0.0,0.0,0.0,,0.0,,1948,2021,683.0,0.0
VCT__VNM,VCT,VNM,0.0,0.0,0,0.0,0.0,0.0,,0.0,,1948,2021,17047.0,0.0
VCT__VUT,VCT,VUT,0.0,0.0,0,1.0,1.0,1.0,,1.0,,1948,2021,14707.0,0.0
VCT__WSM,VCT,WSM,0.0,0.0,0,0.0,1.0,1.0,,0.0,,1948,2021,12544.0,0.0
VCT__YEM,VCT,YEM,0.0,0.0,0,1.0,0.0,0.0,,1.0,,1948,2021,11181.5,111.0
VCT__ZAF,VCT,ZAF,0.0,0.0,0,1.0,1.0,1.0,,0.0,,1948,2021,10234.5,691.0
VCT__ZMB,VCT,ZMB,0.0,0.0,0,1.0,1.0,1.0,,1.0,,1948,2021,10311.0,72.0
VCT__ZWE,VCT,ZWE,0.0,0.0,0,1.0,1.0,1.0,,1.0,,1948,2021,10693.0,0.0
VEN__VNM,VEN,VNM,0.0,0.0,0,0.0,0.0,0.0,,0.0,,1948,2021,17552.0,0.0
VEN__VUT,VEN,VUT,0.0,0.0,0,0.0,0.0,0.0,,0.0,,1948,2021,14040.0,0.0
VEN__WSM,VEN,WSM,0.0,0.0,0,0.0,0.0,0.0,,0.0,,1948,2021,11884.0,0.0
VEN__YEM,VEN,YEM,0.0,0.0,0,0.0,0.0,0.0,,0.0,,1948,2021,11860.0,112.0
VEN__ZAF,VEN,ZAF,0.0,0.0,0,0.0,0.0,0.0,,0.0,,1948,2021,10619.5,781.0
VEN__ZMB,VEN,ZMB,0.0,0.0,0,0.0,0.0,0.0,,0.0,,1948,2021,10842.5,53.0
VEN__ZWE,VEN,ZWE,0.0,0.0,0,0.0,0.0,0.0,,0.0,,1948,2021,11200.0,0.0
VNM__VUT,VNM,VUT,0.0,0.0,0,1.0,0.0,0.0,,1.0,,1948,2021,7473.0,0.0
VNM__WSM,VNM,WSM,0.0,0.0,0,0.0,0.0,0.0,,0.0,,1948,2021,9405.0,0.0
VNM__YEM,VNM,YEM,0.0,0.0,0,0.0,0.0,0.0,,0.0,,1948,2021,6841.5,139.0
VNM__ZAF,VNM,ZAF,0.0,0.0,0,0.0,0.0,0.0,,0.0,,1948,2021,9968.0,1088.0
VNM__ZMB,VNM,ZMB,0.0,0.0,0,0.0,0.0,0.0,,0.0,,1948,2021,9082.0,58.0
VNM__ZWE,VNM,ZWE,0.0,0.0,0,0.0,0.0,0.0,,0.0,,1948,2021,8888.0,0.0
VUT__WSM,VUT,WSM,0.0,0.0,0,0.0,1.0,1.0,,0.0,,1948,2021,2175.0,0.0
VUT__YEM,VUT,YEM,0.0,0.0,0,1.0,0.0,0.0,,1.0,,1948,2021,14144.5,121.0
VUT__ZAF,VUT,ZAF,0.0,0.0,0,1.0,1.0,1.0,,0.0,,1948,2021,13496.5,67.0
VUT__ZMB,VUT,ZMB,0.0,0.0,0,1.0,1.0,1.0,,1.0,,1948,2021,14399.5,183.0
VUT__ZWE,VUT,ZWE,0.0,0.0,0,1.0,1.0,1.0,,1.0,,1948,2021,13910.0,0.0
WSM__YEM,WSM,YEM,0.0,0.0,0,0.0,0.0,0.0,,0.0,,1948,2021,16226.0,132.0
WSM__ZAF,WSM,ZAF,0.0,0.0,0,0.0,1.0,1.0,,0.0,,1948,2021,14849.0,478.0
WSM__ZMB,WSM,ZMB,0.0,0.0,0,0.0,1.0,1.0,,0.0,,1948,2021,16217.5,237.0
WSM__ZWE,WSM,ZWE,0.0,0.0,0,0.0,1.0,1.0,,0.0,,1948,2021,15709.0,0.0
YEM__ZAF,YEM,ZAF,0.0,0.0,0,1.0,0.0,0.0,,0.0,,1948,2021,5458.0,1286.0
YEM__ZMB,YEM,ZMB,0.0,0.0,0,1.0,0.0,0.0,,1.0,,1948,2021,3643.5,367.0
YEM__ZWE,YEM,ZWE,0.0,0.0,0,1.0,0.0,0.0,,1.0,,1948,2021,3891.0,106.0
ZAF__ZMB,ZAF,ZMB,0.0,0.0,0,1.0,1.0,1.0,,0.0,,1948,2021,1736.0,1082.0
ZAF__ZWE,ZAF,ZWE,1.0,0.0,0,1.0,1.0,1.0,,0.0,,1948,2021,1580.5,1205.0
ZMB__ZWE,ZMB,ZWE,1.0,0.0,0,1.0,1.0,1.0,,1.0,,1948,2021,516.5,235.0
