cell_rank,priority_band,scientific_name,module_id,module_name,matrix_segment,pool_role,tested_negative_priority,current_state,required_search,completion_rule
1,1,Acris crepitans,A,generative_cognition,tier1_new50,data_rich_underrepresented_clade_calibration,very_high,not_systematically_coded,positive + explicit tested-negative + not-tested documentation,exact-species evidence state + context + source provenance; silence is missingness
2,1,Acris crepitans,B,social_transmission,tier1_new50,data_rich_underrepresented_clade_calibration,very_high,not_systematically_coded,positive + explicit tested-negative + not-tested documentation,exact-species evidence state + context + source provenance; silence is missingness
3,1,Acris crepitans,C,communication,tier1_new50,data_rich_underrepresented_clade_calibration,very_high,not_systematically_coded,positive + explicit tested-negative + not-tested documentation,exact-species evidence state + context + source provenance; silence is missingness
4,1,Acris crepitans,D,manipulation_embodiment,tier1_new50,data_rich_underrepresented_clade_calibration,very_high,not_systematically_coded,positive + explicit tested-negative + not-tested documentation,exact-species evidence state + context + source provenance; silence is missingness
5,1,Acris crepitans,E,externalization,tier1_new50,data_rich_underrepresented_clade_calibration,very_high,not_systematically_coded,positive + explicit tested-negative + not-tested documentation,exact-species evidence state + context + source provenance; silence is missingness
6,1,Acris crepitans,F,social_architecture,tier1_new50,data_rich_underrepresented_clade_calibration,very_high,not_systematically_coded,positive + explicit tested-negative + not-tested documentation,exact-species evidence state + context + source provenance; silence is missingness
7,1,Birgus latro,A,generative_cognition,tier1_new50,data_rich_underrepresented_clade_calibration,very_high,not_systematically_coded,positive + explicit tested-negative + not-tested documentation,exact-species evidence state + context + source provenance; silence is missingness
8,1,Birgus latro,B,social_transmission,tier1_new50,data_rich_underrepresented_clade_calibration,very_high,not_systematically_coded,positive + explicit tested-negative + not-tested documentation,exact-species evidence state + context + source provenance; silence is missingness
9,1,Birgus latro,C,communication,tier1_new50,data_rich_underrepresented_clade_calibration,very_high,not_systematically_coded,positive + explicit tested-negative + not-tested documentation,exact-species evidence state + context + source provenance; silence is missingness
10,1,Birgus latro,D,manipulation_embodiment,tier1_new50,data_rich_underrepresented_clade_calibration,very_high,not_systematically_coded,positive + explicit tested-negative + not-tested documentation,exact-species evidence state + context + source provenance; silence is missingness
11,1,Birgus latro,E,externalization,tier1_new50,data_rich_underrepresented_clade_calibration,very_high,not_systematically_coded,positive + explicit tested-negative + not-tested documentation,exact-species evidence state + context + source provenance; silence is missingness
12,1,Birgus latro,F,social_architecture,tier1_new50,data_rich_underrepresented_clade_calibration,very_high,not_systematically_coded,positive + explicit tested-negative + not-tested documentation,exact-species evidence state + context + source provenance; silence is missingness
13,1,Camponotus sericeiventris,A,generative_cognition,tier1_new50,data_rich_underrepresented_clade_calibration,very_high,not_systematically_coded,positive + explicit tested-negative + not-tested documentation,exact-species evidence state + context + source provenance; silence is missingness
14,1,Camponotus sericeiventris,B,social_transmission,tier1_new50,data_rich_underrepresented_clade_calibration,very_high,not_systematically_coded,positive + explicit tested-negative + not-tested documentation,exact-species evidence state + context + source provenance; silence is missingness
15,1,Camponotus sericeiventris,C,communication,tier1_new50,data_rich_underrepresented_clade_calibration,very_high,not_systematically_coded,positive + explicit tested-negative + not-tested documentation,exact-species evidence state + context + source provenance; silence is missingness
16,1,Camponotus sericeiventris,D,manipulation_embodiment,tier1_new50,data_rich_underrepresented_clade_calibration,very_high,not_systematically_coded,positive + explicit tested-negative + not-tested documentation,exact-species evidence state + context + source provenance; silence is missingness
17,1,Camponotus sericeiventris,E,externalization,tier1_new50,data_rich_underrepresented_clade_calibration,very_high,not_systematically_coded,positive + explicit tested-negative + not-tested documentation,exact-species evidence state + context + source provenance; silence is missingness
18,1,Camponotus sericeiventris,F,social_architecture,tier1_new50,data_rich_underrepresented_clade_calibration,very_high,not_systematically_coded,positive + explicit tested-negative + not-tested documentation,exact-species evidence state + context + source provenance; silence is missingness
19,1,Chelydra serpentina,A,generative_cognition,tier1_new50,data_rich_underrepresented_clade_calibration,very_high,not_systematically_coded,positive + explicit tested-negative + not-tested documentation,exact-species evidence state + context + source provenance; silence is missingness
20,1,Chelydra serpentina,B,social_transmission,tier1_new50,data_rich_underrepresented_clade_calibration,very_high,not_systematically_coded,positive + explicit tested-negative + not-tested documentation,exact-species evidence state + context + source provenance; silence is missingness
21,1,Chelydra serpentina,C,communication,tier1_new50,data_rich_underrepresented_clade_calibration,very_high,not_systematically_coded,positive + explicit tested-negative + not-tested documentation,exact-species evidence state + context + source provenance; silence is missingness
22,1,Chelydra serpentina,D,manipulation_embodiment,tier1_new50,data_rich_underrepresented_clade_calibration,very_high,not_systematically_coded,positive + explicit tested-negative + not-tested documentation,exact-species evidence state + context + source provenance; silence is missingness
23,1,Chelydra serpentina,E,externalization,tier1_new50,data_rich_underrepresented_clade_calibration,very_high,not_systematically_coded,positive + explicit tested-negative + not-tested documentation,exact-species evidence state + context + source provenance; silence is missingness
24,1,Chelydra serpentina,F,social_architecture,tier1_new50,data_rich_underrepresented_clade_calibration,very_high,not_systematically_coded,positive + explicit tested-negative + not-tested documentation,exact-species evidence state + context + source provenance; silence is missingness
25,1,Ctenophorus nuchalis,A,generative_cognition,tier1_new50,data_rich_underrepresented_clade_calibration,very_high,not_systematically_coded,positive + explicit tested-negative + not-tested documentation,exact-species evidence state + context + source provenance; silence is missingness
26,1,Ctenophorus nuchalis,B,social_transmission,tier1_new50,data_rich_underrepresented_clade_calibration,very_high,not_systematically_coded,positive + explicit tested-negative + not-tested documentation,exact-species evidence state + context + source provenance; silence is missingness
27,1,Ctenophorus nuchalis,C,communication,tier1_new50,data_rich_underrepresented_clade_calibration,very_high,not_systematically_coded,positive + explicit tested-negative + not-tested documentation,exact-species evidence state + context + source provenance; silence is missingness
28,1,Ctenophorus nuchalis,D,manipulation_embodiment,tier1_new50,data_rich_underrepresented_clade_calibration,very_high,not_systematically_coded,positive + explicit tested-negative + not-tested documentation,exact-species evidence state + context + source provenance; silence is missingness
29,1,Ctenophorus nuchalis,E,externalization,tier1_new50,data_rich_underrepresented_clade_calibration,very_high,not_systematically_coded,positive + explicit tested-negative + not-tested documentation,exact-species evidence state + context + source provenance; silence is missingness
30,1,Ctenophorus nuchalis,F,social_architecture,tier1_new50,data_rich_underrepresented_clade_calibration,very_high,not_systematically_coded,positive + explicit tested-negative + not-tested documentation,exact-species evidence state + context + source provenance; silence is missingness
31,1,Hyla versicolor,A,generative_cognition,tier1_new50,data_rich_underrepresented_clade_calibration,very_high,not_systematically_coded,positive + explicit tested-negative + not-tested documentation,exact-species evidence state + context + source provenance; silence is missingness
32,1,Hyla versicolor,B,social_transmission,tier1_new50,data_rich_underrepresented_clade_calibration,very_high,not_systematically_coded,positive + explicit tested-negative + not-tested documentation,exact-species evidence state + context + source provenance; silence is missingness
33,1,Hyla versicolor,C,communication,tier1_new50,data_rich_underrepresented_clade_calibration,very_high,not_systematically_coded,positive + explicit tested-negative + not-tested documentation,exact-species evidence state + context + source provenance; silence is missingness
34,1,Hyla versicolor,D,manipulation_embodiment,tier1_new50,data_rich_underrepresented_clade_calibration,very_high,not_systematically_coded,positive + explicit tested-negative + not-tested documentation,exact-species evidence state + context + source provenance; silence is missingness
35,1,Hyla versicolor,E,externalization,tier1_new50,data_rich_underrepresented_clade_calibration,very_high,not_systematically_coded,positive + explicit tested-negative + not-tested documentation,exact-species evidence state + context + source provenance; silence is missingness
36,1,Hyla versicolor,F,social_architecture,tier1_new50,data_rich_underrepresented_clade_calibration,very_high,not_systematically_coded,positive + explicit tested-negative + not-tested documentation,exact-species evidence state + context + source provenance; silence is missingness
37,1,Metazygia rogenhoferi,A,generative_cognition,tier1_new50,data_rich_underrepresented_clade_calibration,very_high,not_systematically_coded,positive + explicit tested-negative + not-tested documentation,exact-species evidence state + context + source provenance; silence is missingness
38,1,Metazygia rogenhoferi,B,social_transmission,tier1_new50,data_rich_underrepresented_clade_calibration,very_high,not_systematically_coded,positive + explicit tested-negative + not-tested documentation,exact-species evidence state + context + source provenance; silence is missingness
39,1,Metazygia rogenhoferi,C,communication,tier1_new50,data_rich_underrepresented_clade_calibration,very_high,not_systematically_coded,positive + explicit tested-negative + not-tested documentation,exact-species evidence state + context + source provenance; silence is missingness
40,1,Metazygia rogenhoferi,D,manipulation_embodiment,tier1_new50,data_rich_underrepresented_clade_calibration,very_high,not_systematically_coded,positive + explicit tested-negative + not-tested documentation,exact-species evidence state + context + source provenance; silence is missingness
41,1,Metazygia rogenhoferi,E,externalization,tier1_new50,data_rich_underrepresented_clade_calibration,very_high,not_systematically_coded,positive + explicit tested-negative + not-tested documentation,exact-species evidence state + context + source provenance; silence is missingness
42,1,Metazygia rogenhoferi,F,social_architecture,tier1_new50,data_rich_underrepresented_clade_calibration,very_high,not_systematically_coded,positive + explicit tested-negative + not-tested documentation,exact-species evidence state + context + source provenance; silence is missingness
43,1,Natrix natrix,A,generative_cognition,tier1_new50,data_rich_underrepresented_clade_calibration,very_high,not_systematically_coded,positive + explicit tested-negative + not-tested documentation,exact-species evidence state + context + source provenance; silence is missingness
44,1,Natrix natrix,B,social_transmission,tier1_new50,data_rich_underrepresented_clade_calibration,very_high,not_systematically_coded,positive + explicit tested-negative + not-tested documentation,exact-species evidence state + context + source provenance; silence is missingness
45,1,Natrix natrix,C,communication,tier1_new50,data_rich_underrepresented_clade_calibration,very_high,not_systematically_coded,positive + explicit tested-negative + not-tested documentation,exact-species evidence state + context + source provenance; silence is missingness
46,1,Natrix natrix,D,manipulation_embodiment,tier1_new50,data_rich_underrepresented_clade_calibration,very_high,not_systematically_coded,positive + explicit tested-negative + not-tested documentation,exact-species evidence state + context + source provenance; silence is missingness
47,1,Natrix natrix,E,externalization,tier1_new50,data_rich_underrepresented_clade_calibration,very_high,not_systematically_coded,positive + explicit tested-negative + not-tested documentation,exact-species evidence state + context + source provenance; silence is missingness
48,1,Natrix natrix,F,social_architecture,tier1_new50,data_rich_underrepresented_clade_calibration,very_high,not_systematically_coded,positive + explicit tested-negative + not-tested documentation,exact-species evidence state + context + source provenance; silence is missingness
49,1,Nephila clavipes,A,generative_cognition,tier1_new50,data_rich_underrepresented_clade_calibration,very_high,not_systematically_coded,positive + explicit tested-negative + not-tested documentation,exact-species evidence state + context + source provenance; silence is missingness
50,1,Nephila clavipes,B,social_transmission,tier1_new50,data_rich_underrepresented_clade_calibration,very_high,not_systematically_coded,positive + explicit tested-negative + not-tested documentation,exact-species evidence state + context + source provenance; silence is missingness
51,1,Nephila clavipes,C,communication,tier1_new50,data_rich_underrepresented_clade_calibration,very_high,not_systematically_coded,positive + explicit tested-negative + not-tested documentation,exact-species evidence state + context + source provenance; silence is missingness
52,1,Nephila clavipes,D,manipulation_embodiment,tier1_new50,data_rich_underrepresented_clade_calibration,very_high,not_systematically_coded,positive + explicit tested-negative + not-tested documentation,exact-species evidence state + context + source provenance; silence is missingness
53,1,Nephila clavipes,E,externalization,tier1_new50,data_rich_underrepresented_clade_calibration,very_high,not_systematically_coded,positive + explicit tested-negative + not-tested documentation,exact-species evidence state + context + source provenance; silence is missingness
54,1,Nephila clavipes,F,social_architecture,tier1_new50,data_rich_underrepresented_clade_calibration,very_high,not_systematically_coded,positive + explicit tested-negative + not-tested documentation,exact-species evidence state + context + source provenance; silence is missingness
55,1,Paraponera clavata,A,generative_cognition,tier1_new50,data_rich_underrepresented_clade_calibration,very_high,not_systematically_coded,positive + explicit tested-negative + not-tested documentation,exact-species evidence state + context + source provenance; silence is missingness
56,1,Paraponera clavata,B,social_transmission,tier1_new50,data_rich_underrepresented_clade_calibration,very_high,not_systematically_coded,positive + explicit tested-negative + not-tested documentation,exact-species evidence state + context + source provenance; silence is missingness
57,1,Paraponera clavata,C,communication,tier1_new50,data_rich_underrepresented_clade_calibration,very_high,not_systematically_coded,positive + explicit tested-negative + not-tested documentation,exact-species evidence state + context + source provenance; silence is missingness
58,1,Paraponera clavata,D,manipulation_embodiment,tier1_new50,data_rich_underrepresented_clade_calibration,very_high,not_systematically_coded,positive + explicit tested-negative + not-tested documentation,exact-species evidence state + context + source provenance; silence is missingness
59,1,Paraponera clavata,E,externalization,tier1_new50,data_rich_underrepresented_clade_calibration,very_high,not_systematically_coded,positive + explicit tested-negative + not-tested documentation,exact-species evidence state + context + source provenance; silence is missingness
60,1,Paraponera clavata,F,social_architecture,tier1_new50,data_rich_underrepresented_clade_calibration,very_high,not_systematically_coded,positive + explicit tested-negative + not-tested documentation,exact-species evidence state + context + source provenance; silence is missingness
61,1,Periplaneta americana,A,generative_cognition,tier1_new50,data_rich_underrepresented_clade_calibration,very_high,not_systematically_coded,positive + explicit tested-negative + not-tested documentation,exact-species evidence state + context + source provenance; silence is missingness
62,1,Periplaneta americana,B,social_transmission,tier1_new50,data_rich_underrepresented_clade_calibration,very_high,not_systematically_coded,positive + explicit tested-negative + not-tested documentation,exact-species evidence state + context + source provenance; silence is missingness
63,1,Periplaneta americana,C,communication,tier1_new50,data_rich_underrepresented_clade_calibration,very_high,not_systematically_coded,positive + explicit tested-negative + not-tested documentation,exact-species evidence state + context + source provenance; silence is missingness
64,1,Periplaneta americana,D,manipulation_embodiment,tier1_new50,data_rich_underrepresented_clade_calibration,very_high,not_systematically_coded,positive + explicit tested-negative + not-tested documentation,exact-species evidence state + context + source provenance; silence is missingness
65,1,Periplaneta americana,E,externalization,tier1_new50,data_rich_underrepresented_clade_calibration,very_high,not_systematically_coded,positive + explicit tested-negative + not-tested documentation,exact-species evidence state + context + source provenance; silence is missingness
66,1,Periplaneta americana,F,social_architecture,tier1_new50,data_rich_underrepresented_clade_calibration,very_high,not_systematically_coded,positive + explicit tested-negative + not-tested documentation,exact-species evidence state + context + source provenance; silence is missingness
67,1,Platymantis vitiensis,A,generative_cognition,tier1_new50,data_rich_underrepresented_clade_calibration,very_high,not_systematically_coded,positive + explicit tested-negative + not-tested documentation,exact-species evidence state + context + source provenance; silence is missingness
68,1,Platymantis vitiensis,B,social_transmission,tier1_new50,data_rich_underrepresented_clade_calibration,very_high,not_systematically_coded,positive + explicit tested-negative + not-tested documentation,exact-species evidence state + context + source provenance; silence is missingness
69,1,Platymantis vitiensis,C,communication,tier1_new50,data_rich_underrepresented_clade_calibration,very_high,not_systematically_coded,positive + explicit tested-negative + not-tested documentation,exact-species evidence state + context + source provenance; silence is missingness
70,1,Platymantis vitiensis,D,manipulation_embodiment,tier1_new50,data_rich_underrepresented_clade_calibration,very_high,not_systematically_coded,positive + explicit tested-negative + not-tested documentation,exact-species evidence state + context + source provenance; silence is missingness
71,1,Platymantis vitiensis,E,externalization,tier1_new50,data_rich_underrepresented_clade_calibration,very_high,not_systematically_coded,positive + explicit tested-negative + not-tested documentation,exact-species evidence state + context + source provenance; silence is missingness
72,1,Platymantis vitiensis,F,social_architecture,tier1_new50,data_rich_underrepresented_clade_calibration,very_high,not_systematically_coded,positive + explicit tested-negative + not-tested documentation,exact-species evidence state + context + source provenance; silence is missingness
73,1,Porcellio laevis,A,generative_cognition,tier1_new50,data_rich_underrepresented_clade_calibration,very_high,not_systematically_coded,positive + explicit tested-negative + not-tested documentation,exact-species evidence state + context + source provenance; silence is missingness
74,1,Porcellio laevis,B,social_transmission,tier1_new50,data_rich_underrepresented_clade_calibration,very_high,not_systematically_coded,positive + explicit tested-negative + not-tested documentation,exact-species evidence state + context + source provenance; silence is missingness
75,1,Porcellio laevis,C,communication,tier1_new50,data_rich_underrepresented_clade_calibration,very_high,not_systematically_coded,positive + explicit tested-negative + not-tested documentation,exact-species evidence state + context + source provenance; silence is missingness
76,1,Porcellio laevis,D,manipulation_embodiment,tier1_new50,data_rich_underrepresented_clade_calibration,very_high,not_systematically_coded,positive + explicit tested-negative + not-tested documentation,exact-species evidence state + context + source provenance; silence is missingness
77,1,Porcellio laevis,E,externalization,tier1_new50,data_rich_underrepresented_clade_calibration,very_high,not_systematically_coded,positive + explicit tested-negative + not-tested documentation,exact-species evidence state + context + source provenance; silence is missingness
78,1,Porcellio laevis,F,social_architecture,tier1_new50,data_rich_underrepresented_clade_calibration,very_high,not_systematically_coded,positive + explicit tested-negative + not-tested documentation,exact-species evidence state + context + source provenance; silence is missingness
79,1,Trichoniscus pusillus,A,generative_cognition,tier1_new50,data_rich_underrepresented_clade_calibration,very_high,not_systematically_coded,positive + explicit tested-negative + not-tested documentation,exact-species evidence state + context + source provenance; silence is missingness
80,1,Trichoniscus pusillus,B,social_transmission,tier1_new50,data_rich_underrepresented_clade_calibration,very_high,not_systematically_coded,positive + explicit tested-negative + not-tested documentation,exact-species evidence state + context + source provenance; silence is missingness
81,1,Trichoniscus pusillus,C,communication,tier1_new50,data_rich_underrepresented_clade_calibration,very_high,not_systematically_coded,positive + explicit tested-negative + not-tested documentation,exact-species evidence state + context + source provenance; silence is missingness
82,1,Trichoniscus pusillus,D,manipulation_embodiment,tier1_new50,data_rich_underrepresented_clade_calibration,very_high,not_systematically_coded,positive + explicit tested-negative + not-tested documentation,exact-species evidence state + context + source provenance; silence is missingness
83,1,Trichoniscus pusillus,E,externalization,tier1_new50,data_rich_underrepresented_clade_calibration,very_high,not_systematically_coded,positive + explicit tested-negative + not-tested documentation,exact-species evidence state + context + source provenance; silence is missingness
84,1,Trichoniscus pusillus,F,social_architecture,tier1_new50,data_rich_underrepresented_clade_calibration,very_high,not_systematically_coded,positive + explicit tested-negative + not-tested documentation,exact-species evidence state + context + source provenance; silence is missingness
85,1,Zosis geniculata,A,generative_cognition,tier1_new50,data_rich_underrepresented_clade_calibration,very_high,not_systematically_coded,positive + explicit tested-negative + not-tested documentation,exact-species evidence state + context + source provenance; silence is missingness
86,1,Zosis geniculata,B,social_transmission,tier1_new50,data_rich_underrepresented_clade_calibration,very_high,not_systematically_coded,positive + explicit tested-negative + not-tested documentation,exact-species evidence state + context + source provenance; silence is missingness
87,1,Zosis geniculata,C,communication,tier1_new50,data_rich_underrepresented_clade_calibration,very_high,not_systematically_coded,positive + explicit tested-negative + not-tested documentation,exact-species evidence state + context + source provenance; silence is missingness
88,1,Zosis geniculata,D,manipulation_embodiment,tier1_new50,data_rich_underrepresented_clade_calibration,very_high,not_systematically_coded,positive + explicit tested-negative + not-tested documentation,exact-species evidence state + context + source provenance; silence is missingness
89,1,Zosis geniculata,E,externalization,tier1_new50,data_rich_underrepresented_clade_calibration,very_high,not_systematically_coded,positive + explicit tested-negative + not-tested documentation,exact-species evidence state + context + source provenance; silence is missingness
90,1,Zosis geniculata,F,social_architecture,tier1_new50,data_rich_underrepresented_clade_calibration,very_high,not_systematically_coded,positive + explicit tested-negative + not-tested documentation,exact-species evidence state + context + source provenance; silence is missingness
91,1,Eubalaena glacialis,A,generative_cognition,tier1_new50,database_unrepresented_family_mass_calibration,very_high,not_systematically_coded,positive + explicit tested-negative + not-tested documentation,exact-species evidence state + context + source provenance; silence is missingness
92,1,Eubalaena glacialis,B,social_transmission,tier1_new50,database_unrepresented_family_mass_calibration,very_high,not_systematically_coded,positive + explicit tested-negative + not-tested documentation,exact-species evidence state + context + source provenance; silence is missingness
93,1,Eubalaena glacialis,C,communication,tier1_new50,database_unrepresented_family_mass_calibration,very_high,not_systematically_coded,positive + explicit tested-negative + not-tested documentation,exact-species evidence state + context + source provenance; silence is missingness
94,1,Eubalaena glacialis,D,manipulation_embodiment,tier1_new50,database_unrepresented_family_mass_calibration,very_high,not_systematically_coded,positive + explicit tested-negative + not-tested documentation,exact-species evidence state + context + source provenance; silence is missingness
95,1,Eubalaena glacialis,E,externalization,tier1_new50,database_unrepresented_family_mass_calibration,very_high,not_systematically_coded,positive + explicit tested-negative + not-tested documentation,exact-species evidence state + context + source provenance; silence is missingness
96,1,Eubalaena glacialis,F,social_architecture,tier1_new50,database_unrepresented_family_mass_calibration,very_high,not_systematically_coded,positive + explicit tested-negative + not-tested documentation,exact-species evidence state + context + source provenance; silence is missingness
97,1,Dasyurus maculatus,A,generative_cognition,tier1_new50,database_unrepresented_family_mass_calibration,very_high,not_systematically_coded,positive + explicit tested-negative + not-tested documentation,exact-species evidence state + context + source provenance; silence is missingness
98,1,Dasyurus maculatus,B,social_transmission,tier1_new50,database_unrepresented_family_mass_calibration,very_high,not_systematically_coded,positive + explicit tested-negative + not-tested documentation,exact-species evidence state + context + source provenance; silence is missingness
99,1,Dasyurus maculatus,C,communication,tier1_new50,database_unrepresented_family_mass_calibration,very_high,not_systematically_coded,positive + explicit tested-negative + not-tested documentation,exact-species evidence state + context + source provenance; silence is missingness
100,1,Dasyurus maculatus,D,manipulation_embodiment,tier1_new50,database_unrepresented_family_mass_calibration,very_high,not_systematically_coded,positive + explicit tested-negative + not-tested documentation,exact-species evidence state + context + source provenance; silence is missingness
101,1,Dasyurus maculatus,E,externalization,tier1_new50,database_unrepresented_family_mass_calibration,very_high,not_systematically_coded,positive + explicit tested-negative + not-tested documentation,exact-species evidence state + context + source provenance; silence is missingness
102,1,Dasyurus maculatus,F,social_architecture,tier1_new50,database_unrepresented_family_mass_calibration,very_high,not_systematically_coded,positive + explicit tested-negative + not-tested documentation,exact-species evidence state + context + source provenance; silence is missingness
103,1,Macropus antilopinus,A,generative_cognition,tier1_new50,database_unrepresented_family_mass_calibration,very_high,not_systematically_coded,positive + explicit tested-negative + not-tested documentation,exact-species evidence state + context + source provenance; silence is missingness
104,1,Macropus antilopinus,B,social_transmission,tier1_new50,database_unrepresented_family_mass_calibration,very_high,not_systematically_coded,positive + explicit tested-negative + not-tested documentation,exact-species evidence state + context + source provenance; silence is missingness
105,1,Macropus antilopinus,C,communication,tier1_new50,database_unrepresented_family_mass_calibration,very_high,not_systematically_coded,positive + explicit tested-negative + not-tested documentation,exact-species evidence state + context + source provenance; silence is missingness
106,1,Macropus antilopinus,D,manipulation_embodiment,tier1_new50,database_unrepresented_family_mass_calibration,very_high,not_systematically_coded,positive + explicit tested-negative + not-tested documentation,exact-species evidence state + context + source provenance; silence is missingness
107,1,Macropus antilopinus,E,externalization,tier1_new50,database_unrepresented_family_mass_calibration,very_high,not_systematically_coded,positive + explicit tested-negative + not-tested documentation,exact-species evidence state + context + source provenance; silence is missingness
108,1,Macropus antilopinus,F,social_architecture,tier1_new50,database_unrepresented_family_mass_calibration,very_high,not_systematically_coded,positive + explicit tested-negative + not-tested documentation,exact-species evidence state + context + source provenance; silence is missingness
109,1,Tragelaphus eurycerus,A,generative_cognition,tier1_new50,database_unrepresented_family_mass_calibration,very_high,not_systematically_coded,positive + explicit tested-negative + not-tested documentation,exact-species evidence state + context + source provenance; silence is missingness
110,1,Tragelaphus eurycerus,B,social_transmission,tier1_new50,database_unrepresented_family_mass_calibration,very_high,not_systematically_coded,positive + explicit tested-negative + not-tested documentation,exact-species evidence state + context + source provenance; silence is missingness
111,1,Tragelaphus eurycerus,C,communication,tier1_new50,database_unrepresented_family_mass_calibration,very_high,not_systematically_coded,positive + explicit tested-negative + not-tested documentation,exact-species evidence state + context + source provenance; silence is missingness
112,1,Tragelaphus eurycerus,D,manipulation_embodiment,tier1_new50,database_unrepresented_family_mass_calibration,very_high,not_systematically_coded,positive + explicit tested-negative + not-tested documentation,exact-species evidence state + context + source provenance; silence is missingness
113,1,Tragelaphus eurycerus,E,externalization,tier1_new50,database_unrepresented_family_mass_calibration,very_high,not_systematically_coded,positive + explicit tested-negative + not-tested documentation,exact-species evidence state + context + source provenance; silence is missingness
114,1,Tragelaphus eurycerus,F,social_architecture,tier1_new50,database_unrepresented_family_mass_calibration,very_high,not_systematically_coded,positive + explicit tested-negative + not-tested documentation,exact-species evidence state + context + source provenance; silence is missingness
115,1,Panthera tigris,A,generative_cognition,tier1_new50,database_unrepresented_family_mass_calibration,very_high,not_systematically_coded,positive + explicit tested-negative + not-tested documentation,exact-species evidence state + context + source provenance; silence is missingness
116,1,Panthera tigris,B,social_transmission,tier1_new50,database_unrepresented_family_mass_calibration,very_high,not_systematically_coded,positive + explicit tested-negative + not-tested documentation,exact-species evidence state + context + source provenance; silence is missingness
117,1,Panthera tigris,C,communication,tier1_new50,database_unrepresented_family_mass_calibration,very_high,not_systematically_coded,positive + explicit tested-negative + not-tested documentation,exact-species evidence state + context + source provenance; silence is missingness
118,1,Panthera tigris,D,manipulation_embodiment,tier1_new50,database_unrepresented_family_mass_calibration,very_high,not_systematically_coded,positive + explicit tested-negative + not-tested documentation,exact-species evidence state + context + source provenance; silence is missingness
119,1,Panthera tigris,E,externalization,tier1_new50,database_unrepresented_family_mass_calibration,very_high,not_systematically_coded,positive + explicit tested-negative + not-tested documentation,exact-species evidence state + context + source provenance; silence is missingness
120,1,Panthera tigris,F,social_architecture,tier1_new50,database_unrepresented_family_mass_calibration,very_high,not_systematically_coded,positive + explicit tested-negative + not-tested documentation,exact-species evidence state + context + source provenance; silence is missingness
121,1,Melursus ursinus,A,generative_cognition,tier1_new50,database_unrepresented_family_mass_calibration,very_high,not_systematically_coded,positive + explicit tested-negative + not-tested documentation,exact-species evidence state + context + source provenance; silence is missingness
122,1,Melursus ursinus,B,social_transmission,tier1_new50,database_unrepresented_family_mass_calibration,very_high,not_systematically_coded,positive + explicit tested-negative + not-tested documentation,exact-species evidence state + context + source provenance; silence is missingness
123,1,Melursus ursinus,C,communication,tier1_new50,database_unrepresented_family_mass_calibration,very_high,not_systematically_coded,positive + explicit tested-negative + not-tested documentation,exact-species evidence state + context + source provenance; silence is missingness
124,1,Melursus ursinus,D,manipulation_embodiment,tier1_new50,database_unrepresented_family_mass_calibration,very_high,not_systematically_coded,positive + explicit tested-negative + not-tested documentation,exact-species evidence state + context + source provenance; silence is missingness
125,1,Melursus ursinus,E,externalization,tier1_new50,database_unrepresented_family_mass_calibration,very_high,not_systematically_coded,positive + explicit tested-negative + not-tested documentation,exact-species evidence state + context + source provenance; silence is missingness
126,1,Melursus ursinus,F,social_architecture,tier1_new50,database_unrepresented_family_mass_calibration,very_high,not_systematically_coded,positive + explicit tested-negative + not-tested documentation,exact-species evidence state + context + source provenance; silence is missingness
127,1,Galerella sanguinea,A,generative_cognition,tier1_new50,database_unrepresented_family_mass_calibration,very_high,not_systematically_coded,positive + explicit tested-negative + not-tested documentation,exact-species evidence state + context + source provenance; silence is missingness
128,1,Galerella sanguinea,B,social_transmission,tier1_new50,database_unrepresented_family_mass_calibration,very_high,not_systematically_coded,positive + explicit tested-negative + not-tested documentation,exact-species evidence state + context + source provenance; silence is missingness
129,1,Galerella sanguinea,C,communication,tier1_new50,database_unrepresented_family_mass_calibration,very_high,not_systematically_coded,positive + explicit tested-negative + not-tested documentation,exact-species evidence state + context + source provenance; silence is missingness
130,1,Galerella sanguinea,D,manipulation_embodiment,tier1_new50,database_unrepresented_family_mass_calibration,very_high,not_systematically_coded,positive + explicit tested-negative + not-tested documentation,exact-species evidence state + context + source provenance; silence is missingness
131,1,Galerella sanguinea,E,externalization,tier1_new50,database_unrepresented_family_mass_calibration,very_high,not_systematically_coded,positive + explicit tested-negative + not-tested documentation,exact-species evidence state + context + source provenance; silence is missingness
132,1,Galerella sanguinea,F,social_architecture,tier1_new50,database_unrepresented_family_mass_calibration,very_high,not_systematically_coded,positive + explicit tested-negative + not-tested documentation,exact-species evidence state + context + source provenance; silence is missingness
133,1,Leptonychotes weddellii,A,generative_cognition,tier1_new50,database_unrepresented_family_mass_calibration,very_high,not_systematically_coded,positive + explicit tested-negative + not-tested documentation,exact-species evidence state + context + source provenance; silence is missingness
134,1,Leptonychotes weddellii,B,social_transmission,tier1_new50,database_unrepresented_family_mass_calibration,very_high,not_systematically_coded,positive + explicit tested-negative + not-tested documentation,exact-species evidence state + context + source provenance; silence is missingness
135,1,Leptonychotes weddellii,C,communication,tier1_new50,database_unrepresented_family_mass_calibration,very_high,not_systematically_coded,positive + explicit tested-negative + not-tested documentation,exact-species evidence state + context + source provenance; silence is missingness
136,1,Leptonychotes weddellii,D,manipulation_embodiment,tier1_new50,database_unrepresented_family_mass_calibration,very_high,not_systematically_coded,positive + explicit tested-negative + not-tested documentation,exact-species evidence state + context + source provenance; silence is missingness
137,1,Leptonychotes weddellii,E,externalization,tier1_new50,database_unrepresented_family_mass_calibration,very_high,not_systematically_coded,positive + explicit tested-negative + not-tested documentation,exact-species evidence state + context + source provenance; silence is missingness
138,1,Leptonychotes weddellii,F,social_architecture,tier1_new50,database_unrepresented_family_mass_calibration,very_high,not_systematically_coded,positive + explicit tested-negative + not-tested documentation,exact-species evidence state + context + source provenance; silence is missingness
139,1,Procyon cancrivorus,A,generative_cognition,tier1_new50,database_unrepresented_family_mass_calibration,very_high,not_systematically_coded,positive + explicit tested-negative + not-tested documentation,exact-species evidence state + context + source provenance; silence is missingness
140,1,Procyon cancrivorus,B,social_transmission,tier1_new50,database_unrepresented_family_mass_calibration,very_high,not_systematically_coded,positive + explicit tested-negative + not-tested documentation,exact-species evidence state + context + source provenance; silence is missingness
141,1,Procyon cancrivorus,C,communication,tier1_new50,database_unrepresented_family_mass_calibration,very_high,not_systematically_coded,positive + explicit tested-negative + not-tested documentation,exact-species evidence state + context + source provenance; silence is missingness
142,1,Procyon cancrivorus,D,manipulation_embodiment,tier1_new50,database_unrepresented_family_mass_calibration,very_high,not_systematically_coded,positive + explicit tested-negative + not-tested documentation,exact-species evidence state + context + source provenance; silence is missingness
143,1,Procyon cancrivorus,E,externalization,tier1_new50,database_unrepresented_family_mass_calibration,very_high,not_systematically_coded,positive + explicit tested-negative + not-tested documentation,exact-species evidence state + context + source provenance; silence is missingness
144,1,Procyon cancrivorus,F,social_architecture,tier1_new50,database_unrepresented_family_mass_calibration,very_high,not_systematically_coded,positive + explicit tested-negative + not-tested documentation,exact-species evidence state + context + source provenance; silence is missingness
145,1,Hyaena brunnea,A,generative_cognition,tier1_new50,database_unrepresented_family_mass_calibration,very_high,not_systematically_coded,positive + explicit tested-negative + not-tested documentation,exact-species evidence state + context + source provenance; silence is missingness
146,1,Hyaena brunnea,B,social_transmission,tier1_new50,database_unrepresented_family_mass_calibration,very_high,not_systematically_coded,positive + explicit tested-negative + not-tested documentation,exact-species evidence state + context + source provenance; silence is missingness
147,1,Hyaena brunnea,C,communication,tier1_new50,database_unrepresented_family_mass_calibration,very_high,not_systematically_coded,positive + explicit tested-negative + not-tested documentation,exact-species evidence state + context + source provenance; silence is missingness
148,1,Hyaena brunnea,D,manipulation_embodiment,tier1_new50,database_unrepresented_family_mass_calibration,very_high,not_systematically_coded,positive + explicit tested-negative + not-tested documentation,exact-species evidence state + context + source provenance; silence is missingness
149,1,Hyaena brunnea,E,externalization,tier1_new50,database_unrepresented_family_mass_calibration,very_high,not_systematically_coded,positive + explicit tested-negative + not-tested documentation,exact-species evidence state + context + source provenance; silence is missingness
150,1,Hyaena brunnea,F,social_architecture,tier1_new50,database_unrepresented_family_mass_calibration,very_high,not_systematically_coded,positive + explicit tested-negative + not-tested documentation,exact-species evidence state + context + source provenance; silence is missingness
151,2,Aldabrachelys gigantea,B,social_transmission,tier1_new50,theory_discriminating_candidate,high,not_systematically_coded,positive + explicit tested-negative + not-tested documentation,exact-species evidence state + context + source provenance; silence is missingness
152,2,Aldabrachelys gigantea,C,communication,tier1_new50,theory_discriminating_candidate,high,not_systematically_coded,positive + explicit tested-negative + not-tested documentation,exact-species evidence state + context + source provenance; silence is missingness
153,2,Aldabrachelys gigantea,D,manipulation_embodiment,tier1_new50,theory_discriminating_candidate,high,not_systematically_coded,positive + explicit tested-negative + not-tested documentation,exact-species evidence state + context + source provenance; silence is missingness
154,2,Aldabrachelys gigantea,E,externalization,tier1_new50,theory_discriminating_candidate,high,not_systematically_coded,positive + explicit tested-negative + not-tested documentation,exact-species evidence state + context + source provenance; silence is missingness
155,2,Aldabrachelys gigantea,F,social_architecture,tier1_new50,theory_discriminating_candidate,high,not_systematically_coded,positive + explicit tested-negative + not-tested documentation,exact-species evidence state + context + source provenance; silence is missingness
156,2,Aphelocoma californica,B,social_transmission,tier1_new50,theory_discriminating_candidate,high,not_systematically_coded,positive + explicit tested-negative + not-tested documentation,exact-species evidence state + context + source provenance; silence is missingness
157,2,Aphelocoma californica,C,communication,tier1_new50,theory_discriminating_candidate,high,not_systematically_coded,positive + explicit tested-negative + not-tested documentation,exact-species evidence state + context + source provenance; silence is missingness
158,2,Aphelocoma californica,D,manipulation_embodiment,tier1_new50,theory_discriminating_candidate,high,not_systematically_coded,positive + explicit tested-negative + not-tested documentation,exact-species evidence state + context + source provenance; silence is missingness
159,2,Aphelocoma californica,E,externalization,tier1_new50,theory_discriminating_candidate,high,not_systematically_coded,positive + explicit tested-negative + not-tested documentation,exact-species evidence state + context + source provenance; silence is missingness
160,2,Aphelocoma californica,F,social_architecture,tier1_new50,theory_discriminating_candidate,high,not_systematically_coded,positive + explicit tested-negative + not-tested documentation,exact-species evidence state + context + source provenance; silence is missingness
161,2,Atta cephalotes,A,generative_cognition,tier1_new50,theory_discriminating_candidate,high,not_systematically_coded,positive + explicit tested-negative + not-tested documentation,exact-species evidence state + context + source provenance; silence is missingness
162,2,Atta cephalotes,B,social_transmission,tier1_new50,theory_discriminating_candidate,high,not_systematically_coded,positive + explicit tested-negative + not-tested documentation,exact-species evidence state + context + source provenance; silence is missingness
163,2,Atta cephalotes,C,communication,tier1_new50,theory_discriminating_candidate,high,not_systematically_coded,positive + explicit tested-negative + not-tested documentation,exact-species evidence state + context + source provenance; silence is missingness
164,2,Atta cephalotes,D,manipulation_embodiment,tier1_new50,theory_discriminating_candidate,high,not_systematically_coded,positive + explicit tested-negative + not-tested documentation,exact-species evidence state + context + source provenance; silence is missingness
165,2,Canis lupus,A,generative_cognition,tier1_new50,theory_discriminating_candidate,high,not_systematically_coded,positive + explicit tested-negative + not-tested documentation,exact-species evidence state + context + source provenance; silence is missingness
166,2,Canis lupus,B,social_transmission,tier1_new50,theory_discriminating_candidate,high,not_systematically_coded,positive + explicit tested-negative + not-tested documentation,exact-species evidence state + context + source provenance; silence is missingness
167,2,Canis lupus,C,communication,tier1_new50,theory_discriminating_candidate,high,not_systematically_coded,positive + explicit tested-negative + not-tested documentation,exact-species evidence state + context + source provenance; silence is missingness
168,2,Canis lupus,D,manipulation_embodiment,tier1_new50,theory_discriminating_candidate,high,not_systematically_coded,positive + explicit tested-negative + not-tested documentation,exact-species evidence state + context + source provenance; silence is missingness
169,2,Canis lupus,E,externalization,tier1_new50,theory_discriminating_candidate,high,not_systematically_coded,positive + explicit tested-negative + not-tested documentation,exact-species evidence state + context + source provenance; silence is missingness
170,2,Castor canadensis,A,generative_cognition,tier1_new50,theory_discriminating_candidate,high,not_systematically_coded,positive + explicit tested-negative + not-tested documentation,exact-species evidence state + context + source provenance; silence is missingness
171,2,Castor canadensis,B,social_transmission,tier1_new50,theory_discriminating_candidate,high,not_systematically_coded,positive + explicit tested-negative + not-tested documentation,exact-species evidence state + context + source provenance; silence is missingness
172,2,Castor canadensis,C,communication,tier1_new50,theory_discriminating_candidate,high,not_systematically_coded,positive + explicit tested-negative + not-tested documentation,exact-species evidence state + context + source provenance; silence is missingness
173,2,Castor canadensis,D,manipulation_embodiment,tier1_new50,theory_discriminating_candidate,high,not_systematically_coded,positive + explicit tested-negative + not-tested documentation,exact-species evidence state + context + source provenance; silence is missingness
174,2,Castor canadensis,F,social_architecture,tier1_new50,theory_discriminating_candidate,high,not_systematically_coded,positive + explicit tested-negative + not-tested documentation,exact-species evidence state + context + source provenance; silence is missingness
175,2,Enhydra lutris,A,generative_cognition,tier1_new50,theory_discriminating_candidate,high,not_systematically_coded,positive + explicit tested-negative + not-tested documentation,exact-species evidence state + context + source provenance; silence is missingness
176,2,Enhydra lutris,B,social_transmission,tier1_new50,theory_discriminating_candidate,high,not_systematically_coded,positive + explicit tested-negative + not-tested documentation,exact-species evidence state + context + source provenance; silence is missingness
177,2,Enhydra lutris,C,communication,tier1_new50,theory_discriminating_candidate,high,not_systematically_coded,positive + explicit tested-negative + not-tested documentation,exact-species evidence state + context + source provenance; silence is missingness
178,2,Enhydra lutris,E,externalization,tier1_new50,theory_discriminating_candidate,high,not_systematically_coded,positive + explicit tested-negative + not-tested documentation,exact-species evidence state + context + source provenance; silence is missingness
179,2,Enhydra lutris,F,social_architecture,tier1_new50,theory_discriminating_candidate,high,not_systematically_coded,positive + explicit tested-negative + not-tested documentation,exact-species evidence state + context + source provenance; silence is missingness
180,2,Heterocephalus glaber,A,generative_cognition,tier1_new50,theory_discriminating_candidate,high,not_systematically_coded,positive + explicit tested-negative + not-tested documentation,exact-species evidence state + context + source provenance; silence is missingness
181,2,Heterocephalus glaber,D,manipulation_embodiment,tier1_new50,theory_discriminating_candidate,high,not_systematically_coded,positive + explicit tested-negative + not-tested documentation,exact-species evidence state + context + source provenance; silence is missingness
182,2,Heterocephalus glaber,E,externalization,tier1_new50,theory_discriminating_candidate,high,not_systematically_coded,positive + explicit tested-negative + not-tested documentation,exact-species evidence state + context + source provenance; silence is missingness
183,2,Labroides dimidiatus,C,communication,tier1_new50,theory_discriminating_candidate,high,not_systematically_coded,positive + explicit tested-negative + not-tested documentation,exact-species evidence state + context + source provenance; silence is missingness
184,2,Labroides dimidiatus,D,manipulation_embodiment,tier1_new50,theory_discriminating_candidate,high,not_systematically_coded,positive + explicit tested-negative + not-tested documentation,exact-species evidence state + context + source provenance; silence is missingness
185,2,Labroides dimidiatus,E,externalization,tier1_new50,theory_discriminating_candidate,high,not_systematically_coded,positive + explicit tested-negative + not-tested documentation,exact-species evidence state + context + source provenance; silence is missingness
186,2,Labroides dimidiatus,F,social_architecture,tier1_new50,theory_discriminating_candidate,high,not_systematically_coded,positive + explicit tested-negative + not-tested documentation,exact-species evidence state + context + source provenance; silence is missingness
187,2,Lycaon pictus,A,generative_cognition,tier1_new50,theory_discriminating_candidate,high,not_systematically_coded,positive + explicit tested-negative + not-tested documentation,exact-species evidence state + context + source provenance; silence is missingness
188,2,Lycaon pictus,B,social_transmission,tier1_new50,theory_discriminating_candidate,high,not_systematically_coded,positive + explicit tested-negative + not-tested documentation,exact-species evidence state + context + source provenance; silence is missingness
189,2,Lycaon pictus,C,communication,tier1_new50,theory_discriminating_candidate,high,not_systematically_coded,positive + explicit tested-negative + not-tested documentation,exact-species evidence state + context + source provenance; silence is missingness
190,2,Lycaon pictus,D,manipulation_embodiment,tier1_new50,theory_discriminating_candidate,high,not_systematically_coded,positive + explicit tested-negative + not-tested documentation,exact-species evidence state + context + source provenance; silence is missingness
191,2,Lycaon pictus,E,externalization,tier1_new50,theory_discriminating_candidate,high,not_systematically_coded,positive + explicit tested-negative + not-tested documentation,exact-species evidence state + context + source provenance; silence is missingness
192,2,Portia fimbriata,B,social_transmission,tier1_new50,theory_discriminating_candidate,high,not_systematically_coded,positive + explicit tested-negative + not-tested documentation,exact-species evidence state + context + source provenance; silence is missingness
193,2,Portia fimbriata,C,communication,tier1_new50,theory_discriminating_candidate,high,not_systematically_coded,positive + explicit tested-negative + not-tested documentation,exact-species evidence state + context + source provenance; silence is missingness
194,2,Portia fimbriata,D,manipulation_embodiment,tier1_new50,theory_discriminating_candidate,high,not_systematically_coded,positive + explicit tested-negative + not-tested documentation,exact-species evidence state + context + source provenance; silence is missingness
195,2,Portia fimbriata,E,externalization,tier1_new50,theory_discriminating_candidate,high,not_systematically_coded,positive + explicit tested-negative + not-tested documentation,exact-species evidence state + context + source provenance; silence is missingness
196,2,Portia fimbriata,F,social_architecture,tier1_new50,theory_discriminating_candidate,high,not_systematically_coded,positive + explicit tested-negative + not-tested documentation,exact-species evidence state + context + source provenance; silence is missingness
197,2,Ptilonorhynchus violaceus,B,social_transmission,tier1_new50,theory_discriminating_candidate,high,not_systematically_coded,positive + explicit tested-negative + not-tested documentation,exact-species evidence state + context + source provenance; silence is missingness
198,2,Ptilonorhynchus violaceus,C,communication,tier1_new50,theory_discriminating_candidate,high,not_systematically_coded,positive + explicit tested-negative + not-tested documentation,exact-species evidence state + context + source provenance; silence is missingness
199,2,Ptilonorhynchus violaceus,D,manipulation_embodiment,tier1_new50,theory_discriminating_candidate,high,not_systematically_coded,positive + explicit tested-negative + not-tested documentation,exact-species evidence state + context + source provenance; silence is missingness
200,2,Ptilonorhynchus violaceus,F,social_architecture,tier1_new50,theory_discriminating_candidate,high,not_systematically_coded,positive + explicit tested-negative + not-tested documentation,exact-species evidence state + context + source provenance; silence is missingness
201,2,Rattus norvegicus,A,generative_cognition,tier1_new50,theory_discriminating_candidate,high,not_systematically_coded,positive + explicit tested-negative + not-tested documentation,exact-species evidence state + context + source provenance; silence is missingness
202,2,Rattus norvegicus,C,communication,tier1_new50,theory_discriminating_candidate,high,not_systematically_coded,positive + explicit tested-negative + not-tested documentation,exact-species evidence state + context + source provenance; silence is missingness
203,2,Rattus norvegicus,D,manipulation_embodiment,tier1_new50,theory_discriminating_candidate,high,not_systematically_coded,positive + explicit tested-negative + not-tested documentation,exact-species evidence state + context + source provenance; silence is missingness
204,2,Rattus norvegicus,E,externalization,tier1_new50,theory_discriminating_candidate,high,not_systematically_coded,positive + explicit tested-negative + not-tested documentation,exact-species evidence state + context + source provenance; silence is missingness
205,2,Rattus norvegicus,F,social_architecture,tier1_new50,theory_discriminating_candidate,high,not_systematically_coded,positive + explicit tested-negative + not-tested documentation,exact-species evidence state + context + source provenance; silence is missingness
206,2,Saccopteryx bilineata,A,generative_cognition,tier1_new50,theory_discriminating_candidate,high,not_systematically_coded,positive + explicit tested-negative + not-tested documentation,exact-species evidence state + context + source provenance; silence is missingness
207,2,Saccopteryx bilineata,D,manipulation_embodiment,tier1_new50,theory_discriminating_candidate,high,not_systematically_coded,positive + explicit tested-negative + not-tested documentation,exact-species evidence state + context + source provenance; silence is missingness
208,2,Saccopteryx bilineata,E,externalization,tier1_new50,theory_discriminating_candidate,high,not_systematically_coded,positive + explicit tested-negative + not-tested documentation,exact-species evidence state + context + source provenance; silence is missingness
209,2,Saccopteryx bilineata,F,social_architecture,tier1_new50,theory_discriminating_candidate,high,not_systematically_coded,positive + explicit tested-negative + not-tested documentation,exact-species evidence state + context + source provenance; silence is missingness
210,2,Taeniopygia guttata,A,generative_cognition,tier1_new50,theory_discriminating_candidate,high,not_systematically_coded,positive + explicit tested-negative + not-tested documentation,exact-species evidence state + context + source provenance; silence is missingness
211,2,Taeniopygia guttata,D,manipulation_embodiment,tier1_new50,theory_discriminating_candidate,high,not_systematically_coded,positive + explicit tested-negative + not-tested documentation,exact-species evidence state + context + source provenance; silence is missingness
212,2,Taeniopygia guttata,E,externalization,tier1_new50,theory_discriminating_candidate,high,not_systematically_coded,positive + explicit tested-negative + not-tested documentation,exact-species evidence state + context + source provenance; silence is missingness
213,2,Taeniopygia guttata,F,social_architecture,tier1_new50,theory_discriminating_candidate,high,not_systematically_coded,positive + explicit tested-negative + not-tested documentation,exact-species evidence state + context + source provenance; silence is missingness
214,2,Apis mellifera,A,generative_cognition,current29,retained_pilot7_backfill,high,not_tested,positive + explicit tested-negative + not-tested documentation,exact-species evidence state + context + source provenance; silence is missingness
215,2,Apis mellifera,C,communication,current29,retained_pilot7_backfill,high,not_tested,positive + explicit tested-negative + not-tested documentation,exact-species evidence state + context + source provenance; silence is missingness
216,2,Apis mellifera,D,manipulation_embodiment,current29,retained_pilot7_backfill,high,not_tested,positive + explicit tested-negative + not-tested documentation,exact-species evidence state + context + source provenance; silence is missingness
217,2,Apis mellifera,E,externalization,current29,retained_pilot7_backfill,high,not_tested,positive + explicit tested-negative + not-tested documentation,exact-species evidence state + context + source provenance; silence is missingness
218,2,Apis mellifera,F,social_architecture,current29,retained_pilot7_backfill,high,not_tested,positive + explicit tested-negative + not-tested documentation,exact-species evidence state + context + source provenance; silence is missingness
219,2,Bombus terrestris,A,generative_cognition,current29,retained_pilot7_backfill,high,not_tested,positive + explicit tested-negative + not-tested documentation,exact-species evidence state + context + source provenance; silence is missingness
220,2,Bombus terrestris,C,communication,current29,retained_pilot7_backfill,high,not_tested,positive + explicit tested-negative + not-tested documentation,exact-species evidence state + context + source provenance; silence is missingness
221,2,Bombus terrestris,D,manipulation_embodiment,current29,retained_pilot7_backfill,high,not_tested,positive + explicit tested-negative + not-tested documentation,exact-species evidence state + context + source provenance; silence is missingness
222,2,Bombus terrestris,E,externalization,current29,retained_pilot7_backfill,high,not_tested,positive + explicit tested-negative + not-tested documentation,exact-species evidence state + context + source provenance; silence is missingness
223,2,Bombus terrestris,F,social_architecture,current29,retained_pilot7_backfill,high,not_tested,positive + explicit tested-negative + not-tested documentation,exact-species evidence state + context + source provenance; silence is missingness
224,2,Cacatua goffiniana,A,generative_cognition,current29,retained_pilot7_backfill,high,not_tested,positive + explicit tested-negative + not-tested documentation,exact-species evidence state + context + source provenance; silence is missingness
225,2,Cacatua goffiniana,B,social_transmission,current29,retained_pilot7_backfill,high,not_tested,positive + explicit tested-negative + not-tested documentation,exact-species evidence state + context + source provenance; silence is missingness
226,2,Cacatua goffiniana,C,communication,current29,retained_pilot7_backfill,high,not_tested,positive + explicit tested-negative + not-tested documentation,exact-species evidence state + context + source provenance; silence is missingness
227,2,Cacatua goffiniana,F,social_architecture,current29,retained_pilot7_backfill,high,not_tested,positive + explicit tested-negative + not-tested documentation,exact-species evidence state + context + source provenance; silence is missingness
228,2,Callithrix jacchus,A,generative_cognition,current29,retained_pilot7_backfill,high,not_tested,positive + explicit tested-negative + not-tested documentation,exact-species evidence state + context + source provenance; silence is missingness
229,2,Callithrix jacchus,B,social_transmission,current29,retained_pilot7_backfill,high,not_tested,positive + explicit tested-negative + not-tested documentation,exact-species evidence state + context + source provenance; silence is missingness
230,2,Callithrix jacchus,C,communication,current29,retained_pilot7_backfill,high,not_tested,positive + explicit tested-negative + not-tested documentation,exact-species evidence state + context + source provenance; silence is missingness
231,2,Callithrix jacchus,D,manipulation_embodiment,current29,retained_pilot7_backfill,high,not_tested,positive + explicit tested-negative + not-tested documentation,exact-species evidence state + context + source provenance; silence is missingness
232,2,Callithrix jacchus,E,externalization,current29,retained_pilot7_backfill,high,not_tested,positive + explicit tested-negative + not-tested documentation,exact-species evidence state + context + source provenance; silence is missingness
233,2,Callithrix jacchus,F,social_architecture,current29,retained_pilot7_backfill,high,not_tested,positive + explicit tested-negative + not-tested documentation,exact-species evidence state + context + source provenance; silence is missingness
234,2,Columba livia,C,communication,current29,retained_pilot7_backfill,high,not_tested,positive + explicit tested-negative + not-tested documentation,exact-species evidence state + context + source provenance; silence is missingness
235,2,Columba livia,D,manipulation_embodiment,current29,retained_pilot7_backfill,high,not_tested,positive + explicit tested-negative + not-tested documentation,exact-species evidence state + context + source provenance; silence is missingness
236,2,Columba livia,F,social_architecture,current29,retained_pilot7_backfill,high,not_tested,positive + explicit tested-negative + not-tested documentation,exact-species evidence state + context + source provenance; silence is missingness
237,2,Corvus corax,A,generative_cognition,current29,retained_pilot7_backfill,high,not_tested,positive + explicit tested-negative + not-tested documentation,exact-species evidence state + context + source provenance; silence is missingness
238,2,Corvus corax,B,social_transmission,current29,retained_pilot7_backfill,high,not_tested,positive + explicit tested-negative + not-tested documentation,exact-species evidence state + context + source provenance; silence is missingness
239,2,Corvus corax,D,manipulation_embodiment,current29,retained_pilot7_backfill,high,not_tested,positive + explicit tested-negative + not-tested documentation,exact-species evidence state + context + source provenance; silence is missingness
240,2,Corvus moneduloides,A,generative_cognition,current29,retained_pilot7_backfill,high,not_tested,positive + explicit tested-negative + not-tested documentation,exact-species evidence state + context + source provenance; silence is missingness
241,2,Corvus moneduloides,F,social_architecture,current29,retained_pilot7_backfill,high,not_tested,positive + explicit tested-negative + not-tested documentation,exact-species evidence state + context + source provenance; silence is missingness
242,2,Elephas maximus,B,social_transmission,current29,retained_pilot7_backfill,high,not_tested,positive + explicit tested-negative + not-tested documentation,exact-species evidence state + context + source provenance; silence is missingness
243,2,Elephas maximus,C,communication,current29,retained_pilot7_backfill,high,not_tested,positive + explicit tested-negative + not-tested documentation,exact-species evidence state + context + source provenance; silence is missingness
244,2,Elephas maximus,D,manipulation_embodiment,current29,retained_pilot7_backfill,high,not_tested,positive + explicit tested-negative + not-tested documentation,exact-species evidence state + context + source provenance; silence is missingness
245,2,Elephas maximus,E,externalization,current29,retained_pilot7_backfill,high,not_tested,positive + explicit tested-negative + not-tested documentation,exact-species evidence state + context + source provenance; silence is missingness
246,2,Gorilla beringei,A,generative_cognition,current29,retained_pilot7_backfill,high,not_tested,positive + explicit tested-negative + not-tested documentation,exact-species evidence state + context + source provenance; silence is missingness
247,2,Gorilla beringei,B,social_transmission,current29,retained_pilot7_backfill,high,not_tested,positive + explicit tested-negative + not-tested documentation,exact-species evidence state + context + source provenance; silence is missingness
248,2,Gorilla beringei,C,communication,current29,retained_pilot7_backfill,high,not_tested,positive + explicit tested-negative + not-tested documentation,exact-species evidence state + context + source provenance; silence is missingness
249,2,Gorilla beringei,E,externalization,current29,retained_pilot7_backfill,high,not_tested,positive + explicit tested-negative + not-tested documentation,exact-species evidence state + context + source provenance; silence is missingness
250,2,Gorilla beringei,F,social_architecture,current29,retained_pilot7_backfill,high,not_tested,positive + explicit tested-negative + not-tested documentation,exact-species evidence state + context + source provenance; silence is missingness
251,2,Gorilla gorilla,A,generative_cognition,current29,retained_pilot7_backfill,high,not_tested,positive + explicit tested-negative + not-tested documentation,exact-species evidence state + context + source provenance; silence is missingness
252,2,Gorilla gorilla,B,social_transmission,current29,retained_pilot7_backfill,high,not_tested,positive + explicit tested-negative + not-tested documentation,exact-species evidence state + context + source provenance; silence is missingness
253,2,Gorilla gorilla,C,communication,current29,retained_pilot7_backfill,high,not_tested,positive + explicit tested-negative + not-tested documentation,exact-species evidence state + context + source provenance; silence is missingness
254,2,Gorilla gorilla,E,externalization,current29,retained_pilot7_backfill,high,not_tested,positive + explicit tested-negative + not-tested documentation,exact-species evidence state + context + source provenance; silence is missingness
255,2,Gorilla gorilla,F,social_architecture,current29,retained_pilot7_backfill,high,not_tested,positive + explicit tested-negative + not-tested documentation,exact-species evidence state + context + source provenance; silence is missingness
256,2,Homo sapiens,A,generative_cognition,current29,retained_pilot7_backfill,high,not_tested,positive + explicit tested-negative + not-tested documentation,exact-species evidence state + context + source provenance; silence is missingness
257,2,Homo sapiens,B,social_transmission,current29,retained_pilot7_backfill,high,not_tested,positive + explicit tested-negative + not-tested documentation,exact-species evidence state + context + source provenance; silence is missingness
258,2,Homo sapiens,C,communication,current29,retained_pilot7_backfill,high,not_tested,positive + explicit tested-negative + not-tested documentation,exact-species evidence state + context + source provenance; silence is missingness
259,2,Homo sapiens,D,manipulation_embodiment,current29,retained_pilot7_backfill,high,not_tested,positive + explicit tested-negative + not-tested documentation,exact-species evidence state + context + source provenance; silence is missingness
260,2,Homo sapiens,E,externalization,current29,retained_pilot7_backfill,high,not_tested,positive + explicit tested-negative + not-tested documentation,exact-species evidence state + context + source provenance; silence is missingness
261,2,Homo sapiens,F,social_architecture,current29,retained_pilot7_backfill,high,not_tested,positive + explicit tested-negative + not-tested documentation,exact-species evidence state + context + source provenance; silence is missingness
262,2,Leontopithecus rosalia,A,generative_cognition,current29,retained_pilot7_backfill,high,not_tested,positive + explicit tested-negative + not-tested documentation,exact-species evidence state + context + source provenance; silence is missingness
263,2,Leontopithecus rosalia,B,social_transmission,current29,retained_pilot7_backfill,high,not_tested,positive + explicit tested-negative + not-tested documentation,exact-species evidence state + context + source provenance; silence is missingness
264,2,Leontopithecus rosalia,C,communication,current29,retained_pilot7_backfill,high,not_tested,positive + explicit tested-negative + not-tested documentation,exact-species evidence state + context + source provenance; silence is missingness
265,2,Leontopithecus rosalia,D,manipulation_embodiment,current29,retained_pilot7_backfill,high,not_tested,positive + explicit tested-negative + not-tested documentation,exact-species evidence state + context + source provenance; silence is missingness
266,2,Leontopithecus rosalia,E,externalization,current29,retained_pilot7_backfill,high,not_tested,positive + explicit tested-negative + not-tested documentation,exact-species evidence state + context + source provenance; silence is missingness
267,2,Leontopithecus rosalia,F,social_architecture,current29,retained_pilot7_backfill,high,not_tested,positive + explicit tested-negative + not-tested documentation,exact-species evidence state + context + source provenance; silence is missingness
268,2,Loxodonta africana,A,generative_cognition,current29,retained_pilot7_backfill,high,not_tested,positive + explicit tested-negative + not-tested documentation,exact-species evidence state + context + source provenance; silence is missingness
269,2,Loxodonta africana,B,social_transmission,current29,retained_pilot7_backfill,high,not_tested,positive + explicit tested-negative + not-tested documentation,exact-species evidence state + context + source provenance; silence is missingness
270,2,Loxodonta africana,D,manipulation_embodiment,current29,retained_pilot7_backfill,high,not_tested,positive + explicit tested-negative + not-tested documentation,exact-species evidence state + context + source provenance; silence is missingness
271,2,Loxodonta africana,E,externalization,current29,retained_pilot7_backfill,high,not_tested,positive + explicit tested-negative + not-tested documentation,exact-species evidence state + context + source provenance; silence is missingness
272,2,Macaca fuscata,A,generative_cognition,current29,retained_pilot7_backfill,high,not_tested,positive + explicit tested-negative + not-tested documentation,exact-species evidence state + context + source provenance; silence is missingness
273,2,Macaca fuscata,C,communication,current29,retained_pilot7_backfill,high,not_tested,positive + explicit tested-negative + not-tested documentation,exact-species evidence state + context + source provenance; silence is missingness
274,2,Macaca fuscata,D,manipulation_embodiment,current29,retained_pilot7_backfill,high,not_tested,positive + explicit tested-negative + not-tested documentation,exact-species evidence state + context + source provenance; silence is missingness
275,2,Macaca fuscata,E,externalization,current29,retained_pilot7_backfill,high,not_tested,positive + explicit tested-negative + not-tested documentation,exact-species evidence state + context + source provenance; silence is missingness
276,2,Megaptera novaeangliae,A,generative_cognition,current29,retained_pilot7_backfill,high,not_tested,positive + explicit tested-negative + not-tested documentation,exact-species evidence state + context + source provenance; silence is missingness
277,2,Megaptera novaeangliae,D,manipulation_embodiment,current29,retained_pilot7_backfill,high,not_tested,positive + explicit tested-negative + not-tested documentation,exact-species evidence state + context + source provenance; silence is missingness
278,2,Megaptera novaeangliae,E,externalization,current29,retained_pilot7_backfill,high,not_tested,positive + explicit tested-negative + not-tested documentation,exact-species evidence state + context + source provenance; silence is missingness
279,2,Megaptera novaeangliae,F,social_architecture,current29,retained_pilot7_backfill,high,not_tested,positive + explicit tested-negative + not-tested documentation,exact-species evidence state + context + source provenance; silence is missingness
280,2,Melopsittacus undulatus,A,generative_cognition,current29,retained_pilot7_backfill,high,not_tested,positive + explicit tested-negative + not-tested documentation,exact-species evidence state + context + source provenance; silence is missingness
281,2,Melopsittacus undulatus,B,social_transmission,current29,retained_pilot7_backfill,high,not_tested,positive + explicit tested-negative + not-tested documentation,exact-species evidence state + context + source provenance; silence is missingness
282,2,Melopsittacus undulatus,D,manipulation_embodiment,current29,retained_pilot7_backfill,high,not_tested,positive + explicit tested-negative + not-tested documentation,exact-species evidence state + context + source provenance; silence is missingness
283,2,Melopsittacus undulatus,F,social_architecture,current29,retained_pilot7_backfill,high,not_tested,positive + explicit tested-negative + not-tested documentation,exact-species evidence state + context + source provenance; silence is missingness
284,2,Nestor notabilis,A,generative_cognition,current29,retained_pilot7_backfill,high,not_tested,positive + explicit tested-negative + not-tested documentation,exact-species evidence state + context + source provenance; silence is missingness
285,2,Nestor notabilis,C,communication,current29,retained_pilot7_backfill,high,not_tested,positive + explicit tested-negative + not-tested documentation,exact-species evidence state + context + source provenance; silence is missingness
286,2,Nestor notabilis,D,manipulation_embodiment,current29,retained_pilot7_backfill,high,not_tested,positive + explicit tested-negative + not-tested documentation,exact-species evidence state + context + source provenance; silence is missingness
287,2,Nestor notabilis,F,social_architecture,current29,retained_pilot7_backfill,high,not_tested,positive + explicit tested-negative + not-tested documentation,exact-species evidence state + context + source provenance; silence is missingness
288,2,Octopus vulgaris,A,generative_cognition,current29,retained_pilot7_backfill,high,not_tested,positive + explicit tested-negative + not-tested documentation,exact-species evidence state + context + source provenance; silence is missingness
289,2,Octopus vulgaris,C,communication,current29,retained_pilot7_backfill,high,not_tested,positive + explicit tested-negative + not-tested documentation,exact-species evidence state + context + source provenance; silence is missingness
290,2,Octopus vulgaris,D,manipulation_embodiment,current29,retained_pilot7_backfill,high,not_tested,positive + explicit tested-negative + not-tested documentation,exact-species evidence state + context + source provenance; silence is missingness
291,2,Octopus vulgaris,E,externalization,current29,retained_pilot7_backfill,high,not_tested,positive + explicit tested-negative + not-tested documentation,exact-species evidence state + context + source provenance; silence is missingness
292,2,Octopus vulgaris,F,social_architecture,current29,retained_pilot7_backfill,high,not_tested,positive + explicit tested-negative + not-tested documentation,exact-species evidence state + context + source provenance; silence is missingness
293,2,Orcinus orca,A,generative_cognition,current29,retained_pilot7_backfill,high,not_tested,positive + explicit tested-negative + not-tested documentation,exact-species evidence state + context + source provenance; silence is missingness
294,2,Orcinus orca,B,social_transmission,current29,retained_pilot7_backfill,high,not_tested,positive + explicit tested-negative + not-tested documentation,exact-species evidence state + context + source provenance; silence is missingness
295,2,Orcinus orca,D,manipulation_embodiment,current29,retained_pilot7_backfill,high,not_tested,positive + explicit tested-negative + not-tested documentation,exact-species evidence state + context + source provenance; silence is missingness
296,2,Orcinus orca,E,externalization,current29,retained_pilot7_backfill,high,not_tested,positive + explicit tested-negative + not-tested documentation,exact-species evidence state + context + source provenance; silence is missingness
297,2,Pan paniscus,B,social_transmission,current29,retained_pilot7_backfill,high,not_tested,positive + explicit tested-negative + not-tested documentation,exact-species evidence state + context + source provenance; silence is missingness
298,2,Pan paniscus,C,communication,current29,retained_pilot7_backfill,high,not_tested,positive + explicit tested-negative + not-tested documentation,exact-species evidence state + context + source provenance; silence is missingness
299,2,Pan paniscus,E,externalization,current29,retained_pilot7_backfill,high,not_tested,positive + explicit tested-negative + not-tested documentation,exact-species evidence state + context + source provenance; silence is missingness
300,2,Pan troglodytes,C,communication,current29,retained_pilot7_backfill,high,not_tested,positive + explicit tested-negative + not-tested documentation,exact-species evidence state + context + source provenance; silence is missingness
301,2,Pan troglodytes,E,externalization,current29,retained_pilot7_backfill,high,not_tested,positive + explicit tested-negative + not-tested documentation,exact-species evidence state + context + source provenance; silence is missingness
302,2,Physeter macrocephalus,A,generative_cognition,current29,retained_pilot7_backfill,high,not_tested,positive + explicit tested-negative + not-tested documentation,exact-species evidence state + context + source provenance; silence is missingness
303,2,Physeter macrocephalus,B,social_transmission,current29,retained_pilot7_backfill,high,not_tested,positive + explicit tested-negative + not-tested documentation,exact-species evidence state + context + source provenance; silence is missingness
304,2,Physeter macrocephalus,D,manipulation_embodiment,current29,retained_pilot7_backfill,high,not_tested,positive + explicit tested-negative + not-tested documentation,exact-species evidence state + context + source provenance; silence is missingness
305,2,Physeter macrocephalus,E,externalization,current29,retained_pilot7_backfill,high,not_tested,positive + explicit tested-negative + not-tested documentation,exact-species evidence state + context + source provenance; silence is missingness
306,2,Pongo abelii,A,generative_cognition,current29,retained_pilot7_backfill,high,not_tested,positive + explicit tested-negative + not-tested documentation,exact-species evidence state + context + source provenance; silence is missingness
307,2,Pongo abelii,B,social_transmission,current29,retained_pilot7_backfill,high,not_tested,positive + explicit tested-negative + not-tested documentation,exact-species evidence state + context + source provenance; silence is missingness
308,2,Pongo abelii,C,communication,current29,retained_pilot7_backfill,high,not_tested,positive + explicit tested-negative + not-tested documentation,exact-species evidence state + context + source provenance; silence is missingness
309,2,Pongo abelii,D,manipulation_embodiment,current29,retained_pilot7_backfill,high,not_tested,positive + explicit tested-negative + not-tested documentation,exact-species evidence state + context + source provenance; silence is missingness
310,2,Pongo abelii,E,externalization,current29,retained_pilot7_backfill,high,not_tested,positive + explicit tested-negative + not-tested documentation,exact-species evidence state + context + source provenance; silence is missingness
311,2,Pongo abelii,F,social_architecture,current29,retained_pilot7_backfill,high,not_tested,positive + explicit tested-negative + not-tested documentation,exact-species evidence state + context + source provenance; silence is missingness
312,2,Pongo pygmaeus,A,generative_cognition,current29,retained_pilot7_backfill,high,not_tested,positive + explicit tested-negative + not-tested documentation,exact-species evidence state + context + source provenance; silence is missingness
313,2,Pongo pygmaeus,B,social_transmission,current29,retained_pilot7_backfill,high,not_tested,positive + explicit tested-negative + not-tested documentation,exact-species evidence state + context + source provenance; silence is missingness
314,2,Pongo pygmaeus,C,communication,current29,retained_pilot7_backfill,high,not_tested,positive + explicit tested-negative + not-tested documentation,exact-species evidence state + context + source provenance; silence is missingness
315,2,Pongo pygmaeus,E,externalization,current29,retained_pilot7_backfill,high,not_tested,positive + explicit tested-negative + not-tested documentation,exact-species evidence state + context + source provenance; silence is missingness
316,2,Pongo pygmaeus,F,social_architecture,current29,retained_pilot7_backfill,high,not_tested,positive + explicit tested-negative + not-tested documentation,exact-species evidence state + context + source provenance; silence is missingness
317,2,Psittacus erithacus,A,generative_cognition,current29,retained_pilot7_backfill,high,not_tested,positive + explicit tested-negative + not-tested documentation,exact-species evidence state + context + source provenance; silence is missingness
318,2,Psittacus erithacus,B,social_transmission,current29,retained_pilot7_backfill,high,not_tested,positive + explicit tested-negative + not-tested documentation,exact-species evidence state + context + source provenance; silence is missingness
319,2,Psittacus erithacus,D,manipulation_embodiment,current29,retained_pilot7_backfill,high,not_tested,positive + explicit tested-negative + not-tested documentation,exact-species evidence state + context + source provenance; silence is missingness
320,2,Psittacus erithacus,F,social_architecture,current29,retained_pilot7_backfill,high,not_tested,positive + explicit tested-negative + not-tested documentation,exact-species evidence state + context + source provenance; silence is missingness
321,2,Sapajus libidinosus,A,generative_cognition,current29,retained_pilot7_backfill,high,not_tested,positive + explicit tested-negative + not-tested documentation,exact-species evidence state + context + source provenance; silence is missingness
322,2,Sapajus libidinosus,B,social_transmission,current29,retained_pilot7_backfill,high,not_tested,positive + explicit tested-negative + not-tested documentation,exact-species evidence state + context + source provenance; silence is missingness
323,2,Sapajus libidinosus,C,communication,current29,retained_pilot7_backfill,high,not_tested,positive + explicit tested-negative + not-tested documentation,exact-species evidence state + context + source provenance; silence is missingness
324,2,Sapajus libidinosus,D,manipulation_embodiment,current29,retained_pilot7_backfill,high,not_tested,positive + explicit tested-negative + not-tested documentation,exact-species evidence state + context + source provenance; silence is missingness
325,2,Sapajus libidinosus,E,externalization,current29,retained_pilot7_backfill,high,not_tested,positive + explicit tested-negative + not-tested documentation,exact-species evidence state + context + source provenance; silence is missingness
326,2,Sapajus libidinosus,F,social_architecture,current29,retained_pilot7_backfill,high,not_tested,positive + explicit tested-negative + not-tested documentation,exact-species evidence state + context + source provenance; silence is missingness
327,2,Suricata suricatta,A,generative_cognition,current29,retained_pilot7_backfill,high,not_tested,positive + explicit tested-negative + not-tested documentation,exact-species evidence state + context + source provenance; silence is missingness
328,2,Suricata suricatta,C,communication,current29,retained_pilot7_backfill,high,not_tested,positive + explicit tested-negative + not-tested documentation,exact-species evidence state + context + source provenance; silence is missingness
329,2,Suricata suricatta,D,manipulation_embodiment,current29,retained_pilot7_backfill,high,not_tested,positive + explicit tested-negative + not-tested documentation,exact-species evidence state + context + source provenance; silence is missingness
330,2,Suricata suricatta,E,externalization,current29,retained_pilot7_backfill,high,not_tested,positive + explicit tested-negative + not-tested documentation,exact-species evidence state + context + source provenance; silence is missingness
331,2,Suricata suricatta,F,social_architecture,current29,retained_pilot7_backfill,high,not_tested,positive + explicit tested-negative + not-tested documentation,exact-species evidence state + context + source provenance; silence is missingness
332,2,Tursiops aduncus,A,generative_cognition,current29,retained_pilot7_backfill,high,not_tested,positive + explicit tested-negative + not-tested documentation,exact-species evidence state + context + source provenance; silence is missingness
333,2,Tursiops aduncus,C,communication,current29,retained_pilot7_backfill,high,not_tested,positive + explicit tested-negative + not-tested documentation,exact-species evidence state + context + source provenance; silence is missingness
334,2,Tursiops aduncus,D,manipulation_embodiment,current29,retained_pilot7_backfill,high,not_tested,positive + explicit tested-negative + not-tested documentation,exact-species evidence state + context + source provenance; silence is missingness
335,2,Tursiops aduncus,E,externalization,current29,retained_pilot7_backfill,high,not_tested,positive + explicit tested-negative + not-tested documentation,exact-species evidence state + context + source provenance; silence is missingness
336,2,Tursiops aduncus,F,social_architecture,current29,retained_pilot7_backfill,high,not_tested,positive + explicit tested-negative + not-tested documentation,exact-species evidence state + context + source provenance; silence is missingness
337,2,Tursiops truncatus,A,generative_cognition,current29,retained_pilot7_backfill,high,not_tested,positive + explicit tested-negative + not-tested documentation,exact-species evidence state + context + source provenance; silence is missingness
338,2,Tursiops truncatus,B,social_transmission,current29,retained_pilot7_backfill,high,not_tested,positive + explicit tested-negative + not-tested documentation,exact-species evidence state + context + source provenance; silence is missingness
339,2,Tursiops truncatus,C,communication,current29,retained_pilot7_backfill,high,not_tested,positive + explicit tested-negative + not-tested documentation,exact-species evidence state + context + source provenance; silence is missingness
340,2,Tursiops truncatus,D,manipulation_embodiment,current29,retained_pilot7_backfill,high,not_tested,positive + explicit tested-negative + not-tested documentation,exact-species evidence state + context + source provenance; silence is missingness
341,2,Tursiops truncatus,E,externalization,current29,retained_pilot7_backfill,high,not_tested,positive + explicit tested-negative + not-tested documentation,exact-species evidence state + context + source provenance; silence is missingness
342,3,Poecilia reticulata,A,generative_cognition,tier1_new50,asnr_source_candidate,high,not_systematically_coded,positive + explicit tested-negative + not-tested documentation,exact-species evidence state + context + source provenance; silence is missingness
343,3,Poecilia reticulata,B,social_transmission,tier1_new50,asnr_source_candidate,high,not_systematically_coded,positive + explicit tested-negative + not-tested documentation,exact-species evidence state + context + source provenance; silence is missingness
344,3,Poecilia reticulata,C,communication,tier1_new50,asnr_source_candidate,high,not_systematically_coded,positive + explicit tested-negative + not-tested documentation,exact-species evidence state + context + source provenance; silence is missingness
345,3,Poecilia reticulata,D,manipulation_embodiment,tier1_new50,asnr_source_candidate,high,not_systematically_coded,positive + explicit tested-negative + not-tested documentation,exact-species evidence state + context + source provenance; silence is missingness
346,3,Poecilia reticulata,E,externalization,tier1_new50,asnr_source_candidate,high,not_systematically_coded,positive + explicit tested-negative + not-tested documentation,exact-species evidence state + context + source provenance; silence is missingness
347,3,Dendrobates pumilio,A,generative_cognition,tier1_new50,asnr_source_candidate,high,not_systematically_coded,positive + explicit tested-negative + not-tested documentation,exact-species evidence state + context + source provenance; silence is missingness
348,3,Dendrobates pumilio,B,social_transmission,tier1_new50,asnr_source_candidate,high,not_systematically_coded,positive + explicit tested-negative + not-tested documentation,exact-species evidence state + context + source provenance; silence is missingness
349,3,Dendrobates pumilio,C,communication,tier1_new50,asnr_source_candidate,high,not_systematically_coded,positive + explicit tested-negative + not-tested documentation,exact-species evidence state + context + source provenance; silence is missingness
350,3,Dendrobates pumilio,D,manipulation_embodiment,tier1_new50,asnr_source_candidate,high,not_systematically_coded,positive + explicit tested-negative + not-tested documentation,exact-species evidence state + context + source provenance; silence is missingness
351,3,Dendrobates pumilio,E,externalization,tier1_new50,asnr_source_candidate,high,not_systematically_coded,positive + explicit tested-negative + not-tested documentation,exact-species evidence state + context + source provenance; silence is missingness
352,3,Balaenoptera musculus,A,generative_cognition,tier1_new50,acdb_source_candidate,high,not_systematically_coded,positive + explicit tested-negative + not-tested documentation,exact-species evidence state + context + source provenance; silence is missingness
353,3,Balaenoptera musculus,B,social_transmission,tier1_new50,acdb_source_candidate,high,not_systematically_coded,positive + explicit tested-negative + not-tested documentation,exact-species evidence state + context + source provenance; silence is missingness
354,3,Balaenoptera musculus,C,communication,tier1_new50,acdb_source_candidate,high,not_systematically_coded,positive + explicit tested-negative + not-tested documentation,exact-species evidence state + context + source provenance; silence is missingness
355,3,Balaenoptera musculus,D,manipulation_embodiment,tier1_new50,acdb_source_candidate,high,not_systematically_coded,positive + explicit tested-negative + not-tested documentation,exact-species evidence state + context + source provenance; silence is missingness
356,3,Balaenoptera musculus,E,externalization,tier1_new50,acdb_source_candidate,high,not_systematically_coded,positive + explicit tested-negative + not-tested documentation,exact-species evidence state + context + source provenance; silence is missingness
357,3,Balaenoptera musculus,F,social_architecture,tier1_new50,acdb_source_candidate,high,not_systematically_coded,positive + explicit tested-negative + not-tested documentation,exact-species evidence state + context + source provenance; silence is missingness
358,3,Desmodus rotundus,A,generative_cognition,tier1_new50,asnr_source_candidate,high,not_systematically_coded,positive + explicit tested-negative + not-tested documentation,exact-species evidence state + context + source provenance; silence is missingness
359,3,Desmodus rotundus,B,social_transmission,tier1_new50,asnr_source_candidate,high,not_systematically_coded,positive + explicit tested-negative + not-tested documentation,exact-species evidence state + context + source provenance; silence is missingness
360,3,Desmodus rotundus,C,communication,tier1_new50,asnr_source_candidate,high,not_systematically_coded,positive + explicit tested-negative + not-tested documentation,exact-species evidence state + context + source provenance; silence is missingness
361,3,Desmodus rotundus,D,manipulation_embodiment,tier1_new50,asnr_source_candidate,high,not_systematically_coded,positive + explicit tested-negative + not-tested documentation,exact-species evidence state + context + source provenance; silence is missingness
362,3,Desmodus rotundus,E,externalization,tier1_new50,asnr_source_candidate,high,not_systematically_coded,positive + explicit tested-negative + not-tested documentation,exact-species evidence state + context + source provenance; silence is missingness
363,3,Gasterosteus aculeatus,A,generative_cognition,tier1_new50,asnr_source_candidate,high,not_systematically_coded,positive + explicit tested-negative + not-tested documentation,exact-species evidence state + context + source provenance; silence is missingness
364,3,Gasterosteus aculeatus,B,social_transmission,tier1_new50,asnr_source_candidate,high,not_systematically_coded,positive + explicit tested-negative + not-tested documentation,exact-species evidence state + context + source provenance; silence is missingness
365,3,Gasterosteus aculeatus,C,communication,tier1_new50,asnr_source_candidate,high,not_systematically_coded,positive + explicit tested-negative + not-tested documentation,exact-species evidence state + context + source provenance; silence is missingness
366,3,Gasterosteus aculeatus,D,manipulation_embodiment,tier1_new50,asnr_source_candidate,high,not_systematically_coded,positive + explicit tested-negative + not-tested documentation,exact-species evidence state + context + source provenance; silence is missingness
367,3,Gasterosteus aculeatus,E,externalization,tier1_new50,asnr_source_candidate,high,not_systematically_coded,positive + explicit tested-negative + not-tested documentation,exact-species evidence state + context + source provenance; silence is missingness
368,3,Bison bison,A,generative_cognition,tier1_new50,asnr_source_candidate,high,not_systematically_coded,positive + explicit tested-negative + not-tested documentation,exact-species evidence state + context + source provenance; silence is missingness
369,3,Bison bison,B,social_transmission,tier1_new50,asnr_source_candidate,high,not_systematically_coded,positive + explicit tested-negative + not-tested documentation,exact-species evidence state + context + source provenance; silence is missingness
370,3,Bison bison,C,communication,tier1_new50,asnr_source_candidate,high,not_systematically_coded,positive + explicit tested-negative + not-tested documentation,exact-species evidence state + context + source provenance; silence is missingness
371,3,Bison bison,D,manipulation_embodiment,tier1_new50,asnr_source_candidate,high,not_systematically_coded,positive + explicit tested-negative + not-tested documentation,exact-species evidence state + context + source provenance; silence is missingness
372,3,Bison bison,E,externalization,tier1_new50,asnr_source_candidate,high,not_systematically_coded,positive + explicit tested-negative + not-tested documentation,exact-species evidence state + context + source provenance; silence is missingness
373,3,Sarcophilus harrisii,A,generative_cognition,tier1_new50,asnr_source_candidate,high,not_systematically_coded,positive + explicit tested-negative + not-tested documentation,exact-species evidence state + context + source provenance; silence is missingness
374,3,Sarcophilus harrisii,B,social_transmission,tier1_new50,asnr_source_candidate,high,not_systematically_coded,positive + explicit tested-negative + not-tested documentation,exact-species evidence state + context + source provenance; silence is missingness
375,3,Sarcophilus harrisii,C,communication,tier1_new50,asnr_source_candidate,high,not_systematically_coded,positive + explicit tested-negative + not-tested documentation,exact-species evidence state + context + source provenance; silence is missingness
376,3,Sarcophilus harrisii,D,manipulation_embodiment,tier1_new50,asnr_source_candidate,high,not_systematically_coded,positive + explicit tested-negative + not-tested documentation,exact-species evidence state + context + source provenance; silence is missingness
377,3,Sarcophilus harrisii,E,externalization,tier1_new50,asnr_source_candidate,high,not_systematically_coded,positive + explicit tested-negative + not-tested documentation,exact-species evidence state + context + source provenance; silence is missingness
378,3,Otospermophilus beecheyi,A,generative_cognition,tier1_new50,asnr_source_candidate,high,not_systematically_coded,positive + explicit tested-negative + not-tested documentation,exact-species evidence state + context + source provenance; silence is missingness
379,3,Otospermophilus beecheyi,B,social_transmission,tier1_new50,asnr_source_candidate,high,not_systematically_coded,positive + explicit tested-negative + not-tested documentation,exact-species evidence state + context + source provenance; silence is missingness
380,3,Otospermophilus beecheyi,C,communication,tier1_new50,asnr_source_candidate,high,not_systematically_coded,positive + explicit tested-negative + not-tested documentation,exact-species evidence state + context + source provenance; silence is missingness
381,3,Otospermophilus beecheyi,D,manipulation_embodiment,tier1_new50,asnr_source_candidate,high,not_systematically_coded,positive + explicit tested-negative + not-tested documentation,exact-species evidence state + context + source provenance; silence is missingness
382,3,Otospermophilus beecheyi,E,externalization,tier1_new50,asnr_source_candidate,high,not_systematically_coded,positive + explicit tested-negative + not-tested documentation,exact-species evidence state + context + source provenance; silence is missingness
383,3,Eschrichtius robustus,A,generative_cognition,tier1_new50,acdb_source_candidate,high,not_systematically_coded,positive + explicit tested-negative + not-tested documentation,exact-species evidence state + context + source provenance; silence is missingness
384,3,Eschrichtius robustus,B,social_transmission,tier1_new50,acdb_source_candidate,high,not_systematically_coded,positive + explicit tested-negative + not-tested documentation,exact-species evidence state + context + source provenance; silence is missingness
385,3,Eschrichtius robustus,C,communication,tier1_new50,acdb_source_candidate,high,not_systematically_coded,positive + explicit tested-negative + not-tested documentation,exact-species evidence state + context + source provenance; silence is missingness
386,3,Eschrichtius robustus,D,manipulation_embodiment,tier1_new50,acdb_source_candidate,high,not_systematically_coded,positive + explicit tested-negative + not-tested documentation,exact-species evidence state + context + source provenance; silence is missingness
387,3,Eschrichtius robustus,E,externalization,tier1_new50,acdb_source_candidate,high,not_systematically_coded,positive + explicit tested-negative + not-tested documentation,exact-species evidence state + context + source provenance; silence is missingness
388,3,Eschrichtius robustus,F,social_architecture,tier1_new50,acdb_source_candidate,high,not_systematically_coded,positive + explicit tested-negative + not-tested documentation,exact-species evidence state + context + source provenance; silence is missingness
389,3,Eubalaena australis,A,generative_cognition,tier1_new50,acdb_source_candidate,high,not_systematically_coded,positive + explicit tested-negative + not-tested documentation,exact-species evidence state + context + source provenance; silence is missingness
390,3,Eubalaena australis,B,social_transmission,tier1_new50,acdb_source_candidate,high,not_systematically_coded,positive + explicit tested-negative + not-tested documentation,exact-species evidence state + context + source provenance; silence is missingness
391,3,Eubalaena australis,C,communication,tier1_new50,acdb_source_candidate,high,not_systematically_coded,positive + explicit tested-negative + not-tested documentation,exact-species evidence state + context + source provenance; silence is missingness
392,3,Eubalaena australis,D,manipulation_embodiment,tier1_new50,acdb_source_candidate,high,not_systematically_coded,positive + explicit tested-negative + not-tested documentation,exact-species evidence state + context + source provenance; silence is missingness
393,3,Eubalaena australis,E,externalization,tier1_new50,acdb_source_candidate,high,not_systematically_coded,positive + explicit tested-negative + not-tested documentation,exact-species evidence state + context + source provenance; silence is missingness
394,3,Eubalaena australis,F,social_architecture,tier1_new50,acdb_source_candidate,high,not_systematically_coded,positive + explicit tested-negative + not-tested documentation,exact-species evidence state + context + source provenance; silence is missingness
395,3,Crocuta crocuta,A,generative_cognition,tier1_new50,asnr_source_candidate,high,not_systematically_coded,positive + explicit tested-negative + not-tested documentation,exact-species evidence state + context + source provenance; silence is missingness
396,3,Crocuta crocuta,B,social_transmission,tier1_new50,asnr_source_candidate,high,not_systematically_coded,positive + explicit tested-negative + not-tested documentation,exact-species evidence state + context + source provenance; silence is missingness
397,3,Crocuta crocuta,C,communication,tier1_new50,asnr_source_candidate,high,not_systematically_coded,positive + explicit tested-negative + not-tested documentation,exact-species evidence state + context + source provenance; silence is missingness
398,3,Crocuta crocuta,D,manipulation_embodiment,tier1_new50,asnr_source_candidate,high,not_systematically_coded,positive + explicit tested-negative + not-tested documentation,exact-species evidence state + context + source provenance; silence is missingness
399,3,Crocuta crocuta,E,externalization,tier1_new50,asnr_source_candidate,high,not_systematically_coded,positive + explicit tested-negative + not-tested documentation,exact-species evidence state + context + source provenance; silence is missingness
