tier1_rank,scientific_name,pool_role,target_id,target_kind,already_seeded,primary_query,alternate_taxonomy_query,negative_evidence_query,search_status,screening_status
1,Aldabrachelys gigantea,theory_discriminating_candidate,A,module,yes,"""Aldabrachelys gigantea"" AND (""problem solving"" OR innovation OR ""behavioral flexibility"" OR ""behavioural flexibility"" OR ""reversal learning"" OR detour OR planning OR ""means-end"" OR causal)",,"""Aldabrachelys gigantea"" AND (""problem solving"" OR innovation OR ""behavioral flexibility"" OR ""behavioural flexibility"" OR ""reversal learning"" OR detour OR planning OR ""means-end"" OR causal) AND (""failed"" OR ""failure"" OR ""chance level"" OR ""no evidence"" OR ""did not"" OR ""unable"" OR ""not learn"" OR ""control group"")",pending,pending
1,Aldabrachelys gigantea,theory_discriminating_candidate,B,module,no,"""Aldabrachelys gigantea"" AND (""social learning"" OR imitation OR emulation OR teaching OR transmission OR tradition OR cultural)",,"""Aldabrachelys gigantea"" AND (""social learning"" OR imitation OR emulation OR teaching OR transmission OR tradition OR cultural) AND (""failed"" OR ""failure"" OR ""chance level"" OR ""no evidence"" OR ""did not"" OR ""unable"" OR ""not learn"" OR ""control group"")",pending,pending
1,Aldabrachelys gigantea,theory_discriminating_candidate,C,module,no,"""Aldabrachelys gigantea"" AND (""vocal learning"" OR communication OR signalling OR signaling OR referential OR combinatorial OR compositional OR ""turn-taking"" OR audience)",,"""Aldabrachelys gigantea"" AND (""vocal learning"" OR communication OR signalling OR signaling OR referential OR combinatorial OR compositional OR ""turn-taking"" OR audience) AND (""failed"" OR ""failure"" OR ""chance level"" OR ""no evidence"" OR ""did not"" OR ""unable"" OR ""not learn"" OR ""control group"")",pending,pending
1,Aldabrachelys gigantea,theory_discriminating_candidate,D,module,no,"""Aldabrachelys gigantea"" AND (""tool use"" OR ""tool manufacture"" OR manipulation OR manipulatory OR construction OR ""object modification"" OR transport)",,"""Aldabrachelys gigantea"" AND (""tool use"" OR ""tool manufacture"" OR manipulation OR manipulatory OR construction OR ""object modification"" OR transport) AND (""failed"" OR ""failure"" OR ""chance level"" OR ""no evidence"" OR ""did not"" OR ""unable"" OR ""not learn"" OR ""control group"")",pending,pending
1,Aldabrachelys gigantea,theory_discriminating_candidate,E,module,no,"""Aldabrachelys gigantea"" AND (artifact OR artefact OR construction OR nest OR dam OR cache OR trail OR bower OR ""environmental modification"" OR externalization OR externalisation)",,"""Aldabrachelys gigantea"" AND (artifact OR artefact OR construction OR nest OR dam OR cache OR trail OR bower OR ""environmental modification"" OR externalization OR externalisation) AND (""failed"" OR ""failure"" OR ""chance level"" OR ""no evidence"" OR ""did not"" OR ""unable"" OR ""not learn"" OR ""control group"")",pending,pending
1,Aldabrachelys gigantea,theory_discriminating_candidate,F,module,no,"""Aldabrachelys gigantea"" AND (cooperation OR cooperative OR ""social tolerance"" OR ""division of labor"" OR ""division of labour"" OR ""social network"" OR ""group decision"" OR ""fission-fusion"" OR alloparental)",,"""Aldabrachelys gigantea"" AND (cooperation OR cooperative OR ""social tolerance"" OR ""division of labor"" OR ""division of labour"" OR ""social network"" OR ""group decision"" OR ""fission-fusion"" OR alloparental) AND (""failed"" OR ""failure"" OR ""chance level"" OR ""no evidence"" OR ""did not"" OR ""unable"" OR ""not learn"" OR ""control group"")",pending,pending
1,Aldabrachelys gigantea,theory_discriminating_candidate,O1,outcome,no,"""Aldabrachelys gigantea"" AND (innovation OR ""novel problem"" OR ""problem solving"" OR transfer OR detour OR planning OR ""means-end"" OR reversal)",,"""Aldabrachelys gigantea"" AND (innovation OR ""novel problem"" OR ""problem solving"" OR transfer OR detour OR planning OR ""means-end"" OR reversal) AND (""failed"" OR ""failure"" OR ""chance level"" OR ""no evidence"" OR ""did not"" OR ""unable"" OR ""not learn"" OR ""control group"")",pending,pending
1,Aldabrachelys gigantea,theory_discriminating_candidate,O2,outcome,no,"""Aldabrachelys gigantea"" AND (tradition OR cultural OR culture OR ""socially transmitted"" OR ""social transmission"" OR dialect)",,"""Aldabrachelys gigantea"" AND (tradition OR cultural OR culture OR ""socially transmitted"" OR ""social transmission"" OR dialect) AND (""failed"" OR ""failure"" OR ""chance level"" OR ""no evidence"" OR ""did not"" OR ""unable"" OR ""not learn"" OR ""control group"")",pending,pending
1,Aldabrachelys gigantea,theory_discriminating_candidate,O3,outcome,no,"""Aldabrachelys gigantea"" AND (""cumulative culture"" OR cumulative OR ""transmission chain"" OR ""successive improvement"" OR ""ratchet"" OR ""naive individuals"" OR ""independent innovation"")",,"""Aldabrachelys gigantea"" AND (""cumulative culture"" OR cumulative OR ""transmission chain"" OR ""successive improvement"" OR ""ratchet"" OR ""naive individuals"" OR ""independent innovation"") AND (""failed"" OR ""failure"" OR ""chance level"" OR ""no evidence"" OR ""did not"" OR ""unable"" OR ""not learn"" OR ""control group"")",pending,pending
1,Aldabrachelys gigantea,theory_discriminating_candidate,O4,outcome,no,"""Aldabrachelys gigantea"" AND (""cultural repertoire"" OR ""behavioural repertoire"" OR ""behavioral repertoire"" OR ""cultural variants"" OR traditions)",,"""Aldabrachelys gigantea"" AND (""cultural repertoire"" OR ""behavioural repertoire"" OR ""behavioral repertoire"" OR ""cultural variants"" OR traditions) AND (""failed"" OR ""failure"" OR ""chance level"" OR ""no evidence"" OR ""did not"" OR ""unable"" OR ""not learn"" OR ""control group"")",pending,pending
1,Aldabrachelys gigantea,theory_discriminating_candidate,O5,outcome,no,"""Aldabrachelys gigantea"" AND (recombination OR specialization OR specialisation OR ""division of labor"" OR ""division of labour"" OR ""distributed knowledge"" OR ""network memory"" OR ""cross-group"")",,"""Aldabrachelys gigantea"" AND (recombination OR specialization OR specialisation OR ""division of labor"" OR ""division of labour"" OR ""distributed knowledge"" OR ""network memory"" OR ""cross-group"") AND (""failed"" OR ""failure"" OR ""chance level"" OR ""no evidence"" OR ""did not"" OR ""unable"" OR ""not learn"" OR ""control group"")",pending,pending
1,Aldabrachelys gigantea,theory_discriminating_candidate,O6,outcome,no,"""Aldabrachelys gigantea"" AND (artifact OR artefact OR construction OR cache OR trail OR nest OR dam OR bower OR ""persistent structure"" OR ""environmental modification"")",,"""Aldabrachelys gigantea"" AND (artifact OR artefact OR construction OR cache OR trail OR nest OR dam OR bower OR ""persistent structure"" OR ""environmental modification"") AND (""failed"" OR ""failure"" OR ""chance level"" OR ""no evidence"" OR ""did not"" OR ""unable"" OR ""not learn"" OR ""control group"")",pending,pending
1,Aldabrachelys gigantea,theory_discriminating_candidate,O7,outcome,no,"""Aldabrachelys gigantea"" AND (""cumulative culture"" OR ""open-ended"" OR ""open ended"" OR ""cultural evolution"" OR ""cumulative technological"" OR ""cumulative improvement"")",,"""Aldabrachelys gigantea"" AND (""cumulative culture"" OR ""open-ended"" OR ""open ended"" OR ""cultural evolution"" OR ""cumulative technological"" OR ""cumulative improvement"") AND (""failed"" OR ""failure"" OR ""chance level"" OR ""no evidence"" OR ""did not"" OR ""unable"" OR ""not learn"" OR ""control group"")",pending,pending
2,Aphelocoma californica,theory_discriminating_candidate,A,module,yes,"""Aphelocoma californica"" AND (""problem solving"" OR innovation OR ""behavioral flexibility"" OR ""behavioural flexibility"" OR ""reversal learning"" OR detour OR planning OR ""means-end"" OR causal)",,"""Aphelocoma californica"" AND (""problem solving"" OR innovation OR ""behavioral flexibility"" OR ""behavioural flexibility"" OR ""reversal learning"" OR detour OR planning OR ""means-end"" OR causal) AND (""failed"" OR ""failure"" OR ""chance level"" OR ""no evidence"" OR ""did not"" OR ""unable"" OR ""not learn"" OR ""control group"")",pending,pending
2,Aphelocoma californica,theory_discriminating_candidate,B,module,no,"""Aphelocoma californica"" AND (""social learning"" OR imitation OR emulation OR teaching OR transmission OR tradition OR cultural)",,"""Aphelocoma californica"" AND (""social learning"" OR imitation OR emulation OR teaching OR transmission OR tradition OR cultural) AND (""failed"" OR ""failure"" OR ""chance level"" OR ""no evidence"" OR ""did not"" OR ""unable"" OR ""not learn"" OR ""control group"")",pending,pending
2,Aphelocoma californica,theory_discriminating_candidate,C,module,no,"""Aphelocoma californica"" AND (""vocal learning"" OR communication OR signalling OR signaling OR referential OR combinatorial OR compositional OR ""turn-taking"" OR audience)",,"""Aphelocoma californica"" AND (""vocal learning"" OR communication OR signalling OR signaling OR referential OR combinatorial OR compositional OR ""turn-taking"" OR audience) AND (""failed"" OR ""failure"" OR ""chance level"" OR ""no evidence"" OR ""did not"" OR ""unable"" OR ""not learn"" OR ""control group"")",pending,pending
2,Aphelocoma californica,theory_discriminating_candidate,D,module,no,"""Aphelocoma californica"" AND (""tool use"" OR ""tool manufacture"" OR manipulation OR manipulatory OR construction OR ""object modification"" OR transport)",,"""Aphelocoma californica"" AND (""tool use"" OR ""tool manufacture"" OR manipulation OR manipulatory OR construction OR ""object modification"" OR transport) AND (""failed"" OR ""failure"" OR ""chance level"" OR ""no evidence"" OR ""did not"" OR ""unable"" OR ""not learn"" OR ""control group"")",pending,pending
2,Aphelocoma californica,theory_discriminating_candidate,E,module,no,"""Aphelocoma californica"" AND (artifact OR artefact OR construction OR nest OR dam OR cache OR trail OR bower OR ""environmental modification"" OR externalization OR externalisation)",,"""Aphelocoma californica"" AND (artifact OR artefact OR construction OR nest OR dam OR cache OR trail OR bower OR ""environmental modification"" OR externalization OR externalisation) AND (""failed"" OR ""failure"" OR ""chance level"" OR ""no evidence"" OR ""did not"" OR ""unable"" OR ""not learn"" OR ""control group"")",pending,pending
2,Aphelocoma californica,theory_discriminating_candidate,F,module,no,"""Aphelocoma californica"" AND (cooperation OR cooperative OR ""social tolerance"" OR ""division of labor"" OR ""division of labour"" OR ""social network"" OR ""group decision"" OR ""fission-fusion"" OR alloparental)",,"""Aphelocoma californica"" AND (cooperation OR cooperative OR ""social tolerance"" OR ""division of labor"" OR ""division of labour"" OR ""social network"" OR ""group decision"" OR ""fission-fusion"" OR alloparental) AND (""failed"" OR ""failure"" OR ""chance level"" OR ""no evidence"" OR ""did not"" OR ""unable"" OR ""not learn"" OR ""control group"")",pending,pending
2,Aphelocoma californica,theory_discriminating_candidate,O1,outcome,no,"""Aphelocoma californica"" AND (innovation OR ""novel problem"" OR ""problem solving"" OR transfer OR detour OR planning OR ""means-end"" OR reversal)",,"""Aphelocoma californica"" AND (innovation OR ""novel problem"" OR ""problem solving"" OR transfer OR detour OR planning OR ""means-end"" OR reversal) AND (""failed"" OR ""failure"" OR ""chance level"" OR ""no evidence"" OR ""did not"" OR ""unable"" OR ""not learn"" OR ""control group"")",pending,pending
2,Aphelocoma californica,theory_discriminating_candidate,O2,outcome,no,"""Aphelocoma californica"" AND (tradition OR cultural OR culture OR ""socially transmitted"" OR ""social transmission"" OR dialect)",,"""Aphelocoma californica"" AND (tradition OR cultural OR culture OR ""socially transmitted"" OR ""social transmission"" OR dialect) AND (""failed"" OR ""failure"" OR ""chance level"" OR ""no evidence"" OR ""did not"" OR ""unable"" OR ""not learn"" OR ""control group"")",pending,pending
2,Aphelocoma californica,theory_discriminating_candidate,O3,outcome,no,"""Aphelocoma californica"" AND (""cumulative culture"" OR cumulative OR ""transmission chain"" OR ""successive improvement"" OR ""ratchet"" OR ""naive individuals"" OR ""independent innovation"")",,"""Aphelocoma californica"" AND (""cumulative culture"" OR cumulative OR ""transmission chain"" OR ""successive improvement"" OR ""ratchet"" OR ""naive individuals"" OR ""independent innovation"") AND (""failed"" OR ""failure"" OR ""chance level"" OR ""no evidence"" OR ""did not"" OR ""unable"" OR ""not learn"" OR ""control group"")",pending,pending
2,Aphelocoma californica,theory_discriminating_candidate,O4,outcome,no,"""Aphelocoma californica"" AND (""cultural repertoire"" OR ""behavioural repertoire"" OR ""behavioral repertoire"" OR ""cultural variants"" OR traditions)",,"""Aphelocoma californica"" AND (""cultural repertoire"" OR ""behavioural repertoire"" OR ""behavioral repertoire"" OR ""cultural variants"" OR traditions) AND (""failed"" OR ""failure"" OR ""chance level"" OR ""no evidence"" OR ""did not"" OR ""unable"" OR ""not learn"" OR ""control group"")",pending,pending
2,Aphelocoma californica,theory_discriminating_candidate,O5,outcome,no,"""Aphelocoma californica"" AND (recombination OR specialization OR specialisation OR ""division of labor"" OR ""division of labour"" OR ""distributed knowledge"" OR ""network memory"" OR ""cross-group"")",,"""Aphelocoma californica"" AND (recombination OR specialization OR specialisation OR ""division of labor"" OR ""division of labour"" OR ""distributed knowledge"" OR ""network memory"" OR ""cross-group"") AND (""failed"" OR ""failure"" OR ""chance level"" OR ""no evidence"" OR ""did not"" OR ""unable"" OR ""not learn"" OR ""control group"")",pending,pending
2,Aphelocoma californica,theory_discriminating_candidate,O6,outcome,no,"""Aphelocoma californica"" AND (artifact OR artefact OR construction OR cache OR trail OR nest OR dam OR bower OR ""persistent structure"" OR ""environmental modification"")",,"""Aphelocoma californica"" AND (artifact OR artefact OR construction OR cache OR trail OR nest OR dam OR bower OR ""persistent structure"" OR ""environmental modification"") AND (""failed"" OR ""failure"" OR ""chance level"" OR ""no evidence"" OR ""did not"" OR ""unable"" OR ""not learn"" OR ""control group"")",pending,pending
2,Aphelocoma californica,theory_discriminating_candidate,O7,outcome,no,"""Aphelocoma californica"" AND (""cumulative culture"" OR ""open-ended"" OR ""open ended"" OR ""cultural evolution"" OR ""cumulative technological"" OR ""cumulative improvement"")",,"""Aphelocoma californica"" AND (""cumulative culture"" OR ""open-ended"" OR ""open ended"" OR ""cultural evolution"" OR ""cumulative technological"" OR ""cumulative improvement"") AND (""failed"" OR ""failure"" OR ""chance level"" OR ""no evidence"" OR ""did not"" OR ""unable"" OR ""not learn"" OR ""control group"")",pending,pending
3,Atta cephalotes,theory_discriminating_candidate,A,module,no,"""Atta cephalotes"" AND (""problem solving"" OR innovation OR ""behavioral flexibility"" OR ""behavioural flexibility"" OR ""reversal learning"" OR detour OR planning OR ""means-end"" OR causal)",,"""Atta cephalotes"" AND (""problem solving"" OR innovation OR ""behavioral flexibility"" OR ""behavioural flexibility"" OR ""reversal learning"" OR detour OR planning OR ""means-end"" OR causal) AND (""failed"" OR ""failure"" OR ""chance level"" OR ""no evidence"" OR ""did not"" OR ""unable"" OR ""not learn"" OR ""control group"")",pending,pending
3,Atta cephalotes,theory_discriminating_candidate,B,module,no,"""Atta cephalotes"" AND (""social learning"" OR imitation OR emulation OR teaching OR transmission OR tradition OR cultural)",,"""Atta cephalotes"" AND (""social learning"" OR imitation OR emulation OR teaching OR transmission OR tradition OR cultural) AND (""failed"" OR ""failure"" OR ""chance level"" OR ""no evidence"" OR ""did not"" OR ""unable"" OR ""not learn"" OR ""control group"")",pending,pending
3,Atta cephalotes,theory_discriminating_candidate,C,module,no,"""Atta cephalotes"" AND (""vocal learning"" OR communication OR signalling OR signaling OR referential OR combinatorial OR compositional OR ""turn-taking"" OR audience)",,"""Atta cephalotes"" AND (""vocal learning"" OR communication OR signalling OR signaling OR referential OR combinatorial OR compositional OR ""turn-taking"" OR audience) AND (""failed"" OR ""failure"" OR ""chance level"" OR ""no evidence"" OR ""did not"" OR ""unable"" OR ""not learn"" OR ""control group"")",pending,pending
3,Atta cephalotes,theory_discriminating_candidate,D,module,no,"""Atta cephalotes"" AND (""tool use"" OR ""tool manufacture"" OR manipulation OR manipulatory OR construction OR ""object modification"" OR transport)",,"""Atta cephalotes"" AND (""tool use"" OR ""tool manufacture"" OR manipulation OR manipulatory OR construction OR ""object modification"" OR transport) AND (""failed"" OR ""failure"" OR ""chance level"" OR ""no evidence"" OR ""did not"" OR ""unable"" OR ""not learn"" OR ""control group"")",pending,pending
3,Atta cephalotes,theory_discriminating_candidate,E,module,yes,"""Atta cephalotes"" AND (artifact OR artefact OR construction OR nest OR dam OR cache OR trail OR bower OR ""environmental modification"" OR externalization OR externalisation)",,"""Atta cephalotes"" AND (artifact OR artefact OR construction OR nest OR dam OR cache OR trail OR bower OR ""environmental modification"" OR externalization OR externalisation) AND (""failed"" OR ""failure"" OR ""chance level"" OR ""no evidence"" OR ""did not"" OR ""unable"" OR ""not learn"" OR ""control group"")",pending,pending
3,Atta cephalotes,theory_discriminating_candidate,F,module,yes,"""Atta cephalotes"" AND (cooperation OR cooperative OR ""social tolerance"" OR ""division of labor"" OR ""division of labour"" OR ""social network"" OR ""group decision"" OR ""fission-fusion"" OR alloparental)",,"""Atta cephalotes"" AND (cooperation OR cooperative OR ""social tolerance"" OR ""division of labor"" OR ""division of labour"" OR ""social network"" OR ""group decision"" OR ""fission-fusion"" OR alloparental) AND (""failed"" OR ""failure"" OR ""chance level"" OR ""no evidence"" OR ""did not"" OR ""unable"" OR ""not learn"" OR ""control group"")",pending,pending
3,Atta cephalotes,theory_discriminating_candidate,O1,outcome,no,"""Atta cephalotes"" AND (innovation OR ""novel problem"" OR ""problem solving"" OR transfer OR detour OR planning OR ""means-end"" OR reversal)",,"""Atta cephalotes"" AND (innovation OR ""novel problem"" OR ""problem solving"" OR transfer OR detour OR planning OR ""means-end"" OR reversal) AND (""failed"" OR ""failure"" OR ""chance level"" OR ""no evidence"" OR ""did not"" OR ""unable"" OR ""not learn"" OR ""control group"")",pending,pending
3,Atta cephalotes,theory_discriminating_candidate,O2,outcome,no,"""Atta cephalotes"" AND (tradition OR cultural OR culture OR ""socially transmitted"" OR ""social transmission"" OR dialect)",,"""Atta cephalotes"" AND (tradition OR cultural OR culture OR ""socially transmitted"" OR ""social transmission"" OR dialect) AND (""failed"" OR ""failure"" OR ""chance level"" OR ""no evidence"" OR ""did not"" OR ""unable"" OR ""not learn"" OR ""control group"")",pending,pending
3,Atta cephalotes,theory_discriminating_candidate,O3,outcome,no,"""Atta cephalotes"" AND (""cumulative culture"" OR cumulative OR ""transmission chain"" OR ""successive improvement"" OR ""ratchet"" OR ""naive individuals"" OR ""independent innovation"")",,"""Atta cephalotes"" AND (""cumulative culture"" OR cumulative OR ""transmission chain"" OR ""successive improvement"" OR ""ratchet"" OR ""naive individuals"" OR ""independent innovation"") AND (""failed"" OR ""failure"" OR ""chance level"" OR ""no evidence"" OR ""did not"" OR ""unable"" OR ""not learn"" OR ""control group"")",pending,pending
3,Atta cephalotes,theory_discriminating_candidate,O4,outcome,no,"""Atta cephalotes"" AND (""cultural repertoire"" OR ""behavioural repertoire"" OR ""behavioral repertoire"" OR ""cultural variants"" OR traditions)",,"""Atta cephalotes"" AND (""cultural repertoire"" OR ""behavioural repertoire"" OR ""behavioral repertoire"" OR ""cultural variants"" OR traditions) AND (""failed"" OR ""failure"" OR ""chance level"" OR ""no evidence"" OR ""did not"" OR ""unable"" OR ""not learn"" OR ""control group"")",pending,pending
3,Atta cephalotes,theory_discriminating_candidate,O5,outcome,no,"""Atta cephalotes"" AND (recombination OR specialization OR specialisation OR ""division of labor"" OR ""division of labour"" OR ""distributed knowledge"" OR ""network memory"" OR ""cross-group"")",,"""Atta cephalotes"" AND (recombination OR specialization OR specialisation OR ""division of labor"" OR ""division of labour"" OR ""distributed knowledge"" OR ""network memory"" OR ""cross-group"") AND (""failed"" OR ""failure"" OR ""chance level"" OR ""no evidence"" OR ""did not"" OR ""unable"" OR ""not learn"" OR ""control group"")",pending,pending
3,Atta cephalotes,theory_discriminating_candidate,O6,outcome,no,"""Atta cephalotes"" AND (artifact OR artefact OR construction OR cache OR trail OR nest OR dam OR bower OR ""persistent structure"" OR ""environmental modification"")",,"""Atta cephalotes"" AND (artifact OR artefact OR construction OR cache OR trail OR nest OR dam OR bower OR ""persistent structure"" OR ""environmental modification"") AND (""failed"" OR ""failure"" OR ""chance level"" OR ""no evidence"" OR ""did not"" OR ""unable"" OR ""not learn"" OR ""control group"")",pending,pending
3,Atta cephalotes,theory_discriminating_candidate,O7,outcome,no,"""Atta cephalotes"" AND (""cumulative culture"" OR ""open-ended"" OR ""open ended"" OR ""cultural evolution"" OR ""cumulative technological"" OR ""cumulative improvement"")",,"""Atta cephalotes"" AND (""cumulative culture"" OR ""open-ended"" OR ""open ended"" OR ""cultural evolution"" OR ""cumulative technological"" OR ""cumulative improvement"") AND (""failed"" OR ""failure"" OR ""chance level"" OR ""no evidence"" OR ""did not"" OR ""unable"" OR ""not learn"" OR ""control group"")",pending,pending
4,Canis lupus,theory_discriminating_candidate,A,module,no,"""Canis lupus"" AND (""problem solving"" OR innovation OR ""behavioral flexibility"" OR ""behavioural flexibility"" OR ""reversal learning"" OR detour OR planning OR ""means-end"" OR causal)",,"""Canis lupus"" AND (""problem solving"" OR innovation OR ""behavioral flexibility"" OR ""behavioural flexibility"" OR ""reversal learning"" OR detour OR planning OR ""means-end"" OR causal) AND (""failed"" OR ""failure"" OR ""chance level"" OR ""no evidence"" OR ""did not"" OR ""unable"" OR ""not learn"" OR ""control group"")",pending,pending
4,Canis lupus,theory_discriminating_candidate,B,module,no,"""Canis lupus"" AND (""social learning"" OR imitation OR emulation OR teaching OR transmission OR tradition OR cultural)",,"""Canis lupus"" AND (""social learning"" OR imitation OR emulation OR teaching OR transmission OR tradition OR cultural) AND (""failed"" OR ""failure"" OR ""chance level"" OR ""no evidence"" OR ""did not"" OR ""unable"" OR ""not learn"" OR ""control group"")",pending,pending
4,Canis lupus,theory_discriminating_candidate,C,module,no,"""Canis lupus"" AND (""vocal learning"" OR communication OR signalling OR signaling OR referential OR combinatorial OR compositional OR ""turn-taking"" OR audience)",,"""Canis lupus"" AND (""vocal learning"" OR communication OR signalling OR signaling OR referential OR combinatorial OR compositional OR ""turn-taking"" OR audience) AND (""failed"" OR ""failure"" OR ""chance level"" OR ""no evidence"" OR ""did not"" OR ""unable"" OR ""not learn"" OR ""control group"")",pending,pending
4,Canis lupus,theory_discriminating_candidate,D,module,no,"""Canis lupus"" AND (""tool use"" OR ""tool manufacture"" OR manipulation OR manipulatory OR construction OR ""object modification"" OR transport)",,"""Canis lupus"" AND (""tool use"" OR ""tool manufacture"" OR manipulation OR manipulatory OR construction OR ""object modification"" OR transport) AND (""failed"" OR ""failure"" OR ""chance level"" OR ""no evidence"" OR ""did not"" OR ""unable"" OR ""not learn"" OR ""control group"")",pending,pending
4,Canis lupus,theory_discriminating_candidate,E,module,no,"""Canis lupus"" AND (artifact OR artefact OR construction OR nest OR dam OR cache OR trail OR bower OR ""environmental modification"" OR externalization OR externalisation)",,"""Canis lupus"" AND (artifact OR artefact OR construction OR nest OR dam OR cache OR trail OR bower OR ""environmental modification"" OR externalization OR externalisation) AND (""failed"" OR ""failure"" OR ""chance level"" OR ""no evidence"" OR ""did not"" OR ""unable"" OR ""not learn"" OR ""control group"")",pending,pending
4,Canis lupus,theory_discriminating_candidate,F,module,yes,"""Canis lupus"" AND (cooperation OR cooperative OR ""social tolerance"" OR ""division of labor"" OR ""division of labour"" OR ""social network"" OR ""group decision"" OR ""fission-fusion"" OR alloparental)",,"""Canis lupus"" AND (cooperation OR cooperative OR ""social tolerance"" OR ""division of labor"" OR ""division of labour"" OR ""social network"" OR ""group decision"" OR ""fission-fusion"" OR alloparental) AND (""failed"" OR ""failure"" OR ""chance level"" OR ""no evidence"" OR ""did not"" OR ""unable"" OR ""not learn"" OR ""control group"")",pending,pending
4,Canis lupus,theory_discriminating_candidate,O1,outcome,no,"""Canis lupus"" AND (innovation OR ""novel problem"" OR ""problem solving"" OR transfer OR detour OR planning OR ""means-end"" OR reversal)",,"""Canis lupus"" AND (innovation OR ""novel problem"" OR ""problem solving"" OR transfer OR detour OR planning OR ""means-end"" OR reversal) AND (""failed"" OR ""failure"" OR ""chance level"" OR ""no evidence"" OR ""did not"" OR ""unable"" OR ""not learn"" OR ""control group"")",pending,pending
4,Canis lupus,theory_discriminating_candidate,O2,outcome,no,"""Canis lupus"" AND (tradition OR cultural OR culture OR ""socially transmitted"" OR ""social transmission"" OR dialect)",,"""Canis lupus"" AND (tradition OR cultural OR culture OR ""socially transmitted"" OR ""social transmission"" OR dialect) AND (""failed"" OR ""failure"" OR ""chance level"" OR ""no evidence"" OR ""did not"" OR ""unable"" OR ""not learn"" OR ""control group"")",pending,pending
4,Canis lupus,theory_discriminating_candidate,O3,outcome,no,"""Canis lupus"" AND (""cumulative culture"" OR cumulative OR ""transmission chain"" OR ""successive improvement"" OR ""ratchet"" OR ""naive individuals"" OR ""independent innovation"")",,"""Canis lupus"" AND (""cumulative culture"" OR cumulative OR ""transmission chain"" OR ""successive improvement"" OR ""ratchet"" OR ""naive individuals"" OR ""independent innovation"") AND (""failed"" OR ""failure"" OR ""chance level"" OR ""no evidence"" OR ""did not"" OR ""unable"" OR ""not learn"" OR ""control group"")",pending,pending
4,Canis lupus,theory_discriminating_candidate,O4,outcome,no,"""Canis lupus"" AND (""cultural repertoire"" OR ""behavioural repertoire"" OR ""behavioral repertoire"" OR ""cultural variants"" OR traditions)",,"""Canis lupus"" AND (""cultural repertoire"" OR ""behavioural repertoire"" OR ""behavioral repertoire"" OR ""cultural variants"" OR traditions) AND (""failed"" OR ""failure"" OR ""chance level"" OR ""no evidence"" OR ""did not"" OR ""unable"" OR ""not learn"" OR ""control group"")",pending,pending
4,Canis lupus,theory_discriminating_candidate,O5,outcome,no,"""Canis lupus"" AND (recombination OR specialization OR specialisation OR ""division of labor"" OR ""division of labour"" OR ""distributed knowledge"" OR ""network memory"" OR ""cross-group"")",,"""Canis lupus"" AND (recombination OR specialization OR specialisation OR ""division of labor"" OR ""division of labour"" OR ""distributed knowledge"" OR ""network memory"" OR ""cross-group"") AND (""failed"" OR ""failure"" OR ""chance level"" OR ""no evidence"" OR ""did not"" OR ""unable"" OR ""not learn"" OR ""control group"")",pending,pending
4,Canis lupus,theory_discriminating_candidate,O6,outcome,no,"""Canis lupus"" AND (artifact OR artefact OR construction OR cache OR trail OR nest OR dam OR bower OR ""persistent structure"" OR ""environmental modification"")",,"""Canis lupus"" AND (artifact OR artefact OR construction OR cache OR trail OR nest OR dam OR bower OR ""persistent structure"" OR ""environmental modification"") AND (""failed"" OR ""failure"" OR ""chance level"" OR ""no evidence"" OR ""did not"" OR ""unable"" OR ""not learn"" OR ""control group"")",pending,pending
4,Canis lupus,theory_discriminating_candidate,O7,outcome,no,"""Canis lupus"" AND (""cumulative culture"" OR ""open-ended"" OR ""open ended"" OR ""cultural evolution"" OR ""cumulative technological"" OR ""cumulative improvement"")",,"""Canis lupus"" AND (""cumulative culture"" OR ""open-ended"" OR ""open ended"" OR ""cultural evolution"" OR ""cumulative technological"" OR ""cumulative improvement"") AND (""failed"" OR ""failure"" OR ""chance level"" OR ""no evidence"" OR ""did not"" OR ""unable"" OR ""not learn"" OR ""control group"")",pending,pending
5,Castor canadensis,theory_discriminating_candidate,A,module,no,"""Castor canadensis"" AND (""problem solving"" OR innovation OR ""behavioral flexibility"" OR ""behavioural flexibility"" OR ""reversal learning"" OR detour OR planning OR ""means-end"" OR causal)",,"""Castor canadensis"" AND (""problem solving"" OR innovation OR ""behavioral flexibility"" OR ""behavioural flexibility"" OR ""reversal learning"" OR detour OR planning OR ""means-end"" OR causal) AND (""failed"" OR ""failure"" OR ""chance level"" OR ""no evidence"" OR ""did not"" OR ""unable"" OR ""not learn"" OR ""control group"")",pending,pending
5,Castor canadensis,theory_discriminating_candidate,B,module,no,"""Castor canadensis"" AND (""social learning"" OR imitation OR emulation OR teaching OR transmission OR tradition OR cultural)",,"""Castor canadensis"" AND (""social learning"" OR imitation OR emulation OR teaching OR transmission OR tradition OR cultural) AND (""failed"" OR ""failure"" OR ""chance level"" OR ""no evidence"" OR ""did not"" OR ""unable"" OR ""not learn"" OR ""control group"")",pending,pending
5,Castor canadensis,theory_discriminating_candidate,C,module,no,"""Castor canadensis"" AND (""vocal learning"" OR communication OR signalling OR signaling OR referential OR combinatorial OR compositional OR ""turn-taking"" OR audience)",,"""Castor canadensis"" AND (""vocal learning"" OR communication OR signalling OR signaling OR referential OR combinatorial OR compositional OR ""turn-taking"" OR audience) AND (""failed"" OR ""failure"" OR ""chance level"" OR ""no evidence"" OR ""did not"" OR ""unable"" OR ""not learn"" OR ""control group"")",pending,pending
5,Castor canadensis,theory_discriminating_candidate,D,module,no,"""Castor canadensis"" AND (""tool use"" OR ""tool manufacture"" OR manipulation OR manipulatory OR construction OR ""object modification"" OR transport)",,"""Castor canadensis"" AND (""tool use"" OR ""tool manufacture"" OR manipulation OR manipulatory OR construction OR ""object modification"" OR transport) AND (""failed"" OR ""failure"" OR ""chance level"" OR ""no evidence"" OR ""did not"" OR ""unable"" OR ""not learn"" OR ""control group"")",pending,pending
5,Castor canadensis,theory_discriminating_candidate,E,module,yes,"""Castor canadensis"" AND (artifact OR artefact OR construction OR nest OR dam OR cache OR trail OR bower OR ""environmental modification"" OR externalization OR externalisation)",,"""Castor canadensis"" AND (artifact OR artefact OR construction OR nest OR dam OR cache OR trail OR bower OR ""environmental modification"" OR externalization OR externalisation) AND (""failed"" OR ""failure"" OR ""chance level"" OR ""no evidence"" OR ""did not"" OR ""unable"" OR ""not learn"" OR ""control group"")",pending,pending
5,Castor canadensis,theory_discriminating_candidate,F,module,no,"""Castor canadensis"" AND (cooperation OR cooperative OR ""social tolerance"" OR ""division of labor"" OR ""division of labour"" OR ""social network"" OR ""group decision"" OR ""fission-fusion"" OR alloparental)",,"""Castor canadensis"" AND (cooperation OR cooperative OR ""social tolerance"" OR ""division of labor"" OR ""division of labour"" OR ""social network"" OR ""group decision"" OR ""fission-fusion"" OR alloparental) AND (""failed"" OR ""failure"" OR ""chance level"" OR ""no evidence"" OR ""did not"" OR ""unable"" OR ""not learn"" OR ""control group"")",pending,pending
5,Castor canadensis,theory_discriminating_candidate,O1,outcome,no,"""Castor canadensis"" AND (innovation OR ""novel problem"" OR ""problem solving"" OR transfer OR detour OR planning OR ""means-end"" OR reversal)",,"""Castor canadensis"" AND (innovation OR ""novel problem"" OR ""problem solving"" OR transfer OR detour OR planning OR ""means-end"" OR reversal) AND (""failed"" OR ""failure"" OR ""chance level"" OR ""no evidence"" OR ""did not"" OR ""unable"" OR ""not learn"" OR ""control group"")",pending,pending
5,Castor canadensis,theory_discriminating_candidate,O2,outcome,no,"""Castor canadensis"" AND (tradition OR cultural OR culture OR ""socially transmitted"" OR ""social transmission"" OR dialect)",,"""Castor canadensis"" AND (tradition OR cultural OR culture OR ""socially transmitted"" OR ""social transmission"" OR dialect) AND (""failed"" OR ""failure"" OR ""chance level"" OR ""no evidence"" OR ""did not"" OR ""unable"" OR ""not learn"" OR ""control group"")",pending,pending
5,Castor canadensis,theory_discriminating_candidate,O3,outcome,no,"""Castor canadensis"" AND (""cumulative culture"" OR cumulative OR ""transmission chain"" OR ""successive improvement"" OR ""ratchet"" OR ""naive individuals"" OR ""independent innovation"")",,"""Castor canadensis"" AND (""cumulative culture"" OR cumulative OR ""transmission chain"" OR ""successive improvement"" OR ""ratchet"" OR ""naive individuals"" OR ""independent innovation"") AND (""failed"" OR ""failure"" OR ""chance level"" OR ""no evidence"" OR ""did not"" OR ""unable"" OR ""not learn"" OR ""control group"")",pending,pending
5,Castor canadensis,theory_discriminating_candidate,O4,outcome,no,"""Castor canadensis"" AND (""cultural repertoire"" OR ""behavioural repertoire"" OR ""behavioral repertoire"" OR ""cultural variants"" OR traditions)",,"""Castor canadensis"" AND (""cultural repertoire"" OR ""behavioural repertoire"" OR ""behavioral repertoire"" OR ""cultural variants"" OR traditions) AND (""failed"" OR ""failure"" OR ""chance level"" OR ""no evidence"" OR ""did not"" OR ""unable"" OR ""not learn"" OR ""control group"")",pending,pending
5,Castor canadensis,theory_discriminating_candidate,O5,outcome,no,"""Castor canadensis"" AND (recombination OR specialization OR specialisation OR ""division of labor"" OR ""division of labour"" OR ""distributed knowledge"" OR ""network memory"" OR ""cross-group"")",,"""Castor canadensis"" AND (recombination OR specialization OR specialisation OR ""division of labor"" OR ""division of labour"" OR ""distributed knowledge"" OR ""network memory"" OR ""cross-group"") AND (""failed"" OR ""failure"" OR ""chance level"" OR ""no evidence"" OR ""did not"" OR ""unable"" OR ""not learn"" OR ""control group"")",pending,pending
5,Castor canadensis,theory_discriminating_candidate,O6,outcome,no,"""Castor canadensis"" AND (artifact OR artefact OR construction OR cache OR trail OR nest OR dam OR bower OR ""persistent structure"" OR ""environmental modification"")",,"""Castor canadensis"" AND (artifact OR artefact OR construction OR cache OR trail OR nest OR dam OR bower OR ""persistent structure"" OR ""environmental modification"") AND (""failed"" OR ""failure"" OR ""chance level"" OR ""no evidence"" OR ""did not"" OR ""unable"" OR ""not learn"" OR ""control group"")",pending,pending
5,Castor canadensis,theory_discriminating_candidate,O7,outcome,no,"""Castor canadensis"" AND (""cumulative culture"" OR ""open-ended"" OR ""open ended"" OR ""cultural evolution"" OR ""cumulative technological"" OR ""cumulative improvement"")",,"""Castor canadensis"" AND (""cumulative culture"" OR ""open-ended"" OR ""open ended"" OR ""cultural evolution"" OR ""cumulative technological"" OR ""cumulative improvement"") AND (""failed"" OR ""failure"" OR ""chance level"" OR ""no evidence"" OR ""did not"" OR ""unable"" OR ""not learn"" OR ""control group"")",pending,pending
6,Enhydra lutris,theory_discriminating_candidate,A,module,no,"""Enhydra lutris"" AND (""problem solving"" OR innovation OR ""behavioral flexibility"" OR ""behavioural flexibility"" OR ""reversal learning"" OR detour OR planning OR ""means-end"" OR causal)",,"""Enhydra lutris"" AND (""problem solving"" OR innovation OR ""behavioral flexibility"" OR ""behavioural flexibility"" OR ""reversal learning"" OR detour OR planning OR ""means-end"" OR causal) AND (""failed"" OR ""failure"" OR ""chance level"" OR ""no evidence"" OR ""did not"" OR ""unable"" OR ""not learn"" OR ""control group"")",pending,pending
6,Enhydra lutris,theory_discriminating_candidate,B,module,no,"""Enhydra lutris"" AND (""social learning"" OR imitation OR emulation OR teaching OR transmission OR tradition OR cultural)",,"""Enhydra lutris"" AND (""social learning"" OR imitation OR emulation OR teaching OR transmission OR tradition OR cultural) AND (""failed"" OR ""failure"" OR ""chance level"" OR ""no evidence"" OR ""did not"" OR ""unable"" OR ""not learn"" OR ""control group"")",pending,pending
6,Enhydra lutris,theory_discriminating_candidate,C,module,no,"""Enhydra lutris"" AND (""vocal learning"" OR communication OR signalling OR signaling OR referential OR combinatorial OR compositional OR ""turn-taking"" OR audience)",,"""Enhydra lutris"" AND (""vocal learning"" OR communication OR signalling OR signaling OR referential OR combinatorial OR compositional OR ""turn-taking"" OR audience) AND (""failed"" OR ""failure"" OR ""chance level"" OR ""no evidence"" OR ""did not"" OR ""unable"" OR ""not learn"" OR ""control group"")",pending,pending
6,Enhydra lutris,theory_discriminating_candidate,D,module,yes,"""Enhydra lutris"" AND (""tool use"" OR ""tool manufacture"" OR manipulation OR manipulatory OR construction OR ""object modification"" OR transport)",,"""Enhydra lutris"" AND (""tool use"" OR ""tool manufacture"" OR manipulation OR manipulatory OR construction OR ""object modification"" OR transport) AND (""failed"" OR ""failure"" OR ""chance level"" OR ""no evidence"" OR ""did not"" OR ""unable"" OR ""not learn"" OR ""control group"")",pending,pending
6,Enhydra lutris,theory_discriminating_candidate,E,module,no,"""Enhydra lutris"" AND (artifact OR artefact OR construction OR nest OR dam OR cache OR trail OR bower OR ""environmental modification"" OR externalization OR externalisation)",,"""Enhydra lutris"" AND (artifact OR artefact OR construction OR nest OR dam OR cache OR trail OR bower OR ""environmental modification"" OR externalization OR externalisation) AND (""failed"" OR ""failure"" OR ""chance level"" OR ""no evidence"" OR ""did not"" OR ""unable"" OR ""not learn"" OR ""control group"")",pending,pending
6,Enhydra lutris,theory_discriminating_candidate,F,module,no,"""Enhydra lutris"" AND (cooperation OR cooperative OR ""social tolerance"" OR ""division of labor"" OR ""division of labour"" OR ""social network"" OR ""group decision"" OR ""fission-fusion"" OR alloparental)",,"""Enhydra lutris"" AND (cooperation OR cooperative OR ""social tolerance"" OR ""division of labor"" OR ""division of labour"" OR ""social network"" OR ""group decision"" OR ""fission-fusion"" OR alloparental) AND (""failed"" OR ""failure"" OR ""chance level"" OR ""no evidence"" OR ""did not"" OR ""unable"" OR ""not learn"" OR ""control group"")",pending,pending
6,Enhydra lutris,theory_discriminating_candidate,O1,outcome,no,"""Enhydra lutris"" AND (innovation OR ""novel problem"" OR ""problem solving"" OR transfer OR detour OR planning OR ""means-end"" OR reversal)",,"""Enhydra lutris"" AND (innovation OR ""novel problem"" OR ""problem solving"" OR transfer OR detour OR planning OR ""means-end"" OR reversal) AND (""failed"" OR ""failure"" OR ""chance level"" OR ""no evidence"" OR ""did not"" OR ""unable"" OR ""not learn"" OR ""control group"")",pending,pending
6,Enhydra lutris,theory_discriminating_candidate,O2,outcome,no,"""Enhydra lutris"" AND (tradition OR cultural OR culture OR ""socially transmitted"" OR ""social transmission"" OR dialect)",,"""Enhydra lutris"" AND (tradition OR cultural OR culture OR ""socially transmitted"" OR ""social transmission"" OR dialect) AND (""failed"" OR ""failure"" OR ""chance level"" OR ""no evidence"" OR ""did not"" OR ""unable"" OR ""not learn"" OR ""control group"")",pending,pending
6,Enhydra lutris,theory_discriminating_candidate,O3,outcome,no,"""Enhydra lutris"" AND (""cumulative culture"" OR cumulative OR ""transmission chain"" OR ""successive improvement"" OR ""ratchet"" OR ""naive individuals"" OR ""independent innovation"")",,"""Enhydra lutris"" AND (""cumulative culture"" OR cumulative OR ""transmission chain"" OR ""successive improvement"" OR ""ratchet"" OR ""naive individuals"" OR ""independent innovation"") AND (""failed"" OR ""failure"" OR ""chance level"" OR ""no evidence"" OR ""did not"" OR ""unable"" OR ""not learn"" OR ""control group"")",pending,pending
6,Enhydra lutris,theory_discriminating_candidate,O4,outcome,no,"""Enhydra lutris"" AND (""cultural repertoire"" OR ""behavioural repertoire"" OR ""behavioral repertoire"" OR ""cultural variants"" OR traditions)",,"""Enhydra lutris"" AND (""cultural repertoire"" OR ""behavioural repertoire"" OR ""behavioral repertoire"" OR ""cultural variants"" OR traditions) AND (""failed"" OR ""failure"" OR ""chance level"" OR ""no evidence"" OR ""did not"" OR ""unable"" OR ""not learn"" OR ""control group"")",pending,pending
6,Enhydra lutris,theory_discriminating_candidate,O5,outcome,no,"""Enhydra lutris"" AND (recombination OR specialization OR specialisation OR ""division of labor"" OR ""division of labour"" OR ""distributed knowledge"" OR ""network memory"" OR ""cross-group"")",,"""Enhydra lutris"" AND (recombination OR specialization OR specialisation OR ""division of labor"" OR ""division of labour"" OR ""distributed knowledge"" OR ""network memory"" OR ""cross-group"") AND (""failed"" OR ""failure"" OR ""chance level"" OR ""no evidence"" OR ""did not"" OR ""unable"" OR ""not learn"" OR ""control group"")",pending,pending
6,Enhydra lutris,theory_discriminating_candidate,O6,outcome,no,"""Enhydra lutris"" AND (artifact OR artefact OR construction OR cache OR trail OR nest OR dam OR bower OR ""persistent structure"" OR ""environmental modification"")",,"""Enhydra lutris"" AND (artifact OR artefact OR construction OR cache OR trail OR nest OR dam OR bower OR ""persistent structure"" OR ""environmental modification"") AND (""failed"" OR ""failure"" OR ""chance level"" OR ""no evidence"" OR ""did not"" OR ""unable"" OR ""not learn"" OR ""control group"")",pending,pending
6,Enhydra lutris,theory_discriminating_candidate,O7,outcome,no,"""Enhydra lutris"" AND (""cumulative culture"" OR ""open-ended"" OR ""open ended"" OR ""cultural evolution"" OR ""cumulative technological"" OR ""cumulative improvement"")",,"""Enhydra lutris"" AND (""cumulative culture"" OR ""open-ended"" OR ""open ended"" OR ""cultural evolution"" OR ""cumulative technological"" OR ""cumulative improvement"") AND (""failed"" OR ""failure"" OR ""chance level"" OR ""no evidence"" OR ""did not"" OR ""unable"" OR ""not learn"" OR ""control group"")",pending,pending
7,Heterocephalus glaber,theory_discriminating_candidate,A,module,no,"""Heterocephalus glaber"" AND (""problem solving"" OR innovation OR ""behavioral flexibility"" OR ""behavioural flexibility"" OR ""reversal learning"" OR detour OR planning OR ""means-end"" OR causal)",,"""Heterocephalus glaber"" AND (""problem solving"" OR innovation OR ""behavioral flexibility"" OR ""behavioural flexibility"" OR ""reversal learning"" OR detour OR planning OR ""means-end"" OR causal) AND (""failed"" OR ""failure"" OR ""chance level"" OR ""no evidence"" OR ""did not"" OR ""unable"" OR ""not learn"" OR ""control group"")",pending,pending
7,Heterocephalus glaber,theory_discriminating_candidate,B,module,yes,"""Heterocephalus glaber"" AND (""social learning"" OR imitation OR emulation OR teaching OR transmission OR tradition OR cultural)",,"""Heterocephalus glaber"" AND (""social learning"" OR imitation OR emulation OR teaching OR transmission OR tradition OR cultural) AND (""failed"" OR ""failure"" OR ""chance level"" OR ""no evidence"" OR ""did not"" OR ""unable"" OR ""not learn"" OR ""control group"")",pending,pending
7,Heterocephalus glaber,theory_discriminating_candidate,C,module,yes,"""Heterocephalus glaber"" AND (""vocal learning"" OR communication OR signalling OR signaling OR referential OR combinatorial OR compositional OR ""turn-taking"" OR audience)",,"""Heterocephalus glaber"" AND (""vocal learning"" OR communication OR signalling OR signaling OR referential OR combinatorial OR compositional OR ""turn-taking"" OR audience) AND (""failed"" OR ""failure"" OR ""chance level"" OR ""no evidence"" OR ""did not"" OR ""unable"" OR ""not learn"" OR ""control group"")",pending,pending
7,Heterocephalus glaber,theory_discriminating_candidate,D,module,no,"""Heterocephalus glaber"" AND (""tool use"" OR ""tool manufacture"" OR manipulation OR manipulatory OR construction OR ""object modification"" OR transport)",,"""Heterocephalus glaber"" AND (""tool use"" OR ""tool manufacture"" OR manipulation OR manipulatory OR construction OR ""object modification"" OR transport) AND (""failed"" OR ""failure"" OR ""chance level"" OR ""no evidence"" OR ""did not"" OR ""unable"" OR ""not learn"" OR ""control group"")",pending,pending
7,Heterocephalus glaber,theory_discriminating_candidate,E,module,no,"""Heterocephalus glaber"" AND (artifact OR artefact OR construction OR nest OR dam OR cache OR trail OR bower OR ""environmental modification"" OR externalization OR externalisation)",,"""Heterocephalus glaber"" AND (artifact OR artefact OR construction OR nest OR dam OR cache OR trail OR bower OR ""environmental modification"" OR externalization OR externalisation) AND (""failed"" OR ""failure"" OR ""chance level"" OR ""no evidence"" OR ""did not"" OR ""unable"" OR ""not learn"" OR ""control group"")",pending,pending
7,Heterocephalus glaber,theory_discriminating_candidate,F,module,yes,"""Heterocephalus glaber"" AND (cooperation OR cooperative OR ""social tolerance"" OR ""division of labor"" OR ""division of labour"" OR ""social network"" OR ""group decision"" OR ""fission-fusion"" OR alloparental)",,"""Heterocephalus glaber"" AND (cooperation OR cooperative OR ""social tolerance"" OR ""division of labor"" OR ""division of labour"" OR ""social network"" OR ""group decision"" OR ""fission-fusion"" OR alloparental) AND (""failed"" OR ""failure"" OR ""chance level"" OR ""no evidence"" OR ""did not"" OR ""unable"" OR ""not learn"" OR ""control group"")",pending,pending
7,Heterocephalus glaber,theory_discriminating_candidate,O1,outcome,no,"""Heterocephalus glaber"" AND (innovation OR ""novel problem"" OR ""problem solving"" OR transfer OR detour OR planning OR ""means-end"" OR reversal)",,"""Heterocephalus glaber"" AND (innovation OR ""novel problem"" OR ""problem solving"" OR transfer OR detour OR planning OR ""means-end"" OR reversal) AND (""failed"" OR ""failure"" OR ""chance level"" OR ""no evidence"" OR ""did not"" OR ""unable"" OR ""not learn"" OR ""control group"")",pending,pending
7,Heterocephalus glaber,theory_discriminating_candidate,O2,outcome,no,"""Heterocephalus glaber"" AND (tradition OR cultural OR culture OR ""socially transmitted"" OR ""social transmission"" OR dialect)",,"""Heterocephalus glaber"" AND (tradition OR cultural OR culture OR ""socially transmitted"" OR ""social transmission"" OR dialect) AND (""failed"" OR ""failure"" OR ""chance level"" OR ""no evidence"" OR ""did not"" OR ""unable"" OR ""not learn"" OR ""control group"")",pending,pending
7,Heterocephalus glaber,theory_discriminating_candidate,O3,outcome,no,"""Heterocephalus glaber"" AND (""cumulative culture"" OR cumulative OR ""transmission chain"" OR ""successive improvement"" OR ""ratchet"" OR ""naive individuals"" OR ""independent innovation"")",,"""Heterocephalus glaber"" AND (""cumulative culture"" OR cumulative OR ""transmission chain"" OR ""successive improvement"" OR ""ratchet"" OR ""naive individuals"" OR ""independent innovation"") AND (""failed"" OR ""failure"" OR ""chance level"" OR ""no evidence"" OR ""did not"" OR ""unable"" OR ""not learn"" OR ""control group"")",pending,pending
7,Heterocephalus glaber,theory_discriminating_candidate,O4,outcome,no,"""Heterocephalus glaber"" AND (""cultural repertoire"" OR ""behavioural repertoire"" OR ""behavioral repertoire"" OR ""cultural variants"" OR traditions)",,"""Heterocephalus glaber"" AND (""cultural repertoire"" OR ""behavioural repertoire"" OR ""behavioral repertoire"" OR ""cultural variants"" OR traditions) AND (""failed"" OR ""failure"" OR ""chance level"" OR ""no evidence"" OR ""did not"" OR ""unable"" OR ""not learn"" OR ""control group"")",pending,pending
7,Heterocephalus glaber,theory_discriminating_candidate,O5,outcome,no,"""Heterocephalus glaber"" AND (recombination OR specialization OR specialisation OR ""division of labor"" OR ""division of labour"" OR ""distributed knowledge"" OR ""network memory"" OR ""cross-group"")",,"""Heterocephalus glaber"" AND (recombination OR specialization OR specialisation OR ""division of labor"" OR ""division of labour"" OR ""distributed knowledge"" OR ""network memory"" OR ""cross-group"") AND (""failed"" OR ""failure"" OR ""chance level"" OR ""no evidence"" OR ""did not"" OR ""unable"" OR ""not learn"" OR ""control group"")",pending,pending
7,Heterocephalus glaber,theory_discriminating_candidate,O6,outcome,no,"""Heterocephalus glaber"" AND (artifact OR artefact OR construction OR cache OR trail OR nest OR dam OR bower OR ""persistent structure"" OR ""environmental modification"")",,"""Heterocephalus glaber"" AND (artifact OR artefact OR construction OR cache OR trail OR nest OR dam OR bower OR ""persistent structure"" OR ""environmental modification"") AND (""failed"" OR ""failure"" OR ""chance level"" OR ""no evidence"" OR ""did not"" OR ""unable"" OR ""not learn"" OR ""control group"")",pending,pending
7,Heterocephalus glaber,theory_discriminating_candidate,O7,outcome,no,"""Heterocephalus glaber"" AND (""cumulative culture"" OR ""open-ended"" OR ""open ended"" OR ""cultural evolution"" OR ""cumulative technological"" OR ""cumulative improvement"")",,"""Heterocephalus glaber"" AND (""cumulative culture"" OR ""open-ended"" OR ""open ended"" OR ""cultural evolution"" OR ""cumulative technological"" OR ""cumulative improvement"") AND (""failed"" OR ""failure"" OR ""chance level"" OR ""no evidence"" OR ""did not"" OR ""unable"" OR ""not learn"" OR ""control group"")",pending,pending
8,Labroides dimidiatus,theory_discriminating_candidate,A,module,yes,"""Labroides dimidiatus"" AND (""problem solving"" OR innovation OR ""behavioral flexibility"" OR ""behavioural flexibility"" OR ""reversal learning"" OR detour OR planning OR ""means-end"" OR causal)",,"""Labroides dimidiatus"" AND (""problem solving"" OR innovation OR ""behavioral flexibility"" OR ""behavioural flexibility"" OR ""reversal learning"" OR detour OR planning OR ""means-end"" OR causal) AND (""failed"" OR ""failure"" OR ""chance level"" OR ""no evidence"" OR ""did not"" OR ""unable"" OR ""not learn"" OR ""control group"")",pending,pending
8,Labroides dimidiatus,theory_discriminating_candidate,B,module,yes,"""Labroides dimidiatus"" AND (""social learning"" OR imitation OR emulation OR teaching OR transmission OR tradition OR cultural)",,"""Labroides dimidiatus"" AND (""social learning"" OR imitation OR emulation OR teaching OR transmission OR tradition OR cultural) AND (""failed"" OR ""failure"" OR ""chance level"" OR ""no evidence"" OR ""did not"" OR ""unable"" OR ""not learn"" OR ""control group"")",pending,pending
8,Labroides dimidiatus,theory_discriminating_candidate,C,module,no,"""Labroides dimidiatus"" AND (""vocal learning"" OR communication OR signalling OR signaling OR referential OR combinatorial OR compositional OR ""turn-taking"" OR audience)",,"""Labroides dimidiatus"" AND (""vocal learning"" OR communication OR signalling OR signaling OR referential OR combinatorial OR compositional OR ""turn-taking"" OR audience) AND (""failed"" OR ""failure"" OR ""chance level"" OR ""no evidence"" OR ""did not"" OR ""unable"" OR ""not learn"" OR ""control group"")",pending,pending
8,Labroides dimidiatus,theory_discriminating_candidate,D,module,no,"""Labroides dimidiatus"" AND (""tool use"" OR ""tool manufacture"" OR manipulation OR manipulatory OR construction OR ""object modification"" OR transport)",,"""Labroides dimidiatus"" AND (""tool use"" OR ""tool manufacture"" OR manipulation OR manipulatory OR construction OR ""object modification"" OR transport) AND (""failed"" OR ""failure"" OR ""chance level"" OR ""no evidence"" OR ""did not"" OR ""unable"" OR ""not learn"" OR ""control group"")",pending,pending
8,Labroides dimidiatus,theory_discriminating_candidate,E,module,no,"""Labroides dimidiatus"" AND (artifact OR artefact OR construction OR nest OR dam OR cache OR trail OR bower OR ""environmental modification"" OR externalization OR externalisation)",,"""Labroides dimidiatus"" AND (artifact OR artefact OR construction OR nest OR dam OR cache OR trail OR bower OR ""environmental modification"" OR externalization OR externalisation) AND (""failed"" OR ""failure"" OR ""chance level"" OR ""no evidence"" OR ""did not"" OR ""unable"" OR ""not learn"" OR ""control group"")",pending,pending
8,Labroides dimidiatus,theory_discriminating_candidate,F,module,no,"""Labroides dimidiatus"" AND (cooperation OR cooperative OR ""social tolerance"" OR ""division of labor"" OR ""division of labour"" OR ""social network"" OR ""group decision"" OR ""fission-fusion"" OR alloparental)",,"""Labroides dimidiatus"" AND (cooperation OR cooperative OR ""social tolerance"" OR ""division of labor"" OR ""division of labour"" OR ""social network"" OR ""group decision"" OR ""fission-fusion"" OR alloparental) AND (""failed"" OR ""failure"" OR ""chance level"" OR ""no evidence"" OR ""did not"" OR ""unable"" OR ""not learn"" OR ""control group"")",pending,pending
8,Labroides dimidiatus,theory_discriminating_candidate,O1,outcome,no,"""Labroides dimidiatus"" AND (innovation OR ""novel problem"" OR ""problem solving"" OR transfer OR detour OR planning OR ""means-end"" OR reversal)",,"""Labroides dimidiatus"" AND (innovation OR ""novel problem"" OR ""problem solving"" OR transfer OR detour OR planning OR ""means-end"" OR reversal) AND (""failed"" OR ""failure"" OR ""chance level"" OR ""no evidence"" OR ""did not"" OR ""unable"" OR ""not learn"" OR ""control group"")",pending,pending
8,Labroides dimidiatus,theory_discriminating_candidate,O2,outcome,no,"""Labroides dimidiatus"" AND (tradition OR cultural OR culture OR ""socially transmitted"" OR ""social transmission"" OR dialect)",,"""Labroides dimidiatus"" AND (tradition OR cultural OR culture OR ""socially transmitted"" OR ""social transmission"" OR dialect) AND (""failed"" OR ""failure"" OR ""chance level"" OR ""no evidence"" OR ""did not"" OR ""unable"" OR ""not learn"" OR ""control group"")",pending,pending
8,Labroides dimidiatus,theory_discriminating_candidate,O3,outcome,no,"""Labroides dimidiatus"" AND (""cumulative culture"" OR cumulative OR ""transmission chain"" OR ""successive improvement"" OR ""ratchet"" OR ""naive individuals"" OR ""independent innovation"")",,"""Labroides dimidiatus"" AND (""cumulative culture"" OR cumulative OR ""transmission chain"" OR ""successive improvement"" OR ""ratchet"" OR ""naive individuals"" OR ""independent innovation"") AND (""failed"" OR ""failure"" OR ""chance level"" OR ""no evidence"" OR ""did not"" OR ""unable"" OR ""not learn"" OR ""control group"")",pending,pending
8,Labroides dimidiatus,theory_discriminating_candidate,O4,outcome,no,"""Labroides dimidiatus"" AND (""cultural repertoire"" OR ""behavioural repertoire"" OR ""behavioral repertoire"" OR ""cultural variants"" OR traditions)",,"""Labroides dimidiatus"" AND (""cultural repertoire"" OR ""behavioural repertoire"" OR ""behavioral repertoire"" OR ""cultural variants"" OR traditions) AND (""failed"" OR ""failure"" OR ""chance level"" OR ""no evidence"" OR ""did not"" OR ""unable"" OR ""not learn"" OR ""control group"")",pending,pending
8,Labroides dimidiatus,theory_discriminating_candidate,O5,outcome,no,"""Labroides dimidiatus"" AND (recombination OR specialization OR specialisation OR ""division of labor"" OR ""division of labour"" OR ""distributed knowledge"" OR ""network memory"" OR ""cross-group"")",,"""Labroides dimidiatus"" AND (recombination OR specialization OR specialisation OR ""division of labor"" OR ""division of labour"" OR ""distributed knowledge"" OR ""network memory"" OR ""cross-group"") AND (""failed"" OR ""failure"" OR ""chance level"" OR ""no evidence"" OR ""did not"" OR ""unable"" OR ""not learn"" OR ""control group"")",pending,pending
8,Labroides dimidiatus,theory_discriminating_candidate,O6,outcome,no,"""Labroides dimidiatus"" AND (artifact OR artefact OR construction OR cache OR trail OR nest OR dam OR bower OR ""persistent structure"" OR ""environmental modification"")",,"""Labroides dimidiatus"" AND (artifact OR artefact OR construction OR cache OR trail OR nest OR dam OR bower OR ""persistent structure"" OR ""environmental modification"") AND (""failed"" OR ""failure"" OR ""chance level"" OR ""no evidence"" OR ""did not"" OR ""unable"" OR ""not learn"" OR ""control group"")",pending,pending
8,Labroides dimidiatus,theory_discriminating_candidate,O7,outcome,no,"""Labroides dimidiatus"" AND (""cumulative culture"" OR ""open-ended"" OR ""open ended"" OR ""cultural evolution"" OR ""cumulative technological"" OR ""cumulative improvement"")",,"""Labroides dimidiatus"" AND (""cumulative culture"" OR ""open-ended"" OR ""open ended"" OR ""cultural evolution"" OR ""cumulative technological"" OR ""cumulative improvement"") AND (""failed"" OR ""failure"" OR ""chance level"" OR ""no evidence"" OR ""did not"" OR ""unable"" OR ""not learn"" OR ""control group"")",pending,pending
9,Lycaon pictus,theory_discriminating_candidate,A,module,no,"""Lycaon pictus"" AND (""problem solving"" OR innovation OR ""behavioral flexibility"" OR ""behavioural flexibility"" OR ""reversal learning"" OR detour OR planning OR ""means-end"" OR causal)",,"""Lycaon pictus"" AND (""problem solving"" OR innovation OR ""behavioral flexibility"" OR ""behavioural flexibility"" OR ""reversal learning"" OR detour OR planning OR ""means-end"" OR causal) AND (""failed"" OR ""failure"" OR ""chance level"" OR ""no evidence"" OR ""did not"" OR ""unable"" OR ""not learn"" OR ""control group"")",pending,pending
9,Lycaon pictus,theory_discriminating_candidate,B,module,no,"""Lycaon pictus"" AND (""social learning"" OR imitation OR emulation OR teaching OR transmission OR tradition OR cultural)",,"""Lycaon pictus"" AND (""social learning"" OR imitation OR emulation OR teaching OR transmission OR tradition OR cultural) AND (""failed"" OR ""failure"" OR ""chance level"" OR ""no evidence"" OR ""did not"" OR ""unable"" OR ""not learn"" OR ""control group"")",pending,pending
9,Lycaon pictus,theory_discriminating_candidate,C,module,no,"""Lycaon pictus"" AND (""vocal learning"" OR communication OR signalling OR signaling OR referential OR combinatorial OR compositional OR ""turn-taking"" OR audience)",,"""Lycaon pictus"" AND (""vocal learning"" OR communication OR signalling OR signaling OR referential OR combinatorial OR compositional OR ""turn-taking"" OR audience) AND (""failed"" OR ""failure"" OR ""chance level"" OR ""no evidence"" OR ""did not"" OR ""unable"" OR ""not learn"" OR ""control group"")",pending,pending
9,Lycaon pictus,theory_discriminating_candidate,D,module,no,"""Lycaon pictus"" AND (""tool use"" OR ""tool manufacture"" OR manipulation OR manipulatory OR construction OR ""object modification"" OR transport)",,"""Lycaon pictus"" AND (""tool use"" OR ""tool manufacture"" OR manipulation OR manipulatory OR construction OR ""object modification"" OR transport) AND (""failed"" OR ""failure"" OR ""chance level"" OR ""no evidence"" OR ""did not"" OR ""unable"" OR ""not learn"" OR ""control group"")",pending,pending
9,Lycaon pictus,theory_discriminating_candidate,E,module,no,"""Lycaon pictus"" AND (artifact OR artefact OR construction OR nest OR dam OR cache OR trail OR bower OR ""environmental modification"" OR externalization OR externalisation)",,"""Lycaon pictus"" AND (artifact OR artefact OR construction OR nest OR dam OR cache OR trail OR bower OR ""environmental modification"" OR externalization OR externalisation) AND (""failed"" OR ""failure"" OR ""chance level"" OR ""no evidence"" OR ""did not"" OR ""unable"" OR ""not learn"" OR ""control group"")",pending,pending
9,Lycaon pictus,theory_discriminating_candidate,F,module,yes,"""Lycaon pictus"" AND (cooperation OR cooperative OR ""social tolerance"" OR ""division of labor"" OR ""division of labour"" OR ""social network"" OR ""group decision"" OR ""fission-fusion"" OR alloparental)",,"""Lycaon pictus"" AND (cooperation OR cooperative OR ""social tolerance"" OR ""division of labor"" OR ""division of labour"" OR ""social network"" OR ""group decision"" OR ""fission-fusion"" OR alloparental) AND (""failed"" OR ""failure"" OR ""chance level"" OR ""no evidence"" OR ""did not"" OR ""unable"" OR ""not learn"" OR ""control group"")",pending,pending
9,Lycaon pictus,theory_discriminating_candidate,O1,outcome,no,"""Lycaon pictus"" AND (innovation OR ""novel problem"" OR ""problem solving"" OR transfer OR detour OR planning OR ""means-end"" OR reversal)",,"""Lycaon pictus"" AND (innovation OR ""novel problem"" OR ""problem solving"" OR transfer OR detour OR planning OR ""means-end"" OR reversal) AND (""failed"" OR ""failure"" OR ""chance level"" OR ""no evidence"" OR ""did not"" OR ""unable"" OR ""not learn"" OR ""control group"")",pending,pending
9,Lycaon pictus,theory_discriminating_candidate,O2,outcome,no,"""Lycaon pictus"" AND (tradition OR cultural OR culture OR ""socially transmitted"" OR ""social transmission"" OR dialect)",,"""Lycaon pictus"" AND (tradition OR cultural OR culture OR ""socially transmitted"" OR ""social transmission"" OR dialect) AND (""failed"" OR ""failure"" OR ""chance level"" OR ""no evidence"" OR ""did not"" OR ""unable"" OR ""not learn"" OR ""control group"")",pending,pending
9,Lycaon pictus,theory_discriminating_candidate,O3,outcome,no,"""Lycaon pictus"" AND (""cumulative culture"" OR cumulative OR ""transmission chain"" OR ""successive improvement"" OR ""ratchet"" OR ""naive individuals"" OR ""independent innovation"")",,"""Lycaon pictus"" AND (""cumulative culture"" OR cumulative OR ""transmission chain"" OR ""successive improvement"" OR ""ratchet"" OR ""naive individuals"" OR ""independent innovation"") AND (""failed"" OR ""failure"" OR ""chance level"" OR ""no evidence"" OR ""did not"" OR ""unable"" OR ""not learn"" OR ""control group"")",pending,pending
9,Lycaon pictus,theory_discriminating_candidate,O4,outcome,no,"""Lycaon pictus"" AND (""cultural repertoire"" OR ""behavioural repertoire"" OR ""behavioral repertoire"" OR ""cultural variants"" OR traditions)",,"""Lycaon pictus"" AND (""cultural repertoire"" OR ""behavioural repertoire"" OR ""behavioral repertoire"" OR ""cultural variants"" OR traditions) AND (""failed"" OR ""failure"" OR ""chance level"" OR ""no evidence"" OR ""did not"" OR ""unable"" OR ""not learn"" OR ""control group"")",pending,pending
9,Lycaon pictus,theory_discriminating_candidate,O5,outcome,no,"""Lycaon pictus"" AND (recombination OR specialization OR specialisation OR ""division of labor"" OR ""division of labour"" OR ""distributed knowledge"" OR ""network memory"" OR ""cross-group"")",,"""Lycaon pictus"" AND (recombination OR specialization OR specialisation OR ""division of labor"" OR ""division of labour"" OR ""distributed knowledge"" OR ""network memory"" OR ""cross-group"") AND (""failed"" OR ""failure"" OR ""chance level"" OR ""no evidence"" OR ""did not"" OR ""unable"" OR ""not learn"" OR ""control group"")",pending,pending
9,Lycaon pictus,theory_discriminating_candidate,O6,outcome,no,"""Lycaon pictus"" AND (artifact OR artefact OR construction OR cache OR trail OR nest OR dam OR bower OR ""persistent structure"" OR ""environmental modification"")",,"""Lycaon pictus"" AND (artifact OR artefact OR construction OR cache OR trail OR nest OR dam OR bower OR ""persistent structure"" OR ""environmental modification"") AND (""failed"" OR ""failure"" OR ""chance level"" OR ""no evidence"" OR ""did not"" OR ""unable"" OR ""not learn"" OR ""control group"")",pending,pending
9,Lycaon pictus,theory_discriminating_candidate,O7,outcome,no,"""Lycaon pictus"" AND (""cumulative culture"" OR ""open-ended"" OR ""open ended"" OR ""cultural evolution"" OR ""cumulative technological"" OR ""cumulative improvement"")",,"""Lycaon pictus"" AND (""cumulative culture"" OR ""open-ended"" OR ""open ended"" OR ""cultural evolution"" OR ""cumulative technological"" OR ""cumulative improvement"") AND (""failed"" OR ""failure"" OR ""chance level"" OR ""no evidence"" OR ""did not"" OR ""unable"" OR ""not learn"" OR ""control group"")",pending,pending
10,Portia fimbriata,theory_discriminating_candidate,A,module,yes,"""Portia fimbriata"" AND (""problem solving"" OR innovation OR ""behavioral flexibility"" OR ""behavioural flexibility"" OR ""reversal learning"" OR detour OR planning OR ""means-end"" OR causal)",,"""Portia fimbriata"" AND (""problem solving"" OR innovation OR ""behavioral flexibility"" OR ""behavioural flexibility"" OR ""reversal learning"" OR detour OR planning OR ""means-end"" OR causal) AND (""failed"" OR ""failure"" OR ""chance level"" OR ""no evidence"" OR ""did not"" OR ""unable"" OR ""not learn"" OR ""control group"")",pending,pending
10,Portia fimbriata,theory_discriminating_candidate,B,module,no,"""Portia fimbriata"" AND (""social learning"" OR imitation OR emulation OR teaching OR transmission OR tradition OR cultural)",,"""Portia fimbriata"" AND (""social learning"" OR imitation OR emulation OR teaching OR transmission OR tradition OR cultural) AND (""failed"" OR ""failure"" OR ""chance level"" OR ""no evidence"" OR ""did not"" OR ""unable"" OR ""not learn"" OR ""control group"")",pending,pending
10,Portia fimbriata,theory_discriminating_candidate,C,module,no,"""Portia fimbriata"" AND (""vocal learning"" OR communication OR signalling OR signaling OR referential OR combinatorial OR compositional OR ""turn-taking"" OR audience)",,"""Portia fimbriata"" AND (""vocal learning"" OR communication OR signalling OR signaling OR referential OR combinatorial OR compositional OR ""turn-taking"" OR audience) AND (""failed"" OR ""failure"" OR ""chance level"" OR ""no evidence"" OR ""did not"" OR ""unable"" OR ""not learn"" OR ""control group"")",pending,pending
10,Portia fimbriata,theory_discriminating_candidate,D,module,no,"""Portia fimbriata"" AND (""tool use"" OR ""tool manufacture"" OR manipulation OR manipulatory OR construction OR ""object modification"" OR transport)",,"""Portia fimbriata"" AND (""tool use"" OR ""tool manufacture"" OR manipulation OR manipulatory OR construction OR ""object modification"" OR transport) AND (""failed"" OR ""failure"" OR ""chance level"" OR ""no evidence"" OR ""did not"" OR ""unable"" OR ""not learn"" OR ""control group"")",pending,pending
10,Portia fimbriata,theory_discriminating_candidate,E,module,no,"""Portia fimbriata"" AND (artifact OR artefact OR construction OR nest OR dam OR cache OR trail OR bower OR ""environmental modification"" OR externalization OR externalisation)",,"""Portia fimbriata"" AND (artifact OR artefact OR construction OR nest OR dam OR cache OR trail OR bower OR ""environmental modification"" OR externalization OR externalisation) AND (""failed"" OR ""failure"" OR ""chance level"" OR ""no evidence"" OR ""did not"" OR ""unable"" OR ""not learn"" OR ""control group"")",pending,pending
10,Portia fimbriata,theory_discriminating_candidate,F,module,no,"""Portia fimbriata"" AND (cooperation OR cooperative OR ""social tolerance"" OR ""division of labor"" OR ""division of labour"" OR ""social network"" OR ""group decision"" OR ""fission-fusion"" OR alloparental)",,"""Portia fimbriata"" AND (cooperation OR cooperative OR ""social tolerance"" OR ""division of labor"" OR ""division of labour"" OR ""social network"" OR ""group decision"" OR ""fission-fusion"" OR alloparental) AND (""failed"" OR ""failure"" OR ""chance level"" OR ""no evidence"" OR ""did not"" OR ""unable"" OR ""not learn"" OR ""control group"")",pending,pending
10,Portia fimbriata,theory_discriminating_candidate,O1,outcome,no,"""Portia fimbriata"" AND (innovation OR ""novel problem"" OR ""problem solving"" OR transfer OR detour OR planning OR ""means-end"" OR reversal)",,"""Portia fimbriata"" AND (innovation OR ""novel problem"" OR ""problem solving"" OR transfer OR detour OR planning OR ""means-end"" OR reversal) AND (""failed"" OR ""failure"" OR ""chance level"" OR ""no evidence"" OR ""did not"" OR ""unable"" OR ""not learn"" OR ""control group"")",pending,pending
10,Portia fimbriata,theory_discriminating_candidate,O2,outcome,no,"""Portia fimbriata"" AND (tradition OR cultural OR culture OR ""socially transmitted"" OR ""social transmission"" OR dialect)",,"""Portia fimbriata"" AND (tradition OR cultural OR culture OR ""socially transmitted"" OR ""social transmission"" OR dialect) AND (""failed"" OR ""failure"" OR ""chance level"" OR ""no evidence"" OR ""did not"" OR ""unable"" OR ""not learn"" OR ""control group"")",pending,pending
10,Portia fimbriata,theory_discriminating_candidate,O3,outcome,no,"""Portia fimbriata"" AND (""cumulative culture"" OR cumulative OR ""transmission chain"" OR ""successive improvement"" OR ""ratchet"" OR ""naive individuals"" OR ""independent innovation"")",,"""Portia fimbriata"" AND (""cumulative culture"" OR cumulative OR ""transmission chain"" OR ""successive improvement"" OR ""ratchet"" OR ""naive individuals"" OR ""independent innovation"") AND (""failed"" OR ""failure"" OR ""chance level"" OR ""no evidence"" OR ""did not"" OR ""unable"" OR ""not learn"" OR ""control group"")",pending,pending
10,Portia fimbriata,theory_discriminating_candidate,O4,outcome,no,"""Portia fimbriata"" AND (""cultural repertoire"" OR ""behavioural repertoire"" OR ""behavioral repertoire"" OR ""cultural variants"" OR traditions)",,"""Portia fimbriata"" AND (""cultural repertoire"" OR ""behavioural repertoire"" OR ""behavioral repertoire"" OR ""cultural variants"" OR traditions) AND (""failed"" OR ""failure"" OR ""chance level"" OR ""no evidence"" OR ""did not"" OR ""unable"" OR ""not learn"" OR ""control group"")",pending,pending
10,Portia fimbriata,theory_discriminating_candidate,O5,outcome,no,"""Portia fimbriata"" AND (recombination OR specialization OR specialisation OR ""division of labor"" OR ""division of labour"" OR ""distributed knowledge"" OR ""network memory"" OR ""cross-group"")",,"""Portia fimbriata"" AND (recombination OR specialization OR specialisation OR ""division of labor"" OR ""division of labour"" OR ""distributed knowledge"" OR ""network memory"" OR ""cross-group"") AND (""failed"" OR ""failure"" OR ""chance level"" OR ""no evidence"" OR ""did not"" OR ""unable"" OR ""not learn"" OR ""control group"")",pending,pending
10,Portia fimbriata,theory_discriminating_candidate,O6,outcome,no,"""Portia fimbriata"" AND (artifact OR artefact OR construction OR cache OR trail OR nest OR dam OR bower OR ""persistent structure"" OR ""environmental modification"")",,"""Portia fimbriata"" AND (artifact OR artefact OR construction OR cache OR trail OR nest OR dam OR bower OR ""persistent structure"" OR ""environmental modification"") AND (""failed"" OR ""failure"" OR ""chance level"" OR ""no evidence"" OR ""did not"" OR ""unable"" OR ""not learn"" OR ""control group"")",pending,pending
10,Portia fimbriata,theory_discriminating_candidate,O7,outcome,no,"""Portia fimbriata"" AND (""cumulative culture"" OR ""open-ended"" OR ""open ended"" OR ""cultural evolution"" OR ""cumulative technological"" OR ""cumulative improvement"")",,"""Portia fimbriata"" AND (""cumulative culture"" OR ""open-ended"" OR ""open ended"" OR ""cultural evolution"" OR ""cumulative technological"" OR ""cumulative improvement"") AND (""failed"" OR ""failure"" OR ""chance level"" OR ""no evidence"" OR ""did not"" OR ""unable"" OR ""not learn"" OR ""control group"")",pending,pending
11,Ptilonorhynchus violaceus,theory_discriminating_candidate,A,module,yes,"""Ptilonorhynchus violaceus"" AND (""problem solving"" OR innovation OR ""behavioral flexibility"" OR ""behavioural flexibility"" OR ""reversal learning"" OR detour OR planning OR ""means-end"" OR causal)",,"""Ptilonorhynchus violaceus"" AND (""problem solving"" OR innovation OR ""behavioral flexibility"" OR ""behavioural flexibility"" OR ""reversal learning"" OR detour OR planning OR ""means-end"" OR causal) AND (""failed"" OR ""failure"" OR ""chance level"" OR ""no evidence"" OR ""did not"" OR ""unable"" OR ""not learn"" OR ""control group"")",pending,pending
11,Ptilonorhynchus violaceus,theory_discriminating_candidate,B,module,no,"""Ptilonorhynchus violaceus"" AND (""social learning"" OR imitation OR emulation OR teaching OR transmission OR tradition OR cultural)",,"""Ptilonorhynchus violaceus"" AND (""social learning"" OR imitation OR emulation OR teaching OR transmission OR tradition OR cultural) AND (""failed"" OR ""failure"" OR ""chance level"" OR ""no evidence"" OR ""did not"" OR ""unable"" OR ""not learn"" OR ""control group"")",pending,pending
11,Ptilonorhynchus violaceus,theory_discriminating_candidate,C,module,no,"""Ptilonorhynchus violaceus"" AND (""vocal learning"" OR communication OR signalling OR signaling OR referential OR combinatorial OR compositional OR ""turn-taking"" OR audience)",,"""Ptilonorhynchus violaceus"" AND (""vocal learning"" OR communication OR signalling OR signaling OR referential OR combinatorial OR compositional OR ""turn-taking"" OR audience) AND (""failed"" OR ""failure"" OR ""chance level"" OR ""no evidence"" OR ""did not"" OR ""unable"" OR ""not learn"" OR ""control group"")",pending,pending
11,Ptilonorhynchus violaceus,theory_discriminating_candidate,D,module,no,"""Ptilonorhynchus violaceus"" AND (""tool use"" OR ""tool manufacture"" OR manipulation OR manipulatory OR construction OR ""object modification"" OR transport)",,"""Ptilonorhynchus violaceus"" AND (""tool use"" OR ""tool manufacture"" OR manipulation OR manipulatory OR construction OR ""object modification"" OR transport) AND (""failed"" OR ""failure"" OR ""chance level"" OR ""no evidence"" OR ""did not"" OR ""unable"" OR ""not learn"" OR ""control group"")",pending,pending
11,Ptilonorhynchus violaceus,theory_discriminating_candidate,E,module,yes,"""Ptilonorhynchus violaceus"" AND (artifact OR artefact OR construction OR nest OR dam OR cache OR trail OR bower OR ""environmental modification"" OR externalization OR externalisation)",,"""Ptilonorhynchus violaceus"" AND (artifact OR artefact OR construction OR nest OR dam OR cache OR trail OR bower OR ""environmental modification"" OR externalization OR externalisation) AND (""failed"" OR ""failure"" OR ""chance level"" OR ""no evidence"" OR ""did not"" OR ""unable"" OR ""not learn"" OR ""control group"")",pending,pending
11,Ptilonorhynchus violaceus,theory_discriminating_candidate,F,module,no,"""Ptilonorhynchus violaceus"" AND (cooperation OR cooperative OR ""social tolerance"" OR ""division of labor"" OR ""division of labour"" OR ""social network"" OR ""group decision"" OR ""fission-fusion"" OR alloparental)",,"""Ptilonorhynchus violaceus"" AND (cooperation OR cooperative OR ""social tolerance"" OR ""division of labor"" OR ""division of labour"" OR ""social network"" OR ""group decision"" OR ""fission-fusion"" OR alloparental) AND (""failed"" OR ""failure"" OR ""chance level"" OR ""no evidence"" OR ""did not"" OR ""unable"" OR ""not learn"" OR ""control group"")",pending,pending
11,Ptilonorhynchus violaceus,theory_discriminating_candidate,O1,outcome,no,"""Ptilonorhynchus violaceus"" AND (innovation OR ""novel problem"" OR ""problem solving"" OR transfer OR detour OR planning OR ""means-end"" OR reversal)",,"""Ptilonorhynchus violaceus"" AND (innovation OR ""novel problem"" OR ""problem solving"" OR transfer OR detour OR planning OR ""means-end"" OR reversal) AND (""failed"" OR ""failure"" OR ""chance level"" OR ""no evidence"" OR ""did not"" OR ""unable"" OR ""not learn"" OR ""control group"")",pending,pending
11,Ptilonorhynchus violaceus,theory_discriminating_candidate,O2,outcome,no,"""Ptilonorhynchus violaceus"" AND (tradition OR cultural OR culture OR ""socially transmitted"" OR ""social transmission"" OR dialect)",,"""Ptilonorhynchus violaceus"" AND (tradition OR cultural OR culture OR ""socially transmitted"" OR ""social transmission"" OR dialect) AND (""failed"" OR ""failure"" OR ""chance level"" OR ""no evidence"" OR ""did not"" OR ""unable"" OR ""not learn"" OR ""control group"")",pending,pending
11,Ptilonorhynchus violaceus,theory_discriminating_candidate,O3,outcome,no,"""Ptilonorhynchus violaceus"" AND (""cumulative culture"" OR cumulative OR ""transmission chain"" OR ""successive improvement"" OR ""ratchet"" OR ""naive individuals"" OR ""independent innovation"")",,"""Ptilonorhynchus violaceus"" AND (""cumulative culture"" OR cumulative OR ""transmission chain"" OR ""successive improvement"" OR ""ratchet"" OR ""naive individuals"" OR ""independent innovation"") AND (""failed"" OR ""failure"" OR ""chance level"" OR ""no evidence"" OR ""did not"" OR ""unable"" OR ""not learn"" OR ""control group"")",pending,pending
11,Ptilonorhynchus violaceus,theory_discriminating_candidate,O4,outcome,no,"""Ptilonorhynchus violaceus"" AND (""cultural repertoire"" OR ""behavioural repertoire"" OR ""behavioral repertoire"" OR ""cultural variants"" OR traditions)",,"""Ptilonorhynchus violaceus"" AND (""cultural repertoire"" OR ""behavioural repertoire"" OR ""behavioral repertoire"" OR ""cultural variants"" OR traditions) AND (""failed"" OR ""failure"" OR ""chance level"" OR ""no evidence"" OR ""did not"" OR ""unable"" OR ""not learn"" OR ""control group"")",pending,pending
11,Ptilonorhynchus violaceus,theory_discriminating_candidate,O5,outcome,no,"""Ptilonorhynchus violaceus"" AND (recombination OR specialization OR specialisation OR ""division of labor"" OR ""division of labour"" OR ""distributed knowledge"" OR ""network memory"" OR ""cross-group"")",,"""Ptilonorhynchus violaceus"" AND (recombination OR specialization OR specialisation OR ""division of labor"" OR ""division of labour"" OR ""distributed knowledge"" OR ""network memory"" OR ""cross-group"") AND (""failed"" OR ""failure"" OR ""chance level"" OR ""no evidence"" OR ""did not"" OR ""unable"" OR ""not learn"" OR ""control group"")",pending,pending
11,Ptilonorhynchus violaceus,theory_discriminating_candidate,O6,outcome,no,"""Ptilonorhynchus violaceus"" AND (artifact OR artefact OR construction OR cache OR trail OR nest OR dam OR bower OR ""persistent structure"" OR ""environmental modification"")",,"""Ptilonorhynchus violaceus"" AND (artifact OR artefact OR construction OR cache OR trail OR nest OR dam OR bower OR ""persistent structure"" OR ""environmental modification"") AND (""failed"" OR ""failure"" OR ""chance level"" OR ""no evidence"" OR ""did not"" OR ""unable"" OR ""not learn"" OR ""control group"")",pending,pending
11,Ptilonorhynchus violaceus,theory_discriminating_candidate,O7,outcome,no,"""Ptilonorhynchus violaceus"" AND (""cumulative culture"" OR ""open-ended"" OR ""open ended"" OR ""cultural evolution"" OR ""cumulative technological"" OR ""cumulative improvement"")",,"""Ptilonorhynchus violaceus"" AND (""cumulative culture"" OR ""open-ended"" OR ""open ended"" OR ""cultural evolution"" OR ""cumulative technological"" OR ""cumulative improvement"") AND (""failed"" OR ""failure"" OR ""chance level"" OR ""no evidence"" OR ""did not"" OR ""unable"" OR ""not learn"" OR ""control group"")",pending,pending
12,Rattus norvegicus,theory_discriminating_candidate,A,module,no,"""Rattus norvegicus"" AND (""problem solving"" OR innovation OR ""behavioral flexibility"" OR ""behavioural flexibility"" OR ""reversal learning"" OR detour OR planning OR ""means-end"" OR causal)",,"""Rattus norvegicus"" AND (""problem solving"" OR innovation OR ""behavioral flexibility"" OR ""behavioural flexibility"" OR ""reversal learning"" OR detour OR planning OR ""means-end"" OR causal) AND (""failed"" OR ""failure"" OR ""chance level"" OR ""no evidence"" OR ""did not"" OR ""unable"" OR ""not learn"" OR ""control group"")",pending,pending
12,Rattus norvegicus,theory_discriminating_candidate,B,module,yes,"""Rattus norvegicus"" AND (""social learning"" OR imitation OR emulation OR teaching OR transmission OR tradition OR cultural)",,"""Rattus norvegicus"" AND (""social learning"" OR imitation OR emulation OR teaching OR transmission OR tradition OR cultural) AND (""failed"" OR ""failure"" OR ""chance level"" OR ""no evidence"" OR ""did not"" OR ""unable"" OR ""not learn"" OR ""control group"")",pending,pending
12,Rattus norvegicus,theory_discriminating_candidate,C,module,no,"""Rattus norvegicus"" AND (""vocal learning"" OR communication OR signalling OR signaling OR referential OR combinatorial OR compositional OR ""turn-taking"" OR audience)",,"""Rattus norvegicus"" AND (""vocal learning"" OR communication OR signalling OR signaling OR referential OR combinatorial OR compositional OR ""turn-taking"" OR audience) AND (""failed"" OR ""failure"" OR ""chance level"" OR ""no evidence"" OR ""did not"" OR ""unable"" OR ""not learn"" OR ""control group"")",pending,pending
12,Rattus norvegicus,theory_discriminating_candidate,D,module,no,"""Rattus norvegicus"" AND (""tool use"" OR ""tool manufacture"" OR manipulation OR manipulatory OR construction OR ""object modification"" OR transport)",,"""Rattus norvegicus"" AND (""tool use"" OR ""tool manufacture"" OR manipulation OR manipulatory OR construction OR ""object modification"" OR transport) AND (""failed"" OR ""failure"" OR ""chance level"" OR ""no evidence"" OR ""did not"" OR ""unable"" OR ""not learn"" OR ""control group"")",pending,pending
12,Rattus norvegicus,theory_discriminating_candidate,E,module,no,"""Rattus norvegicus"" AND (artifact OR artefact OR construction OR nest OR dam OR cache OR trail OR bower OR ""environmental modification"" OR externalization OR externalisation)",,"""Rattus norvegicus"" AND (artifact OR artefact OR construction OR nest OR dam OR cache OR trail OR bower OR ""environmental modification"" OR externalization OR externalisation) AND (""failed"" OR ""failure"" OR ""chance level"" OR ""no evidence"" OR ""did not"" OR ""unable"" OR ""not learn"" OR ""control group"")",pending,pending
12,Rattus norvegicus,theory_discriminating_candidate,F,module,no,"""Rattus norvegicus"" AND (cooperation OR cooperative OR ""social tolerance"" OR ""division of labor"" OR ""division of labour"" OR ""social network"" OR ""group decision"" OR ""fission-fusion"" OR alloparental)",,"""Rattus norvegicus"" AND (cooperation OR cooperative OR ""social tolerance"" OR ""division of labor"" OR ""division of labour"" OR ""social network"" OR ""group decision"" OR ""fission-fusion"" OR alloparental) AND (""failed"" OR ""failure"" OR ""chance level"" OR ""no evidence"" OR ""did not"" OR ""unable"" OR ""not learn"" OR ""control group"")",pending,pending
12,Rattus norvegicus,theory_discriminating_candidate,O1,outcome,no,"""Rattus norvegicus"" AND (innovation OR ""novel problem"" OR ""problem solving"" OR transfer OR detour OR planning OR ""means-end"" OR reversal)",,"""Rattus norvegicus"" AND (innovation OR ""novel problem"" OR ""problem solving"" OR transfer OR detour OR planning OR ""means-end"" OR reversal) AND (""failed"" OR ""failure"" OR ""chance level"" OR ""no evidence"" OR ""did not"" OR ""unable"" OR ""not learn"" OR ""control group"")",pending,pending
12,Rattus norvegicus,theory_discriminating_candidate,O2,outcome,no,"""Rattus norvegicus"" AND (tradition OR cultural OR culture OR ""socially transmitted"" OR ""social transmission"" OR dialect)",,"""Rattus norvegicus"" AND (tradition OR cultural OR culture OR ""socially transmitted"" OR ""social transmission"" OR dialect) AND (""failed"" OR ""failure"" OR ""chance level"" OR ""no evidence"" OR ""did not"" OR ""unable"" OR ""not learn"" OR ""control group"")",pending,pending
12,Rattus norvegicus,theory_discriminating_candidate,O3,outcome,no,"""Rattus norvegicus"" AND (""cumulative culture"" OR cumulative OR ""transmission chain"" OR ""successive improvement"" OR ""ratchet"" OR ""naive individuals"" OR ""independent innovation"")",,"""Rattus norvegicus"" AND (""cumulative culture"" OR cumulative OR ""transmission chain"" OR ""successive improvement"" OR ""ratchet"" OR ""naive individuals"" OR ""independent innovation"") AND (""failed"" OR ""failure"" OR ""chance level"" OR ""no evidence"" OR ""did not"" OR ""unable"" OR ""not learn"" OR ""control group"")",pending,pending
12,Rattus norvegicus,theory_discriminating_candidate,O4,outcome,no,"""Rattus norvegicus"" AND (""cultural repertoire"" OR ""behavioural repertoire"" OR ""behavioral repertoire"" OR ""cultural variants"" OR traditions)",,"""Rattus norvegicus"" AND (""cultural repertoire"" OR ""behavioural repertoire"" OR ""behavioral repertoire"" OR ""cultural variants"" OR traditions) AND (""failed"" OR ""failure"" OR ""chance level"" OR ""no evidence"" OR ""did not"" OR ""unable"" OR ""not learn"" OR ""control group"")",pending,pending
12,Rattus norvegicus,theory_discriminating_candidate,O5,outcome,no,"""Rattus norvegicus"" AND (recombination OR specialization OR specialisation OR ""division of labor"" OR ""division of labour"" OR ""distributed knowledge"" OR ""network memory"" OR ""cross-group"")",,"""Rattus norvegicus"" AND (recombination OR specialization OR specialisation OR ""division of labor"" OR ""division of labour"" OR ""distributed knowledge"" OR ""network memory"" OR ""cross-group"") AND (""failed"" OR ""failure"" OR ""chance level"" OR ""no evidence"" OR ""did not"" OR ""unable"" OR ""not learn"" OR ""control group"")",pending,pending
12,Rattus norvegicus,theory_discriminating_candidate,O6,outcome,no,"""Rattus norvegicus"" AND (artifact OR artefact OR construction OR cache OR trail OR nest OR dam OR bower OR ""persistent structure"" OR ""environmental modification"")",,"""Rattus norvegicus"" AND (artifact OR artefact OR construction OR cache OR trail OR nest OR dam OR bower OR ""persistent structure"" OR ""environmental modification"") AND (""failed"" OR ""failure"" OR ""chance level"" OR ""no evidence"" OR ""did not"" OR ""unable"" OR ""not learn"" OR ""control group"")",pending,pending
12,Rattus norvegicus,theory_discriminating_candidate,O7,outcome,no,"""Rattus norvegicus"" AND (""cumulative culture"" OR ""open-ended"" OR ""open ended"" OR ""cultural evolution"" OR ""cumulative technological"" OR ""cumulative improvement"")",,"""Rattus norvegicus"" AND (""cumulative culture"" OR ""open-ended"" OR ""open ended"" OR ""cultural evolution"" OR ""cumulative technological"" OR ""cumulative improvement"") AND (""failed"" OR ""failure"" OR ""chance level"" OR ""no evidence"" OR ""did not"" OR ""unable"" OR ""not learn"" OR ""control group"")",pending,pending
13,Saccopteryx bilineata,theory_discriminating_candidate,A,module,no,"""Saccopteryx bilineata"" AND (""problem solving"" OR innovation OR ""behavioral flexibility"" OR ""behavioural flexibility"" OR ""reversal learning"" OR detour OR planning OR ""means-end"" OR causal)",,"""Saccopteryx bilineata"" AND (""problem solving"" OR innovation OR ""behavioral flexibility"" OR ""behavioural flexibility"" OR ""reversal learning"" OR detour OR planning OR ""means-end"" OR causal) AND (""failed"" OR ""failure"" OR ""chance level"" OR ""no evidence"" OR ""did not"" OR ""unable"" OR ""not learn"" OR ""control group"")",pending,pending
13,Saccopteryx bilineata,theory_discriminating_candidate,B,module,yes,"""Saccopteryx bilineata"" AND (""social learning"" OR imitation OR emulation OR teaching OR transmission OR tradition OR cultural)",,"""Saccopteryx bilineata"" AND (""social learning"" OR imitation OR emulation OR teaching OR transmission OR tradition OR cultural) AND (""failed"" OR ""failure"" OR ""chance level"" OR ""no evidence"" OR ""did not"" OR ""unable"" OR ""not learn"" OR ""control group"")",pending,pending
13,Saccopteryx bilineata,theory_discriminating_candidate,C,module,yes,"""Saccopteryx bilineata"" AND (""vocal learning"" OR communication OR signalling OR signaling OR referential OR combinatorial OR compositional OR ""turn-taking"" OR audience)",,"""Saccopteryx bilineata"" AND (""vocal learning"" OR communication OR signalling OR signaling OR referential OR combinatorial OR compositional OR ""turn-taking"" OR audience) AND (""failed"" OR ""failure"" OR ""chance level"" OR ""no evidence"" OR ""did not"" OR ""unable"" OR ""not learn"" OR ""control group"")",pending,pending
13,Saccopteryx bilineata,theory_discriminating_candidate,D,module,no,"""Saccopteryx bilineata"" AND (""tool use"" OR ""tool manufacture"" OR manipulation OR manipulatory OR construction OR ""object modification"" OR transport)",,"""Saccopteryx bilineata"" AND (""tool use"" OR ""tool manufacture"" OR manipulation OR manipulatory OR construction OR ""object modification"" OR transport) AND (""failed"" OR ""failure"" OR ""chance level"" OR ""no evidence"" OR ""did not"" OR ""unable"" OR ""not learn"" OR ""control group"")",pending,pending
13,Saccopteryx bilineata,theory_discriminating_candidate,E,module,no,"""Saccopteryx bilineata"" AND (artifact OR artefact OR construction OR nest OR dam OR cache OR trail OR bower OR ""environmental modification"" OR externalization OR externalisation)",,"""Saccopteryx bilineata"" AND (artifact OR artefact OR construction OR nest OR dam OR cache OR trail OR bower OR ""environmental modification"" OR externalization OR externalisation) AND (""failed"" OR ""failure"" OR ""chance level"" OR ""no evidence"" OR ""did not"" OR ""unable"" OR ""not learn"" OR ""control group"")",pending,pending
13,Saccopteryx bilineata,theory_discriminating_candidate,F,module,no,"""Saccopteryx bilineata"" AND (cooperation OR cooperative OR ""social tolerance"" OR ""division of labor"" OR ""division of labour"" OR ""social network"" OR ""group decision"" OR ""fission-fusion"" OR alloparental)",,"""Saccopteryx bilineata"" AND (cooperation OR cooperative OR ""social tolerance"" OR ""division of labor"" OR ""division of labour"" OR ""social network"" OR ""group decision"" OR ""fission-fusion"" OR alloparental) AND (""failed"" OR ""failure"" OR ""chance level"" OR ""no evidence"" OR ""did not"" OR ""unable"" OR ""not learn"" OR ""control group"")",pending,pending
13,Saccopteryx bilineata,theory_discriminating_candidate,O1,outcome,no,"""Saccopteryx bilineata"" AND (innovation OR ""novel problem"" OR ""problem solving"" OR transfer OR detour OR planning OR ""means-end"" OR reversal)",,"""Saccopteryx bilineata"" AND (innovation OR ""novel problem"" OR ""problem solving"" OR transfer OR detour OR planning OR ""means-end"" OR reversal) AND (""failed"" OR ""failure"" OR ""chance level"" OR ""no evidence"" OR ""did not"" OR ""unable"" OR ""not learn"" OR ""control group"")",pending,pending
13,Saccopteryx bilineata,theory_discriminating_candidate,O2,outcome,no,"""Saccopteryx bilineata"" AND (tradition OR cultural OR culture OR ""socially transmitted"" OR ""social transmission"" OR dialect)",,"""Saccopteryx bilineata"" AND (tradition OR cultural OR culture OR ""socially transmitted"" OR ""social transmission"" OR dialect) AND (""failed"" OR ""failure"" OR ""chance level"" OR ""no evidence"" OR ""did not"" OR ""unable"" OR ""not learn"" OR ""control group"")",pending,pending
13,Saccopteryx bilineata,theory_discriminating_candidate,O3,outcome,no,"""Saccopteryx bilineata"" AND (""cumulative culture"" OR cumulative OR ""transmission chain"" OR ""successive improvement"" OR ""ratchet"" OR ""naive individuals"" OR ""independent innovation"")",,"""Saccopteryx bilineata"" AND (""cumulative culture"" OR cumulative OR ""transmission chain"" OR ""successive improvement"" OR ""ratchet"" OR ""naive individuals"" OR ""independent innovation"") AND (""failed"" OR ""failure"" OR ""chance level"" OR ""no evidence"" OR ""did not"" OR ""unable"" OR ""not learn"" OR ""control group"")",pending,pending
13,Saccopteryx bilineata,theory_discriminating_candidate,O4,outcome,no,"""Saccopteryx bilineata"" AND (""cultural repertoire"" OR ""behavioural repertoire"" OR ""behavioral repertoire"" OR ""cultural variants"" OR traditions)",,"""Saccopteryx bilineata"" AND (""cultural repertoire"" OR ""behavioural repertoire"" OR ""behavioral repertoire"" OR ""cultural variants"" OR traditions) AND (""failed"" OR ""failure"" OR ""chance level"" OR ""no evidence"" OR ""did not"" OR ""unable"" OR ""not learn"" OR ""control group"")",pending,pending
13,Saccopteryx bilineata,theory_discriminating_candidate,O5,outcome,no,"""Saccopteryx bilineata"" AND (recombination OR specialization OR specialisation OR ""division of labor"" OR ""division of labour"" OR ""distributed knowledge"" OR ""network memory"" OR ""cross-group"")",,"""Saccopteryx bilineata"" AND (recombination OR specialization OR specialisation OR ""division of labor"" OR ""division of labour"" OR ""distributed knowledge"" OR ""network memory"" OR ""cross-group"") AND (""failed"" OR ""failure"" OR ""chance level"" OR ""no evidence"" OR ""did not"" OR ""unable"" OR ""not learn"" OR ""control group"")",pending,pending
13,Saccopteryx bilineata,theory_discriminating_candidate,O6,outcome,no,"""Saccopteryx bilineata"" AND (artifact OR artefact OR construction OR cache OR trail OR nest OR dam OR bower OR ""persistent structure"" OR ""environmental modification"")",,"""Saccopteryx bilineata"" AND (artifact OR artefact OR construction OR cache OR trail OR nest OR dam OR bower OR ""persistent structure"" OR ""environmental modification"") AND (""failed"" OR ""failure"" OR ""chance level"" OR ""no evidence"" OR ""did not"" OR ""unable"" OR ""not learn"" OR ""control group"")",pending,pending
13,Saccopteryx bilineata,theory_discriminating_candidate,O7,outcome,no,"""Saccopteryx bilineata"" AND (""cumulative culture"" OR ""open-ended"" OR ""open ended"" OR ""cultural evolution"" OR ""cumulative technological"" OR ""cumulative improvement"")",,"""Saccopteryx bilineata"" AND (""cumulative culture"" OR ""open-ended"" OR ""open ended"" OR ""cultural evolution"" OR ""cumulative technological"" OR ""cumulative improvement"") AND (""failed"" OR ""failure"" OR ""chance level"" OR ""no evidence"" OR ""did not"" OR ""unable"" OR ""not learn"" OR ""control group"")",pending,pending
14,Taeniopygia guttata,theory_discriminating_candidate,A,module,no,"""Taeniopygia guttata"" AND (""problem solving"" OR innovation OR ""behavioral flexibility"" OR ""behavioural flexibility"" OR ""reversal learning"" OR detour OR planning OR ""means-end"" OR causal)",,"""Taeniopygia guttata"" AND (""problem solving"" OR innovation OR ""behavioral flexibility"" OR ""behavioural flexibility"" OR ""reversal learning"" OR detour OR planning OR ""means-end"" OR causal) AND (""failed"" OR ""failure"" OR ""chance level"" OR ""no evidence"" OR ""did not"" OR ""unable"" OR ""not learn"" OR ""control group"")",pending,pending
14,Taeniopygia guttata,theory_discriminating_candidate,B,module,yes,"""Taeniopygia guttata"" AND (""social learning"" OR imitation OR emulation OR teaching OR transmission OR tradition OR cultural)",,"""Taeniopygia guttata"" AND (""social learning"" OR imitation OR emulation OR teaching OR transmission OR tradition OR cultural) AND (""failed"" OR ""failure"" OR ""chance level"" OR ""no evidence"" OR ""did not"" OR ""unable"" OR ""not learn"" OR ""control group"")",pending,pending
14,Taeniopygia guttata,theory_discriminating_candidate,C,module,yes,"""Taeniopygia guttata"" AND (""vocal learning"" OR communication OR signalling OR signaling OR referential OR combinatorial OR compositional OR ""turn-taking"" OR audience)",,"""Taeniopygia guttata"" AND (""vocal learning"" OR communication OR signalling OR signaling OR referential OR combinatorial OR compositional OR ""turn-taking"" OR audience) AND (""failed"" OR ""failure"" OR ""chance level"" OR ""no evidence"" OR ""did not"" OR ""unable"" OR ""not learn"" OR ""control group"")",pending,pending
14,Taeniopygia guttata,theory_discriminating_candidate,D,module,no,"""Taeniopygia guttata"" AND (""tool use"" OR ""tool manufacture"" OR manipulation OR manipulatory OR construction OR ""object modification"" OR transport)",,"""Taeniopygia guttata"" AND (""tool use"" OR ""tool manufacture"" OR manipulation OR manipulatory OR construction OR ""object modification"" OR transport) AND (""failed"" OR ""failure"" OR ""chance level"" OR ""no evidence"" OR ""did not"" OR ""unable"" OR ""not learn"" OR ""control group"")",pending,pending
14,Taeniopygia guttata,theory_discriminating_candidate,E,module,no,"""Taeniopygia guttata"" AND (artifact OR artefact OR construction OR nest OR dam OR cache OR trail OR bower OR ""environmental modification"" OR externalization OR externalisation)",,"""Taeniopygia guttata"" AND (artifact OR artefact OR construction OR nest OR dam OR cache OR trail OR bower OR ""environmental modification"" OR externalization OR externalisation) AND (""failed"" OR ""failure"" OR ""chance level"" OR ""no evidence"" OR ""did not"" OR ""unable"" OR ""not learn"" OR ""control group"")",pending,pending
14,Taeniopygia guttata,theory_discriminating_candidate,F,module,no,"""Taeniopygia guttata"" AND (cooperation OR cooperative OR ""social tolerance"" OR ""division of labor"" OR ""division of labour"" OR ""social network"" OR ""group decision"" OR ""fission-fusion"" OR alloparental)",,"""Taeniopygia guttata"" AND (cooperation OR cooperative OR ""social tolerance"" OR ""division of labor"" OR ""division of labour"" OR ""social network"" OR ""group decision"" OR ""fission-fusion"" OR alloparental) AND (""failed"" OR ""failure"" OR ""chance level"" OR ""no evidence"" OR ""did not"" OR ""unable"" OR ""not learn"" OR ""control group"")",pending,pending
14,Taeniopygia guttata,theory_discriminating_candidate,O1,outcome,no,"""Taeniopygia guttata"" AND (innovation OR ""novel problem"" OR ""problem solving"" OR transfer OR detour OR planning OR ""means-end"" OR reversal)",,"""Taeniopygia guttata"" AND (innovation OR ""novel problem"" OR ""problem solving"" OR transfer OR detour OR planning OR ""means-end"" OR reversal) AND (""failed"" OR ""failure"" OR ""chance level"" OR ""no evidence"" OR ""did not"" OR ""unable"" OR ""not learn"" OR ""control group"")",pending,pending
14,Taeniopygia guttata,theory_discriminating_candidate,O2,outcome,no,"""Taeniopygia guttata"" AND (tradition OR cultural OR culture OR ""socially transmitted"" OR ""social transmission"" OR dialect)",,"""Taeniopygia guttata"" AND (tradition OR cultural OR culture OR ""socially transmitted"" OR ""social transmission"" OR dialect) AND (""failed"" OR ""failure"" OR ""chance level"" OR ""no evidence"" OR ""did not"" OR ""unable"" OR ""not learn"" OR ""control group"")",pending,pending
14,Taeniopygia guttata,theory_discriminating_candidate,O3,outcome,no,"""Taeniopygia guttata"" AND (""cumulative culture"" OR cumulative OR ""transmission chain"" OR ""successive improvement"" OR ""ratchet"" OR ""naive individuals"" OR ""independent innovation"")",,"""Taeniopygia guttata"" AND (""cumulative culture"" OR cumulative OR ""transmission chain"" OR ""successive improvement"" OR ""ratchet"" OR ""naive individuals"" OR ""independent innovation"") AND (""failed"" OR ""failure"" OR ""chance level"" OR ""no evidence"" OR ""did not"" OR ""unable"" OR ""not learn"" OR ""control group"")",pending,pending
14,Taeniopygia guttata,theory_discriminating_candidate,O4,outcome,no,"""Taeniopygia guttata"" AND (""cultural repertoire"" OR ""behavioural repertoire"" OR ""behavioral repertoire"" OR ""cultural variants"" OR traditions)",,"""Taeniopygia guttata"" AND (""cultural repertoire"" OR ""behavioural repertoire"" OR ""behavioral repertoire"" OR ""cultural variants"" OR traditions) AND (""failed"" OR ""failure"" OR ""chance level"" OR ""no evidence"" OR ""did not"" OR ""unable"" OR ""not learn"" OR ""control group"")",pending,pending
14,Taeniopygia guttata,theory_discriminating_candidate,O5,outcome,no,"""Taeniopygia guttata"" AND (recombination OR specialization OR specialisation OR ""division of labor"" OR ""division of labour"" OR ""distributed knowledge"" OR ""network memory"" OR ""cross-group"")",,"""Taeniopygia guttata"" AND (recombination OR specialization OR specialisation OR ""division of labor"" OR ""division of labour"" OR ""distributed knowledge"" OR ""network memory"" OR ""cross-group"") AND (""failed"" OR ""failure"" OR ""chance level"" OR ""no evidence"" OR ""did not"" OR ""unable"" OR ""not learn"" OR ""control group"")",pending,pending
14,Taeniopygia guttata,theory_discriminating_candidate,O6,outcome,no,"""Taeniopygia guttata"" AND (artifact OR artefact OR construction OR cache OR trail OR nest OR dam OR bower OR ""persistent structure"" OR ""environmental modification"")",,"""Taeniopygia guttata"" AND (artifact OR artefact OR construction OR cache OR trail OR nest OR dam OR bower OR ""persistent structure"" OR ""environmental modification"") AND (""failed"" OR ""failure"" OR ""chance level"" OR ""no evidence"" OR ""did not"" OR ""unable"" OR ""not learn"" OR ""control group"")",pending,pending
14,Taeniopygia guttata,theory_discriminating_candidate,O7,outcome,no,"""Taeniopygia guttata"" AND (""cumulative culture"" OR ""open-ended"" OR ""open ended"" OR ""cultural evolution"" OR ""cumulative technological"" OR ""cumulative improvement"")",,"""Taeniopygia guttata"" AND (""cumulative culture"" OR ""open-ended"" OR ""open ended"" OR ""cultural evolution"" OR ""cumulative technological"" OR ""cumulative improvement"") AND (""failed"" OR ""failure"" OR ""chance level"" OR ""no evidence"" OR ""did not"" OR ""unable"" OR ""not learn"" OR ""control group"")",pending,pending
15,Acris crepitans,data_rich_underrepresented_clade_calibration,A,module,no,"""Acris crepitans"" AND (""problem solving"" OR innovation OR ""behavioral flexibility"" OR ""behavioural flexibility"" OR ""reversal learning"" OR detour OR planning OR ""means-end"" OR causal)",,"""Acris crepitans"" AND (""problem solving"" OR innovation OR ""behavioral flexibility"" OR ""behavioural flexibility"" OR ""reversal learning"" OR detour OR planning OR ""means-end"" OR causal) AND (""failed"" OR ""failure"" OR ""chance level"" OR ""no evidence"" OR ""did not"" OR ""unable"" OR ""not learn"" OR ""control group"")",pending,pending
15,Acris crepitans,data_rich_underrepresented_clade_calibration,B,module,no,"""Acris crepitans"" AND (""social learning"" OR imitation OR emulation OR teaching OR transmission OR tradition OR cultural)",,"""Acris crepitans"" AND (""social learning"" OR imitation OR emulation OR teaching OR transmission OR tradition OR cultural) AND (""failed"" OR ""failure"" OR ""chance level"" OR ""no evidence"" OR ""did not"" OR ""unable"" OR ""not learn"" OR ""control group"")",pending,pending
15,Acris crepitans,data_rich_underrepresented_clade_calibration,C,module,no,"""Acris crepitans"" AND (""vocal learning"" OR communication OR signalling OR signaling OR referential OR combinatorial OR compositional OR ""turn-taking"" OR audience)",,"""Acris crepitans"" AND (""vocal learning"" OR communication OR signalling OR signaling OR referential OR combinatorial OR compositional OR ""turn-taking"" OR audience) AND (""failed"" OR ""failure"" OR ""chance level"" OR ""no evidence"" OR ""did not"" OR ""unable"" OR ""not learn"" OR ""control group"")",pending,pending
15,Acris crepitans,data_rich_underrepresented_clade_calibration,D,module,no,"""Acris crepitans"" AND (""tool use"" OR ""tool manufacture"" OR manipulation OR manipulatory OR construction OR ""object modification"" OR transport)",,"""Acris crepitans"" AND (""tool use"" OR ""tool manufacture"" OR manipulation OR manipulatory OR construction OR ""object modification"" OR transport) AND (""failed"" OR ""failure"" OR ""chance level"" OR ""no evidence"" OR ""did not"" OR ""unable"" OR ""not learn"" OR ""control group"")",pending,pending
15,Acris crepitans,data_rich_underrepresented_clade_calibration,E,module,no,"""Acris crepitans"" AND (artifact OR artefact OR construction OR nest OR dam OR cache OR trail OR bower OR ""environmental modification"" OR externalization OR externalisation)",,"""Acris crepitans"" AND (artifact OR artefact OR construction OR nest OR dam OR cache OR trail OR bower OR ""environmental modification"" OR externalization OR externalisation) AND (""failed"" OR ""failure"" OR ""chance level"" OR ""no evidence"" OR ""did not"" OR ""unable"" OR ""not learn"" OR ""control group"")",pending,pending
15,Acris crepitans,data_rich_underrepresented_clade_calibration,F,module,no,"""Acris crepitans"" AND (cooperation OR cooperative OR ""social tolerance"" OR ""division of labor"" OR ""division of labour"" OR ""social network"" OR ""group decision"" OR ""fission-fusion"" OR alloparental)",,"""Acris crepitans"" AND (cooperation OR cooperative OR ""social tolerance"" OR ""division of labor"" OR ""division of labour"" OR ""social network"" OR ""group decision"" OR ""fission-fusion"" OR alloparental) AND (""failed"" OR ""failure"" OR ""chance level"" OR ""no evidence"" OR ""did not"" OR ""unable"" OR ""not learn"" OR ""control group"")",pending,pending
15,Acris crepitans,data_rich_underrepresented_clade_calibration,O1,outcome,no,"""Acris crepitans"" AND (innovation OR ""novel problem"" OR ""problem solving"" OR transfer OR detour OR planning OR ""means-end"" OR reversal)",,"""Acris crepitans"" AND (innovation OR ""novel problem"" OR ""problem solving"" OR transfer OR detour OR planning OR ""means-end"" OR reversal) AND (""failed"" OR ""failure"" OR ""chance level"" OR ""no evidence"" OR ""did not"" OR ""unable"" OR ""not learn"" OR ""control group"")",pending,pending
15,Acris crepitans,data_rich_underrepresented_clade_calibration,O2,outcome,no,"""Acris crepitans"" AND (tradition OR cultural OR culture OR ""socially transmitted"" OR ""social transmission"" OR dialect)",,"""Acris crepitans"" AND (tradition OR cultural OR culture OR ""socially transmitted"" OR ""social transmission"" OR dialect) AND (""failed"" OR ""failure"" OR ""chance level"" OR ""no evidence"" OR ""did not"" OR ""unable"" OR ""not learn"" OR ""control group"")",pending,pending
15,Acris crepitans,data_rich_underrepresented_clade_calibration,O3,outcome,no,"""Acris crepitans"" AND (""cumulative culture"" OR cumulative OR ""transmission chain"" OR ""successive improvement"" OR ""ratchet"" OR ""naive individuals"" OR ""independent innovation"")",,"""Acris crepitans"" AND (""cumulative culture"" OR cumulative OR ""transmission chain"" OR ""successive improvement"" OR ""ratchet"" OR ""naive individuals"" OR ""independent innovation"") AND (""failed"" OR ""failure"" OR ""chance level"" OR ""no evidence"" OR ""did not"" OR ""unable"" OR ""not learn"" OR ""control group"")",pending,pending
15,Acris crepitans,data_rich_underrepresented_clade_calibration,O4,outcome,no,"""Acris crepitans"" AND (""cultural repertoire"" OR ""behavioural repertoire"" OR ""behavioral repertoire"" OR ""cultural variants"" OR traditions)",,"""Acris crepitans"" AND (""cultural repertoire"" OR ""behavioural repertoire"" OR ""behavioral repertoire"" OR ""cultural variants"" OR traditions) AND (""failed"" OR ""failure"" OR ""chance level"" OR ""no evidence"" OR ""did not"" OR ""unable"" OR ""not learn"" OR ""control group"")",pending,pending
15,Acris crepitans,data_rich_underrepresented_clade_calibration,O5,outcome,no,"""Acris crepitans"" AND (recombination OR specialization OR specialisation OR ""division of labor"" OR ""division of labour"" OR ""distributed knowledge"" OR ""network memory"" OR ""cross-group"")",,"""Acris crepitans"" AND (recombination OR specialization OR specialisation OR ""division of labor"" OR ""division of labour"" OR ""distributed knowledge"" OR ""network memory"" OR ""cross-group"") AND (""failed"" OR ""failure"" OR ""chance level"" OR ""no evidence"" OR ""did not"" OR ""unable"" OR ""not learn"" OR ""control group"")",pending,pending
15,Acris crepitans,data_rich_underrepresented_clade_calibration,O6,outcome,no,"""Acris crepitans"" AND (artifact OR artefact OR construction OR cache OR trail OR nest OR dam OR bower OR ""persistent structure"" OR ""environmental modification"")",,"""Acris crepitans"" AND (artifact OR artefact OR construction OR cache OR trail OR nest OR dam OR bower OR ""persistent structure"" OR ""environmental modification"") AND (""failed"" OR ""failure"" OR ""chance level"" OR ""no evidence"" OR ""did not"" OR ""unable"" OR ""not learn"" OR ""control group"")",pending,pending
15,Acris crepitans,data_rich_underrepresented_clade_calibration,O7,outcome,no,"""Acris crepitans"" AND (""cumulative culture"" OR ""open-ended"" OR ""open ended"" OR ""cultural evolution"" OR ""cumulative technological"" OR ""cumulative improvement"")",,"""Acris crepitans"" AND (""cumulative culture"" OR ""open-ended"" OR ""open ended"" OR ""cultural evolution"" OR ""cumulative technological"" OR ""cumulative improvement"") AND (""failed"" OR ""failure"" OR ""chance level"" OR ""no evidence"" OR ""did not"" OR ""unable"" OR ""not learn"" OR ""control group"")",pending,pending
16,Birgus latro,data_rich_underrepresented_clade_calibration,A,module,no,"""Birgus latro"" AND (""problem solving"" OR innovation OR ""behavioral flexibility"" OR ""behavioural flexibility"" OR ""reversal learning"" OR detour OR planning OR ""means-end"" OR causal)",,"""Birgus latro"" AND (""problem solving"" OR innovation OR ""behavioral flexibility"" OR ""behavioural flexibility"" OR ""reversal learning"" OR detour OR planning OR ""means-end"" OR causal) AND (""failed"" OR ""failure"" OR ""chance level"" OR ""no evidence"" OR ""did not"" OR ""unable"" OR ""not learn"" OR ""control group"")",pending,pending
16,Birgus latro,data_rich_underrepresented_clade_calibration,B,module,no,"""Birgus latro"" AND (""social learning"" OR imitation OR emulation OR teaching OR transmission OR tradition OR cultural)",,"""Birgus latro"" AND (""social learning"" OR imitation OR emulation OR teaching OR transmission OR tradition OR cultural) AND (""failed"" OR ""failure"" OR ""chance level"" OR ""no evidence"" OR ""did not"" OR ""unable"" OR ""not learn"" OR ""control group"")",pending,pending
16,Birgus latro,data_rich_underrepresented_clade_calibration,C,module,no,"""Birgus latro"" AND (""vocal learning"" OR communication OR signalling OR signaling OR referential OR combinatorial OR compositional OR ""turn-taking"" OR audience)",,"""Birgus latro"" AND (""vocal learning"" OR communication OR signalling OR signaling OR referential OR combinatorial OR compositional OR ""turn-taking"" OR audience) AND (""failed"" OR ""failure"" OR ""chance level"" OR ""no evidence"" OR ""did not"" OR ""unable"" OR ""not learn"" OR ""control group"")",pending,pending
16,Birgus latro,data_rich_underrepresented_clade_calibration,D,module,no,"""Birgus latro"" AND (""tool use"" OR ""tool manufacture"" OR manipulation OR manipulatory OR construction OR ""object modification"" OR transport)",,"""Birgus latro"" AND (""tool use"" OR ""tool manufacture"" OR manipulation OR manipulatory OR construction OR ""object modification"" OR transport) AND (""failed"" OR ""failure"" OR ""chance level"" OR ""no evidence"" OR ""did not"" OR ""unable"" OR ""not learn"" OR ""control group"")",pending,pending
16,Birgus latro,data_rich_underrepresented_clade_calibration,E,module,no,"""Birgus latro"" AND (artifact OR artefact OR construction OR nest OR dam OR cache OR trail OR bower OR ""environmental modification"" OR externalization OR externalisation)",,"""Birgus latro"" AND (artifact OR artefact OR construction OR nest OR dam OR cache OR trail OR bower OR ""environmental modification"" OR externalization OR externalisation) AND (""failed"" OR ""failure"" OR ""chance level"" OR ""no evidence"" OR ""did not"" OR ""unable"" OR ""not learn"" OR ""control group"")",pending,pending
16,Birgus latro,data_rich_underrepresented_clade_calibration,F,module,no,"""Birgus latro"" AND (cooperation OR cooperative OR ""social tolerance"" OR ""division of labor"" OR ""division of labour"" OR ""social network"" OR ""group decision"" OR ""fission-fusion"" OR alloparental)",,"""Birgus latro"" AND (cooperation OR cooperative OR ""social tolerance"" OR ""division of labor"" OR ""division of labour"" OR ""social network"" OR ""group decision"" OR ""fission-fusion"" OR alloparental) AND (""failed"" OR ""failure"" OR ""chance level"" OR ""no evidence"" OR ""did not"" OR ""unable"" OR ""not learn"" OR ""control group"")",pending,pending
16,Birgus latro,data_rich_underrepresented_clade_calibration,O1,outcome,no,"""Birgus latro"" AND (innovation OR ""novel problem"" OR ""problem solving"" OR transfer OR detour OR planning OR ""means-end"" OR reversal)",,"""Birgus latro"" AND (innovation OR ""novel problem"" OR ""problem solving"" OR transfer OR detour OR planning OR ""means-end"" OR reversal) AND (""failed"" OR ""failure"" OR ""chance level"" OR ""no evidence"" OR ""did not"" OR ""unable"" OR ""not learn"" OR ""control group"")",pending,pending
16,Birgus latro,data_rich_underrepresented_clade_calibration,O2,outcome,no,"""Birgus latro"" AND (tradition OR cultural OR culture OR ""socially transmitted"" OR ""social transmission"" OR dialect)",,"""Birgus latro"" AND (tradition OR cultural OR culture OR ""socially transmitted"" OR ""social transmission"" OR dialect) AND (""failed"" OR ""failure"" OR ""chance level"" OR ""no evidence"" OR ""did not"" OR ""unable"" OR ""not learn"" OR ""control group"")",pending,pending
16,Birgus latro,data_rich_underrepresented_clade_calibration,O3,outcome,no,"""Birgus latro"" AND (""cumulative culture"" OR cumulative OR ""transmission chain"" OR ""successive improvement"" OR ""ratchet"" OR ""naive individuals"" OR ""independent innovation"")",,"""Birgus latro"" AND (""cumulative culture"" OR cumulative OR ""transmission chain"" OR ""successive improvement"" OR ""ratchet"" OR ""naive individuals"" OR ""independent innovation"") AND (""failed"" OR ""failure"" OR ""chance level"" OR ""no evidence"" OR ""did not"" OR ""unable"" OR ""not learn"" OR ""control group"")",pending,pending
16,Birgus latro,data_rich_underrepresented_clade_calibration,O4,outcome,no,"""Birgus latro"" AND (""cultural repertoire"" OR ""behavioural repertoire"" OR ""behavioral repertoire"" OR ""cultural variants"" OR traditions)",,"""Birgus latro"" AND (""cultural repertoire"" OR ""behavioural repertoire"" OR ""behavioral repertoire"" OR ""cultural variants"" OR traditions) AND (""failed"" OR ""failure"" OR ""chance level"" OR ""no evidence"" OR ""did not"" OR ""unable"" OR ""not learn"" OR ""control group"")",pending,pending
16,Birgus latro,data_rich_underrepresented_clade_calibration,O5,outcome,no,"""Birgus latro"" AND (recombination OR specialization OR specialisation OR ""division of labor"" OR ""division of labour"" OR ""distributed knowledge"" OR ""network memory"" OR ""cross-group"")",,"""Birgus latro"" AND (recombination OR specialization OR specialisation OR ""division of labor"" OR ""division of labour"" OR ""distributed knowledge"" OR ""network memory"" OR ""cross-group"") AND (""failed"" OR ""failure"" OR ""chance level"" OR ""no evidence"" OR ""did not"" OR ""unable"" OR ""not learn"" OR ""control group"")",pending,pending
16,Birgus latro,data_rich_underrepresented_clade_calibration,O6,outcome,no,"""Birgus latro"" AND (artifact OR artefact OR construction OR cache OR trail OR nest OR dam OR bower OR ""persistent structure"" OR ""environmental modification"")",,"""Birgus latro"" AND (artifact OR artefact OR construction OR cache OR trail OR nest OR dam OR bower OR ""persistent structure"" OR ""environmental modification"") AND (""failed"" OR ""failure"" OR ""chance level"" OR ""no evidence"" OR ""did not"" OR ""unable"" OR ""not learn"" OR ""control group"")",pending,pending
16,Birgus latro,data_rich_underrepresented_clade_calibration,O7,outcome,no,"""Birgus latro"" AND (""cumulative culture"" OR ""open-ended"" OR ""open ended"" OR ""cultural evolution"" OR ""cumulative technological"" OR ""cumulative improvement"")",,"""Birgus latro"" AND (""cumulative culture"" OR ""open-ended"" OR ""open ended"" OR ""cultural evolution"" OR ""cumulative technological"" OR ""cumulative improvement"") AND (""failed"" OR ""failure"" OR ""chance level"" OR ""no evidence"" OR ""did not"" OR ""unable"" OR ""not learn"" OR ""control group"")",pending,pending
17,Camponotus sericeiventris,data_rich_underrepresented_clade_calibration,A,module,no,"""Camponotus sericeiventris"" AND (""problem solving"" OR innovation OR ""behavioral flexibility"" OR ""behavioural flexibility"" OR ""reversal learning"" OR detour OR planning OR ""means-end"" OR causal)",,"""Camponotus sericeiventris"" AND (""problem solving"" OR innovation OR ""behavioral flexibility"" OR ""behavioural flexibility"" OR ""reversal learning"" OR detour OR planning OR ""means-end"" OR causal) AND (""failed"" OR ""failure"" OR ""chance level"" OR ""no evidence"" OR ""did not"" OR ""unable"" OR ""not learn"" OR ""control group"")",pending,pending
17,Camponotus sericeiventris,data_rich_underrepresented_clade_calibration,B,module,no,"""Camponotus sericeiventris"" AND (""social learning"" OR imitation OR emulation OR teaching OR transmission OR tradition OR cultural)",,"""Camponotus sericeiventris"" AND (""social learning"" OR imitation OR emulation OR teaching OR transmission OR tradition OR cultural) AND (""failed"" OR ""failure"" OR ""chance level"" OR ""no evidence"" OR ""did not"" OR ""unable"" OR ""not learn"" OR ""control group"")",pending,pending
17,Camponotus sericeiventris,data_rich_underrepresented_clade_calibration,C,module,no,"""Camponotus sericeiventris"" AND (""vocal learning"" OR communication OR signalling OR signaling OR referential OR combinatorial OR compositional OR ""turn-taking"" OR audience)",,"""Camponotus sericeiventris"" AND (""vocal learning"" OR communication OR signalling OR signaling OR referential OR combinatorial OR compositional OR ""turn-taking"" OR audience) AND (""failed"" OR ""failure"" OR ""chance level"" OR ""no evidence"" OR ""did not"" OR ""unable"" OR ""not learn"" OR ""control group"")",pending,pending
17,Camponotus sericeiventris,data_rich_underrepresented_clade_calibration,D,module,no,"""Camponotus sericeiventris"" AND (""tool use"" OR ""tool manufacture"" OR manipulation OR manipulatory OR construction OR ""object modification"" OR transport)",,"""Camponotus sericeiventris"" AND (""tool use"" OR ""tool manufacture"" OR manipulation OR manipulatory OR construction OR ""object modification"" OR transport) AND (""failed"" OR ""failure"" OR ""chance level"" OR ""no evidence"" OR ""did not"" OR ""unable"" OR ""not learn"" OR ""control group"")",pending,pending
17,Camponotus sericeiventris,data_rich_underrepresented_clade_calibration,E,module,no,"""Camponotus sericeiventris"" AND (artifact OR artefact OR construction OR nest OR dam OR cache OR trail OR bower OR ""environmental modification"" OR externalization OR externalisation)",,"""Camponotus sericeiventris"" AND (artifact OR artefact OR construction OR nest OR dam OR cache OR trail OR bower OR ""environmental modification"" OR externalization OR externalisation) AND (""failed"" OR ""failure"" OR ""chance level"" OR ""no evidence"" OR ""did not"" OR ""unable"" OR ""not learn"" OR ""control group"")",pending,pending
17,Camponotus sericeiventris,data_rich_underrepresented_clade_calibration,F,module,no,"""Camponotus sericeiventris"" AND (cooperation OR cooperative OR ""social tolerance"" OR ""division of labor"" OR ""division of labour"" OR ""social network"" OR ""group decision"" OR ""fission-fusion"" OR alloparental)",,"""Camponotus sericeiventris"" AND (cooperation OR cooperative OR ""social tolerance"" OR ""division of labor"" OR ""division of labour"" OR ""social network"" OR ""group decision"" OR ""fission-fusion"" OR alloparental) AND (""failed"" OR ""failure"" OR ""chance level"" OR ""no evidence"" OR ""did not"" OR ""unable"" OR ""not learn"" OR ""control group"")",pending,pending
17,Camponotus sericeiventris,data_rich_underrepresented_clade_calibration,O1,outcome,no,"""Camponotus sericeiventris"" AND (innovation OR ""novel problem"" OR ""problem solving"" OR transfer OR detour OR planning OR ""means-end"" OR reversal)",,"""Camponotus sericeiventris"" AND (innovation OR ""novel problem"" OR ""problem solving"" OR transfer OR detour OR planning OR ""means-end"" OR reversal) AND (""failed"" OR ""failure"" OR ""chance level"" OR ""no evidence"" OR ""did not"" OR ""unable"" OR ""not learn"" OR ""control group"")",pending,pending
17,Camponotus sericeiventris,data_rich_underrepresented_clade_calibration,O2,outcome,no,"""Camponotus sericeiventris"" AND (tradition OR cultural OR culture OR ""socially transmitted"" OR ""social transmission"" OR dialect)",,"""Camponotus sericeiventris"" AND (tradition OR cultural OR culture OR ""socially transmitted"" OR ""social transmission"" OR dialect) AND (""failed"" OR ""failure"" OR ""chance level"" OR ""no evidence"" OR ""did not"" OR ""unable"" OR ""not learn"" OR ""control group"")",pending,pending
17,Camponotus sericeiventris,data_rich_underrepresented_clade_calibration,O3,outcome,no,"""Camponotus sericeiventris"" AND (""cumulative culture"" OR cumulative OR ""transmission chain"" OR ""successive improvement"" OR ""ratchet"" OR ""naive individuals"" OR ""independent innovation"")",,"""Camponotus sericeiventris"" AND (""cumulative culture"" OR cumulative OR ""transmission chain"" OR ""successive improvement"" OR ""ratchet"" OR ""naive individuals"" OR ""independent innovation"") AND (""failed"" OR ""failure"" OR ""chance level"" OR ""no evidence"" OR ""did not"" OR ""unable"" OR ""not learn"" OR ""control group"")",pending,pending
17,Camponotus sericeiventris,data_rich_underrepresented_clade_calibration,O4,outcome,no,"""Camponotus sericeiventris"" AND (""cultural repertoire"" OR ""behavioural repertoire"" OR ""behavioral repertoire"" OR ""cultural variants"" OR traditions)",,"""Camponotus sericeiventris"" AND (""cultural repertoire"" OR ""behavioural repertoire"" OR ""behavioral repertoire"" OR ""cultural variants"" OR traditions) AND (""failed"" OR ""failure"" OR ""chance level"" OR ""no evidence"" OR ""did not"" OR ""unable"" OR ""not learn"" OR ""control group"")",pending,pending
17,Camponotus sericeiventris,data_rich_underrepresented_clade_calibration,O5,outcome,no,"""Camponotus sericeiventris"" AND (recombination OR specialization OR specialisation OR ""division of labor"" OR ""division of labour"" OR ""distributed knowledge"" OR ""network memory"" OR ""cross-group"")",,"""Camponotus sericeiventris"" AND (recombination OR specialization OR specialisation OR ""division of labor"" OR ""division of labour"" OR ""distributed knowledge"" OR ""network memory"" OR ""cross-group"") AND (""failed"" OR ""failure"" OR ""chance level"" OR ""no evidence"" OR ""did not"" OR ""unable"" OR ""not learn"" OR ""control group"")",pending,pending
17,Camponotus sericeiventris,data_rich_underrepresented_clade_calibration,O6,outcome,no,"""Camponotus sericeiventris"" AND (artifact OR artefact OR construction OR cache OR trail OR nest OR dam OR bower OR ""persistent structure"" OR ""environmental modification"")",,"""Camponotus sericeiventris"" AND (artifact OR artefact OR construction OR cache OR trail OR nest OR dam OR bower OR ""persistent structure"" OR ""environmental modification"") AND (""failed"" OR ""failure"" OR ""chance level"" OR ""no evidence"" OR ""did not"" OR ""unable"" OR ""not learn"" OR ""control group"")",pending,pending
17,Camponotus sericeiventris,data_rich_underrepresented_clade_calibration,O7,outcome,no,"""Camponotus sericeiventris"" AND (""cumulative culture"" OR ""open-ended"" OR ""open ended"" OR ""cultural evolution"" OR ""cumulative technological"" OR ""cumulative improvement"")",,"""Camponotus sericeiventris"" AND (""cumulative culture"" OR ""open-ended"" OR ""open ended"" OR ""cultural evolution"" OR ""cumulative technological"" OR ""cumulative improvement"") AND (""failed"" OR ""failure"" OR ""chance level"" OR ""no evidence"" OR ""did not"" OR ""unable"" OR ""not learn"" OR ""control group"")",pending,pending
18,Chelydra serpentina,data_rich_underrepresented_clade_calibration,A,module,no,"""Chelydra serpentina"" AND (""problem solving"" OR innovation OR ""behavioral flexibility"" OR ""behavioural flexibility"" OR ""reversal learning"" OR detour OR planning OR ""means-end"" OR causal)",,"""Chelydra serpentina"" AND (""problem solving"" OR innovation OR ""behavioral flexibility"" OR ""behavioural flexibility"" OR ""reversal learning"" OR detour OR planning OR ""means-end"" OR causal) AND (""failed"" OR ""failure"" OR ""chance level"" OR ""no evidence"" OR ""did not"" OR ""unable"" OR ""not learn"" OR ""control group"")",pending,pending
18,Chelydra serpentina,data_rich_underrepresented_clade_calibration,B,module,no,"""Chelydra serpentina"" AND (""social learning"" OR imitation OR emulation OR teaching OR transmission OR tradition OR cultural)",,"""Chelydra serpentina"" AND (""social learning"" OR imitation OR emulation OR teaching OR transmission OR tradition OR cultural) AND (""failed"" OR ""failure"" OR ""chance level"" OR ""no evidence"" OR ""did not"" OR ""unable"" OR ""not learn"" OR ""control group"")",pending,pending
18,Chelydra serpentina,data_rich_underrepresented_clade_calibration,C,module,no,"""Chelydra serpentina"" AND (""vocal learning"" OR communication OR signalling OR signaling OR referential OR combinatorial OR compositional OR ""turn-taking"" OR audience)",,"""Chelydra serpentina"" AND (""vocal learning"" OR communication OR signalling OR signaling OR referential OR combinatorial OR compositional OR ""turn-taking"" OR audience) AND (""failed"" OR ""failure"" OR ""chance level"" OR ""no evidence"" OR ""did not"" OR ""unable"" OR ""not learn"" OR ""control group"")",pending,pending
18,Chelydra serpentina,data_rich_underrepresented_clade_calibration,D,module,no,"""Chelydra serpentina"" AND (""tool use"" OR ""tool manufacture"" OR manipulation OR manipulatory OR construction OR ""object modification"" OR transport)",,"""Chelydra serpentina"" AND (""tool use"" OR ""tool manufacture"" OR manipulation OR manipulatory OR construction OR ""object modification"" OR transport) AND (""failed"" OR ""failure"" OR ""chance level"" OR ""no evidence"" OR ""did not"" OR ""unable"" OR ""not learn"" OR ""control group"")",pending,pending
18,Chelydra serpentina,data_rich_underrepresented_clade_calibration,E,module,no,"""Chelydra serpentina"" AND (artifact OR artefact OR construction OR nest OR dam OR cache OR trail OR bower OR ""environmental modification"" OR externalization OR externalisation)",,"""Chelydra serpentina"" AND (artifact OR artefact OR construction OR nest OR dam OR cache OR trail OR bower OR ""environmental modification"" OR externalization OR externalisation) AND (""failed"" OR ""failure"" OR ""chance level"" OR ""no evidence"" OR ""did not"" OR ""unable"" OR ""not learn"" OR ""control group"")",pending,pending
18,Chelydra serpentina,data_rich_underrepresented_clade_calibration,F,module,no,"""Chelydra serpentina"" AND (cooperation OR cooperative OR ""social tolerance"" OR ""division of labor"" OR ""division of labour"" OR ""social network"" OR ""group decision"" OR ""fission-fusion"" OR alloparental)",,"""Chelydra serpentina"" AND (cooperation OR cooperative OR ""social tolerance"" OR ""division of labor"" OR ""division of labour"" OR ""social network"" OR ""group decision"" OR ""fission-fusion"" OR alloparental) AND (""failed"" OR ""failure"" OR ""chance level"" OR ""no evidence"" OR ""did not"" OR ""unable"" OR ""not learn"" OR ""control group"")",pending,pending
18,Chelydra serpentina,data_rich_underrepresented_clade_calibration,O1,outcome,no,"""Chelydra serpentina"" AND (innovation OR ""novel problem"" OR ""problem solving"" OR transfer OR detour OR planning OR ""means-end"" OR reversal)",,"""Chelydra serpentina"" AND (innovation OR ""novel problem"" OR ""problem solving"" OR transfer OR detour OR planning OR ""means-end"" OR reversal) AND (""failed"" OR ""failure"" OR ""chance level"" OR ""no evidence"" OR ""did not"" OR ""unable"" OR ""not learn"" OR ""control group"")",pending,pending
18,Chelydra serpentina,data_rich_underrepresented_clade_calibration,O2,outcome,no,"""Chelydra serpentina"" AND (tradition OR cultural OR culture OR ""socially transmitted"" OR ""social transmission"" OR dialect)",,"""Chelydra serpentina"" AND (tradition OR cultural OR culture OR ""socially transmitted"" OR ""social transmission"" OR dialect) AND (""failed"" OR ""failure"" OR ""chance level"" OR ""no evidence"" OR ""did not"" OR ""unable"" OR ""not learn"" OR ""control group"")",pending,pending
18,Chelydra serpentina,data_rich_underrepresented_clade_calibration,O3,outcome,no,"""Chelydra serpentina"" AND (""cumulative culture"" OR cumulative OR ""transmission chain"" OR ""successive improvement"" OR ""ratchet"" OR ""naive individuals"" OR ""independent innovation"")",,"""Chelydra serpentina"" AND (""cumulative culture"" OR cumulative OR ""transmission chain"" OR ""successive improvement"" OR ""ratchet"" OR ""naive individuals"" OR ""independent innovation"") AND (""failed"" OR ""failure"" OR ""chance level"" OR ""no evidence"" OR ""did not"" OR ""unable"" OR ""not learn"" OR ""control group"")",pending,pending
18,Chelydra serpentina,data_rich_underrepresented_clade_calibration,O4,outcome,no,"""Chelydra serpentina"" AND (""cultural repertoire"" OR ""behavioural repertoire"" OR ""behavioral repertoire"" OR ""cultural variants"" OR traditions)",,"""Chelydra serpentina"" AND (""cultural repertoire"" OR ""behavioural repertoire"" OR ""behavioral repertoire"" OR ""cultural variants"" OR traditions) AND (""failed"" OR ""failure"" OR ""chance level"" OR ""no evidence"" OR ""did not"" OR ""unable"" OR ""not learn"" OR ""control group"")",pending,pending
18,Chelydra serpentina,data_rich_underrepresented_clade_calibration,O5,outcome,no,"""Chelydra serpentina"" AND (recombination OR specialization OR specialisation OR ""division of labor"" OR ""division of labour"" OR ""distributed knowledge"" OR ""network memory"" OR ""cross-group"")",,"""Chelydra serpentina"" AND (recombination OR specialization OR specialisation OR ""division of labor"" OR ""division of labour"" OR ""distributed knowledge"" OR ""network memory"" OR ""cross-group"") AND (""failed"" OR ""failure"" OR ""chance level"" OR ""no evidence"" OR ""did not"" OR ""unable"" OR ""not learn"" OR ""control group"")",pending,pending
18,Chelydra serpentina,data_rich_underrepresented_clade_calibration,O6,outcome,no,"""Chelydra serpentina"" AND (artifact OR artefact OR construction OR cache OR trail OR nest OR dam OR bower OR ""persistent structure"" OR ""environmental modification"")",,"""Chelydra serpentina"" AND (artifact OR artefact OR construction OR cache OR trail OR nest OR dam OR bower OR ""persistent structure"" OR ""environmental modification"") AND (""failed"" OR ""failure"" OR ""chance level"" OR ""no evidence"" OR ""did not"" OR ""unable"" OR ""not learn"" OR ""control group"")",pending,pending
18,Chelydra serpentina,data_rich_underrepresented_clade_calibration,O7,outcome,no,"""Chelydra serpentina"" AND (""cumulative culture"" OR ""open-ended"" OR ""open ended"" OR ""cultural evolution"" OR ""cumulative technological"" OR ""cumulative improvement"")",,"""Chelydra serpentina"" AND (""cumulative culture"" OR ""open-ended"" OR ""open ended"" OR ""cultural evolution"" OR ""cumulative technological"" OR ""cumulative improvement"") AND (""failed"" OR ""failure"" OR ""chance level"" OR ""no evidence"" OR ""did not"" OR ""unable"" OR ""not learn"" OR ""control group"")",pending,pending
19,Ctenophorus nuchalis,data_rich_underrepresented_clade_calibration,A,module,no,"""Ctenophorus nuchalis"" AND (""problem solving"" OR innovation OR ""behavioral flexibility"" OR ""behavioural flexibility"" OR ""reversal learning"" OR detour OR planning OR ""means-end"" OR causal)",,"""Ctenophorus nuchalis"" AND (""problem solving"" OR innovation OR ""behavioral flexibility"" OR ""behavioural flexibility"" OR ""reversal learning"" OR detour OR planning OR ""means-end"" OR causal) AND (""failed"" OR ""failure"" OR ""chance level"" OR ""no evidence"" OR ""did not"" OR ""unable"" OR ""not learn"" OR ""control group"")",pending,pending
19,Ctenophorus nuchalis,data_rich_underrepresented_clade_calibration,B,module,no,"""Ctenophorus nuchalis"" AND (""social learning"" OR imitation OR emulation OR teaching OR transmission OR tradition OR cultural)",,"""Ctenophorus nuchalis"" AND (""social learning"" OR imitation OR emulation OR teaching OR transmission OR tradition OR cultural) AND (""failed"" OR ""failure"" OR ""chance level"" OR ""no evidence"" OR ""did not"" OR ""unable"" OR ""not learn"" OR ""control group"")",pending,pending
19,Ctenophorus nuchalis,data_rich_underrepresented_clade_calibration,C,module,no,"""Ctenophorus nuchalis"" AND (""vocal learning"" OR communication OR signalling OR signaling OR referential OR combinatorial OR compositional OR ""turn-taking"" OR audience)",,"""Ctenophorus nuchalis"" AND (""vocal learning"" OR communication OR signalling OR signaling OR referential OR combinatorial OR compositional OR ""turn-taking"" OR audience) AND (""failed"" OR ""failure"" OR ""chance level"" OR ""no evidence"" OR ""did not"" OR ""unable"" OR ""not learn"" OR ""control group"")",pending,pending
19,Ctenophorus nuchalis,data_rich_underrepresented_clade_calibration,D,module,no,"""Ctenophorus nuchalis"" AND (""tool use"" OR ""tool manufacture"" OR manipulation OR manipulatory OR construction OR ""object modification"" OR transport)",,"""Ctenophorus nuchalis"" AND (""tool use"" OR ""tool manufacture"" OR manipulation OR manipulatory OR construction OR ""object modification"" OR transport) AND (""failed"" OR ""failure"" OR ""chance level"" OR ""no evidence"" OR ""did not"" OR ""unable"" OR ""not learn"" OR ""control group"")",pending,pending
19,Ctenophorus nuchalis,data_rich_underrepresented_clade_calibration,E,module,no,"""Ctenophorus nuchalis"" AND (artifact OR artefact OR construction OR nest OR dam OR cache OR trail OR bower OR ""environmental modification"" OR externalization OR externalisation)",,"""Ctenophorus nuchalis"" AND (artifact OR artefact OR construction OR nest OR dam OR cache OR trail OR bower OR ""environmental modification"" OR externalization OR externalisation) AND (""failed"" OR ""failure"" OR ""chance level"" OR ""no evidence"" OR ""did not"" OR ""unable"" OR ""not learn"" OR ""control group"")",pending,pending
19,Ctenophorus nuchalis,data_rich_underrepresented_clade_calibration,F,module,no,"""Ctenophorus nuchalis"" AND (cooperation OR cooperative OR ""social tolerance"" OR ""division of labor"" OR ""division of labour"" OR ""social network"" OR ""group decision"" OR ""fission-fusion"" OR alloparental)",,"""Ctenophorus nuchalis"" AND (cooperation OR cooperative OR ""social tolerance"" OR ""division of labor"" OR ""division of labour"" OR ""social network"" OR ""group decision"" OR ""fission-fusion"" OR alloparental) AND (""failed"" OR ""failure"" OR ""chance level"" OR ""no evidence"" OR ""did not"" OR ""unable"" OR ""not learn"" OR ""control group"")",pending,pending
19,Ctenophorus nuchalis,data_rich_underrepresented_clade_calibration,O1,outcome,no,"""Ctenophorus nuchalis"" AND (innovation OR ""novel problem"" OR ""problem solving"" OR transfer OR detour OR planning OR ""means-end"" OR reversal)",,"""Ctenophorus nuchalis"" AND (innovation OR ""novel problem"" OR ""problem solving"" OR transfer OR detour OR planning OR ""means-end"" OR reversal) AND (""failed"" OR ""failure"" OR ""chance level"" OR ""no evidence"" OR ""did not"" OR ""unable"" OR ""not learn"" OR ""control group"")",pending,pending
19,Ctenophorus nuchalis,data_rich_underrepresented_clade_calibration,O2,outcome,no,"""Ctenophorus nuchalis"" AND (tradition OR cultural OR culture OR ""socially transmitted"" OR ""social transmission"" OR dialect)",,"""Ctenophorus nuchalis"" AND (tradition OR cultural OR culture OR ""socially transmitted"" OR ""social transmission"" OR dialect) AND (""failed"" OR ""failure"" OR ""chance level"" OR ""no evidence"" OR ""did not"" OR ""unable"" OR ""not learn"" OR ""control group"")",pending,pending
19,Ctenophorus nuchalis,data_rich_underrepresented_clade_calibration,O3,outcome,no,"""Ctenophorus nuchalis"" AND (""cumulative culture"" OR cumulative OR ""transmission chain"" OR ""successive improvement"" OR ""ratchet"" OR ""naive individuals"" OR ""independent innovation"")",,"""Ctenophorus nuchalis"" AND (""cumulative culture"" OR cumulative OR ""transmission chain"" OR ""successive improvement"" OR ""ratchet"" OR ""naive individuals"" OR ""independent innovation"") AND (""failed"" OR ""failure"" OR ""chance level"" OR ""no evidence"" OR ""did not"" OR ""unable"" OR ""not learn"" OR ""control group"")",pending,pending
19,Ctenophorus nuchalis,data_rich_underrepresented_clade_calibration,O4,outcome,no,"""Ctenophorus nuchalis"" AND (""cultural repertoire"" OR ""behavioural repertoire"" OR ""behavioral repertoire"" OR ""cultural variants"" OR traditions)",,"""Ctenophorus nuchalis"" AND (""cultural repertoire"" OR ""behavioural repertoire"" OR ""behavioral repertoire"" OR ""cultural variants"" OR traditions) AND (""failed"" OR ""failure"" OR ""chance level"" OR ""no evidence"" OR ""did not"" OR ""unable"" OR ""not learn"" OR ""control group"")",pending,pending
19,Ctenophorus nuchalis,data_rich_underrepresented_clade_calibration,O5,outcome,no,"""Ctenophorus nuchalis"" AND (recombination OR specialization OR specialisation OR ""division of labor"" OR ""division of labour"" OR ""distributed knowledge"" OR ""network memory"" OR ""cross-group"")",,"""Ctenophorus nuchalis"" AND (recombination OR specialization OR specialisation OR ""division of labor"" OR ""division of labour"" OR ""distributed knowledge"" OR ""network memory"" OR ""cross-group"") AND (""failed"" OR ""failure"" OR ""chance level"" OR ""no evidence"" OR ""did not"" OR ""unable"" OR ""not learn"" OR ""control group"")",pending,pending
19,Ctenophorus nuchalis,data_rich_underrepresented_clade_calibration,O6,outcome,no,"""Ctenophorus nuchalis"" AND (artifact OR artefact OR construction OR cache OR trail OR nest OR dam OR bower OR ""persistent structure"" OR ""environmental modification"")",,"""Ctenophorus nuchalis"" AND (artifact OR artefact OR construction OR cache OR trail OR nest OR dam OR bower OR ""persistent structure"" OR ""environmental modification"") AND (""failed"" OR ""failure"" OR ""chance level"" OR ""no evidence"" OR ""did not"" OR ""unable"" OR ""not learn"" OR ""control group"")",pending,pending
19,Ctenophorus nuchalis,data_rich_underrepresented_clade_calibration,O7,outcome,no,"""Ctenophorus nuchalis"" AND (""cumulative culture"" OR ""open-ended"" OR ""open ended"" OR ""cultural evolution"" OR ""cumulative technological"" OR ""cumulative improvement"")",,"""Ctenophorus nuchalis"" AND (""cumulative culture"" OR ""open-ended"" OR ""open ended"" OR ""cultural evolution"" OR ""cumulative technological"" OR ""cumulative improvement"") AND (""failed"" OR ""failure"" OR ""chance level"" OR ""no evidence"" OR ""did not"" OR ""unable"" OR ""not learn"" OR ""control group"")",pending,pending
20,Hyla versicolor,data_rich_underrepresented_clade_calibration,A,module,no,"""Hyla versicolor"" AND (""problem solving"" OR innovation OR ""behavioral flexibility"" OR ""behavioural flexibility"" OR ""reversal learning"" OR detour OR planning OR ""means-end"" OR causal)","""Dryophytes versicolor"" AND (""problem solving"" OR innovation OR ""behavioral flexibility"" OR ""behavioural flexibility"" OR ""reversal learning"" OR detour OR planning OR ""means-end"" OR causal)","""Hyla versicolor"" AND (""problem solving"" OR innovation OR ""behavioral flexibility"" OR ""behavioural flexibility"" OR ""reversal learning"" OR detour OR planning OR ""means-end"" OR causal) AND (""failed"" OR ""failure"" OR ""chance level"" OR ""no evidence"" OR ""did not"" OR ""unable"" OR ""not learn"" OR ""control group"")",pending,pending
20,Hyla versicolor,data_rich_underrepresented_clade_calibration,B,module,no,"""Hyla versicolor"" AND (""social learning"" OR imitation OR emulation OR teaching OR transmission OR tradition OR cultural)","""Dryophytes versicolor"" AND (""social learning"" OR imitation OR emulation OR teaching OR transmission OR tradition OR cultural)","""Hyla versicolor"" AND (""social learning"" OR imitation OR emulation OR teaching OR transmission OR tradition OR cultural) AND (""failed"" OR ""failure"" OR ""chance level"" OR ""no evidence"" OR ""did not"" OR ""unable"" OR ""not learn"" OR ""control group"")",pending,pending
20,Hyla versicolor,data_rich_underrepresented_clade_calibration,C,module,no,"""Hyla versicolor"" AND (""vocal learning"" OR communication OR signalling OR signaling OR referential OR combinatorial OR compositional OR ""turn-taking"" OR audience)","""Dryophytes versicolor"" AND (""vocal learning"" OR communication OR signalling OR signaling OR referential OR combinatorial OR compositional OR ""turn-taking"" OR audience)","""Hyla versicolor"" AND (""vocal learning"" OR communication OR signalling OR signaling OR referential OR combinatorial OR compositional OR ""turn-taking"" OR audience) AND (""failed"" OR ""failure"" OR ""chance level"" OR ""no evidence"" OR ""did not"" OR ""unable"" OR ""not learn"" OR ""control group"")",pending,pending
20,Hyla versicolor,data_rich_underrepresented_clade_calibration,D,module,no,"""Hyla versicolor"" AND (""tool use"" OR ""tool manufacture"" OR manipulation OR manipulatory OR construction OR ""object modification"" OR transport)","""Dryophytes versicolor"" AND (""tool use"" OR ""tool manufacture"" OR manipulation OR manipulatory OR construction OR ""object modification"" OR transport)","""Hyla versicolor"" AND (""tool use"" OR ""tool manufacture"" OR manipulation OR manipulatory OR construction OR ""object modification"" OR transport) AND (""failed"" OR ""failure"" OR ""chance level"" OR ""no evidence"" OR ""did not"" OR ""unable"" OR ""not learn"" OR ""control group"")",pending,pending
20,Hyla versicolor,data_rich_underrepresented_clade_calibration,E,module,no,"""Hyla versicolor"" AND (artifact OR artefact OR construction OR nest OR dam OR cache OR trail OR bower OR ""environmental modification"" OR externalization OR externalisation)","""Dryophytes versicolor"" AND (artifact OR artefact OR construction OR nest OR dam OR cache OR trail OR bower OR ""environmental modification"" OR externalization OR externalisation)","""Hyla versicolor"" AND (artifact OR artefact OR construction OR nest OR dam OR cache OR trail OR bower OR ""environmental modification"" OR externalization OR externalisation) AND (""failed"" OR ""failure"" OR ""chance level"" OR ""no evidence"" OR ""did not"" OR ""unable"" OR ""not learn"" OR ""control group"")",pending,pending
20,Hyla versicolor,data_rich_underrepresented_clade_calibration,F,module,no,"""Hyla versicolor"" AND (cooperation OR cooperative OR ""social tolerance"" OR ""division of labor"" OR ""division of labour"" OR ""social network"" OR ""group decision"" OR ""fission-fusion"" OR alloparental)","""Dryophytes versicolor"" AND (cooperation OR cooperative OR ""social tolerance"" OR ""division of labor"" OR ""division of labour"" OR ""social network"" OR ""group decision"" OR ""fission-fusion"" OR alloparental)","""Hyla versicolor"" AND (cooperation OR cooperative OR ""social tolerance"" OR ""division of labor"" OR ""division of labour"" OR ""social network"" OR ""group decision"" OR ""fission-fusion"" OR alloparental) AND (""failed"" OR ""failure"" OR ""chance level"" OR ""no evidence"" OR ""did not"" OR ""unable"" OR ""not learn"" OR ""control group"")",pending,pending
20,Hyla versicolor,data_rich_underrepresented_clade_calibration,O1,outcome,no,"""Hyla versicolor"" AND (innovation OR ""novel problem"" OR ""problem solving"" OR transfer OR detour OR planning OR ""means-end"" OR reversal)","""Dryophytes versicolor"" AND (innovation OR ""novel problem"" OR ""problem solving"" OR transfer OR detour OR planning OR ""means-end"" OR reversal)","""Hyla versicolor"" AND (innovation OR ""novel problem"" OR ""problem solving"" OR transfer OR detour OR planning OR ""means-end"" OR reversal) AND (""failed"" OR ""failure"" OR ""chance level"" OR ""no evidence"" OR ""did not"" OR ""unable"" OR ""not learn"" OR ""control group"")",pending,pending
20,Hyla versicolor,data_rich_underrepresented_clade_calibration,O2,outcome,no,"""Hyla versicolor"" AND (tradition OR cultural OR culture OR ""socially transmitted"" OR ""social transmission"" OR dialect)","""Dryophytes versicolor"" AND (tradition OR cultural OR culture OR ""socially transmitted"" OR ""social transmission"" OR dialect)","""Hyla versicolor"" AND (tradition OR cultural OR culture OR ""socially transmitted"" OR ""social transmission"" OR dialect) AND (""failed"" OR ""failure"" OR ""chance level"" OR ""no evidence"" OR ""did not"" OR ""unable"" OR ""not learn"" OR ""control group"")",pending,pending
20,Hyla versicolor,data_rich_underrepresented_clade_calibration,O3,outcome,no,"""Hyla versicolor"" AND (""cumulative culture"" OR cumulative OR ""transmission chain"" OR ""successive improvement"" OR ""ratchet"" OR ""naive individuals"" OR ""independent innovation"")","""Dryophytes versicolor"" AND (""cumulative culture"" OR cumulative OR ""transmission chain"" OR ""successive improvement"" OR ""ratchet"" OR ""naive individuals"" OR ""independent innovation"")","""Hyla versicolor"" AND (""cumulative culture"" OR cumulative OR ""transmission chain"" OR ""successive improvement"" OR ""ratchet"" OR ""naive individuals"" OR ""independent innovation"") AND (""failed"" OR ""failure"" OR ""chance level"" OR ""no evidence"" OR ""did not"" OR ""unable"" OR ""not learn"" OR ""control group"")",pending,pending
20,Hyla versicolor,data_rich_underrepresented_clade_calibration,O4,outcome,no,"""Hyla versicolor"" AND (""cultural repertoire"" OR ""behavioural repertoire"" OR ""behavioral repertoire"" OR ""cultural variants"" OR traditions)","""Dryophytes versicolor"" AND (""cultural repertoire"" OR ""behavioural repertoire"" OR ""behavioral repertoire"" OR ""cultural variants"" OR traditions)","""Hyla versicolor"" AND (""cultural repertoire"" OR ""behavioural repertoire"" OR ""behavioral repertoire"" OR ""cultural variants"" OR traditions) AND (""failed"" OR ""failure"" OR ""chance level"" OR ""no evidence"" OR ""did not"" OR ""unable"" OR ""not learn"" OR ""control group"")",pending,pending
20,Hyla versicolor,data_rich_underrepresented_clade_calibration,O5,outcome,no,"""Hyla versicolor"" AND (recombination OR specialization OR specialisation OR ""division of labor"" OR ""division of labour"" OR ""distributed knowledge"" OR ""network memory"" OR ""cross-group"")","""Dryophytes versicolor"" AND (recombination OR specialization OR specialisation OR ""division of labor"" OR ""division of labour"" OR ""distributed knowledge"" OR ""network memory"" OR ""cross-group"")","""Hyla versicolor"" AND (recombination OR specialization OR specialisation OR ""division of labor"" OR ""division of labour"" OR ""distributed knowledge"" OR ""network memory"" OR ""cross-group"") AND (""failed"" OR ""failure"" OR ""chance level"" OR ""no evidence"" OR ""did not"" OR ""unable"" OR ""not learn"" OR ""control group"")",pending,pending
20,Hyla versicolor,data_rich_underrepresented_clade_calibration,O6,outcome,no,"""Hyla versicolor"" AND (artifact OR artefact OR construction OR cache OR trail OR nest OR dam OR bower OR ""persistent structure"" OR ""environmental modification"")","""Dryophytes versicolor"" AND (artifact OR artefact OR construction OR cache OR trail OR nest OR dam OR bower OR ""persistent structure"" OR ""environmental modification"")","""Hyla versicolor"" AND (artifact OR artefact OR construction OR cache OR trail OR nest OR dam OR bower OR ""persistent structure"" OR ""environmental modification"") AND (""failed"" OR ""failure"" OR ""chance level"" OR ""no evidence"" OR ""did not"" OR ""unable"" OR ""not learn"" OR ""control group"")",pending,pending
20,Hyla versicolor,data_rich_underrepresented_clade_calibration,O7,outcome,no,"""Hyla versicolor"" AND (""cumulative culture"" OR ""open-ended"" OR ""open ended"" OR ""cultural evolution"" OR ""cumulative technological"" OR ""cumulative improvement"")","""Dryophytes versicolor"" AND (""cumulative culture"" OR ""open-ended"" OR ""open ended"" OR ""cultural evolution"" OR ""cumulative technological"" OR ""cumulative improvement"")","""Hyla versicolor"" AND (""cumulative culture"" OR ""open-ended"" OR ""open ended"" OR ""cultural evolution"" OR ""cumulative technological"" OR ""cumulative improvement"") AND (""failed"" OR ""failure"" OR ""chance level"" OR ""no evidence"" OR ""did not"" OR ""unable"" OR ""not learn"" OR ""control group"")",pending,pending
21,Metazygia rogenhoferi,data_rich_underrepresented_clade_calibration,A,module,no,"""Metazygia rogenhoferi"" AND (""problem solving"" OR innovation OR ""behavioral flexibility"" OR ""behavioural flexibility"" OR ""reversal learning"" OR detour OR planning OR ""means-end"" OR causal)",,"""Metazygia rogenhoferi"" AND (""problem solving"" OR innovation OR ""behavioral flexibility"" OR ""behavioural flexibility"" OR ""reversal learning"" OR detour OR planning OR ""means-end"" OR causal) AND (""failed"" OR ""failure"" OR ""chance level"" OR ""no evidence"" OR ""did not"" OR ""unable"" OR ""not learn"" OR ""control group"")",pending,pending
21,Metazygia rogenhoferi,data_rich_underrepresented_clade_calibration,B,module,no,"""Metazygia rogenhoferi"" AND (""social learning"" OR imitation OR emulation OR teaching OR transmission OR tradition OR cultural)",,"""Metazygia rogenhoferi"" AND (""social learning"" OR imitation OR emulation OR teaching OR transmission OR tradition OR cultural) AND (""failed"" OR ""failure"" OR ""chance level"" OR ""no evidence"" OR ""did not"" OR ""unable"" OR ""not learn"" OR ""control group"")",pending,pending
21,Metazygia rogenhoferi,data_rich_underrepresented_clade_calibration,C,module,no,"""Metazygia rogenhoferi"" AND (""vocal learning"" OR communication OR signalling OR signaling OR referential OR combinatorial OR compositional OR ""turn-taking"" OR audience)",,"""Metazygia rogenhoferi"" AND (""vocal learning"" OR communication OR signalling OR signaling OR referential OR combinatorial OR compositional OR ""turn-taking"" OR audience) AND (""failed"" OR ""failure"" OR ""chance level"" OR ""no evidence"" OR ""did not"" OR ""unable"" OR ""not learn"" OR ""control group"")",pending,pending
21,Metazygia rogenhoferi,data_rich_underrepresented_clade_calibration,D,module,no,"""Metazygia rogenhoferi"" AND (""tool use"" OR ""tool manufacture"" OR manipulation OR manipulatory OR construction OR ""object modification"" OR transport)",,"""Metazygia rogenhoferi"" AND (""tool use"" OR ""tool manufacture"" OR manipulation OR manipulatory OR construction OR ""object modification"" OR transport) AND (""failed"" OR ""failure"" OR ""chance level"" OR ""no evidence"" OR ""did not"" OR ""unable"" OR ""not learn"" OR ""control group"")",pending,pending
21,Metazygia rogenhoferi,data_rich_underrepresented_clade_calibration,E,module,no,"""Metazygia rogenhoferi"" AND (artifact OR artefact OR construction OR nest OR dam OR cache OR trail OR bower OR ""environmental modification"" OR externalization OR externalisation)",,"""Metazygia rogenhoferi"" AND (artifact OR artefact OR construction OR nest OR dam OR cache OR trail OR bower OR ""environmental modification"" OR externalization OR externalisation) AND (""failed"" OR ""failure"" OR ""chance level"" OR ""no evidence"" OR ""did not"" OR ""unable"" OR ""not learn"" OR ""control group"")",pending,pending
21,Metazygia rogenhoferi,data_rich_underrepresented_clade_calibration,F,module,no,"""Metazygia rogenhoferi"" AND (cooperation OR cooperative OR ""social tolerance"" OR ""division of labor"" OR ""division of labour"" OR ""social network"" OR ""group decision"" OR ""fission-fusion"" OR alloparental)",,"""Metazygia rogenhoferi"" AND (cooperation OR cooperative OR ""social tolerance"" OR ""division of labor"" OR ""division of labour"" OR ""social network"" OR ""group decision"" OR ""fission-fusion"" OR alloparental) AND (""failed"" OR ""failure"" OR ""chance level"" OR ""no evidence"" OR ""did not"" OR ""unable"" OR ""not learn"" OR ""control group"")",pending,pending
21,Metazygia rogenhoferi,data_rich_underrepresented_clade_calibration,O1,outcome,no,"""Metazygia rogenhoferi"" AND (innovation OR ""novel problem"" OR ""problem solving"" OR transfer OR detour OR planning OR ""means-end"" OR reversal)",,"""Metazygia rogenhoferi"" AND (innovation OR ""novel problem"" OR ""problem solving"" OR transfer OR detour OR planning OR ""means-end"" OR reversal) AND (""failed"" OR ""failure"" OR ""chance level"" OR ""no evidence"" OR ""did not"" OR ""unable"" OR ""not learn"" OR ""control group"")",pending,pending
21,Metazygia rogenhoferi,data_rich_underrepresented_clade_calibration,O2,outcome,no,"""Metazygia rogenhoferi"" AND (tradition OR cultural OR culture OR ""socially transmitted"" OR ""social transmission"" OR dialect)",,"""Metazygia rogenhoferi"" AND (tradition OR cultural OR culture OR ""socially transmitted"" OR ""social transmission"" OR dialect) AND (""failed"" OR ""failure"" OR ""chance level"" OR ""no evidence"" OR ""did not"" OR ""unable"" OR ""not learn"" OR ""control group"")",pending,pending
21,Metazygia rogenhoferi,data_rich_underrepresented_clade_calibration,O3,outcome,no,"""Metazygia rogenhoferi"" AND (""cumulative culture"" OR cumulative OR ""transmission chain"" OR ""successive improvement"" OR ""ratchet"" OR ""naive individuals"" OR ""independent innovation"")",,"""Metazygia rogenhoferi"" AND (""cumulative culture"" OR cumulative OR ""transmission chain"" OR ""successive improvement"" OR ""ratchet"" OR ""naive individuals"" OR ""independent innovation"") AND (""failed"" OR ""failure"" OR ""chance level"" OR ""no evidence"" OR ""did not"" OR ""unable"" OR ""not learn"" OR ""control group"")",pending,pending
21,Metazygia rogenhoferi,data_rich_underrepresented_clade_calibration,O4,outcome,no,"""Metazygia rogenhoferi"" AND (""cultural repertoire"" OR ""behavioural repertoire"" OR ""behavioral repertoire"" OR ""cultural variants"" OR traditions)",,"""Metazygia rogenhoferi"" AND (""cultural repertoire"" OR ""behavioural repertoire"" OR ""behavioral repertoire"" OR ""cultural variants"" OR traditions) AND (""failed"" OR ""failure"" OR ""chance level"" OR ""no evidence"" OR ""did not"" OR ""unable"" OR ""not learn"" OR ""control group"")",pending,pending
21,Metazygia rogenhoferi,data_rich_underrepresented_clade_calibration,O5,outcome,no,"""Metazygia rogenhoferi"" AND (recombination OR specialization OR specialisation OR ""division of labor"" OR ""division of labour"" OR ""distributed knowledge"" OR ""network memory"" OR ""cross-group"")",,"""Metazygia rogenhoferi"" AND (recombination OR specialization OR specialisation OR ""division of labor"" OR ""division of labour"" OR ""distributed knowledge"" OR ""network memory"" OR ""cross-group"") AND (""failed"" OR ""failure"" OR ""chance level"" OR ""no evidence"" OR ""did not"" OR ""unable"" OR ""not learn"" OR ""control group"")",pending,pending
21,Metazygia rogenhoferi,data_rich_underrepresented_clade_calibration,O6,outcome,no,"""Metazygia rogenhoferi"" AND (artifact OR artefact OR construction OR cache OR trail OR nest OR dam OR bower OR ""persistent structure"" OR ""environmental modification"")",,"""Metazygia rogenhoferi"" AND (artifact OR artefact OR construction OR cache OR trail OR nest OR dam OR bower OR ""persistent structure"" OR ""environmental modification"") AND (""failed"" OR ""failure"" OR ""chance level"" OR ""no evidence"" OR ""did not"" OR ""unable"" OR ""not learn"" OR ""control group"")",pending,pending
21,Metazygia rogenhoferi,data_rich_underrepresented_clade_calibration,O7,outcome,no,"""Metazygia rogenhoferi"" AND (""cumulative culture"" OR ""open-ended"" OR ""open ended"" OR ""cultural evolution"" OR ""cumulative technological"" OR ""cumulative improvement"")",,"""Metazygia rogenhoferi"" AND (""cumulative culture"" OR ""open-ended"" OR ""open ended"" OR ""cultural evolution"" OR ""cumulative technological"" OR ""cumulative improvement"") AND (""failed"" OR ""failure"" OR ""chance level"" OR ""no evidence"" OR ""did not"" OR ""unable"" OR ""not learn"" OR ""control group"")",pending,pending
22,Natrix natrix,data_rich_underrepresented_clade_calibration,A,module,no,"""Natrix natrix"" AND (""problem solving"" OR innovation OR ""behavioral flexibility"" OR ""behavioural flexibility"" OR ""reversal learning"" OR detour OR planning OR ""means-end"" OR causal)",,"""Natrix natrix"" AND (""problem solving"" OR innovation OR ""behavioral flexibility"" OR ""behavioural flexibility"" OR ""reversal learning"" OR detour OR planning OR ""means-end"" OR causal) AND (""failed"" OR ""failure"" OR ""chance level"" OR ""no evidence"" OR ""did not"" OR ""unable"" OR ""not learn"" OR ""control group"")",pending,pending
22,Natrix natrix,data_rich_underrepresented_clade_calibration,B,module,no,"""Natrix natrix"" AND (""social learning"" OR imitation OR emulation OR teaching OR transmission OR tradition OR cultural)",,"""Natrix natrix"" AND (""social learning"" OR imitation OR emulation OR teaching OR transmission OR tradition OR cultural) AND (""failed"" OR ""failure"" OR ""chance level"" OR ""no evidence"" OR ""did not"" OR ""unable"" OR ""not learn"" OR ""control group"")",pending,pending
22,Natrix natrix,data_rich_underrepresented_clade_calibration,C,module,no,"""Natrix natrix"" AND (""vocal learning"" OR communication OR signalling OR signaling OR referential OR combinatorial OR compositional OR ""turn-taking"" OR audience)",,"""Natrix natrix"" AND (""vocal learning"" OR communication OR signalling OR signaling OR referential OR combinatorial OR compositional OR ""turn-taking"" OR audience) AND (""failed"" OR ""failure"" OR ""chance level"" OR ""no evidence"" OR ""did not"" OR ""unable"" OR ""not learn"" OR ""control group"")",pending,pending
22,Natrix natrix,data_rich_underrepresented_clade_calibration,D,module,no,"""Natrix natrix"" AND (""tool use"" OR ""tool manufacture"" OR manipulation OR manipulatory OR construction OR ""object modification"" OR transport)",,"""Natrix natrix"" AND (""tool use"" OR ""tool manufacture"" OR manipulation OR manipulatory OR construction OR ""object modification"" OR transport) AND (""failed"" OR ""failure"" OR ""chance level"" OR ""no evidence"" OR ""did not"" OR ""unable"" OR ""not learn"" OR ""control group"")",pending,pending
22,Natrix natrix,data_rich_underrepresented_clade_calibration,E,module,no,"""Natrix natrix"" AND (artifact OR artefact OR construction OR nest OR dam OR cache OR trail OR bower OR ""environmental modification"" OR externalization OR externalisation)",,"""Natrix natrix"" AND (artifact OR artefact OR construction OR nest OR dam OR cache OR trail OR bower OR ""environmental modification"" OR externalization OR externalisation) AND (""failed"" OR ""failure"" OR ""chance level"" OR ""no evidence"" OR ""did not"" OR ""unable"" OR ""not learn"" OR ""control group"")",pending,pending
22,Natrix natrix,data_rich_underrepresented_clade_calibration,F,module,no,"""Natrix natrix"" AND (cooperation OR cooperative OR ""social tolerance"" OR ""division of labor"" OR ""division of labour"" OR ""social network"" OR ""group decision"" OR ""fission-fusion"" OR alloparental)",,"""Natrix natrix"" AND (cooperation OR cooperative OR ""social tolerance"" OR ""division of labor"" OR ""division of labour"" OR ""social network"" OR ""group decision"" OR ""fission-fusion"" OR alloparental) AND (""failed"" OR ""failure"" OR ""chance level"" OR ""no evidence"" OR ""did not"" OR ""unable"" OR ""not learn"" OR ""control group"")",pending,pending
22,Natrix natrix,data_rich_underrepresented_clade_calibration,O1,outcome,no,"""Natrix natrix"" AND (innovation OR ""novel problem"" OR ""problem solving"" OR transfer OR detour OR planning OR ""means-end"" OR reversal)",,"""Natrix natrix"" AND (innovation OR ""novel problem"" OR ""problem solving"" OR transfer OR detour OR planning OR ""means-end"" OR reversal) AND (""failed"" OR ""failure"" OR ""chance level"" OR ""no evidence"" OR ""did not"" OR ""unable"" OR ""not learn"" OR ""control group"")",pending,pending
22,Natrix natrix,data_rich_underrepresented_clade_calibration,O2,outcome,no,"""Natrix natrix"" AND (tradition OR cultural OR culture OR ""socially transmitted"" OR ""social transmission"" OR dialect)",,"""Natrix natrix"" AND (tradition OR cultural OR culture OR ""socially transmitted"" OR ""social transmission"" OR dialect) AND (""failed"" OR ""failure"" OR ""chance level"" OR ""no evidence"" OR ""did not"" OR ""unable"" OR ""not learn"" OR ""control group"")",pending,pending
22,Natrix natrix,data_rich_underrepresented_clade_calibration,O3,outcome,no,"""Natrix natrix"" AND (""cumulative culture"" OR cumulative OR ""transmission chain"" OR ""successive improvement"" OR ""ratchet"" OR ""naive individuals"" OR ""independent innovation"")",,"""Natrix natrix"" AND (""cumulative culture"" OR cumulative OR ""transmission chain"" OR ""successive improvement"" OR ""ratchet"" OR ""naive individuals"" OR ""independent innovation"") AND (""failed"" OR ""failure"" OR ""chance level"" OR ""no evidence"" OR ""did not"" OR ""unable"" OR ""not learn"" OR ""control group"")",pending,pending
22,Natrix natrix,data_rich_underrepresented_clade_calibration,O4,outcome,no,"""Natrix natrix"" AND (""cultural repertoire"" OR ""behavioural repertoire"" OR ""behavioral repertoire"" OR ""cultural variants"" OR traditions)",,"""Natrix natrix"" AND (""cultural repertoire"" OR ""behavioural repertoire"" OR ""behavioral repertoire"" OR ""cultural variants"" OR traditions) AND (""failed"" OR ""failure"" OR ""chance level"" OR ""no evidence"" OR ""did not"" OR ""unable"" OR ""not learn"" OR ""control group"")",pending,pending
22,Natrix natrix,data_rich_underrepresented_clade_calibration,O5,outcome,no,"""Natrix natrix"" AND (recombination OR specialization OR specialisation OR ""division of labor"" OR ""division of labour"" OR ""distributed knowledge"" OR ""network memory"" OR ""cross-group"")",,"""Natrix natrix"" AND (recombination OR specialization OR specialisation OR ""division of labor"" OR ""division of labour"" OR ""distributed knowledge"" OR ""network memory"" OR ""cross-group"") AND (""failed"" OR ""failure"" OR ""chance level"" OR ""no evidence"" OR ""did not"" OR ""unable"" OR ""not learn"" OR ""control group"")",pending,pending
22,Natrix natrix,data_rich_underrepresented_clade_calibration,O6,outcome,no,"""Natrix natrix"" AND (artifact OR artefact OR construction OR cache OR trail OR nest OR dam OR bower OR ""persistent structure"" OR ""environmental modification"")",,"""Natrix natrix"" AND (artifact OR artefact OR construction OR cache OR trail OR nest OR dam OR bower OR ""persistent structure"" OR ""environmental modification"") AND (""failed"" OR ""failure"" OR ""chance level"" OR ""no evidence"" OR ""did not"" OR ""unable"" OR ""not learn"" OR ""control group"")",pending,pending
22,Natrix natrix,data_rich_underrepresented_clade_calibration,O7,outcome,no,"""Natrix natrix"" AND (""cumulative culture"" OR ""open-ended"" OR ""open ended"" OR ""cultural evolution"" OR ""cumulative technological"" OR ""cumulative improvement"")",,"""Natrix natrix"" AND (""cumulative culture"" OR ""open-ended"" OR ""open ended"" OR ""cultural evolution"" OR ""cumulative technological"" OR ""cumulative improvement"") AND (""failed"" OR ""failure"" OR ""chance level"" OR ""no evidence"" OR ""did not"" OR ""unable"" OR ""not learn"" OR ""control group"")",pending,pending
23,Nephila clavipes,data_rich_underrepresented_clade_calibration,A,module,no,"""Nephila clavipes"" AND (""problem solving"" OR innovation OR ""behavioral flexibility"" OR ""behavioural flexibility"" OR ""reversal learning"" OR detour OR planning OR ""means-end"" OR causal)","""Trichonephila clavipes"" AND (""problem solving"" OR innovation OR ""behavioral flexibility"" OR ""behavioural flexibility"" OR ""reversal learning"" OR detour OR planning OR ""means-end"" OR causal)","""Nephila clavipes"" AND (""problem solving"" OR innovation OR ""behavioral flexibility"" OR ""behavioural flexibility"" OR ""reversal learning"" OR detour OR planning OR ""means-end"" OR causal) AND (""failed"" OR ""failure"" OR ""chance level"" OR ""no evidence"" OR ""did not"" OR ""unable"" OR ""not learn"" OR ""control group"")",pending,pending
23,Nephila clavipes,data_rich_underrepresented_clade_calibration,B,module,no,"""Nephila clavipes"" AND (""social learning"" OR imitation OR emulation OR teaching OR transmission OR tradition OR cultural)","""Trichonephila clavipes"" AND (""social learning"" OR imitation OR emulation OR teaching OR transmission OR tradition OR cultural)","""Nephila clavipes"" AND (""social learning"" OR imitation OR emulation OR teaching OR transmission OR tradition OR cultural) AND (""failed"" OR ""failure"" OR ""chance level"" OR ""no evidence"" OR ""did not"" OR ""unable"" OR ""not learn"" OR ""control group"")",pending,pending
23,Nephila clavipes,data_rich_underrepresented_clade_calibration,C,module,no,"""Nephila clavipes"" AND (""vocal learning"" OR communication OR signalling OR signaling OR referential OR combinatorial OR compositional OR ""turn-taking"" OR audience)","""Trichonephila clavipes"" AND (""vocal learning"" OR communication OR signalling OR signaling OR referential OR combinatorial OR compositional OR ""turn-taking"" OR audience)","""Nephila clavipes"" AND (""vocal learning"" OR communication OR signalling OR signaling OR referential OR combinatorial OR compositional OR ""turn-taking"" OR audience) AND (""failed"" OR ""failure"" OR ""chance level"" OR ""no evidence"" OR ""did not"" OR ""unable"" OR ""not learn"" OR ""control group"")",pending,pending
23,Nephila clavipes,data_rich_underrepresented_clade_calibration,D,module,no,"""Nephila clavipes"" AND (""tool use"" OR ""tool manufacture"" OR manipulation OR manipulatory OR construction OR ""object modification"" OR transport)","""Trichonephila clavipes"" AND (""tool use"" OR ""tool manufacture"" OR manipulation OR manipulatory OR construction OR ""object modification"" OR transport)","""Nephila clavipes"" AND (""tool use"" OR ""tool manufacture"" OR manipulation OR manipulatory OR construction OR ""object modification"" OR transport) AND (""failed"" OR ""failure"" OR ""chance level"" OR ""no evidence"" OR ""did not"" OR ""unable"" OR ""not learn"" OR ""control group"")",pending,pending
23,Nephila clavipes,data_rich_underrepresented_clade_calibration,E,module,no,"""Nephila clavipes"" AND (artifact OR artefact OR construction OR nest OR dam OR cache OR trail OR bower OR ""environmental modification"" OR externalization OR externalisation)","""Trichonephila clavipes"" AND (artifact OR artefact OR construction OR nest OR dam OR cache OR trail OR bower OR ""environmental modification"" OR externalization OR externalisation)","""Nephila clavipes"" AND (artifact OR artefact OR construction OR nest OR dam OR cache OR trail OR bower OR ""environmental modification"" OR externalization OR externalisation) AND (""failed"" OR ""failure"" OR ""chance level"" OR ""no evidence"" OR ""did not"" OR ""unable"" OR ""not learn"" OR ""control group"")",pending,pending
23,Nephila clavipes,data_rich_underrepresented_clade_calibration,F,module,no,"""Nephila clavipes"" AND (cooperation OR cooperative OR ""social tolerance"" OR ""division of labor"" OR ""division of labour"" OR ""social network"" OR ""group decision"" OR ""fission-fusion"" OR alloparental)","""Trichonephila clavipes"" AND (cooperation OR cooperative OR ""social tolerance"" OR ""division of labor"" OR ""division of labour"" OR ""social network"" OR ""group decision"" OR ""fission-fusion"" OR alloparental)","""Nephila clavipes"" AND (cooperation OR cooperative OR ""social tolerance"" OR ""division of labor"" OR ""division of labour"" OR ""social network"" OR ""group decision"" OR ""fission-fusion"" OR alloparental) AND (""failed"" OR ""failure"" OR ""chance level"" OR ""no evidence"" OR ""did not"" OR ""unable"" OR ""not learn"" OR ""control group"")",pending,pending
23,Nephila clavipes,data_rich_underrepresented_clade_calibration,O1,outcome,no,"""Nephila clavipes"" AND (innovation OR ""novel problem"" OR ""problem solving"" OR transfer OR detour OR planning OR ""means-end"" OR reversal)","""Trichonephila clavipes"" AND (innovation OR ""novel problem"" OR ""problem solving"" OR transfer OR detour OR planning OR ""means-end"" OR reversal)","""Nephila clavipes"" AND (innovation OR ""novel problem"" OR ""problem solving"" OR transfer OR detour OR planning OR ""means-end"" OR reversal) AND (""failed"" OR ""failure"" OR ""chance level"" OR ""no evidence"" OR ""did not"" OR ""unable"" OR ""not learn"" OR ""control group"")",pending,pending
23,Nephila clavipes,data_rich_underrepresented_clade_calibration,O2,outcome,no,"""Nephila clavipes"" AND (tradition OR cultural OR culture OR ""socially transmitted"" OR ""social transmission"" OR dialect)","""Trichonephila clavipes"" AND (tradition OR cultural OR culture OR ""socially transmitted"" OR ""social transmission"" OR dialect)","""Nephila clavipes"" AND (tradition OR cultural OR culture OR ""socially transmitted"" OR ""social transmission"" OR dialect) AND (""failed"" OR ""failure"" OR ""chance level"" OR ""no evidence"" OR ""did not"" OR ""unable"" OR ""not learn"" OR ""control group"")",pending,pending
23,Nephila clavipes,data_rich_underrepresented_clade_calibration,O3,outcome,no,"""Nephila clavipes"" AND (""cumulative culture"" OR cumulative OR ""transmission chain"" OR ""successive improvement"" OR ""ratchet"" OR ""naive individuals"" OR ""independent innovation"")","""Trichonephila clavipes"" AND (""cumulative culture"" OR cumulative OR ""transmission chain"" OR ""successive improvement"" OR ""ratchet"" OR ""naive individuals"" OR ""independent innovation"")","""Nephila clavipes"" AND (""cumulative culture"" OR cumulative OR ""transmission chain"" OR ""successive improvement"" OR ""ratchet"" OR ""naive individuals"" OR ""independent innovation"") AND (""failed"" OR ""failure"" OR ""chance level"" OR ""no evidence"" OR ""did not"" OR ""unable"" OR ""not learn"" OR ""control group"")",pending,pending
23,Nephila clavipes,data_rich_underrepresented_clade_calibration,O4,outcome,no,"""Nephila clavipes"" AND (""cultural repertoire"" OR ""behavioural repertoire"" OR ""behavioral repertoire"" OR ""cultural variants"" OR traditions)","""Trichonephila clavipes"" AND (""cultural repertoire"" OR ""behavioural repertoire"" OR ""behavioral repertoire"" OR ""cultural variants"" OR traditions)","""Nephila clavipes"" AND (""cultural repertoire"" OR ""behavioural repertoire"" OR ""behavioral repertoire"" OR ""cultural variants"" OR traditions) AND (""failed"" OR ""failure"" OR ""chance level"" OR ""no evidence"" OR ""did not"" OR ""unable"" OR ""not learn"" OR ""control group"")",pending,pending
23,Nephila clavipes,data_rich_underrepresented_clade_calibration,O5,outcome,no,"""Nephila clavipes"" AND (recombination OR specialization OR specialisation OR ""division of labor"" OR ""division of labour"" OR ""distributed knowledge"" OR ""network memory"" OR ""cross-group"")","""Trichonephila clavipes"" AND (recombination OR specialization OR specialisation OR ""division of labor"" OR ""division of labour"" OR ""distributed knowledge"" OR ""network memory"" OR ""cross-group"")","""Nephila clavipes"" AND (recombination OR specialization OR specialisation OR ""division of labor"" OR ""division of labour"" OR ""distributed knowledge"" OR ""network memory"" OR ""cross-group"") AND (""failed"" OR ""failure"" OR ""chance level"" OR ""no evidence"" OR ""did not"" OR ""unable"" OR ""not learn"" OR ""control group"")",pending,pending
23,Nephila clavipes,data_rich_underrepresented_clade_calibration,O6,outcome,no,"""Nephila clavipes"" AND (artifact OR artefact OR construction OR cache OR trail OR nest OR dam OR bower OR ""persistent structure"" OR ""environmental modification"")","""Trichonephila clavipes"" AND (artifact OR artefact OR construction OR cache OR trail OR nest OR dam OR bower OR ""persistent structure"" OR ""environmental modification"")","""Nephila clavipes"" AND (artifact OR artefact OR construction OR cache OR trail OR nest OR dam OR bower OR ""persistent structure"" OR ""environmental modification"") AND (""failed"" OR ""failure"" OR ""chance level"" OR ""no evidence"" OR ""did not"" OR ""unable"" OR ""not learn"" OR ""control group"")",pending,pending
23,Nephila clavipes,data_rich_underrepresented_clade_calibration,O7,outcome,no,"""Nephila clavipes"" AND (""cumulative culture"" OR ""open-ended"" OR ""open ended"" OR ""cultural evolution"" OR ""cumulative technological"" OR ""cumulative improvement"")","""Trichonephila clavipes"" AND (""cumulative culture"" OR ""open-ended"" OR ""open ended"" OR ""cultural evolution"" OR ""cumulative technological"" OR ""cumulative improvement"")","""Nephila clavipes"" AND (""cumulative culture"" OR ""open-ended"" OR ""open ended"" OR ""cultural evolution"" OR ""cumulative technological"" OR ""cumulative improvement"") AND (""failed"" OR ""failure"" OR ""chance level"" OR ""no evidence"" OR ""did not"" OR ""unable"" OR ""not learn"" OR ""control group"")",pending,pending
24,Paraponera clavata,data_rich_underrepresented_clade_calibration,A,module,no,"""Paraponera clavata"" AND (""problem solving"" OR innovation OR ""behavioral flexibility"" OR ""behavioural flexibility"" OR ""reversal learning"" OR detour OR planning OR ""means-end"" OR causal)",,"""Paraponera clavata"" AND (""problem solving"" OR innovation OR ""behavioral flexibility"" OR ""behavioural flexibility"" OR ""reversal learning"" OR detour OR planning OR ""means-end"" OR causal) AND (""failed"" OR ""failure"" OR ""chance level"" OR ""no evidence"" OR ""did not"" OR ""unable"" OR ""not learn"" OR ""control group"")",pending,pending
24,Paraponera clavata,data_rich_underrepresented_clade_calibration,B,module,no,"""Paraponera clavata"" AND (""social learning"" OR imitation OR emulation OR teaching OR transmission OR tradition OR cultural)",,"""Paraponera clavata"" AND (""social learning"" OR imitation OR emulation OR teaching OR transmission OR tradition OR cultural) AND (""failed"" OR ""failure"" OR ""chance level"" OR ""no evidence"" OR ""did not"" OR ""unable"" OR ""not learn"" OR ""control group"")",pending,pending
24,Paraponera clavata,data_rich_underrepresented_clade_calibration,C,module,no,"""Paraponera clavata"" AND (""vocal learning"" OR communication OR signalling OR signaling OR referential OR combinatorial OR compositional OR ""turn-taking"" OR audience)",,"""Paraponera clavata"" AND (""vocal learning"" OR communication OR signalling OR signaling OR referential OR combinatorial OR compositional OR ""turn-taking"" OR audience) AND (""failed"" OR ""failure"" OR ""chance level"" OR ""no evidence"" OR ""did not"" OR ""unable"" OR ""not learn"" OR ""control group"")",pending,pending
24,Paraponera clavata,data_rich_underrepresented_clade_calibration,D,module,no,"""Paraponera clavata"" AND (""tool use"" OR ""tool manufacture"" OR manipulation OR manipulatory OR construction OR ""object modification"" OR transport)",,"""Paraponera clavata"" AND (""tool use"" OR ""tool manufacture"" OR manipulation OR manipulatory OR construction OR ""object modification"" OR transport) AND (""failed"" OR ""failure"" OR ""chance level"" OR ""no evidence"" OR ""did not"" OR ""unable"" OR ""not learn"" OR ""control group"")",pending,pending
24,Paraponera clavata,data_rich_underrepresented_clade_calibration,E,module,no,"""Paraponera clavata"" AND (artifact OR artefact OR construction OR nest OR dam OR cache OR trail OR bower OR ""environmental modification"" OR externalization OR externalisation)",,"""Paraponera clavata"" AND (artifact OR artefact OR construction OR nest OR dam OR cache OR trail OR bower OR ""environmental modification"" OR externalization OR externalisation) AND (""failed"" OR ""failure"" OR ""chance level"" OR ""no evidence"" OR ""did not"" OR ""unable"" OR ""not learn"" OR ""control group"")",pending,pending
24,Paraponera clavata,data_rich_underrepresented_clade_calibration,F,module,no,"""Paraponera clavata"" AND (cooperation OR cooperative OR ""social tolerance"" OR ""division of labor"" OR ""division of labour"" OR ""social network"" OR ""group decision"" OR ""fission-fusion"" OR alloparental)",,"""Paraponera clavata"" AND (cooperation OR cooperative OR ""social tolerance"" OR ""division of labor"" OR ""division of labour"" OR ""social network"" OR ""group decision"" OR ""fission-fusion"" OR alloparental) AND (""failed"" OR ""failure"" OR ""chance level"" OR ""no evidence"" OR ""did not"" OR ""unable"" OR ""not learn"" OR ""control group"")",pending,pending
24,Paraponera clavata,data_rich_underrepresented_clade_calibration,O1,outcome,no,"""Paraponera clavata"" AND (innovation OR ""novel problem"" OR ""problem solving"" OR transfer OR detour OR planning OR ""means-end"" OR reversal)",,"""Paraponera clavata"" AND (innovation OR ""novel problem"" OR ""problem solving"" OR transfer OR detour OR planning OR ""means-end"" OR reversal) AND (""failed"" OR ""failure"" OR ""chance level"" OR ""no evidence"" OR ""did not"" OR ""unable"" OR ""not learn"" OR ""control group"")",pending,pending
24,Paraponera clavata,data_rich_underrepresented_clade_calibration,O2,outcome,no,"""Paraponera clavata"" AND (tradition OR cultural OR culture OR ""socially transmitted"" OR ""social transmission"" OR dialect)",,"""Paraponera clavata"" AND (tradition OR cultural OR culture OR ""socially transmitted"" OR ""social transmission"" OR dialect) AND (""failed"" OR ""failure"" OR ""chance level"" OR ""no evidence"" OR ""did not"" OR ""unable"" OR ""not learn"" OR ""control group"")",pending,pending
24,Paraponera clavata,data_rich_underrepresented_clade_calibration,O3,outcome,no,"""Paraponera clavata"" AND (""cumulative culture"" OR cumulative OR ""transmission chain"" OR ""successive improvement"" OR ""ratchet"" OR ""naive individuals"" OR ""independent innovation"")",,"""Paraponera clavata"" AND (""cumulative culture"" OR cumulative OR ""transmission chain"" OR ""successive improvement"" OR ""ratchet"" OR ""naive individuals"" OR ""independent innovation"") AND (""failed"" OR ""failure"" OR ""chance level"" OR ""no evidence"" OR ""did not"" OR ""unable"" OR ""not learn"" OR ""control group"")",pending,pending
24,Paraponera clavata,data_rich_underrepresented_clade_calibration,O4,outcome,no,"""Paraponera clavata"" AND (""cultural repertoire"" OR ""behavioural repertoire"" OR ""behavioral repertoire"" OR ""cultural variants"" OR traditions)",,"""Paraponera clavata"" AND (""cultural repertoire"" OR ""behavioural repertoire"" OR ""behavioral repertoire"" OR ""cultural variants"" OR traditions) AND (""failed"" OR ""failure"" OR ""chance level"" OR ""no evidence"" OR ""did not"" OR ""unable"" OR ""not learn"" OR ""control group"")",pending,pending
24,Paraponera clavata,data_rich_underrepresented_clade_calibration,O5,outcome,no,"""Paraponera clavata"" AND (recombination OR specialization OR specialisation OR ""division of labor"" OR ""division of labour"" OR ""distributed knowledge"" OR ""network memory"" OR ""cross-group"")",,"""Paraponera clavata"" AND (recombination OR specialization OR specialisation OR ""division of labor"" OR ""division of labour"" OR ""distributed knowledge"" OR ""network memory"" OR ""cross-group"") AND (""failed"" OR ""failure"" OR ""chance level"" OR ""no evidence"" OR ""did not"" OR ""unable"" OR ""not learn"" OR ""control group"")",pending,pending
24,Paraponera clavata,data_rich_underrepresented_clade_calibration,O6,outcome,no,"""Paraponera clavata"" AND (artifact OR artefact OR construction OR cache OR trail OR nest OR dam OR bower OR ""persistent structure"" OR ""environmental modification"")",,"""Paraponera clavata"" AND (artifact OR artefact OR construction OR cache OR trail OR nest OR dam OR bower OR ""persistent structure"" OR ""environmental modification"") AND (""failed"" OR ""failure"" OR ""chance level"" OR ""no evidence"" OR ""did not"" OR ""unable"" OR ""not learn"" OR ""control group"")",pending,pending
24,Paraponera clavata,data_rich_underrepresented_clade_calibration,O7,outcome,no,"""Paraponera clavata"" AND (""cumulative culture"" OR ""open-ended"" OR ""open ended"" OR ""cultural evolution"" OR ""cumulative technological"" OR ""cumulative improvement"")",,"""Paraponera clavata"" AND (""cumulative culture"" OR ""open-ended"" OR ""open ended"" OR ""cultural evolution"" OR ""cumulative technological"" OR ""cumulative improvement"") AND (""failed"" OR ""failure"" OR ""chance level"" OR ""no evidence"" OR ""did not"" OR ""unable"" OR ""not learn"" OR ""control group"")",pending,pending
25,Periplaneta americana,data_rich_underrepresented_clade_calibration,A,module,no,"""Periplaneta americana"" AND (""problem solving"" OR innovation OR ""behavioral flexibility"" OR ""behavioural flexibility"" OR ""reversal learning"" OR detour OR planning OR ""means-end"" OR causal)",,"""Periplaneta americana"" AND (""problem solving"" OR innovation OR ""behavioral flexibility"" OR ""behavioural flexibility"" OR ""reversal learning"" OR detour OR planning OR ""means-end"" OR causal) AND (""failed"" OR ""failure"" OR ""chance level"" OR ""no evidence"" OR ""did not"" OR ""unable"" OR ""not learn"" OR ""control group"")",pending,pending
25,Periplaneta americana,data_rich_underrepresented_clade_calibration,B,module,no,"""Periplaneta americana"" AND (""social learning"" OR imitation OR emulation OR teaching OR transmission OR tradition OR cultural)",,"""Periplaneta americana"" AND (""social learning"" OR imitation OR emulation OR teaching OR transmission OR tradition OR cultural) AND (""failed"" OR ""failure"" OR ""chance level"" OR ""no evidence"" OR ""did not"" OR ""unable"" OR ""not learn"" OR ""control group"")",pending,pending
25,Periplaneta americana,data_rich_underrepresented_clade_calibration,C,module,no,"""Periplaneta americana"" AND (""vocal learning"" OR communication OR signalling OR signaling OR referential OR combinatorial OR compositional OR ""turn-taking"" OR audience)",,"""Periplaneta americana"" AND (""vocal learning"" OR communication OR signalling OR signaling OR referential OR combinatorial OR compositional OR ""turn-taking"" OR audience) AND (""failed"" OR ""failure"" OR ""chance level"" OR ""no evidence"" OR ""did not"" OR ""unable"" OR ""not learn"" OR ""control group"")",pending,pending
25,Periplaneta americana,data_rich_underrepresented_clade_calibration,D,module,no,"""Periplaneta americana"" AND (""tool use"" OR ""tool manufacture"" OR manipulation OR manipulatory OR construction OR ""object modification"" OR transport)",,"""Periplaneta americana"" AND (""tool use"" OR ""tool manufacture"" OR manipulation OR manipulatory OR construction OR ""object modification"" OR transport) AND (""failed"" OR ""failure"" OR ""chance level"" OR ""no evidence"" OR ""did not"" OR ""unable"" OR ""not learn"" OR ""control group"")",pending,pending
25,Periplaneta americana,data_rich_underrepresented_clade_calibration,E,module,no,"""Periplaneta americana"" AND (artifact OR artefact OR construction OR nest OR dam OR cache OR trail OR bower OR ""environmental modification"" OR externalization OR externalisation)",,"""Periplaneta americana"" AND (artifact OR artefact OR construction OR nest OR dam OR cache OR trail OR bower OR ""environmental modification"" OR externalization OR externalisation) AND (""failed"" OR ""failure"" OR ""chance level"" OR ""no evidence"" OR ""did not"" OR ""unable"" OR ""not learn"" OR ""control group"")",pending,pending
25,Periplaneta americana,data_rich_underrepresented_clade_calibration,F,module,no,"""Periplaneta americana"" AND (cooperation OR cooperative OR ""social tolerance"" OR ""division of labor"" OR ""division of labour"" OR ""social network"" OR ""group decision"" OR ""fission-fusion"" OR alloparental)",,"""Periplaneta americana"" AND (cooperation OR cooperative OR ""social tolerance"" OR ""division of labor"" OR ""division of labour"" OR ""social network"" OR ""group decision"" OR ""fission-fusion"" OR alloparental) AND (""failed"" OR ""failure"" OR ""chance level"" OR ""no evidence"" OR ""did not"" OR ""unable"" OR ""not learn"" OR ""control group"")",pending,pending
25,Periplaneta americana,data_rich_underrepresented_clade_calibration,O1,outcome,no,"""Periplaneta americana"" AND (innovation OR ""novel problem"" OR ""problem solving"" OR transfer OR detour OR planning OR ""means-end"" OR reversal)",,"""Periplaneta americana"" AND (innovation OR ""novel problem"" OR ""problem solving"" OR transfer OR detour OR planning OR ""means-end"" OR reversal) AND (""failed"" OR ""failure"" OR ""chance level"" OR ""no evidence"" OR ""did not"" OR ""unable"" OR ""not learn"" OR ""control group"")",pending,pending
25,Periplaneta americana,data_rich_underrepresented_clade_calibration,O2,outcome,no,"""Periplaneta americana"" AND (tradition OR cultural OR culture OR ""socially transmitted"" OR ""social transmission"" OR dialect)",,"""Periplaneta americana"" AND (tradition OR cultural OR culture OR ""socially transmitted"" OR ""social transmission"" OR dialect) AND (""failed"" OR ""failure"" OR ""chance level"" OR ""no evidence"" OR ""did not"" OR ""unable"" OR ""not learn"" OR ""control group"")",pending,pending
25,Periplaneta americana,data_rich_underrepresented_clade_calibration,O3,outcome,no,"""Periplaneta americana"" AND (""cumulative culture"" OR cumulative OR ""transmission chain"" OR ""successive improvement"" OR ""ratchet"" OR ""naive individuals"" OR ""independent innovation"")",,"""Periplaneta americana"" AND (""cumulative culture"" OR cumulative OR ""transmission chain"" OR ""successive improvement"" OR ""ratchet"" OR ""naive individuals"" OR ""independent innovation"") AND (""failed"" OR ""failure"" OR ""chance level"" OR ""no evidence"" OR ""did not"" OR ""unable"" OR ""not learn"" OR ""control group"")",pending,pending
25,Periplaneta americana,data_rich_underrepresented_clade_calibration,O4,outcome,no,"""Periplaneta americana"" AND (""cultural repertoire"" OR ""behavioural repertoire"" OR ""behavioral repertoire"" OR ""cultural variants"" OR traditions)",,"""Periplaneta americana"" AND (""cultural repertoire"" OR ""behavioural repertoire"" OR ""behavioral repertoire"" OR ""cultural variants"" OR traditions) AND (""failed"" OR ""failure"" OR ""chance level"" OR ""no evidence"" OR ""did not"" OR ""unable"" OR ""not learn"" OR ""control group"")",pending,pending
25,Periplaneta americana,data_rich_underrepresented_clade_calibration,O5,outcome,no,"""Periplaneta americana"" AND (recombination OR specialization OR specialisation OR ""division of labor"" OR ""division of labour"" OR ""distributed knowledge"" OR ""network memory"" OR ""cross-group"")",,"""Periplaneta americana"" AND (recombination OR specialization OR specialisation OR ""division of labor"" OR ""division of labour"" OR ""distributed knowledge"" OR ""network memory"" OR ""cross-group"") AND (""failed"" OR ""failure"" OR ""chance level"" OR ""no evidence"" OR ""did not"" OR ""unable"" OR ""not learn"" OR ""control group"")",pending,pending
25,Periplaneta americana,data_rich_underrepresented_clade_calibration,O6,outcome,no,"""Periplaneta americana"" AND (artifact OR artefact OR construction OR cache OR trail OR nest OR dam OR bower OR ""persistent structure"" OR ""environmental modification"")",,"""Periplaneta americana"" AND (artifact OR artefact OR construction OR cache OR trail OR nest OR dam OR bower OR ""persistent structure"" OR ""environmental modification"") AND (""failed"" OR ""failure"" OR ""chance level"" OR ""no evidence"" OR ""did not"" OR ""unable"" OR ""not learn"" OR ""control group"")",pending,pending
25,Periplaneta americana,data_rich_underrepresented_clade_calibration,O7,outcome,no,"""Periplaneta americana"" AND (""cumulative culture"" OR ""open-ended"" OR ""open ended"" OR ""cultural evolution"" OR ""cumulative technological"" OR ""cumulative improvement"")",,"""Periplaneta americana"" AND (""cumulative culture"" OR ""open-ended"" OR ""open ended"" OR ""cultural evolution"" OR ""cumulative technological"" OR ""cumulative improvement"") AND (""failed"" OR ""failure"" OR ""chance level"" OR ""no evidence"" OR ""did not"" OR ""unable"" OR ""not learn"" OR ""control group"")",pending,pending
26,Platymantis vitiensis,data_rich_underrepresented_clade_calibration,A,module,no,"""Platymantis vitiensis"" AND (""problem solving"" OR innovation OR ""behavioral flexibility"" OR ""behavioural flexibility"" OR ""reversal learning"" OR detour OR planning OR ""means-end"" OR causal)",,"""Platymantis vitiensis"" AND (""problem solving"" OR innovation OR ""behavioral flexibility"" OR ""behavioural flexibility"" OR ""reversal learning"" OR detour OR planning OR ""means-end"" OR causal) AND (""failed"" OR ""failure"" OR ""chance level"" OR ""no evidence"" OR ""did not"" OR ""unable"" OR ""not learn"" OR ""control group"")",pending,pending
26,Platymantis vitiensis,data_rich_underrepresented_clade_calibration,B,module,no,"""Platymantis vitiensis"" AND (""social learning"" OR imitation OR emulation OR teaching OR transmission OR tradition OR cultural)",,"""Platymantis vitiensis"" AND (""social learning"" OR imitation OR emulation OR teaching OR transmission OR tradition OR cultural) AND (""failed"" OR ""failure"" OR ""chance level"" OR ""no evidence"" OR ""did not"" OR ""unable"" OR ""not learn"" OR ""control group"")",pending,pending
26,Platymantis vitiensis,data_rich_underrepresented_clade_calibration,C,module,no,"""Platymantis vitiensis"" AND (""vocal learning"" OR communication OR signalling OR signaling OR referential OR combinatorial OR compositional OR ""turn-taking"" OR audience)",,"""Platymantis vitiensis"" AND (""vocal learning"" OR communication OR signalling OR signaling OR referential OR combinatorial OR compositional OR ""turn-taking"" OR audience) AND (""failed"" OR ""failure"" OR ""chance level"" OR ""no evidence"" OR ""did not"" OR ""unable"" OR ""not learn"" OR ""control group"")",pending,pending
26,Platymantis vitiensis,data_rich_underrepresented_clade_calibration,D,module,no,"""Platymantis vitiensis"" AND (""tool use"" OR ""tool manufacture"" OR manipulation OR manipulatory OR construction OR ""object modification"" OR transport)",,"""Platymantis vitiensis"" AND (""tool use"" OR ""tool manufacture"" OR manipulation OR manipulatory OR construction OR ""object modification"" OR transport) AND (""failed"" OR ""failure"" OR ""chance level"" OR ""no evidence"" OR ""did not"" OR ""unable"" OR ""not learn"" OR ""control group"")",pending,pending
26,Platymantis vitiensis,data_rich_underrepresented_clade_calibration,E,module,no,"""Platymantis vitiensis"" AND (artifact OR artefact OR construction OR nest OR dam OR cache OR trail OR bower OR ""environmental modification"" OR externalization OR externalisation)",,"""Platymantis vitiensis"" AND (artifact OR artefact OR construction OR nest OR dam OR cache OR trail OR bower OR ""environmental modification"" OR externalization OR externalisation) AND (""failed"" OR ""failure"" OR ""chance level"" OR ""no evidence"" OR ""did not"" OR ""unable"" OR ""not learn"" OR ""control group"")",pending,pending
26,Platymantis vitiensis,data_rich_underrepresented_clade_calibration,F,module,no,"""Platymantis vitiensis"" AND (cooperation OR cooperative OR ""social tolerance"" OR ""division of labor"" OR ""division of labour"" OR ""social network"" OR ""group decision"" OR ""fission-fusion"" OR alloparental)",,"""Platymantis vitiensis"" AND (cooperation OR cooperative OR ""social tolerance"" OR ""division of labor"" OR ""division of labour"" OR ""social network"" OR ""group decision"" OR ""fission-fusion"" OR alloparental) AND (""failed"" OR ""failure"" OR ""chance level"" OR ""no evidence"" OR ""did not"" OR ""unable"" OR ""not learn"" OR ""control group"")",pending,pending
26,Platymantis vitiensis,data_rich_underrepresented_clade_calibration,O1,outcome,no,"""Platymantis vitiensis"" AND (innovation OR ""novel problem"" OR ""problem solving"" OR transfer OR detour OR planning OR ""means-end"" OR reversal)",,"""Platymantis vitiensis"" AND (innovation OR ""novel problem"" OR ""problem solving"" OR transfer OR detour OR planning OR ""means-end"" OR reversal) AND (""failed"" OR ""failure"" OR ""chance level"" OR ""no evidence"" OR ""did not"" OR ""unable"" OR ""not learn"" OR ""control group"")",pending,pending
26,Platymantis vitiensis,data_rich_underrepresented_clade_calibration,O2,outcome,no,"""Platymantis vitiensis"" AND (tradition OR cultural OR culture OR ""socially transmitted"" OR ""social transmission"" OR dialect)",,"""Platymantis vitiensis"" AND (tradition OR cultural OR culture OR ""socially transmitted"" OR ""social transmission"" OR dialect) AND (""failed"" OR ""failure"" OR ""chance level"" OR ""no evidence"" OR ""did not"" OR ""unable"" OR ""not learn"" OR ""control group"")",pending,pending
26,Platymantis vitiensis,data_rich_underrepresented_clade_calibration,O3,outcome,no,"""Platymantis vitiensis"" AND (""cumulative culture"" OR cumulative OR ""transmission chain"" OR ""successive improvement"" OR ""ratchet"" OR ""naive individuals"" OR ""independent innovation"")",,"""Platymantis vitiensis"" AND (""cumulative culture"" OR cumulative OR ""transmission chain"" OR ""successive improvement"" OR ""ratchet"" OR ""naive individuals"" OR ""independent innovation"") AND (""failed"" OR ""failure"" OR ""chance level"" OR ""no evidence"" OR ""did not"" OR ""unable"" OR ""not learn"" OR ""control group"")",pending,pending
26,Platymantis vitiensis,data_rich_underrepresented_clade_calibration,O4,outcome,no,"""Platymantis vitiensis"" AND (""cultural repertoire"" OR ""behavioural repertoire"" OR ""behavioral repertoire"" OR ""cultural variants"" OR traditions)",,"""Platymantis vitiensis"" AND (""cultural repertoire"" OR ""behavioural repertoire"" OR ""behavioral repertoire"" OR ""cultural variants"" OR traditions) AND (""failed"" OR ""failure"" OR ""chance level"" OR ""no evidence"" OR ""did not"" OR ""unable"" OR ""not learn"" OR ""control group"")",pending,pending
26,Platymantis vitiensis,data_rich_underrepresented_clade_calibration,O5,outcome,no,"""Platymantis vitiensis"" AND (recombination OR specialization OR specialisation OR ""division of labor"" OR ""division of labour"" OR ""distributed knowledge"" OR ""network memory"" OR ""cross-group"")",,"""Platymantis vitiensis"" AND (recombination OR specialization OR specialisation OR ""division of labor"" OR ""division of labour"" OR ""distributed knowledge"" OR ""network memory"" OR ""cross-group"") AND (""failed"" OR ""failure"" OR ""chance level"" OR ""no evidence"" OR ""did not"" OR ""unable"" OR ""not learn"" OR ""control group"")",pending,pending
26,Platymantis vitiensis,data_rich_underrepresented_clade_calibration,O6,outcome,no,"""Platymantis vitiensis"" AND (artifact OR artefact OR construction OR cache OR trail OR nest OR dam OR bower OR ""persistent structure"" OR ""environmental modification"")",,"""Platymantis vitiensis"" AND (artifact OR artefact OR construction OR cache OR trail OR nest OR dam OR bower OR ""persistent structure"" OR ""environmental modification"") AND (""failed"" OR ""failure"" OR ""chance level"" OR ""no evidence"" OR ""did not"" OR ""unable"" OR ""not learn"" OR ""control group"")",pending,pending
26,Platymantis vitiensis,data_rich_underrepresented_clade_calibration,O7,outcome,no,"""Platymantis vitiensis"" AND (""cumulative culture"" OR ""open-ended"" OR ""open ended"" OR ""cultural evolution"" OR ""cumulative technological"" OR ""cumulative improvement"")",,"""Platymantis vitiensis"" AND (""cumulative culture"" OR ""open-ended"" OR ""open ended"" OR ""cultural evolution"" OR ""cumulative technological"" OR ""cumulative improvement"") AND (""failed"" OR ""failure"" OR ""chance level"" OR ""no evidence"" OR ""did not"" OR ""unable"" OR ""not learn"" OR ""control group"")",pending,pending
27,Porcellio laevis,data_rich_underrepresented_clade_calibration,A,module,no,"""Porcellio laevis"" AND (""problem solving"" OR innovation OR ""behavioral flexibility"" OR ""behavioural flexibility"" OR ""reversal learning"" OR detour OR planning OR ""means-end"" OR causal)",,"""Porcellio laevis"" AND (""problem solving"" OR innovation OR ""behavioral flexibility"" OR ""behavioural flexibility"" OR ""reversal learning"" OR detour OR planning OR ""means-end"" OR causal) AND (""failed"" OR ""failure"" OR ""chance level"" OR ""no evidence"" OR ""did not"" OR ""unable"" OR ""not learn"" OR ""control group"")",pending,pending
27,Porcellio laevis,data_rich_underrepresented_clade_calibration,B,module,no,"""Porcellio laevis"" AND (""social learning"" OR imitation OR emulation OR teaching OR transmission OR tradition OR cultural)",,"""Porcellio laevis"" AND (""social learning"" OR imitation OR emulation OR teaching OR transmission OR tradition OR cultural) AND (""failed"" OR ""failure"" OR ""chance level"" OR ""no evidence"" OR ""did not"" OR ""unable"" OR ""not learn"" OR ""control group"")",pending,pending
27,Porcellio laevis,data_rich_underrepresented_clade_calibration,C,module,no,"""Porcellio laevis"" AND (""vocal learning"" OR communication OR signalling OR signaling OR referential OR combinatorial OR compositional OR ""turn-taking"" OR audience)",,"""Porcellio laevis"" AND (""vocal learning"" OR communication OR signalling OR signaling OR referential OR combinatorial OR compositional OR ""turn-taking"" OR audience) AND (""failed"" OR ""failure"" OR ""chance level"" OR ""no evidence"" OR ""did not"" OR ""unable"" OR ""not learn"" OR ""control group"")",pending,pending
27,Porcellio laevis,data_rich_underrepresented_clade_calibration,D,module,no,"""Porcellio laevis"" AND (""tool use"" OR ""tool manufacture"" OR manipulation OR manipulatory OR construction OR ""object modification"" OR transport)",,"""Porcellio laevis"" AND (""tool use"" OR ""tool manufacture"" OR manipulation OR manipulatory OR construction OR ""object modification"" OR transport) AND (""failed"" OR ""failure"" OR ""chance level"" OR ""no evidence"" OR ""did not"" OR ""unable"" OR ""not learn"" OR ""control group"")",pending,pending
27,Porcellio laevis,data_rich_underrepresented_clade_calibration,E,module,no,"""Porcellio laevis"" AND (artifact OR artefact OR construction OR nest OR dam OR cache OR trail OR bower OR ""environmental modification"" OR externalization OR externalisation)",,"""Porcellio laevis"" AND (artifact OR artefact OR construction OR nest OR dam OR cache OR trail OR bower OR ""environmental modification"" OR externalization OR externalisation) AND (""failed"" OR ""failure"" OR ""chance level"" OR ""no evidence"" OR ""did not"" OR ""unable"" OR ""not learn"" OR ""control group"")",pending,pending
27,Porcellio laevis,data_rich_underrepresented_clade_calibration,F,module,no,"""Porcellio laevis"" AND (cooperation OR cooperative OR ""social tolerance"" OR ""division of labor"" OR ""division of labour"" OR ""social network"" OR ""group decision"" OR ""fission-fusion"" OR alloparental)",,"""Porcellio laevis"" AND (cooperation OR cooperative OR ""social tolerance"" OR ""division of labor"" OR ""division of labour"" OR ""social network"" OR ""group decision"" OR ""fission-fusion"" OR alloparental) AND (""failed"" OR ""failure"" OR ""chance level"" OR ""no evidence"" OR ""did not"" OR ""unable"" OR ""not learn"" OR ""control group"")",pending,pending
27,Porcellio laevis,data_rich_underrepresented_clade_calibration,O1,outcome,no,"""Porcellio laevis"" AND (innovation OR ""novel problem"" OR ""problem solving"" OR transfer OR detour OR planning OR ""means-end"" OR reversal)",,"""Porcellio laevis"" AND (innovation OR ""novel problem"" OR ""problem solving"" OR transfer OR detour OR planning OR ""means-end"" OR reversal) AND (""failed"" OR ""failure"" OR ""chance level"" OR ""no evidence"" OR ""did not"" OR ""unable"" OR ""not learn"" OR ""control group"")",pending,pending
27,Porcellio laevis,data_rich_underrepresented_clade_calibration,O2,outcome,no,"""Porcellio laevis"" AND (tradition OR cultural OR culture OR ""socially transmitted"" OR ""social transmission"" OR dialect)",,"""Porcellio laevis"" AND (tradition OR cultural OR culture OR ""socially transmitted"" OR ""social transmission"" OR dialect) AND (""failed"" OR ""failure"" OR ""chance level"" OR ""no evidence"" OR ""did not"" OR ""unable"" OR ""not learn"" OR ""control group"")",pending,pending
27,Porcellio laevis,data_rich_underrepresented_clade_calibration,O3,outcome,no,"""Porcellio laevis"" AND (""cumulative culture"" OR cumulative OR ""transmission chain"" OR ""successive improvement"" OR ""ratchet"" OR ""naive individuals"" OR ""independent innovation"")",,"""Porcellio laevis"" AND (""cumulative culture"" OR cumulative OR ""transmission chain"" OR ""successive improvement"" OR ""ratchet"" OR ""naive individuals"" OR ""independent innovation"") AND (""failed"" OR ""failure"" OR ""chance level"" OR ""no evidence"" OR ""did not"" OR ""unable"" OR ""not learn"" OR ""control group"")",pending,pending
27,Porcellio laevis,data_rich_underrepresented_clade_calibration,O4,outcome,no,"""Porcellio laevis"" AND (""cultural repertoire"" OR ""behavioural repertoire"" OR ""behavioral repertoire"" OR ""cultural variants"" OR traditions)",,"""Porcellio laevis"" AND (""cultural repertoire"" OR ""behavioural repertoire"" OR ""behavioral repertoire"" OR ""cultural variants"" OR traditions) AND (""failed"" OR ""failure"" OR ""chance level"" OR ""no evidence"" OR ""did not"" OR ""unable"" OR ""not learn"" OR ""control group"")",pending,pending
27,Porcellio laevis,data_rich_underrepresented_clade_calibration,O5,outcome,no,"""Porcellio laevis"" AND (recombination OR specialization OR specialisation OR ""division of labor"" OR ""division of labour"" OR ""distributed knowledge"" OR ""network memory"" OR ""cross-group"")",,"""Porcellio laevis"" AND (recombination OR specialization OR specialisation OR ""division of labor"" OR ""division of labour"" OR ""distributed knowledge"" OR ""network memory"" OR ""cross-group"") AND (""failed"" OR ""failure"" OR ""chance level"" OR ""no evidence"" OR ""did not"" OR ""unable"" OR ""not learn"" OR ""control group"")",pending,pending
27,Porcellio laevis,data_rich_underrepresented_clade_calibration,O6,outcome,no,"""Porcellio laevis"" AND (artifact OR artefact OR construction OR cache OR trail OR nest OR dam OR bower OR ""persistent structure"" OR ""environmental modification"")",,"""Porcellio laevis"" AND (artifact OR artefact OR construction OR cache OR trail OR nest OR dam OR bower OR ""persistent structure"" OR ""environmental modification"") AND (""failed"" OR ""failure"" OR ""chance level"" OR ""no evidence"" OR ""did not"" OR ""unable"" OR ""not learn"" OR ""control group"")",pending,pending
27,Porcellio laevis,data_rich_underrepresented_clade_calibration,O7,outcome,no,"""Porcellio laevis"" AND (""cumulative culture"" OR ""open-ended"" OR ""open ended"" OR ""cultural evolution"" OR ""cumulative technological"" OR ""cumulative improvement"")",,"""Porcellio laevis"" AND (""cumulative culture"" OR ""open-ended"" OR ""open ended"" OR ""cultural evolution"" OR ""cumulative technological"" OR ""cumulative improvement"") AND (""failed"" OR ""failure"" OR ""chance level"" OR ""no evidence"" OR ""did not"" OR ""unable"" OR ""not learn"" OR ""control group"")",pending,pending
28,Trichoniscus pusillus,data_rich_underrepresented_clade_calibration,A,module,no,"""Trichoniscus pusillus"" AND (""problem solving"" OR innovation OR ""behavioral flexibility"" OR ""behavioural flexibility"" OR ""reversal learning"" OR detour OR planning OR ""means-end"" OR causal)",,"""Trichoniscus pusillus"" AND (""problem solving"" OR innovation OR ""behavioral flexibility"" OR ""behavioural flexibility"" OR ""reversal learning"" OR detour OR planning OR ""means-end"" OR causal) AND (""failed"" OR ""failure"" OR ""chance level"" OR ""no evidence"" OR ""did not"" OR ""unable"" OR ""not learn"" OR ""control group"")",pending,pending
28,Trichoniscus pusillus,data_rich_underrepresented_clade_calibration,B,module,no,"""Trichoniscus pusillus"" AND (""social learning"" OR imitation OR emulation OR teaching OR transmission OR tradition OR cultural)",,"""Trichoniscus pusillus"" AND (""social learning"" OR imitation OR emulation OR teaching OR transmission OR tradition OR cultural) AND (""failed"" OR ""failure"" OR ""chance level"" OR ""no evidence"" OR ""did not"" OR ""unable"" OR ""not learn"" OR ""control group"")",pending,pending
28,Trichoniscus pusillus,data_rich_underrepresented_clade_calibration,C,module,no,"""Trichoniscus pusillus"" AND (""vocal learning"" OR communication OR signalling OR signaling OR referential OR combinatorial OR compositional OR ""turn-taking"" OR audience)",,"""Trichoniscus pusillus"" AND (""vocal learning"" OR communication OR signalling OR signaling OR referential OR combinatorial OR compositional OR ""turn-taking"" OR audience) AND (""failed"" OR ""failure"" OR ""chance level"" OR ""no evidence"" OR ""did not"" OR ""unable"" OR ""not learn"" OR ""control group"")",pending,pending
28,Trichoniscus pusillus,data_rich_underrepresented_clade_calibration,D,module,no,"""Trichoniscus pusillus"" AND (""tool use"" OR ""tool manufacture"" OR manipulation OR manipulatory OR construction OR ""object modification"" OR transport)",,"""Trichoniscus pusillus"" AND (""tool use"" OR ""tool manufacture"" OR manipulation OR manipulatory OR construction OR ""object modification"" OR transport) AND (""failed"" OR ""failure"" OR ""chance level"" OR ""no evidence"" OR ""did not"" OR ""unable"" OR ""not learn"" OR ""control group"")",pending,pending
28,Trichoniscus pusillus,data_rich_underrepresented_clade_calibration,E,module,no,"""Trichoniscus pusillus"" AND (artifact OR artefact OR construction OR nest OR dam OR cache OR trail OR bower OR ""environmental modification"" OR externalization OR externalisation)",,"""Trichoniscus pusillus"" AND (artifact OR artefact OR construction OR nest OR dam OR cache OR trail OR bower OR ""environmental modification"" OR externalization OR externalisation) AND (""failed"" OR ""failure"" OR ""chance level"" OR ""no evidence"" OR ""did not"" OR ""unable"" OR ""not learn"" OR ""control group"")",pending,pending
28,Trichoniscus pusillus,data_rich_underrepresented_clade_calibration,F,module,no,"""Trichoniscus pusillus"" AND (cooperation OR cooperative OR ""social tolerance"" OR ""division of labor"" OR ""division of labour"" OR ""social network"" OR ""group decision"" OR ""fission-fusion"" OR alloparental)",,"""Trichoniscus pusillus"" AND (cooperation OR cooperative OR ""social tolerance"" OR ""division of labor"" OR ""division of labour"" OR ""social network"" OR ""group decision"" OR ""fission-fusion"" OR alloparental) AND (""failed"" OR ""failure"" OR ""chance level"" OR ""no evidence"" OR ""did not"" OR ""unable"" OR ""not learn"" OR ""control group"")",pending,pending
28,Trichoniscus pusillus,data_rich_underrepresented_clade_calibration,O1,outcome,no,"""Trichoniscus pusillus"" AND (innovation OR ""novel problem"" OR ""problem solving"" OR transfer OR detour OR planning OR ""means-end"" OR reversal)",,"""Trichoniscus pusillus"" AND (innovation OR ""novel problem"" OR ""problem solving"" OR transfer OR detour OR planning OR ""means-end"" OR reversal) AND (""failed"" OR ""failure"" OR ""chance level"" OR ""no evidence"" OR ""did not"" OR ""unable"" OR ""not learn"" OR ""control group"")",pending,pending
28,Trichoniscus pusillus,data_rich_underrepresented_clade_calibration,O2,outcome,no,"""Trichoniscus pusillus"" AND (tradition OR cultural OR culture OR ""socially transmitted"" OR ""social transmission"" OR dialect)",,"""Trichoniscus pusillus"" AND (tradition OR cultural OR culture OR ""socially transmitted"" OR ""social transmission"" OR dialect) AND (""failed"" OR ""failure"" OR ""chance level"" OR ""no evidence"" OR ""did not"" OR ""unable"" OR ""not learn"" OR ""control group"")",pending,pending
28,Trichoniscus pusillus,data_rich_underrepresented_clade_calibration,O3,outcome,no,"""Trichoniscus pusillus"" AND (""cumulative culture"" OR cumulative OR ""transmission chain"" OR ""successive improvement"" OR ""ratchet"" OR ""naive individuals"" OR ""independent innovation"")",,"""Trichoniscus pusillus"" AND (""cumulative culture"" OR cumulative OR ""transmission chain"" OR ""successive improvement"" OR ""ratchet"" OR ""naive individuals"" OR ""independent innovation"") AND (""failed"" OR ""failure"" OR ""chance level"" OR ""no evidence"" OR ""did not"" OR ""unable"" OR ""not learn"" OR ""control group"")",pending,pending
28,Trichoniscus pusillus,data_rich_underrepresented_clade_calibration,O4,outcome,no,"""Trichoniscus pusillus"" AND (""cultural repertoire"" OR ""behavioural repertoire"" OR ""behavioral repertoire"" OR ""cultural variants"" OR traditions)",,"""Trichoniscus pusillus"" AND (""cultural repertoire"" OR ""behavioural repertoire"" OR ""behavioral repertoire"" OR ""cultural variants"" OR traditions) AND (""failed"" OR ""failure"" OR ""chance level"" OR ""no evidence"" OR ""did not"" OR ""unable"" OR ""not learn"" OR ""control group"")",pending,pending
28,Trichoniscus pusillus,data_rich_underrepresented_clade_calibration,O5,outcome,no,"""Trichoniscus pusillus"" AND (recombination OR specialization OR specialisation OR ""division of labor"" OR ""division of labour"" OR ""distributed knowledge"" OR ""network memory"" OR ""cross-group"")",,"""Trichoniscus pusillus"" AND (recombination OR specialization OR specialisation OR ""division of labor"" OR ""division of labour"" OR ""distributed knowledge"" OR ""network memory"" OR ""cross-group"") AND (""failed"" OR ""failure"" OR ""chance level"" OR ""no evidence"" OR ""did not"" OR ""unable"" OR ""not learn"" OR ""control group"")",pending,pending
28,Trichoniscus pusillus,data_rich_underrepresented_clade_calibration,O6,outcome,no,"""Trichoniscus pusillus"" AND (artifact OR artefact OR construction OR cache OR trail OR nest OR dam OR bower OR ""persistent structure"" OR ""environmental modification"")",,"""Trichoniscus pusillus"" AND (artifact OR artefact OR construction OR cache OR trail OR nest OR dam OR bower OR ""persistent structure"" OR ""environmental modification"") AND (""failed"" OR ""failure"" OR ""chance level"" OR ""no evidence"" OR ""did not"" OR ""unable"" OR ""not learn"" OR ""control group"")",pending,pending
28,Trichoniscus pusillus,data_rich_underrepresented_clade_calibration,O7,outcome,no,"""Trichoniscus pusillus"" AND (""cumulative culture"" OR ""open-ended"" OR ""open ended"" OR ""cultural evolution"" OR ""cumulative technological"" OR ""cumulative improvement"")",,"""Trichoniscus pusillus"" AND (""cumulative culture"" OR ""open-ended"" OR ""open ended"" OR ""cultural evolution"" OR ""cumulative technological"" OR ""cumulative improvement"") AND (""failed"" OR ""failure"" OR ""chance level"" OR ""no evidence"" OR ""did not"" OR ""unable"" OR ""not learn"" OR ""control group"")",pending,pending
29,Zosis geniculata,data_rich_underrepresented_clade_calibration,A,module,no,"""Zosis geniculata"" AND (""problem solving"" OR innovation OR ""behavioral flexibility"" OR ""behavioural flexibility"" OR ""reversal learning"" OR detour OR planning OR ""means-end"" OR causal)",,"""Zosis geniculata"" AND (""problem solving"" OR innovation OR ""behavioral flexibility"" OR ""behavioural flexibility"" OR ""reversal learning"" OR detour OR planning OR ""means-end"" OR causal) AND (""failed"" OR ""failure"" OR ""chance level"" OR ""no evidence"" OR ""did not"" OR ""unable"" OR ""not learn"" OR ""control group"")",pending,pending
29,Zosis geniculata,data_rich_underrepresented_clade_calibration,B,module,no,"""Zosis geniculata"" AND (""social learning"" OR imitation OR emulation OR teaching OR transmission OR tradition OR cultural)",,"""Zosis geniculata"" AND (""social learning"" OR imitation OR emulation OR teaching OR transmission OR tradition OR cultural) AND (""failed"" OR ""failure"" OR ""chance level"" OR ""no evidence"" OR ""did not"" OR ""unable"" OR ""not learn"" OR ""control group"")",pending,pending
29,Zosis geniculata,data_rich_underrepresented_clade_calibration,C,module,no,"""Zosis geniculata"" AND (""vocal learning"" OR communication OR signalling OR signaling OR referential OR combinatorial OR compositional OR ""turn-taking"" OR audience)",,"""Zosis geniculata"" AND (""vocal learning"" OR communication OR signalling OR signaling OR referential OR combinatorial OR compositional OR ""turn-taking"" OR audience) AND (""failed"" OR ""failure"" OR ""chance level"" OR ""no evidence"" OR ""did not"" OR ""unable"" OR ""not learn"" OR ""control group"")",pending,pending
29,Zosis geniculata,data_rich_underrepresented_clade_calibration,D,module,no,"""Zosis geniculata"" AND (""tool use"" OR ""tool manufacture"" OR manipulation OR manipulatory OR construction OR ""object modification"" OR transport)",,"""Zosis geniculata"" AND (""tool use"" OR ""tool manufacture"" OR manipulation OR manipulatory OR construction OR ""object modification"" OR transport) AND (""failed"" OR ""failure"" OR ""chance level"" OR ""no evidence"" OR ""did not"" OR ""unable"" OR ""not learn"" OR ""control group"")",pending,pending
29,Zosis geniculata,data_rich_underrepresented_clade_calibration,E,module,no,"""Zosis geniculata"" AND (artifact OR artefact OR construction OR nest OR dam OR cache OR trail OR bower OR ""environmental modification"" OR externalization OR externalisation)",,"""Zosis geniculata"" AND (artifact OR artefact OR construction OR nest OR dam OR cache OR trail OR bower OR ""environmental modification"" OR externalization OR externalisation) AND (""failed"" OR ""failure"" OR ""chance level"" OR ""no evidence"" OR ""did not"" OR ""unable"" OR ""not learn"" OR ""control group"")",pending,pending
29,Zosis geniculata,data_rich_underrepresented_clade_calibration,F,module,no,"""Zosis geniculata"" AND (cooperation OR cooperative OR ""social tolerance"" OR ""division of labor"" OR ""division of labour"" OR ""social network"" OR ""group decision"" OR ""fission-fusion"" OR alloparental)",,"""Zosis geniculata"" AND (cooperation OR cooperative OR ""social tolerance"" OR ""division of labor"" OR ""division of labour"" OR ""social network"" OR ""group decision"" OR ""fission-fusion"" OR alloparental) AND (""failed"" OR ""failure"" OR ""chance level"" OR ""no evidence"" OR ""did not"" OR ""unable"" OR ""not learn"" OR ""control group"")",pending,pending
29,Zosis geniculata,data_rich_underrepresented_clade_calibration,O1,outcome,no,"""Zosis geniculata"" AND (innovation OR ""novel problem"" OR ""problem solving"" OR transfer OR detour OR planning OR ""means-end"" OR reversal)",,"""Zosis geniculata"" AND (innovation OR ""novel problem"" OR ""problem solving"" OR transfer OR detour OR planning OR ""means-end"" OR reversal) AND (""failed"" OR ""failure"" OR ""chance level"" OR ""no evidence"" OR ""did not"" OR ""unable"" OR ""not learn"" OR ""control group"")",pending,pending
29,Zosis geniculata,data_rich_underrepresented_clade_calibration,O2,outcome,no,"""Zosis geniculata"" AND (tradition OR cultural OR culture OR ""socially transmitted"" OR ""social transmission"" OR dialect)",,"""Zosis geniculata"" AND (tradition OR cultural OR culture OR ""socially transmitted"" OR ""social transmission"" OR dialect) AND (""failed"" OR ""failure"" OR ""chance level"" OR ""no evidence"" OR ""did not"" OR ""unable"" OR ""not learn"" OR ""control group"")",pending,pending
29,Zosis geniculata,data_rich_underrepresented_clade_calibration,O3,outcome,no,"""Zosis geniculata"" AND (""cumulative culture"" OR cumulative OR ""transmission chain"" OR ""successive improvement"" OR ""ratchet"" OR ""naive individuals"" OR ""independent innovation"")",,"""Zosis geniculata"" AND (""cumulative culture"" OR cumulative OR ""transmission chain"" OR ""successive improvement"" OR ""ratchet"" OR ""naive individuals"" OR ""independent innovation"") AND (""failed"" OR ""failure"" OR ""chance level"" OR ""no evidence"" OR ""did not"" OR ""unable"" OR ""not learn"" OR ""control group"")",pending,pending
29,Zosis geniculata,data_rich_underrepresented_clade_calibration,O4,outcome,no,"""Zosis geniculata"" AND (""cultural repertoire"" OR ""behavioural repertoire"" OR ""behavioral repertoire"" OR ""cultural variants"" OR traditions)",,"""Zosis geniculata"" AND (""cultural repertoire"" OR ""behavioural repertoire"" OR ""behavioral repertoire"" OR ""cultural variants"" OR traditions) AND (""failed"" OR ""failure"" OR ""chance level"" OR ""no evidence"" OR ""did not"" OR ""unable"" OR ""not learn"" OR ""control group"")",pending,pending
29,Zosis geniculata,data_rich_underrepresented_clade_calibration,O5,outcome,no,"""Zosis geniculata"" AND (recombination OR specialization OR specialisation OR ""division of labor"" OR ""division of labour"" OR ""distributed knowledge"" OR ""network memory"" OR ""cross-group"")",,"""Zosis geniculata"" AND (recombination OR specialization OR specialisation OR ""division of labor"" OR ""division of labour"" OR ""distributed knowledge"" OR ""network memory"" OR ""cross-group"") AND (""failed"" OR ""failure"" OR ""chance level"" OR ""no evidence"" OR ""did not"" OR ""unable"" OR ""not learn"" OR ""control group"")",pending,pending
29,Zosis geniculata,data_rich_underrepresented_clade_calibration,O6,outcome,no,"""Zosis geniculata"" AND (artifact OR artefact OR construction OR cache OR trail OR nest OR dam OR bower OR ""persistent structure"" OR ""environmental modification"")",,"""Zosis geniculata"" AND (artifact OR artefact OR construction OR cache OR trail OR nest OR dam OR bower OR ""persistent structure"" OR ""environmental modification"") AND (""failed"" OR ""failure"" OR ""chance level"" OR ""no evidence"" OR ""did not"" OR ""unable"" OR ""not learn"" OR ""control group"")",pending,pending
29,Zosis geniculata,data_rich_underrepresented_clade_calibration,O7,outcome,no,"""Zosis geniculata"" AND (""cumulative culture"" OR ""open-ended"" OR ""open ended"" OR ""cultural evolution"" OR ""cumulative technological"" OR ""cumulative improvement"")",,"""Zosis geniculata"" AND (""cumulative culture"" OR ""open-ended"" OR ""open ended"" OR ""cultural evolution"" OR ""cumulative technological"" OR ""cumulative improvement"") AND (""failed"" OR ""failure"" OR ""chance level"" OR ""no evidence"" OR ""did not"" OR ""unable"" OR ""not learn"" OR ""control group"")",pending,pending
30,Eubalaena glacialis,database_unrepresented_family_mass_calibration,A,module,no,"""Eubalaena glacialis"" AND (""problem solving"" OR innovation OR ""behavioral flexibility"" OR ""behavioural flexibility"" OR ""reversal learning"" OR detour OR planning OR ""means-end"" OR causal)",,"""Eubalaena glacialis"" AND (""problem solving"" OR innovation OR ""behavioral flexibility"" OR ""behavioural flexibility"" OR ""reversal learning"" OR detour OR planning OR ""means-end"" OR causal) AND (""failed"" OR ""failure"" OR ""chance level"" OR ""no evidence"" OR ""did not"" OR ""unable"" OR ""not learn"" OR ""control group"")",pending,pending
30,Eubalaena glacialis,database_unrepresented_family_mass_calibration,B,module,no,"""Eubalaena glacialis"" AND (""social learning"" OR imitation OR emulation OR teaching OR transmission OR tradition OR cultural)",,"""Eubalaena glacialis"" AND (""social learning"" OR imitation OR emulation OR teaching OR transmission OR tradition OR cultural) AND (""failed"" OR ""failure"" OR ""chance level"" OR ""no evidence"" OR ""did not"" OR ""unable"" OR ""not learn"" OR ""control group"")",pending,pending
30,Eubalaena glacialis,database_unrepresented_family_mass_calibration,C,module,no,"""Eubalaena glacialis"" AND (""vocal learning"" OR communication OR signalling OR signaling OR referential OR combinatorial OR compositional OR ""turn-taking"" OR audience)",,"""Eubalaena glacialis"" AND (""vocal learning"" OR communication OR signalling OR signaling OR referential OR combinatorial OR compositional OR ""turn-taking"" OR audience) AND (""failed"" OR ""failure"" OR ""chance level"" OR ""no evidence"" OR ""did not"" OR ""unable"" OR ""not learn"" OR ""control group"")",pending,pending
30,Eubalaena glacialis,database_unrepresented_family_mass_calibration,D,module,no,"""Eubalaena glacialis"" AND (""tool use"" OR ""tool manufacture"" OR manipulation OR manipulatory OR construction OR ""object modification"" OR transport)",,"""Eubalaena glacialis"" AND (""tool use"" OR ""tool manufacture"" OR manipulation OR manipulatory OR construction OR ""object modification"" OR transport) AND (""failed"" OR ""failure"" OR ""chance level"" OR ""no evidence"" OR ""did not"" OR ""unable"" OR ""not learn"" OR ""control group"")",pending,pending
30,Eubalaena glacialis,database_unrepresented_family_mass_calibration,E,module,no,"""Eubalaena glacialis"" AND (artifact OR artefact OR construction OR nest OR dam OR cache OR trail OR bower OR ""environmental modification"" OR externalization OR externalisation)",,"""Eubalaena glacialis"" AND (artifact OR artefact OR construction OR nest OR dam OR cache OR trail OR bower OR ""environmental modification"" OR externalization OR externalisation) AND (""failed"" OR ""failure"" OR ""chance level"" OR ""no evidence"" OR ""did not"" OR ""unable"" OR ""not learn"" OR ""control group"")",pending,pending
30,Eubalaena glacialis,database_unrepresented_family_mass_calibration,F,module,no,"""Eubalaena glacialis"" AND (cooperation OR cooperative OR ""social tolerance"" OR ""division of labor"" OR ""division of labour"" OR ""social network"" OR ""group decision"" OR ""fission-fusion"" OR alloparental)",,"""Eubalaena glacialis"" AND (cooperation OR cooperative OR ""social tolerance"" OR ""division of labor"" OR ""division of labour"" OR ""social network"" OR ""group decision"" OR ""fission-fusion"" OR alloparental) AND (""failed"" OR ""failure"" OR ""chance level"" OR ""no evidence"" OR ""did not"" OR ""unable"" OR ""not learn"" OR ""control group"")",pending,pending
30,Eubalaena glacialis,database_unrepresented_family_mass_calibration,O1,outcome,no,"""Eubalaena glacialis"" AND (innovation OR ""novel problem"" OR ""problem solving"" OR transfer OR detour OR planning OR ""means-end"" OR reversal)",,"""Eubalaena glacialis"" AND (innovation OR ""novel problem"" OR ""problem solving"" OR transfer OR detour OR planning OR ""means-end"" OR reversal) AND (""failed"" OR ""failure"" OR ""chance level"" OR ""no evidence"" OR ""did not"" OR ""unable"" OR ""not learn"" OR ""control group"")",pending,pending
30,Eubalaena glacialis,database_unrepresented_family_mass_calibration,O2,outcome,no,"""Eubalaena glacialis"" AND (tradition OR cultural OR culture OR ""socially transmitted"" OR ""social transmission"" OR dialect)",,"""Eubalaena glacialis"" AND (tradition OR cultural OR culture OR ""socially transmitted"" OR ""social transmission"" OR dialect) AND (""failed"" OR ""failure"" OR ""chance level"" OR ""no evidence"" OR ""did not"" OR ""unable"" OR ""not learn"" OR ""control group"")",pending,pending
30,Eubalaena glacialis,database_unrepresented_family_mass_calibration,O3,outcome,no,"""Eubalaena glacialis"" AND (""cumulative culture"" OR cumulative OR ""transmission chain"" OR ""successive improvement"" OR ""ratchet"" OR ""naive individuals"" OR ""independent innovation"")",,"""Eubalaena glacialis"" AND (""cumulative culture"" OR cumulative OR ""transmission chain"" OR ""successive improvement"" OR ""ratchet"" OR ""naive individuals"" OR ""independent innovation"") AND (""failed"" OR ""failure"" OR ""chance level"" OR ""no evidence"" OR ""did not"" OR ""unable"" OR ""not learn"" OR ""control group"")",pending,pending
30,Eubalaena glacialis,database_unrepresented_family_mass_calibration,O4,outcome,no,"""Eubalaena glacialis"" AND (""cultural repertoire"" OR ""behavioural repertoire"" OR ""behavioral repertoire"" OR ""cultural variants"" OR traditions)",,"""Eubalaena glacialis"" AND (""cultural repertoire"" OR ""behavioural repertoire"" OR ""behavioral repertoire"" OR ""cultural variants"" OR traditions) AND (""failed"" OR ""failure"" OR ""chance level"" OR ""no evidence"" OR ""did not"" OR ""unable"" OR ""not learn"" OR ""control group"")",pending,pending
30,Eubalaena glacialis,database_unrepresented_family_mass_calibration,O5,outcome,no,"""Eubalaena glacialis"" AND (recombination OR specialization OR specialisation OR ""division of labor"" OR ""division of labour"" OR ""distributed knowledge"" OR ""network memory"" OR ""cross-group"")",,"""Eubalaena glacialis"" AND (recombination OR specialization OR specialisation OR ""division of labor"" OR ""division of labour"" OR ""distributed knowledge"" OR ""network memory"" OR ""cross-group"") AND (""failed"" OR ""failure"" OR ""chance level"" OR ""no evidence"" OR ""did not"" OR ""unable"" OR ""not learn"" OR ""control group"")",pending,pending
30,Eubalaena glacialis,database_unrepresented_family_mass_calibration,O6,outcome,no,"""Eubalaena glacialis"" AND (artifact OR artefact OR construction OR cache OR trail OR nest OR dam OR bower OR ""persistent structure"" OR ""environmental modification"")",,"""Eubalaena glacialis"" AND (artifact OR artefact OR construction OR cache OR trail OR nest OR dam OR bower OR ""persistent structure"" OR ""environmental modification"") AND (""failed"" OR ""failure"" OR ""chance level"" OR ""no evidence"" OR ""did not"" OR ""unable"" OR ""not learn"" OR ""control group"")",pending,pending
30,Eubalaena glacialis,database_unrepresented_family_mass_calibration,O7,outcome,no,"""Eubalaena glacialis"" AND (""cumulative culture"" OR ""open-ended"" OR ""open ended"" OR ""cultural evolution"" OR ""cumulative technological"" OR ""cumulative improvement"")",,"""Eubalaena glacialis"" AND (""cumulative culture"" OR ""open-ended"" OR ""open ended"" OR ""cultural evolution"" OR ""cumulative technological"" OR ""cumulative improvement"") AND (""failed"" OR ""failure"" OR ""chance level"" OR ""no evidence"" OR ""did not"" OR ""unable"" OR ""not learn"" OR ""control group"")",pending,pending
31,Dasyurus maculatus,database_unrepresented_family_mass_calibration,A,module,no,"""Dasyurus maculatus"" AND (""problem solving"" OR innovation OR ""behavioral flexibility"" OR ""behavioural flexibility"" OR ""reversal learning"" OR detour OR planning OR ""means-end"" OR causal)",,"""Dasyurus maculatus"" AND (""problem solving"" OR innovation OR ""behavioral flexibility"" OR ""behavioural flexibility"" OR ""reversal learning"" OR detour OR planning OR ""means-end"" OR causal) AND (""failed"" OR ""failure"" OR ""chance level"" OR ""no evidence"" OR ""did not"" OR ""unable"" OR ""not learn"" OR ""control group"")",pending,pending
31,Dasyurus maculatus,database_unrepresented_family_mass_calibration,B,module,no,"""Dasyurus maculatus"" AND (""social learning"" OR imitation OR emulation OR teaching OR transmission OR tradition OR cultural)",,"""Dasyurus maculatus"" AND (""social learning"" OR imitation OR emulation OR teaching OR transmission OR tradition OR cultural) AND (""failed"" OR ""failure"" OR ""chance level"" OR ""no evidence"" OR ""did not"" OR ""unable"" OR ""not learn"" OR ""control group"")",pending,pending
31,Dasyurus maculatus,database_unrepresented_family_mass_calibration,C,module,no,"""Dasyurus maculatus"" AND (""vocal learning"" OR communication OR signalling OR signaling OR referential OR combinatorial OR compositional OR ""turn-taking"" OR audience)",,"""Dasyurus maculatus"" AND (""vocal learning"" OR communication OR signalling OR signaling OR referential OR combinatorial OR compositional OR ""turn-taking"" OR audience) AND (""failed"" OR ""failure"" OR ""chance level"" OR ""no evidence"" OR ""did not"" OR ""unable"" OR ""not learn"" OR ""control group"")",pending,pending
31,Dasyurus maculatus,database_unrepresented_family_mass_calibration,D,module,no,"""Dasyurus maculatus"" AND (""tool use"" OR ""tool manufacture"" OR manipulation OR manipulatory OR construction OR ""object modification"" OR transport)",,"""Dasyurus maculatus"" AND (""tool use"" OR ""tool manufacture"" OR manipulation OR manipulatory OR construction OR ""object modification"" OR transport) AND (""failed"" OR ""failure"" OR ""chance level"" OR ""no evidence"" OR ""did not"" OR ""unable"" OR ""not learn"" OR ""control group"")",pending,pending
31,Dasyurus maculatus,database_unrepresented_family_mass_calibration,E,module,no,"""Dasyurus maculatus"" AND (artifact OR artefact OR construction OR nest OR dam OR cache OR trail OR bower OR ""environmental modification"" OR externalization OR externalisation)",,"""Dasyurus maculatus"" AND (artifact OR artefact OR construction OR nest OR dam OR cache OR trail OR bower OR ""environmental modification"" OR externalization OR externalisation) AND (""failed"" OR ""failure"" OR ""chance level"" OR ""no evidence"" OR ""did not"" OR ""unable"" OR ""not learn"" OR ""control group"")",pending,pending
31,Dasyurus maculatus,database_unrepresented_family_mass_calibration,F,module,no,"""Dasyurus maculatus"" AND (cooperation OR cooperative OR ""social tolerance"" OR ""division of labor"" OR ""division of labour"" OR ""social network"" OR ""group decision"" OR ""fission-fusion"" OR alloparental)",,"""Dasyurus maculatus"" AND (cooperation OR cooperative OR ""social tolerance"" OR ""division of labor"" OR ""division of labour"" OR ""social network"" OR ""group decision"" OR ""fission-fusion"" OR alloparental) AND (""failed"" OR ""failure"" OR ""chance level"" OR ""no evidence"" OR ""did not"" OR ""unable"" OR ""not learn"" OR ""control group"")",pending,pending
31,Dasyurus maculatus,database_unrepresented_family_mass_calibration,O1,outcome,no,"""Dasyurus maculatus"" AND (innovation OR ""novel problem"" OR ""problem solving"" OR transfer OR detour OR planning OR ""means-end"" OR reversal)",,"""Dasyurus maculatus"" AND (innovation OR ""novel problem"" OR ""problem solving"" OR transfer OR detour OR planning OR ""means-end"" OR reversal) AND (""failed"" OR ""failure"" OR ""chance level"" OR ""no evidence"" OR ""did not"" OR ""unable"" OR ""not learn"" OR ""control group"")",pending,pending
31,Dasyurus maculatus,database_unrepresented_family_mass_calibration,O2,outcome,no,"""Dasyurus maculatus"" AND (tradition OR cultural OR culture OR ""socially transmitted"" OR ""social transmission"" OR dialect)",,"""Dasyurus maculatus"" AND (tradition OR cultural OR culture OR ""socially transmitted"" OR ""social transmission"" OR dialect) AND (""failed"" OR ""failure"" OR ""chance level"" OR ""no evidence"" OR ""did not"" OR ""unable"" OR ""not learn"" OR ""control group"")",pending,pending
31,Dasyurus maculatus,database_unrepresented_family_mass_calibration,O3,outcome,no,"""Dasyurus maculatus"" AND (""cumulative culture"" OR cumulative OR ""transmission chain"" OR ""successive improvement"" OR ""ratchet"" OR ""naive individuals"" OR ""independent innovation"")",,"""Dasyurus maculatus"" AND (""cumulative culture"" OR cumulative OR ""transmission chain"" OR ""successive improvement"" OR ""ratchet"" OR ""naive individuals"" OR ""independent innovation"") AND (""failed"" OR ""failure"" OR ""chance level"" OR ""no evidence"" OR ""did not"" OR ""unable"" OR ""not learn"" OR ""control group"")",pending,pending
31,Dasyurus maculatus,database_unrepresented_family_mass_calibration,O4,outcome,no,"""Dasyurus maculatus"" AND (""cultural repertoire"" OR ""behavioural repertoire"" OR ""behavioral repertoire"" OR ""cultural variants"" OR traditions)",,"""Dasyurus maculatus"" AND (""cultural repertoire"" OR ""behavioural repertoire"" OR ""behavioral repertoire"" OR ""cultural variants"" OR traditions) AND (""failed"" OR ""failure"" OR ""chance level"" OR ""no evidence"" OR ""did not"" OR ""unable"" OR ""not learn"" OR ""control group"")",pending,pending
31,Dasyurus maculatus,database_unrepresented_family_mass_calibration,O5,outcome,no,"""Dasyurus maculatus"" AND (recombination OR specialization OR specialisation OR ""division of labor"" OR ""division of labour"" OR ""distributed knowledge"" OR ""network memory"" OR ""cross-group"")",,"""Dasyurus maculatus"" AND (recombination OR specialization OR specialisation OR ""division of labor"" OR ""division of labour"" OR ""distributed knowledge"" OR ""network memory"" OR ""cross-group"") AND (""failed"" OR ""failure"" OR ""chance level"" OR ""no evidence"" OR ""did not"" OR ""unable"" OR ""not learn"" OR ""control group"")",pending,pending
31,Dasyurus maculatus,database_unrepresented_family_mass_calibration,O6,outcome,no,"""Dasyurus maculatus"" AND (artifact OR artefact OR construction OR cache OR trail OR nest OR dam OR bower OR ""persistent structure"" OR ""environmental modification"")",,"""Dasyurus maculatus"" AND (artifact OR artefact OR construction OR cache OR trail OR nest OR dam OR bower OR ""persistent structure"" OR ""environmental modification"") AND (""failed"" OR ""failure"" OR ""chance level"" OR ""no evidence"" OR ""did not"" OR ""unable"" OR ""not learn"" OR ""control group"")",pending,pending
31,Dasyurus maculatus,database_unrepresented_family_mass_calibration,O7,outcome,no,"""Dasyurus maculatus"" AND (""cumulative culture"" OR ""open-ended"" OR ""open ended"" OR ""cultural evolution"" OR ""cumulative technological"" OR ""cumulative improvement"")",,"""Dasyurus maculatus"" AND (""cumulative culture"" OR ""open-ended"" OR ""open ended"" OR ""cultural evolution"" OR ""cumulative technological"" OR ""cumulative improvement"") AND (""failed"" OR ""failure"" OR ""chance level"" OR ""no evidence"" OR ""did not"" OR ""unable"" OR ""not learn"" OR ""control group"")",pending,pending
32,Macropus antilopinus,database_unrepresented_family_mass_calibration,A,module,no,"""Macropus antilopinus"" AND (""problem solving"" OR innovation OR ""behavioral flexibility"" OR ""behavioural flexibility"" OR ""reversal learning"" OR detour OR planning OR ""means-end"" OR causal)","""Osphranter antilopinus"" AND (""problem solving"" OR innovation OR ""behavioral flexibility"" OR ""behavioural flexibility"" OR ""reversal learning"" OR detour OR planning OR ""means-end"" OR causal)","""Macropus antilopinus"" AND (""problem solving"" OR innovation OR ""behavioral flexibility"" OR ""behavioural flexibility"" OR ""reversal learning"" OR detour OR planning OR ""means-end"" OR causal) AND (""failed"" OR ""failure"" OR ""chance level"" OR ""no evidence"" OR ""did not"" OR ""unable"" OR ""not learn"" OR ""control group"")",pending,pending
32,Macropus antilopinus,database_unrepresented_family_mass_calibration,B,module,no,"""Macropus antilopinus"" AND (""social learning"" OR imitation OR emulation OR teaching OR transmission OR tradition OR cultural)","""Osphranter antilopinus"" AND (""social learning"" OR imitation OR emulation OR teaching OR transmission OR tradition OR cultural)","""Macropus antilopinus"" AND (""social learning"" OR imitation OR emulation OR teaching OR transmission OR tradition OR cultural) AND (""failed"" OR ""failure"" OR ""chance level"" OR ""no evidence"" OR ""did not"" OR ""unable"" OR ""not learn"" OR ""control group"")",pending,pending
32,Macropus antilopinus,database_unrepresented_family_mass_calibration,C,module,no,"""Macropus antilopinus"" AND (""vocal learning"" OR communication OR signalling OR signaling OR referential OR combinatorial OR compositional OR ""turn-taking"" OR audience)","""Osphranter antilopinus"" AND (""vocal learning"" OR communication OR signalling OR signaling OR referential OR combinatorial OR compositional OR ""turn-taking"" OR audience)","""Macropus antilopinus"" AND (""vocal learning"" OR communication OR signalling OR signaling OR referential OR combinatorial OR compositional OR ""turn-taking"" OR audience) AND (""failed"" OR ""failure"" OR ""chance level"" OR ""no evidence"" OR ""did not"" OR ""unable"" OR ""not learn"" OR ""control group"")",pending,pending
32,Macropus antilopinus,database_unrepresented_family_mass_calibration,D,module,no,"""Macropus antilopinus"" AND (""tool use"" OR ""tool manufacture"" OR manipulation OR manipulatory OR construction OR ""object modification"" OR transport)","""Osphranter antilopinus"" AND (""tool use"" OR ""tool manufacture"" OR manipulation OR manipulatory OR construction OR ""object modification"" OR transport)","""Macropus antilopinus"" AND (""tool use"" OR ""tool manufacture"" OR manipulation OR manipulatory OR construction OR ""object modification"" OR transport) AND (""failed"" OR ""failure"" OR ""chance level"" OR ""no evidence"" OR ""did not"" OR ""unable"" OR ""not learn"" OR ""control group"")",pending,pending
32,Macropus antilopinus,database_unrepresented_family_mass_calibration,E,module,no,"""Macropus antilopinus"" AND (artifact OR artefact OR construction OR nest OR dam OR cache OR trail OR bower OR ""environmental modification"" OR externalization OR externalisation)","""Osphranter antilopinus"" AND (artifact OR artefact OR construction OR nest OR dam OR cache OR trail OR bower OR ""environmental modification"" OR externalization OR externalisation)","""Macropus antilopinus"" AND (artifact OR artefact OR construction OR nest OR dam OR cache OR trail OR bower OR ""environmental modification"" OR externalization OR externalisation) AND (""failed"" OR ""failure"" OR ""chance level"" OR ""no evidence"" OR ""did not"" OR ""unable"" OR ""not learn"" OR ""control group"")",pending,pending
32,Macropus antilopinus,database_unrepresented_family_mass_calibration,F,module,no,"""Macropus antilopinus"" AND (cooperation OR cooperative OR ""social tolerance"" OR ""division of labor"" OR ""division of labour"" OR ""social network"" OR ""group decision"" OR ""fission-fusion"" OR alloparental)","""Osphranter antilopinus"" AND (cooperation OR cooperative OR ""social tolerance"" OR ""division of labor"" OR ""division of labour"" OR ""social network"" OR ""group decision"" OR ""fission-fusion"" OR alloparental)","""Macropus antilopinus"" AND (cooperation OR cooperative OR ""social tolerance"" OR ""division of labor"" OR ""division of labour"" OR ""social network"" OR ""group decision"" OR ""fission-fusion"" OR alloparental) AND (""failed"" OR ""failure"" OR ""chance level"" OR ""no evidence"" OR ""did not"" OR ""unable"" OR ""not learn"" OR ""control group"")",pending,pending
32,Macropus antilopinus,database_unrepresented_family_mass_calibration,O1,outcome,no,"""Macropus antilopinus"" AND (innovation OR ""novel problem"" OR ""problem solving"" OR transfer OR detour OR planning OR ""means-end"" OR reversal)","""Osphranter antilopinus"" AND (innovation OR ""novel problem"" OR ""problem solving"" OR transfer OR detour OR planning OR ""means-end"" OR reversal)","""Macropus antilopinus"" AND (innovation OR ""novel problem"" OR ""problem solving"" OR transfer OR detour OR planning OR ""means-end"" OR reversal) AND (""failed"" OR ""failure"" OR ""chance level"" OR ""no evidence"" OR ""did not"" OR ""unable"" OR ""not learn"" OR ""control group"")",pending,pending
32,Macropus antilopinus,database_unrepresented_family_mass_calibration,O2,outcome,no,"""Macropus antilopinus"" AND (tradition OR cultural OR culture OR ""socially transmitted"" OR ""social transmission"" OR dialect)","""Osphranter antilopinus"" AND (tradition OR cultural OR culture OR ""socially transmitted"" OR ""social transmission"" OR dialect)","""Macropus antilopinus"" AND (tradition OR cultural OR culture OR ""socially transmitted"" OR ""social transmission"" OR dialect) AND (""failed"" OR ""failure"" OR ""chance level"" OR ""no evidence"" OR ""did not"" OR ""unable"" OR ""not learn"" OR ""control group"")",pending,pending
32,Macropus antilopinus,database_unrepresented_family_mass_calibration,O3,outcome,no,"""Macropus antilopinus"" AND (""cumulative culture"" OR cumulative OR ""transmission chain"" OR ""successive improvement"" OR ""ratchet"" OR ""naive individuals"" OR ""independent innovation"")","""Osphranter antilopinus"" AND (""cumulative culture"" OR cumulative OR ""transmission chain"" OR ""successive improvement"" OR ""ratchet"" OR ""naive individuals"" OR ""independent innovation"")","""Macropus antilopinus"" AND (""cumulative culture"" OR cumulative OR ""transmission chain"" OR ""successive improvement"" OR ""ratchet"" OR ""naive individuals"" OR ""independent innovation"") AND (""failed"" OR ""failure"" OR ""chance level"" OR ""no evidence"" OR ""did not"" OR ""unable"" OR ""not learn"" OR ""control group"")",pending,pending
32,Macropus antilopinus,database_unrepresented_family_mass_calibration,O4,outcome,no,"""Macropus antilopinus"" AND (""cultural repertoire"" OR ""behavioural repertoire"" OR ""behavioral repertoire"" OR ""cultural variants"" OR traditions)","""Osphranter antilopinus"" AND (""cultural repertoire"" OR ""behavioural repertoire"" OR ""behavioral repertoire"" OR ""cultural variants"" OR traditions)","""Macropus antilopinus"" AND (""cultural repertoire"" OR ""behavioural repertoire"" OR ""behavioral repertoire"" OR ""cultural variants"" OR traditions) AND (""failed"" OR ""failure"" OR ""chance level"" OR ""no evidence"" OR ""did not"" OR ""unable"" OR ""not learn"" OR ""control group"")",pending,pending
32,Macropus antilopinus,database_unrepresented_family_mass_calibration,O5,outcome,no,"""Macropus antilopinus"" AND (recombination OR specialization OR specialisation OR ""division of labor"" OR ""division of labour"" OR ""distributed knowledge"" OR ""network memory"" OR ""cross-group"")","""Osphranter antilopinus"" AND (recombination OR specialization OR specialisation OR ""division of labor"" OR ""division of labour"" OR ""distributed knowledge"" OR ""network memory"" OR ""cross-group"")","""Macropus antilopinus"" AND (recombination OR specialization OR specialisation OR ""division of labor"" OR ""division of labour"" OR ""distributed knowledge"" OR ""network memory"" OR ""cross-group"") AND (""failed"" OR ""failure"" OR ""chance level"" OR ""no evidence"" OR ""did not"" OR ""unable"" OR ""not learn"" OR ""control group"")",pending,pending
32,Macropus antilopinus,database_unrepresented_family_mass_calibration,O6,outcome,no,"""Macropus antilopinus"" AND (artifact OR artefact OR construction OR cache OR trail OR nest OR dam OR bower OR ""persistent structure"" OR ""environmental modification"")","""Osphranter antilopinus"" AND (artifact OR artefact OR construction OR cache OR trail OR nest OR dam OR bower OR ""persistent structure"" OR ""environmental modification"")","""Macropus antilopinus"" AND (artifact OR artefact OR construction OR cache OR trail OR nest OR dam OR bower OR ""persistent structure"" OR ""environmental modification"") AND (""failed"" OR ""failure"" OR ""chance level"" OR ""no evidence"" OR ""did not"" OR ""unable"" OR ""not learn"" OR ""control group"")",pending,pending
32,Macropus antilopinus,database_unrepresented_family_mass_calibration,O7,outcome,no,"""Macropus antilopinus"" AND (""cumulative culture"" OR ""open-ended"" OR ""open ended"" OR ""cultural evolution"" OR ""cumulative technological"" OR ""cumulative improvement"")","""Osphranter antilopinus"" AND (""cumulative culture"" OR ""open-ended"" OR ""open ended"" OR ""cultural evolution"" OR ""cumulative technological"" OR ""cumulative improvement"")","""Macropus antilopinus"" AND (""cumulative culture"" OR ""open-ended"" OR ""open ended"" OR ""cultural evolution"" OR ""cumulative technological"" OR ""cumulative improvement"") AND (""failed"" OR ""failure"" OR ""chance level"" OR ""no evidence"" OR ""did not"" OR ""unable"" OR ""not learn"" OR ""control group"")",pending,pending
33,Tragelaphus eurycerus,database_unrepresented_family_mass_calibration,A,module,no,"""Tragelaphus eurycerus"" AND (""problem solving"" OR innovation OR ""behavioral flexibility"" OR ""behavioural flexibility"" OR ""reversal learning"" OR detour OR planning OR ""means-end"" OR causal)",,"""Tragelaphus eurycerus"" AND (""problem solving"" OR innovation OR ""behavioral flexibility"" OR ""behavioural flexibility"" OR ""reversal learning"" OR detour OR planning OR ""means-end"" OR causal) AND (""failed"" OR ""failure"" OR ""chance level"" OR ""no evidence"" OR ""did not"" OR ""unable"" OR ""not learn"" OR ""control group"")",pending,pending
33,Tragelaphus eurycerus,database_unrepresented_family_mass_calibration,B,module,no,"""Tragelaphus eurycerus"" AND (""social learning"" OR imitation OR emulation OR teaching OR transmission OR tradition OR cultural)",,"""Tragelaphus eurycerus"" AND (""social learning"" OR imitation OR emulation OR teaching OR transmission OR tradition OR cultural) AND (""failed"" OR ""failure"" OR ""chance level"" OR ""no evidence"" OR ""did not"" OR ""unable"" OR ""not learn"" OR ""control group"")",pending,pending
33,Tragelaphus eurycerus,database_unrepresented_family_mass_calibration,C,module,no,"""Tragelaphus eurycerus"" AND (""vocal learning"" OR communication OR signalling OR signaling OR referential OR combinatorial OR compositional OR ""turn-taking"" OR audience)",,"""Tragelaphus eurycerus"" AND (""vocal learning"" OR communication OR signalling OR signaling OR referential OR combinatorial OR compositional OR ""turn-taking"" OR audience) AND (""failed"" OR ""failure"" OR ""chance level"" OR ""no evidence"" OR ""did not"" OR ""unable"" OR ""not learn"" OR ""control group"")",pending,pending
33,Tragelaphus eurycerus,database_unrepresented_family_mass_calibration,D,module,no,"""Tragelaphus eurycerus"" AND (""tool use"" OR ""tool manufacture"" OR manipulation OR manipulatory OR construction OR ""object modification"" OR transport)",,"""Tragelaphus eurycerus"" AND (""tool use"" OR ""tool manufacture"" OR manipulation OR manipulatory OR construction OR ""object modification"" OR transport) AND (""failed"" OR ""failure"" OR ""chance level"" OR ""no evidence"" OR ""did not"" OR ""unable"" OR ""not learn"" OR ""control group"")",pending,pending
33,Tragelaphus eurycerus,database_unrepresented_family_mass_calibration,E,module,no,"""Tragelaphus eurycerus"" AND (artifact OR artefact OR construction OR nest OR dam OR cache OR trail OR bower OR ""environmental modification"" OR externalization OR externalisation)",,"""Tragelaphus eurycerus"" AND (artifact OR artefact OR construction OR nest OR dam OR cache OR trail OR bower OR ""environmental modification"" OR externalization OR externalisation) AND (""failed"" OR ""failure"" OR ""chance level"" OR ""no evidence"" OR ""did not"" OR ""unable"" OR ""not learn"" OR ""control group"")",pending,pending
33,Tragelaphus eurycerus,database_unrepresented_family_mass_calibration,F,module,no,"""Tragelaphus eurycerus"" AND (cooperation OR cooperative OR ""social tolerance"" OR ""division of labor"" OR ""division of labour"" OR ""social network"" OR ""group decision"" OR ""fission-fusion"" OR alloparental)",,"""Tragelaphus eurycerus"" AND (cooperation OR cooperative OR ""social tolerance"" OR ""division of labor"" OR ""division of labour"" OR ""social network"" OR ""group decision"" OR ""fission-fusion"" OR alloparental) AND (""failed"" OR ""failure"" OR ""chance level"" OR ""no evidence"" OR ""did not"" OR ""unable"" OR ""not learn"" OR ""control group"")",pending,pending
33,Tragelaphus eurycerus,database_unrepresented_family_mass_calibration,O1,outcome,no,"""Tragelaphus eurycerus"" AND (innovation OR ""novel problem"" OR ""problem solving"" OR transfer OR detour OR planning OR ""means-end"" OR reversal)",,"""Tragelaphus eurycerus"" AND (innovation OR ""novel problem"" OR ""problem solving"" OR transfer OR detour OR planning OR ""means-end"" OR reversal) AND (""failed"" OR ""failure"" OR ""chance level"" OR ""no evidence"" OR ""did not"" OR ""unable"" OR ""not learn"" OR ""control group"")",pending,pending
33,Tragelaphus eurycerus,database_unrepresented_family_mass_calibration,O2,outcome,no,"""Tragelaphus eurycerus"" AND (tradition OR cultural OR culture OR ""socially transmitted"" OR ""social transmission"" OR dialect)",,"""Tragelaphus eurycerus"" AND (tradition OR cultural OR culture OR ""socially transmitted"" OR ""social transmission"" OR dialect) AND (""failed"" OR ""failure"" OR ""chance level"" OR ""no evidence"" OR ""did not"" OR ""unable"" OR ""not learn"" OR ""control group"")",pending,pending
33,Tragelaphus eurycerus,database_unrepresented_family_mass_calibration,O3,outcome,no,"""Tragelaphus eurycerus"" AND (""cumulative culture"" OR cumulative OR ""transmission chain"" OR ""successive improvement"" OR ""ratchet"" OR ""naive individuals"" OR ""independent innovation"")",,"""Tragelaphus eurycerus"" AND (""cumulative culture"" OR cumulative OR ""transmission chain"" OR ""successive improvement"" OR ""ratchet"" OR ""naive individuals"" OR ""independent innovation"") AND (""failed"" OR ""failure"" OR ""chance level"" OR ""no evidence"" OR ""did not"" OR ""unable"" OR ""not learn"" OR ""control group"")",pending,pending
33,Tragelaphus eurycerus,database_unrepresented_family_mass_calibration,O4,outcome,no,"""Tragelaphus eurycerus"" AND (""cultural repertoire"" OR ""behavioural repertoire"" OR ""behavioral repertoire"" OR ""cultural variants"" OR traditions)",,"""Tragelaphus eurycerus"" AND (""cultural repertoire"" OR ""behavioural repertoire"" OR ""behavioral repertoire"" OR ""cultural variants"" OR traditions) AND (""failed"" OR ""failure"" OR ""chance level"" OR ""no evidence"" OR ""did not"" OR ""unable"" OR ""not learn"" OR ""control group"")",pending,pending
33,Tragelaphus eurycerus,database_unrepresented_family_mass_calibration,O5,outcome,no,"""Tragelaphus eurycerus"" AND (recombination OR specialization OR specialisation OR ""division of labor"" OR ""division of labour"" OR ""distributed knowledge"" OR ""network memory"" OR ""cross-group"")",,"""Tragelaphus eurycerus"" AND (recombination OR specialization OR specialisation OR ""division of labor"" OR ""division of labour"" OR ""distributed knowledge"" OR ""network memory"" OR ""cross-group"") AND (""failed"" OR ""failure"" OR ""chance level"" OR ""no evidence"" OR ""did not"" OR ""unable"" OR ""not learn"" OR ""control group"")",pending,pending
33,Tragelaphus eurycerus,database_unrepresented_family_mass_calibration,O6,outcome,no,"""Tragelaphus eurycerus"" AND (artifact OR artefact OR construction OR cache OR trail OR nest OR dam OR bower OR ""persistent structure"" OR ""environmental modification"")",,"""Tragelaphus eurycerus"" AND (artifact OR artefact OR construction OR cache OR trail OR nest OR dam OR bower OR ""persistent structure"" OR ""environmental modification"") AND (""failed"" OR ""failure"" OR ""chance level"" OR ""no evidence"" OR ""did not"" OR ""unable"" OR ""not learn"" OR ""control group"")",pending,pending
33,Tragelaphus eurycerus,database_unrepresented_family_mass_calibration,O7,outcome,no,"""Tragelaphus eurycerus"" AND (""cumulative culture"" OR ""open-ended"" OR ""open ended"" OR ""cultural evolution"" OR ""cumulative technological"" OR ""cumulative improvement"")",,"""Tragelaphus eurycerus"" AND (""cumulative culture"" OR ""open-ended"" OR ""open ended"" OR ""cultural evolution"" OR ""cumulative technological"" OR ""cumulative improvement"") AND (""failed"" OR ""failure"" OR ""chance level"" OR ""no evidence"" OR ""did not"" OR ""unable"" OR ""not learn"" OR ""control group"")",pending,pending
34,Panthera tigris,database_unrepresented_family_mass_calibration,A,module,no,"""Panthera tigris"" AND (""problem solving"" OR innovation OR ""behavioral flexibility"" OR ""behavioural flexibility"" OR ""reversal learning"" OR detour OR planning OR ""means-end"" OR causal)",,"""Panthera tigris"" AND (""problem solving"" OR innovation OR ""behavioral flexibility"" OR ""behavioural flexibility"" OR ""reversal learning"" OR detour OR planning OR ""means-end"" OR causal) AND (""failed"" OR ""failure"" OR ""chance level"" OR ""no evidence"" OR ""did not"" OR ""unable"" OR ""not learn"" OR ""control group"")",pending,pending
34,Panthera tigris,database_unrepresented_family_mass_calibration,B,module,no,"""Panthera tigris"" AND (""social learning"" OR imitation OR emulation OR teaching OR transmission OR tradition OR cultural)",,"""Panthera tigris"" AND (""social learning"" OR imitation OR emulation OR teaching OR transmission OR tradition OR cultural) AND (""failed"" OR ""failure"" OR ""chance level"" OR ""no evidence"" OR ""did not"" OR ""unable"" OR ""not learn"" OR ""control group"")",pending,pending
34,Panthera tigris,database_unrepresented_family_mass_calibration,C,module,no,"""Panthera tigris"" AND (""vocal learning"" OR communication OR signalling OR signaling OR referential OR combinatorial OR compositional OR ""turn-taking"" OR audience)",,"""Panthera tigris"" AND (""vocal learning"" OR communication OR signalling OR signaling OR referential OR combinatorial OR compositional OR ""turn-taking"" OR audience) AND (""failed"" OR ""failure"" OR ""chance level"" OR ""no evidence"" OR ""did not"" OR ""unable"" OR ""not learn"" OR ""control group"")",pending,pending
34,Panthera tigris,database_unrepresented_family_mass_calibration,D,module,no,"""Panthera tigris"" AND (""tool use"" OR ""tool manufacture"" OR manipulation OR manipulatory OR construction OR ""object modification"" OR transport)",,"""Panthera tigris"" AND (""tool use"" OR ""tool manufacture"" OR manipulation OR manipulatory OR construction OR ""object modification"" OR transport) AND (""failed"" OR ""failure"" OR ""chance level"" OR ""no evidence"" OR ""did not"" OR ""unable"" OR ""not learn"" OR ""control group"")",pending,pending
34,Panthera tigris,database_unrepresented_family_mass_calibration,E,module,no,"""Panthera tigris"" AND (artifact OR artefact OR construction OR nest OR dam OR cache OR trail OR bower OR ""environmental modification"" OR externalization OR externalisation)",,"""Panthera tigris"" AND (artifact OR artefact OR construction OR nest OR dam OR cache OR trail OR bower OR ""environmental modification"" OR externalization OR externalisation) AND (""failed"" OR ""failure"" OR ""chance level"" OR ""no evidence"" OR ""did not"" OR ""unable"" OR ""not learn"" OR ""control group"")",pending,pending
34,Panthera tigris,database_unrepresented_family_mass_calibration,F,module,no,"""Panthera tigris"" AND (cooperation OR cooperative OR ""social tolerance"" OR ""division of labor"" OR ""division of labour"" OR ""social network"" OR ""group decision"" OR ""fission-fusion"" OR alloparental)",,"""Panthera tigris"" AND (cooperation OR cooperative OR ""social tolerance"" OR ""division of labor"" OR ""division of labour"" OR ""social network"" OR ""group decision"" OR ""fission-fusion"" OR alloparental) AND (""failed"" OR ""failure"" OR ""chance level"" OR ""no evidence"" OR ""did not"" OR ""unable"" OR ""not learn"" OR ""control group"")",pending,pending
34,Panthera tigris,database_unrepresented_family_mass_calibration,O1,outcome,no,"""Panthera tigris"" AND (innovation OR ""novel problem"" OR ""problem solving"" OR transfer OR detour OR planning OR ""means-end"" OR reversal)",,"""Panthera tigris"" AND (innovation OR ""novel problem"" OR ""problem solving"" OR transfer OR detour OR planning OR ""means-end"" OR reversal) AND (""failed"" OR ""failure"" OR ""chance level"" OR ""no evidence"" OR ""did not"" OR ""unable"" OR ""not learn"" OR ""control group"")",pending,pending
34,Panthera tigris,database_unrepresented_family_mass_calibration,O2,outcome,no,"""Panthera tigris"" AND (tradition OR cultural OR culture OR ""socially transmitted"" OR ""social transmission"" OR dialect)",,"""Panthera tigris"" AND (tradition OR cultural OR culture OR ""socially transmitted"" OR ""social transmission"" OR dialect) AND (""failed"" OR ""failure"" OR ""chance level"" OR ""no evidence"" OR ""did not"" OR ""unable"" OR ""not learn"" OR ""control group"")",pending,pending
34,Panthera tigris,database_unrepresented_family_mass_calibration,O3,outcome,no,"""Panthera tigris"" AND (""cumulative culture"" OR cumulative OR ""transmission chain"" OR ""successive improvement"" OR ""ratchet"" OR ""naive individuals"" OR ""independent innovation"")",,"""Panthera tigris"" AND (""cumulative culture"" OR cumulative OR ""transmission chain"" OR ""successive improvement"" OR ""ratchet"" OR ""naive individuals"" OR ""independent innovation"") AND (""failed"" OR ""failure"" OR ""chance level"" OR ""no evidence"" OR ""did not"" OR ""unable"" OR ""not learn"" OR ""control group"")",pending,pending
34,Panthera tigris,database_unrepresented_family_mass_calibration,O4,outcome,no,"""Panthera tigris"" AND (""cultural repertoire"" OR ""behavioural repertoire"" OR ""behavioral repertoire"" OR ""cultural variants"" OR traditions)",,"""Panthera tigris"" AND (""cultural repertoire"" OR ""behavioural repertoire"" OR ""behavioral repertoire"" OR ""cultural variants"" OR traditions) AND (""failed"" OR ""failure"" OR ""chance level"" OR ""no evidence"" OR ""did not"" OR ""unable"" OR ""not learn"" OR ""control group"")",pending,pending
34,Panthera tigris,database_unrepresented_family_mass_calibration,O5,outcome,no,"""Panthera tigris"" AND (recombination OR specialization OR specialisation OR ""division of labor"" OR ""division of labour"" OR ""distributed knowledge"" OR ""network memory"" OR ""cross-group"")",,"""Panthera tigris"" AND (recombination OR specialization OR specialisation OR ""division of labor"" OR ""division of labour"" OR ""distributed knowledge"" OR ""network memory"" OR ""cross-group"") AND (""failed"" OR ""failure"" OR ""chance level"" OR ""no evidence"" OR ""did not"" OR ""unable"" OR ""not learn"" OR ""control group"")",pending,pending
34,Panthera tigris,database_unrepresented_family_mass_calibration,O6,outcome,no,"""Panthera tigris"" AND (artifact OR artefact OR construction OR cache OR trail OR nest OR dam OR bower OR ""persistent structure"" OR ""environmental modification"")",,"""Panthera tigris"" AND (artifact OR artefact OR construction OR cache OR trail OR nest OR dam OR bower OR ""persistent structure"" OR ""environmental modification"") AND (""failed"" OR ""failure"" OR ""chance level"" OR ""no evidence"" OR ""did not"" OR ""unable"" OR ""not learn"" OR ""control group"")",pending,pending
34,Panthera tigris,database_unrepresented_family_mass_calibration,O7,outcome,no,"""Panthera tigris"" AND (""cumulative culture"" OR ""open-ended"" OR ""open ended"" OR ""cultural evolution"" OR ""cumulative technological"" OR ""cumulative improvement"")",,"""Panthera tigris"" AND (""cumulative culture"" OR ""open-ended"" OR ""open ended"" OR ""cultural evolution"" OR ""cumulative technological"" OR ""cumulative improvement"") AND (""failed"" OR ""failure"" OR ""chance level"" OR ""no evidence"" OR ""did not"" OR ""unable"" OR ""not learn"" OR ""control group"")",pending,pending
35,Melursus ursinus,database_unrepresented_family_mass_calibration,A,module,no,"""Melursus ursinus"" AND (""problem solving"" OR innovation OR ""behavioral flexibility"" OR ""behavioural flexibility"" OR ""reversal learning"" OR detour OR planning OR ""means-end"" OR causal)",,"""Melursus ursinus"" AND (""problem solving"" OR innovation OR ""behavioral flexibility"" OR ""behavioural flexibility"" OR ""reversal learning"" OR detour OR planning OR ""means-end"" OR causal) AND (""failed"" OR ""failure"" OR ""chance level"" OR ""no evidence"" OR ""did not"" OR ""unable"" OR ""not learn"" OR ""control group"")",pending,pending
35,Melursus ursinus,database_unrepresented_family_mass_calibration,B,module,no,"""Melursus ursinus"" AND (""social learning"" OR imitation OR emulation OR teaching OR transmission OR tradition OR cultural)",,"""Melursus ursinus"" AND (""social learning"" OR imitation OR emulation OR teaching OR transmission OR tradition OR cultural) AND (""failed"" OR ""failure"" OR ""chance level"" OR ""no evidence"" OR ""did not"" OR ""unable"" OR ""not learn"" OR ""control group"")",pending,pending
35,Melursus ursinus,database_unrepresented_family_mass_calibration,C,module,no,"""Melursus ursinus"" AND (""vocal learning"" OR communication OR signalling OR signaling OR referential OR combinatorial OR compositional OR ""turn-taking"" OR audience)",,"""Melursus ursinus"" AND (""vocal learning"" OR communication OR signalling OR signaling OR referential OR combinatorial OR compositional OR ""turn-taking"" OR audience) AND (""failed"" OR ""failure"" OR ""chance level"" OR ""no evidence"" OR ""did not"" OR ""unable"" OR ""not learn"" OR ""control group"")",pending,pending
35,Melursus ursinus,database_unrepresented_family_mass_calibration,D,module,no,"""Melursus ursinus"" AND (""tool use"" OR ""tool manufacture"" OR manipulation OR manipulatory OR construction OR ""object modification"" OR transport)",,"""Melursus ursinus"" AND (""tool use"" OR ""tool manufacture"" OR manipulation OR manipulatory OR construction OR ""object modification"" OR transport) AND (""failed"" OR ""failure"" OR ""chance level"" OR ""no evidence"" OR ""did not"" OR ""unable"" OR ""not learn"" OR ""control group"")",pending,pending
35,Melursus ursinus,database_unrepresented_family_mass_calibration,E,module,no,"""Melursus ursinus"" AND (artifact OR artefact OR construction OR nest OR dam OR cache OR trail OR bower OR ""environmental modification"" OR externalization OR externalisation)",,"""Melursus ursinus"" AND (artifact OR artefact OR construction OR nest OR dam OR cache OR trail OR bower OR ""environmental modification"" OR externalization OR externalisation) AND (""failed"" OR ""failure"" OR ""chance level"" OR ""no evidence"" OR ""did not"" OR ""unable"" OR ""not learn"" OR ""control group"")",pending,pending
35,Melursus ursinus,database_unrepresented_family_mass_calibration,F,module,no,"""Melursus ursinus"" AND (cooperation OR cooperative OR ""social tolerance"" OR ""division of labor"" OR ""division of labour"" OR ""social network"" OR ""group decision"" OR ""fission-fusion"" OR alloparental)",,"""Melursus ursinus"" AND (cooperation OR cooperative OR ""social tolerance"" OR ""division of labor"" OR ""division of labour"" OR ""social network"" OR ""group decision"" OR ""fission-fusion"" OR alloparental) AND (""failed"" OR ""failure"" OR ""chance level"" OR ""no evidence"" OR ""did not"" OR ""unable"" OR ""not learn"" OR ""control group"")",pending,pending
35,Melursus ursinus,database_unrepresented_family_mass_calibration,O1,outcome,no,"""Melursus ursinus"" AND (innovation OR ""novel problem"" OR ""problem solving"" OR transfer OR detour OR planning OR ""means-end"" OR reversal)",,"""Melursus ursinus"" AND (innovation OR ""novel problem"" OR ""problem solving"" OR transfer OR detour OR planning OR ""means-end"" OR reversal) AND (""failed"" OR ""failure"" OR ""chance level"" OR ""no evidence"" OR ""did not"" OR ""unable"" OR ""not learn"" OR ""control group"")",pending,pending
35,Melursus ursinus,database_unrepresented_family_mass_calibration,O2,outcome,no,"""Melursus ursinus"" AND (tradition OR cultural OR culture OR ""socially transmitted"" OR ""social transmission"" OR dialect)",,"""Melursus ursinus"" AND (tradition OR cultural OR culture OR ""socially transmitted"" OR ""social transmission"" OR dialect) AND (""failed"" OR ""failure"" OR ""chance level"" OR ""no evidence"" OR ""did not"" OR ""unable"" OR ""not learn"" OR ""control group"")",pending,pending
35,Melursus ursinus,database_unrepresented_family_mass_calibration,O3,outcome,no,"""Melursus ursinus"" AND (""cumulative culture"" OR cumulative OR ""transmission chain"" OR ""successive improvement"" OR ""ratchet"" OR ""naive individuals"" OR ""independent innovation"")",,"""Melursus ursinus"" AND (""cumulative culture"" OR cumulative OR ""transmission chain"" OR ""successive improvement"" OR ""ratchet"" OR ""naive individuals"" OR ""independent innovation"") AND (""failed"" OR ""failure"" OR ""chance level"" OR ""no evidence"" OR ""did not"" OR ""unable"" OR ""not learn"" OR ""control group"")",pending,pending
35,Melursus ursinus,database_unrepresented_family_mass_calibration,O4,outcome,no,"""Melursus ursinus"" AND (""cultural repertoire"" OR ""behavioural repertoire"" OR ""behavioral repertoire"" OR ""cultural variants"" OR traditions)",,"""Melursus ursinus"" AND (""cultural repertoire"" OR ""behavioural repertoire"" OR ""behavioral repertoire"" OR ""cultural variants"" OR traditions) AND (""failed"" OR ""failure"" OR ""chance level"" OR ""no evidence"" OR ""did not"" OR ""unable"" OR ""not learn"" OR ""control group"")",pending,pending
35,Melursus ursinus,database_unrepresented_family_mass_calibration,O5,outcome,no,"""Melursus ursinus"" AND (recombination OR specialization OR specialisation OR ""division of labor"" OR ""division of labour"" OR ""distributed knowledge"" OR ""network memory"" OR ""cross-group"")",,"""Melursus ursinus"" AND (recombination OR specialization OR specialisation OR ""division of labor"" OR ""division of labour"" OR ""distributed knowledge"" OR ""network memory"" OR ""cross-group"") AND (""failed"" OR ""failure"" OR ""chance level"" OR ""no evidence"" OR ""did not"" OR ""unable"" OR ""not learn"" OR ""control group"")",pending,pending
35,Melursus ursinus,database_unrepresented_family_mass_calibration,O6,outcome,no,"""Melursus ursinus"" AND (artifact OR artefact OR construction OR cache OR trail OR nest OR dam OR bower OR ""persistent structure"" OR ""environmental modification"")",,"""Melursus ursinus"" AND (artifact OR artefact OR construction OR cache OR trail OR nest OR dam OR bower OR ""persistent structure"" OR ""environmental modification"") AND (""failed"" OR ""failure"" OR ""chance level"" OR ""no evidence"" OR ""did not"" OR ""unable"" OR ""not learn"" OR ""control group"")",pending,pending
35,Melursus ursinus,database_unrepresented_family_mass_calibration,O7,outcome,no,"""Melursus ursinus"" AND (""cumulative culture"" OR ""open-ended"" OR ""open ended"" OR ""cultural evolution"" OR ""cumulative technological"" OR ""cumulative improvement"")",,"""Melursus ursinus"" AND (""cumulative culture"" OR ""open-ended"" OR ""open ended"" OR ""cultural evolution"" OR ""cumulative technological"" OR ""cumulative improvement"") AND (""failed"" OR ""failure"" OR ""chance level"" OR ""no evidence"" OR ""did not"" OR ""unable"" OR ""not learn"" OR ""control group"")",pending,pending
36,Galerella sanguinea,database_unrepresented_family_mass_calibration,A,module,no,"""Galerella sanguinea"" AND (""problem solving"" OR innovation OR ""behavioral flexibility"" OR ""behavioural flexibility"" OR ""reversal learning"" OR detour OR planning OR ""means-end"" OR causal)",,"""Galerella sanguinea"" AND (""problem solving"" OR innovation OR ""behavioral flexibility"" OR ""behavioural flexibility"" OR ""reversal learning"" OR detour OR planning OR ""means-end"" OR causal) AND (""failed"" OR ""failure"" OR ""chance level"" OR ""no evidence"" OR ""did not"" OR ""unable"" OR ""not learn"" OR ""control group"")",pending,pending
36,Galerella sanguinea,database_unrepresented_family_mass_calibration,B,module,no,"""Galerella sanguinea"" AND (""social learning"" OR imitation OR emulation OR teaching OR transmission OR tradition OR cultural)",,"""Galerella sanguinea"" AND (""social learning"" OR imitation OR emulation OR teaching OR transmission OR tradition OR cultural) AND (""failed"" OR ""failure"" OR ""chance level"" OR ""no evidence"" OR ""did not"" OR ""unable"" OR ""not learn"" OR ""control group"")",pending,pending
36,Galerella sanguinea,database_unrepresented_family_mass_calibration,C,module,no,"""Galerella sanguinea"" AND (""vocal learning"" OR communication OR signalling OR signaling OR referential OR combinatorial OR compositional OR ""turn-taking"" OR audience)",,"""Galerella sanguinea"" AND (""vocal learning"" OR communication OR signalling OR signaling OR referential OR combinatorial OR compositional OR ""turn-taking"" OR audience) AND (""failed"" OR ""failure"" OR ""chance level"" OR ""no evidence"" OR ""did not"" OR ""unable"" OR ""not learn"" OR ""control group"")",pending,pending
36,Galerella sanguinea,database_unrepresented_family_mass_calibration,D,module,no,"""Galerella sanguinea"" AND (""tool use"" OR ""tool manufacture"" OR manipulation OR manipulatory OR construction OR ""object modification"" OR transport)",,"""Galerella sanguinea"" AND (""tool use"" OR ""tool manufacture"" OR manipulation OR manipulatory OR construction OR ""object modification"" OR transport) AND (""failed"" OR ""failure"" OR ""chance level"" OR ""no evidence"" OR ""did not"" OR ""unable"" OR ""not learn"" OR ""control group"")",pending,pending
36,Galerella sanguinea,database_unrepresented_family_mass_calibration,E,module,no,"""Galerella sanguinea"" AND (artifact OR artefact OR construction OR nest OR dam OR cache OR trail OR bower OR ""environmental modification"" OR externalization OR externalisation)",,"""Galerella sanguinea"" AND (artifact OR artefact OR construction OR nest OR dam OR cache OR trail OR bower OR ""environmental modification"" OR externalization OR externalisation) AND (""failed"" OR ""failure"" OR ""chance level"" OR ""no evidence"" OR ""did not"" OR ""unable"" OR ""not learn"" OR ""control group"")",pending,pending
36,Galerella sanguinea,database_unrepresented_family_mass_calibration,F,module,no,"""Galerella sanguinea"" AND (cooperation OR cooperative OR ""social tolerance"" OR ""division of labor"" OR ""division of labour"" OR ""social network"" OR ""group decision"" OR ""fission-fusion"" OR alloparental)",,"""Galerella sanguinea"" AND (cooperation OR cooperative OR ""social tolerance"" OR ""division of labor"" OR ""division of labour"" OR ""social network"" OR ""group decision"" OR ""fission-fusion"" OR alloparental) AND (""failed"" OR ""failure"" OR ""chance level"" OR ""no evidence"" OR ""did not"" OR ""unable"" OR ""not learn"" OR ""control group"")",pending,pending
36,Galerella sanguinea,database_unrepresented_family_mass_calibration,O1,outcome,no,"""Galerella sanguinea"" AND (innovation OR ""novel problem"" OR ""problem solving"" OR transfer OR detour OR planning OR ""means-end"" OR reversal)",,"""Galerella sanguinea"" AND (innovation OR ""novel problem"" OR ""problem solving"" OR transfer OR detour OR planning OR ""means-end"" OR reversal) AND (""failed"" OR ""failure"" OR ""chance level"" OR ""no evidence"" OR ""did not"" OR ""unable"" OR ""not learn"" OR ""control group"")",pending,pending
36,Galerella sanguinea,database_unrepresented_family_mass_calibration,O2,outcome,no,"""Galerella sanguinea"" AND (tradition OR cultural OR culture OR ""socially transmitted"" OR ""social transmission"" OR dialect)",,"""Galerella sanguinea"" AND (tradition OR cultural OR culture OR ""socially transmitted"" OR ""social transmission"" OR dialect) AND (""failed"" OR ""failure"" OR ""chance level"" OR ""no evidence"" OR ""did not"" OR ""unable"" OR ""not learn"" OR ""control group"")",pending,pending
36,Galerella sanguinea,database_unrepresented_family_mass_calibration,O3,outcome,no,"""Galerella sanguinea"" AND (""cumulative culture"" OR cumulative OR ""transmission chain"" OR ""successive improvement"" OR ""ratchet"" OR ""naive individuals"" OR ""independent innovation"")",,"""Galerella sanguinea"" AND (""cumulative culture"" OR cumulative OR ""transmission chain"" OR ""successive improvement"" OR ""ratchet"" OR ""naive individuals"" OR ""independent innovation"") AND (""failed"" OR ""failure"" OR ""chance level"" OR ""no evidence"" OR ""did not"" OR ""unable"" OR ""not learn"" OR ""control group"")",pending,pending
36,Galerella sanguinea,database_unrepresented_family_mass_calibration,O4,outcome,no,"""Galerella sanguinea"" AND (""cultural repertoire"" OR ""behavioural repertoire"" OR ""behavioral repertoire"" OR ""cultural variants"" OR traditions)",,"""Galerella sanguinea"" AND (""cultural repertoire"" OR ""behavioural repertoire"" OR ""behavioral repertoire"" OR ""cultural variants"" OR traditions) AND (""failed"" OR ""failure"" OR ""chance level"" OR ""no evidence"" OR ""did not"" OR ""unable"" OR ""not learn"" OR ""control group"")",pending,pending
36,Galerella sanguinea,database_unrepresented_family_mass_calibration,O5,outcome,no,"""Galerella sanguinea"" AND (recombination OR specialization OR specialisation OR ""division of labor"" OR ""division of labour"" OR ""distributed knowledge"" OR ""network memory"" OR ""cross-group"")",,"""Galerella sanguinea"" AND (recombination OR specialization OR specialisation OR ""division of labor"" OR ""division of labour"" OR ""distributed knowledge"" OR ""network memory"" OR ""cross-group"") AND (""failed"" OR ""failure"" OR ""chance level"" OR ""no evidence"" OR ""did not"" OR ""unable"" OR ""not learn"" OR ""control group"")",pending,pending
36,Galerella sanguinea,database_unrepresented_family_mass_calibration,O6,outcome,no,"""Galerella sanguinea"" AND (artifact OR artefact OR construction OR cache OR trail OR nest OR dam OR bower OR ""persistent structure"" OR ""environmental modification"")",,"""Galerella sanguinea"" AND (artifact OR artefact OR construction OR cache OR trail OR nest OR dam OR bower OR ""persistent structure"" OR ""environmental modification"") AND (""failed"" OR ""failure"" OR ""chance level"" OR ""no evidence"" OR ""did not"" OR ""unable"" OR ""not learn"" OR ""control group"")",pending,pending
36,Galerella sanguinea,database_unrepresented_family_mass_calibration,O7,outcome,no,"""Galerella sanguinea"" AND (""cumulative culture"" OR ""open-ended"" OR ""open ended"" OR ""cultural evolution"" OR ""cumulative technological"" OR ""cumulative improvement"")",,"""Galerella sanguinea"" AND (""cumulative culture"" OR ""open-ended"" OR ""open ended"" OR ""cultural evolution"" OR ""cumulative technological"" OR ""cumulative improvement"") AND (""failed"" OR ""failure"" OR ""chance level"" OR ""no evidence"" OR ""did not"" OR ""unable"" OR ""not learn"" OR ""control group"")",pending,pending
37,Leptonychotes weddellii,database_unrepresented_family_mass_calibration,A,module,no,"""Leptonychotes weddellii"" AND (""problem solving"" OR innovation OR ""behavioral flexibility"" OR ""behavioural flexibility"" OR ""reversal learning"" OR detour OR planning OR ""means-end"" OR causal)",,"""Leptonychotes weddellii"" AND (""problem solving"" OR innovation OR ""behavioral flexibility"" OR ""behavioural flexibility"" OR ""reversal learning"" OR detour OR planning OR ""means-end"" OR causal) AND (""failed"" OR ""failure"" OR ""chance level"" OR ""no evidence"" OR ""did not"" OR ""unable"" OR ""not learn"" OR ""control group"")",pending,pending
37,Leptonychotes weddellii,database_unrepresented_family_mass_calibration,B,module,no,"""Leptonychotes weddellii"" AND (""social learning"" OR imitation OR emulation OR teaching OR transmission OR tradition OR cultural)",,"""Leptonychotes weddellii"" AND (""social learning"" OR imitation OR emulation OR teaching OR transmission OR tradition OR cultural) AND (""failed"" OR ""failure"" OR ""chance level"" OR ""no evidence"" OR ""did not"" OR ""unable"" OR ""not learn"" OR ""control group"")",pending,pending
37,Leptonychotes weddellii,database_unrepresented_family_mass_calibration,C,module,no,"""Leptonychotes weddellii"" AND (""vocal learning"" OR communication OR signalling OR signaling OR referential OR combinatorial OR compositional OR ""turn-taking"" OR audience)",,"""Leptonychotes weddellii"" AND (""vocal learning"" OR communication OR signalling OR signaling OR referential OR combinatorial OR compositional OR ""turn-taking"" OR audience) AND (""failed"" OR ""failure"" OR ""chance level"" OR ""no evidence"" OR ""did not"" OR ""unable"" OR ""not learn"" OR ""control group"")",pending,pending
37,Leptonychotes weddellii,database_unrepresented_family_mass_calibration,D,module,no,"""Leptonychotes weddellii"" AND (""tool use"" OR ""tool manufacture"" OR manipulation OR manipulatory OR construction OR ""object modification"" OR transport)",,"""Leptonychotes weddellii"" AND (""tool use"" OR ""tool manufacture"" OR manipulation OR manipulatory OR construction OR ""object modification"" OR transport) AND (""failed"" OR ""failure"" OR ""chance level"" OR ""no evidence"" OR ""did not"" OR ""unable"" OR ""not learn"" OR ""control group"")",pending,pending
37,Leptonychotes weddellii,database_unrepresented_family_mass_calibration,E,module,no,"""Leptonychotes weddellii"" AND (artifact OR artefact OR construction OR nest OR dam OR cache OR trail OR bower OR ""environmental modification"" OR externalization OR externalisation)",,"""Leptonychotes weddellii"" AND (artifact OR artefact OR construction OR nest OR dam OR cache OR trail OR bower OR ""environmental modification"" OR externalization OR externalisation) AND (""failed"" OR ""failure"" OR ""chance level"" OR ""no evidence"" OR ""did not"" OR ""unable"" OR ""not learn"" OR ""control group"")",pending,pending
37,Leptonychotes weddellii,database_unrepresented_family_mass_calibration,F,module,no,"""Leptonychotes weddellii"" AND (cooperation OR cooperative OR ""social tolerance"" OR ""division of labor"" OR ""division of labour"" OR ""social network"" OR ""group decision"" OR ""fission-fusion"" OR alloparental)",,"""Leptonychotes weddellii"" AND (cooperation OR cooperative OR ""social tolerance"" OR ""division of labor"" OR ""division of labour"" OR ""social network"" OR ""group decision"" OR ""fission-fusion"" OR alloparental) AND (""failed"" OR ""failure"" OR ""chance level"" OR ""no evidence"" OR ""did not"" OR ""unable"" OR ""not learn"" OR ""control group"")",pending,pending
37,Leptonychotes weddellii,database_unrepresented_family_mass_calibration,O1,outcome,no,"""Leptonychotes weddellii"" AND (innovation OR ""novel problem"" OR ""problem solving"" OR transfer OR detour OR planning OR ""means-end"" OR reversal)",,"""Leptonychotes weddellii"" AND (innovation OR ""novel problem"" OR ""problem solving"" OR transfer OR detour OR planning OR ""means-end"" OR reversal) AND (""failed"" OR ""failure"" OR ""chance level"" OR ""no evidence"" OR ""did not"" OR ""unable"" OR ""not learn"" OR ""control group"")",pending,pending
37,Leptonychotes weddellii,database_unrepresented_family_mass_calibration,O2,outcome,no,"""Leptonychotes weddellii"" AND (tradition OR cultural OR culture OR ""socially transmitted"" OR ""social transmission"" OR dialect)",,"""Leptonychotes weddellii"" AND (tradition OR cultural OR culture OR ""socially transmitted"" OR ""social transmission"" OR dialect) AND (""failed"" OR ""failure"" OR ""chance level"" OR ""no evidence"" OR ""did not"" OR ""unable"" OR ""not learn"" OR ""control group"")",pending,pending
37,Leptonychotes weddellii,database_unrepresented_family_mass_calibration,O3,outcome,no,"""Leptonychotes weddellii"" AND (""cumulative culture"" OR cumulative OR ""transmission chain"" OR ""successive improvement"" OR ""ratchet"" OR ""naive individuals"" OR ""independent innovation"")",,"""Leptonychotes weddellii"" AND (""cumulative culture"" OR cumulative OR ""transmission chain"" OR ""successive improvement"" OR ""ratchet"" OR ""naive individuals"" OR ""independent innovation"") AND (""failed"" OR ""failure"" OR ""chance level"" OR ""no evidence"" OR ""did not"" OR ""unable"" OR ""not learn"" OR ""control group"")",pending,pending
37,Leptonychotes weddellii,database_unrepresented_family_mass_calibration,O4,outcome,no,"""Leptonychotes weddellii"" AND (""cultural repertoire"" OR ""behavioural repertoire"" OR ""behavioral repertoire"" OR ""cultural variants"" OR traditions)",,"""Leptonychotes weddellii"" AND (""cultural repertoire"" OR ""behavioural repertoire"" OR ""behavioral repertoire"" OR ""cultural variants"" OR traditions) AND (""failed"" OR ""failure"" OR ""chance level"" OR ""no evidence"" OR ""did not"" OR ""unable"" OR ""not learn"" OR ""control group"")",pending,pending
37,Leptonychotes weddellii,database_unrepresented_family_mass_calibration,O5,outcome,no,"""Leptonychotes weddellii"" AND (recombination OR specialization OR specialisation OR ""division of labor"" OR ""division of labour"" OR ""distributed knowledge"" OR ""network memory"" OR ""cross-group"")",,"""Leptonychotes weddellii"" AND (recombination OR specialization OR specialisation OR ""division of labor"" OR ""division of labour"" OR ""distributed knowledge"" OR ""network memory"" OR ""cross-group"") AND (""failed"" OR ""failure"" OR ""chance level"" OR ""no evidence"" OR ""did not"" OR ""unable"" OR ""not learn"" OR ""control group"")",pending,pending
37,Leptonychotes weddellii,database_unrepresented_family_mass_calibration,O6,outcome,no,"""Leptonychotes weddellii"" AND (artifact OR artefact OR construction OR cache OR trail OR nest OR dam OR bower OR ""persistent structure"" OR ""environmental modification"")",,"""Leptonychotes weddellii"" AND (artifact OR artefact OR construction OR cache OR trail OR nest OR dam OR bower OR ""persistent structure"" OR ""environmental modification"") AND (""failed"" OR ""failure"" OR ""chance level"" OR ""no evidence"" OR ""did not"" OR ""unable"" OR ""not learn"" OR ""control group"")",pending,pending
37,Leptonychotes weddellii,database_unrepresented_family_mass_calibration,O7,outcome,no,"""Leptonychotes weddellii"" AND (""cumulative culture"" OR ""open-ended"" OR ""open ended"" OR ""cultural evolution"" OR ""cumulative technological"" OR ""cumulative improvement"")",,"""Leptonychotes weddellii"" AND (""cumulative culture"" OR ""open-ended"" OR ""open ended"" OR ""cultural evolution"" OR ""cumulative technological"" OR ""cumulative improvement"") AND (""failed"" OR ""failure"" OR ""chance level"" OR ""no evidence"" OR ""did not"" OR ""unable"" OR ""not learn"" OR ""control group"")",pending,pending
38,Procyon cancrivorus,database_unrepresented_family_mass_calibration,A,module,no,"""Procyon cancrivorus"" AND (""problem solving"" OR innovation OR ""behavioral flexibility"" OR ""behavioural flexibility"" OR ""reversal learning"" OR detour OR planning OR ""means-end"" OR causal)",,"""Procyon cancrivorus"" AND (""problem solving"" OR innovation OR ""behavioral flexibility"" OR ""behavioural flexibility"" OR ""reversal learning"" OR detour OR planning OR ""means-end"" OR causal) AND (""failed"" OR ""failure"" OR ""chance level"" OR ""no evidence"" OR ""did not"" OR ""unable"" OR ""not learn"" OR ""control group"")",pending,pending
38,Procyon cancrivorus,database_unrepresented_family_mass_calibration,B,module,no,"""Procyon cancrivorus"" AND (""social learning"" OR imitation OR emulation OR teaching OR transmission OR tradition OR cultural)",,"""Procyon cancrivorus"" AND (""social learning"" OR imitation OR emulation OR teaching OR transmission OR tradition OR cultural) AND (""failed"" OR ""failure"" OR ""chance level"" OR ""no evidence"" OR ""did not"" OR ""unable"" OR ""not learn"" OR ""control group"")",pending,pending
38,Procyon cancrivorus,database_unrepresented_family_mass_calibration,C,module,no,"""Procyon cancrivorus"" AND (""vocal learning"" OR communication OR signalling OR signaling OR referential OR combinatorial OR compositional OR ""turn-taking"" OR audience)",,"""Procyon cancrivorus"" AND (""vocal learning"" OR communication OR signalling OR signaling OR referential OR combinatorial OR compositional OR ""turn-taking"" OR audience) AND (""failed"" OR ""failure"" OR ""chance level"" OR ""no evidence"" OR ""did not"" OR ""unable"" OR ""not learn"" OR ""control group"")",pending,pending
38,Procyon cancrivorus,database_unrepresented_family_mass_calibration,D,module,no,"""Procyon cancrivorus"" AND (""tool use"" OR ""tool manufacture"" OR manipulation OR manipulatory OR construction OR ""object modification"" OR transport)",,"""Procyon cancrivorus"" AND (""tool use"" OR ""tool manufacture"" OR manipulation OR manipulatory OR construction OR ""object modification"" OR transport) AND (""failed"" OR ""failure"" OR ""chance level"" OR ""no evidence"" OR ""did not"" OR ""unable"" OR ""not learn"" OR ""control group"")",pending,pending
38,Procyon cancrivorus,database_unrepresented_family_mass_calibration,E,module,no,"""Procyon cancrivorus"" AND (artifact OR artefact OR construction OR nest OR dam OR cache OR trail OR bower OR ""environmental modification"" OR externalization OR externalisation)",,"""Procyon cancrivorus"" AND (artifact OR artefact OR construction OR nest OR dam OR cache OR trail OR bower OR ""environmental modification"" OR externalization OR externalisation) AND (""failed"" OR ""failure"" OR ""chance level"" OR ""no evidence"" OR ""did not"" OR ""unable"" OR ""not learn"" OR ""control group"")",pending,pending
38,Procyon cancrivorus,database_unrepresented_family_mass_calibration,F,module,no,"""Procyon cancrivorus"" AND (cooperation OR cooperative OR ""social tolerance"" OR ""division of labor"" OR ""division of labour"" OR ""social network"" OR ""group decision"" OR ""fission-fusion"" OR alloparental)",,"""Procyon cancrivorus"" AND (cooperation OR cooperative OR ""social tolerance"" OR ""division of labor"" OR ""division of labour"" OR ""social network"" OR ""group decision"" OR ""fission-fusion"" OR alloparental) AND (""failed"" OR ""failure"" OR ""chance level"" OR ""no evidence"" OR ""did not"" OR ""unable"" OR ""not learn"" OR ""control group"")",pending,pending
38,Procyon cancrivorus,database_unrepresented_family_mass_calibration,O1,outcome,no,"""Procyon cancrivorus"" AND (innovation OR ""novel problem"" OR ""problem solving"" OR transfer OR detour OR planning OR ""means-end"" OR reversal)",,"""Procyon cancrivorus"" AND (innovation OR ""novel problem"" OR ""problem solving"" OR transfer OR detour OR planning OR ""means-end"" OR reversal) AND (""failed"" OR ""failure"" OR ""chance level"" OR ""no evidence"" OR ""did not"" OR ""unable"" OR ""not learn"" OR ""control group"")",pending,pending
38,Procyon cancrivorus,database_unrepresented_family_mass_calibration,O2,outcome,no,"""Procyon cancrivorus"" AND (tradition OR cultural OR culture OR ""socially transmitted"" OR ""social transmission"" OR dialect)",,"""Procyon cancrivorus"" AND (tradition OR cultural OR culture OR ""socially transmitted"" OR ""social transmission"" OR dialect) AND (""failed"" OR ""failure"" OR ""chance level"" OR ""no evidence"" OR ""did not"" OR ""unable"" OR ""not learn"" OR ""control group"")",pending,pending
38,Procyon cancrivorus,database_unrepresented_family_mass_calibration,O3,outcome,no,"""Procyon cancrivorus"" AND (""cumulative culture"" OR cumulative OR ""transmission chain"" OR ""successive improvement"" OR ""ratchet"" OR ""naive individuals"" OR ""independent innovation"")",,"""Procyon cancrivorus"" AND (""cumulative culture"" OR cumulative OR ""transmission chain"" OR ""successive improvement"" OR ""ratchet"" OR ""naive individuals"" OR ""independent innovation"") AND (""failed"" OR ""failure"" OR ""chance level"" OR ""no evidence"" OR ""did not"" OR ""unable"" OR ""not learn"" OR ""control group"")",pending,pending
38,Procyon cancrivorus,database_unrepresented_family_mass_calibration,O4,outcome,no,"""Procyon cancrivorus"" AND (""cultural repertoire"" OR ""behavioural repertoire"" OR ""behavioral repertoire"" OR ""cultural variants"" OR traditions)",,"""Procyon cancrivorus"" AND (""cultural repertoire"" OR ""behavioural repertoire"" OR ""behavioral repertoire"" OR ""cultural variants"" OR traditions) AND (""failed"" OR ""failure"" OR ""chance level"" OR ""no evidence"" OR ""did not"" OR ""unable"" OR ""not learn"" OR ""control group"")",pending,pending
38,Procyon cancrivorus,database_unrepresented_family_mass_calibration,O5,outcome,no,"""Procyon cancrivorus"" AND (recombination OR specialization OR specialisation OR ""division of labor"" OR ""division of labour"" OR ""distributed knowledge"" OR ""network memory"" OR ""cross-group"")",,"""Procyon cancrivorus"" AND (recombination OR specialization OR specialisation OR ""division of labor"" OR ""division of labour"" OR ""distributed knowledge"" OR ""network memory"" OR ""cross-group"") AND (""failed"" OR ""failure"" OR ""chance level"" OR ""no evidence"" OR ""did not"" OR ""unable"" OR ""not learn"" OR ""control group"")",pending,pending
38,Procyon cancrivorus,database_unrepresented_family_mass_calibration,O6,outcome,no,"""Procyon cancrivorus"" AND (artifact OR artefact OR construction OR cache OR trail OR nest OR dam OR bower OR ""persistent structure"" OR ""environmental modification"")",,"""Procyon cancrivorus"" AND (artifact OR artefact OR construction OR cache OR trail OR nest OR dam OR bower OR ""persistent structure"" OR ""environmental modification"") AND (""failed"" OR ""failure"" OR ""chance level"" OR ""no evidence"" OR ""did not"" OR ""unable"" OR ""not learn"" OR ""control group"")",pending,pending
38,Procyon cancrivorus,database_unrepresented_family_mass_calibration,O7,outcome,no,"""Procyon cancrivorus"" AND (""cumulative culture"" OR ""open-ended"" OR ""open ended"" OR ""cultural evolution"" OR ""cumulative technological"" OR ""cumulative improvement"")",,"""Procyon cancrivorus"" AND (""cumulative culture"" OR ""open-ended"" OR ""open ended"" OR ""cultural evolution"" OR ""cumulative technological"" OR ""cumulative improvement"") AND (""failed"" OR ""failure"" OR ""chance level"" OR ""no evidence"" OR ""did not"" OR ""unable"" OR ""not learn"" OR ""control group"")",pending,pending
39,Hyaena brunnea,database_unrepresented_family_mass_calibration,A,module,no,"""Hyaena brunnea"" AND (""problem solving"" OR innovation OR ""behavioral flexibility"" OR ""behavioural flexibility"" OR ""reversal learning"" OR detour OR planning OR ""means-end"" OR causal)","""Parahyaena brunnea"" AND (""problem solving"" OR innovation OR ""behavioral flexibility"" OR ""behavioural flexibility"" OR ""reversal learning"" OR detour OR planning OR ""means-end"" OR causal)","""Hyaena brunnea"" AND (""problem solving"" OR innovation OR ""behavioral flexibility"" OR ""behavioural flexibility"" OR ""reversal learning"" OR detour OR planning OR ""means-end"" OR causal) AND (""failed"" OR ""failure"" OR ""chance level"" OR ""no evidence"" OR ""did not"" OR ""unable"" OR ""not learn"" OR ""control group"")",pending,pending
39,Hyaena brunnea,database_unrepresented_family_mass_calibration,B,module,no,"""Hyaena brunnea"" AND (""social learning"" OR imitation OR emulation OR teaching OR transmission OR tradition OR cultural)","""Parahyaena brunnea"" AND (""social learning"" OR imitation OR emulation OR teaching OR transmission OR tradition OR cultural)","""Hyaena brunnea"" AND (""social learning"" OR imitation OR emulation OR teaching OR transmission OR tradition OR cultural) AND (""failed"" OR ""failure"" OR ""chance level"" OR ""no evidence"" OR ""did not"" OR ""unable"" OR ""not learn"" OR ""control group"")",pending,pending
39,Hyaena brunnea,database_unrepresented_family_mass_calibration,C,module,no,"""Hyaena brunnea"" AND (""vocal learning"" OR communication OR signalling OR signaling OR referential OR combinatorial OR compositional OR ""turn-taking"" OR audience)","""Parahyaena brunnea"" AND (""vocal learning"" OR communication OR signalling OR signaling OR referential OR combinatorial OR compositional OR ""turn-taking"" OR audience)","""Hyaena brunnea"" AND (""vocal learning"" OR communication OR signalling OR signaling OR referential OR combinatorial OR compositional OR ""turn-taking"" OR audience) AND (""failed"" OR ""failure"" OR ""chance level"" OR ""no evidence"" OR ""did not"" OR ""unable"" OR ""not learn"" OR ""control group"")",pending,pending
39,Hyaena brunnea,database_unrepresented_family_mass_calibration,D,module,no,"""Hyaena brunnea"" AND (""tool use"" OR ""tool manufacture"" OR manipulation OR manipulatory OR construction OR ""object modification"" OR transport)","""Parahyaena brunnea"" AND (""tool use"" OR ""tool manufacture"" OR manipulation OR manipulatory OR construction OR ""object modification"" OR transport)","""Hyaena brunnea"" AND (""tool use"" OR ""tool manufacture"" OR manipulation OR manipulatory OR construction OR ""object modification"" OR transport) AND (""failed"" OR ""failure"" OR ""chance level"" OR ""no evidence"" OR ""did not"" OR ""unable"" OR ""not learn"" OR ""control group"")",pending,pending
39,Hyaena brunnea,database_unrepresented_family_mass_calibration,E,module,no,"""Hyaena brunnea"" AND (artifact OR artefact OR construction OR nest OR dam OR cache OR trail OR bower OR ""environmental modification"" OR externalization OR externalisation)","""Parahyaena brunnea"" AND (artifact OR artefact OR construction OR nest OR dam OR cache OR trail OR bower OR ""environmental modification"" OR externalization OR externalisation)","""Hyaena brunnea"" AND (artifact OR artefact OR construction OR nest OR dam OR cache OR trail OR bower OR ""environmental modification"" OR externalization OR externalisation) AND (""failed"" OR ""failure"" OR ""chance level"" OR ""no evidence"" OR ""did not"" OR ""unable"" OR ""not learn"" OR ""control group"")",pending,pending
39,Hyaena brunnea,database_unrepresented_family_mass_calibration,F,module,no,"""Hyaena brunnea"" AND (cooperation OR cooperative OR ""social tolerance"" OR ""division of labor"" OR ""division of labour"" OR ""social network"" OR ""group decision"" OR ""fission-fusion"" OR alloparental)","""Parahyaena brunnea"" AND (cooperation OR cooperative OR ""social tolerance"" OR ""division of labor"" OR ""division of labour"" OR ""social network"" OR ""group decision"" OR ""fission-fusion"" OR alloparental)","""Hyaena brunnea"" AND (cooperation OR cooperative OR ""social tolerance"" OR ""division of labor"" OR ""division of labour"" OR ""social network"" OR ""group decision"" OR ""fission-fusion"" OR alloparental) AND (""failed"" OR ""failure"" OR ""chance level"" OR ""no evidence"" OR ""did not"" OR ""unable"" OR ""not learn"" OR ""control group"")",pending,pending
39,Hyaena brunnea,database_unrepresented_family_mass_calibration,O1,outcome,no,"""Hyaena brunnea"" AND (innovation OR ""novel problem"" OR ""problem solving"" OR transfer OR detour OR planning OR ""means-end"" OR reversal)","""Parahyaena brunnea"" AND (innovation OR ""novel problem"" OR ""problem solving"" OR transfer OR detour OR planning OR ""means-end"" OR reversal)","""Hyaena brunnea"" AND (innovation OR ""novel problem"" OR ""problem solving"" OR transfer OR detour OR planning OR ""means-end"" OR reversal) AND (""failed"" OR ""failure"" OR ""chance level"" OR ""no evidence"" OR ""did not"" OR ""unable"" OR ""not learn"" OR ""control group"")",pending,pending
39,Hyaena brunnea,database_unrepresented_family_mass_calibration,O2,outcome,no,"""Hyaena brunnea"" AND (tradition OR cultural OR culture OR ""socially transmitted"" OR ""social transmission"" OR dialect)","""Parahyaena brunnea"" AND (tradition OR cultural OR culture OR ""socially transmitted"" OR ""social transmission"" OR dialect)","""Hyaena brunnea"" AND (tradition OR cultural OR culture OR ""socially transmitted"" OR ""social transmission"" OR dialect) AND (""failed"" OR ""failure"" OR ""chance level"" OR ""no evidence"" OR ""did not"" OR ""unable"" OR ""not learn"" OR ""control group"")",pending,pending
39,Hyaena brunnea,database_unrepresented_family_mass_calibration,O3,outcome,no,"""Hyaena brunnea"" AND (""cumulative culture"" OR cumulative OR ""transmission chain"" OR ""successive improvement"" OR ""ratchet"" OR ""naive individuals"" OR ""independent innovation"")","""Parahyaena brunnea"" AND (""cumulative culture"" OR cumulative OR ""transmission chain"" OR ""successive improvement"" OR ""ratchet"" OR ""naive individuals"" OR ""independent innovation"")","""Hyaena brunnea"" AND (""cumulative culture"" OR cumulative OR ""transmission chain"" OR ""successive improvement"" OR ""ratchet"" OR ""naive individuals"" OR ""independent innovation"") AND (""failed"" OR ""failure"" OR ""chance level"" OR ""no evidence"" OR ""did not"" OR ""unable"" OR ""not learn"" OR ""control group"")",pending,pending
39,Hyaena brunnea,database_unrepresented_family_mass_calibration,O4,outcome,no,"""Hyaena brunnea"" AND (""cultural repertoire"" OR ""behavioural repertoire"" OR ""behavioral repertoire"" OR ""cultural variants"" OR traditions)","""Parahyaena brunnea"" AND (""cultural repertoire"" OR ""behavioural repertoire"" OR ""behavioral repertoire"" OR ""cultural variants"" OR traditions)","""Hyaena brunnea"" AND (""cultural repertoire"" OR ""behavioural repertoire"" OR ""behavioral repertoire"" OR ""cultural variants"" OR traditions) AND (""failed"" OR ""failure"" OR ""chance level"" OR ""no evidence"" OR ""did not"" OR ""unable"" OR ""not learn"" OR ""control group"")",pending,pending
39,Hyaena brunnea,database_unrepresented_family_mass_calibration,O5,outcome,no,"""Hyaena brunnea"" AND (recombination OR specialization OR specialisation OR ""division of labor"" OR ""division of labour"" OR ""distributed knowledge"" OR ""network memory"" OR ""cross-group"")","""Parahyaena brunnea"" AND (recombination OR specialization OR specialisation OR ""division of labor"" OR ""division of labour"" OR ""distributed knowledge"" OR ""network memory"" OR ""cross-group"")","""Hyaena brunnea"" AND (recombination OR specialization OR specialisation OR ""division of labor"" OR ""division of labour"" OR ""distributed knowledge"" OR ""network memory"" OR ""cross-group"") AND (""failed"" OR ""failure"" OR ""chance level"" OR ""no evidence"" OR ""did not"" OR ""unable"" OR ""not learn"" OR ""control group"")",pending,pending
39,Hyaena brunnea,database_unrepresented_family_mass_calibration,O6,outcome,no,"""Hyaena brunnea"" AND (artifact OR artefact OR construction OR cache OR trail OR nest OR dam OR bower OR ""persistent structure"" OR ""environmental modification"")","""Parahyaena brunnea"" AND (artifact OR artefact OR construction OR cache OR trail OR nest OR dam OR bower OR ""persistent structure"" OR ""environmental modification"")","""Hyaena brunnea"" AND (artifact OR artefact OR construction OR cache OR trail OR nest OR dam OR bower OR ""persistent structure"" OR ""environmental modification"") AND (""failed"" OR ""failure"" OR ""chance level"" OR ""no evidence"" OR ""did not"" OR ""unable"" OR ""not learn"" OR ""control group"")",pending,pending
39,Hyaena brunnea,database_unrepresented_family_mass_calibration,O7,outcome,no,"""Hyaena brunnea"" AND (""cumulative culture"" OR ""open-ended"" OR ""open ended"" OR ""cultural evolution"" OR ""cumulative technological"" OR ""cumulative improvement"")","""Parahyaena brunnea"" AND (""cumulative culture"" OR ""open-ended"" OR ""open ended"" OR ""cultural evolution"" OR ""cumulative technological"" OR ""cumulative improvement"")","""Hyaena brunnea"" AND (""cumulative culture"" OR ""open-ended"" OR ""open ended"" OR ""cultural evolution"" OR ""cumulative technological"" OR ""cumulative improvement"") AND (""failed"" OR ""failure"" OR ""chance level"" OR ""no evidence"" OR ""did not"" OR ""unable"" OR ""not learn"" OR ""control group"")",pending,pending
40,Poecilia reticulata,asnr_source_candidate,A,module,no,"""Poecilia reticulata"" AND (""problem solving"" OR innovation OR ""behavioral flexibility"" OR ""behavioural flexibility"" OR ""reversal learning"" OR detour OR planning OR ""means-end"" OR causal)",,"""Poecilia reticulata"" AND (""problem solving"" OR innovation OR ""behavioral flexibility"" OR ""behavioural flexibility"" OR ""reversal learning"" OR detour OR planning OR ""means-end"" OR causal) AND (""failed"" OR ""failure"" OR ""chance level"" OR ""no evidence"" OR ""did not"" OR ""unable"" OR ""not learn"" OR ""control group"")",pending,pending
40,Poecilia reticulata,asnr_source_candidate,B,module,no,"""Poecilia reticulata"" AND (""social learning"" OR imitation OR emulation OR teaching OR transmission OR tradition OR cultural)",,"""Poecilia reticulata"" AND (""social learning"" OR imitation OR emulation OR teaching OR transmission OR tradition OR cultural) AND (""failed"" OR ""failure"" OR ""chance level"" OR ""no evidence"" OR ""did not"" OR ""unable"" OR ""not learn"" OR ""control group"")",pending,pending
40,Poecilia reticulata,asnr_source_candidate,C,module,no,"""Poecilia reticulata"" AND (""vocal learning"" OR communication OR signalling OR signaling OR referential OR combinatorial OR compositional OR ""turn-taking"" OR audience)",,"""Poecilia reticulata"" AND (""vocal learning"" OR communication OR signalling OR signaling OR referential OR combinatorial OR compositional OR ""turn-taking"" OR audience) AND (""failed"" OR ""failure"" OR ""chance level"" OR ""no evidence"" OR ""did not"" OR ""unable"" OR ""not learn"" OR ""control group"")",pending,pending
40,Poecilia reticulata,asnr_source_candidate,D,module,no,"""Poecilia reticulata"" AND (""tool use"" OR ""tool manufacture"" OR manipulation OR manipulatory OR construction OR ""object modification"" OR transport)",,"""Poecilia reticulata"" AND (""tool use"" OR ""tool manufacture"" OR manipulation OR manipulatory OR construction OR ""object modification"" OR transport) AND (""failed"" OR ""failure"" OR ""chance level"" OR ""no evidence"" OR ""did not"" OR ""unable"" OR ""not learn"" OR ""control group"")",pending,pending
40,Poecilia reticulata,asnr_source_candidate,E,module,no,"""Poecilia reticulata"" AND (artifact OR artefact OR construction OR nest OR dam OR cache OR trail OR bower OR ""environmental modification"" OR externalization OR externalisation)",,"""Poecilia reticulata"" AND (artifact OR artefact OR construction OR nest OR dam OR cache OR trail OR bower OR ""environmental modification"" OR externalization OR externalisation) AND (""failed"" OR ""failure"" OR ""chance level"" OR ""no evidence"" OR ""did not"" OR ""unable"" OR ""not learn"" OR ""control group"")",pending,pending
40,Poecilia reticulata,asnr_source_candidate,F,module,no,"""Poecilia reticulata"" AND (cooperation OR cooperative OR ""social tolerance"" OR ""division of labor"" OR ""division of labour"" OR ""social network"" OR ""group decision"" OR ""fission-fusion"" OR alloparental)",,"""Poecilia reticulata"" AND (cooperation OR cooperative OR ""social tolerance"" OR ""division of labor"" OR ""division of labour"" OR ""social network"" OR ""group decision"" OR ""fission-fusion"" OR alloparental) AND (""failed"" OR ""failure"" OR ""chance level"" OR ""no evidence"" OR ""did not"" OR ""unable"" OR ""not learn"" OR ""control group"")",pending,pending
40,Poecilia reticulata,asnr_source_candidate,O1,outcome,no,"""Poecilia reticulata"" AND (innovation OR ""novel problem"" OR ""problem solving"" OR transfer OR detour OR planning OR ""means-end"" OR reversal)",,"""Poecilia reticulata"" AND (innovation OR ""novel problem"" OR ""problem solving"" OR transfer OR detour OR planning OR ""means-end"" OR reversal) AND (""failed"" OR ""failure"" OR ""chance level"" OR ""no evidence"" OR ""did not"" OR ""unable"" OR ""not learn"" OR ""control group"")",pending,pending
40,Poecilia reticulata,asnr_source_candidate,O2,outcome,no,"""Poecilia reticulata"" AND (tradition OR cultural OR culture OR ""socially transmitted"" OR ""social transmission"" OR dialect)",,"""Poecilia reticulata"" AND (tradition OR cultural OR culture OR ""socially transmitted"" OR ""social transmission"" OR dialect) AND (""failed"" OR ""failure"" OR ""chance level"" OR ""no evidence"" OR ""did not"" OR ""unable"" OR ""not learn"" OR ""control group"")",pending,pending
40,Poecilia reticulata,asnr_source_candidate,O3,outcome,no,"""Poecilia reticulata"" AND (""cumulative culture"" OR cumulative OR ""transmission chain"" OR ""successive improvement"" OR ""ratchet"" OR ""naive individuals"" OR ""independent innovation"")",,"""Poecilia reticulata"" AND (""cumulative culture"" OR cumulative OR ""transmission chain"" OR ""successive improvement"" OR ""ratchet"" OR ""naive individuals"" OR ""independent innovation"") AND (""failed"" OR ""failure"" OR ""chance level"" OR ""no evidence"" OR ""did not"" OR ""unable"" OR ""not learn"" OR ""control group"")",pending,pending
40,Poecilia reticulata,asnr_source_candidate,O4,outcome,no,"""Poecilia reticulata"" AND (""cultural repertoire"" OR ""behavioural repertoire"" OR ""behavioral repertoire"" OR ""cultural variants"" OR traditions)",,"""Poecilia reticulata"" AND (""cultural repertoire"" OR ""behavioural repertoire"" OR ""behavioral repertoire"" OR ""cultural variants"" OR traditions) AND (""failed"" OR ""failure"" OR ""chance level"" OR ""no evidence"" OR ""did not"" OR ""unable"" OR ""not learn"" OR ""control group"")",pending,pending
40,Poecilia reticulata,asnr_source_candidate,O5,outcome,no,"""Poecilia reticulata"" AND (recombination OR specialization OR specialisation OR ""division of labor"" OR ""division of labour"" OR ""distributed knowledge"" OR ""network memory"" OR ""cross-group"")",,"""Poecilia reticulata"" AND (recombination OR specialization OR specialisation OR ""division of labor"" OR ""division of labour"" OR ""distributed knowledge"" OR ""network memory"" OR ""cross-group"") AND (""failed"" OR ""failure"" OR ""chance level"" OR ""no evidence"" OR ""did not"" OR ""unable"" OR ""not learn"" OR ""control group"")",pending,pending
40,Poecilia reticulata,asnr_source_candidate,O6,outcome,no,"""Poecilia reticulata"" AND (artifact OR artefact OR construction OR cache OR trail OR nest OR dam OR bower OR ""persistent structure"" OR ""environmental modification"")",,"""Poecilia reticulata"" AND (artifact OR artefact OR construction OR cache OR trail OR nest OR dam OR bower OR ""persistent structure"" OR ""environmental modification"") AND (""failed"" OR ""failure"" OR ""chance level"" OR ""no evidence"" OR ""did not"" OR ""unable"" OR ""not learn"" OR ""control group"")",pending,pending
40,Poecilia reticulata,asnr_source_candidate,O7,outcome,no,"""Poecilia reticulata"" AND (""cumulative culture"" OR ""open-ended"" OR ""open ended"" OR ""cultural evolution"" OR ""cumulative technological"" OR ""cumulative improvement"")",,"""Poecilia reticulata"" AND (""cumulative culture"" OR ""open-ended"" OR ""open ended"" OR ""cultural evolution"" OR ""cumulative technological"" OR ""cumulative improvement"") AND (""failed"" OR ""failure"" OR ""chance level"" OR ""no evidence"" OR ""did not"" OR ""unable"" OR ""not learn"" OR ""control group"")",pending,pending
41,Dendrobates pumilio,asnr_source_candidate,A,module,no,"""Dendrobates pumilio"" AND (""problem solving"" OR innovation OR ""behavioral flexibility"" OR ""behavioural flexibility"" OR ""reversal learning"" OR detour OR planning OR ""means-end"" OR causal)","""Oophaga pumilio"" AND (""problem solving"" OR innovation OR ""behavioral flexibility"" OR ""behavioural flexibility"" OR ""reversal learning"" OR detour OR planning OR ""means-end"" OR causal)","""Dendrobates pumilio"" AND (""problem solving"" OR innovation OR ""behavioral flexibility"" OR ""behavioural flexibility"" OR ""reversal learning"" OR detour OR planning OR ""means-end"" OR causal) AND (""failed"" OR ""failure"" OR ""chance level"" OR ""no evidence"" OR ""did not"" OR ""unable"" OR ""not learn"" OR ""control group"")",pending,pending
41,Dendrobates pumilio,asnr_source_candidate,B,module,no,"""Dendrobates pumilio"" AND (""social learning"" OR imitation OR emulation OR teaching OR transmission OR tradition OR cultural)","""Oophaga pumilio"" AND (""social learning"" OR imitation OR emulation OR teaching OR transmission OR tradition OR cultural)","""Dendrobates pumilio"" AND (""social learning"" OR imitation OR emulation OR teaching OR transmission OR tradition OR cultural) AND (""failed"" OR ""failure"" OR ""chance level"" OR ""no evidence"" OR ""did not"" OR ""unable"" OR ""not learn"" OR ""control group"")",pending,pending
41,Dendrobates pumilio,asnr_source_candidate,C,module,no,"""Dendrobates pumilio"" AND (""vocal learning"" OR communication OR signalling OR signaling OR referential OR combinatorial OR compositional OR ""turn-taking"" OR audience)","""Oophaga pumilio"" AND (""vocal learning"" OR communication OR signalling OR signaling OR referential OR combinatorial OR compositional OR ""turn-taking"" OR audience)","""Dendrobates pumilio"" AND (""vocal learning"" OR communication OR signalling OR signaling OR referential OR combinatorial OR compositional OR ""turn-taking"" OR audience) AND (""failed"" OR ""failure"" OR ""chance level"" OR ""no evidence"" OR ""did not"" OR ""unable"" OR ""not learn"" OR ""control group"")",pending,pending
41,Dendrobates pumilio,asnr_source_candidate,D,module,no,"""Dendrobates pumilio"" AND (""tool use"" OR ""tool manufacture"" OR manipulation OR manipulatory OR construction OR ""object modification"" OR transport)","""Oophaga pumilio"" AND (""tool use"" OR ""tool manufacture"" OR manipulation OR manipulatory OR construction OR ""object modification"" OR transport)","""Dendrobates pumilio"" AND (""tool use"" OR ""tool manufacture"" OR manipulation OR manipulatory OR construction OR ""object modification"" OR transport) AND (""failed"" OR ""failure"" OR ""chance level"" OR ""no evidence"" OR ""did not"" OR ""unable"" OR ""not learn"" OR ""control group"")",pending,pending
41,Dendrobates pumilio,asnr_source_candidate,E,module,no,"""Dendrobates pumilio"" AND (artifact OR artefact OR construction OR nest OR dam OR cache OR trail OR bower OR ""environmental modification"" OR externalization OR externalisation)","""Oophaga pumilio"" AND (artifact OR artefact OR construction OR nest OR dam OR cache OR trail OR bower OR ""environmental modification"" OR externalization OR externalisation)","""Dendrobates pumilio"" AND (artifact OR artefact OR construction OR nest OR dam OR cache OR trail OR bower OR ""environmental modification"" OR externalization OR externalisation) AND (""failed"" OR ""failure"" OR ""chance level"" OR ""no evidence"" OR ""did not"" OR ""unable"" OR ""not learn"" OR ""control group"")",pending,pending
41,Dendrobates pumilio,asnr_source_candidate,F,module,no,"""Dendrobates pumilio"" AND (cooperation OR cooperative OR ""social tolerance"" OR ""division of labor"" OR ""division of labour"" OR ""social network"" OR ""group decision"" OR ""fission-fusion"" OR alloparental)","""Oophaga pumilio"" AND (cooperation OR cooperative OR ""social tolerance"" OR ""division of labor"" OR ""division of labour"" OR ""social network"" OR ""group decision"" OR ""fission-fusion"" OR alloparental)","""Dendrobates pumilio"" AND (cooperation OR cooperative OR ""social tolerance"" OR ""division of labor"" OR ""division of labour"" OR ""social network"" OR ""group decision"" OR ""fission-fusion"" OR alloparental) AND (""failed"" OR ""failure"" OR ""chance level"" OR ""no evidence"" OR ""did not"" OR ""unable"" OR ""not learn"" OR ""control group"")",pending,pending
41,Dendrobates pumilio,asnr_source_candidate,O1,outcome,no,"""Dendrobates pumilio"" AND (innovation OR ""novel problem"" OR ""problem solving"" OR transfer OR detour OR planning OR ""means-end"" OR reversal)","""Oophaga pumilio"" AND (innovation OR ""novel problem"" OR ""problem solving"" OR transfer OR detour OR planning OR ""means-end"" OR reversal)","""Dendrobates pumilio"" AND (innovation OR ""novel problem"" OR ""problem solving"" OR transfer OR detour OR planning OR ""means-end"" OR reversal) AND (""failed"" OR ""failure"" OR ""chance level"" OR ""no evidence"" OR ""did not"" OR ""unable"" OR ""not learn"" OR ""control group"")",pending,pending
41,Dendrobates pumilio,asnr_source_candidate,O2,outcome,no,"""Dendrobates pumilio"" AND (tradition OR cultural OR culture OR ""socially transmitted"" OR ""social transmission"" OR dialect)","""Oophaga pumilio"" AND (tradition OR cultural OR culture OR ""socially transmitted"" OR ""social transmission"" OR dialect)","""Dendrobates pumilio"" AND (tradition OR cultural OR culture OR ""socially transmitted"" OR ""social transmission"" OR dialect) AND (""failed"" OR ""failure"" OR ""chance level"" OR ""no evidence"" OR ""did not"" OR ""unable"" OR ""not learn"" OR ""control group"")",pending,pending
41,Dendrobates pumilio,asnr_source_candidate,O3,outcome,no,"""Dendrobates pumilio"" AND (""cumulative culture"" OR cumulative OR ""transmission chain"" OR ""successive improvement"" OR ""ratchet"" OR ""naive individuals"" OR ""independent innovation"")","""Oophaga pumilio"" AND (""cumulative culture"" OR cumulative OR ""transmission chain"" OR ""successive improvement"" OR ""ratchet"" OR ""naive individuals"" OR ""independent innovation"")","""Dendrobates pumilio"" AND (""cumulative culture"" OR cumulative OR ""transmission chain"" OR ""successive improvement"" OR ""ratchet"" OR ""naive individuals"" OR ""independent innovation"") AND (""failed"" OR ""failure"" OR ""chance level"" OR ""no evidence"" OR ""did not"" OR ""unable"" OR ""not learn"" OR ""control group"")",pending,pending
41,Dendrobates pumilio,asnr_source_candidate,O4,outcome,no,"""Dendrobates pumilio"" AND (""cultural repertoire"" OR ""behavioural repertoire"" OR ""behavioral repertoire"" OR ""cultural variants"" OR traditions)","""Oophaga pumilio"" AND (""cultural repertoire"" OR ""behavioural repertoire"" OR ""behavioral repertoire"" OR ""cultural variants"" OR traditions)","""Dendrobates pumilio"" AND (""cultural repertoire"" OR ""behavioural repertoire"" OR ""behavioral repertoire"" OR ""cultural variants"" OR traditions) AND (""failed"" OR ""failure"" OR ""chance level"" OR ""no evidence"" OR ""did not"" OR ""unable"" OR ""not learn"" OR ""control group"")",pending,pending
41,Dendrobates pumilio,asnr_source_candidate,O5,outcome,no,"""Dendrobates pumilio"" AND (recombination OR specialization OR specialisation OR ""division of labor"" OR ""division of labour"" OR ""distributed knowledge"" OR ""network memory"" OR ""cross-group"")","""Oophaga pumilio"" AND (recombination OR specialization OR specialisation OR ""division of labor"" OR ""division of labour"" OR ""distributed knowledge"" OR ""network memory"" OR ""cross-group"")","""Dendrobates pumilio"" AND (recombination OR specialization OR specialisation OR ""division of labor"" OR ""division of labour"" OR ""distributed knowledge"" OR ""network memory"" OR ""cross-group"") AND (""failed"" OR ""failure"" OR ""chance level"" OR ""no evidence"" OR ""did not"" OR ""unable"" OR ""not learn"" OR ""control group"")",pending,pending
41,Dendrobates pumilio,asnr_source_candidate,O6,outcome,no,"""Dendrobates pumilio"" AND (artifact OR artefact OR construction OR cache OR trail OR nest OR dam OR bower OR ""persistent structure"" OR ""environmental modification"")","""Oophaga pumilio"" AND (artifact OR artefact OR construction OR cache OR trail OR nest OR dam OR bower OR ""persistent structure"" OR ""environmental modification"")","""Dendrobates pumilio"" AND (artifact OR artefact OR construction OR cache OR trail OR nest OR dam OR bower OR ""persistent structure"" OR ""environmental modification"") AND (""failed"" OR ""failure"" OR ""chance level"" OR ""no evidence"" OR ""did not"" OR ""unable"" OR ""not learn"" OR ""control group"")",pending,pending
41,Dendrobates pumilio,asnr_source_candidate,O7,outcome,no,"""Dendrobates pumilio"" AND (""cumulative culture"" OR ""open-ended"" OR ""open ended"" OR ""cultural evolution"" OR ""cumulative technological"" OR ""cumulative improvement"")","""Oophaga pumilio"" AND (""cumulative culture"" OR ""open-ended"" OR ""open ended"" OR ""cultural evolution"" OR ""cumulative technological"" OR ""cumulative improvement"")","""Dendrobates pumilio"" AND (""cumulative culture"" OR ""open-ended"" OR ""open ended"" OR ""cultural evolution"" OR ""cumulative technological"" OR ""cumulative improvement"") AND (""failed"" OR ""failure"" OR ""chance level"" OR ""no evidence"" OR ""did not"" OR ""unable"" OR ""not learn"" OR ""control group"")",pending,pending
42,Balaenoptera musculus,acdb_source_candidate,A,module,no,"""Balaenoptera musculus"" AND (""problem solving"" OR innovation OR ""behavioral flexibility"" OR ""behavioural flexibility"" OR ""reversal learning"" OR detour OR planning OR ""means-end"" OR causal)",,"""Balaenoptera musculus"" AND (""problem solving"" OR innovation OR ""behavioral flexibility"" OR ""behavioural flexibility"" OR ""reversal learning"" OR detour OR planning OR ""means-end"" OR causal) AND (""failed"" OR ""failure"" OR ""chance level"" OR ""no evidence"" OR ""did not"" OR ""unable"" OR ""not learn"" OR ""control group"")",pending,pending
42,Balaenoptera musculus,acdb_source_candidate,B,module,no,"""Balaenoptera musculus"" AND (""social learning"" OR imitation OR emulation OR teaching OR transmission OR tradition OR cultural)",,"""Balaenoptera musculus"" AND (""social learning"" OR imitation OR emulation OR teaching OR transmission OR tradition OR cultural) AND (""failed"" OR ""failure"" OR ""chance level"" OR ""no evidence"" OR ""did not"" OR ""unable"" OR ""not learn"" OR ""control group"")",pending,pending
42,Balaenoptera musculus,acdb_source_candidate,C,module,no,"""Balaenoptera musculus"" AND (""vocal learning"" OR communication OR signalling OR signaling OR referential OR combinatorial OR compositional OR ""turn-taking"" OR audience)",,"""Balaenoptera musculus"" AND (""vocal learning"" OR communication OR signalling OR signaling OR referential OR combinatorial OR compositional OR ""turn-taking"" OR audience) AND (""failed"" OR ""failure"" OR ""chance level"" OR ""no evidence"" OR ""did not"" OR ""unable"" OR ""not learn"" OR ""control group"")",pending,pending
42,Balaenoptera musculus,acdb_source_candidate,D,module,no,"""Balaenoptera musculus"" AND (""tool use"" OR ""tool manufacture"" OR manipulation OR manipulatory OR construction OR ""object modification"" OR transport)",,"""Balaenoptera musculus"" AND (""tool use"" OR ""tool manufacture"" OR manipulation OR manipulatory OR construction OR ""object modification"" OR transport) AND (""failed"" OR ""failure"" OR ""chance level"" OR ""no evidence"" OR ""did not"" OR ""unable"" OR ""not learn"" OR ""control group"")",pending,pending
42,Balaenoptera musculus,acdb_source_candidate,E,module,no,"""Balaenoptera musculus"" AND (artifact OR artefact OR construction OR nest OR dam OR cache OR trail OR bower OR ""environmental modification"" OR externalization OR externalisation)",,"""Balaenoptera musculus"" AND (artifact OR artefact OR construction OR nest OR dam OR cache OR trail OR bower OR ""environmental modification"" OR externalization OR externalisation) AND (""failed"" OR ""failure"" OR ""chance level"" OR ""no evidence"" OR ""did not"" OR ""unable"" OR ""not learn"" OR ""control group"")",pending,pending
42,Balaenoptera musculus,acdb_source_candidate,F,module,no,"""Balaenoptera musculus"" AND (cooperation OR cooperative OR ""social tolerance"" OR ""division of labor"" OR ""division of labour"" OR ""social network"" OR ""group decision"" OR ""fission-fusion"" OR alloparental)",,"""Balaenoptera musculus"" AND (cooperation OR cooperative OR ""social tolerance"" OR ""division of labor"" OR ""division of labour"" OR ""social network"" OR ""group decision"" OR ""fission-fusion"" OR alloparental) AND (""failed"" OR ""failure"" OR ""chance level"" OR ""no evidence"" OR ""did not"" OR ""unable"" OR ""not learn"" OR ""control group"")",pending,pending
42,Balaenoptera musculus,acdb_source_candidate,O1,outcome,no,"""Balaenoptera musculus"" AND (innovation OR ""novel problem"" OR ""problem solving"" OR transfer OR detour OR planning OR ""means-end"" OR reversal)",,"""Balaenoptera musculus"" AND (innovation OR ""novel problem"" OR ""problem solving"" OR transfer OR detour OR planning OR ""means-end"" OR reversal) AND (""failed"" OR ""failure"" OR ""chance level"" OR ""no evidence"" OR ""did not"" OR ""unable"" OR ""not learn"" OR ""control group"")",pending,pending
42,Balaenoptera musculus,acdb_source_candidate,O2,outcome,no,"""Balaenoptera musculus"" AND (tradition OR cultural OR culture OR ""socially transmitted"" OR ""social transmission"" OR dialect)",,"""Balaenoptera musculus"" AND (tradition OR cultural OR culture OR ""socially transmitted"" OR ""social transmission"" OR dialect) AND (""failed"" OR ""failure"" OR ""chance level"" OR ""no evidence"" OR ""did not"" OR ""unable"" OR ""not learn"" OR ""control group"")",pending,pending
42,Balaenoptera musculus,acdb_source_candidate,O3,outcome,no,"""Balaenoptera musculus"" AND (""cumulative culture"" OR cumulative OR ""transmission chain"" OR ""successive improvement"" OR ""ratchet"" OR ""naive individuals"" OR ""independent innovation"")",,"""Balaenoptera musculus"" AND (""cumulative culture"" OR cumulative OR ""transmission chain"" OR ""successive improvement"" OR ""ratchet"" OR ""naive individuals"" OR ""independent innovation"") AND (""failed"" OR ""failure"" OR ""chance level"" OR ""no evidence"" OR ""did not"" OR ""unable"" OR ""not learn"" OR ""control group"")",pending,pending
42,Balaenoptera musculus,acdb_source_candidate,O4,outcome,no,"""Balaenoptera musculus"" AND (""cultural repertoire"" OR ""behavioural repertoire"" OR ""behavioral repertoire"" OR ""cultural variants"" OR traditions)",,"""Balaenoptera musculus"" AND (""cultural repertoire"" OR ""behavioural repertoire"" OR ""behavioral repertoire"" OR ""cultural variants"" OR traditions) AND (""failed"" OR ""failure"" OR ""chance level"" OR ""no evidence"" OR ""did not"" OR ""unable"" OR ""not learn"" OR ""control group"")",pending,pending
42,Balaenoptera musculus,acdb_source_candidate,O5,outcome,no,"""Balaenoptera musculus"" AND (recombination OR specialization OR specialisation OR ""division of labor"" OR ""division of labour"" OR ""distributed knowledge"" OR ""network memory"" OR ""cross-group"")",,"""Balaenoptera musculus"" AND (recombination OR specialization OR specialisation OR ""division of labor"" OR ""division of labour"" OR ""distributed knowledge"" OR ""network memory"" OR ""cross-group"") AND (""failed"" OR ""failure"" OR ""chance level"" OR ""no evidence"" OR ""did not"" OR ""unable"" OR ""not learn"" OR ""control group"")",pending,pending
42,Balaenoptera musculus,acdb_source_candidate,O6,outcome,no,"""Balaenoptera musculus"" AND (artifact OR artefact OR construction OR cache OR trail OR nest OR dam OR bower OR ""persistent structure"" OR ""environmental modification"")",,"""Balaenoptera musculus"" AND (artifact OR artefact OR construction OR cache OR trail OR nest OR dam OR bower OR ""persistent structure"" OR ""environmental modification"") AND (""failed"" OR ""failure"" OR ""chance level"" OR ""no evidence"" OR ""did not"" OR ""unable"" OR ""not learn"" OR ""control group"")",pending,pending
42,Balaenoptera musculus,acdb_source_candidate,O7,outcome,no,"""Balaenoptera musculus"" AND (""cumulative culture"" OR ""open-ended"" OR ""open ended"" OR ""cultural evolution"" OR ""cumulative technological"" OR ""cumulative improvement"")",,"""Balaenoptera musculus"" AND (""cumulative culture"" OR ""open-ended"" OR ""open ended"" OR ""cultural evolution"" OR ""cumulative technological"" OR ""cumulative improvement"") AND (""failed"" OR ""failure"" OR ""chance level"" OR ""no evidence"" OR ""did not"" OR ""unable"" OR ""not learn"" OR ""control group"")",pending,pending
43,Desmodus rotundus,asnr_source_candidate,A,module,no,"""Desmodus rotundus"" AND (""problem solving"" OR innovation OR ""behavioral flexibility"" OR ""behavioural flexibility"" OR ""reversal learning"" OR detour OR planning OR ""means-end"" OR causal)",,"""Desmodus rotundus"" AND (""problem solving"" OR innovation OR ""behavioral flexibility"" OR ""behavioural flexibility"" OR ""reversal learning"" OR detour OR planning OR ""means-end"" OR causal) AND (""failed"" OR ""failure"" OR ""chance level"" OR ""no evidence"" OR ""did not"" OR ""unable"" OR ""not learn"" OR ""control group"")",pending,pending
43,Desmodus rotundus,asnr_source_candidate,B,module,no,"""Desmodus rotundus"" AND (""social learning"" OR imitation OR emulation OR teaching OR transmission OR tradition OR cultural)",,"""Desmodus rotundus"" AND (""social learning"" OR imitation OR emulation OR teaching OR transmission OR tradition OR cultural) AND (""failed"" OR ""failure"" OR ""chance level"" OR ""no evidence"" OR ""did not"" OR ""unable"" OR ""not learn"" OR ""control group"")",pending,pending
43,Desmodus rotundus,asnr_source_candidate,C,module,no,"""Desmodus rotundus"" AND (""vocal learning"" OR communication OR signalling OR signaling OR referential OR combinatorial OR compositional OR ""turn-taking"" OR audience)",,"""Desmodus rotundus"" AND (""vocal learning"" OR communication OR signalling OR signaling OR referential OR combinatorial OR compositional OR ""turn-taking"" OR audience) AND (""failed"" OR ""failure"" OR ""chance level"" OR ""no evidence"" OR ""did not"" OR ""unable"" OR ""not learn"" OR ""control group"")",pending,pending
43,Desmodus rotundus,asnr_source_candidate,D,module,no,"""Desmodus rotundus"" AND (""tool use"" OR ""tool manufacture"" OR manipulation OR manipulatory OR construction OR ""object modification"" OR transport)",,"""Desmodus rotundus"" AND (""tool use"" OR ""tool manufacture"" OR manipulation OR manipulatory OR construction OR ""object modification"" OR transport) AND (""failed"" OR ""failure"" OR ""chance level"" OR ""no evidence"" OR ""did not"" OR ""unable"" OR ""not learn"" OR ""control group"")",pending,pending
43,Desmodus rotundus,asnr_source_candidate,E,module,no,"""Desmodus rotundus"" AND (artifact OR artefact OR construction OR nest OR dam OR cache OR trail OR bower OR ""environmental modification"" OR externalization OR externalisation)",,"""Desmodus rotundus"" AND (artifact OR artefact OR construction OR nest OR dam OR cache OR trail OR bower OR ""environmental modification"" OR externalization OR externalisation) AND (""failed"" OR ""failure"" OR ""chance level"" OR ""no evidence"" OR ""did not"" OR ""unable"" OR ""not learn"" OR ""control group"")",pending,pending
43,Desmodus rotundus,asnr_source_candidate,F,module,no,"""Desmodus rotundus"" AND (cooperation OR cooperative OR ""social tolerance"" OR ""division of labor"" OR ""division of labour"" OR ""social network"" OR ""group decision"" OR ""fission-fusion"" OR alloparental)",,"""Desmodus rotundus"" AND (cooperation OR cooperative OR ""social tolerance"" OR ""division of labor"" OR ""division of labour"" OR ""social network"" OR ""group decision"" OR ""fission-fusion"" OR alloparental) AND (""failed"" OR ""failure"" OR ""chance level"" OR ""no evidence"" OR ""did not"" OR ""unable"" OR ""not learn"" OR ""control group"")",pending,pending
43,Desmodus rotundus,asnr_source_candidate,O1,outcome,no,"""Desmodus rotundus"" AND (innovation OR ""novel problem"" OR ""problem solving"" OR transfer OR detour OR planning OR ""means-end"" OR reversal)",,"""Desmodus rotundus"" AND (innovation OR ""novel problem"" OR ""problem solving"" OR transfer OR detour OR planning OR ""means-end"" OR reversal) AND (""failed"" OR ""failure"" OR ""chance level"" OR ""no evidence"" OR ""did not"" OR ""unable"" OR ""not learn"" OR ""control group"")",pending,pending
43,Desmodus rotundus,asnr_source_candidate,O2,outcome,no,"""Desmodus rotundus"" AND (tradition OR cultural OR culture OR ""socially transmitted"" OR ""social transmission"" OR dialect)",,"""Desmodus rotundus"" AND (tradition OR cultural OR culture OR ""socially transmitted"" OR ""social transmission"" OR dialect) AND (""failed"" OR ""failure"" OR ""chance level"" OR ""no evidence"" OR ""did not"" OR ""unable"" OR ""not learn"" OR ""control group"")",pending,pending
43,Desmodus rotundus,asnr_source_candidate,O3,outcome,no,"""Desmodus rotundus"" AND (""cumulative culture"" OR cumulative OR ""transmission chain"" OR ""successive improvement"" OR ""ratchet"" OR ""naive individuals"" OR ""independent innovation"")",,"""Desmodus rotundus"" AND (""cumulative culture"" OR cumulative OR ""transmission chain"" OR ""successive improvement"" OR ""ratchet"" OR ""naive individuals"" OR ""independent innovation"") AND (""failed"" OR ""failure"" OR ""chance level"" OR ""no evidence"" OR ""did not"" OR ""unable"" OR ""not learn"" OR ""control group"")",pending,pending
43,Desmodus rotundus,asnr_source_candidate,O4,outcome,no,"""Desmodus rotundus"" AND (""cultural repertoire"" OR ""behavioural repertoire"" OR ""behavioral repertoire"" OR ""cultural variants"" OR traditions)",,"""Desmodus rotundus"" AND (""cultural repertoire"" OR ""behavioural repertoire"" OR ""behavioral repertoire"" OR ""cultural variants"" OR traditions) AND (""failed"" OR ""failure"" OR ""chance level"" OR ""no evidence"" OR ""did not"" OR ""unable"" OR ""not learn"" OR ""control group"")",pending,pending
43,Desmodus rotundus,asnr_source_candidate,O5,outcome,no,"""Desmodus rotundus"" AND (recombination OR specialization OR specialisation OR ""division of labor"" OR ""division of labour"" OR ""distributed knowledge"" OR ""network memory"" OR ""cross-group"")",,"""Desmodus rotundus"" AND (recombination OR specialization OR specialisation OR ""division of labor"" OR ""division of labour"" OR ""distributed knowledge"" OR ""network memory"" OR ""cross-group"") AND (""failed"" OR ""failure"" OR ""chance level"" OR ""no evidence"" OR ""did not"" OR ""unable"" OR ""not learn"" OR ""control group"")",pending,pending
43,Desmodus rotundus,asnr_source_candidate,O6,outcome,no,"""Desmodus rotundus"" AND (artifact OR artefact OR construction OR cache OR trail OR nest OR dam OR bower OR ""persistent structure"" OR ""environmental modification"")",,"""Desmodus rotundus"" AND (artifact OR artefact OR construction OR cache OR trail OR nest OR dam OR bower OR ""persistent structure"" OR ""environmental modification"") AND (""failed"" OR ""failure"" OR ""chance level"" OR ""no evidence"" OR ""did not"" OR ""unable"" OR ""not learn"" OR ""control group"")",pending,pending
43,Desmodus rotundus,asnr_source_candidate,O7,outcome,no,"""Desmodus rotundus"" AND (""cumulative culture"" OR ""open-ended"" OR ""open ended"" OR ""cultural evolution"" OR ""cumulative technological"" OR ""cumulative improvement"")",,"""Desmodus rotundus"" AND (""cumulative culture"" OR ""open-ended"" OR ""open ended"" OR ""cultural evolution"" OR ""cumulative technological"" OR ""cumulative improvement"") AND (""failed"" OR ""failure"" OR ""chance level"" OR ""no evidence"" OR ""did not"" OR ""unable"" OR ""not learn"" OR ""control group"")",pending,pending
44,Gasterosteus aculeatus,asnr_source_candidate,A,module,no,"""Gasterosteus aculeatus"" AND (""problem solving"" OR innovation OR ""behavioral flexibility"" OR ""behavioural flexibility"" OR ""reversal learning"" OR detour OR planning OR ""means-end"" OR causal)",,"""Gasterosteus aculeatus"" AND (""problem solving"" OR innovation OR ""behavioral flexibility"" OR ""behavioural flexibility"" OR ""reversal learning"" OR detour OR planning OR ""means-end"" OR causal) AND (""failed"" OR ""failure"" OR ""chance level"" OR ""no evidence"" OR ""did not"" OR ""unable"" OR ""not learn"" OR ""control group"")",pending,pending
44,Gasterosteus aculeatus,asnr_source_candidate,B,module,no,"""Gasterosteus aculeatus"" AND (""social learning"" OR imitation OR emulation OR teaching OR transmission OR tradition OR cultural)",,"""Gasterosteus aculeatus"" AND (""social learning"" OR imitation OR emulation OR teaching OR transmission OR tradition OR cultural) AND (""failed"" OR ""failure"" OR ""chance level"" OR ""no evidence"" OR ""did not"" OR ""unable"" OR ""not learn"" OR ""control group"")",pending,pending
44,Gasterosteus aculeatus,asnr_source_candidate,C,module,no,"""Gasterosteus aculeatus"" AND (""vocal learning"" OR communication OR signalling OR signaling OR referential OR combinatorial OR compositional OR ""turn-taking"" OR audience)",,"""Gasterosteus aculeatus"" AND (""vocal learning"" OR communication OR signalling OR signaling OR referential OR combinatorial OR compositional OR ""turn-taking"" OR audience) AND (""failed"" OR ""failure"" OR ""chance level"" OR ""no evidence"" OR ""did not"" OR ""unable"" OR ""not learn"" OR ""control group"")",pending,pending
44,Gasterosteus aculeatus,asnr_source_candidate,D,module,no,"""Gasterosteus aculeatus"" AND (""tool use"" OR ""tool manufacture"" OR manipulation OR manipulatory OR construction OR ""object modification"" OR transport)",,"""Gasterosteus aculeatus"" AND (""tool use"" OR ""tool manufacture"" OR manipulation OR manipulatory OR construction OR ""object modification"" OR transport) AND (""failed"" OR ""failure"" OR ""chance level"" OR ""no evidence"" OR ""did not"" OR ""unable"" OR ""not learn"" OR ""control group"")",pending,pending
44,Gasterosteus aculeatus,asnr_source_candidate,E,module,no,"""Gasterosteus aculeatus"" AND (artifact OR artefact OR construction OR nest OR dam OR cache OR trail OR bower OR ""environmental modification"" OR externalization OR externalisation)",,"""Gasterosteus aculeatus"" AND (artifact OR artefact OR construction OR nest OR dam OR cache OR trail OR bower OR ""environmental modification"" OR externalization OR externalisation) AND (""failed"" OR ""failure"" OR ""chance level"" OR ""no evidence"" OR ""did not"" OR ""unable"" OR ""not learn"" OR ""control group"")",pending,pending
44,Gasterosteus aculeatus,asnr_source_candidate,F,module,no,"""Gasterosteus aculeatus"" AND (cooperation OR cooperative OR ""social tolerance"" OR ""division of labor"" OR ""division of labour"" OR ""social network"" OR ""group decision"" OR ""fission-fusion"" OR alloparental)",,"""Gasterosteus aculeatus"" AND (cooperation OR cooperative OR ""social tolerance"" OR ""division of labor"" OR ""division of labour"" OR ""social network"" OR ""group decision"" OR ""fission-fusion"" OR alloparental) AND (""failed"" OR ""failure"" OR ""chance level"" OR ""no evidence"" OR ""did not"" OR ""unable"" OR ""not learn"" OR ""control group"")",pending,pending
44,Gasterosteus aculeatus,asnr_source_candidate,O1,outcome,no,"""Gasterosteus aculeatus"" AND (innovation OR ""novel problem"" OR ""problem solving"" OR transfer OR detour OR planning OR ""means-end"" OR reversal)",,"""Gasterosteus aculeatus"" AND (innovation OR ""novel problem"" OR ""problem solving"" OR transfer OR detour OR planning OR ""means-end"" OR reversal) AND (""failed"" OR ""failure"" OR ""chance level"" OR ""no evidence"" OR ""did not"" OR ""unable"" OR ""not learn"" OR ""control group"")",pending,pending
44,Gasterosteus aculeatus,asnr_source_candidate,O2,outcome,no,"""Gasterosteus aculeatus"" AND (tradition OR cultural OR culture OR ""socially transmitted"" OR ""social transmission"" OR dialect)",,"""Gasterosteus aculeatus"" AND (tradition OR cultural OR culture OR ""socially transmitted"" OR ""social transmission"" OR dialect) AND (""failed"" OR ""failure"" OR ""chance level"" OR ""no evidence"" OR ""did not"" OR ""unable"" OR ""not learn"" OR ""control group"")",pending,pending
44,Gasterosteus aculeatus,asnr_source_candidate,O3,outcome,no,"""Gasterosteus aculeatus"" AND (""cumulative culture"" OR cumulative OR ""transmission chain"" OR ""successive improvement"" OR ""ratchet"" OR ""naive individuals"" OR ""independent innovation"")",,"""Gasterosteus aculeatus"" AND (""cumulative culture"" OR cumulative OR ""transmission chain"" OR ""successive improvement"" OR ""ratchet"" OR ""naive individuals"" OR ""independent innovation"") AND (""failed"" OR ""failure"" OR ""chance level"" OR ""no evidence"" OR ""did not"" OR ""unable"" OR ""not learn"" OR ""control group"")",pending,pending
44,Gasterosteus aculeatus,asnr_source_candidate,O4,outcome,no,"""Gasterosteus aculeatus"" AND (""cultural repertoire"" OR ""behavioural repertoire"" OR ""behavioral repertoire"" OR ""cultural variants"" OR traditions)",,"""Gasterosteus aculeatus"" AND (""cultural repertoire"" OR ""behavioural repertoire"" OR ""behavioral repertoire"" OR ""cultural variants"" OR traditions) AND (""failed"" OR ""failure"" OR ""chance level"" OR ""no evidence"" OR ""did not"" OR ""unable"" OR ""not learn"" OR ""control group"")",pending,pending
44,Gasterosteus aculeatus,asnr_source_candidate,O5,outcome,no,"""Gasterosteus aculeatus"" AND (recombination OR specialization OR specialisation OR ""division of labor"" OR ""division of labour"" OR ""distributed knowledge"" OR ""network memory"" OR ""cross-group"")",,"""Gasterosteus aculeatus"" AND (recombination OR specialization OR specialisation OR ""division of labor"" OR ""division of labour"" OR ""distributed knowledge"" OR ""network memory"" OR ""cross-group"") AND (""failed"" OR ""failure"" OR ""chance level"" OR ""no evidence"" OR ""did not"" OR ""unable"" OR ""not learn"" OR ""control group"")",pending,pending
44,Gasterosteus aculeatus,asnr_source_candidate,O6,outcome,no,"""Gasterosteus aculeatus"" AND (artifact OR artefact OR construction OR cache OR trail OR nest OR dam OR bower OR ""persistent structure"" OR ""environmental modification"")",,"""Gasterosteus aculeatus"" AND (artifact OR artefact OR construction OR cache OR trail OR nest OR dam OR bower OR ""persistent structure"" OR ""environmental modification"") AND (""failed"" OR ""failure"" OR ""chance level"" OR ""no evidence"" OR ""did not"" OR ""unable"" OR ""not learn"" OR ""control group"")",pending,pending
44,Gasterosteus aculeatus,asnr_source_candidate,O7,outcome,no,"""Gasterosteus aculeatus"" AND (""cumulative culture"" OR ""open-ended"" OR ""open ended"" OR ""cultural evolution"" OR ""cumulative technological"" OR ""cumulative improvement"")",,"""Gasterosteus aculeatus"" AND (""cumulative culture"" OR ""open-ended"" OR ""open ended"" OR ""cultural evolution"" OR ""cumulative technological"" OR ""cumulative improvement"") AND (""failed"" OR ""failure"" OR ""chance level"" OR ""no evidence"" OR ""did not"" OR ""unable"" OR ""not learn"" OR ""control group"")",pending,pending
45,Bison bison,asnr_source_candidate,A,module,no,"""Bison bison"" AND (""problem solving"" OR innovation OR ""behavioral flexibility"" OR ""behavioural flexibility"" OR ""reversal learning"" OR detour OR planning OR ""means-end"" OR causal)",,"""Bison bison"" AND (""problem solving"" OR innovation OR ""behavioral flexibility"" OR ""behavioural flexibility"" OR ""reversal learning"" OR detour OR planning OR ""means-end"" OR causal) AND (""failed"" OR ""failure"" OR ""chance level"" OR ""no evidence"" OR ""did not"" OR ""unable"" OR ""not learn"" OR ""control group"")",pending,pending
45,Bison bison,asnr_source_candidate,B,module,no,"""Bison bison"" AND (""social learning"" OR imitation OR emulation OR teaching OR transmission OR tradition OR cultural)",,"""Bison bison"" AND (""social learning"" OR imitation OR emulation OR teaching OR transmission OR tradition OR cultural) AND (""failed"" OR ""failure"" OR ""chance level"" OR ""no evidence"" OR ""did not"" OR ""unable"" OR ""not learn"" OR ""control group"")",pending,pending
45,Bison bison,asnr_source_candidate,C,module,no,"""Bison bison"" AND (""vocal learning"" OR communication OR signalling OR signaling OR referential OR combinatorial OR compositional OR ""turn-taking"" OR audience)",,"""Bison bison"" AND (""vocal learning"" OR communication OR signalling OR signaling OR referential OR combinatorial OR compositional OR ""turn-taking"" OR audience) AND (""failed"" OR ""failure"" OR ""chance level"" OR ""no evidence"" OR ""did not"" OR ""unable"" OR ""not learn"" OR ""control group"")",pending,pending
45,Bison bison,asnr_source_candidate,D,module,no,"""Bison bison"" AND (""tool use"" OR ""tool manufacture"" OR manipulation OR manipulatory OR construction OR ""object modification"" OR transport)",,"""Bison bison"" AND (""tool use"" OR ""tool manufacture"" OR manipulation OR manipulatory OR construction OR ""object modification"" OR transport) AND (""failed"" OR ""failure"" OR ""chance level"" OR ""no evidence"" OR ""did not"" OR ""unable"" OR ""not learn"" OR ""control group"")",pending,pending
45,Bison bison,asnr_source_candidate,E,module,no,"""Bison bison"" AND (artifact OR artefact OR construction OR nest OR dam OR cache OR trail OR bower OR ""environmental modification"" OR externalization OR externalisation)",,"""Bison bison"" AND (artifact OR artefact OR construction OR nest OR dam OR cache OR trail OR bower OR ""environmental modification"" OR externalization OR externalisation) AND (""failed"" OR ""failure"" OR ""chance level"" OR ""no evidence"" OR ""did not"" OR ""unable"" OR ""not learn"" OR ""control group"")",pending,pending
45,Bison bison,asnr_source_candidate,F,module,no,"""Bison bison"" AND (cooperation OR cooperative OR ""social tolerance"" OR ""division of labor"" OR ""division of labour"" OR ""social network"" OR ""group decision"" OR ""fission-fusion"" OR alloparental)",,"""Bison bison"" AND (cooperation OR cooperative OR ""social tolerance"" OR ""division of labor"" OR ""division of labour"" OR ""social network"" OR ""group decision"" OR ""fission-fusion"" OR alloparental) AND (""failed"" OR ""failure"" OR ""chance level"" OR ""no evidence"" OR ""did not"" OR ""unable"" OR ""not learn"" OR ""control group"")",pending,pending
45,Bison bison,asnr_source_candidate,O1,outcome,no,"""Bison bison"" AND (innovation OR ""novel problem"" OR ""problem solving"" OR transfer OR detour OR planning OR ""means-end"" OR reversal)",,"""Bison bison"" AND (innovation OR ""novel problem"" OR ""problem solving"" OR transfer OR detour OR planning OR ""means-end"" OR reversal) AND (""failed"" OR ""failure"" OR ""chance level"" OR ""no evidence"" OR ""did not"" OR ""unable"" OR ""not learn"" OR ""control group"")",pending,pending
45,Bison bison,asnr_source_candidate,O2,outcome,no,"""Bison bison"" AND (tradition OR cultural OR culture OR ""socially transmitted"" OR ""social transmission"" OR dialect)",,"""Bison bison"" AND (tradition OR cultural OR culture OR ""socially transmitted"" OR ""social transmission"" OR dialect) AND (""failed"" OR ""failure"" OR ""chance level"" OR ""no evidence"" OR ""did not"" OR ""unable"" OR ""not learn"" OR ""control group"")",pending,pending
45,Bison bison,asnr_source_candidate,O3,outcome,no,"""Bison bison"" AND (""cumulative culture"" OR cumulative OR ""transmission chain"" OR ""successive improvement"" OR ""ratchet"" OR ""naive individuals"" OR ""independent innovation"")",,"""Bison bison"" AND (""cumulative culture"" OR cumulative OR ""transmission chain"" OR ""successive improvement"" OR ""ratchet"" OR ""naive individuals"" OR ""independent innovation"") AND (""failed"" OR ""failure"" OR ""chance level"" OR ""no evidence"" OR ""did not"" OR ""unable"" OR ""not learn"" OR ""control group"")",pending,pending
45,Bison bison,asnr_source_candidate,O4,outcome,no,"""Bison bison"" AND (""cultural repertoire"" OR ""behavioural repertoire"" OR ""behavioral repertoire"" OR ""cultural variants"" OR traditions)",,"""Bison bison"" AND (""cultural repertoire"" OR ""behavioural repertoire"" OR ""behavioral repertoire"" OR ""cultural variants"" OR traditions) AND (""failed"" OR ""failure"" OR ""chance level"" OR ""no evidence"" OR ""did not"" OR ""unable"" OR ""not learn"" OR ""control group"")",pending,pending
45,Bison bison,asnr_source_candidate,O5,outcome,no,"""Bison bison"" AND (recombination OR specialization OR specialisation OR ""division of labor"" OR ""division of labour"" OR ""distributed knowledge"" OR ""network memory"" OR ""cross-group"")",,"""Bison bison"" AND (recombination OR specialization OR specialisation OR ""division of labor"" OR ""division of labour"" OR ""distributed knowledge"" OR ""network memory"" OR ""cross-group"") AND (""failed"" OR ""failure"" OR ""chance level"" OR ""no evidence"" OR ""did not"" OR ""unable"" OR ""not learn"" OR ""control group"")",pending,pending
45,Bison bison,asnr_source_candidate,O6,outcome,no,"""Bison bison"" AND (artifact OR artefact OR construction OR cache OR trail OR nest OR dam OR bower OR ""persistent structure"" OR ""environmental modification"")",,"""Bison bison"" AND (artifact OR artefact OR construction OR cache OR trail OR nest OR dam OR bower OR ""persistent structure"" OR ""environmental modification"") AND (""failed"" OR ""failure"" OR ""chance level"" OR ""no evidence"" OR ""did not"" OR ""unable"" OR ""not learn"" OR ""control group"")",pending,pending
45,Bison bison,asnr_source_candidate,O7,outcome,no,"""Bison bison"" AND (""cumulative culture"" OR ""open-ended"" OR ""open ended"" OR ""cultural evolution"" OR ""cumulative technological"" OR ""cumulative improvement"")",,"""Bison bison"" AND (""cumulative culture"" OR ""open-ended"" OR ""open ended"" OR ""cultural evolution"" OR ""cumulative technological"" OR ""cumulative improvement"") AND (""failed"" OR ""failure"" OR ""chance level"" OR ""no evidence"" OR ""did not"" OR ""unable"" OR ""not learn"" OR ""control group"")",pending,pending
46,Sarcophilus harrisii,asnr_source_candidate,A,module,no,"""Sarcophilus harrisii"" AND (""problem solving"" OR innovation OR ""behavioral flexibility"" OR ""behavioural flexibility"" OR ""reversal learning"" OR detour OR planning OR ""means-end"" OR causal)",,"""Sarcophilus harrisii"" AND (""problem solving"" OR innovation OR ""behavioral flexibility"" OR ""behavioural flexibility"" OR ""reversal learning"" OR detour OR planning OR ""means-end"" OR causal) AND (""failed"" OR ""failure"" OR ""chance level"" OR ""no evidence"" OR ""did not"" OR ""unable"" OR ""not learn"" OR ""control group"")",pending,pending
46,Sarcophilus harrisii,asnr_source_candidate,B,module,no,"""Sarcophilus harrisii"" AND (""social learning"" OR imitation OR emulation OR teaching OR transmission OR tradition OR cultural)",,"""Sarcophilus harrisii"" AND (""social learning"" OR imitation OR emulation OR teaching OR transmission OR tradition OR cultural) AND (""failed"" OR ""failure"" OR ""chance level"" OR ""no evidence"" OR ""did not"" OR ""unable"" OR ""not learn"" OR ""control group"")",pending,pending
46,Sarcophilus harrisii,asnr_source_candidate,C,module,no,"""Sarcophilus harrisii"" AND (""vocal learning"" OR communication OR signalling OR signaling OR referential OR combinatorial OR compositional OR ""turn-taking"" OR audience)",,"""Sarcophilus harrisii"" AND (""vocal learning"" OR communication OR signalling OR signaling OR referential OR combinatorial OR compositional OR ""turn-taking"" OR audience) AND (""failed"" OR ""failure"" OR ""chance level"" OR ""no evidence"" OR ""did not"" OR ""unable"" OR ""not learn"" OR ""control group"")",pending,pending
46,Sarcophilus harrisii,asnr_source_candidate,D,module,no,"""Sarcophilus harrisii"" AND (""tool use"" OR ""tool manufacture"" OR manipulation OR manipulatory OR construction OR ""object modification"" OR transport)",,"""Sarcophilus harrisii"" AND (""tool use"" OR ""tool manufacture"" OR manipulation OR manipulatory OR construction OR ""object modification"" OR transport) AND (""failed"" OR ""failure"" OR ""chance level"" OR ""no evidence"" OR ""did not"" OR ""unable"" OR ""not learn"" OR ""control group"")",pending,pending
46,Sarcophilus harrisii,asnr_source_candidate,E,module,no,"""Sarcophilus harrisii"" AND (artifact OR artefact OR construction OR nest OR dam OR cache OR trail OR bower OR ""environmental modification"" OR externalization OR externalisation)",,"""Sarcophilus harrisii"" AND (artifact OR artefact OR construction OR nest OR dam OR cache OR trail OR bower OR ""environmental modification"" OR externalization OR externalisation) AND (""failed"" OR ""failure"" OR ""chance level"" OR ""no evidence"" OR ""did not"" OR ""unable"" OR ""not learn"" OR ""control group"")",pending,pending
46,Sarcophilus harrisii,asnr_source_candidate,F,module,no,"""Sarcophilus harrisii"" AND (cooperation OR cooperative OR ""social tolerance"" OR ""division of labor"" OR ""division of labour"" OR ""social network"" OR ""group decision"" OR ""fission-fusion"" OR alloparental)",,"""Sarcophilus harrisii"" AND (cooperation OR cooperative OR ""social tolerance"" OR ""division of labor"" OR ""division of labour"" OR ""social network"" OR ""group decision"" OR ""fission-fusion"" OR alloparental) AND (""failed"" OR ""failure"" OR ""chance level"" OR ""no evidence"" OR ""did not"" OR ""unable"" OR ""not learn"" OR ""control group"")",pending,pending
46,Sarcophilus harrisii,asnr_source_candidate,O1,outcome,no,"""Sarcophilus harrisii"" AND (innovation OR ""novel problem"" OR ""problem solving"" OR transfer OR detour OR planning OR ""means-end"" OR reversal)",,"""Sarcophilus harrisii"" AND (innovation OR ""novel problem"" OR ""problem solving"" OR transfer OR detour OR planning OR ""means-end"" OR reversal) AND (""failed"" OR ""failure"" OR ""chance level"" OR ""no evidence"" OR ""did not"" OR ""unable"" OR ""not learn"" OR ""control group"")",pending,pending
46,Sarcophilus harrisii,asnr_source_candidate,O2,outcome,no,"""Sarcophilus harrisii"" AND (tradition OR cultural OR culture OR ""socially transmitted"" OR ""social transmission"" OR dialect)",,"""Sarcophilus harrisii"" AND (tradition OR cultural OR culture OR ""socially transmitted"" OR ""social transmission"" OR dialect) AND (""failed"" OR ""failure"" OR ""chance level"" OR ""no evidence"" OR ""did not"" OR ""unable"" OR ""not learn"" OR ""control group"")",pending,pending
46,Sarcophilus harrisii,asnr_source_candidate,O3,outcome,no,"""Sarcophilus harrisii"" AND (""cumulative culture"" OR cumulative OR ""transmission chain"" OR ""successive improvement"" OR ""ratchet"" OR ""naive individuals"" OR ""independent innovation"")",,"""Sarcophilus harrisii"" AND (""cumulative culture"" OR cumulative OR ""transmission chain"" OR ""successive improvement"" OR ""ratchet"" OR ""naive individuals"" OR ""independent innovation"") AND (""failed"" OR ""failure"" OR ""chance level"" OR ""no evidence"" OR ""did not"" OR ""unable"" OR ""not learn"" OR ""control group"")",pending,pending
46,Sarcophilus harrisii,asnr_source_candidate,O4,outcome,no,"""Sarcophilus harrisii"" AND (""cultural repertoire"" OR ""behavioural repertoire"" OR ""behavioral repertoire"" OR ""cultural variants"" OR traditions)",,"""Sarcophilus harrisii"" AND (""cultural repertoire"" OR ""behavioural repertoire"" OR ""behavioral repertoire"" OR ""cultural variants"" OR traditions) AND (""failed"" OR ""failure"" OR ""chance level"" OR ""no evidence"" OR ""did not"" OR ""unable"" OR ""not learn"" OR ""control group"")",pending,pending
46,Sarcophilus harrisii,asnr_source_candidate,O5,outcome,no,"""Sarcophilus harrisii"" AND (recombination OR specialization OR specialisation OR ""division of labor"" OR ""division of labour"" OR ""distributed knowledge"" OR ""network memory"" OR ""cross-group"")",,"""Sarcophilus harrisii"" AND (recombination OR specialization OR specialisation OR ""division of labor"" OR ""division of labour"" OR ""distributed knowledge"" OR ""network memory"" OR ""cross-group"") AND (""failed"" OR ""failure"" OR ""chance level"" OR ""no evidence"" OR ""did not"" OR ""unable"" OR ""not learn"" OR ""control group"")",pending,pending
46,Sarcophilus harrisii,asnr_source_candidate,O6,outcome,no,"""Sarcophilus harrisii"" AND (artifact OR artefact OR construction OR cache OR trail OR nest OR dam OR bower OR ""persistent structure"" OR ""environmental modification"")",,"""Sarcophilus harrisii"" AND (artifact OR artefact OR construction OR cache OR trail OR nest OR dam OR bower OR ""persistent structure"" OR ""environmental modification"") AND (""failed"" OR ""failure"" OR ""chance level"" OR ""no evidence"" OR ""did not"" OR ""unable"" OR ""not learn"" OR ""control group"")",pending,pending
46,Sarcophilus harrisii,asnr_source_candidate,O7,outcome,no,"""Sarcophilus harrisii"" AND (""cumulative culture"" OR ""open-ended"" OR ""open ended"" OR ""cultural evolution"" OR ""cumulative technological"" OR ""cumulative improvement"")",,"""Sarcophilus harrisii"" AND (""cumulative culture"" OR ""open-ended"" OR ""open ended"" OR ""cultural evolution"" OR ""cumulative technological"" OR ""cumulative improvement"") AND (""failed"" OR ""failure"" OR ""chance level"" OR ""no evidence"" OR ""did not"" OR ""unable"" OR ""not learn"" OR ""control group"")",pending,pending
47,Otospermophilus beecheyi,asnr_source_candidate,A,module,no,"""Otospermophilus beecheyi"" AND (""problem solving"" OR innovation OR ""behavioral flexibility"" OR ""behavioural flexibility"" OR ""reversal learning"" OR detour OR planning OR ""means-end"" OR causal)",,"""Otospermophilus beecheyi"" AND (""problem solving"" OR innovation OR ""behavioral flexibility"" OR ""behavioural flexibility"" OR ""reversal learning"" OR detour OR planning OR ""means-end"" OR causal) AND (""failed"" OR ""failure"" OR ""chance level"" OR ""no evidence"" OR ""did not"" OR ""unable"" OR ""not learn"" OR ""control group"")",pending,pending
47,Otospermophilus beecheyi,asnr_source_candidate,B,module,no,"""Otospermophilus beecheyi"" AND (""social learning"" OR imitation OR emulation OR teaching OR transmission OR tradition OR cultural)",,"""Otospermophilus beecheyi"" AND (""social learning"" OR imitation OR emulation OR teaching OR transmission OR tradition OR cultural) AND (""failed"" OR ""failure"" OR ""chance level"" OR ""no evidence"" OR ""did not"" OR ""unable"" OR ""not learn"" OR ""control group"")",pending,pending
47,Otospermophilus beecheyi,asnr_source_candidate,C,module,no,"""Otospermophilus beecheyi"" AND (""vocal learning"" OR communication OR signalling OR signaling OR referential OR combinatorial OR compositional OR ""turn-taking"" OR audience)",,"""Otospermophilus beecheyi"" AND (""vocal learning"" OR communication OR signalling OR signaling OR referential OR combinatorial OR compositional OR ""turn-taking"" OR audience) AND (""failed"" OR ""failure"" OR ""chance level"" OR ""no evidence"" OR ""did not"" OR ""unable"" OR ""not learn"" OR ""control group"")",pending,pending
47,Otospermophilus beecheyi,asnr_source_candidate,D,module,no,"""Otospermophilus beecheyi"" AND (""tool use"" OR ""tool manufacture"" OR manipulation OR manipulatory OR construction OR ""object modification"" OR transport)",,"""Otospermophilus beecheyi"" AND (""tool use"" OR ""tool manufacture"" OR manipulation OR manipulatory OR construction OR ""object modification"" OR transport) AND (""failed"" OR ""failure"" OR ""chance level"" OR ""no evidence"" OR ""did not"" OR ""unable"" OR ""not learn"" OR ""control group"")",pending,pending
47,Otospermophilus beecheyi,asnr_source_candidate,E,module,no,"""Otospermophilus beecheyi"" AND (artifact OR artefact OR construction OR nest OR dam OR cache OR trail OR bower OR ""environmental modification"" OR externalization OR externalisation)",,"""Otospermophilus beecheyi"" AND (artifact OR artefact OR construction OR nest OR dam OR cache OR trail OR bower OR ""environmental modification"" OR externalization OR externalisation) AND (""failed"" OR ""failure"" OR ""chance level"" OR ""no evidence"" OR ""did not"" OR ""unable"" OR ""not learn"" OR ""control group"")",pending,pending
47,Otospermophilus beecheyi,asnr_source_candidate,F,module,no,"""Otospermophilus beecheyi"" AND (cooperation OR cooperative OR ""social tolerance"" OR ""division of labor"" OR ""division of labour"" OR ""social network"" OR ""group decision"" OR ""fission-fusion"" OR alloparental)",,"""Otospermophilus beecheyi"" AND (cooperation OR cooperative OR ""social tolerance"" OR ""division of labor"" OR ""division of labour"" OR ""social network"" OR ""group decision"" OR ""fission-fusion"" OR alloparental) AND (""failed"" OR ""failure"" OR ""chance level"" OR ""no evidence"" OR ""did not"" OR ""unable"" OR ""not learn"" OR ""control group"")",pending,pending
47,Otospermophilus beecheyi,asnr_source_candidate,O1,outcome,no,"""Otospermophilus beecheyi"" AND (innovation OR ""novel problem"" OR ""problem solving"" OR transfer OR detour OR planning OR ""means-end"" OR reversal)",,"""Otospermophilus beecheyi"" AND (innovation OR ""novel problem"" OR ""problem solving"" OR transfer OR detour OR planning OR ""means-end"" OR reversal) AND (""failed"" OR ""failure"" OR ""chance level"" OR ""no evidence"" OR ""did not"" OR ""unable"" OR ""not learn"" OR ""control group"")",pending,pending
47,Otospermophilus beecheyi,asnr_source_candidate,O2,outcome,no,"""Otospermophilus beecheyi"" AND (tradition OR cultural OR culture OR ""socially transmitted"" OR ""social transmission"" OR dialect)",,"""Otospermophilus beecheyi"" AND (tradition OR cultural OR culture OR ""socially transmitted"" OR ""social transmission"" OR dialect) AND (""failed"" OR ""failure"" OR ""chance level"" OR ""no evidence"" OR ""did not"" OR ""unable"" OR ""not learn"" OR ""control group"")",pending,pending
47,Otospermophilus beecheyi,asnr_source_candidate,O3,outcome,no,"""Otospermophilus beecheyi"" AND (""cumulative culture"" OR cumulative OR ""transmission chain"" OR ""successive improvement"" OR ""ratchet"" OR ""naive individuals"" OR ""independent innovation"")",,"""Otospermophilus beecheyi"" AND (""cumulative culture"" OR cumulative OR ""transmission chain"" OR ""successive improvement"" OR ""ratchet"" OR ""naive individuals"" OR ""independent innovation"") AND (""failed"" OR ""failure"" OR ""chance level"" OR ""no evidence"" OR ""did not"" OR ""unable"" OR ""not learn"" OR ""control group"")",pending,pending
47,Otospermophilus beecheyi,asnr_source_candidate,O4,outcome,no,"""Otospermophilus beecheyi"" AND (""cultural repertoire"" OR ""behavioural repertoire"" OR ""behavioral repertoire"" OR ""cultural variants"" OR traditions)",,"""Otospermophilus beecheyi"" AND (""cultural repertoire"" OR ""behavioural repertoire"" OR ""behavioral repertoire"" OR ""cultural variants"" OR traditions) AND (""failed"" OR ""failure"" OR ""chance level"" OR ""no evidence"" OR ""did not"" OR ""unable"" OR ""not learn"" OR ""control group"")",pending,pending
47,Otospermophilus beecheyi,asnr_source_candidate,O5,outcome,no,"""Otospermophilus beecheyi"" AND (recombination OR specialization OR specialisation OR ""division of labor"" OR ""division of labour"" OR ""distributed knowledge"" OR ""network memory"" OR ""cross-group"")",,"""Otospermophilus beecheyi"" AND (recombination OR specialization OR specialisation OR ""division of labor"" OR ""division of labour"" OR ""distributed knowledge"" OR ""network memory"" OR ""cross-group"") AND (""failed"" OR ""failure"" OR ""chance level"" OR ""no evidence"" OR ""did not"" OR ""unable"" OR ""not learn"" OR ""control group"")",pending,pending
47,Otospermophilus beecheyi,asnr_source_candidate,O6,outcome,no,"""Otospermophilus beecheyi"" AND (artifact OR artefact OR construction OR cache OR trail OR nest OR dam OR bower OR ""persistent structure"" OR ""environmental modification"")",,"""Otospermophilus beecheyi"" AND (artifact OR artefact OR construction OR cache OR trail OR nest OR dam OR bower OR ""persistent structure"" OR ""environmental modification"") AND (""failed"" OR ""failure"" OR ""chance level"" OR ""no evidence"" OR ""did not"" OR ""unable"" OR ""not learn"" OR ""control group"")",pending,pending
47,Otospermophilus beecheyi,asnr_source_candidate,O7,outcome,no,"""Otospermophilus beecheyi"" AND (""cumulative culture"" OR ""open-ended"" OR ""open ended"" OR ""cultural evolution"" OR ""cumulative technological"" OR ""cumulative improvement"")",,"""Otospermophilus beecheyi"" AND (""cumulative culture"" OR ""open-ended"" OR ""open ended"" OR ""cultural evolution"" OR ""cumulative technological"" OR ""cumulative improvement"") AND (""failed"" OR ""failure"" OR ""chance level"" OR ""no evidence"" OR ""did not"" OR ""unable"" OR ""not learn"" OR ""control group"")",pending,pending
48,Eschrichtius robustus,acdb_source_candidate,A,module,no,"""Eschrichtius robustus"" AND (""problem solving"" OR innovation OR ""behavioral flexibility"" OR ""behavioural flexibility"" OR ""reversal learning"" OR detour OR planning OR ""means-end"" OR causal)",,"""Eschrichtius robustus"" AND (""problem solving"" OR innovation OR ""behavioral flexibility"" OR ""behavioural flexibility"" OR ""reversal learning"" OR detour OR planning OR ""means-end"" OR causal) AND (""failed"" OR ""failure"" OR ""chance level"" OR ""no evidence"" OR ""did not"" OR ""unable"" OR ""not learn"" OR ""control group"")",pending,pending
48,Eschrichtius robustus,acdb_source_candidate,B,module,no,"""Eschrichtius robustus"" AND (""social learning"" OR imitation OR emulation OR teaching OR transmission OR tradition OR cultural)",,"""Eschrichtius robustus"" AND (""social learning"" OR imitation OR emulation OR teaching OR transmission OR tradition OR cultural) AND (""failed"" OR ""failure"" OR ""chance level"" OR ""no evidence"" OR ""did not"" OR ""unable"" OR ""not learn"" OR ""control group"")",pending,pending
48,Eschrichtius robustus,acdb_source_candidate,C,module,no,"""Eschrichtius robustus"" AND (""vocal learning"" OR communication OR signalling OR signaling OR referential OR combinatorial OR compositional OR ""turn-taking"" OR audience)",,"""Eschrichtius robustus"" AND (""vocal learning"" OR communication OR signalling OR signaling OR referential OR combinatorial OR compositional OR ""turn-taking"" OR audience) AND (""failed"" OR ""failure"" OR ""chance level"" OR ""no evidence"" OR ""did not"" OR ""unable"" OR ""not learn"" OR ""control group"")",pending,pending
48,Eschrichtius robustus,acdb_source_candidate,D,module,no,"""Eschrichtius robustus"" AND (""tool use"" OR ""tool manufacture"" OR manipulation OR manipulatory OR construction OR ""object modification"" OR transport)",,"""Eschrichtius robustus"" AND (""tool use"" OR ""tool manufacture"" OR manipulation OR manipulatory OR construction OR ""object modification"" OR transport) AND (""failed"" OR ""failure"" OR ""chance level"" OR ""no evidence"" OR ""did not"" OR ""unable"" OR ""not learn"" OR ""control group"")",pending,pending
48,Eschrichtius robustus,acdb_source_candidate,E,module,no,"""Eschrichtius robustus"" AND (artifact OR artefact OR construction OR nest OR dam OR cache OR trail OR bower OR ""environmental modification"" OR externalization OR externalisation)",,"""Eschrichtius robustus"" AND (artifact OR artefact OR construction OR nest OR dam OR cache OR trail OR bower OR ""environmental modification"" OR externalization OR externalisation) AND (""failed"" OR ""failure"" OR ""chance level"" OR ""no evidence"" OR ""did not"" OR ""unable"" OR ""not learn"" OR ""control group"")",pending,pending
48,Eschrichtius robustus,acdb_source_candidate,F,module,no,"""Eschrichtius robustus"" AND (cooperation OR cooperative OR ""social tolerance"" OR ""division of labor"" OR ""division of labour"" OR ""social network"" OR ""group decision"" OR ""fission-fusion"" OR alloparental)",,"""Eschrichtius robustus"" AND (cooperation OR cooperative OR ""social tolerance"" OR ""division of labor"" OR ""division of labour"" OR ""social network"" OR ""group decision"" OR ""fission-fusion"" OR alloparental) AND (""failed"" OR ""failure"" OR ""chance level"" OR ""no evidence"" OR ""did not"" OR ""unable"" OR ""not learn"" OR ""control group"")",pending,pending
48,Eschrichtius robustus,acdb_source_candidate,O1,outcome,no,"""Eschrichtius robustus"" AND (innovation OR ""novel problem"" OR ""problem solving"" OR transfer OR detour OR planning OR ""means-end"" OR reversal)",,"""Eschrichtius robustus"" AND (innovation OR ""novel problem"" OR ""problem solving"" OR transfer OR detour OR planning OR ""means-end"" OR reversal) AND (""failed"" OR ""failure"" OR ""chance level"" OR ""no evidence"" OR ""did not"" OR ""unable"" OR ""not learn"" OR ""control group"")",pending,pending
48,Eschrichtius robustus,acdb_source_candidate,O2,outcome,no,"""Eschrichtius robustus"" AND (tradition OR cultural OR culture OR ""socially transmitted"" OR ""social transmission"" OR dialect)",,"""Eschrichtius robustus"" AND (tradition OR cultural OR culture OR ""socially transmitted"" OR ""social transmission"" OR dialect) AND (""failed"" OR ""failure"" OR ""chance level"" OR ""no evidence"" OR ""did not"" OR ""unable"" OR ""not learn"" OR ""control group"")",pending,pending
48,Eschrichtius robustus,acdb_source_candidate,O3,outcome,no,"""Eschrichtius robustus"" AND (""cumulative culture"" OR cumulative OR ""transmission chain"" OR ""successive improvement"" OR ""ratchet"" OR ""naive individuals"" OR ""independent innovation"")",,"""Eschrichtius robustus"" AND (""cumulative culture"" OR cumulative OR ""transmission chain"" OR ""successive improvement"" OR ""ratchet"" OR ""naive individuals"" OR ""independent innovation"") AND (""failed"" OR ""failure"" OR ""chance level"" OR ""no evidence"" OR ""did not"" OR ""unable"" OR ""not learn"" OR ""control group"")",pending,pending
48,Eschrichtius robustus,acdb_source_candidate,O4,outcome,no,"""Eschrichtius robustus"" AND (""cultural repertoire"" OR ""behavioural repertoire"" OR ""behavioral repertoire"" OR ""cultural variants"" OR traditions)",,"""Eschrichtius robustus"" AND (""cultural repertoire"" OR ""behavioural repertoire"" OR ""behavioral repertoire"" OR ""cultural variants"" OR traditions) AND (""failed"" OR ""failure"" OR ""chance level"" OR ""no evidence"" OR ""did not"" OR ""unable"" OR ""not learn"" OR ""control group"")",pending,pending
48,Eschrichtius robustus,acdb_source_candidate,O5,outcome,no,"""Eschrichtius robustus"" AND (recombination OR specialization OR specialisation OR ""division of labor"" OR ""division of labour"" OR ""distributed knowledge"" OR ""network memory"" OR ""cross-group"")",,"""Eschrichtius robustus"" AND (recombination OR specialization OR specialisation OR ""division of labor"" OR ""division of labour"" OR ""distributed knowledge"" OR ""network memory"" OR ""cross-group"") AND (""failed"" OR ""failure"" OR ""chance level"" OR ""no evidence"" OR ""did not"" OR ""unable"" OR ""not learn"" OR ""control group"")",pending,pending
48,Eschrichtius robustus,acdb_source_candidate,O6,outcome,no,"""Eschrichtius robustus"" AND (artifact OR artefact OR construction OR cache OR trail OR nest OR dam OR bower OR ""persistent structure"" OR ""environmental modification"")",,"""Eschrichtius robustus"" AND (artifact OR artefact OR construction OR cache OR trail OR nest OR dam OR bower OR ""persistent structure"" OR ""environmental modification"") AND (""failed"" OR ""failure"" OR ""chance level"" OR ""no evidence"" OR ""did not"" OR ""unable"" OR ""not learn"" OR ""control group"")",pending,pending
48,Eschrichtius robustus,acdb_source_candidate,O7,outcome,no,"""Eschrichtius robustus"" AND (""cumulative culture"" OR ""open-ended"" OR ""open ended"" OR ""cultural evolution"" OR ""cumulative technological"" OR ""cumulative improvement"")",,"""Eschrichtius robustus"" AND (""cumulative culture"" OR ""open-ended"" OR ""open ended"" OR ""cultural evolution"" OR ""cumulative technological"" OR ""cumulative improvement"") AND (""failed"" OR ""failure"" OR ""chance level"" OR ""no evidence"" OR ""did not"" OR ""unable"" OR ""not learn"" OR ""control group"")",pending,pending
49,Eubalaena australis,acdb_source_candidate,A,module,no,"""Eubalaena australis"" AND (""problem solving"" OR innovation OR ""behavioral flexibility"" OR ""behavioural flexibility"" OR ""reversal learning"" OR detour OR planning OR ""means-end"" OR causal)",,"""Eubalaena australis"" AND (""problem solving"" OR innovation OR ""behavioral flexibility"" OR ""behavioural flexibility"" OR ""reversal learning"" OR detour OR planning OR ""means-end"" OR causal) AND (""failed"" OR ""failure"" OR ""chance level"" OR ""no evidence"" OR ""did not"" OR ""unable"" OR ""not learn"" OR ""control group"")",pending,pending
49,Eubalaena australis,acdb_source_candidate,B,module,no,"""Eubalaena australis"" AND (""social learning"" OR imitation OR emulation OR teaching OR transmission OR tradition OR cultural)",,"""Eubalaena australis"" AND (""social learning"" OR imitation OR emulation OR teaching OR transmission OR tradition OR cultural) AND (""failed"" OR ""failure"" OR ""chance level"" OR ""no evidence"" OR ""did not"" OR ""unable"" OR ""not learn"" OR ""control group"")",pending,pending
49,Eubalaena australis,acdb_source_candidate,C,module,no,"""Eubalaena australis"" AND (""vocal learning"" OR communication OR signalling OR signaling OR referential OR combinatorial OR compositional OR ""turn-taking"" OR audience)",,"""Eubalaena australis"" AND (""vocal learning"" OR communication OR signalling OR signaling OR referential OR combinatorial OR compositional OR ""turn-taking"" OR audience) AND (""failed"" OR ""failure"" OR ""chance level"" OR ""no evidence"" OR ""did not"" OR ""unable"" OR ""not learn"" OR ""control group"")",pending,pending
49,Eubalaena australis,acdb_source_candidate,D,module,no,"""Eubalaena australis"" AND (""tool use"" OR ""tool manufacture"" OR manipulation OR manipulatory OR construction OR ""object modification"" OR transport)",,"""Eubalaena australis"" AND (""tool use"" OR ""tool manufacture"" OR manipulation OR manipulatory OR construction OR ""object modification"" OR transport) AND (""failed"" OR ""failure"" OR ""chance level"" OR ""no evidence"" OR ""did not"" OR ""unable"" OR ""not learn"" OR ""control group"")",pending,pending
49,Eubalaena australis,acdb_source_candidate,E,module,no,"""Eubalaena australis"" AND (artifact OR artefact OR construction OR nest OR dam OR cache OR trail OR bower OR ""environmental modification"" OR externalization OR externalisation)",,"""Eubalaena australis"" AND (artifact OR artefact OR construction OR nest OR dam OR cache OR trail OR bower OR ""environmental modification"" OR externalization OR externalisation) AND (""failed"" OR ""failure"" OR ""chance level"" OR ""no evidence"" OR ""did not"" OR ""unable"" OR ""not learn"" OR ""control group"")",pending,pending
49,Eubalaena australis,acdb_source_candidate,F,module,no,"""Eubalaena australis"" AND (cooperation OR cooperative OR ""social tolerance"" OR ""division of labor"" OR ""division of labour"" OR ""social network"" OR ""group decision"" OR ""fission-fusion"" OR alloparental)",,"""Eubalaena australis"" AND (cooperation OR cooperative OR ""social tolerance"" OR ""division of labor"" OR ""division of labour"" OR ""social network"" OR ""group decision"" OR ""fission-fusion"" OR alloparental) AND (""failed"" OR ""failure"" OR ""chance level"" OR ""no evidence"" OR ""did not"" OR ""unable"" OR ""not learn"" OR ""control group"")",pending,pending
49,Eubalaena australis,acdb_source_candidate,O1,outcome,no,"""Eubalaena australis"" AND (innovation OR ""novel problem"" OR ""problem solving"" OR transfer OR detour OR planning OR ""means-end"" OR reversal)",,"""Eubalaena australis"" AND (innovation OR ""novel problem"" OR ""problem solving"" OR transfer OR detour OR planning OR ""means-end"" OR reversal) AND (""failed"" OR ""failure"" OR ""chance level"" OR ""no evidence"" OR ""did not"" OR ""unable"" OR ""not learn"" OR ""control group"")",pending,pending
49,Eubalaena australis,acdb_source_candidate,O2,outcome,no,"""Eubalaena australis"" AND (tradition OR cultural OR culture OR ""socially transmitted"" OR ""social transmission"" OR dialect)",,"""Eubalaena australis"" AND (tradition OR cultural OR culture OR ""socially transmitted"" OR ""social transmission"" OR dialect) AND (""failed"" OR ""failure"" OR ""chance level"" OR ""no evidence"" OR ""did not"" OR ""unable"" OR ""not learn"" OR ""control group"")",pending,pending
49,Eubalaena australis,acdb_source_candidate,O3,outcome,no,"""Eubalaena australis"" AND (""cumulative culture"" OR cumulative OR ""transmission chain"" OR ""successive improvement"" OR ""ratchet"" OR ""naive individuals"" OR ""independent innovation"")",,"""Eubalaena australis"" AND (""cumulative culture"" OR cumulative OR ""transmission chain"" OR ""successive improvement"" OR ""ratchet"" OR ""naive individuals"" OR ""independent innovation"") AND (""failed"" OR ""failure"" OR ""chance level"" OR ""no evidence"" OR ""did not"" OR ""unable"" OR ""not learn"" OR ""control group"")",pending,pending
49,Eubalaena australis,acdb_source_candidate,O4,outcome,no,"""Eubalaena australis"" AND (""cultural repertoire"" OR ""behavioural repertoire"" OR ""behavioral repertoire"" OR ""cultural variants"" OR traditions)",,"""Eubalaena australis"" AND (""cultural repertoire"" OR ""behavioural repertoire"" OR ""behavioral repertoire"" OR ""cultural variants"" OR traditions) AND (""failed"" OR ""failure"" OR ""chance level"" OR ""no evidence"" OR ""did not"" OR ""unable"" OR ""not learn"" OR ""control group"")",pending,pending
49,Eubalaena australis,acdb_source_candidate,O5,outcome,no,"""Eubalaena australis"" AND (recombination OR specialization OR specialisation OR ""division of labor"" OR ""division of labour"" OR ""distributed knowledge"" OR ""network memory"" OR ""cross-group"")",,"""Eubalaena australis"" AND (recombination OR specialization OR specialisation OR ""division of labor"" OR ""division of labour"" OR ""distributed knowledge"" OR ""network memory"" OR ""cross-group"") AND (""failed"" OR ""failure"" OR ""chance level"" OR ""no evidence"" OR ""did not"" OR ""unable"" OR ""not learn"" OR ""control group"")",pending,pending
49,Eubalaena australis,acdb_source_candidate,O6,outcome,no,"""Eubalaena australis"" AND (artifact OR artefact OR construction OR cache OR trail OR nest OR dam OR bower OR ""persistent structure"" OR ""environmental modification"")",,"""Eubalaena australis"" AND (artifact OR artefact OR construction OR cache OR trail OR nest OR dam OR bower OR ""persistent structure"" OR ""environmental modification"") AND (""failed"" OR ""failure"" OR ""chance level"" OR ""no evidence"" OR ""did not"" OR ""unable"" OR ""not learn"" OR ""control group"")",pending,pending
49,Eubalaena australis,acdb_source_candidate,O7,outcome,no,"""Eubalaena australis"" AND (""cumulative culture"" OR ""open-ended"" OR ""open ended"" OR ""cultural evolution"" OR ""cumulative technological"" OR ""cumulative improvement"")",,"""Eubalaena australis"" AND (""cumulative culture"" OR ""open-ended"" OR ""open ended"" OR ""cultural evolution"" OR ""cumulative technological"" OR ""cumulative improvement"") AND (""failed"" OR ""failure"" OR ""chance level"" OR ""no evidence"" OR ""did not"" OR ""unable"" OR ""not learn"" OR ""control group"")",pending,pending
50,Crocuta crocuta,asnr_source_candidate,A,module,no,"""Crocuta crocuta"" AND (""problem solving"" OR innovation OR ""behavioral flexibility"" OR ""behavioural flexibility"" OR ""reversal learning"" OR detour OR planning OR ""means-end"" OR causal)",,"""Crocuta crocuta"" AND (""problem solving"" OR innovation OR ""behavioral flexibility"" OR ""behavioural flexibility"" OR ""reversal learning"" OR detour OR planning OR ""means-end"" OR causal) AND (""failed"" OR ""failure"" OR ""chance level"" OR ""no evidence"" OR ""did not"" OR ""unable"" OR ""not learn"" OR ""control group"")",pending,pending
50,Crocuta crocuta,asnr_source_candidate,B,module,no,"""Crocuta crocuta"" AND (""social learning"" OR imitation OR emulation OR teaching OR transmission OR tradition OR cultural)",,"""Crocuta crocuta"" AND (""social learning"" OR imitation OR emulation OR teaching OR transmission OR tradition OR cultural) AND (""failed"" OR ""failure"" OR ""chance level"" OR ""no evidence"" OR ""did not"" OR ""unable"" OR ""not learn"" OR ""control group"")",pending,pending
50,Crocuta crocuta,asnr_source_candidate,C,module,no,"""Crocuta crocuta"" AND (""vocal learning"" OR communication OR signalling OR signaling OR referential OR combinatorial OR compositional OR ""turn-taking"" OR audience)",,"""Crocuta crocuta"" AND (""vocal learning"" OR communication OR signalling OR signaling OR referential OR combinatorial OR compositional OR ""turn-taking"" OR audience) AND (""failed"" OR ""failure"" OR ""chance level"" OR ""no evidence"" OR ""did not"" OR ""unable"" OR ""not learn"" OR ""control group"")",pending,pending
50,Crocuta crocuta,asnr_source_candidate,D,module,no,"""Crocuta crocuta"" AND (""tool use"" OR ""tool manufacture"" OR manipulation OR manipulatory OR construction OR ""object modification"" OR transport)",,"""Crocuta crocuta"" AND (""tool use"" OR ""tool manufacture"" OR manipulation OR manipulatory OR construction OR ""object modification"" OR transport) AND (""failed"" OR ""failure"" OR ""chance level"" OR ""no evidence"" OR ""did not"" OR ""unable"" OR ""not learn"" OR ""control group"")",pending,pending
50,Crocuta crocuta,asnr_source_candidate,E,module,no,"""Crocuta crocuta"" AND (artifact OR artefact OR construction OR nest OR dam OR cache OR trail OR bower OR ""environmental modification"" OR externalization OR externalisation)",,"""Crocuta crocuta"" AND (artifact OR artefact OR construction OR nest OR dam OR cache OR trail OR bower OR ""environmental modification"" OR externalization OR externalisation) AND (""failed"" OR ""failure"" OR ""chance level"" OR ""no evidence"" OR ""did not"" OR ""unable"" OR ""not learn"" OR ""control group"")",pending,pending
50,Crocuta crocuta,asnr_source_candidate,F,module,no,"""Crocuta crocuta"" AND (cooperation OR cooperative OR ""social tolerance"" OR ""division of labor"" OR ""division of labour"" OR ""social network"" OR ""group decision"" OR ""fission-fusion"" OR alloparental)",,"""Crocuta crocuta"" AND (cooperation OR cooperative OR ""social tolerance"" OR ""division of labor"" OR ""division of labour"" OR ""social network"" OR ""group decision"" OR ""fission-fusion"" OR alloparental) AND (""failed"" OR ""failure"" OR ""chance level"" OR ""no evidence"" OR ""did not"" OR ""unable"" OR ""not learn"" OR ""control group"")",pending,pending
50,Crocuta crocuta,asnr_source_candidate,O1,outcome,no,"""Crocuta crocuta"" AND (innovation OR ""novel problem"" OR ""problem solving"" OR transfer OR detour OR planning OR ""means-end"" OR reversal)",,"""Crocuta crocuta"" AND (innovation OR ""novel problem"" OR ""problem solving"" OR transfer OR detour OR planning OR ""means-end"" OR reversal) AND (""failed"" OR ""failure"" OR ""chance level"" OR ""no evidence"" OR ""did not"" OR ""unable"" OR ""not learn"" OR ""control group"")",pending,pending
50,Crocuta crocuta,asnr_source_candidate,O2,outcome,no,"""Crocuta crocuta"" AND (tradition OR cultural OR culture OR ""socially transmitted"" OR ""social transmission"" OR dialect)",,"""Crocuta crocuta"" AND (tradition OR cultural OR culture OR ""socially transmitted"" OR ""social transmission"" OR dialect) AND (""failed"" OR ""failure"" OR ""chance level"" OR ""no evidence"" OR ""did not"" OR ""unable"" OR ""not learn"" OR ""control group"")",pending,pending
50,Crocuta crocuta,asnr_source_candidate,O3,outcome,no,"""Crocuta crocuta"" AND (""cumulative culture"" OR cumulative OR ""transmission chain"" OR ""successive improvement"" OR ""ratchet"" OR ""naive individuals"" OR ""independent innovation"")",,"""Crocuta crocuta"" AND (""cumulative culture"" OR cumulative OR ""transmission chain"" OR ""successive improvement"" OR ""ratchet"" OR ""naive individuals"" OR ""independent innovation"") AND (""failed"" OR ""failure"" OR ""chance level"" OR ""no evidence"" OR ""did not"" OR ""unable"" OR ""not learn"" OR ""control group"")",pending,pending
50,Crocuta crocuta,asnr_source_candidate,O4,outcome,no,"""Crocuta crocuta"" AND (""cultural repertoire"" OR ""behavioural repertoire"" OR ""behavioral repertoire"" OR ""cultural variants"" OR traditions)",,"""Crocuta crocuta"" AND (""cultural repertoire"" OR ""behavioural repertoire"" OR ""behavioral repertoire"" OR ""cultural variants"" OR traditions) AND (""failed"" OR ""failure"" OR ""chance level"" OR ""no evidence"" OR ""did not"" OR ""unable"" OR ""not learn"" OR ""control group"")",pending,pending
50,Crocuta crocuta,asnr_source_candidate,O5,outcome,no,"""Crocuta crocuta"" AND (recombination OR specialization OR specialisation OR ""division of labor"" OR ""division of labour"" OR ""distributed knowledge"" OR ""network memory"" OR ""cross-group"")",,"""Crocuta crocuta"" AND (recombination OR specialization OR specialisation OR ""division of labor"" OR ""division of labour"" OR ""distributed knowledge"" OR ""network memory"" OR ""cross-group"") AND (""failed"" OR ""failure"" OR ""chance level"" OR ""no evidence"" OR ""did not"" OR ""unable"" OR ""not learn"" OR ""control group"")",pending,pending
50,Crocuta crocuta,asnr_source_candidate,O6,outcome,no,"""Crocuta crocuta"" AND (artifact OR artefact OR construction OR cache OR trail OR nest OR dam OR bower OR ""persistent structure"" OR ""environmental modification"")",,"""Crocuta crocuta"" AND (artifact OR artefact OR construction OR cache OR trail OR nest OR dam OR bower OR ""persistent structure"" OR ""environmental modification"") AND (""failed"" OR ""failure"" OR ""chance level"" OR ""no evidence"" OR ""did not"" OR ""unable"" OR ""not learn"" OR ""control group"")",pending,pending
50,Crocuta crocuta,asnr_source_candidate,O7,outcome,no,"""Crocuta crocuta"" AND (""cumulative culture"" OR ""open-ended"" OR ""open ended"" OR ""cultural evolution"" OR ""cumulative technological"" OR ""cumulative improvement"")",,"""Crocuta crocuta"" AND (""cumulative culture"" OR ""open-ended"" OR ""open ended"" OR ""cultural evolution"" OR ""cumulative technological"" OR ""cumulative improvement"") AND (""failed"" OR ""failure"" OR ""chance level"" OR ""no evidence"" OR ""did not"" OR ""unable"" OR ""not learn"" OR ""control group"")",pending,pending
