Timepoint,Environment,PCD,Species,Statistics,Sex,Reference
Female Body growth rate (Peak) (sex selective),Captive Laboratory,147.6,Felis,2,Female,"Cave NJ, Bridges JP, Weidgraaf K, Thomas DG. Nonlinear mixed models of growth curves from domestic shorthair cats in a breeding colony, housed in a seasonal facility to predict obesity. Journal of animal physiology and animal nutrition. 2018 Oct;102(5):1390-400."
Female Body growth rate (Peak) (sex selective),Captive Laboratory,140,Felis,2,Female,"Opsomer H, Liesegang A, Brugger D, Wichert B. Growth curves and body condition of young cats and their relation to maternal body condition. Animals. 2022 May 27;12(11):1373."
Female Body weight reaches 100% of stable value (sex selective),Captive client,750.671,Felis,2,Female,Auburn veterinary clinic
Female Body weight reaches 100% of stable value (sex selective),Captive Laboratory,470.15,Felis,2,Female,"Cave NJ, Bridges JP, Weidgraaf K, Thomas DG. Nonlinear mixed models of growth curves from domestic shorthair cats in a breeding colony, housed in a seasonal facility to predict obesity. Journal of animal physiology and animal nutrition. 2018 Oct;102(5):1390-400."
Female Body weight reaches 100% of stable value (sex selective),Captive Laboratory,354.8,Felis,2,Female,"NAKAI N, NAWA K, MAEKAWA M, NAGASAWA H. Age-related changes in hematological and serum biochemical values in cats. Experimental Animals. 1992 Jul 1;41(3):287-94."
Female Body weight reaches 100% of stable value (sex selective),Captive client,261.49,Felis,2,Female,Olovson SG. Diet and breeding performance in cats. Laboratory animals. 1986 Jul 1;20(3):221-30.
Female Body weight reaches 50% of stable value (sex selective),Captive client,164.711,Felis,2,Female,Auburn veterinary clinic
Female Body weight reaches 50% of stable value (sex selective),Captive Laboratory,229.25,Felis,2,Female,"Cave NJ, Bridges JP, Weidgraaf K, Thomas DG. Nonlinear mixed models of growth curves from domestic shorthair cats in a breeding colony, housed in a seasonal facility to predict obesity. Journal of animal physiology and animal nutrition. 2018 Oct;102(5):1390-400."
Female Body weight reaches 50% of stable value (sex selective),Captive Laboratory,219.8,Felis,2,Female,"NAKAI N, NAWA K, MAEKAWA M, NAGASAWA H. Age-related changes in hematological and serum biochemical values in cats. Experimental Animals. 1992 Jul 1;41(3):287-94."
Female Body weight reaches 50% of stable value (sex selective),Captive client,161.11,Felis,2,Female,Olovson SG. Diet and breeding performance in cats. Laboratory animals. 1986 Jul 1;20(3):221-30.
Female Body weight reaches 60% of stable value (sex selective),Captive client,281.903,Felis,2,Female,Auburn veterinary clinic
Female Body weight reaches 60% of stable value (sex selective),Captive Laboratory,276.7,Felis,2,Female,"Cave NJ, Bridges JP, Weidgraaf K, Thomas DG. Nonlinear mixed models of growth curves from domestic shorthair cats in a breeding colony, housed in a seasonal facility to predict obesity. Journal of animal physiology and animal nutrition. 2018 Oct;102(5):1390-400."
Female Body weight reaches 60% of stable value (sex selective),Captive Laboratory,186.2,Felis,2,Female,"NAKAI N, NAWA K, MAEKAWA M, NAGASAWA H. Age-related changes in hematological and serum biochemical values in cats. Experimental Animals. 1992 Jul 1;41(3):287-94."
Female Body weight reaches 60% of stable value (sex selective),Captive client,181.13,Felis,2,Female,Olovson SG. Diet and breeding performance in cats. Laboratory animals. 1986 Jul 1;20(3):221-30.
Female Body weight reaches 70% of stable value (sex selective),Captive client,399.095,Felis,2,Female,Auburn veterinary clinic
Female Body weight reaches 70% of stable value (sex selective),Captive Laboratory,324.15,Felis,2,Female,"Cave NJ, Bridges JP, Weidgraaf K, Thomas DG. Nonlinear mixed models of growth curves from domestic shorthair cats in a breeding colony, housed in a seasonal facility to predict obesity. Journal of animal physiology and animal nutrition. 2018 Oct;102(5):1390-400."
Female Body weight reaches 70% of stable value (sex selective),Captive Laboratory,253.7,Felis,2,Female,"NAKAI N, NAWA K, MAEKAWA M, NAGASAWA H. Age-related changes in hematological and serum biochemical values in cats. Experimental Animals. 1992 Jul 1;41(3):287-94."
Female Body weight reaches 70% of stable value (sex selective),Captive client,201.22,Felis,2,Female,Olovson SG. Diet and breeding performance in cats. Laboratory animals. 1986 Jul 1;20(3):221-30.
Female Body weight reaches 80% of stable value (sex selective),Captive client,516.287,Felis,2,Female,Auburn veterinary clinic
Female Body weight reaches 80% of stable value (sex selective),Captive Laboratory,371.6,Felis,2,Female,"Cave NJ, Bridges JP, Weidgraaf K, Thomas DG. Nonlinear mixed models of growth curves from domestic shorthair cats in a breeding colony, housed in a seasonal facility to predict obesity. Journal of animal physiology and animal nutrition. 2018 Oct;102(5):1390-400."
Female Body weight reaches 80% of stable value (sex selective),Captive Laboratory,287.3,Felis,2,Female,"NAKAI N, NAWA K, MAEKAWA M, NAGASAWA H. Age-related changes in hematological and serum biochemical values in cats. Experimental Animals. 1992 Jul 1;41(3):287-94."
Female Body weight reaches 80% of stable value (sex selective),Captive client,221.31,Felis,2,Female,Olovson SG. Diet and breeding performance in cats. Laboratory animals. 1986 Jul 1;20(3):221-30.
Female Body weight reaches 90% of stable value (sex selective),Captive client,633.479,Felis,2,Female,Auburn veterinary clinic
Female Body weight reaches 90% of stable value (sex selective),Captive Laboratory,422.7,Felis,2,Female,"Cave NJ, Bridges JP, Weidgraaf K, Thomas DG. Nonlinear mixed models of growth curves from domestic shorthair cats in a breeding colony, housed in a seasonal facility to predict obesity. Journal of animal physiology and animal nutrition. 2018 Oct;102(5):1390-400."
Female Body weight reaches 90% of stable value (sex selective),Captive Laboratory,321.2,Felis,2,Female,"NAKAI N, NAWA K, MAEKAWA M, NAGASAWA H. Age-related changes in hematological and serum biochemical values in cats. Experimental Animals. 1992 Jul 1;41(3):287-94."
Female Body weight reaches 90% of stable value (sex selective),Captive client,241.4,Felis,2,Female,Olovson SG. Diet and breeding performance in cats. Laboratory animals. 1986 Jul 1;20(3):221-30.
Female First reproduction (sex selective),Captive,359,Felis,2,Female,"Mellen JD. Reproductive behavior of small captive exotic cats (Felis spp.). University of California, Davis; 1989."
Weaning,Captive client,115,Felis,2,Male+Female,"Ng TT, Fascetti AJ, Larsen JA. Reproduction of domestic cats in laboratories, catteries, and feral colonies: A Review. Topics in companion animal medicine. 2023 Jul 1;55:100780."
Female Sexual maturity is reached (sex selective),Captive,335,Felis,2,Female,Johnson AK. Normal feline reproduction: The queen. J Feline Med Surg. 2022 Mar;24(3):204-211. doi: 10.1177/1098612X221079706. PMID: 35209768.;  https://journals.sagepub.com/doi/pdf/10.1177/1098612X221079706
Female Sexual maturity is reached (sex selective),Captive,354,Felis,2,Female,"https://genomics.senescence.info/species/dataset.zip; AnAge Build 15; de Magalhaes, J. P., Abidi, Z., Dos Santos, G. A., Avelar, R. A., Barardo, D., Chatsirisupachai, K., Clark, P., De-Souza, E. A., Johnson, E. J., Lopes, I., Novoa, G., Senez, L., Talay, A., Thornton, D., & To, P. K. P. (2024). Human Ageing Genomic Resources: updates on key databases in ageing research. Nucleic Acids Res, 52(D1), D900-D908."
Female Sexual maturity is reached (sex selective),Captive client,404,Felis,2,Female,"Jemmett JE, Evans JM. A survey of sexual behaviour and reproduction ofFemale cats. Journal of Small Animal Practice. 1977 Jan;18(1):31-7."
Female Sexual maturity is reached (sex selective),Captive client,404,Felis,2,Female,"Jemmett JE, Evans JM. A survey of sexual behaviour and reproduction ofFemale cats. Journal of Small Animal Practice. 1977 Jan;18(1):31-7."
Female Sexual maturity is reached (sex selective),Captive client,296,Felis,2,Female,"Jemmett JE, Evans JM. A survey of sexual behaviour and reproduction ofFemale cats. Journal of Small Animal Practice. 1977 Jan;18(1):31-7."
Female Sexual maturity is reached (sex selective),Captive client,455,Felis,2,Female,"Jemmett JE, Evans JM. A survey of sexual behaviour and reproduction ofFemale cats. Journal of Small Animal Practice. 1977 Jan;18(1):31-7."
Female Sexual maturity is reached (sex selective),Captive client,377,Felis,2,Female,"Jemmett JE, Evans JM. A survey of sexual behaviour and reproduction ofFemale cats. Journal of Small Animal Practice. 1977 Jan;18(1):31-7."
Female Sexual maturity is reached (sex selective),Captive client,332,Felis,2,Female,"Jemmett JE, Evans JM. A survey of sexual behaviour and reproduction ofFemale cats. Journal of Small Animal Practice. 1977 Jan;18(1):31-7."
Female Sexual maturity is reached (sex selective),Captive client,395,Felis,2,Female,"Jemmett JE, Evans JM. A survey of sexual behaviour and reproduction ofFemale cats. Journal of Small Animal Practice. 1977 Jan;18(1):31-7."
Female Sexual maturity is reached (sex selective),Captive client,347,Felis,2,Female,"Jemmett JE, Evans JM. A survey of sexual behaviour and reproduction ofFemale cats. Journal of Small Animal Practice. 1977 Jan;18(1):31-7."
Female Sexual maturity is reached (sex selective),Captive client,353,Felis,2,Female,"Jemmett JE, Evans JM. A survey of sexual behaviour and reproduction ofFemale cats. Journal of Small Animal Practice. 1977 Jan;18(1):31-7."
Female Sexual maturity is reached (sex selective),Captive client,275,Felis,1,Female,"Jemmett JE, Evans JM. A survey of sexual behaviour and reproduction ofFemale cats. Journal of Small Animal Practice. 1977 Jan;18(1):31-7."
Female Sexual maturity is reached (sex selective),Captive client,365,Felis,1,Female,"Jemmett JE, Evans JM. A survey of sexual behaviour and reproduction ofFemale cats. Journal of Small Animal Practice. 1977 Jan;18(1):31-7."
Female Sexual maturity is reached (sex selective),Captive client,200,Felis,1,Female,"Jemmett JE, Evans JM. A survey of sexual behaviour and reproduction ofFemale cats. Journal of Small Animal Practice. 1977 Jan;18(1):31-7."
Female Sexual maturity is reached (sex selective),Captive client,335,Felis,1,Female,"Jemmett JE, Evans JM. A survey of sexual behaviour and reproduction ofFemale cats. Journal of Small Animal Practice. 1977 Jan;18(1):31-7."
Female Sexual maturity is reached (sex selective),Captive client,320,Felis,1,Female,"Jemmett JE, Evans JM. A survey of sexual behaviour and reproduction ofFemale cats. Journal of Small Animal Practice. 1977 Jan;18(1):31-7."
Female Sexual maturity is reached (sex selective),Captive client,200,Felis,1,Female,"Jemmett JE, Evans JM. A survey of sexual behaviour and reproduction ofFemale cats. Journal of Small Animal Practice. 1977 Jan;18(1):31-7."
Female Sexual maturity is reached (sex selective),Captive client,245,Felis,1,Female,"Jemmett JE, Evans JM. A survey of sexual behaviour and reproduction ofFemale cats. Journal of Small Animal Practice. 1977 Jan;18(1):31-7."
Female Sexual maturity is reached (sex selective),Captive client,200,Felis,1,Female,"Jemmett JE, Evans JM. A survey of sexual behaviour and reproduction ofFemale cats. Journal of Small Animal Practice. 1977 Jan;18(1):31-7."
Female Sexual maturity is reached (sex selective),Captive client,200,Felis,1,Female,"Jemmett JE, Evans JM. A survey of sexual behaviour and reproduction ofFemale cats. Journal of Small Animal Practice. 1977 Jan;18(1):31-7."
Female Sexual maturity is reached (sex selective),Captive client,485,Felis,3,Female,"Jemmett JE, Evans JM. A survey of sexual behaviour and reproduction ofFemale cats. Journal of Small Animal Practice. 1977 Jan;18(1):31-7."
Female Sexual maturity is reached (sex selective),Captive client,605,Felis,3,Female,"Jemmett JE, Evans JM. A survey of sexual behaviour and reproduction ofFemale cats. Journal of Small Animal Practice. 1977 Jan;18(1):31-7."
Female Sexual maturity is reached (sex selective),Captive client,515,Felis,3,Female,"Jemmett JE, Evans JM. A survey of sexual behaviour and reproduction ofFemale cats. Journal of Small Animal Practice. 1977 Jan;18(1):31-7."
Female Sexual maturity is reached (sex selective),Captive client,605,Felis,3,Female,"Jemmett JE, Evans JM. A survey of sexual behaviour and reproduction ofFemale cats. Journal of Small Animal Practice. 1977 Jan;18(1):31-7."
Female Sexual maturity is reached (sex selective),Captive client,485,Felis,3,Female,"Jemmett JE, Evans JM. A survey of sexual behaviour and reproduction ofFemale cats. Journal of Small Animal Practice. 1977 Jan;18(1):31-7."
Female Sexual maturity is reached (sex selective),Captive client,515,Felis,3,Female,"Jemmett JE, Evans JM. A survey of sexual behaviour and reproduction ofFemale cats. Journal of Small Animal Practice. 1977 Jan;18(1):31-7."
Female Sexual maturity is reached (sex selective),Captive client,605,Felis,3,Female,"Jemmett JE, Evans JM. A survey of sexual behaviour and reproduction ofFemale cats. Journal of Small Animal Practice. 1977 Jan;18(1):31-7."
Female Sexual maturity is reached (sex selective),Captive client,515,Felis,3,Female,"Jemmett JE, Evans JM. A survey of sexual behaviour and reproduction ofFemale cats. Journal of Small Animal Practice. 1977 Jan;18(1):31-7."
Female Sexual maturity is reached (sex selective),Captive client,605,Felis,3,Female,"Jemmett JE, Evans JM. A survey of sexual behaviour and reproduction ofFemale cats. Journal of Small Animal Practice. 1977 Jan;18(1):31-7."
Female Sexual maturity is reached (sex selective),Captive client,380,Felis,2,Female,"Jemmett JE, Evans JM. A survey of sexual behaviour and reproduction ofFemale cats. Journal of Small Animal Practice. 1977 Jan;18(1):31-7."
Female Sexual maturity is reached (sex selective),Captive client,485,Felis,2,Female,"Jemmett JE, Evans JM. A survey of sexual behaviour and reproduction ofFemale cats. Journal of Small Animal Practice. 1977 Jan;18(1):31-7."
Female Sexual maturity is reached (sex selective),Captive client,357.5,Felis,2,Female,"Jemmett JE, Evans JM. A survey of sexual behaviour and reproduction ofFemale cats. Journal of Small Animal Practice. 1977 Jan;18(1):31-7."
Female Sexual maturity is reached (sex selective),Captive client,470,Felis,2,Female,"Jemmett JE, Evans JM. A survey of sexual behaviour and reproduction ofFemale cats. Journal of Small Animal Practice. 1977 Jan;18(1):31-7."
Female Sexual maturity is reached (sex selective),Captive client,402.5,Felis,2,Female,"Jemmett JE, Evans JM. A survey of sexual behaviour and reproduction ofFemale cats. Journal of Small Animal Practice. 1977 Jan;18(1):31-7."
Female Sexual maturity is reached (sex selective),Captive client,357.5,Felis,2,Female,"Jemmett JE, Evans JM. A survey of sexual behaviour and reproduction ofFemale cats. Journal of Small Animal Practice. 1977 Jan;18(1):31-7."
Female Sexual maturity is reached (sex selective),Captive client,425,Felis,2,Female,"Jemmett JE, Evans JM. A survey of sexual behaviour and reproduction ofFemale cats. Journal of Small Animal Practice. 1977 Jan;18(1):31-7."
Female Sexual maturity is reached (sex selective),Captive client,357.5,Felis,2,Female,"Jemmett JE, Evans JM. A survey of sexual behaviour and reproduction ofFemale cats. Journal of Small Animal Practice. 1977 Jan;18(1):31-7."
Female Sexual maturity is reached (sex selective),Captive client,402.5,Felis,2,Female,"Jemmett JE, Evans JM. A survey of sexual behaviour and reproduction ofFemale cats. Journal of Small Animal Practice. 1977 Jan;18(1):31-7."
Female Sexual maturity is reached (sex selective),,369,Felis,2,Female,"https://figshare.com/articles/dataset/Full_Archive/3563457?backTo=/collections/An_amniote_life-history_database_to_perform_comparative_analyses_with_birds_mammals_and_reptiles/3308127; Myhrvold, N. P., Baldridge, E., Chan, B., Sivam, D., Freeman, D. L., & Ernest, S. M. (2015). An amniote life‐history database to perform comparative analyses with birds, mammals, and reptiles: Ecological Archives E096‐269. Ecology, 96(11), 3109-3109."
Female Sexual maturity is reached (sex selective),Captive client,428,Felis,2,Female,"Povey, R. C. (1978). Reproduction in the pedigreeFemale cat: A survey of breeders. The Canadian Veterinary Journal, 19(8), 207-213."
Female Sexual maturity is reached (sex selective),Captive client,353,Felis,2,Female,"Povey, R. C. (1978). Reproduction in the pedigreeFemale cat: A survey of breeders. The Canadian Veterinary Journal, 19(8), 207-213."
Female Sexual maturity is reached (sex selective),Captive client,344,Felis,2,Female,"Povey, R. C. (1978). Reproduction in the pedigreeFemale cat: A survey of breeders. The Canadian Veterinary Journal, 19(8), 207-213."
Female Sexual maturity is reached (sex selective),Captive client,341,Felis,2,Female,"Povey, R. C. (1978). Reproduction in the pedigreeFemale cat: A survey of breeders. The Canadian Veterinary Journal, 19(8), 207-213."
Female Sexual maturity is reached (sex selective),Captive client,344,Felis,2,Female,"Povey, R. C. (1978). Reproduction in the pedigreeFemale cat: A survey of breeders. The Canadian Veterinary Journal, 19(8), 207-213."
Female Sexual maturity is reached (sex selective),Captive client,437,Felis,2,Female,"Povey, R. C. (1978). Reproduction in the pedigreeFemale cat: A survey of breeders. The Canadian Veterinary Journal, 19(8), 207-213."
Female Sexual maturity is reached (sex selective),Captive client,425,Felis,2,Female,"Povey, R. C. (1978). Reproduction in the pedigreeFemale cat: A survey of breeders. The Canadian Veterinary Journal, 19(8), 207-213."
Female Sexual maturity is reached (sex selective),Captive client,365,Felis,2,Female,"Povey, R. C. (1978). Reproduction in the pedigreeFemale cat: A survey of breeders. The Canadian Veterinary Journal, 19(8), 207-213."
Female Sexual maturity is reached (sex selective),Captive client,320,Felis,2,Female,"Povey, R. C. (1978). Reproduction in the pedigreeFemale cat: A survey of breeders. The Canadian Veterinary Journal, 19(8), 207-213."
Female Sexual maturity is reached (sex selective),Captive client,335,Felis,2,Female,"Povey, R. C. (1978). Reproduction in the pedigreeFemale cat: A survey of breeders. The Canadian Veterinary Journal, 19(8), 207-213."
Female Sexual maturity is reached (sex selective),Captive client,320,Felis,2,Female,"Povey, R. C. (1978). Reproduction in the pedigreeFemale cat: A survey of breeders. The Canadian Veterinary Journal, 19(8), 207-213."
Female Sexual maturity is reached (sex selective),Captive client,395,Felis,2,Female,"Povey, R. C. (1978). Reproduction in the pedigreeFemale cat: A survey of breeders. The Canadian Veterinary Journal, 19(8), 207-213."
Female Sexual maturity is reached (sex selective),Captive client,245,Felis,1,Female,"Povey, R. C. (1978). Reproduction in the pedigreeFemale cat: A survey of breeders. The Canadian Veterinary Journal, 19(8), 207-213."
Female Sexual maturity is reached (sex selective),Captive client,185,Felis,1,Female,"Povey, R. C. (1978). Reproduction in the pedigreeFemale cat: A survey of breeders. The Canadian Veterinary Journal, 19(8), 207-213."
Female Sexual maturity is reached (sex selective),Captive client,185,Felis,1,Female,"Povey, R. C. (1978). Reproduction in the pedigreeFemale cat: A survey of breeders. The Canadian Veterinary Journal, 19(8), 207-213."
Female Sexual maturity is reached (sex selective),Captive client,185,Felis,1,Female,"Povey, R. C. (1978). Reproduction in the pedigreeFemale cat: A survey of breeders. The Canadian Veterinary Journal, 19(8), 207-213."
Female Sexual maturity is reached (sex selective),Captive client,215,Felis,1,Female,"Povey, R. C. (1978). Reproduction in the pedigreeFemale cat: A survey of breeders. The Canadian Veterinary Journal, 19(8), 207-213."
Female Sexual maturity is reached (sex selective),Captive client,335,Felis,1,Female,"Povey, R. C. (1978). Reproduction in the pedigreeFemale cat: A survey of breeders. The Canadian Veterinary Journal, 19(8), 207-213."
Female Sexual maturity is reached (sex selective),Captive client,695,Felis,3,Female,"Povey, R. C. (1978). Reproduction in the pedigreeFemale cat: A survey of breeders. The Canadian Veterinary Journal, 19(8), 207-213."
Female Sexual maturity is reached (sex selective),Captive client,545,Felis,3,Female,"Povey, R. C. (1978). Reproduction in the pedigreeFemale cat: A survey of breeders. The Canadian Veterinary Journal, 19(8), 207-213."
Female Sexual maturity is reached (sex selective),Captive client,665,Felis,3,Female,"Povey, R. C. (1978). Reproduction in the pedigreeFemale cat: A survey of breeders. The Canadian Veterinary Journal, 19(8), 207-213."
Female Sexual maturity is reached (sex selective),Captive client,635,Felis,3,Female,"Povey, R. C. (1978). Reproduction in the pedigreeFemale cat: A survey of breeders. The Canadian Veterinary Journal, 19(8), 207-213."
Female Sexual maturity is reached (sex selective),Captive client,485,Felis,3,Female,"Povey, R. C. (1978). Reproduction in the pedigreeFemale cat: A survey of breeders. The Canadian Veterinary Journal, 19(8), 207-213."
Female Sexual maturity is reached (sex selective),Captive client,605,Felis,3,Female,"Povey, R. C. (1978). Reproduction in the pedigreeFemale cat: A survey of breeders. The Canadian Veterinary Journal, 19(8), 207-213."
Female Sexual maturity is reached (sex selective),Captive client,470,Felis,2,Female,"Povey, R. C. (1978). Reproduction in the pedigreeFemale cat: A survey of breeders. The Canadian Veterinary Journal, 19(8), 207-213."
Female Sexual maturity is reached (sex selective),Captive client,425,Felis,2,Female,"Povey, R. C. (1978). Reproduction in the pedigreeFemale cat: A survey of breeders. The Canadian Veterinary Journal, 19(8), 207-213."
Female Sexual maturity is reached (sex selective),Captive client,410,Felis,2,Female,"Povey, R. C. (1978). Reproduction in the pedigreeFemale cat: A survey of breeders. The Canadian Veterinary Journal, 19(8), 207-213."
Female Sexual maturity is reached (sex selective),Captive client,350,Felis,2,Female,"Povey, R. C. (1978). Reproduction in the pedigreeFemale cat: A survey of breeders. The Canadian Veterinary Journal, 19(8), 207-213."
Female Sexual maturity is reached (sex selective),Captive client,470,Felis,2,Female,"Povey, R. C. (1978). Reproduction in the pedigreeFemale cat: A survey of breeders. The Canadian Veterinary Journal, 19(8), 207-213."
Female Sexual maturity is reached (sex selective),Captive client,374,Felis,2,Female,"Romagnoli, S., Bensaia, C., Ferré-Dolcet, L., Sontas, H. B., & Stelletta, C. (2019). Fertility parameters and reproductive management of Norwegian Forest Cats, Maine Coon, Persian and Bengal cats raised in Italy: A questionnaire-based study. Journal of Feline Medicine and Surgery, 21(12), 1188-1197."
Female Sexual maturity is reached (sex selective),Captive client,353,Felis,2,Female,"Romagnoli, S., Bensaia, C., Ferré-Dolcet, L., Sontas, H. B., & Stelletta, C. (2019). Fertility parameters and reproductive management of Norwegian Forest Cats, Maine Coon, Persian and Bengal cats raised in Italy: A questionnaire-based study. Journal of Feline Medicine and Surgery, 21(12), 1188-1197."
Female Sexual maturity is reached (sex selective),Captive client,356,Felis,2,Female,"Romagnoli, S., Bensaia, C., Ferré-Dolcet, L., Sontas, H. B., & Stelletta, C. (2019). Fertility parameters and reproductive management of Norwegian Forest Cats, Maine Coon, Persian and Bengal cats raised in Italy: A questionnaire-based study. Journal of Feline Medicine and Surgery, 21(12), 1188-1197."
Female Sexual maturity is reached (sex selective),Captive client,569,Felis,2,Female,"Romagnoli, S., Bensaia, C., Ferré-Dolcet, L., Sontas, H. B., & Stelletta, C. (2019). Fertility parameters and reproductive management of Norwegian Forest Cats, Maine Coon, Persian and Bengal cats raised in Italy: A questionnaire-based study. Journal of Feline Medicine and Surgery, 21(12), 1188-1197."
MALE body growth rate (peak) (sex specific),Captive Laboratory,157.4,Felis,2,Male,"Cave NJ, Bridges JP, Weidgraaf K, Thomas DG. Nonlinear mixed models of growth curves from domestic shorthair cats in a breeding colony, housed in a seasonal facility to predict obesity. Journal of animal physiology and animal nutrition. 2018 Oct;102(5):1390-400."
MALE body growth rate (peak) (sex specific),Captive Laboratory,140,Felis,2,Male,"Opsomer H, Liesegang A, Brugger D, Wichert B. Growth curves and body condition of young cats and their relation to maternal body condition. Animals. 2022 May 27;12(11):1373."
Male Body weight reaches 100% of stable value (sex selective),Captive client,742.531,Felis,2,Male,Auburn veterinary clinic
Male Body weight reaches 100% of stable value (sex selective),Captive Laboratory,276.7,Felis,2,Male,"Cave NJ, Bridges JP, Weidgraaf K, Thomas DG. Nonlinear mixed models of growth curves from domestic shorthair cats in a breeding colony, housed in a seasonal facility to predict obesity. Journal of animal physiology and animal nutrition. 2018 Oct;102(5):1390-400."
Male Body weight reaches 100% of stable value (sex selective),Captive Laboratory,336.2,Felis,2,Male,"NAKAI N, NAWA K, MAEKAWA M, NAGASAWA H. Age-related changes in hematological and serum biochemical values in cats. Experimental Animals. 1992 Jul 1;41(3):287-94."
Male Body weight reaches 100% of stable value (sex selective),Captive client,285.43,Felis,2,Male,Olovson SG. Diet and breeding performance in cats. Laboratory animals. 1986 Jul 1;20(3):221-30.
Male Body weight reaches 50% of stable value (sex selective),Captive client,154.946,Felis,2,Male,Auburn veterinary clinic
Male Body weight reaches 50% of stable value (sex selective),Captive Laboratory,229.25,Felis,2,Male,"Cave NJ, Bridges JP, Weidgraaf K, Thomas DG. Nonlinear mixed models of growth curves from domestic shorthair cats in a breeding colony, housed in a seasonal facility to predict obesity. Journal of animal physiology and animal nutrition. 2018 Oct;102(5):1390-400."
Male Body weight reaches 50% of stable value (sex selective),Captive Laboratory,159.8,Felis,2,Male,"NAKAI N, NAWA K, MAEKAWA M, NAGASAWA H. Age-related changes in hematological and serum biochemical values in cats. Experimental Animals. 1992 Jul 1;41(3):287-94."
Male Body weight reaches 50% of stable value (sex selective),Captive client,263.31,Felis,2,Male,Olovson SG. Diet and breeding performance in cats. Laboratory animals. 1986 Jul 1;20(3):221-30.
Male Body weight reaches 60% of stable value (sex selective),Captive client,272.463,Felis,2,Male,Auburn veterinary clinic
Male Body weight reaches 60% of stable value (sex selective),Captive Laboratory,451.9,Felis,2,Male,"Cave NJ, Bridges JP, Weidgraaf K, Thomas DG. Nonlinear mixed models of growth curves from domestic shorthair cats in a breeding colony, housed in a seasonal facility to predict obesity. Journal of animal physiology and animal nutrition. 2018 Oct;102(5):1390-400."
Male Body weight reaches 60% of stable value (sex selective),Captive Laboratory,195.2,Felis,2,Male,"NAKAI N, NAWA K, MAEKAWA M, NAGASAWA H. Age-related changes in hematological and serum biochemical values in cats. Experimental Animals. 1992 Jul 1;41(3):287-94."
Male Body weight reaches 60% of stable value (sex selective),Captive client,241.19,Felis,2,Male,Olovson SG. Diet and breeding performance in cats. Laboratory animals. 1986 Jul 1;20(3):221-30.
Male Body weight reaches 70% of stable value (sex selective),Captive client,389.98,Felis,2,Male,Auburn veterinary clinic
Male Body weight reaches 70% of stable value (sex selective),Captive Laboratory,386.2,Felis,2,Male,"Cave NJ, Bridges JP, Weidgraaf K, Thomas DG. Nonlinear mixed models of growth curves from domestic shorthair cats in a breeding colony, housed in a seasonal facility to predict obesity. Journal of animal physiology and animal nutrition. 2018 Oct;102(5):1390-400."
Male Body weight reaches 70% of stable value (sex selective),Captive Laboratory,230.3,Felis,2,Male,"NAKAI N, NAWA K, MAEKAWA M, NAGASAWA H. Age-related changes in hematological and serum biochemical values in cats. Experimental Animals. 1992 Jul 1;41(3):287-94."
Male Body weight reaches 70% of stable value (sex selective),Captive client,219.07,Felis,2,Male,Olovson SG. Diet and breeding performance in cats. Laboratory animals. 1986 Jul 1;20(3):221-30.
Male Body weight reaches 80% of stable value (sex selective),Captive client,507.497,Felis,2,Male,Auburn veterinary clinic
Male Body weight reaches 80% of stable value (sex selective),Captive Laboratory,320.5,Felis,2,Male,"Cave NJ, Bridges JP, Weidgraaf K, Thomas DG. Nonlinear mixed models of growth curves from domestic shorthair cats in a breeding colony, housed in a seasonal facility to predict obesity. Journal of animal physiology and animal nutrition. 2018 Oct;102(5):1390-400."
Male Body weight reaches 80% of stable value (sex selective),Captive Laboratory,265.7,Felis,2,Male,"NAKAI N, NAWA K, MAEKAWA M, NAGASAWA H. Age-related changes in hematological and serum biochemical values in cats. Experimental Animals. 1992 Jul 1;41(3):287-94."
Male Body weight reaches 80% of stable value (sex selective),Captive client,196.88,Felis,2,Male,Olovson SG. Diet and breeding performance in cats. Laboratory animals. 1986 Jul 1;20(3):221-30.
Male Body weight reaches 90% of stable value (sex selective),Captive client,625.014,Felis,2,Male,Auburn veterinary clinic
Male Body weight reaches 90% of stable value (sex selective),Captive Laboratory,254.8,Felis,2,Male,"Cave NJ, Bridges JP, Weidgraaf K, Thomas DG. Nonlinear mixed models of growth curves from domestic shorthair cats in a breeding colony, housed in a seasonal facility to predict obesity. Journal of animal physiology and animal nutrition. 2018 Oct;102(5):1390-400."
Male Body weight reaches 90% of stable value (sex selective),Captive Laboratory,300.8,Felis,2,Male,"NAKAI N, NAWA K, MAEKAWA M, NAGASAWA H. Age-related changes in hematological and serum biochemical values in cats. Experimental Animals. 1992 Jul 1;41(3):287-94."
Male Body weight reaches 90% of stable value (sex selective),Captive client,174.76,Felis,2,Male,Olovson SG. Diet and breeding performance in cats. Laboratory animals. 1986 Jul 1;20(3):221-30.
Male Sexual maturity is reached (sex selective),Captive,369,Felis,2,Male,"https://genomics.senescence.info/species/dataset.zip; AnAge Build 15; de Magalhaes, J. P., Abidi, Z., Dos Santos, G. A., Avelar, R. A., Barardo, D., Chatsirisupachai, K., Clark, P., De-Souza, E. A., Johnson, E. J., Lopes, I., Novoa, G., Senez, L., Talay, A., Thornton, D., & To, P. K. P. (2024). Human Ageing Genomic Resources: updates on key databases in ageing research. Nucleic Acids Res, 52(D1), D900-D908."
Male Sexual maturity is reached (sex selective),,369,Felis,2,Male,"https://figshare.com/articles/dataset/Full_Archive/3563457?backTo=/collections/An_amniote_life-history_database_to_perform_comparative_analyses_with_birds_mammals_and_reptiles/3308127; Myhrvold, N. P., Baldridge, E., Chan, B., Sivam, D., Freeman, D. L., & Ernest, S. M. (2015). An amniote life‐history database to perform comparative analyses with birds, mammals, and reptiles: Ecological Archives E096‐269. Ecology, 96(11), 3109-3109."
Somites 1-7,Captive Laboratory,13.5,Felis,2,Male+Female,"Werneburg I, Geiger M. Ontogeny of domestic dogs and the developmental foundations of carnivoran domestication. Journal of Mammalian Evolution. 2017 Sep;24:323-43."
6-10 somite pairs,Captive Laboratory,14,Felis,2,Male+Female,"Noden DM, Lahunta AD. The embryology of domestic animals. Developmental mechanisms and malformations. Williams & Wilkins; 1985."
16-20 somite pairs,Captive Laboratory,16,Felis,2,Male+Female,"Werneburg I, Geiger M. Ontogeny of domestic dogs and the developmental foundations of carnivoran domestication. Journal of Mammalian Evolution. 2017 Sep;24:323-43."
1st centrale to ossify: ossification (Onset),Captive Laboratory,79,Felis,2,Male+Female,"Prochel J, Vogel P, Sánchez-Villagra MR. Hand development and sequence of ossification in the forelimb of the European shrew Crocidura russula (Soricidae) and comparisons across therian mammals. J Anat. 2004 Aug;205(2):99-111. doi: 10.1111/j.0021-8782.2004.00321.x. PMID: 15291793; PMCID: PMC1571333."
1st metacarpal to ossify: ossification (Onset),Captive Laboratory,31,Felis,2,Male+Female,"Prochel J, Vogel P, Sánchez-Villagra MR. Hand development and sequence of ossification in the forelimb of the European shrew Crocidura russula (Soricidae) and comparisons across therian mammals. J Anat. 2004 Aug;205(2):99-111. doi: 10.1111/j.0021-8782.2004.00321.x. PMID: 15291793; PMCID: PMC1571333."
1st phalange to ossify: ossification (Onset),Captive Laboratory,38,Felis,2,Male+Female,"Prochel J, Vogel P, Sánchez-Villagra MR. Hand development and sequence of ossification in the forelimb of the European shrew Crocidura russula (Soricidae) and comparisons across therian mammals. J Anat. 2004 Aug;205(2):99-111. doi: 10.1111/j.0021-8782.2004.00321.x. PMID: 15291793; PMCID: PMC1571333."
1st pharangeal slit emerges,Captive Laboratory,16,Felis,2,Male+Female,"Werneburg I, Geiger M. Ontogeny of domestic dogs and the developmental foundations of carnivoran domestication. Journal of Mammalian Evolution. 2017 Sep;24:323-43."
2 cell stage,Captive Laboratory,3,Felis,2,Male+Female,"Knospe C. Periods and stages of the prenatal development of the domestic cat. Anatomia, histologia, embryologia. 2002 Feb;31(1):37-51."
2 cell stage,Captive Laboratory,3,Felis,2,Male+Female,"Noden DM, Lahunta AD. The embryology of domestic animals. Developmental mechanisms and malformations. Williams & Wilkins; 1985."
26-30 somite pairs,Captive Laboratory,17,Felis,2,Male+Female,"Werneburg I, Geiger M. Ontogeny of domestic dogs and the developmental foundations of carnivoran domestication. Journal of Mammalian Evolution. 2017 Sep;24:323-43."
2nd pharangeal slit emerges,Captive Laboratory,17,Felis,2,Male+Female,"Werneburg I, Geiger M. Ontogeny of domestic dogs and the developmental foundations of carnivoran domestication. Journal of Mammalian Evolution. 2017 Sep;24:323-43."
36-40 somite pairs,Captive Laboratory,17.5,Felis,2,Male+Female,"Werneburg I, Geiger M. Ontogeny of domestic dogs and the developmental foundations of carnivoran domestication. Journal of Mammalian Evolution. 2017 Sep;24:323-43."
3rd arch,Captive Laboratory,17,Felis,2,Male+Female,"Werneburg I, Geiger M. Ontogeny of domestic dogs and the developmental foundations of carnivoran domestication. Journal of Mammalian Evolution. 2017 Sep;24:323-43."
3rd metacarpal ossification (Onset),Captive Laboratory,31,Felis,2,Male+Female,"Prochel J, Vogel P, Sánchez-Villagra MR. Hand development and sequence of ossification in the forelimb of the European shrew Crocidura russula (Soricidae) and comparisons across therian mammals. J Anat. 2004 Aug;205(2):99-111. doi: 10.1111/j.0021-8782.2004.00321.x. PMID: 15291793; PMCID: PMC1571333."
6-10 somite pairs,Captive Laboratory,14.5,Felis,2,Male+Female,"Werneburg I, Geiger M. Ontogeny of domestic dogs and the developmental foundations of carnivoran domestication. Journal of Mammalian Evolution. 2017 Sep;24:323-43."
8 cell stage,Captive,3,Felis,2,Male+Female,Denker HW. Studie8 on the Early Development and Implantation in the Cat. Anat. Anz. 1978;144:457-68.
8 cell stage,Captive Laboratory,3.5,Felis,2,Male+Female,"Noden DM, Lahunta AD. The embryology of domestic animals. Developmental mechanisms and malformations. Williams & Wilkins; 1985."
Air righting reflex,Captive Laboratory,83,Felis,1,Male+Female,"Villablanca JR, Olmstead CE. Neurological development of kittens. Developmental Psychobiology: The Journal of the International Society for Developmental Psychobiology. 1979 Mar;12(2):101-27."
Air righting reflex,Captive Laboratory,95,Felis,2,Male+Female,"Villablanca JR, Olmstead CE. Neurological development of kittens. Developmental Psychobiology: The Journal of the International Society for Developmental Psychobiology. 1979 Mar;12(2):101-27."
Air righting reflex,Captive Laboratory,107,Felis,3,Male+Female,"Villablanca JR, Olmstead CE. Neurological development of kittens. Developmental Psychobiology: The Journal of the International Society for Developmental Psychobiology. 1979 Mar;12(2):101-27."
Air righting reflex,Captive Laboratory,87,Felis,2,Male+Female,"Workman AD, Charvet CJ, Clancy B, Darlington RB, Finlay BL. Modeling transformations of neurodevelopmental sequences across mammalian species. Journal of Neuroscience. 2013 Apr 24;33(17):7368-83."
Alkaline phosphatase (Rapid Decline initiates),Captive Laboratory,215,Felis,2,Female,"NAKAI N, NAWA K, MAEKAWA M, NAGASAWA H. Age-related changes in hematological and serum biochemical values in cats. Experimental Animals. 1992 Jul 1;41(3):287-94."
Alkaline phosphatase (Rapid Decline initiates),Captive Laboratory,215,Felis,2,Male,"NAKAI N, NAWA K, MAEKAWA M, NAGASAWA H. Age-related changes in hematological and serum biochemical values in cats. Experimental Animals. 1992 Jul 1;41(3):287-94."
Alkaline phosphatase declines to 100% of its adult value,Captive client,770.779,Felis,2,Female,Auburn veterinary clinic
Alkaline phosphatase declines to 100% of its adult value,Captive client,819.627,Felis,2,Male,Auburn veterinary clinic
Alkaline phosphatase declines to 100% of its adult value,Captive client,1012.04,Felis,2,Male,CatAge dataset (known date of birth or got the cat as a young kitten 8 weeks or less)
Alkaline phosphatase declines to 100% of its adult value,Captive client,1081.73,Felis,2,Female,CatAge dataset (known date of birth or got the cat as a young kitten 8 weeks or less)
Alkaline phosphatase declines to 100% of its adult value,Captive Laboratory,501.89,Felis,2,Female,"NAKAI N, NAWA K, MAEKAWA M, NAGASAWA H. Age-related changes in hematological and serum biochemical values in cats. Experimental Animals. 1992 Jul 1;41(3):287-94."
Alkaline phosphatase declines to 100% of its adult value,Captive Laboratory,503.86,Felis,2,Male,"NAKAI N, NAWA K, MAEKAWA M, NAGASAWA H. Age-related changes in hematological and serum biochemical values in cats. Experimental Animals. 1992 Jul 1;41(3):287-94."
Alkaline phosphatase declines to 100% of its adult value,Captive Laboratory,650.48,Felis,2,Female,SRRC Auburn cat colony
Alkaline phosphatase declines to 100% of its adult value,Captive Laboratory,587.855,Felis,2,Male,SRRC Auburn cat colony
Alkaline phosphatase declines to 150% of its adult value,Captive client,678.914,Felis,2,Female,Auburn veterinary clinic
Alkaline phosphatase declines to 150% of its adult value,Captive client,711.556,Felis,2,Male,Auburn veterinary clinic
Alkaline phosphatase declines to 150% of its adult value,Captive client,896.81,Felis,2,Male,CatAge dataset (known date of birth or got the cat as a young kitten 8 weeks or less)
Alkaline phosphatase declines to 150% of its adult value,Captive client,878.73,Felis,2,Female,CatAge dataset (known date of birth or got the cat as a young kitten 8 weeks or less)
Alkaline phosphatase declines to 150% of its adult value,Captive Laboratory,449.8,Felis,2,Female,"NAKAI N, NAWA K, MAEKAWA M, NAGASAWA H. Age-related changes in hematological and serum biochemical values in cats. Experimental Animals. 1992 Jul 1;41(3):287-94."
Alkaline phosphatase declines to 150% of its adult value,Captive Laboratory,461.49,Felis,2,Male,"NAKAI N, NAWA K, MAEKAWA M, NAGASAWA H. Age-related changes in hematological and serum biochemical values in cats. Experimental Animals. 1992 Jul 1;41(3):287-94."
Alkaline phosphatase declines to 150% of its adult value,Captive Laboratory,575.23,Felis,2,Female,SRRC Auburn cat colony
Alkaline phosphatase declines to 150% of its adult value,Captive Laboratory,522.073,Felis,2,Male,SRRC Auburn cat colony
Alkaline phosphatase declines to 200% of its adult value,Captive client,587.05,Felis,2,Female,Auburn veterinary clinic
Alkaline phosphatase declines to 200% of its adult value,Captive client,603.485,Felis,2,Male,Auburn veterinary clinic
Alkaline phosphatase declines to 200% of its adult value,Captive client,781.58,Felis,2,Male,CatAge dataset (known date of birth or got the cat as a young kitten 8 weeks or less)
Alkaline phosphatase declines to 200% of its adult value,Captive client,675.74,Felis,2,Female,CatAge dataset (known date of birth or got the cat as a young kitten 8 weeks or less)
Alkaline phosphatase declines to 200% of its adult value,Captive Laboratory,397.7,Felis,2,Female,"NAKAI N, NAWA K, MAEKAWA M, NAGASAWA H. Age-related changes in hematological and serum biochemical values in cats. Experimental Animals. 1992 Jul 1;41(3):287-94."
Alkaline phosphatase declines to 200% of its adult value,Captive Laboratory,419.11,Felis,2,Male,"NAKAI N, NAWA K, MAEKAWA M, NAGASAWA H. Age-related changes in hematological and serum biochemical values in cats. Experimental Animals. 1992 Jul 1;41(3):287-94."
Alkaline phosphatase declines to 200% of its adult value,Captive Laboratory,499.98,Felis,2,Female,SRRC Auburn cat colony
Alkaline phosphatase declines to 200% of its adult value,Captive Laboratory,456.291,Felis,2,Male,SRRC Auburn cat colony
Alkaline phosphatase declines to 250% of its adult value,Captive client,495.185,Felis,2,Female,Auburn veterinary clinic
Alkaline phosphatase declines to 250% of its adult value,Captive client,495.414,Felis,2,Male,Auburn veterinary clinic
Alkaline phosphatase declines to 250% of its adult value,Captive client,666.35,Felis,2,Male,CatAge dataset (known date of birth or got the cat as a young kitten 8 weeks or less)
Alkaline phosphatase declines to 250% of its adult value,Captive client,472.74,Felis,2,Female,CatAge dataset (known date of birth or got the cat as a young kitten 8 weeks or less)
Alkaline phosphatase declines to 250% of its adult value,Captive Laboratory,345.6,Felis,2,Female,"NAKAI N, NAWA K, MAEKAWA M, NAGASAWA H. Age-related changes in hematological and serum biochemical values in cats. Experimental Animals. 1992 Jul 1;41(3):287-94."
Alkaline phosphatase declines to 250% of its adult value,Captive Laboratory,376.74,Felis,2,Male,"NAKAI N, NAWA K, MAEKAWA M, NAGASAWA H. Age-related changes in hematological and serum biochemical values in cats. Experimental Animals. 1992 Jul 1;41(3):287-94."
Alkaline phosphatase declines to 250% of its adult value,Captive Laboratory,424.73,Felis,2,Female,SRRC Auburn cat colony
Alkaline phosphatase declines to 250% of its adult value,Captive Laboratory,390.509,Felis,2,Male,SRRC Auburn cat colony
Alkaline phosphatase declines to 300% of its adult value,Captive client,403.32,Felis,2,Female,Auburn veterinary clinic
Alkaline phosphatase declines to 300% of its adult value,Captive client,387.343,Felis,2,Male,Auburn veterinary clinic
Alkaline phosphatase declines to 300% of its adult value,Captive client,551.13,Felis,2,Male,CatAge dataset (known date of birth or got the cat as a young kitten 8 weeks or less)
Alkaline phosphatase declines to 300% of its adult value,Captive client,269.74,Felis,2,Female,CatAge dataset (known date of birth or got the cat as a young kitten 8 weeks or less)
Alkaline phosphatase declines to 300% of its adult value,Captive Laboratory,293.5,Felis,2,Female,"NAKAI N, NAWA K, MAEKAWA M, NAGASAWA H. Age-related changes in hematological and serum biochemical values in cats. Experimental Animals. 1992 Jul 1;41(3):287-94."
Alkaline phosphatase declines to 300% of its adult value,Captive Laboratory,334.37,Felis,2,Male,"NAKAI N, NAWA K, MAEKAWA M, NAGASAWA H. Age-related changes in hematological and serum biochemical values in cats. Experimental Animals. 1992 Jul 1;41(3):287-94."
Alkaline phosphatase declines to 300% of its adult value,Captive Laboratory,349.48,Felis,2,Female,SRRC Auburn cat colony
Alkaline phosphatase declines to 300% of its adult value,Captive Laboratory,324.726,Felis,2,Male,SRRC Auburn cat colony
Alkaline phosphatase declines to 350% of its adult value,Captive client,311.456,Felis,2,Female,Auburn veterinary clinic
Alkaline phosphatase declines to 350% of its adult value,Captive client,279.272,Felis,2,Male,Auburn veterinary clinic
Alkaline phosphatase declines to 350% of its adult value,Captive client,435.9,Felis,2,Male,CatAge dataset (known date of birth or got the cat as a young kitten 8 weeks or less)
Alkaline phosphatase declines to 350% of its adult value,Captive Laboratory,241.4,Felis,2,Female,"NAKAI N, NAWA K, MAEKAWA M, NAGASAWA H. Age-related changes in hematological and serum biochemical values in cats. Experimental Animals. 1992 Jul 1;41(3):287-94."
Alkaline phosphatase declines to 350% of its adult value,Captive Laboratory,291.99,Felis,2,Male,"NAKAI N, NAWA K, MAEKAWA M, NAGASAWA H. Age-related changes in hematological and serum biochemical values in cats. Experimental Animals. 1992 Jul 1;41(3):287-94."
Alkaline phosphatase declines to 350% of its adult value,Captive Laboratory,274.23,Felis,2,Female,SRRC Auburn cat colony
Alkaline phosphatase declines to 350% of its adult value,Captive Laboratory,258.944,Felis,2,Male,SRRC Auburn cat colony
Alkaline phosphatase declines to 400% of its adult value,Captive client,219.591,Felis,2,Female,Auburn veterinary clinic
Alkaline phosphatase declines to 400% of its adult value,Captive client,171.201,Felis,2,Male,Auburn veterinary clinic
Alkaline phosphatase declines to 400% of its adult value,Captive client,320.67,Felis,2,Male,CatAge dataset (known date of birth or got the cat as a young kitten 8 weeks or less)
Alkaline phosphatase declines to 400% of its adult value,Captive Laboratory,189.3,Felis,2,Female,"NAKAI N, NAWA K, MAEKAWA M, NAGASAWA H. Age-related changes in hematological and serum biochemical values in cats. Experimental Animals. 1992 Jul 1;41(3):287-94."
Alkaline phosphatase declines to 400% of its adult value,Captive Laboratory,249.62,Felis,2,Male,"NAKAI N, NAWA K, MAEKAWA M, NAGASAWA H. Age-related changes in hematological and serum biochemical values in cats. Experimental Animals. 1992 Jul 1;41(3):287-94."
Alkaline phosphatase declines to 400% of its adult value,Captive Laboratory,198.979,Felis,2,Female,SRRC Auburn cat colony
Alkaline phosphatase declines to 400% of its adult value,Captive Laboratory,193.162,Felis,2,Male,SRRC Auburn cat colony
Anterior neuropore closure,Captive Laboratory,16,Felis,2,Male+Female,"Werneburg I, Geiger M. Ontogeny of domestic dogs and the developmental foundations of carnivoran domestication. Journal of Mammalian Evolution. 2017 Sep;24:323-43."
Implantation,Captive Laboratory,14,Felis,2,Male+Female,"Noden DM, Lahunta AD. The embryology of domestic animals. Developmental mechanisms and malformations. Williams & Wilkins; 1985."
Auditory startle reaction,Captive Laboratory,68,Felis,1,Male+Female,"Beaver B, Sensory development of Felis catus, Laboratory Animals 14:199-201 1980"
Auditory startle reaction,Captive Laboratory,74.2,Felis,2,Male+Female,"Beaver B, Sensory development of Felis catus, Laboratory Animals 14:199-201 1980"
Auditory startle reaction,Captive Laboratory,80,Felis,2,Male+Female,"Beaver B, Sensory development of Felis catus, Laboratory Animals 14:199-201 1980"
Auditory startle reaction,Captive Laboratory,92,Felis,3,Male+Female,"Beaver B, Sensory development of Felis catus, Laboratory Animals 14:199-201 1980"
Auditory startle reaction,Captive Laboratory,71.9,Felis,2,Male+Female,"Workman AD, Charvet CJ, Clancy B, Darlington RB, Finlay BL. Modeling transformations of neurodevelopmental sequences across mammalian species. Journal of Neuroscience. 2013 Apr 24;33(17):7368-83."
Axons in optic stalk,Captive Laboratory,19,Felis,2,Male+Female,"Workman AD, Charvet CJ, Clancy B, Darlington RB, Finlay BL. Modeling transformations of neurodevelopmental sequences across mammalian species. Journal of Neuroscience. 2013 Apr 24;33(17):7368-83."
Back hairs,Captive Laboratory,46,Felis,2,Male+Female,"Werneburg I, Geiger M. Ontogeny of domestic dogs and the developmental foundations of carnivoran domestication. Journal of Mammalian Evolution. 2017 Sep;24:323-43."
Basioccipital ossification (Onset),Captive Laboratory,34.5,Felis,2,Male+Female,"Boyd, J. S. (1976). Studies on the appearance of the centres of ossification of the axial skeleton in the feline fœtus. Anatomia, Histologia, Embryologia, 5(3), 193-205."
Basisphenoid ossification (Onset),Captive Laboratory,45.5,Felis,2,Male+Female,"Boyd, J. S. (1976). Studies on the appearance of the centres of ossification of the axial skeleton in the feline fœtus. Anatomia, Histologia, Embryologia, 5(3), 193-205."
Basisphenoid ossification (Onset),Captive Laboratory,35,Felis,2,Male+Female,"Boyd, J. S. (1976). Studies on the appearance of the centres of ossification of the axial skeleton in the feline fœtus. Anatomia, Histologia, Embryologia, 5(3), 193-205."
Belly hairs,Captive Laboratory,46,Felis,2,Male+Female,"Werneburg I, Geiger M. Ontogeny of domestic dogs and the developmental foundations of carnivoran domestication. Journal of Mammalian Evolution. 2017 Sep;24:323-43."
Blastocyst stage,Captive Laboratory,7.25,Felis,2,Male+Female,"Knospe C. Periods and stages of the prenatal development of the domestic cat. Anatomia, histologia, embryologia. 2002 Feb;31(1):37-51."
Blastocyst stage,Captive Laboratory,5,Felis,2,Male+Female,"Noden DM, Lahunta AD. The embryology of domestic animals. Developmental mechanisms and malformations. Williams & Wilkins; 1985."
Body weight (Decline initiates),Captive client,3715,Felis,2,Male,"Murphy BJ, Stevenson MA, Mansfield CS. Bodyweight and body condition scores of Australian British shorthaired cats, 2008–2017. Frontiers in Veterinary Science. 2023 Oct 11;10:1241080."
Body weight (Decline initiates),Captive client,4627.5,Felis,2,Male,"Murphy BJ, Stevenson MA, Mansfield CS. Bodyweight and body condition scores of Australian British shorthaired cats, 2008–2017. Frontiers in Veterinary Science. 2023 Oct 11;10:1241080."
Body weight (Decline initiates),Captive client,3258.75,Felis,2,Female,"Murphy BJ, Stevenson MA, Mansfield CS. Bodyweight and body condition scores of Australian British shorthaired cats, 2008–2017. Frontiers in Veterinary Science. 2023 Oct 11;10:1241080."
Brain choroid plexus emerges,Captive Laboratory,30,Felis,2,Male+Female,"Knospe C. Periods and stages of the prenatal development of the domestic cat. Anatomia, histologia, embryologia. 2002 Feb;31(1):37-51."
Canine mandible eruption,,214,Felis,2,Male+Female,"Orsini P, Hennet P. Anatomy of the mouth and teeth of the cat. Vet Clin North Am Small Anim Pract. 1992 Nov;22(6):1265-77. doi: 10.1016/s0195-5616(92)50126-7. PMID: 1455572."
Canine maxilla eruption,,218,Felis,2,Male+Female,"Orsini P, Hennet P. Anatomy of the mouth and teeth of the cat. Vet Clin North Am Small Anim Pract. 1992 Nov;22(6):1265-77. doi: 10.1016/s0195-5616(92)50126-7. PMID: 1455572."
Capitate ossification (Onset),Captive Laboratory,85,Felis,2,Male+Female,"Prochel J, Vogel P, Sánchez-Villagra MR. Hand development and sequence of ossification in the forelimb of the European shrew Crocidura russula (Soricidae) and comparisons across therian mammals. J Anat. 2004 Aug;205(2):99-111. doi: 10.1111/j.0021-8782.2004.00321.x. PMID: 15291793; PMCID: PMC1571333."
Cataract prevalence reaches 50%,Captive client,4463.25,Felis,2,Male+Female,"Williams, D. L., & Fred Heath, M. (2006). Prevalence of feline cataract: results of a cross-sectional study of 2000 normal animals, 50 cats with diabetes and one hundred cats following dehydrational crises. Veterinary Ophthalmology, 9(5), 341–349. https://doi.org/10.1111/j.1463-5224.2006.00497.x"
Cataract prevalence reaches 50%,Captive client,4850.15,Felis,2,Male+Female,"Williams, D. L., & Fred Heath, M. (2006). Prevalence of feline cataract: results of a cross-sectional study of 2000 normal animals, 50 cats with diabetes and one hundred cats following dehydrational crises. Veterinary Ophthalmology, 9(5), 341–349. https://doi.org/10.1111/j.1463-5224.2006.00497.x"
Cataract prevalence reaches 50%,Captive client,6302.85,Felis,2,Male+Female,"Williams, D. L., & Fred Heath, M. (2006). Prevalence of feline cataract: results of a cross-sectional study of 2000 normal animals, 50 cats with diabetes and one hundred cats following dehydrational crises. Veterinary Ophthalmology, 9(5), 341–349. https://doi.org/10.1111/j.1463-5224.2006.00497.x"
Cataract prevalence reaches 10%,,2802.5,Felis,2,Female,"Williams, D. L., & Fred Heath, M. (2006). Prevalence of feline cataract: results of a cross-sectional study of 2000 normal animals, 50 cats with diabetes and one hundred cats following dehydrational crises. Veterinary Ophthalmology, 9(5), 341–349. https://doi.org/10.1111/j.1463-5224.2006.00497.x"
Cataract prevalence reaches 10%,,2831.7,Felis,2,Male,"Williams, D. L., & Fred Heath, M. (2006). Prevalence of feline cataract: results of a cross-sectional study of 2000 normal animals, 50 cats with diabetes and one hundred cats following dehydrational crises. Veterinary Ophthalmology, 9(5), 341–349. https://doi.org/10.1111/j.1463-5224.2006.00497.x"
Cataract prevalence reaches 20%,,2619.6,Felis,2,Male,"Williams, D. L., & Fred Heath, M. (2006). Prevalence of feline cataract: results of a cross-sectional study of 2000 normal animals, 50 cats with diabetes and one hundred cats following dehydrational crises. Veterinary Ophthalmology, 9(5), 341–349. https://doi.org/10.1111/j.1463-5224.2006.00497.x"
Cataract prevalence reaches 20%,,3766.1,Felis,2,Female,"Williams, D. L., & Fred Heath, M. (2006). Prevalence of feline cataract: results of a cross-sectional study of 2000 normal animals, 50 cats with diabetes and one hundred cats following dehydrational crises. Veterinary Ophthalmology, 9(5), 341–349. https://doi.org/10.1111/j.1463-5224.2006.00497.x"
Cataract prevalence reaches 30%,,3817.2,Felis,2,Male,"Williams, D. L., & Fred Heath, M. (2006). Prevalence of feline cataract: results of a cross-sectional study of 2000 normal animals, 50 cats with diabetes and one hundred cats following dehydrational crises. Veterinary Ophthalmology, 9(5), 341–349. https://doi.org/10.1111/j.1463-5224.2006.00497.x"
Cataract prevalence reaches 30%,,4083.65,Felis,2,Female,"Williams, D. L., & Fred Heath, M. (2006). Prevalence of feline cataract: results of a cross-sectional study of 2000 normal animals, 50 cats with diabetes and one hundred cats following dehydrational crises. Veterinary Ophthalmology, 9(5), 341–349. https://doi.org/10.1111/j.1463-5224.2006.00497.x"
Cataract prevalence reaches 40%,,3969.405,Felis,2,Male,"Williams, D. L., & Fred Heath, M. (2006). Prevalence of feline cataract: results of a cross-sectional study of 2000 normal animals, 50 cats with diabetes and one hundred cats following dehydrational crises. Veterinary Ophthalmology, 9(5), 341–349. https://doi.org/10.1111/j.1463-5224.2006.00497.x"
Cataract prevalence reaches 40%,,4682.25,Felis,2,Female,"Williams, D. L., & Fred Heath, M. (2006). Prevalence of feline cataract: results of a cross-sectional study of 2000 normal animals, 50 cats with diabetes and one hundred cats following dehydrational crises. Veterinary Ophthalmology, 9(5), 341–349. https://doi.org/10.1111/j.1463-5224.2006.00497.x"
Cataract prevalence reaches 50%,,4368.35,Felis,2,Male,"Williams, D. L., & Fred Heath, M. (2006). Prevalence of feline cataract: results of a cross-sectional study of 2000 normal animals, 50 cats with diabetes and one hundred cats following dehydrational crises. Veterinary Ophthalmology, 9(5), 341–349. https://doi.org/10.1111/j.1463-5224.2006.00497.x"
Cataract prevalence reaches 50%,,4839.2,Felis,2,Female,"Williams, D. L., & Fred Heath, M. (2006). Prevalence of feline cataract: results of a cross-sectional study of 2000 normal animals, 50 cats with diabetes and one hundred cats following dehydrational crises. Veterinary Ophthalmology, 9(5), 341–349. https://doi.org/10.1111/j.1463-5224.2006.00497.x"
Cataract prevalence reaches 60%,,4700.5,Felis,2,Male,"Williams, D. L., & Fred Heath, M. (2006). Prevalence of feline cataract: results of a cross-sectional study of 2000 normal animals, 50 cats with diabetes and one hundred cats following dehydrational crises. Veterinary Ophthalmology, 9(5), 341–349. https://doi.org/10.1111/j.1463-5224.2006.00497.x"
Cataract prevalence reaches 60%,,5131.2,Felis,2,Female,"Williams, D. L., & Fred Heath, M. (2006). Prevalence of feline cataract: results of a cross-sectional study of 2000 normal animals, 50 cats with diabetes and one hundred cats following dehydrational crises. Veterinary Ophthalmology, 9(5), 341–349. https://doi.org/10.1111/j.1463-5224.2006.00497.x"
Cataract prevalence reaches 70%,,5430.5,Felis,2,Female,"Williams, D. L., & Fred Heath, M. (2006). Prevalence of feline cataract: results of a cross-sectional study of 2000 normal animals, 50 cats with diabetes and one hundred cats following dehydrational crises. Veterinary Ophthalmology, 9(5), 341–349. https://doi.org/10.1111/j.1463-5224.2006.00497.x"
Cataract with diabetes prevalence reaches 50%,Captive client,2109,Felis,2,Male+Female,"Williams, D. L., & Fred Heath, M. (2006). Prevalence of feline cataract: results of a cross-sectional study of 2000 normal animals, 50 cats with diabetes and one hundred cats following dehydrational crises. Veterinary Ophthalmology, 9(5), 341–349. https://doi.org/10.1111/j.1463-5224.2006.00497.x"
Cerebellar primordium emerges,Captive Laboratory,24,Felis,2,Male+Female,"Knospe, C. (2002). Periods and stages of the prenatal development of the domestic cat. Anatomia, Histologia, Embryologia, 31(1), 37–51. https://doi.org/10.1046/j.1439-0264.2002.00360.x"
Cerebral cortex gyrification: Major Sulci Appearance,Captive Laboratory,82.5,Felis,2,Male+Female,"Takahashi E, Dai G, Rosen GD, Wang R, Ohki K, Folkerth RD, Galaburda AM, Wedeen VJ, Ellen Grant P. Developing neocortex organization and connectivity in cats revealed by direct correlation of diffusion tractography and histology. Cereb Cortex. 2011 Jan;21(1):200-11. doi: 10.1093/cercor/bhq084. Epub 2010 May 21. PMID: 20494968; PMCID: PMC3025725."
Cervic vertebrae ossification (Onset),Captive Laboratory,36,Felis,2,Male+Female,"Boyd, J. S. (1976). Studies on the appearance of the centres of ossification of the axial skeleton in the feline fœtus. Anatomia, Histologia, Embryologia, 5(3), 193-205."
Cervic vertebrae ossification (Onset),Captive Laboratory,37,Felis,2,Male+Female,"Boyd, J. S. (1976). Studies on the appearance of the centres of ossification of the axial skeleton in the feline fœtus. Anatomia, Histologia, Embryologia, 5(3), 193-205."
Clavicle ossification (Onset),Captive Laboratory,29.5,Felis,2,Male+Female,Boyd JS. Patterns of ossification in the feline foetus: A study of the foetal development of the skeleton of the feline using comparative methods. University of Glasgow (United Kingdom); 1974.
Cliff aversion (Onset),Captive Laboratory,75,Felis,1,Male+Female,"Beaver B, Sensory development of Felis catus, Laboratory Animals 14:199-201 1980"
Cliff aversion (Onset),Captive Laboratory,78.2,Felis,2,Male+Female,"Beaver B, Sensory development of Felis catus, Laboratory Animals 14:199-201 1980"
Cliff aversion (Onset),Captive Laboratory,79.5,Felis,2,Male+Female,"Beaver B, Sensory development of Felis catus, Laboratory Animals 14:199-201 1980"
Cliff aversion (Onset),Captive Laboratory,84,Felis,3,Male+Female,"Beaver B, Sensory development of Felis catus, Laboratory Animals 14:199-201 1980"
Cones neurogenesis (Peak),Captive Laboratory,36,Felis,2,Male+Female,"Workman AD, Charvet CJ, Clancy B, Darlington RB, Finlay BL. Modeling transformations of neurodevelopmental sequences across mammalian species. Journal of Neuroscience. 2013 Apr 24;33(17):7368-83."
Contour lens/iris,Captive Laboratory,18.5,Felis,2,Male+Female,"Werneburg I, Geiger M. Ontogeny of domestic dogs and the developmental foundations of carnivoran domestication. Journal of Mammalian Evolution. 2017 Sep;24:323-43."
Corpus callosum appearance,Captive Laboratory,39,Felis,2,Male+Female,"Workman AD, Charvet CJ, Clancy B, Darlington RB, Finlay BL. Modeling transformations of neurodevelopmental sequences across mammalian species. Journal of Neuroscience. 2013 Apr 24;33(17):7368-83."
Corpus Callosum Body myelination (Offset),Captive Laboratory,155,Felis,2,Male+Female,"Workman AD, Charvet CJ, Clancy B, Darlington RB, Finlay BL. Modeling transformations of neurodevelopmental sequences across mammalian species. Journal of Neuroscience. 2013 Apr 24;33(17):7368-83."
Corpus Callosum Body myelination (Onset),Captive Laboratory,79,Felis,2,Male+Female,"Workman AD, Charvet CJ, Clancy B, Darlington RB, Finlay BL. Modeling transformations of neurodevelopmental sequences across mammalian species. Journal of Neuroscience. 2013 Apr 24;33(17):7368-83."
"Cortical plate first observed/visible, first cortical plate neurons born",Captive Laboratory,24,Felis,2,Male+Female,"Workman AD, Charvet CJ, Clancy B, Darlington RB, Finlay BL. Modeling transformations of neurodevelopmental sequences across mammalian species. Journal of Neuroscience. 2013 Apr 24;33(17):7368-83."
Cortical subventricular zone (abventricular cells) (Onset),Captive Laboratory,27.75,Felis,2,Male+Female,Averaged across the rostral to caudal pole. Charvet CJ. Distinct developmental growth patterns account for the disproportionate expansion of the rostral and caudal isocortex in evolution. Front Hum Neurosci. 2014 Apr 8;8:190. doi: 10.3389/fnhum.2014.00190.  24782736; PMCID: PMC3986531.
Crawl (Onset),,72,Felis,1,Male+Female,"Expected range; Veronesi MC, Fusi J. Feline neonatology: From birth to commencement of weaning - what to know for successful management. J Feline Med Surg. 2022 Mar;24(3):232-242. doi: 10.1177/1098612X221079709. PMID: 35209772."
Crawl (Onset),Captive Laboratory,75.5,Felis,2,Male+Female,"Expected range; Veronesi MC, Fusi J. Feline neonatology: From birth to commencement of weaning - what to know for successful management. J Feline Med Surg. 2022 Mar;24(3):232-242. doi: 10.1177/1098612X221079709. PMID: 35209772."
Crawl (Onset),,79,Felis,3,Male+Female,"Expected range; Veronesi MC, Fusi J. Feline neonatology: From birth to commencement of weaning - what to know for successful management. J Feline Med Surg. 2022 Mar;24(3):232-242. doi: 10.1177/1098612X221079709. PMID: 35209772."
Creatinine % plateaus,Captive client,2445.76,Felis,2,Male,CatAge dataset (known date of birth or got the cat as a young kitten 8 weeks or less)
Creatinine % plateaus,Captive Laboratory,1737.51,Felis,2,Female,SRRC Auburn cat colony
Creatinine % plateaus,Captive Laboratory,1281.58,Felis,2,Male,SRRC Auburn cat colony
Creatinine % reaches 60% of the plateau,Captive Laboratory,226.534,Felis,2,Male,SRRC Auburn cat colony
Creatinine % reaches 70% of the plateau,Captive client,653.52,Felis,2,Male,CatAge dataset (known date of birth or got the cat as a young kitten 8 weeks or less)
Creatinine % reaches 70% of the plateau,Captive Laboratory,490.296,Felis,2,Male,SRRC Auburn cat colony
Creatinine % reaches 80% of the plateau,Captive client,1056.63,Felis,2,Male,CatAge dataset (known date of birth or got the cat as a young kitten 8 weeks or less)
Creatinine % reaches 80% of the plateau,Captive Laboratory,227.724,Felis,2,Female,SRRC Auburn cat colony
Creatinine % reaches 80% of the plateau,Captive Laboratory,754.058,Felis,2,Male,SRRC Auburn cat colony
Creatinine % reaches 90% of the plateau,Captive client,1751.19,Felis,2,Male,CatAge dataset (known date of birth or got the cat as a young kitten 8 weeks or less)
Creatinine % reaches 90% of the plateau,Captive Laboratory,982.615,Felis,2,Female,SRRC Auburn cat colony
Creatinine % reaches 90% of the plateau,Captive Laboratory,1017.82,Felis,2,Male,SRRC Auburn cat colony
Deciduous canines eruption,,83,Felis,2,Male+Female,"Orsini P, Hennet P. Anatomy of the mouth and teeth of the cat. Vet Clin North Am Small Anim Pract. 1992 Nov;22(6):1265-77. doi: 10.1016/s0195-5616(92)50126-7. PMID: 1455572."
Deciduous teeth eruption (Offset),,125,Felis,2,Male+Female,"Orsini P, Hennet P. Anatomy of the mouth and teeth of the cat. Vet Clin North Am Small Anim Pract. 1992 Nov;22(6):1265-77. doi: 10.1016/s0195-5616(92)50126-7. PMID: 1455572."
Deciduous teeth eruption (Offset),,130,Felis,2,Male+Female,Wright J. Biological significance of mammalian milk teeth. Cornell University; 1983.
Deciduous teeth eruption (Onset),Captive client,89.5,Felis,2,Male+Female,Launching and operating a succesful kitten nursery. A review of approaches and practices for animal shelters and rescue orgaizations. Prepared by the The National Kitten Coalition. 2017.
Deciduous teeth eruption (Onset),,76,Felis,1,Male+Female,"Orsini P, Hennet P. Anatomy of the mouth and teeth of the cat. Vet Clin North Am Small Anim Pract. 1992 Nov;22(6):1265-77. doi: 10.1016/s0195-5616(92)50126-7. PMID: 1455572."
Deciduous teeth eruption (Onset),,78,Felis,2,Male+Female,"Orsini P, Hennet P. Anatomy of the mouth and teeth of the cat. Vet Clin North Am Small Anim Pract. 1992 Nov;22(6):1265-77. doi: 10.1016/s0195-5616(92)50126-7. PMID: 1455572."
Deciduous teeth eruption (Onset),,80,Felis,3,Male+Female,"Orsini P, Hennet P. Anatomy of the mouth and teeth of the cat. Vet Clin North Am Small Anim Pract. 1992 Nov;22(6):1265-77. doi: 10.1016/s0195-5616(92)50126-7. PMID: 1455572."
Deciduous teeth eruption (Onset),Captive client,75.86,Felis,1,Male+Female,"Smith R. Individual variation in onset of behavioural traits in the domestic cat (Felis catus) as assessed by owner/carer survey (Doctoral dissertation, University of Lincoln)."
Deciduous teeth eruption (Onset),Captive client,86.11,Felis,2,Male+Female,"Smith R. Individual variation in onset of behavioural traits in the domestic cat (Felis catus) as assessed by owner/carer survey (Doctoral dissertation, University of Lincoln)."
Deciduous teeth eruption (Onset),Captive client,86.43,Felis,2,Male+Female,"Smith R. Individual variation in onset of behavioural traits in the domestic cat (Felis catus) as assessed by owner/carer survey (Doctoral dissertation, University of Lincoln)."
Deciduous teeth eruption (Onset),Captive client,97,Felis,3,Male+Female,"Smith R. Individual variation in onset of behavioural traits in the domestic cat (Felis catus) as assessed by owner/carer survey (Doctoral dissertation, University of Lincoln)."
Deciduous teeth eruption (Onset),Captive client,75.86,Felis,1,Male+Female,"Smith R. Individual variation in onset of behavioural traits in the domestic cat (Felis catus) as assessed by owner/carer survey (Doctoral dissertation, University of Lincoln)."
Deciduous teeth eruption (Onset),Captive client,86.08,Felis,2,Male+Female,"Smith R. Individual variation in onset of behavioural traits in the domestic cat (Felis catus) as assessed by owner/carer survey (Doctoral dissertation, University of Lincoln)."
Deciduous teeth eruption (Onset),Captive client,82.43,Felis,2,Male+Female,"Smith R. Individual variation in onset of behavioural traits in the domestic cat (Felis catus) as assessed by owner/carer survey (Doctoral dissertation, University of Lincoln)."
Deciduous teeth eruption (Onset),Captive client,89,Felis,3,Male+Female,"Smith R. Individual variation in onset of behavioural traits in the domestic cat (Felis catus) as assessed by owner/carer survey (Doctoral dissertation, University of Lincoln)."
Deciduous teeth eruption (Onset),Captive client,80.9,Felis,1,Male+Female,"Smith R. Individual variation in onset of behavioural traits in the domestic cat (Felis catus) as assessed by owner/carer survey (Doctoral dissertation, University of Lincoln)."
Deciduous teeth eruption (Onset),Captive client,87.38,Felis,2,Male+Female,"Smith R. Individual variation in onset of behavioural traits in the domestic cat (Felis catus) as assessed by owner/carer survey (Doctoral dissertation, University of Lincoln)."
Deciduous teeth eruption (Onset),Captive client,88.95,Felis,2,Male+Female,"Smith R. Individual variation in onset of behavioural traits in the domestic cat (Felis catus) as assessed by owner/carer survey (Doctoral dissertation, University of Lincoln)."
Deciduous teeth eruption (Onset),Captive client,97,Felis,3,Male+Female,"Smith R. Individual variation in onset of behavioural traits in the domestic cat (Felis catus) as assessed by owner/carer survey (Doctoral dissertation, University of Lincoln)."
Deciduous teeth eruption (Onset),Captive client,75.88,Felis,1,Male+Female,"Smith R. Individual variation in onset of behavioural traits in the domestic cat (Felis catus) as assessed by owner/carer survey (Doctoral dissertation, University of Lincoln)."
Deciduous teeth eruption (Onset),Captive client,84.41,Felis,2,Male+Female,"Smith R. Individual variation in onset of behavioural traits in the domestic cat (Felis catus) as assessed by owner/carer survey (Doctoral dissertation, University of Lincoln)."
Deciduous teeth eruption (Onset),Captive client,85.94,Felis,2,Male+Female,"Smith R. Individual variation in onset of behavioural traits in the domestic cat (Felis catus) as assessed by owner/carer survey (Doctoral dissertation, University of Lincoln)."
Deciduous teeth eruption (Onset),Captive client,96,Felis,3,Male+Female,"Smith R. Individual variation in onset of behavioural traits in the domestic cat (Felis catus) as assessed by owner/carer survey (Doctoral dissertation, University of Lincoln)."
Deciduous teeth eruption (Onset),Captive client,86,Felis,2,Male+Female,"Smith R. Individual variation in onset of behavioural traits in the domestic cat (Felis catus) as assessed by owner/carer survey (Doctoral dissertation, University of Lincoln)."
Deciduous teeth eruption (Onset),Captive client,86,Felis,2,Male+Female,"Smith R. Individual variation in onset of behavioural traits in the domestic cat (Felis catus) as assessed by owner/carer survey (Doctoral dissertation, University of Lincoln)."
Deciduous teeth eruption (Onset),Captive client,84,Felis,2,Male+Female,"Smith R. Individual variation in onset of behavioural traits in the domestic cat (Felis catus) as assessed by owner/carer survey (Doctoral dissertation, University of Lincoln)."
Deciduous teeth eruption (Onset),,73.5,Felis,2,Male+Female,Wright J. Biological significance of mammalian milk teeth. Cornell University; 1983.
Digital grooves (forelimb),Captive Laboratory,22,Felis,2,Male+Female,"Werneburg I, Geiger M. Ontogeny of domestic dogs and the developmental foundations of carnivoran domestication. Journal of Mammalian Evolution. 2017 Sep;24:323-43."
Digital serration (forelimb),Captive Laboratory,24,Felis,2,Male+Female,"Werneburg I, Geiger M. Ontogeny of domestic dogs and the developmental foundations of carnivoran domestication. Journal of Mammalian Evolution. 2017 Sep;24:323-43."
Distal epiphysis of the fibula appearance,Captive Laboratory,93,Felis,3,Male+Female,"Smith, R.N., 1968. Appearance of Ossification Centres in the Kitten: Part I. Skeletal development of kittens, recorded as individual bones, Part II. Skeletal development of kittens, recorded weekly. Journal of Small Animal Practice, 9(10), pp.497-511."
Distal epiphysis of the fibula appearance,Captive Laboratory,86,Felis,2,Male+Female,"Smith, R.N., 1968. Appearance of Ossification Centres in the Kitten: Part I. Skeletal development of kittens, recorded as individual bones, Part II. Skeletal development of kittens, recorded weekly. Journal of Small Animal Practice, 9(10), pp.497-511."
Distal epiphysis of the Radius appearance,Captive Laboratory,93,Felis,3,Male+Female,"Smith, R.N., 1968. Appearance of Ossification Centres in the Kitten: Part I. Skeletal development of kittens, recorded as individual bones, Part II. Skeletal development of kittens, recorded weekly. Journal of Small Animal Practice, 9(10), pp.497-511."
Distal epiphysis of the Radius appearance,,86,Felis,2,Male+Female,"Smith, R.N., 1968. Appearance of Ossification Centres in the Kitten: Part I. Skeletal development of kittens, recorded as individual bones, Part II. Skeletal development of kittens, recorded weekly. Journal of Small Animal Practice, 9(10), pp.497-511."
Distal epiphysis of the Radius appearance,,79,Felis,1,Male+Female,"Smith, R.N., 1968. Appearance of Ossification Centres in the Kitten: Part I. Skeletal development of kittens, recorded as individual bones, Part II. Skeletal development of kittens, recorded weekly. Journal of Small Animal Practice, 9(10), pp.497-511."
Distal epiphysis of the tibia Appearance,Captive Laboratory,79,Felis,2,Male+Female,"Smith, R.N., 1968. Appearance of Ossification Centres in the Kitten: Part I. Skeletal development of kittens, recorded as individual bones, Part II. Skeletal development of kittens, recorded weekly. Journal of Small Animal Practice, 9(10), pp.497-511."
Distal phalanx 3 ossification (Onset),Captive Laboratory,31,Felis,2,Male+Female,"Prochel J, Vogel P, Sánchez-Villagra MR. Hand development and sequence of ossification in the forelimb of the European shrew Crocidura russula (Soricidae) and comparisons across therian mammals. J Anat. 2004 Aug;205(2):99-111. doi: 10.1111/j.0021-8782.2004.00321.x. PMID: 15291793; PMCID: PMC1571333."
Dorsal lateral geniculate nucleus  neurogenesis (Offset),Captive Laboratory,31.5,Felis,2,Male+Female,"Workman AD, Charvet CJ, Clancy B, Darlington RB, Finlay BL. Modeling transformations of neurodevelopmental sequences across mammalian species. Journal of Neuroscience. 2013 Apr 24;33(17):7368-83."
Dorsal lateral geniculate nucleus  neurogenesis (Onset),Captive Laboratory,21.5,Felis,2,Male+Female,"Workman AD, Charvet CJ, Clancy B, Darlington RB, Finlay BL. Modeling transformations of neurodevelopmental sequences across mammalian species. Journal of Neuroscience. 2013 Apr 24;33(17):7368-83."
Dorsal lateral geniculate nucleus  neurogenesis (Peak),Captive Laboratory,27,Felis,2,Male+Female,"Workman AD, Charvet CJ, Clancy B, Darlington RB, Finlay BL. Modeling transformations of neurodevelopmental sequences across mammalian species. Journal of Neuroscience. 2013 Apr 24;33(17):7368-83."
Ears open (auditory canals fully open or external ear canals opening),Captive Laboratory,72,Felis,1,Male+Female,"Beaver B, Sensory development of Felis catus, Laboratory Animals 14:199-201 1980"
Ears open (auditory canals fully open or external ear canals opening),Captive Laboratory,74.5,Felis,2,Male+Female,"Beaver B, Sensory development of Felis catus, Laboratory Animals 14:199-201 1980"
Ears open (auditory canals fully open or external ear canals opening),Captive Laboratory,77,Felis,2,Male+Female,"Beaver B, Sensory development of Felis catus, Laboratory Animals 14:199-201 1980"
Ears open (auditory canals fully open or external ear canals opening),Captive Laboratory,82,Felis,3,Male+Female,"Beaver B, Sensory development of Felis catus, Laboratory Animals 14:199-201 1980"
Ears open (auditory canals fully open or external ear canals opening),Captive Laboratory,57,Felis,2,Male+Female,"Boyd, J. S. (1976). Studies on the appearance of the centres of ossification of the axial skeleton in the feline fœtus. Anatomia, Histologia, Embryologia, 5(3), 193-205."
Ears open (auditory canals fully open or external ear canals opening),Captive Laboratory,75.13,Felis,1,Male+Female,"Olmstead CE, Villablanca JR. Development of behavioral audition in the kitten. Physiology & Behavior. 1980 Apr 1;24(4):705-12."
Ears open (auditory canals fully open or external ear canals opening),Captive Laboratory,78.2,Felis,2,Male+Female,"Olmstead CE, Villablanca JR. Development of behavioral audition in the kitten. Physiology & Behavior. 1980 Apr 1;24(4):705-12."
Ears open (auditory canals fully open or external ear canals opening),Captive Laboratory,81.24,Felis,3,Male+Female,"Olmstead CE, Villablanca JR. Development of behavioral audition in the kitten. Physiology & Behavior. 1980 Apr 1;24(4):705-12."
Ears open (auditory canals fully open or external ear canals opening),,71,Felis,1,Male+Female,"Veronesi MC, Fusi J. Feline neonatology: From birth to commencement of weaning - what to know for successful management. J Feline Med Surg. 2022 Mar;24(3):232-242. doi: 10.1177/1098612X221079709. PMID: 35209772."
Ears open (auditory canals fully open or external ear canals opening),,75,Felis,2,Male+Female,"Veronesi MC, Fusi J. Feline neonatology: From birth to commencement of weaning - what to know for successful management. J Feline Med Surg. 2022 Mar;24(3):232-242. doi: 10.1177/1098612X221079709. PMID: 35209772."
Ears open (auditory canals fully open or external ear canals opening),,79,Felis,3,Male+Female,"Veronesi MC, Fusi J. Feline neonatology: From birth to commencement of weaning - what to know for successful management. J Feline Med Surg. 2022 Mar;24(3):232-242. doi: 10.1177/1098612X221079709. PMID: 35209772."
Eats solid food (Onset),Captive client,76.12,Felis,1,Male+Female,"Smith R. Individual variation in onset of behavioural traits in the domestic cat (Felis catus) as assessed by owner/carer survey (Doctoral dissertation, University of Lincoln)."
Eats solid food (Onset),Captive client,76.95,Felis,1,Male+Female,"Smith R. Individual variation in onset of behavioural traits in the domestic cat (Felis catus) as assessed by owner/carer survey (Doctoral dissertation, University of Lincoln)."
Eats solid food (Onset),Captive client,85.9,Felis,1,Male+Female,"Smith R. Individual variation in onset of behavioural traits in the domestic cat (Felis catus) as assessed by owner/carer survey (Doctoral dissertation, University of Lincoln)."
Eats solid food (Onset),Captive client,121.1,Felis,3,Male+Female,"Smith R. Individual variation in onset of behavioural traits in the domestic cat (Felis catus) as assessed by owner/carer survey (Doctoral dissertation, University of Lincoln)."
Eats solid food (Onset),Captive client,115.99,Felis,3,Male+Female,"Smith R. Individual variation in onset of behavioural traits in the domestic cat (Felis catus) as assessed by owner/carer survey (Doctoral dissertation, University of Lincoln)."
Eats solid food (Onset),Captive client,104,Felis,3,Male+Female,"Smith R. Individual variation in onset of behavioural traits in the domestic cat (Felis catus) as assessed by owner/carer survey (Doctoral dissertation, University of Lincoln)."
Eats solid food (Onset),Captive client,121.1,Felis,3,Male+Female,"Smith R. Individual variation in onset of behavioural traits in the domestic cat (Felis catus) as assessed by owner/carer survey (Doctoral dissertation, University of Lincoln)."
Eats solid food (Onset),Captive client,96.9,Felis,2,Male+Female,"Smith R. Individual variation in onset of behavioural traits in the domestic cat (Felis catus) as assessed by owner/carer survey (Doctoral dissertation, University of Lincoln)."
Eats solid food (Onset),Captive client,97.23,Felis,2,Male+Female,"Smith R. Individual variation in onset of behavioural traits in the domestic cat (Felis catus) as assessed by owner/carer survey (Doctoral dissertation, University of Lincoln)."
Eats solid food (Onset),Captive client,95.91,Felis,2,Male+Female,"Smith R. Individual variation in onset of behavioural traits in the domestic cat (Felis catus) as assessed by owner/carer survey (Doctoral dissertation, University of Lincoln)."
Eats solid food (Onset),Captive client,96.42,Felis,2,Male+Female,"Smith R. Individual variation in onset of behavioural traits in the domestic cat (Felis catus) as assessed by owner/carer survey (Doctoral dissertation, University of Lincoln)."
Eats solid food (Onset),Captive client,97,Felis,2,Male+Female,"Smith R. Individual variation in onset of behavioural traits in the domestic cat (Felis catus) as assessed by owner/carer survey (Doctoral dissertation, University of Lincoln)."
Eats solid food (Onset),Captive client,95,Felis,2,Male+Female,"Smith R. Individual variation in onset of behavioural traits in the domestic cat (Felis catus) as assessed by owner/carer survey (Doctoral dissertation, University of Lincoln)."
Eats solid food (Onset),Captive client,97,Felis,2,Male+Female,"Smith R. Individual variation in onset of behavioural traits in the domestic cat (Felis catus) as assessed by owner/carer survey (Doctoral dissertation, University of Lincoln)."
Entorhinal cortex neurogenesis (Offset),Captive Laboratory,40,Felis,2,Male+Female,"Workman AD, Charvet CJ, Clancy B, Darlington RB, Finlay BL. Modeling transformations of neurodevelopmental sequences across mammalian species. Journal of Neuroscience. 2013 Apr 24;33(17):7368-83."
Entorhinal cortex neurogenesis (Onset),Captive Laboratory,21,Felis,2,Male+Female,"Workman AD, Charvet CJ, Clancy B, Darlington RB, Finlay BL. Modeling transformations of neurodevelopmental sequences across mammalian species. Journal of Neuroscience. 2013 Apr 24;33(17):7368-83."
Exoccipitals ossification (Onset),Captive Laboratory,34.5,Felis,2,Male+Female,"Boyd, J. S. (1976). Studies on the appearance of the centres of ossification of the axial skeleton in the feline fœtus. Anatomia, Histologia, Embryologia, 5(3), 193-205."
External granular layer in cerebellum thickness (Peak/Decline initiates),Captive Laboratory,80,Felis,2,Male+Female,"Dacey ML, Wallace RB. Postnatal neurogenesis in the feline cerebellum: a structural-functional investigation. Acta Neurobiol Exp (Wars). 1974;34(2):253-63. PMID: 4853714."
External nare is visible,Captive Laboratory,20,Felis,2,Male+Female,"Cordero GA, Sánchez-Villagra MR, Werneburg I. An irregular hourglass pattern describes the tempo of phenotypic development in placental mammal evolution. Biology letters. 2020 May 27;16(5):20200087."
Eye opening,Captive Laboratory,74.5,Felis,2,Male,Auburn colony
Eye opening,Captive Laboratory,73,Felis,2,Male,Auburn colony
Eye opening,Captive Laboratory,74,Felis,2,Male,Auburn colony
Eye opening,Captive Laboratory,74.5,Felis,2,Male+Female,Auburn colony
Eye opening,Captive Laboratory,71,Felis,1,Male+Female,"Beaver B, Sensory development of Felis catus, Laboratory Animals 14:199-201 1980"
Eye opening,Captive Laboratory,76.5,Felis,2,Male+Female,"Beaver B, Sensory development of Felis catus, Laboratory Animals 14:199-201 1980"
Eye opening,Captive Laboratory,82,Felis,3,Male+Female,"Beaver B, Sensory development of Felis catus, Laboratory Animals 14:199-201 1980"
Eye opening,Captive Laboratory,68,Felis,1,Male+Female,"Blakemore C, Cummings RM. Eye-opening in kittens. Vision Research. 1975 Dec 1;15(12):1417-IN9."
Eye opening,Captive Laboratory,72.5,Felis,2,Male+Female,"Blakemore C, Cummings RM. Eye-opening in kittens. Vision Research. 1975 Dec 1;15(12):1417-IN9."
Eye opening,Captive Laboratory,77,Felis,3,Male+Female,"Blakemore C, Cummings RM. Eye-opening in kittens. Vision Research. 1975 Dec 1;15(12):1417-IN9."
Eye opening,Captive Laboratory,73,Felis,2,Male+Female,"Bonds AB, Freeman RD. Development of optical quality in the kitten eye. Vision Research. 1978 Jan 1;18(4):391-8."
Eye opening,Captive Laboratory,71,Felis,1,Male+Female,"Bonds AB, Freeman RD. Development of optical quality in the kitten eye. Vision Research. 1978 Jan 1;18(4):391-8."
Eye opening,Captive Laboratory,75,Felis,3,Male+Female,"Bonds AB, Freeman RD. Development of optical quality in the kitten eye. Vision Research. 1978 Jan 1;18(4):391-8."
Eye opening,Captive Laboratory,71.5,Felis,2,Male+Female,"Braastad BO, Heggelund P. Eye‐opening in kittens: Effects of light and some biological factors. Developmental Psychobiology: The Journal of the International Society for Developmental Psychobiology. 1984 Nov;17(6):675-81."
Eye opening,Captive client,73.25,Felis,2,Male+Female,"Smith R. Individual variation in onset of behavioural traits in the domestic cat (Felis catus) as assessed by owner/carer survey (Doctoral dissertation, University of Lincoln)."
Eye opening,Captive client,73.25,Felis,2,Male+Female,"Smith R. Individual variation in onset of behavioural traits in the domestic cat (Felis catus) as assessed by owner/carer survey (Doctoral dissertation, University of Lincoln)."
Eye opening,Captive client,72.35,Felis,2,Male+Female,"Smith R. Individual variation in onset of behavioural traits in the domestic cat (Felis catus) as assessed by owner/carer survey (Doctoral dissertation, University of Lincoln)."
Eye opening,Captive client,73.35,Felis,2,Male+Female,"Smith R. Individual variation in onset of behavioural traits in the domestic cat (Felis catus) as assessed by owner/carer survey (Doctoral dissertation, University of Lincoln)."
Eye opening,Captive Laboratory,70,Felis,1,Male+Female,"Villablanca JR, Olmstead CE. Neurological development of kittens. Developmental Psychobiology: The Journal of the International Society for Developmental Psychobiology. 1979 Mar;12(2):101-27."
Eye opening,Captive Laboratory,74.5,Felis,2,Male+Female,"Villablanca JR, Olmstead CE. Neurological development of kittens. Developmental Psychobiology: The Journal of the International Society for Developmental Psychobiology. 1979 Mar;12(2):101-27."
Eye opening,Captive Laboratory,79,Felis,3,Male+Female,"Villablanca JR, Olmstead CE. Neurological development of kittens. Developmental Psychobiology: The Journal of the International Society for Developmental Psychobiology. 1979 Mar;12(2):101-27."
Eye opening,Captive Laboratory,74,Felis,2,Male+Female,"Yinon U, Koslowe KC, Rassin MI. The optical effects of eyelid closure on the eyes of kittens reared in light and dark. Current Eye Research. 1984 Jan 1;3(3):431-9."
Eye opening,Captive Laboratory,74.1,Felis,2,Male,"Yinon U, Koslowe KC, Rassin MI. The optical effects of eyelid closure on the eyes of kittens reared in light and dark. Current Eye Research. 1984 Jan 1;3(3):431-9."
Eye opening,Captive Laboratory,73.4,Felis,2,Female,"Yinon U, Koslowe KC, Rassin MI. The optical effects of eyelid closure on the eyes of kittens reared in light and dark. Current Eye Research. 1984 Jan 1;3(3):431-9."
Eye opening,,72,Felis,2,Male+Female,"Workman AD, Charvet CJ, Clancy B, Darlington RB, Finlay BL. Modeling transformations of neurodevelopmental sequences across mammalian species. Journal of Neuroscience. 2013 Apr 24;33(17):7368-83."
Eye opening (Offset),Captive Laboratory,75,Felis,2,Male,Auburn colony
Eye opening (Offset),Captive Laboratory,74,Felis,2,Male,Auburn colony
Eye opening (Offset),Captive Laboratory,76,Felis,2,Male+Female,Auburn colony
Eye opening (Offset),Captive Laboratory,73,Felis,1,Male+Female,"Beaver B, Sensory development of Felis catus, Laboratory Animals 14:199-201 1980"
Eye opening (Offset),Captive Laboratory,76.9,Felis,2,Male+Female,"Beaver B, Sensory development of Felis catus, Laboratory Animals 14:199-201 1980"
Eye opening (Offset),Captive Laboratory,77.5,Felis,2,Male+Female,"Beaver B, Sensory development of Felis catus, Laboratory Animals 14:199-201 1980"
Eye opening (Offset),Captive Laboratory,82,Felis,3,Male+Female,"Beaver B, Sensory development of Felis catus, Laboratory Animals 14:199-201 1980"
Eye opening (Offset),Captive Laboratory,69,Felis,1,Male+Female,"Blakemore C, Cummings RM. Eye-opening in kittens. Vision Research. 1975 Dec 1;15(12):1417-IN9."
Eye opening (Offset),Captive Laboratory,73,Felis,2,Male+Female,"Blakemore C, Cummings RM. Eye-opening in kittens. Vision Research. 1975 Dec 1;15(12):1417-IN9."
Eye opening (Offset),Captive Laboratory,69,Felis,1,Male+Female,"Braastad BO, Heggelund P. Eye‐opening in kittens: Effects of light and some biological factors. Developmental Psychobiology: The Journal of the International Society for Developmental Psychobiology. 1984 Nov;17(6):675-81."
Eye opening (Offset),Captive Laboratory,74,Felis,2,Male+Female,"Braastad BO, Heggelund P. Eye‐opening in kittens: Effects of light and some biological factors. Developmental Psychobiology: The Journal of the International Society for Developmental Psychobiology. 1984 Nov;17(6):675-81."
Eye opening (Offset),Captive Laboratory,78,Felis,3,Male+Female,"Braastad BO, Heggelund P. Eye‐opening in kittens: Effects of light and some biological factors. Developmental Psychobiology: The Journal of the International Society for Developmental Psychobiology. 1984 Nov;17(6):675-81."
Eye opening (Offset),Captive client,84.9,Felis,3,Male+Female,"Smith R. Individual variation in onset of behavioural traits in the domestic cat (Felis catus) as assessed by owner/carer survey (Doctoral dissertation, University of Lincoln)."
Eye opening (Offset),Captive client,75.56,Felis,2,Male+Female,"Smith R. Individual variation in onset of behavioural traits in the domestic cat (Felis catus) as assessed by owner/carer survey (Doctoral dissertation, University of Lincoln)."
Eye opening (Offset),Captive client,75,Felis,2,Male+Female,"Smith R. Individual variation in onset of behavioural traits in the domestic cat (Felis catus) as assessed by owner/carer survey (Doctoral dissertation, University of Lincoln)."
Eye opening (Offset),Captive client,85,Felis,3,Male+Female,"Smith R. Individual variation in onset of behavioural traits in the domestic cat (Felis catus) as assessed by owner/carer survey (Doctoral dissertation, University of Lincoln)."
Eye opening (Offset),Captive client,73,Felis,1,Male+Female,"Smith R. Individual variation in onset of behavioural traits in the domestic cat (Felis catus) as assessed by owner/carer survey (Doctoral dissertation, University of Lincoln)."
Eye opening (Offset),Captive client,74.81,Felis,2,Male+Female,"Smith R. Individual variation in onset of behavioural traits in the domestic cat (Felis catus) as assessed by owner/carer survey (Doctoral dissertation, University of Lincoln)."
Eye opening (Offset),Captive client,75.95,Felis,2,Male+Female,"Smith R. Individual variation in onset of behavioural traits in the domestic cat (Felis catus) as assessed by owner/carer survey (Doctoral dissertation, University of Lincoln)."
Eye opening (Offset),Captive client,78.9,Felis,3,Male+Female,"Smith R. Individual variation in onset of behavioural traits in the domestic cat (Felis catus) as assessed by owner/carer survey (Doctoral dissertation, University of Lincoln)."
Eye opening (Offset),Captive client,81,Felis,3,Male+Female,"Smith R. Individual variation in onset of behavioural traits in the domestic cat (Felis catus) as assessed by owner/carer survey (Doctoral dissertation, University of Lincoln)."
Eye opening (Offset),Captive Laboratory,70,Felis,1,Male+Female,"Villablanca JR, Olmstead CE. Neurological development of kittens. Developmental Psychobiology: The Journal of the International Society for Developmental Psychobiology. 1979 Mar;12(2):101-27."
Eye opening (Offset),Captive Laboratory,74.5,Felis,2,Male+Female,"Villablanca JR, Olmstead CE. Neurological development of kittens. Developmental Psychobiology: The Journal of the International Society for Developmental Psychobiology. 1979 Mar;12(2):101-27."
Eye opening (Onset),Captive Laboratory,74,Felis,2,Male,Auburn colony
Eye opening (Onset),Captive Laboratory,74,Felis,2,Male+Female,Auburn colony
Eye opening (Onset),Captive Laboratory,72,Felis,2,Male,Auburn colony
Eye opening (Onset),Captive Laboratory,73,Felis,2,Male+Female,Auburn colony
Eye opening (Onset),Captive Laboratory,71,Felis,1,Male+Female,"Beaver B, Sensory development of Felis catus, Laboratory Animals 14:199-201 1980"
Eye opening (Onset),Captive Laboratory,73.5,Felis,2,Male+Female,"Beaver B, Sensory development of Felis catus, Laboratory Animals 14:199-201 1980"
Eye opening (Onset),Captive Laboratory,73,Felis,2,Male+Female,"Beaver B, Sensory development of Felis catus, Laboratory Animals 14:199-201 1980"
Eye opening (Onset),Captive Laboratory,75,Felis,3,Male+Female,"Beaver B, Sensory development of Felis catus, Laboratory Animals 14:199-201 1980"
Eye opening (Onset),Captive Laboratory,72.5,Felis,2,Male+Female,"Blakemore C, Cummings RM. Eye-opening in kittens. Vision Research. 1975 Dec 1;15(12):1417-IN9."
Eye opening (Onset),Captive Laboratory,77,Felis,3,Male+Female,"Blakemore C, Cummings RM. Eye-opening in kittens. Vision Research. 1975 Dec 1;15(12):1417-IN9."
Eye opening (Onset),Captive Laboratory,65,Felis,1,Male+Female,"Braastad BO, Heggelund P. Eye‐opening in kittens: Effects of light and some biological factors. Developmental Psychobiology: The Journal of the International Society for Developmental Psychobiology. 1984 Nov;17(6):675-81."
Eye opening (Onset),Captive Laboratory,71.6,Felis,2,Male+Female,"Braastad BO, Heggelund P. Eye‐opening in kittens: Effects of light and some biological factors. Developmental Psychobiology: The Journal of the International Society for Developmental Psychobiology. 1984 Nov;17(6):675-81."
Eye opening (Onset),Captive Laboratory,76,Felis,3,Male+Female,"Braastad BO, Heggelund P. Eye‐opening in kittens: Effects of light and some biological factors. Developmental Psychobiology: The Journal of the International Society for Developmental Psychobiology. 1984 Nov;17(6):675-81."
Eye opening (Onset),Captive client,68.7,Felis,1,Male+Female,"Smith R. Individual variation in onset of behavioural traits in the domestic cat (Felis catus) as assessed by owner/carer survey (Doctoral dissertation, University of Lincoln)."
Eye opening (Onset),Captive client,72.85,Felis,2,Male+Female,"Smith R. Individual variation in onset of behavioural traits in the domestic cat (Felis catus) as assessed by owner/carer survey (Doctoral dissertation, University of Lincoln)."
Eye opening (Onset),Captive client,77.8,Felis,3,Male+Female,"Smith R. Individual variation in onset of behavioural traits in the domestic cat (Felis catus) as assessed by owner/carer survey (Doctoral dissertation, University of Lincoln)."
Eye opening (Onset),Captive client,68.7,Felis,1,Male+Female,"Smith R. Individual variation in onset of behavioural traits in the domestic cat (Felis catus) as assessed by owner/carer survey (Doctoral dissertation, University of Lincoln)."
Eye opening (Onset),Captive client,73.24,Felis,2,Male+Female,"Smith R. Individual variation in onset of behavioural traits in the domestic cat (Felis catus) as assessed by owner/carer survey (Doctoral dissertation, University of Lincoln)."
Eye opening (Onset),Captive client,73,Felis,2,Male+Female,"Smith R. Individual variation in onset of behavioural traits in the domestic cat (Felis catus) as assessed by owner/carer survey (Doctoral dissertation, University of Lincoln)."
Eye opening (Onset),Captive client,77.85,Felis,3,Male+Female,"Smith R. Individual variation in onset of behavioural traits in the domestic cat (Felis catus) as assessed by owner/carer survey (Doctoral dissertation, University of Lincoln)."
Eye opening (Onset),Captive client,68.9,Felis,1,Male+Female,"Smith R. Individual variation in onset of behavioural traits in the domestic cat (Felis catus) as assessed by owner/carer survey (Doctoral dissertation, University of Lincoln)."
Eye opening (Onset),Captive client,72.17,Felis,2,Male+Female,"Smith R. Individual variation in onset of behavioural traits in the domestic cat (Felis catus) as assessed by owner/carer survey (Doctoral dissertation, University of Lincoln)."
Eye opening (Onset),Captive client,75.8,Felis,3,Male+Female,"Smith R. Individual variation in onset of behavioural traits in the domestic cat (Felis catus) as assessed by owner/carer survey (Doctoral dissertation, University of Lincoln)."
Eye opening (Onset),Captive client,68.7,Felis,1,Male+Female,"Smith R. Individual variation in onset of behavioural traits in the domestic cat (Felis catus) as assessed by owner/carer survey (Doctoral dissertation, University of Lincoln)."
Eye opening (Onset),Captive client,71.81,Felis,2,Male+Female,"Smith R. Individual variation in onset of behavioural traits in the domestic cat (Felis catus) as assessed by owner/carer survey (Doctoral dissertation, University of Lincoln)."
Eye opening (Onset),Captive client,78,Felis,3,Male+Female,"Smith R. Individual variation in onset of behavioural traits in the domestic cat (Felis catus) as assessed by owner/carer survey (Doctoral dissertation, University of Lincoln)."
Eye opening (Onset),Captive Laboratory,74,Felis,2,Male+Female,"Villablanca JR, Olmstead CE. Neurological development of kittens. Developmental Psychobiology: The Journal of the International Society for Developmental Psychobiology. 1979 Mar;12(2):101-27."
Eye opening (Onset),Captive Laboratory,78,Felis,3,Male+Female,"Villablanca JR, Olmstead CE. Neurological development of kittens. Developmental Psychobiology: The Journal of the International Society for Developmental Psychobiology. 1979 Mar;12(2):101-27."
Fasciculus retroflexus appearance,Captive Laboratory,21,Felis,2,Male+Female,"Workman AD, Charvet CJ, Clancy B, Darlington RB, Finlay BL. Modeling transformations of neurodevelopmental sequences across mammalian species. Journal of Neuroscience. 2013 Apr 24;33(17):7368-83."
Femur distal epiphysis appearance,Captive Laboratory,77,Felis,2,Male+Female,"Miranda FG, Souza IP, Viegas FM, Megda TT, Nepomuceno AC, Tôrres RC, Rezende CM. Radiographic study of the development of the pelvis and hip and the femorotibial joints in domestic cats. J Feline Med Surg. 2020 Jun;22(6):476-483. doi: 10.1177/1098612X19854809. Epub 2019 Jun 11. PMID: 31184248."
Femur distal epiphysis appearance,Captive Laboratory,75.5,Felis,3,Male+Female,"Smith, R.N., 1968. Appearance of Ossification Centres in the Kitten: Part I. Skeletal development of kittens, recorded as individual bones, Part II. Skeletal development of kittens, recorded weekly. Journal of Small Animal Practice, 9(10), pp.497-511."
Femur ossification (Onset),Captive Laboratory,29.5,Felis,2,Male+Female,Boyd JS. Patterns of ossification in the feline foetus: A study of the foetal development of the skeleton of the feline using comparative methods. University of Glasgow (United Kingdom); 1974.
Femur proximal epiphysis appearance,Captive Laboratory,80,Felis,2,Male+Female,"Miranda FG, Souza IP, Viegas FM, Megda TT, Nepomuceno AC, Tôrres RC, Rezende CM. Radiographic study of the development of the pelvis and hip and the femorotibial joints in domestic cats. J Feline Med Surg. 2020 Jun;22(6):476-483. doi: 10.1177/1098612X19854809. Epub 2019 Jun 11. PMID: 31184248."
Femur proximal epiphysis greater trochanter appearance,Captive Laboratory,96,Felis,2,Male+Female,"Miranda FG, Souza IP, Viegas FM, Megda TT, Nepomuceno AC, Tôrres RC, Rezende CM. Radiographic study of the development of the pelvis and hip and the femorotibial joints in domestic cats. J Feline Med Surg. 2020 Jun;22(6):476-483. doi: 10.1177/1098612X19854809. Epub 2019 Jun 11. PMID: 31184248."
Femur proximal epiphysis lesser trochanter appearance,Captive Laboratory,96,Felis,2,Male+Female,"Miranda FG, Souza IP, Viegas FM, Megda TT, Nepomuceno AC, Tôrres RC, Rezende CM. Radiographic study of the development of the pelvis and hip and the femorotibial joints in domestic cats. J Feline Med Surg. 2020 Jun;22(6):476-483. doi: 10.1177/1098612X19854809. Epub 2019 Jun 11. PMID: 31184248."
Fibula ossification (Onset),Captive Laboratory,32,Felis,2,Male+Female,Boyd JS. Patterns of ossification in the feline foetus: A study of the foetal development of the skeleton of the feline using comparative methods. University of Glasgow (United Kingdom); 1974.
Fingers emerge,Captive Laboratory,26.5,Felis,2,Male+Female,"Werneburg I, Geiger M. Ontogeny of domestic dogs and the developmental foundations of carnivoran domestication. Journal of Mammalian Evolution. 2017 Sep;24:323-43."
First claw (forelimb),Captive Laboratory,41,Felis,2,Male+Female,"Werneburg I, Geiger M. Ontogeny of domestic dogs and the developmental foundations of carnivoran domestication. Journal of Mammalian Evolution. 2017 Sep;24:323-43."
First claw (hindlimb),Captive Laboratory,41,Felis,2,Male+Female,"Werneburg I, Geiger M. Ontogeny of domestic dogs and the developmental foundations of carnivoran domestication. Journal of Mammalian Evolution. 2017 Sep;24:323-43."
First cortical visual evoked potential (VEP),Captive Laboratory,72,Felis,2,Male+Female,"Workman AD, Charvet CJ, Clancy B, Darlington RB, Finlay BL. Modeling transformations of neurodevelopmental sequences across mammalian species. Journal of Neuroscience. 2013 Apr 24;33(17):7368-83."
forelimb apical ectodermal ridge (AER),Captive Laboratory,18.5,Felis,2,Male+Female,"Cordero GA, Sánchez-Villagra MR, Werneburg I. An irregular hourglass pattern describes the tempo of phenotypic development in placental mammal evolution. Biology letters. 2020 May 27;16(5):20200087."
Forelimb bud emerges,Captive Laboratory,18,Felis,2,Male+Female,"Evans HE, Sack WO. Prenatal development of domestic and laboratory mammals: growth curves, external features and selected references. Zentralbl Veterinarmed C. 1973 Mar;2(1):11-45"
Forelimb bud emerges,Captive Laboratory,18.5,Felis,2,Male+Female,"Werneburg I, Geiger M. Ontogeny of domestic dogs and the developmental foundations of carnivoran domestication. Journal of Mammalian Evolution. 2017 Sep;24:323-43."
Forelimb digital plate,Captive Laboratory,20,Felis,2,Male+Female,"Werneburg I, Geiger M. Ontogeny of domestic dogs and the developmental foundations of carnivoran domestication. Journal of Mammalian Evolution. 2017 Sep;24:323-43."
Forelimb elbow,Captive Laboratory,20,Felis,2,Male+Female,"Werneburg I, Geiger M. Ontogeny of domestic dogs and the developmental foundations of carnivoran domestication. Journal of Mammalian Evolution. 2017 Sep;24:323-43."
Forelimb follicle (distal),Captive Laboratory,35,Felis,2,Male+Female,"Werneburg I, Geiger M. Ontogeny of domestic dogs and the developmental foundations of carnivoran domestication. Journal of Mammalian Evolution. 2017 Sep;24:323-43."
Forelimb follicle (proximal),Captive Laboratory,35,Felis,2,Male+Female,"Werneburg I, Geiger M. Ontogeny of domestic dogs and the developmental foundations of carnivoran domestication. Journal of Mammalian Evolution. 2017 Sep;24:323-43."
Forelimb hair emerges,Captive Laboratory,46,Felis,2,Male+Female,"Werneburg I, Geiger M. Ontogeny of domestic dogs and the developmental foundations of carnivoran domestication. Journal of Mammalian Evolution. 2017 Sep;24:323-43."
Forelimb ridge,Captive Laboratory,17.5,Felis,2,Male+Female,"Werneburg I, Geiger M. Ontogeny of domestic dogs and the developmental foundations of carnivoran domestication. Journal of Mammalian Evolution. 2017 Sep;24:323-43."
Fourth branchial arches emerges,Captive Laboratory,17,Felis,2,Male+Female,"Evans HE, Sack WO. Prenatal development of domestic and laboratory mammals: growth curves, external features and selected references. Zentralbl Veterinarmed C. 1973 Mar;2(1):11-45"
Fourth branchial arches emerges,Captive Laboratory,17.5,Felis,2,Male+Female,"Werneburg I, Geiger M. Ontogeny of domestic dogs and the developmental foundations of carnivoran domestication. Journal of Mammalian Evolution. 2017 Sep;24:323-43."
Frontal ossification (Onset),Captive Laboratory,30.5,Felis,2,Male+Female,"Boyd, J. S. (1976). Studies on the appearance of the centres of ossification of the axial skeleton in the feline fœtus. Anatomia, Histologia, Embryologia, 5(3), 193-205."
Ganglionic eminence post-proliferative zone appearance,Captive Laboratory,21.5,Felis,2,Male+Female,Charvet CJ. Distinct developmental growth patterns account for the disproportionate expansion of the rostral and caudal isocortex in evolution. Front Hum Neurosci. 2014 Apr 8;8:190. doi: 10.3389/fnhum.2014.00190.  24782736; PMCID: PMC3986531.
Gastrula stage,Captive Laboratory,9.5,Felis,2,Male+Female,"Knospe C. Periods and stages of the prenatal development of the domestic cat. Anatomia, histologia, embryologia. 2002 Feb;31(1):37-51."
Gastrula stage,Captive Laboratory,12,Felis,2,Male+Female,"Noden DM, Lahunta AD. The embryology of domestic animals. Developmental mechanisms and malformations. Williams & Wilkins; 1985."
Gestation as a reference point,Captive,65,Felis,2,Male+Female,"https://genomics.senescence.info/species/dataset.zip; AnAge Build 15; de Magalhaes, J. P., Abidi, Z., Dos Santos, G. A., Avelar, R. A., Barardo, D., Chatsirisupachai, K., Clark, P., De-Souza, E. A., Johnson, E. J., Lopes, I., Novoa, G., Senez, L., Talay, A., Thornton, D., & To, P. K. P. (2024). Human Ageing Genomic Resources: updates on key databases in ageing research. Nucleic Acids Res, 52(D1), D900-D908."
Reported Gestation,,65,Felis,2,Male+Female,"Garwicz, M., Christensson, M., & Psouni, E. (2009). A unifying model for timing of walking onset in humans and other mammals. Proc Natl Acad Sci U S A, 106(51), 21889-21893. https://doi.org/10.1073/pnas.0905777106"
Reported Gestation,Captive+Wild,62.99,Felis,2,Male+Female,"https://esapubs.org/archive/ecol/E090/184/PanTHERIA_1-0_WR05_Aug2008.txt; Jones, K. E., Bielby, J., Cardillo, M., Fritz, S. A., O'Dell, J., Orme, C. D. L., Safi, K., Sechrest, W., Boakes, E. H., Carbone, C., Connolly, C., Cutts, M. J., Foster, J. K., Grenyer, R., Habib, M., Plaster, C. A., Price, S. A., Rigby, E. A., Rist, J., . . . Michener, W. K. (2009). PanTHERIA: a species-level database of life history, ecology, and geography of extant and recently extinct mammals. Ecology, 90(9), 2648-2648. https://doi.org/10.1890/08-1494.1"
Reported Gestation,Captive client,57,Felis,1,Male+Female,"Musters J, De Gier J, Kooistra HS, Okkens AC. Questionnaire-based survey of parturition in the queen. Theriogenology. 2011 Jun 1;75(9):1596-601."
Reported Gestation,Captive client,64.5,Felis,2,Male+Female,"Musters J, De Gier J, Kooistra HS, Okkens AC. Questionnaire-based survey of parturition in the queen. Theriogenology. 2011 Jun 1;75(9):1596-601."
Reported Gestation,Captive client,65.3,Felis,2,Male+Female,"Musters J, De Gier J, Kooistra HS, Okkens AC. Questionnaire-based survey of parturition in the queen. Theriogenology. 2011 Jun 1;75(9):1596-601."
Reported Gestation,Captive client,72,Felis,3,Male+Female,"Musters J, De Gier J, Kooistra HS, Okkens AC. Questionnaire-based survey of parturition in the queen. Theriogenology. 2011 Jun 1;75(9):1596-601."
Reported Gestation,,64,Felis,2,Male+Female,"https://figshare.com/articles/dataset/Full_Archive/3563457?backTo=/collections/An_amniote_life-history_database_to_perform_comparative_analyses_with_birds_mammals_and_reptiles/3308127; Myhrvold, N. P., Baldridge, E., Chan, B., Sivam, D., Freeman, D. L., & Ernest, S. M. (2015). An amniote life‐history database to perform comparative analyses with birds, mammals, and reptiles: Ecological Archives E096‐269. Ecology, 96(11), 3109-3109."
Reported Gestation,Captive client,64.2,Felis,2,Male+Female,"Romagnoli, S., Bensaia, C., Ferré-Dolcet, L., Sontas, H. B., & Stelletta, C. (2019). Fertility parameters and reproductive management of Norwegian Forest Cats, Maine Coon, Persian and Bengal cats raised in Italy: A questionnaire-based study. Journal of Feline Medicine and Surgery, 21(12), 1188-1197."
Reported Gestation,Captive client,64.8,Felis,2,Male+Female,"Romagnoli, S., Bensaia, C., Ferré-Dolcet, L., Sontas, H. B., & Stelletta, C. (2019). Fertility parameters and reproductive management of Norwegian Forest Cats, Maine Coon, Persian and Bengal cats raised in Italy: A questionnaire-based study. Journal of Feline Medicine and Surgery, 21(12), 1188-1197."
Reported Gestation,Captive client,65.7,Felis,2,Male+Female,"Romagnoli, S., Bensaia, C., Ferré-Dolcet, L., Sontas, H. B., & Stelletta, C. (2019). Fertility parameters and reproductive management of Norwegian Forest Cats, Maine Coon, Persian and Bengal cats raised in Italy: A questionnaire-based study. Journal of Feline Medicine and Surgery, 21(12), 1188-1197."
Reported Gestation,Captive client,64.6,Felis,2,Male+Female,"Romagnoli, S., Bensaia, C., Ferré-Dolcet, L., Sontas, H. B., & Stelletta, C. (2019). Fertility parameters and reproductive management of Norwegian Forest Cats, Maine Coon, Persian and Bengal cats raised in Italy: A questionnaire-based study. Journal of Feline Medicine and Surgery, 21(12), 1188-1197."
Reported Gestation,Captive client,65.8,Felis,2,Male+Female,"Sparkes, A. H., Rogers, K., Henley, W. E., Gunn-Moore, D. A., May, J. M., Gruffydd-Jones, T. J., & Bessant, C. (2006). A questionnaire-based study of gestation, parturition, and neonatal mortality in pedigree breeding cats in the UK. Journal of Feline Medicine and Surgery, 8(3), 145-157. doi:10.1016/j.jfms.2005.10.003"
Reported Gestation,Captive client,64.5,Felis,2,Male+Female,"Sparkes, A. H., Rogers, K., Henley, W. E., Gunn-Moore, D. A., May, J. M., Gruffydd-Jones, T. J., & Bessant, C. (2006). A questionnaire-based study of gestation, parturition, and neonatal mortality in pedigree breeding cats in the UK. Journal of Feline Medicine and Surgery, 8(3), 145-157. doi:10.1016/j.jfms.2005.10.003"
Reported Gestation,Captive client,64.9,Felis,2,Male+Female,"Sparkes, A. H., Rogers, K., Henley, W. E., Gunn-Moore, D. A., May, J. M., Gruffydd-Jones, T. J., & Bessant, C. (2006). A questionnaire-based study of gestation, parturition, and neonatal mortality in pedigree breeding cats in the UK. Journal of Feline Medicine and Surgery, 8(3), 145-157. doi:10.1016/j.jfms.2005.10.003"
Reported Gestation,Captive client,65.3,Felis,2,Male+Female,"Sparkes, A. H., Rogers, K., Henley, W. E., Gunn-Moore, D. A., May, J. M., Gruffydd-Jones, T. J., & Bessant, C. (2006). A questionnaire-based study of gestation, parturition, and neonatal mortality in pedigree breeding cats in the UK. Journal of Feline Medicine and Surgery, 8(3), 145-157. doi:10.1016/j.jfms.2005.10.003"
Reported Gestation,Captive client,64.3,Felis,2,Male+Female,"Sparkes, A. H., Rogers, K., Henley, W. E., Gunn-Moore, D. A., May, J. M., Gruffydd-Jones, T. J., & Bessant, C. (2006). A questionnaire-based study of gestation, parturition, and neonatal mortality in pedigree breeding cats in the UK. Journal of Feline Medicine and Surgery, 8(3), 145-157. doi:10.1016/j.jfms.2005.10.003"
Reported Gestation,Captive client,64.9,Felis,2,Male+Female,"Sparkes, A. H., Rogers, K., Henley, W. E., Gunn-Moore, D. A., May, J. M., Gruffydd-Jones, T. J., & Bessant, C. (2006). A questionnaire-based study of gestation, parturition, and neonatal mortality in pedigree breeding cats in the UK. Journal of Feline Medicine and Surgery, 8(3), 145-157. doi:10.1016/j.jfms.2005.10.003"
Reported Gestation,Captive client,63,Felis,2,Male+Female,"Sparkes, A. H., Rogers, K., Henley, W. E., Gunn-Moore, D. A., May, J. M., Gruffydd-Jones, T. J., & Bessant, C. (2006). A questionnaire-based study of gestation, parturition, and neonatal mortality in pedigree breeding cats in the UK. Journal of Feline Medicine and Surgery, 8(3), 145-157. doi:10.1016/j.jfms.2005.10.003"
Reported Gestation,Captive client,65.5,Felis,2,Male+Female,"Sparkes, A. H., Rogers, K., Henley, W. E., Gunn-Moore, D. A., May, J. M., Gruffydd-Jones, T. J., & Bessant, C. (2006). A questionnaire-based study of gestation, parturition, and neonatal mortality in pedigree breeding cats in the UK. Journal of Feline Medicine and Surgery, 8(3), 145-157. doi:10.1016/j.jfms.2005.10.003"
Reported Gestation,Captive client,66.2,Felis,2,Male+Female,"Sparkes, A. H., Rogers, K., Henley, W. E., Gunn-Moore, D. A., May, J. M., Gruffydd-Jones, T. J., & Bessant, C. (2006). A questionnaire-based study of gestation, parturition, and neonatal mortality in pedigree breeding cats in the UK. Journal of Feline Medicine and Surgery, 8(3), 145-157. doi:10.1016/j.jfms.2005.10.003"
Reported Gestation,Captive client,65,Felis,2,Male+Female,"Sparkes, A. H., Rogers, K., Henley, W. E., Gunn-Moore, D. A., May, J. M., Gruffydd-Jones, T. J., & Bessant, C. (2006). A questionnaire-based study of gestation, parturition, and neonatal mortality in pedigree breeding cats in the UK. Journal of Feline Medicine and Surgery, 8(3), 145-157. doi:10.1016/j.jfms.2005.10.003"
Reported Gestation,Captive client,64.7,Felis,2,Male+Female,"Sparkes, A. H., Rogers, K., Henley, W. E., Gunn-Moore, D. A., May, J. M., Gruffydd-Jones, T. J., & Bessant, C. (2006). A questionnaire-based study of gestation, parturition, and neonatal mortality in pedigree breeding cats in the UK. Journal of Feline Medicine and Surgery, 8(3), 145-157. doi:10.1016/j.jfms.2005.10.003"
Reported Gestation,Captive client,66.1,Felis,2,Male+Female,"Sparkes, A. H., Rogers, K., Henley, W. E., Gunn-Moore, D. A., May, J. M., Gruffydd-Jones, T. J., & Bessant, C. (2006). A questionnaire-based study of gestation, parturition, and neonatal mortality in pedigree breeding cats in the UK. Journal of Feline Medicine and Surgery, 8(3), 145-157. doi:10.1016/j.jfms.2005.10.003"
Reported Gestation,Captive client,65.2,Felis,2,Male+Female,"Sparkes, A. H., Rogers, K., Henley, W. E., Gunn-Moore, D. A., May, J. M., Gruffydd-Jones, T. J., & Bessant, C. (2006). A questionnaire-based study of gestation, parturition, and neonatal mortality in pedigree breeding cats in the UK. Journal of Feline Medicine and Surgery, 8(3), 145-157. doi:10.1016/j.jfms.2005.10.003"
Reported Gestation,Captive client,65,Felis,2,Male+Female,"Sparkes, A. H., Rogers, K., Henley, W. E., Gunn-Moore, D. A., May, J. M., Gruffydd-Jones, T. J., & Bessant, C. (2006). A questionnaire-based study of gestation, parturition, and neonatal mortality in pedigree breeding cats in the UK. Journal of Feline Medicine and Surgery, 8(3), 145-157. doi:10.1016/j.jfms.2005.10.003"
Granule cell layer fascia dentata neurogenesis (Onset),Captive Laboratory,22,Felis,2,Male+Female,"Workman AD, Charvet CJ, Clancy B, Darlington RB, Finlay BL. Modeling transformations of neurodevelopmental sequences across mammalian species. Journal of Neuroscience. 2013 Apr 24;33(17):7368-83."
Greater trochanter of the femur fusion,Captive Laboratory,447.5,Felis,2,Male+Female,"Miranda FG, Souza IP, Viegas FM, Megda TT, Nepomuceno AC, Tôrres RC, Rezende CM. Radiographic study of the development of the pelvis and hip and the femorotibial joints in domestic cats. J Feline Med Surg. 2020 Jun;22(6):476-483. doi: 10.1177/1098612X19854809. Epub 2019 Jun 11. PMID: 31184248."
Greater trochanter of the femur fusion,Captive Laboratory,317,Felis,3,Male+Female,"Smith, R. N. (1969). Fusion of ossification centres in the cat. J Small Anim Pract, 10(9), 523-530."
Greater trochanter of the femur fusion,Captive Laboratory,289,Felis,2,Male+Female,"Smith, R. N. (1969). Fusion of ossification centres in the cat. J Small Anim Pract, 10(9), 523-530."
Greater trochanter of the femur fusion,Captive Laboratory,261,Felis,1,Male+Female,"Smith, R. N. (1969). Fusion of ossification centres in the cat. J Small Anim Pract, 10(9), 523-530."
Hamate ossification (Onset),Captive Laboratory,82,Felis,2,Male+Female,"Prochel J, Vogel P, Sánchez-Villagra MR. Hand development and sequence of ossification in the forelimb of the European shrew Crocidura russula (Soricidae) and comparisons across therian mammals. J Anat. 2004 Aug;205(2):99-111. doi: 10.1111/j.0021-8782.2004.00321.x. PMID: 15291793; PMCID: PMC1571333."
Head folicles,Captive Laboratory,35,Felis,2,Male+Female,"Werneburg I, Geiger M. Ontogeny of domestic dogs and the developmental foundations of carnivoran domestication. Journal of Mammalian Evolution. 2017 Sep;24:323-43."
Head hairs,Captive Laboratory,46,Felis,2,Male+Female,"Werneburg I, Geiger M. Ontogeny of domestic dogs and the developmental foundations of carnivoran domestication. Journal of Mammalian Evolution. 2017 Sep;24:323-43."
Hearing (Onset),Captive Laboratory,70,Felis,2,Male+Female,"Olmstead CE, Villablanca JR. Development of behavioral audition in the kitten. Physiology & Behavior. 1980 Apr 1;24(4):705-12."
Hemaglobin (Peak or plateau),Captive Laboratory,395,Felis,2,Male,"NAKAI N, NAWA K, MAEKAWA M, NAGASAWA H. Age-related changes in hematological and serum biochemical values in cats. Experimental Animals. 1992 Jul 1;41(3):287-94."
Hemaglobin (Peak or plateau),Captive Laboratory,395,Felis,2,Female,"NAKAI N, NAWA K, MAEKAWA M, NAGASAWA H. Age-related changes in hematological and serum biochemical values in cats. Experimental Animals. 1992 Jul 1;41(3):287-94."
Hematocrit (Peak),Captive Laboratory,395,Felis,2,Male,"NAKAI N, NAWA K, MAEKAWA M, NAGASAWA H. Age-related changes in hematological and serum biochemical values in cats. Experimental Animals. 1992 Jul 1;41(3):287-94."
Hematocrit (Peak),Captive Laboratory,335,Felis,2,Female,"NAKAI N, NAWA K, MAEKAWA M, NAGASAWA H. Age-related changes in hematological and serum biochemical values in cats. Experimental Animals. 1992 Jul 1;41(3):287-94."
Hematocrit (Peak),Captive client,365,Felis,2,Male+Female,"Yuksek N, Altuğ N, Başbuğan Y, Ağaoğlu Z. Investigation of Hematological Profiles in the Growth Process of Van Cat Breeds. Van Veterinary Journal. 2016 Dec 1;27(3):165-7."
Hindlimb bud emerges,Captive Laboratory,19,Felis,2,Male+Female,"Evans HE, Sack WO. Prenatal development of domestic and laboratory mammals: growth curves, external features and selected references. Zentralbl Veterinarmed C. 1973 Mar;2(1):11-45."
Hindlimb digital plate,Captive Laboratory,22,Felis,2,Male+Female,"Werneburg I, Geiger M. Ontogeny of domestic dogs and the developmental foundations of carnivoran domestication. Journal of Mammalian Evolution. 2017 Sep;24:323-43."
Hindlimb elongated,Captive Laboratory,20,Felis,2,Male+Female,"Werneburg I, Geiger M. Ontogeny of domestic dogs and the developmental foundations of carnivoran domestication. Journal of Mammalian Evolution. 2017 Sep;24:323-43."
Hindlimb hairs,Captive Laboratory,46,Felis,2,Male+Female,"Werneburg I, Geiger M. Ontogeny of domestic dogs and the developmental foundations of carnivoran domestication. Journal of Mammalian Evolution. 2017 Sep;24:323-43."
Hindlimb knee,Captive Laboratory,20,Felis,2,Male+Female,"Werneburg I, Geiger M. Ontogeny of domestic dogs and the developmental foundations of carnivoran domestication. Journal of Mammalian Evolution. 2017 Sep;24:323-43."
Hindlimb ridge,Captive Laboratory,18.5,Felis,2,Male+Female,"Werneburg I, Geiger M. Ontogeny of domestic dogs and the developmental foundations of carnivoran domestication. Journal of Mammalian Evolution. 2017 Sep;24:323-43."
Hippocampal CA1 neurogenesis (Onset),Captive Laboratory,22,Felis,2,Male+Female,"Workman AD, Charvet CJ, Clancy B, Darlington RB, Finlay BL. Modeling transformations of neurodevelopmental sequences across mammalian species. Journal of Neuroscience. 2013 Apr 24;33(17):7368-83."
Hippocampal CA3 neurogenesis (Offset),Captive Laboratory,42,Felis,2,Male+Female,"Workman AD, Charvet CJ, Clancy B, Darlington RB, Finlay BL. Modeling transformations of neurodevelopmental sequences across mammalian species. Journal of Neuroscience. 2013 Apr 24;33(17):7368-83."
Hippocampal CA3 neurogenesis (Onset),Captive Laboratory,22,Felis,2,Male+Female,"Workman AD, Charvet CJ, Clancy B, Darlington RB, Finlay BL. Modeling transformations of neurodevelopmental sequences across mammalian species. Journal of Neuroscience. 2013 Apr 24;33(17):7368-83."
Hippocampal commisure appearance,Captive Laboratory,37,Felis,2,Male+Female,"Workman AD, Charvet CJ, Clancy B, Darlington RB, Finlay BL. Modeling transformations of neurodevelopmental sequences across mammalian species. Journal of Neuroscience. 2013 Apr 24;33(17):7368-83."
Horizontal cell generation (Offset),Captive Laboratory,75,Felis,2,Male+Female,"Workman AD, Charvet CJ, Clancy B, Darlington RB, Finlay BL. Modeling transformations of neurodevelopmental sequences across mammalian species. Journal of Neuroscience. 2013 Apr 24;33(17):7368-83."
Humerus ossification (Onset),Captive Laboratory,29.5,Felis,2,Male+Female,Boyd JS. Patterns of ossification in the feline foetus: A study of the foetal development of the skeleton of the feline using comparative methods. University of Glasgow (United Kingdom); 1974.
Humerus ossification (Onset),Captive Laboratory,28,Felis,2,Male+Female,"Prochel J, Vogel P, Sánchez-Villagra MR. Hand development and sequence of ossification in the forelimb of the European shrew Crocidura russula (Soricidae) and comparisons across therian mammals. J Anat. 2004 Aug;205(2):99-111. doi: 10.1111/j.0021-8782.2004.00321.x. PMID: 15291793; PMCID: PMC1571333."
Humerus proximal epiphysis appearance,Captive Laboratory,79,Felis,3,Male+Female,"Smith, R.N., 1968. Appearance of Ossification Centres in the Kitten: Part I. Skeletal development of kittens, recorded as individual bones, Part II. Skeletal development of kittens, recorded weekly. Journal of Small Animal Practice, 9(10), pp.497-511."
Humerus proximal epiphysis appearance,Captive Laboratory,75.5,Felis,2,Male+Female,"Smith, R.N., 1968. Appearance of Ossification Centres in the Kitten: Part I. Skeletal development of kittens, recorded as individual bones, Part II. Skeletal development of kittens, recorded weekly. Journal of Small Animal Practice, 9(10), pp.497-511."
Humerus proximal epiphysis appearance,Captive Laboratory,72,Felis,1,Male+Female,"Smith, R.N., 1968. Appearance of Ossification Centres in the Kitten: Part I. Skeletal development of kittens, recorded as individual bones, Part II. Skeletal development of kittens, recorded weekly. Journal of Small Animal Practice, 9(10), pp.497-511."
Ilium ossification (Onset),Captive Laboratory,33.5,Felis,2,Male+Female,Boyd JS. Patterns of ossification in the feline foetus: A study of the foetal development of the skeleton of the feline using comparative methods. University of Glasgow (United Kingdom); 1974.
Interparietal ossification (Onset),Captive Laboratory,34.5,Felis,2,Male+Female,"Boyd, J. S. (1976). Studies on the appearance of the centres of ossification of the axial skeleton in the feline fœtus. Anatomia, Histologia, Embryologia, 5(3), 193-205."
Ipsi/contra segregation in lateral geniculate nucleus,Captive Laboratory,60.5,Felis,2,Male+Female,"Workman AD, Charvet CJ, Clancy B, Darlington RB, Finlay BL. Modeling transformations of neurodevelopmental sequences across mammalian species. Journal of Neuroscience. 2013 Apr 24;33(17):7368-83."
Ipsi/contra segregation in superior colliculus (SC),Captive Laboratory,60.5,Felis,2,Male+Female,"Workman AD, Charvet CJ, Clancy B, Darlington RB, Finlay BL. Modeling transformations of neurodevelopmental sequences across mammalian species. Journal of Neuroscience. 2013 Apr 24;33(17):7368-83."
Jump,Captive Laboratory,100,Felis,3,Male+Female,"Sechzer JA, Folstein SE, Geiger EH, Mervis RF, Meehan SM. Development and maturation of postural reflexes in normal kittens. Experimental neurology. 1984 Dec 1;86(3):493-505."
Lacrimals ossification (Onset),Captive Laboratory,38,Felis,2,Male+Female,"Boyd, J. S. (1976). Studies on the appearance of the centres of ossification of the axial skeleton in the feline fœtus. Anatomia, Histologia, Embryologia, 5(3), 193-205."
Lateral geniculate nucleus axons in subplate,Captive Laboratory,41.5,Felis,2,Male+Female,"Workman AD, Charvet CJ, Clancy B, Darlington RB, Finlay BL. Modeling transformations of neurodevelopmental sequences across mammalian species. Journal of Neuroscience. 2013 Apr 24;33(17):7368-83."
Lens vesicles emerge,Captive Laboratory,17,Felis,2,Male+Female,"Werneburg I, Geiger M. Ontogeny of domestic dogs and the developmental foundations of carnivoran domestication. Journal of Mammalian Evolution. 2017 Sep;24:323-43."
Lesser trochanter of the femur fusion,Captive Laboratory,408.5,Felis,2,Male+Female,"Miranda FG, Souza IP, Viegas FM, Megda TT, Nepomuceno AC, Tôrres RC, Rezende CM. Radiographic study of the development of the pelvis and hip and the femorotibial joints in domestic cats. J Feline Med Surg. 2020 Jun;22(6):476-483. doi: 10.1177/1098612X19854809. Epub 2019 Jun 11. PMID: 31184248."
Lesser trochanter of the femur fusion,Captive Laboratory,373,Felis,3,Male+Female,"Smith, R. N. (1969). Fusion of ossification centres in the cat. J Small Anim Pract, 10(9), 523-530."
Lesser trochanter of the femur fusion,Captive Laboratory,338,Felis,2,Male+Female,"Smith, R. N. (1969). Fusion of ossification centres in the cat. J Small Anim Pract, 10(9), 523-530."
Lesser trochanter of the femur fusion,Captive Laboratory,303,Felis,1,Male+Female,"Smith, R. N. (1969). Fusion of ossification centres in the cat. J Small Anim Pract, 10(9), 523-530."
Lumber vertebrae ossification (Onset),Captive Laboratory,36,Felis,2,Male+Female,"Boyd, J. S. (1976). Studies on the appearance of the centres of ossification of the axial skeleton in the feline fœtus. Anatomia, Histologia, Embryologia, 5(3), 193-205."
Lumber vertebrae ossification (Onset),Captive Laboratory,36.5,Felis,2,Male+Female,"Boyd, J. S. (1976). Studies on the appearance of the centres of ossification of the axial skeleton in the feline fœtus. Anatomia, Histologia, Embryologia, 5(3), 193-205."
Lunate ossfication (Onset),Captive Laboratory,85,Felis,2,Male+Female,"Prochel J, Vogel P, Sánchez-Villagra MR. Hand development and sequence of ossification in the forelimb of the European shrew Crocidura russula (Soricidae) and comparisons across therian mammals. J Anat. 2004 Aug;205(2):99-111. doi: 10.1111/j.0021-8782.2004.00321.x. PMID: 15291793; PMCID: PMC1571333."
Mammillothalamic tract appearance,Captive Laboratory,23,Felis,2,Male+Female,"Workman AD, Charvet CJ, Clancy B, Darlington RB, Finlay BL. Modeling transformations of neurodevelopmental sequences across mammalian species. Journal of Neuroscience. 2013 Apr 24;33(17):7368-83."
Mandible ossification (Onset),Captive Laboratory,29.5,Felis,2,Male+Female,"Boyd, J. S. (1976). Studies on the appearance of the centres of ossification of the axial skeleton in the feline fœtus. Anatomia, Histologia, Embryologia, 5(3), 193-205."
Maxilla ossification (Onset),Captive Laboratory,28,Felis,2,Male+Female,"Boyd JS. Studies on the appearance of the centres of ossification of the axial skeleton in the feline fœtus. Anatomia, Histologia, Embryologia. 1976 Sep;5(3):193-205."
Maxilla ossification (Onset),Captive Laboratory,31,Felis,2,Male+Female,"Boyd JS. Studies on the appearance of the centres of ossification of the axial skeleton in the feline fœtus. Anatomia, Histologia, Embryologia. 1976 Sep;5(3):193-205."
Maxilla ossification (Onset),Captive Laboratory,29.5,Felis,2,Male+Female,"Boyd, J. S. (1976). Studies on the appearance of the centres of ossification of the axial skeleton in the feline fœtus. Anatomia, Histologia, Embryologia, 5(3), 193-205."
Medial geniculate nucleus (Peak),Captive Laboratory,26,Felis,2,Male+Female,"Workman AD, Charvet CJ, Clancy B, Darlington RB, Finlay BL. Modeling transformations of neurodevelopmental sequences across mammalian species. Journal of Neuroscience. 2013 Apr 24;33(17):7368-83."
Medial phalanx 3 ossification (Onset),Captive Laboratory,38,Felis,2,Male+Female,"Prochel J, Vogel P, Sánchez-Villagra MR. Hand development and sequence of ossification in the forelimb of the European shrew Crocidura russula (Soricidae) and comparisons across therian mammals. J Anat. 2004 Aug;205(2):99-111. doi: 10.1111/j.0021-8782.2004.00321.x. PMID: 15291793; PMCID: PMC1571333."
Morula stage,Captive Laboratory,5,Felis,2,Male+Female,Denker HW. Studie8 on the Early Development and Implantation in the Cat. Anat. Anz. 1978;144:457-68.
Morula stage,Captive Laboratory,5.25,Felis,2,Male+Female,"Knospe C. Periods and stages of the prenatal development of the domestic cat. Anatomia, histologia, embryologia. 2002 Feb;31(1):37-51."
Morula stage,Captive Laboratory,4,Felis,2,Male+Female,"Noden DM, Lahunta AD. The embryology of domestic animals. Developmental mechanisms and malformations. Williams & Wilkins; 1985."
Nasal ossification (Onset),Captive Laboratory,33.5,Felis,2,Male+Female,"Boyd, J. S. (1976). Studies on the appearance of the centres of ossification of the axial skeleton in the feline fœtus. Anatomia, Histologia, Embryologia, 5(3), 193-205."
Neck hairs,Captive Laboratory,46,Felis,2,Male+Female,"Werneburg I, Geiger M. Ontogeny of domestic dogs and the developmental foundations of carnivoran domestication. Journal of Mammalian Evolution. 2017 Sep;24:323-43."
Neocortical Layer 1 emerges,Captive Laboratory,26,Felis,2,Male+Female,"Workman AD, Charvet CJ, Clancy B, Darlington RB, Finlay BL. Modeling transformations of neurodevelopmental sequences across mammalian species. Journal of Neuroscience. 2013 Apr 24;33(17):7368-83."
Neural folds closure,Captive Laboratory,14.5,Felis,2,Male+Female,"Werneburg I, Geiger M. Ontogeny of domestic dogs and the developmental foundations of carnivoran domestication. Journal of Mammalian Evolution. 2017 Sep;24:323-43."
Neurogenesis cortical layer II /III (visual cortex) (Peak),Captive Laboratory,56,Felis,2,Male+Female,"Workman AD, Charvet CJ, Clancy B, Darlington RB, Finlay BL. Modeling transformations of neurodevelopmental sequences across mammalian species. Journal of Neuroscience. 2013 Apr 24;33(17):7368-83."
Neurogenesis cortical layer II/III (visual cortex) (Offset),Captive Laboratory,57,Felis,2,Male+Female,"Workman AD, Charvet CJ, Clancy B, Darlington RB, Finlay BL. Modeling transformations of neurodevelopmental sequences across mammalian species. Journal of Neuroscience. 2013 Apr 24;33(17):7368-83."
Neurogenesis cortical layer II/III (visual cortex) (Onset),Captive Laboratory,42,Felis,2,Male+Female,"Workman AD, Charvet CJ, Clancy B, Darlington RB, Finlay BL. Modeling transformations of neurodevelopmental sequences across mammalian species. Journal of Neuroscience. 2013 Apr 24;33(17):7368-83."
Neurogenesis cortical layer IV (visual cortex) (Offset),Captive Laboratory,47,Felis,2,Male+Female,"Workman AD, Charvet CJ, Clancy B, Darlington RB, Finlay BL. Modeling transformations of neurodevelopmental sequences across mammalian species. Journal of Neuroscience. 2013 Apr 24;33(17):7368-83."
Neurogenesis cortical layer IV (visual cortex) (Onset),Captive Laboratory,37,Felis,2,Male+Female,"Workman AD, Charvet CJ, Clancy B, Darlington RB, Finlay BL. Modeling transformations of neurodevelopmental sequences across mammalian species. Journal of Neuroscience. 2013 Apr 24;33(17):7368-83."
Neurogenesis cortical layer IV (visual cortex) (Peak),Captive Laboratory,39,Felis,2,Male+Female,"Workman AD, Charvet CJ, Clancy B, Darlington RB, Finlay BL. Modeling transformations of neurodevelopmental sequences across mammalian species. Journal of Neuroscience. 2013 Apr 24;33(17):7368-83."
Neurogenesis cortical layer V (visual cortex) (Offset),Captive Laboratory,39.5,Felis,2,Male+Female,"Workman AD, Charvet CJ, Clancy B, Darlington RB, Finlay BL. Modeling transformations of neurodevelopmental sequences across mammalian species. Journal of Neuroscience. 2013 Apr 24;33(17):7368-83."
Neurogenesis cortical layer V (visual cortex) (Onset),Captive Laboratory,32.5,Felis,2,Male+Female,"Workman AD, Charvet CJ, Clancy B, Darlington RB, Finlay BL. Modeling transformations of neurodevelopmental sequences across mammalian species. Journal of Neuroscience. 2013 Apr 24;33(17):7368-83."
Neurogenesis cortical layer V (visual cortex) (Peak),Captive Laboratory,35,Felis,2,Male+Female,"Workman AD, Charvet CJ, Clancy B, Darlington RB, Finlay BL. Modeling transformations of neurodevelopmental sequences across mammalian species. Journal of Neuroscience. 2013 Apr 24;33(17):7368-83."
Neurogenesis cortical layer VI (visual cortex) (Offset),Captive Laboratory,37.5,Felis,2,Male+Female,"Workman AD, Charvet CJ, Clancy B, Darlington RB, Finlay BL. Modeling transformations of neurodevelopmental sequences across mammalian species. Journal of Neuroscience. 2013 Apr 24;33(17):7368-83."
Neurogenesis cortical layer VI (visual cortex) (Onset),Captive Laboratory,28,Felis,2,Male+Female,"Workman AD, Charvet CJ, Clancy B, Darlington RB, Finlay BL. Modeling transformations of neurodevelopmental sequences across mammalian species. Journal of Neuroscience. 2013 Apr 24;33(17):7368-83."
Neurogenesis cortical layer VI (visual cortex) (Peak),Captive Laboratory,33,Felis,2,Male+Female,"Workman AD, Charvet CJ, Clancy B, Darlington RB, Finlay BL. Modeling transformations of neurodevelopmental sequences across mammalian species. Journal of Neuroscience. 2013 Apr 24;33(17):7368-83."
Neurula stage,Captive Laboratory,13,Felis,2,Male+Female,"Noden DM, Lahunta AD. The embryology of domestic animals. Developmental mechanisms and malformations. Williams & Wilkins; 1985."
Solitary or object play (Onset),Captive client,96.91,Felis,2,Male+Female,"Smith R. Individual variation in onset of behavioural traits in the domestic cat (Felis catus) as assessed by owner/carer survey (Doctoral dissertation, University of Lincoln)."
Solitary or object play (Onset),Captive client,94.86,Felis,2,Male+Female,"Smith R. Individual variation in onset of behavioural traits in the domestic cat (Felis catus) as assessed by owner/carer survey (Doctoral dissertation, University of Lincoln)."
Solitary or object play (Onset),Captive client,98.66,Felis,2,Male+Female,"Smith R. Individual variation in onset of behavioural traits in the domestic cat (Felis catus) as assessed by owner/carer survey (Doctoral dissertation, University of Lincoln)."
Solitary or object play (Onset),Captive client,101.66,Felis,2,Male+Female,"Smith R. Individual variation in onset of behavioural traits in the domestic cat (Felis catus) as assessed by owner/carer survey (Doctoral dissertation, University of Lincoln)."
Solitary or object play (Onset),Captive client,93,Felis,2,Male+Female,"Smith R. Individual variation in onset of behavioural traits in the domestic cat (Felis catus) as assessed by owner/carer survey (Doctoral dissertation, University of Lincoln)."
Solitary or object play (Onset),Captive client,101.5,Felis,2,Male+Female,"Smith R. Individual variation in onset of behavioural traits in the domestic cat (Felis catus) as assessed by owner/carer survey (Doctoral dissertation, University of Lincoln)."
Solitary or object play (Onset),Captive client,100.5,Felis,2,Male+Female,"Smith R. Individual variation in onset of behavioural traits in the domestic cat (Felis catus) as assessed by owner/carer survey (Doctoral dissertation, University of Lincoln)."
Solitary or object play (Onset),Captive client,80,Felis,1,Male+Female,"Smith R. Individual variation in onset of behavioural traits in the domestic cat (Felis catus) as assessed by owner/carer survey (Doctoral dissertation, University of Lincoln)."
Solitary or object play (Onset),Captive client,80,Felis,1,Male+Female,"Smith R. Individual variation in onset of behavioural traits in the domestic cat (Felis catus) as assessed by owner/carer survey (Doctoral dissertation, University of Lincoln)."
Solitary or object play (Onset),Captive client,84.1,Felis,1,Male+Female,"Smith R. Individual variation in onset of behavioural traits in the domestic cat (Felis catus) as assessed by owner/carer survey (Doctoral dissertation, University of Lincoln)."
Solitary or object play (Onset),Captive client,89.15,Felis,1,Male+Female,"Smith R. Individual variation in onset of behavioural traits in the domestic cat (Felis catus) as assessed by owner/carer survey (Doctoral dissertation, University of Lincoln)."
Solitary or object play (Onset),Captive client,122.1,Felis,3,Male+Female,"Smith R. Individual variation in onset of behavioural traits in the domestic cat (Felis catus) as assessed by owner/carer survey (Doctoral dissertation, University of Lincoln)."
Solitary or object play (Onset),Captive client,114.2,Felis,3,Male+Female,"Smith R. Individual variation in onset of behavioural traits in the domestic cat (Felis catus) as assessed by owner/carer survey (Doctoral dissertation, University of Lincoln)."
Solitary or object play (Onset),Captive client,108.1,Felis,3,Male+Female,"Smith R. Individual variation in onset of behavioural traits in the domestic cat (Felis catus) as assessed by owner/carer survey (Doctoral dissertation, University of Lincoln)."
Solitary or object play (Onset),Captive client,122.1,Felis,3,Male+Female,"Smith R. Individual variation in onset of behavioural traits in the domestic cat (Felis catus) as assessed by owner/carer survey (Doctoral dissertation, University of Lincoln)."
Olfactory pit become visible,Captive Laboratory,20,Felis,2,Male+Female,"Evans HE, Sack WO. Prenatal development of domestic and laboratory mammals: growth curves, external features and selected references. Zentralbl Veterinarmed C. 1973 Mar;2(1):11-45."
Olfactory placode becomes visible,Captive Laboratory,18,Felis,2,Male+Female,"Evans HE, Sack WO. Prenatal development of domestic and laboratory mammals: growth curves, external features and selected references. Zentralbl Veterinarmed C. 1973 Mar;2(1):11-45."
Optic axons invade visual centers,Captive Laboratory,32,Felis,2,Male+Female,"Workman AD, Charvet CJ, Clancy B, Darlington RB, Finlay BL. Modeling transformations of neurodevelopmental sequences across mammalian species. Journal of Neuroscience. 2013 Apr 24;33(17):7368-83."
Optic axons reach dorsal lateral geniculate nucleus  and superior colliculus (SC),Captive Laboratory,31.5,Felis,2,Male+Female,"Workman AD, Charvet CJ, Clancy B, Darlington RB, Finlay BL. Modeling transformations of neurodevelopmental sequences across mammalian species. Journal of Neuroscience. 2013 Apr 24;33(17):7368-83."
Optic fissure,Captive Laboratory,20,Felis,2,Male+Female,"Werneburg I, Geiger M. Ontogeny of domestic dogs and the developmental foundations of carnivoran domestication. Journal of Mammalian Evolution. 2017 Sep;24:323-43."
Optic Tract myelination (Offset),Captive Laboratory,147,Felis,2,Male+Female,"Workman AD, Charvet CJ, Clancy B, Darlington RB, Finlay BL. Modeling transformations of neurodevelopmental sequences across mammalian species. Journal of Neuroscience. 2013 Apr 24;33(17):7368-83."
Optic Tract myelination (Onset),Captive Laboratory,70,Felis,2,Male+Female,"Workman AD, Charvet CJ, Clancy B, Darlington RB, Finlay BL. Modeling transformations of neurodevelopmental sequences across mammalian species. Journal of Neuroscience. 2013 Apr 24;33(17):7368-83."
Optic vesicle emerges,Captive Laboratory,14.5,Felis,2,Male+Female,"Werneburg I, Geiger M. Ontogeny of domestic dogs and the developmental foundations of carnivoran domestication. Journal of Mammalian Evolution. 2017 Sep;24:323-43."
Otic pit is present,Captive Laboratory,14.5,Felis,2,Male+Female,"Werneburg I, Geiger M. Ontogeny of domestic dogs and the developmental foundations of carnivoran domestication. Journal of Mammalian Evolution. 2017 Sep;24:323-43."
Otic placode becomes visible,Captive Laboratory,14,Felis,2,Male+Female,"Evans HE, Sack WO. Prenatal development of domestic and laboratory mammals: growth curves, external features and selected references. Zentralbl Veterinarmed C. 1973 Mar;2(1):11-45."
Otic vesicle is present,Captive Laboratory,17.5,Felis,2,Male+Female,"Werneburg I, Geiger M. Ontogeny of domestic dogs and the developmental foundations of carnivoran domestication. Journal of Mammalian Evolution. 2017 Sep;24:323-43."
Palatine ossification (Onset),Captive Laboratory,33,Felis,2,Male+Female,"Boyd JS. Studies on the appearance of the centres of ossification of the axial skeleton in the feline fœtus. Anatomia, Histologia, Embryologia. 1976 Sep;5(3):193-205."
Palatine ossification (Onset),Captive Laboratory,30,Felis,2,Male+Female,"Boyd JS. Studies on the appearance of the centres of ossification of the axial skeleton in the feline fœtus. Anatomia, Histologia, Embryologia. 1976 Sep;5(3):193-205."
Palpebral reflex,Captive Laboratory,67,Felis,2,Male+Female,"Beaver B, Sensory development of Felis catus, Laboratory Animals 14:199-201 1980"
Palpebral reflex,,66,Felis,1,Male+Female,"Lavely, J.A., 2006. Pediatric neurology of the dog and cat. Veterinary Clinics: Small Animal Practice, 36(3), pp.475-501."
Palpebral reflex,,67,Felis,2,Male+Female,"Lavely, J.A., 2006. Pediatric neurology of the dog and cat. Veterinary Clinics: Small Animal Practice, 36(3), pp.475-501."
Palpebral reflex,,68,Felis,3,Male+Female,"Lavely, J.A., 2006. Pediatric neurology of the dog and cat. Veterinary Clinics: Small Animal Practice, 36(3), pp.475-501."
Parietals ossification (Onset),Captive Laboratory,34.5,Felis,2,Male+Female,"Boyd, J. S. (1976). Studies on the appearance of the centres of ossification of the axial skeleton in the feline fœtus. Anatomia, Histologia, Embryologia, 5(3), 193-205."
Patella ossification (Onset),Second hand source,143,Felis,2,Male+Female,"Miranda FG, Souza IP, Viegas FM, Megda TT, Nepomuceno AC, Tôrres RC, Rezende CM. Radiographic study of the development of the pelvis and hip and the femorotibial joints in domestic cats. J Feline Med Surg. 2020 Jun;22(6):476-483. doi: 10.1177/1098612X19854809. Epub 2019 Jun 11. PMID: 31184248."
Patella ossification (Onset),Captive Laboratory,128,Felis,3,Male+Female,"Smith, R.N., 1968. Appearance of Ossification Centres in the Kitten: Part I. Skeletal development of kittens, recorded as individual bones, Part II. Skeletal development of kittens, recorded weekly. Journal of Small Animal Practice, 9(10), pp.497-511."
Permanent teeth eruption (Offset),,239,Felis,2,Male+Female,"Orsini P, Hennet P. Anatomy of the mouth and teeth of the cat. Vet Clin North Am Small Anim Pract. 1992 Nov;22(6):1265-77. doi: 10.1016/s0195-5616(92)50126-7. PMID: 1455572."
Permanent teeth eruption (Onset),,168,Felis,2,Male+Female,"Orsini P, Hennet P. Anatomy of the mouth and teeth of the cat. Vet Clin North Am Small Anim Pract. 1992 Nov;22(6):1265-77. doi: 10.1016/s0195-5616(92)50126-7. PMID: 1455572."
Phosphorus % plateaus,Captive client,1009.5,Felis,2,Female,Auburn veterinary clinic
Phosphorus % plateaus,Captive client,1261.16,Felis,2,Male,Auburn veterinary clinic
Phosphorus % plateaus,Captive client,1404.97,Felis,2,Male,CatAge dataset (known date of birth or got the cat as a young kitten 8 weeks or less)
Phosphorus % plateaus,Captive client,1209.71,Felis,2,Female,CatAge dataset (known date of birth or got the cat as a young kitten 8 weeks or less)
Phosphorus % plateaus,Captive Laboratory,579.19,Felis,2,Male,"NAKAI N, NAWA K, MAEKAWA M, NAGASAWA H. Age-related changes in hematological and serum biochemical values in cats. Experimental Animals. 1992 Jul 1;41(3):287-94."
Phosphorus % plateaus,Captive Laboratory,611.5,Felis,2,Female,"NAKAI N, NAWA K, MAEKAWA M, NAGASAWA H. Age-related changes in hematological and serum biochemical values in cats. Experimental Animals. 1992 Jul 1;41(3):287-94."
Phosphorus % plateaus,Captive Laboratory,739.066,Felis,2,Female,SRRC Auburn cat colony
Phosphorus % plateaus,Captive Laboratory,842.646,Felis,2,Male,SRRC Auburn cat colony
Phosphorus % reaches 120% of the plateau,Captive client,801.661,Felis,2,Female,Auburn veterinary clinic
Phosphorus % reaches 120% of the plateau,Captive client,991.004,Felis,2,Male,Auburn veterinary clinic
Phosphorus % reaches 120% of the plateau,Captive client,1149.58,Felis,2,Male,CatAge dataset (known date of birth or got the cat as a young kitten 8 weeks or less)
Phosphorus % reaches 120% of the plateau,Captive client,931.78,Felis,2,Female,CatAge dataset (known date of birth or got the cat as a young kitten 8 weeks or less)
Phosphorus % reaches 120% of the plateau,Captive Laboratory,402.93,Felis,2,Male,"NAKAI N, NAWA K, MAEKAWA M, NAGASAWA H. Age-related changes in hematological and serum biochemical values in cats. Experimental Animals. 1992 Jul 1;41(3):287-94."
Phosphorus % reaches 120% of the plateau,Captive Laboratory,432.63,Felis,2,Female,"NAKAI N, NAWA K, MAEKAWA M, NAGASAWA H. Age-related changes in hematological and serum biochemical values in cats. Experimental Animals. 1992 Jul 1;41(3):287-94."
Phosphorus % reaches 120% of the plateau,Captive Laboratory,618.8,Felis,2,Female,SRRC Auburn cat colony
Phosphorus % reaches 120% of the plateau,Captive Laboratory,675.559,Felis,2,Male,SRRC Auburn cat colony
Phosphorus % reaches 140% of the plateau,Captive client,593.818,Felis,2,Female,Auburn veterinary clinic
Phosphorus % reaches 140% of the plateau,Captive client,720.842,Felis,2,Male,Auburn veterinary clinic
Phosphorus % reaches 140% of the plateau,Captive client,894.2,Felis,2,Male,CatAge dataset (known date of birth or got the cat as a young kitten 8 weeks or less)
Phosphorus % reaches 140% of the plateau,Captive client,653.84,Felis,2,Female,CatAge dataset (known date of birth or got the cat as a young kitten 8 weeks or less)
Phosphorus % reaches 140% of the plateau,Captive Laboratory,226.67,Felis,2,Male,"NAKAI N, NAWA K, MAEKAWA M, NAGASAWA H. Age-related changes in hematological and serum biochemical values in cats. Experimental Animals. 1992 Jul 1;41(3):287-94."
Phosphorus % reaches 140% of the plateau,Captive Laboratory,253.76,Felis,2,Female,"NAKAI N, NAWA K, MAEKAWA M, NAGASAWA H. Age-related changes in hematological and serum biochemical values in cats. Experimental Animals. 1992 Jul 1;41(3):287-94."
Phosphorus % reaches 140% of the plateau,Captive Laboratory,498.534,Felis,2,Female,SRRC Auburn cat colony
Phosphorus % reaches 140% of the plateau,Captive Laboratory,508.473,Felis,2,Male,SRRC Auburn cat colony
Phosphorus % reaches 160% of the plateau,Captive client,385.975,Felis,2,Female,Auburn veterinary clinic
Phosphorus % reaches 160% of the plateau,Captive client,450.681,Felis,2,Male,Auburn veterinary clinic
Phosphorus % reaches 160% of the plateau,Captive client,638.81,Felis,2,Male,CatAge dataset (known date of birth or got the cat as a young kitten 8 weeks or less)
Phosphorus % reaches 160% of the plateau,Captive client,375.9,Felis,2,Female,CatAge dataset (known date of birth or got the cat as a young kitten 8 weeks or less)
Phosphorus % reaches 160% of the plateau,Captive Laboratory,378.268,Felis,2,Female,SRRC Auburn cat colony
Phosphorus % reaches 160% of the plateau,Captive Laboratory,341.386,Felis,2,Male,SRRC Auburn cat colony
Photoreceptor generation (Onset),Captive Laboratory,26,Felis,2,Male+Female,"Workman AD, Charvet CJ, Clancy B, Darlington RB, Finlay BL. Modeling transformations of neurodevelopmental sequences across mammalian species. Journal of Neuroscience. 2013 Apr 24;33(17):7368-83."
Pinna fold,Captive Laboratory,22,Felis,2,Male+Female,"Werneburg I, Geiger M. Ontogeny of domestic dogs and the developmental foundations of carnivoran domestication. Journal of Mammalian Evolution. 2017 Sep;24:323-43."
Pisiforme ossification (Onset),Captive Laboratory,75,Felis,2,Male+Female,"Table 4. Prochel J, Vogel P, Sánchez-Villagra MR. Hand development and sequence of ossification in the forelimb of the European shrew Crocidura russula (Soricidae) and comparisons across therian mammals. J Anat. 2004 Aug;205(2):99-111. doi: 10.1111/j.0021-8782.2004.00321.x. PMID: 15291793; PMCID: PMC1571333."
Plasticity/OD critical period (Offset),Captive Laboratory,100,Felis,2,Male+Female,"Workman AD, Charvet CJ, Clancy B, Darlington RB, Finlay BL. Modeling transformations of neurodevelopmental sequences across mammalian species. Journal of Neuroscience. 2013 Apr 24;33(17):7368-83."
Plasticity/OD critical period (Onset),Captive Laboratory,86,Felis,2,Male+Female,"Workman AD, Charvet CJ, Clancy B, Darlington RB, Finlay BL. Modeling transformations of neurodevelopmental sequences across mammalian species. Journal of Neuroscience. 2013 Apr 24;33(17):7368-83."
Post-proliferative zone appearance in the cerebellum,Captive Laboratory,18.75,Felis,2,Male+Female,Charvet CJ. Distinct developmental growth patterns account for the disproportionate expansion of the rostral and caudal isocortex in evolution. Front Hum Neurosci. 2014 Apr 8;8:190. doi: 10.3389/fnhum.2014.00190.  24782736; PMCID: PMC3986531.
Post-proliferative zone appearance in the superior colliculus,Captive Laboratory,20.5,Felis,2,Male+Female,Charvet CJ. Distinct developmental growth patterns account for the disproportionate expansion of the rostral and caudal isocortex in evolution. Front Hum Neurosci. 2014 Apr 8;8:190. doi: 10.3389/fnhum.2014.00190.  24782736; PMCID: PMC3986531.
Posterior commisure appearance,Captive Laboratory,21,Felis,2,Male+Female,"Workman AD, Charvet CJ, Clancy B, Darlington RB, Finlay BL. Modeling transformations of neurodevelopmental sequences across mammalian species. Journal of Neuroscience. 2013 Apr 24;33(17):7368-83."
Posterior neuropore closure,Captive Laboratory,18.5,Felis,2,Male+Female,"Werneburg I, Geiger M. Ontogeny of domestic dogs and the developmental foundations of carnivoran domestication. Journal of Mammalian Evolution. 2017 Sep;24:323-43."
Premaxilla ossification (Onset),Captive Laboratory,30.5,Felis,2,Male+Female,"Boyd, J. S. (1976). Studies on the appearance of the centres of ossification of the axial skeleton in the feline fœtus. Anatomia, Histologia, Embryologia, 5(3), 193-205."
Preyer reflex,Captive Laboratory,74.5,Felis,2,Male+Female,"Workman AD, Charvet CJ, Clancy B, Darlington RB, Finlay BL. Modeling transformations of neurodevelopmental sequences across mammalian species. Journal of Neuroscience. 2013 Apr 24;33(17):7368-83."
Proximal epiphysis of the fibula appearance,Captive Laboratory,114,Felis,3,Male+Female,"Smith, R.N., 1968. Appearance of Ossification Centres in the Kitten: Part I. Skeletal development of kittens, recorded as individual bones, Part II. Skeletal development of kittens, recorded weekly. Journal of Small Animal Practice, 9(10), pp.497-511."
Proximal epiphysis of the fibula appearance,,107,Felis,2,Male+Female,"Smith, R.N., 1968. Appearance of Ossification Centres in the Kitten: Part I. Skeletal development of kittens, recorded as individual bones, Part II. Skeletal development of kittens, recorded weekly. Journal of Small Animal Practice, 9(10), pp.497-511."
Proximal epiphysis of the tibia Appearance,Second hand source,82.5,Felis,2,Male+Female,"Miranda FG, Souza IP, Viegas FM, Megda TT, Nepomuceno AC, Tôrres RC, Rezende CM. Radiographic study of the development of the pelvis and hip and the femorotibial joints in domestic cats. J Feline Med Surg. 2020 Jun;22(6):476-483. doi: 10.1177/1098612X19854809. Epub 2019 Jun 11. PMID: 31184248."
Proximal epiphysis of the tibia Appearance,,79,Felis,2,Male+Female,"Smith, R.N., 1968. Appearance of Ossification Centres in the Kitten: Part I. Skeletal development of kittens, recorded as individual bones, Part II. Skeletal development of kittens, recorded weekly. Journal of Small Animal Practice, 9(10), pp.497-511."
Proximal epiphysisis of the radius Appearance,Captive Laboratory,93,Felis,3,Male+Female,"Smith, R.N., 1968. Appearance of Ossification Centres in the Kitten: Part I. Skeletal development of kittens, recorded as individual bones, Part II. Skeletal development of kittens, recorded weekly. Journal of Small Animal Practice, 9(10), pp.497-511."
Proximal phalanx 3 ossification (Onset),Captive Laboratory,38,Felis,2,Male+Female,"Prochel J, Vogel P, Sánchez-Villagra MR. Hand development and sequence of ossification in the forelimb of the European shrew Crocidura russula (Soricidae) and comparisons across therian mammals. J Anat. 2004 Aug;205(2):99-111. doi: 10.1111/j.0021-8782.2004.00321.x. PMID: 15291793; PMCID: PMC1571333."
Pubis ossification (Onset),Captive Laboratory,53.5,Felis,2,Male+Female,Boyd JS. Patterns of ossification in the feline foetus: A study of the foetal development of the skeleton of the feline using comparative methods. University of Glasgow (United Kingdom); 1974.
Pupil forms,Captive Laboratory,20,Felis,2,Male+Female,"Werneburg I, Geiger M. Ontogeny of domestic dogs and the developmental foundations of carnivoran domestication. Journal of Mammalian Evolution. 2017 Sep;24:323-43."
Pupillary light reflex (Onset),Captive Laboratory,72,Felis,1,Male+Female,"Beaver B, Sensory development of Felis catus, Laboratory Animals 14:199-201 1980"
Pupillary light reflex (Onset),Captive Laboratory,77,Felis,2,Male+Female,"Beaver B, Sensory development of Felis catus, Laboratory Animals 14:199-201 1980"
Pupillary light reflex (Onset),Captive Laboratory,77.5,Felis,2,Male+Female,"Beaver B, Sensory development of Felis catus, Laboratory Animals 14:199-201 1980"
Pupillary light reflex (Onset),Captive Laboratory,83,Felis,3,Male+Female,"Beaver B, Sensory development of Felis catus, Laboratory Animals 14:199-201 1980"
Pupillary light reflex (Onset),,70,Felis,1,Male+Female,"Lavely, J.A., 2006. Pediatric neurology of the dog and cat. Veterinary Clinics: Small Animal Practice, 36(3), pp.475-501."
Pupillary light reflex (Onset),,74.5,Felis,2,Male+Female,"Lavely, J.A., 2006. Pediatric neurology of the dog and cat. Veterinary Clinics: Small Animal Practice, 36(3), pp.475-501."
Pupillary light reflex (Onset),,79,Felis,3,Male+Female,"Lavely, J.A., 2006. Pediatric neurology of the dog and cat. Veterinary Clinics: Small Animal Practice, 36(3), pp.475-501."
Radius ossification (Onset),Captive Laboratory,30.5,Felis,2,Male+Female,Boyd JS. Patterns of ossification in the feline foetus: A study of the foetal development of the skeleton of the feline using comparative methods. University of Glasgow (United Kingdom); 1974.
Radius ossification (Onset),Captive Laboratory,28,Felis,2,Male+Female,"Prochel J, Vogel P, Sánchez-Villagra MR. Hand development and sequence of ossification in the forelimb of the European shrew Crocidura russula (Soricidae) and comparisons across therian mammals. J Anat. 2004 Aug;205(2):99-111. doi: 10.1111/j.0021-8782.2004.00321.x. PMID: 15291793; PMCID: PMC1571333."
Range of rapid synaptogenesis (visual cortex) (Offset),Captive Laboratory,104,Felis,2,Male+Female,"Workman AD, Charvet CJ, Clancy B, Darlington RB, Finlay BL. Modeling transformations of neurodevelopmental sequences across mammalian species. Journal of Neuroscience. 2013 Apr 24;33(17):7368-83."
Range of rapid synaptogenesis (visual cortex) (Onset),Captive Laboratory,74,Felis,2,Male+Female,"Workman AD, Charvet CJ, Clancy B, Darlington RB, Finlay BL. Modeling transformations of neurodevelopmental sequences across mammalian species. Journal of Neuroscience. 2013 Apr 24;33(17):7368-83."
Reticular nuclei (Peak),Captive Laboratory,24,Felis,2,Male+Female,"Workman AD, Charvet CJ, Clancy B, Darlington RB, Finlay BL. Modeling transformations of neurodevelopmental sequences across mammalian species. Journal of Neuroscience. 2013 Apr 24;33(17):7368-83."
Retinal amacrine cells (Peak),Captive Laboratory,45,Felis,2,Male+Female,"Workman AD, Charvet CJ, Clancy B, Darlington RB, Finlay BL. Modeling transformations of neurodevelopmental sequences across mammalian species. Journal of Neuroscience. 2013 Apr 24;33(17):7368-83."
Retinal ganglion cell generation (Offset),Captive Laboratory,35.5,Felis,2,Male+Female,"Workman AD, Charvet CJ, Clancy B, Darlington RB, Finlay BL. Modeling transformations of neurodevelopmental sequences across mammalian species. Journal of Neuroscience. 2013 Apr 24;33(17):7368-83."
Retinal ganglion cell generation (Onset),Captive Laboratory,19.5,Felis,2,Male+Female,"Workman AD, Charvet CJ, Clancy B, Darlington RB, Finlay BL. Modeling transformations of neurodevelopmental sequences across mammalian species. Journal of Neuroscience. 2013 Apr 24;33(17):7368-83."
Retinal ganglion cells (Peak),Captive Laboratory,30,Felis,2,Male+Female,"Workman AD, Charvet CJ, Clancy B, Darlington RB, Finlay BL. Modeling transformations of neurodevelopmental sequences across mammalian species. Journal of Neuroscience. 2013 Apr 24;33(17):7368-83."
Retinal waves stage 2 (Offset),Captive Laboratory,53,Felis,2,Male+Female,"Workman AD, Charvet CJ, Clancy B, Darlington RB, Finlay BL. Modeling transformations of neurodevelopmental sequences across mammalian species. Journal of Neuroscience. 2013 Apr 24;33(17):7368-83."
Retinal waves stage 2 (Onset),Captive Laboratory,41,Felis,2,Male+Female,"Workman AD, Charvet CJ, Clancy B, Darlington RB, Finlay BL. Modeling transformations of neurodevelopmental sequences across mammalian species. Journal of Neuroscience. 2013 Apr 24;33(17):7368-83."
Retinal waves stage 3 (Offset),Captive Laboratory,71,Felis,2,Male+Female,"Workman AD, Charvet CJ, Clancy B, Darlington RB, Finlay BL. Modeling transformations of neurodevelopmental sequences across mammalian species. Journal of Neuroscience. 2013 Apr 24;33(17):7368-83."
Retinal waves stage 3 (Onset),Captive Laboratory,51,Felis,2,Male+Female,"Workman AD, Charvet CJ, Clancy B, Darlington RB, Finlay BL. Modeling transformations of neurodevelopmental sequences across mammalian species. Journal of Neuroscience. 2013 Apr 24;33(17):7368-83."
Rod generation (Offset),Captive Laboratory,74,Felis,2,Male+Female,"Workman AD, Charvet CJ, Clancy B, Darlington RB, Finlay BL. Modeling transformations of neurodevelopmental sequences across mammalian species. Journal of Neuroscience. 2013 Apr 24;33(17):7368-83."
Rod generation (Onset),Captive Laboratory,55,Felis,2,Male+Female,"Workman AD, Charvet CJ, Clancy B, Darlington RB, Finlay BL. Modeling transformations of neurodevelopmental sequences across mammalian species. Journal of Neuroscience. 2013 Apr 24;33(17):7368-83."
Rods (Peak),Captive Laboratory,65,Felis,2,Male+Female,"Workman AD, Charvet CJ, Clancy B, Darlington RB, Finlay BL. Modeling transformations of neurodevelopmental sequences across mammalian species. Journal of Neuroscience. 2013 Apr 24;33(17):7368-83."
Rooting reflex in all most animals (Offset),Captive Laboratory,67,Felis,1,Male+Female,"Beaver B, Sensory development of Felis catus, Laboratory Animals 14:199-201 1980"
Rooting reflex in all most animals (Offset),Captive Laboratory,73.4,Felis,2,Male+Female,"Beaver B, Sensory development of Felis catus, Laboratory Animals 14:199-201 1980"
Rooting reflex in all most animals (Offset),Captive Laboratory,74,Felis,2,Male+Female,"Beaver B, Sensory development of Felis catus, Laboratory Animals 14:199-201 1980"
Rooting reflex in all most animals (Offset),Captive Laboratory,81,Felis,3,Male+Female,"Beaver B, Sensory development of Felis catus, Laboratory Animals 14:199-201 1980"
Sacral vertebrae ossification (Onset),Captive Laboratory,37.5,Felis,2,Male+Female,"Boyd, J. S. (1976). Studies on the appearance of the centres of ossification of the axial skeleton in the feline fœtus. Anatomia, Histologia, Embryologia, 5(3), 193-205."
Sacral vertebrae ossification (Onset),Captive Laboratory,55,Felis,2,Male+Female,"Boyd, J. S. (1976). Studies on the appearance of the centres of ossification of the axial skeleton in the feline fœtus. Anatomia, Histologia, Embryologia, 5(3), 193-205."
SC Segregation,Captive Laboratory,58.5,Felis,2,Male+Female,"Workman AD, Charvet CJ, Clancy B, Darlington RB, Finlay BL. Modeling transformations of neurodevelopmental sequences across mammalian species. Journal of Neuroscience. 2013 Apr 24;33(17):7368-83."
Scaphoid ossification (Onset),Captive Laboratory,92,Felis,2,Male+Female,"Prochel J, Vogel P, Sánchez-Villagra MR. Hand development and sequence of ossification in the forelimb of the European shrew Crocidura russula (Soricidae) and comparisons across therian mammals. J Anat. 2004 Aug;205(2):99-111. doi: 10.1111/j.0021-8782.2004.00321.x. PMID: 15291793; PMCID: PMC1571333."
Scapula ossification (Onset),Captive Laboratory,31.5,Felis,2,Male+Female,Boyd JS. Patterns of ossification in the feline foetus: A study of the foetal development of the skeleton of the feline using comparative methods. University of Glasgow (United Kingdom); 1974.
Scapula: Coracoid process (Onset),Captive Laboratory,128,Felis,3,Male+Female,"Smith, R.N., 1968. Appearance of Ossification Centres in the Kitten: Part I. Skeletal development of kittens, recorded as individual bones, Part II. Skeletal development of kittens, recorded weekly. Journal of Small Animal Practice, 9(10), pp.497-511."
Scapula: Coracoid process (Onset),Captive Laboratory,121,Felis,2,Male+Female,"Smith, R.N., 1968. Appearance of Ossification Centres in the Kitten: Part I. Skeletal development of kittens, recorded as individual bones, Part II. Skeletal development of kittens, recorded weekly. Journal of Small Animal Practice, 9(10), pp.497-511."
Scapula: Coracoid process (Onset),Captive Laboratory,114,Felis,1,Male+Female,"Smith, R.N., 1968. Appearance of Ossification Centres in the Kitten: Part I. Skeletal development of kittens, recorded as individual bones, Part II. Skeletal development of kittens, recorded weekly. Journal of Small Animal Practice, 9(10), pp.497-511."
Secondary palate closure,Captive Laboratory,32,Felis,2,Male+Female,"Noden DM, Lahunta AD. The embryology of domestic animals. Developmental mechanisms and malformations. Williams & Wilkins; 1985."
Sexual maturity,Captive+Wild,361.98,Felis,2,Male+Female,"https://esapubs.org/archive/ecol/E090/184/PanTHERIA_1-0_WR05_Aug2008.txt; Jones, K. E., Bielby, J., Cardillo, M., Fritz, S. A., O'Dell, J., Orme, C. D. L., Safi, K., Sechrest, W., Boakes, E. H., Carbone, C., Connolly, C., Cutts, M. J., Foster, J. K., Grenyer, R., Habib, M., Plaster, C. A., Price, S. A., Rigby, E. A., Rist, J., . . . Michener, W. K. (2009). PanTHERIA: a species-level database of life history, ecology, and geography of extant and recently extinct mammals. Ecology, 90(9), 2648-2648. https://doi.org/10.1890/08-1494.1"
Slits closure (Offset),Captive Laboratory,22,Felis,2,Male+Female,"Werneburg I, Geiger M. Ontogeny of domestic dogs and the developmental foundations of carnivoran domestication. Journal of Mammalian Evolution. 2017 Sep;24:323-43."
Snout hairs (vibrissal),Captive Laboratory,41,Felis,2,Male+Female,"Werneburg I, Geiger M. Ontogeny of domestic dogs and the developmental foundations of carnivoran domestication. Journal of Mammalian Evolution. 2017 Sep;24:323-43."
Social play (Onset),Captive Laboratory,86,Felis,2,Male,"Mendoza DL, Ramirez JM. Play in kittens (Felis domesticus) and its association with cohesion and aggression. Bulletin of the Psychonomic Society. 1987 Jan;25(1):27-30."
Social play (Onset),Captive client,90.67,Felis,2,Male+Female,"Smith R. Individual variation in onset of behavioural traits in the domestic cat (Felis catus) as assessed by owner/carer survey (Doctoral dissertation, University of Lincoln)."
Social play (Onset),Captive client,87.57,Felis,2,Male+Female,"Smith R. Individual variation in onset of behavioural traits in the domestic cat (Felis catus) as assessed by owner/carer survey (Doctoral dissertation, University of Lincoln)."
Social play (Onset),Captive client,93.03,Felis,2,Male+Female,"Smith R. Individual variation in onset of behavioural traits in the domestic cat (Felis catus) as assessed by owner/carer survey (Doctoral dissertation, University of Lincoln)."
Social play (Onset),Captive client,95.84,Felis,2,Male+Female,"Smith R. Individual variation in onset of behavioural traits in the domestic cat (Felis catus) as assessed by owner/carer survey (Doctoral dissertation, University of Lincoln)."
Social play (Onset),Captive client,86,Felis,2,Male+Female,"Smith R. Individual variation in onset of behavioural traits in the domestic cat (Felis catus) as assessed by owner/carer survey (Doctoral dissertation, University of Lincoln)."
Social play (Onset),Captive client,93,Felis,2,Male+Female,"Smith R. Individual variation in onset of behavioural traits in the domestic cat (Felis catus) as assessed by owner/carer survey (Doctoral dissertation, University of Lincoln)."
Social play (Onset),Captive client,95,Felis,2,Male+Female,"Smith R. Individual variation in onset of behavioural traits in the domestic cat (Felis catus) as assessed by owner/carer survey (Doctoral dissertation, University of Lincoln)."
Social play (Onset),Captive client,76.9,Felis,1,Male+Female,"Smith R. Individual variation in onset of behavioural traits in the domestic cat (Felis catus) as assessed by owner/carer survey (Doctoral dissertation, University of Lincoln)."
Social play (Onset),Captive client,76.9,Felis,1,Male+Female,"Smith R. Individual variation in onset of behavioural traits in the domestic cat (Felis catus) as assessed by owner/carer survey (Doctoral dissertation, University of Lincoln)."
Social play (Onset),Captive client,79.96,Felis,1,Male+Female,"Smith R. Individual variation in onset of behavioural traits in the domestic cat (Felis catus) as assessed by owner/carer survey (Doctoral dissertation, University of Lincoln)."
Social play (Onset),Captive client,78.95,Felis,1,Male+Female,"Smith R. Individual variation in onset of behavioural traits in the domestic cat (Felis catus) as assessed by owner/carer survey (Doctoral dissertation, University of Lincoln)."
Social play (Onset),Captive client,112,Felis,3,Male+Female,"Smith R. Individual variation in onset of behavioural traits in the domestic cat (Felis catus) as assessed by owner/carer survey (Doctoral dissertation, University of Lincoln)."
Social play (Onset),Captive client,108,Felis,3,Male+Female,"Smith R. Individual variation in onset of behavioural traits in the domestic cat (Felis catus) as assessed by owner/carer survey (Doctoral dissertation, University of Lincoln)."
Social play (Onset),Captive client,106,Felis,3,Male+Female,"Smith R. Individual variation in onset of behavioural traits in the domestic cat (Felis catus) as assessed by owner/carer survey (Doctoral dissertation, University of Lincoln)."
Social play (Onset),Captive client,112,Felis,3,Male+Female,"Smith R. Individual variation in onset of behavioural traits in the domestic cat (Felis catus) as assessed by owner/carer survey (Doctoral dissertation, University of Lincoln)."
Social play (Onset),Captive Laboratory,75,Felis,1,Male+Female,"Villablanca JR, Olmstead CE. Neurological development of kittens. Developmental Psychobiology: The Journal of the International Society for Developmental Psychobiology. 1979 Mar;12(2):101-27."
Social play (Onset),Captive Laboratory,77.5,Felis,2,Male+Female,"Villablanca JR, Olmstead CE. Neurological development of kittens. Developmental Psychobiology: The Journal of the International Society for Developmental Psychobiology. 1979 Mar;12(2):101-27."
Social play (Onset),Captive Laboratory,80,Felis,3,Male+Female,"Villablanca JR, Olmstead CE. Neurological development of kittens. Developmental Psychobiology: The Journal of the International Society for Developmental Psychobiology. 1979 Mar;12(2):101-27."
Social play (Peak),Captive,118,Felis,2,Male+Female,"Antonevich AL, Alekseeva GS, Vasilieva NA, Pavlova EV, Loshchagina JA, Duplyakina SY, Naidenko SV. Social play changes reflect differences in biology and development of three felids. Russian Journal of Theriology. 2019;18(2):80-90."
Social play (Peak),Captive Laboratory,163,Felis,2,Male,"Mendoza DL, Ramirez JM. Play in kittens (Felis domesticus) and its association with cohesion and aggression. Bulletin of the Psychonomic Society. 1987 Jan;25(1):27-30."
Social play (Peak),Captive Laboratory and Captive client,145.5,Felis,2,Male+Female,West M. Social play in the domestic cat. American Zoologist. 1974 Feb 1;14(1):427-36.
Solitary or object play (Onset),Captive Laboratory,93,Felis,2,Male,"Mendoza DL, Ramirez JM. Play in kittens (Felis domesticus) and its association with cohesion and aggression. Bulletin of the Psychonomic Society. 1987 Jan;25(1):27-30."
Solitary or object play (Onset),Captive client,92.19,Felis,2,Male+Female,"Smith R. Individual variation in onset of behavioural traits in the domestic cat (Felis catus) as assessed by owner/carer survey (Doctoral dissertation, University of Lincoln)."
Solitary or object play (Onset),Captive client,90.87,Felis,2,Male+Female,"Smith R. Individual variation in onset of behavioural traits in the domestic cat (Felis catus) as assessed by owner/carer survey (Doctoral dissertation, University of Lincoln)."
Solitary or object play (Onset),Captive client,88.84,Felis,2,Male+Female,"Smith R. Individual variation in onset of behavioural traits in the domestic cat (Felis catus) as assessed by owner/carer survey (Doctoral dissertation, University of Lincoln)."
Solitary or object play (Onset),Captive client,96.6,Felis,2,Male+Female,"Smith R. Individual variation in onset of behavioural traits in the domestic cat (Felis catus) as assessed by owner/carer survey (Doctoral dissertation, University of Lincoln)."
Solitary or object play (Onset),Captive client,90,Felis,2,Male+Female,"Smith R. Individual variation in onset of behavioural traits in the domestic cat (Felis catus) as assessed by owner/carer survey (Doctoral dissertation, University of Lincoln)."
Solitary or object play (Onset),Captive client,90,Felis,2,Male+Female,"Smith R. Individual variation in onset of behavioural traits in the domestic cat (Felis catus) as assessed by owner/carer survey (Doctoral dissertation, University of Lincoln)."
Solitary or object play (Onset),Captive client,95,Felis,2,Male+Female,"Smith R. Individual variation in onset of behavioural traits in the domestic cat (Felis catus) as assessed by owner/carer survey (Doctoral dissertation, University of Lincoln)."
Solitary or object play (Onset),Captive client,78.12,Felis,1,Male+Female,"Smith R. Individual variation in onset of behavioural traits in the domestic cat (Felis catus) as assessed by owner/carer survey (Doctoral dissertation, University of Lincoln)."
Solitary or object play (Onset),Captive client,78.9,Felis,1,Male+Female,"Smith R. Individual variation in onset of behavioural traits in the domestic cat (Felis catus) as assessed by owner/carer survey (Doctoral dissertation, University of Lincoln)."
Solitary or object play (Onset),Captive client,78.12,Felis,1,Male+Female,"Smith R. Individual variation in onset of behavioural traits in the domestic cat (Felis catus) as assessed by owner/carer survey (Doctoral dissertation, University of Lincoln)."
Solitary or object play (Onset),Captive client,88.1,Felis,1,Male+Female,"Smith R. Individual variation in onset of behavioural traits in the domestic cat (Felis catus) as assessed by owner/carer survey (Doctoral dissertation, University of Lincoln)."
Solitary or object play (Onset),Captive client,111,Felis,3,Male+Female,"Smith R. Individual variation in onset of behavioural traits in the domestic cat (Felis catus) as assessed by owner/carer survey (Doctoral dissertation, University of Lincoln)."
Solitary or object play (Onset),Captive client,110.23,Felis,3,Male+Female,"Smith R. Individual variation in onset of behavioural traits in the domestic cat (Felis catus) as assessed by owner/carer survey (Doctoral dissertation, University of Lincoln)."
Solitary or object play (Onset),Captive client,97.05,Felis,3,Male+Female,"Smith R. Individual variation in onset of behavioural traits in the domestic cat (Felis catus) as assessed by owner/carer survey (Doctoral dissertation, University of Lincoln)."
Solitary or object play (Onset),Captive client,111,Felis,3,Male+Female,"Smith R. Individual variation in onset of behavioural traits in the domestic cat (Felis catus) as assessed by owner/carer survey (Doctoral dissertation, University of Lincoln)."
Solitary or object play (Onset),Captive Laboratory and Captive client,87,Felis,2,Male+Female,West M. Social play in the domestic cat. American Zoologist. 1974 Feb 1;14(1):427-36.
Solitary or object play (Peak),Captive,133,Felis,2,Male+Female,"Antonevich AL, Alekseeva GS, Vasilieva NA, Pavlova EV, Loshchagina JA, Duplyakina SY, Naidenko SV. Social play changes reflect differences in biology and development of three felids. Russian Journal of Theriology. 2019;18(2):80-90."
Solitary or object play (Peak),Captive Laboratory,191,Felis,2,Male,"Mendoza DL, Ramirez JM. Play in kittens (Felis domesticus) and its association with cohesion and aggression. Bulletin of the Psychonomic Society. 1987 Jan;25(1):27-30."
Somite formation (Onset),Captive Laboratory,13,Felis,2,Male+Female,"Evans HE, Sack WO. Prenatal development of domestic and laboratory mammals: growth curves, external features and selected references. Zentralbl Veterinarmed C. 1973 Mar;2(1):11-45."
Spiral ganglion cell processes myelination (Onset),Captive Laboratory,57,Felis,2,Male+Female,"Romand, M.R. and Romand, R., 1990. Development of spiral ganglion cells in mammalian cochlea. Journal of electron microscopy technique, 15(2), pp.144-154."
Splenium myelination (Onset),Captive Laboratory,82,Felis,2,Male+Female,"Workman AD, Charvet CJ, Clancy B, Darlington RB, Finlay BL. Modeling transformations of neurodevelopmental sequences across mammalian species. Journal of Neuroscience. 2013 Apr 24;33(17):7368-83."
Somite formation (Onset),Captive Laboratory,12,Felis,2,Male+Female,"Štěrba, O. (1995). Staging and ageing of mammalian embryos and fetuses. Acta Veterinaria Brno, 64(1), 83-89."
Somites 1-7,Captive Laboratory,15,Felis,2,Male+Female,"Štěrba, O. (1995). Staging and ageing of mammalian embryos and fetuses. Acta Veterinaria Brno, 64(1), 83-89."
"Stage 3 (Four branchial bars, limb buds, tail bud, otic vesicle closed, lens plate indented, olfactory placode indented, cerebral vesicles distinct)",Captive Laboratory,16.8,Felis,2,Male+Female,"Štěrba, O. (1995). Staging and ageing of mammalian embryos and fetuses. Acta Veterinaria Brno, 64(1), 83-89."
Tail bud,,16.8,Felis,2,Male+Female,"Štěrba, O. (1995). Staging and ageing of mammalian embryos and fetuses. Acta Veterinaria Brno, 64(1), 83-89."
"Stage 4 (Retinal pigment present, lens vesicle closed and separated from surface, hemispheres and mesencephalon conspicuous, handplate present)",Captive Laboratory,19.2,Felis,2,Male+Female,"Štěrba, O. (1995). Staging and ageing of mammalian embryos and fetuses. Acta Veterinaria Brno, 64(1), 83-89."
Retinal pigment epithelium is visible,,19.2,Felis,2,Male+Female,"Štěrba, O. (1995). Staging and ageing of mammalian embryos and fetuses. Acta Veterinaria Brno, 64(1), 83-89."
Lens vesicle closes,,19.2,Felis,2,Male+Female,"Štěrba, O. (1995). Staging and ageing of mammalian embryos and fetuses. Acta Veterinaria Brno, 64(1), 83-89."
"Stage 5 (Porus acusticus externus formed, follicles of tactile hairs present on upper lip, lens cavity reduced or obliterated, nasolacrimal groove closed, palatine processes vertical, handplate ) indented",Captive Laboratory,22.2,Felis,2,Male+Female,"Štěrba, O. (1995). Staging and ageing of mammalian embryos and fetuses. Acta Veterinaria Brno, 64(1), 83-89."
"Stage 6 (Palate fused, eyelids are prominent, toes separated, ossification begins)",Captive Laboratory,26.4,Felis,2,Male+Female,"Štěrba, O. (1995). Staging and ageing of mammalian embryos and fetuses. Acta Veterinaria Brno, 64(1), 83-89."
Distinct toes first visible,,26.4,Felis,2,Male+Female,"Štěrba, O. (1995). Staging and ageing of mammalian embryos and fetuses. Acta Veterinaria Brno, 64(1), 83-89."
"Stage 7 (Fusion of eyelids, umbilical hernia reposited)",Captive Laboratory,30,Felis,2,Male+Female,"Štěrba, O. (1995). Staging and ageing of mammalian embryos and fetuses. Acta Veterinaria Brno, 64(1), 83-89."
Stage 8 (Numerous skinfolds present),Captive Laboratory,33.6,Felis,2,Male+Female,"Štěrba, O. (1995). Staging and ageing of mammalian embryos and fetuses. Acta Veterinaria Brno, 64(1), 83-89."
Stage 9 (Tactile hairs erupt on upper lip),Captive Laboratory,37.2,Felis,2,Male+Female,"Štěrba, O. (1995). Staging and ageing of mammalian embryos and fetuses. Acta Veterinaria Brno, 64(1), 83-89."
Standing independently (Attained),Captive Laboratory,75,Felis,2,Male+Female,Beaver BV. Neuromuscular development of Felis catus. Laboratory animals. 1980 Jul 1;14(3):197-8.
Standing independently (Attained),Captive Laboratory,70,Felis,1,Male+Female,Beaver BV. Neuromuscular development of Felis catus. Laboratory animals. 1980 Jul 1;14(3):197-8.
Standing independently (Attained),Captive Laboratory,90,Felis,3,Male+Female,Beaver BV. Neuromuscular development of Felis catus. Laboratory animals. 1980 Jul 1;14(3):197-8.
Standing independently (Attained),Captive Laboratory,80,Felis,2,Male+Female,Beaver BV. Neuromuscular development of Felis catus. Laboratory animals. 1980 Jul 1;14(3):197-8.
Standing independently (Attained),Captive Laboratory,94.75,Felis,3,Male+Female,"Sechzer JA, Folstein SE, Geiger EH, Mervis RF, Meehan SM. Development and maturation of postural reflexes in normal kittens. Experimental neurology. 1984 Dec 1;86(3):493-505."
Sternum ossification (Onset),Captive Laboratory,38,Felis,2,Male+Female,"Boyd, J. S. (1976). Studies on the appearance of the centres of ossification of the axial skeleton in the feline fœtus. Anatomia, Histologia, Embryologia, 5(3), 193-205."
Subicular cortex neurogenesis (Offset),Captive Laboratory,42,Felis,2,Male+Female,"Workman AD, Charvet CJ, Clancy B, Darlington RB, Finlay BL. Modeling transformations of neurodevelopmental sequences across mammalian species. Journal of Neuroscience. 2013 Apr 24;33(17):7368-83."
Subicular cortex neurogenesis (Onset),Captive Laboratory,22,Felis,2,Male+Female,"Workman AD, Charvet CJ, Clancy B, Darlington RB, Finlay BL. Modeling transformations of neurodevelopmental sequences across mammalian species. Journal of Neuroscience. 2013 Apr 24;33(17):7368-83."
Subplate (Peak),Captive Laboratory,24,Felis,2,Male+Female,"Workman AD, Charvet CJ, Clancy B, Darlington RB, Finlay BL. Modeling transformations of neurodevelopmental sequences across mammalian species. Journal of Neuroscience. 2013 Apr 24;33(17):7368-83."
Subplate neurogenesis (Onset),Captive Laboratory,24,Felis,2,Male+Female,"Workman AD, Charvet CJ, Clancy B, Darlington RB, Finlay BL. Modeling transformations of neurodevelopmental sequences across mammalian species. Journal of Neuroscience. 2013 Apr 24;33(17):7368-83."
Suprachiasmatic nucleus (Peak),Captive Laboratory,25,Felis,2,Male+Female,"Workman AD, Charvet CJ, Clancy B, Darlington RB, Finlay BL. Modeling transformations of neurodevelopmental sequences across mammalian species. Journal of Neuroscience. 2013 Apr 24;33(17):7368-83."
Supraoccipital ossification (Onset),Captive Laboratory,34.5,Felis,2,Male+Female,"Boyd, J. S. (1976). Studies on the appearance of the centres of ossification of the axial skeleton in the feline fœtus. Anatomia, Histologia, Embryologia, 5(3), 193-205."
Surface righting (Onset),Captive Laboratory,96,Felis,3,Male+Female,"Sechzer JA, Folstein SE, Geiger EH, Mervis RF, Meehan SM. Development and maturation of postural reflexes in normal kittens. Experimental neurology. 1984 Dec 1;86(3):493-505."
Surface righting (Onset),Captive Laboratory,94.75,Felis,3,Male+Female,"Sechzer JA, Folstein SE, Geiger EH, Mervis RF, Meehan SM. Development and maturation of postural reflexes in normal kittens. Experimental neurology. 1984 Dec 1;86(3):493-505."
Surrounded nose openings (nostrils),Captive Laboratory,24,Felis,2,Male+Female,"Werneburg I, Geiger M. Ontogeny of domestic dogs and the developmental foundations of carnivoran domestication. Journal of Mammalian Evolution. 2017 Sep;24:323-43."
Tail bud,Captive Laboratory,16,Felis,2,Male+Female,"Werneburg I, Geiger M. Ontogeny of domestic dogs and the developmental foundations of carnivoran domestication. Journal of Mammalian Evolution. 2017 Sep;24:323-43."
Tail hairs,Captive Laboratory,46,Felis,2,Male+Female,"Werneburg I, Geiger M. Ontogeny of domestic dogs and the developmental foundations of carnivoran domestication. Journal of Mammalian Evolution. 2017 Sep;24:323-43."
Thoracic vertebrae ossification (Onset),Captive Laboratory,36,Felis,2,Male+Female,"Boyd, J. S. (1976). Studies on the appearance of the centres of ossification of the axial skeleton in the feline fœtus. Anatomia, Histologia, Embryologia, 5(3), 193-205."
Throat hairs,Captive Laboratory,46,Felis,2,Male+Female,"Werneburg I, Geiger M. Ontogeny of domestic dogs and the developmental foundations of carnivoran domestication. Journal of Mammalian Evolution. 2017 Sep;24:323-43."
Distinct toes first visible,Captive Laboratory,26.5,Felis,2,Male+Female,"Werneburg I, Geiger M. Ontogeny of domestic dogs and the developmental foundations of carnivoran domestication. Journal of Mammalian Evolution. 2017 Sep;24:323-43."
Total protein % plateaus,Captive client,1017.06,Felis,2,Male,CatAge dataset (known date of birth or got the cat as a young kitten 8 weeks or less)
Total protein % plateaus,Captive Laboratory,467.29,Felis,2,Male,"NAKAI N, NAWA K, MAEKAWA M, NAGASAWA H. Age-related changes in hematological and serum biochemical values in cats. Experimental Animals. 1992 Jul 1;41(3):287-94."
Total protein % plateaus,Captive Laboratory,857.48,Felis,2,Female,"NAKAI N, NAWA K, MAEKAWA M, NAGASAWA H. Age-related changes in hematological and serum biochemical values in cats. Experimental Animals. 1992 Jul 1;41(3):287-94."
Total protein % reaches 90% of the plateau,Captive Laboratory,270.92,Felis,2,Male,"NAKAI N, NAWA K, MAEKAWA M, NAGASAWA H. Age-related changes in hematological and serum biochemical values in cats. Experimental Animals. 1992 Jul 1;41(3):287-94."
Total protein % reaches 90% of the plateau,Captive Laboratory,431.56,Felis,2,Female,"NAKAI N, NAWA K, MAEKAWA M, NAGASAWA H. Age-related changes in hematological and serum biochemical values in cats. Experimental Animals. 1992 Jul 1;41(3):287-94."
Total protein % reaches 92% of the plateau,Captive Laboratory,310.19,Felis,2,Male,"NAKAI N, NAWA K, MAEKAWA M, NAGASAWA H. Age-related changes in hematological and serum biochemical values in cats. Experimental Animals. 1992 Jul 1;41(3):287-94."
Total protein % reaches 92% of the plateau,Captive Laboratory,516.74,Felis,2,Female,"NAKAI N, NAWA K, MAEKAWA M, NAGASAWA H. Age-related changes in hematological and serum biochemical values in cats. Experimental Animals. 1992 Jul 1;41(3):287-94."
Total protein % reaches 94% of the plateau,Captive client,169.03,Felis,2,Male,CatAge dataset (known date of birth or got the cat as a young kitten 8 weeks or less)
Total protein % reaches 94% of the plateau,Captive Laboratory,349.47,Felis,2,Male,"NAKAI N, NAWA K, MAEKAWA M, NAGASAWA H. Age-related changes in hematological and serum biochemical values in cats. Experimental Animals. 1992 Jul 1;41(3):287-94."
Total protein % reaches 94% of the plateau,Captive Laboratory,601.93,Felis,2,Female,"NAKAI N, NAWA K, MAEKAWA M, NAGASAWA H. Age-related changes in hematological and serum biochemical values in cats. Experimental Animals. 1992 Jul 1;41(3):287-94."
Total protein % reaches 96% of the plateau,Captive client,451.71,Felis,2,Male,CatAge dataset (known date of birth or got the cat as a young kitten 8 weeks or less)
Total protein % reaches 96% of the plateau,Captive Laboratory,388.74,Felis,2,Male,"NAKAI N, NAWA K, MAEKAWA M, NAGASAWA H. Age-related changes in hematological and serum biochemical values in cats. Experimental Animals. 1992 Jul 1;41(3):287-94."
Total protein % reaches 96% of the plateau,Captive Laboratory,687.11,Felis,2,Female,"NAKAI N, NAWA K, MAEKAWA M, NAGASAWA H. Age-related changes in hematological and serum biochemical values in cats. Experimental Animals. 1992 Jul 1;41(3):287-94."
Total protein % reaches 98% of the plateau,Captive client,734.38,Felis,2,Male,CatAge dataset (known date of birth or got the cat as a young kitten 8 weeks or less)
Total protein % reaches 98% of the plateau,Captive Laboratory,428.02,Felis,2,Male,"NAKAI N, NAWA K, MAEKAWA M, NAGASAWA H. Age-related changes in hematological and serum biochemical values in cats. Experimental Animals. 1992 Jul 1;41(3):287-94."
Total protein % reaches 98% of the plateau,Captive Laboratory,772.3,Felis,2,Female,"NAKAI N, NAWA K, MAEKAWA M, NAGASAWA H. Age-related changes in hematological and serum biochemical values in cats. Experimental Animals. 1992 Jul 1;41(3):287-94."
Total RGC Spine Density (Peak),Captive Laboratory,68,Felis,2,Male+Female,"Ramoa AS, Campbell G, Shatz CJ. 1988. Dendritic growth and remodeling of cat retinal ganglion cells during fetal and postnatal development. J Neurosci 8:4239 – 4261."
Trapezium ossification (Onset),Captive Laboratory,87,Felis,2,Male+Female,"Prochel J, Vogel P, Sánchez-Villagra MR. Hand development and sequence of ossification in the forelimb of the European shrew Crocidura russula (Soricidae) and comparisons across therian mammals. J Anat. 2004 Aug;205(2):99-111. doi: 10.1111/j.0021-8782.2004.00321.x. PMID: 15291793; PMCID: PMC1571333."
Trapezoid ossification (Onset),Captive Laboratory,92,Felis,2,Male+Female,"Prochel J, Vogel P, Sánchez-Villagra MR. Hand development and sequence of ossification in the forelimb of the European shrew Crocidura russula (Soricidae) and comparisons across therian mammals. J Anat. 2004 Aug;205(2):99-111. doi: 10.1111/j.0021-8782.2004.00321.x. PMID: 15291793; PMCID: PMC1571333."
Triquetral ossification (Onset),Captive Laboratory,99,Felis,2,Male+Female,"Prochel J, Vogel P, Sánchez-Villagra MR. Hand development and sequence of ossification in the forelimb of the European shrew Crocidura russula (Soricidae) and comparisons across therian mammals. J Anat. 2004 Aug;205(2):99-111. doi: 10.1111/j.0021-8782.2004.00321.x. PMID: 15291793; PMCID: PMC1571333."
Two (second) branchial arches emerges,Captive Laboratory,16,Felis,2,Male+Female,"Werneburg I, Geiger M. Ontogeny of domestic dogs and the developmental foundations of carnivoran domestication. Journal of Mammalian Evolution. 2017 Sep;24:323-43."
Ulna ossification (Onset),Captive Laboratory,30.5,Felis,2,Male+Female,Boyd JS. Patterns of ossification in the feline foetus: A study of the foetal development of the skeleton of the feline using comparative methods. University of Glasgow (United Kingdom); 1974.
Ulna ossification (Onset),Captive Laboratory,28,Felis,2,Male+Female,"Prochel J, Vogel P, Sánchez-Villagra MR. Hand development and sequence of ossification in the forelimb of the European shrew Crocidura russula (Soricidae) and comparisons across therian mammals. J Anat. 2004 Aug;205(2):99-111. doi: 10.1111/j.0021-8782.2004.00321.x. PMID: 15291793; PMCID: PMC1571333."
Umbilical stump falls off,,68,Felis,2,Male+Female,"Veronesi MC, Fusi J. Feline neonatology: From birth to commencement of weaning - what to know for successful management. J Feline Med Surg. 2022 Mar;24(3):232-242. doi: 10.1177/1098612X221079709. PMID: 35209772."
Ventral lateral geniculate nucleus (Peak),Captive Laboratory,26,Felis,2,Male+Female,"Workman AD, Charvet CJ, Clancy B, Darlington RB, Finlay BL. Modeling transformations of neurodevelopmental sequences across mammalian species. Journal of Neuroscience. 2013 Apr 24;33(17):7368-83."
Visual Cortex Peak Synaptic Density (Area 17),Captive Laboratory,114,Felis,2,Male+Female,"Workman AD, Charvet CJ, Clancy B, Darlington RB, Finlay BL. Modeling transformations of neurodevelopmental sequences across mammalian species. Journal of Neuroscience. 2013 Apr 24;33(17):7368-83."
Visual placing is mature 100% (forelimbs extend to a surface),Captive Laboratory,91,Felis,2,Male+Female,"Workman AD, Charvet CJ, Clancy B, Darlington RB, Finlay BL. Modeling transformations of neurodevelopmental sequences across mammalian species. Journal of Neuroscience. 2013 Apr 24;33(17):7368-83."
Vomer ossification (Onset),Captive Laboratory,33,Felis,2,Male+Female,"Boyd, J. S. (1976). Studies on the appearance of the centres of ossification of the axial skeleton in the feline fœtus. Anatomia, Histologia, Embryologia, 5(3), 193-205."
Walk development,,82.5,Felis,2,Male+Female,"Veronesi MC, Fusi J. Feline neonatology: From birth to commencement of weaning - what to know for successful management. J Feline Med Surg. 2022 Mar;24(3):232-242. doi: 10.1177/1098612X221079709. PMID: 35209772."
Walk development,,97,Felis,2,Male+Female,"Workman AD, Charvet CJ, Clancy B, Darlington RB, Finlay BL. Modeling transformations of neurodevelopmental sequences across mammalian species. Journal of Neuroscience. 2013 Apr 24;33(17):7368-83."
Weaning,Captive client,152.5,Felis,2,Male+Female,"Ahola, M.K., Vapalahti, K. & Lohi, H. Early weaning increases aggression and stereotypic behaviour in cats. Sci Rep 7, 10412 (2017). https://doi.org/10.1038/s41598-017-11173-5"
Weaning,Captive,121,Felis,2,Male+Female,"https://genomics.senescence.info/species/dataset.zip; AnAge Build 15; de Magalhaes, J. P., Abidi, Z., Dos Santos, G. A., Avelar, R. A., Barardo, D., Chatsirisupachai, K., Clark, P., De-Souza, E. A., Johnson, E. J., Lopes, I., Novoa, G., Senez, L., Talay, A., Thornton, D., & To, P. K. P. (2024). Human Ageing Genomic Resources: updates on key databases in ageing research. Nucleic Acids Res, 52(D1), D900-D908."
Weaning,,146.505,Felis,2,Male+Female,"https://figshare.com/articles/dataset/Full_Archive/3563457?backTo=/collections/An_amniote_life-history_database_to_perform_comparative_analyses_with_birds_mammals_and_reptiles/3308127; Myhrvold, N. P., Baldridge, E., Chan, B., Sivam, D., Freeman, D. L., & Ernest, S. M. (2015). An amniote life‐history database to perform comparative analyses with birds, mammals, and reptiles: Ecological Archives E096‐269. Ecology, 96(11), 3109-3109."
Weaning,Captive client,121,Felis,2,Male+Female,"Ng TT, Fascetti AJ, Larsen JA. Reproduction of domestic cats in laboratories, catteries, and feral colonies: A Review. Topics in companion animal medicine. 2023 Jul 1;55:100780."
Weaning (hand-reared) (Onset),Captive client,93,Felis,2,Male+Female,Launching and operating a succesful kitten nursery. A review of approaches and practices for animal shelters and rescue orgaizations. Prepared by the The National Kitten Coalition. 2017.
Whole belly hairs,Captive Laboratory,46,Felis,2,Male+Female,"Werneburg I, Geiger M. Ontogeny of domestic dogs and the developmental foundations of carnivoran domestication. Journal of Mammalian Evolution. 2017 Sep;24:323-43."
Whole forelimb hairs,Captive Laboratory,46,Felis,2,Male+Female,"Werneburg I, Geiger M. Ontogeny of domestic dogs and the developmental foundations of carnivoran domestication. Journal of Mammalian Evolution. 2017 Sep;24:323-43."
Zona pellucida is lost,Captive Laboratory,11.25,Felis,2,Male+Female,"Knospe C. Periods and stages of the prenatal development of the domestic cat. Anatomia, histologia, embryologia. 2002 Feb;31(1):37-51."
Zygomatic ossification (Onset),Captive Laboratory,36,Felis,2,Male+Female,"Boyd JS. Studies on the appearance of the centres of ossification of the axial skeleton in the feline fœtus. Anatomia, Histologia, Embryologia. 1976 Sep;5(3):193-205."
Zygomatic ossification (Onset),Captive Laboratory,32,Felis,2,Male+Female,"Boyd, J. S. (1976). Studies on the appearance of the centres of ossification of the axial skeleton in the feline fœtus. Anatomia, Histologia, Embryologia, 5(3), 193-205."
Zygomatic ossification (Onset),Captive Laboratory,28,Felis,2,Male+Female,"Boyd JS. Studies on the appearance of the centres of ossification of the axial skeleton in the feline fœtus. Anatomia, Histologia, Embryologia. 1976 Sep;5(3):193-205."
AD neuropathology onset,,3496,Felis,2,Male+Female,"Average of Minimum reported age of Cortical CAA; Minimum reported age of Early stage amyloid-beta plaques in the brain; Minimum reported age of Meningeal CAA; Minimum reported age of Neurofibrillary tangles in the brain (Onset); Minimum reported age of pTau in the brain;  Brellou G, Vlemmas I, Lekkas S, Papaioannou N. Immunohistochemical investigation of amyloid ß-protein (Aß) in the brain of aged cats. Histology and histopathology. 2005. Jul;20(3):725-31.  doi: 10.14670/HH-20.725; Gunn-Moore DA, McVee J, Bradshaw JM, Pearson GR, Head E, Gunn-Moore FJ. Ageing changes in cat brains demonstrated by beta-amyloid and AT8-immunoreactive phosphorylated tau deposits. J Feline Med Surg. 2006 Aug;8(4):234-42. doi: 10.1016/j.jfms.2006.01.003. Epub 2006 Apr 17. PMID: 16603401;  Head E, Moffat K, Das P, Sarsoza F, Poon WW, Landsberg G, et al. β-Amyloid deposition and tau phosphorylation in clinically characterized aged cats. Neurobiol Aging. 2005 May 1;26(5):749–63; Poncelet L, Ando K, Vergara C, Mansour S, Suain V, Yilmaz Z, Reygel A, Gilissen E, Brion JP, Leroy K. A 4R tauopathy develops without amyloid deposits in aged cat brains. Neurobiol Aging. 2019 Sep;81:200-212. doi: 10.1016/j.neurobiolaging.2019.05.024. Epub 2019 Jun 14. PMID: 31306814; Takahashi K, Chambers JK, Takaichi Y, Uchida K. Different Aβ43 deposition patterns in the brains of aged dogs, sea lions, and cats. J Vet Med Sci. 2022 Nov 18;84(12):1563-1573. doi: 10.1292/jvms.22-0386. Epub 2022 Oct 25. PMID: 36288928; PMCID: PMC9791235; Chambers JK, Tokuda T, Uchida K, Ishii R, Tatebe H, Takahashi E, Tomiyama T, Une Y, Nakayama H. The domestic cat as a natural animal model of Alzheimer’s disease. Acta neuropathologica communications. 2015 Dec;3(1):1-4; Fiock KL, Smith JD, Crary JF, Hefti MM. β-amyloid and tau pathology in the aging feline brain. J Comp Neurol. 2020 Jan 1;528(1):108-113. doi: 10.1002/cne.24741. Epub 2019 Jul 12. PMID: 31273784; PMCID: PMC6842105; Takeuchi Y, Uetsuka K, Murayama M, Kikuta F, Takashima A, Doi K, Nakayama H. Complementary distributions of amyloid-beta and neprilysin in the brains of dogs and cats. Vet Pathol. 2008 Jul;45(4):455-66. doi: 10.1354/vp.45-4-455. PMID: 18587091; Mutsuga M, Chambers JK, Uchida K, Tei M, Makibuchi T, Mizorogi T, et al. Binding of Curcumin to Senile Plaques and Cerebral Amyloid Angiopathy in the Aged Brain of Various Animals and to Neurofibrillary Tangles in Alzheimer’s Brain. J Vet Med Sci. 2012 Feb 1;74(1):51–7."
Ratio of interthalamic adhesion to brain height peak,Captive,1360.75,Felis,2,Male+Female,This study; MRIs from the 7T and 3T
Ratio of interthalamic adhesion to brain height declines to 90% of peak,Captive,2707.6,Felis,2,Male+Female,This study; MRIs from the 7T and 3T
Ratio of interthalamic adhesion to brain height declines to 80% of peak,Captive,2963.1,Felis,2,Male+Female,This study; MRIs from the 7T and 3T
Ratio of interthalamic adhesion to brain height declines to 70% of peak,Captive,4160.3,Felis,2,Male+Female,This study; MRIs from the 7T and 3T
Ratio of interthalamic adhesion to brain height declines to 60% of peak,Captive,4875.7,Felis,2,Male+Female,This study; MRIs from the 7T and 3T
Ratio of interthalamic adhesion to brain height declines to 50% of peak,Captive,5591.1,Felis,2,Male+Female,This study; MRIs from the 7T and 3T
Ratio of interthalamic adhesion to brain height declines to 40% of peak,Captive,6124,Felis,2,Male+Female,This study; MRIs from the 7T and 3T
Ratio of interthalamic adhesion to brain height declines to 30% of peak,Captive,7018.25,Felis,2,Male+Female,This study; MRIs from the 7T and 3T
interthalamic adhesion area peak,Captive,1517.7,Felis,2,Male+Female,This study; MRIs from the 7T and 3T
interthalamic adhesion area declines to 90% of peak,Captive,2649.2,Felis,2,Male+Female,This study; MRIs from the 7T and 3T
interthalamic adhesion area declines to 80% of peak,Captive,3317.15,Felis,2,Male+Female,This study; MRIs from the 7T and 3T
interthalamic adhesion area declines to 70% of peak,Captive,3886.55,Felis,2,Male+Female,This study; MRIs from the 7T and 3T
interthalamic adhesion area declines to 60% of peak,Captive,4452.3,Felis,2,Male+Female,This study; MRIs from the 7T and 3T
interthalamic adhesion area declines to 50% of peak,Captive,4875.7,Felis,2,Male+Female,This study; MRIs from the 7T and 3T
interthalamic adhesion area declines to 40% of peak,Captive,5463.35,Felis,2,Male+Female,This study; MRIs from the 7T and 3T
interthalamic adhesion area declines to 70% of peak,Captive,5985.3,Felis,2,Male+Female,This study; MRIs from the 7T and 3T
normalized whole brain volume (nWBV) Peak,Captive,580.38,Felis,2,Male+Female,This study; MRIs from the 7T and 3T
normalized whole brain volume (nWBV) declines to 90% of peak,Captive,2835.35,Felis,2,Male+Female,This study; MRIs from the 7T and 3T
normalized whole brain volume (nWBV) declines to 80% of peak,Captive,5222.45,Felis,2,Male+Female,This study; MRIs from the 7T and 3T
Cone neurogenesis (Offset),Captive,47,Felis,2,Male+Female,"Polley, E. H., Zimmerman, R. P., & Fortney, R. L. (1989). Neurogenesis and maturation of cell morphology in the development of the mammalian retina. In Development of the Vertebrate Retina (pp. 3-29). Springer US."
Eye opening,Captive client,70.5,Felis,2,Male+Female,"Marchei P, Diverio S, Falocci N, Fatjó J, Ruiz-de-la-Torre JL, Manteca X. Breed differences in behavioural development in kittens. Physiology & behavior. 2009 Mar 23;96(4-5):522-31."
Eye opening,Captive client,74.357,Felis,2,Male+Female,"Marchei P, Diverio S, Falocci N, Fatjó J, Ruiz-de-la-Torre JL, Manteca X. Breed differences in behavioural development in kittens. Physiology & behavior. 2009 Mar 23;96(4-5):522-31."
Eats solid food (Onset),Captive Laboratory,98,Felis,1,Male+Female,"Martin, P. (1986). An experimental study of weaning in the domestic cat. Behaviour 00, p. 221-249."
Eye opening,Captive client,73,Felis,1,Male+Female,Ewer RF. Suckling behaviour in kittens. Behaviour. 1960 Jan 1;15(1-2):146-62.
Eye opening,Captive client,75,Felis,2,Male+Female,Ewer RF. Suckling behaviour in kittens. Behaviour. 1960 Jan 1;15(1-2):146-62.
Eye opening,Captive client,77,Felis,3,Male+Female,Ewer RF. Suckling behaviour in kittens. Behaviour. 1960 Jan 1;15(1-2):146-62.
Eats solid food (Onset),Captive client,97,Felis,1,Male+Female,Ewer RF. Suckling behaviour in kittens. Behaviour. 1960 Jan 1;15(1-2):146-62.
Reported Gestation,Captive client,57,Felis,1,Male+Female,"Prescott, C.W., 1973. Reproduction patterns in the domestic cat."
Reported Gestation,Captive client,59,Felis,1,Male+Female,"Prescott, C.W., 1973. Reproduction patterns in the domestic cat."
Reported Gestation,Captive client,65,Felis,2,Male+Female,"Prescott, C.W., 1973. Reproduction patterns in the domestic cat."
Reported Gestation,Captive client,65,Felis,2,Male+Female,"Prescott, C.W., 1973. Reproduction patterns in the domestic cat."
Reported Gestation,Captive client,68,Felis,3,Male+Female,"Prescott, C.W., 1973. Reproduction patterns in the domestic cat."
Reported Gestation,Captive client,69,Felis,3,Male+Female,"Prescott, C.W., 1973. Reproduction patterns in the domestic cat."
Female Sexual maturity is reached (sex selective),Captive,245,Felis,1,Female,Johnson AK. Normal feline reproduction: The queen. J Feline Med Surg. 2022 Mar;24(3):204-211. doi: 10.1177/1098612X221079706. PMID: 35209768; PMCID: PMC10845401.
Female Sexual maturity is reached (sex selective),Captive,425,Felis,3,Female,Johnson AK. Normal feline reproduction: The queen. J Feline Med Surg. 2022 Mar;24(3):204-211. doi: 10.1177/1098612X221079706. PMID: 35209768; PMCID: PMC10845401.
Reported Gestation,Captive client,65.5,Felis,2,Male+Female,"Socha P, Lengling R, Bonecka J, Janowski T. Obstetric and newborn parameters in the Maine Coon cats. Polish Journal of Veterinary Sciences. 2019(3)."
Reported Gestation,Captive client,60,Felis,1,Male+Female,"Socha P, Lengling R, Bonecka J, Janowski T. Obstetric and newborn parameters in the Maine Coon cats. Polish Journal of Veterinary Sciences. 2019(3)."
Reported Gestation,Captive client,72,Felis,3,Male+Female,"Socha P, Lengling R, Bonecka J, Janowski T. Obstetric and newborn parameters in the Maine Coon cats. Polish Journal of Veterinary Sciences. 2019(3)."
Reported Gestation,Captive client,66,Felis,2,Male+Female,"Socha P, Lengling R, Bonecka J, Janowski T. Obstetric and newborn parameters in the Maine Coon cats. Polish Journal of Veterinary Sciences. 2019(3)."
Jaw opens or moves (Onset),Captive client,50,Felis,2,Male+Female,"Zambelli D, Caneppele B, Bassi S, Paladini C. Ultrasound aspects of fetal and extrafetal structures in pregnant cats. Journal of feline medicine and surgery. 2002 Jun;4(2):95-106."
Breathing (Onset),Captive client,49,Felis,2,Male+Female,"Zambelli D, Caneppele B, Bassi S, Paladini C. Ultrasound aspects of fetal and extrafetal structures in pregnant cats. Journal of feline medicine and surgery. 2002 Jun;4(2):95-106."
First Heartbeat,Captive client,17,Felis,2,Male+Female,"Zambelli D, Caneppele B, Bassi S, Paladini C. Ultrasound aspects of fetal and extrafetal structures in pregnant cats. Journal of feline medicine and surgery. 2002 Jun;4(2):95-106."
Walk development (Onset),Captive colony,96.4,Felis,2,Male+Female,"Villablanca JR, Olmstead CE. Neurological development of kittens. Developmental Psychobiology: The Journal of the International Society for Developmental Psychobiology. 1979 Mar;12(2):101-27."
Walk development (Offset),Captive colony,109.4,Felis,2,Male+Female,"Villablanca JR, Olmstead CE. Neurological development of kittens. Developmental Psychobiology: The Journal of the International Society for Developmental Psychobiology. 1979 Mar;12(2):101-27."
Standing independently (Attained),Captive colony,96.4,Felis,2,Male+Female,"Villablanca JR, Olmstead CE. Neurological development of kittens. Developmental Psychobiology: The Journal of the International Society for Developmental Psychobiology. 1979 Mar;12(2):101-27."
Eye opening,Captive colony,79,Felis,2,Male+Female,Peters SE. Postnatal development of gait behaviour and functional allometry in the domestic cat (Felis catus). Journal of Zoology. 1983 Apr;199(4):461-86.
Stand up,Captive colony,79,Felis,2,Male+Female,Peters SE. Postnatal development of gait behaviour and functional allometry in the domestic cat (Felis catus). Journal of Zoology. 1983 Apr;199(4):461-86.
Walk development (Onset),Captive colony,79,Felis,2,Male+Female,Peters SE. Postnatal development of gait behaviour and functional allometry in the domestic cat (Felis catus). Journal of Zoology. 1983 Apr;199(4):461-86.
Walk development (Offset),Captive colony,107,Felis,2,Male+Female,Peters SE. Postnatal development of gait behaviour and functional allometry in the domestic cat (Felis catus). Journal of Zoology. 1983 Apr;199(4):461-86.
Weaning (Onset),Captive,82.5,Felis,2,Male+Female,"https://www.cabidigitallibrary.org/doi/pdf/10.5555/20163297542; Grandi M, Tomaz G, Vignola G, Zaghini G. Birth weight and postnatal growth of Maine Coon kittens."
Weaning (Offset),Captive,121,Felis,2,Male+Female,"https://www.cabidigitallibrary.org/doi/pdf/10.5555/20163297542; Grandi M, Tomaz G, Vignola G, Zaghini G. Birth weight and postnatal growth of Maine Coon kittens."
Eye opening,Captive client,80.8,Felis,2,Male+Female,"Wójcik W, Riedel J, Pałka K, Pipkova V, Adamczyk A, Domańska M, Kizierowska M, Kurek A. Effect of pregnancy length on the early development of Bengal kittens. Reproduction in Domestic Animals. 2023 Aug;58(8):1156-60."
Eye opening,Captive client,75.8,Felis,2,Male+Female,"Wójcik W, Riedel J, Pałka K, Pipkova V, Adamczyk A, Domańska M, Kizierowska M, Kurek A. Effect of pregnancy length on the early development of Bengal kittens. Reproduction in Domestic Animals. 2023 Aug;58(8):1156-60."
Eye opening,Captive client,74,Felis,2,Male+Female,"Wójcik W, Riedel J, Pałka K, Pipkova V, Adamczyk A, Domańska M, Kizierowska M, Kurek A. Effect of pregnancy length on the early development of Bengal kittens. Reproduction in Domestic Animals. 2023 Aug;58(8):1156-60."
Reported Gestation,Captive client,65,Felis,2,Male+Female,"Wójcik W, Riedel J, Pałka K, Pipkova V, Adamczyk A, Domańska M, Kizierowska M, Kurek A. Effect of pregnancy length on the early development of Bengal kittens. Reproduction in Domestic Animals. 2023 Aug;58(8):1156-60."
Reported Gestation,Captive client,63,Felis,2,Male+Female,"Wójcik W, Riedel J, Pałka K, Pipkova V, Adamczyk A, Domańska M, Kizierowska M, Kurek A. Effect of pregnancy length on the early development of Bengal kittens. Reproduction in Domestic Animals. 2023 Aug;58(8):1156-60."
Reported Gestation,Captive client,59,Felis,2,Male+Female,"Wójcik W, Riedel J, Pałka K, Pipkova V, Adamczyk A, Domańska M, Kizierowska M, Kurek A. Effect of pregnancy length on the early development of Bengal kittens. Reproduction in Domestic Animals. 2023 Aug;58(8):1156-60."
Reported Gestation,Captive client,57,Felis,2,Male+Female,"Wójcik W, Riedel J, Pałka K, Pipkova V, Adamczyk A, Domańska M, Kizierowska M, Kurek A. Effect of pregnancy length on the early development of Bengal kittens. Reproduction in Domestic Animals. 2023 Aug;58(8):1156-60."
Eye opening,Captive colony,71,Felis,2,Male+Female,"Meier GW, Stuart JL. Effects of handling on the physical and behavioral development of Siamese kittens. Psychological Reports. 1959 Sep;5(2):497-501."
Canines eruption,,216,Felis,2,Male+Female,"Orsini P, Hennet P. Anatomy of the mouth and teeth of the cat. Vet Clin North Am Small Anim Pract. 1992 Nov;22(6):1265-77. doi: 10.1016/s0195-5616(92)50126-7. PMID: 1455572."
Weaning (hand-reared) (Onset),Captive client,89.5,Felis,1,Male+Female,International Cat Care 2018b Hand rearing kittens.; https://icatcare.org/articles/hand-rearing-kittens
Eye opening (Onset),Captive client,73,Felis,1,Male+Female,https://sassykoonz.com/kitten-care-guide-week-by-week/
Eye opening (Offset),Captive client,75,Felis,3,Male+Female,https://sassykoonz.com/kitten-care-guide-week-by-week/
Eye opening,Captive client,74,Felis,2,Male+Female,https://sassykoonz.com/kitten-care-guide-week-by-week/
Crawl (Onset),Captive client,72,Felis,2,Male+Female,https://sassykoonz.com/kitten-care-guide-week-by-week/
Prone posture -lift head past horizontal plane,Captive client,72,Felis,2,Male+Female,https://sassykoonz.com/kitten-care-guide-week-by-week/
Walk development,Captive client,86,Felis,2,Male+Female,https://sassykoonz.com/kitten-care-guide-week-by-week/
Stand up,Captive client,86,Felis,2,Male+Female,https://sassykoonz.com/kitten-care-guide-week-by-week/
Drink onset,Captive client,93,Felis,2,Male+Female,https://sassykoonz.com/kitten-care-guide-week-by-week/
Solitary or object play (Onset),Captive client,100,Felis,2,Male+Female,https://sassykoonz.com/kitten-care-guide-week-by-week/
Eye opening,Captive client,75,Felis,1,Male+Female,https://www.purrinlot.com/kittengrow.htm
Eye opening,Captive client,77,Felis,2,Male+Female,https://www.purrinlot.com/kittengrow.htm
Eye opening,Captive client,79,Felis,3,Male+Female,https://www.purrinlot.com/kittengrow.htm
Sit up (Onset),Captive client,86,Felis,2,Male+Female,https://www.purrinlot.com/kittengrow.htm
Climb,Captive client,86,Felis,1,Male+Female,https://www.purrinlot.com/kittengrow.htm
Solitary or object play (Onset),Captive client,89.5,Felis,2,Male+Female,https://www.purrinlot.com/kittengrow.htm
Social play (Onset),Captive client,96.5,Felis,2,Male+Female,https://www.purrinlot.com/kittengrow.htm
Weaning,Captive client,110.5,Felis,1,Male+Female,https://www.purrinlot.com/kittengrow.htm
Eye opening,Captive client,66,Felis,1,Male+Female,https://www.littlesphynx.com/general-4
Eye opening,Captive client,68,Felis,2,Male+Female,https://www.littlesphynx.com/general-4
Eye opening,Captive client,70,Felis,3,Male+Female,https://www.littlesphynx.com/general-4
Eye opening (Onset),Captive client,69,Felis,1,Male+Female,https://www.vivatonk.com/Tonkinese-Colors.html
Eye opening,Captive client,70.5,Felis,2,Male+Female,https://www.vivatonk.com/Tonkinese-Colors.html
Eye opening (Offset),Captive client,72,Felis,3,Male+Female,https://www.vivatonk.com/Tonkinese-Colors.html
Walk development (Onset),Captive client,86,Felis,2,Male+Female,https://www.vivatonk.com/Tonkinese-Colors.html
Ears open (auditory canals fully open or external ear canals opening),Captive client,86,Felis,2,Male+Female,https://www.vivatonk.com/Tonkinese-Colors.html
Climb,Captive client,93,Felis,2,Male+Female,https://www.vivatonk.com/Tonkinese-Colors.html
Eats solid food (Onset),Captive client,93,Felis,2,Male+Female,https://www.vivatonk.com/Tonkinese-Colors.html
Eye opening,Captive client,75.5,Felis,2,Male+Female,https://regencyrags.com/kittens-first-few-weeks/
Walk development,Captive client,93,Felis,2,Male+Female,https://regencyrags.com/kittens-first-few-weeks/
Jump,Captive client,107,Felis,2,Male+Female,https://regencyrags.com/kittens-first-few-weeks/
Run,Captive client,107,Felis,2,Male+Female,https://regencyrags.com/kittens-first-few-weeks/
Solitary or object play (Onset),Captive client,107,Felis,2,Male+Female,https://regencyrags.com/kittens-first-few-weeks/
Weaning (Onset),Captive client,91.25,Felis,2,Male+Female,https://regencyrags.com/kittens-first-few-weeks/
Eats solid food (Onset),Captive client,91.25,Felis,2,Male+Female,https://regencyrags.com/kittens-first-few-weeks/
Deciduous incisors eruption,Captive client,82.5,Felis,2,Male+Female,https://www.danuragdolls.com/journal/kitten-development-birth-to-16-weeks
Deciduous teeth eruption (Onset),Captive client,82.5,Felis,2,Male+Female,https://www.danuragdolls.com/journal/kitten-development-birth-to-16-weeks
Eye opening (Onset),Captive client,75.5,Felis,2,Male+Female,https://www.danuragdolls.com/journal/kitten-development-birth-to-16-weeks
Walk development (Onset),Captive client,82.5,Felis,2,Male+Female,https://www.danuragdolls.com/journal/kitten-development-birth-to-16-weeks
Social play (Onset),Captive client,96.5,Felis,2,Male+Female,https://www.danuragdolls.com/journal/kitten-development-birth-to-16-weeks
Run,Captive client,100,Felis,2,Male+Female,https://www.danuragdolls.com/journal/kitten-development-birth-to-16-weeks
Solitary or object play (Onset),Captive client,107,Felis,2,Male+Female,https://www.danuragdolls.com/journal/kitten-development-birth-to-16-weeks
Eye opening,Captive client,75,Felis,2,Male+Female,https://www.pastelragdolls.com/our-ragdoll-breeding-program
Umbilical stump falls off,Captive client,72,Felis,2,Male+Female,https://rockymountainpersians.com/stages-of-persian-kitten-development/
Eye opening (Onset),Captive client,79,Felis,2,Male+Female,https://rockymountainpersians.com/stages-of-persian-kitten-development/
Ears open (auditory canals fully open or external ear canals opening),Captive client,79,Felis,2,Male+Female,https://rockymountainpersians.com/stages-of-persian-kitten-development/
Crawl (Onset),Captive client,86,Felis,2,Male+Female,https://rockymountainpersians.com/stages-of-persian-kitten-development/
Stand up,Captive client,86,Felis,2,Male+Female,https://rockymountainpersians.com/stages-of-persian-kitten-development/
Eye opening (Offset),Captive client,93,Felis,2,Male+Female,https://rockymountainpersians.com/stages-of-persian-kitten-development/
Walk development,Captive client,93,Felis,2,Male+Female,https://rockymountainpersians.com/stages-of-persian-kitten-development/
Self-grooming,Captive client,93,Felis,2,Male+Female,https://rockymountainpersians.com/stages-of-persian-kitten-development/
Social play (Onset),Captive client,93,Felis,2,Male+Female,https://rockymountainpersians.com/stages-of-persian-kitten-development/
Deciduous teeth eruption (Onset),Captive client,100,Felis,2,Male+Female,https://rockymountainpersians.com/stages-of-persian-kitten-development/
Weaning (Onset),Captive client,107,Felis,1,Male+Female,https://rockymountainpersians.com/stages-of-persian-kitten-development/
Deciduous teeth eruption (Offset),Captive client,121,Felis,2,Male+Female,https://rockymountainpersians.com/stages-of-persian-kitten-development/
Female Sexual maturity is reached (sex selective),Captive client,245,Felis,2,Female,https://rockymountainpersians.com/stages-of-persian-kitten-development/
Male Sexual maturity is reached (sex selective),Captive client,350,Felis,2,Male,https://rockymountainpersians.com/stages-of-persian-kitten-development/
Weaning (Offset),Captive client,155,Felis,3,Male+Female,https://rockymountainpersians.com/stages-of-persian-kitten-development/
Permanent teeth eruption (Offset),Captive client,215,Felis,2,Male+Female,https://rockymountainpersians.com/stages-of-persian-kitten-development/
Eye opening (Onset),Captive client,75,Felis,2,Male+Female,https://dollfacepersiankittens.com/kitten-growth-development/
Walk development (Onset),Captive client,93,Felis,2,Male+Female,https://dollfacepersiankittens.com/kitten-growth-development/
Eats solid food (Onset),Captive client,100,Felis,2,Male+Female,https://dollfacepersiankittens.com/kitten-growth-development/
Social play (Onset),Captive client,100,Felis,2,Male+Female,https://dollfacepersiankittens.com/kitten-growth-development/
Deciduous teeth eruption (Offset),Captive client,114,Felis,2,Male+Female,https://dollfacepersiankittens.com/kitten-growth-development/
Weaning,Captive client,121,Felis,1,Male+Female,https://dollfacepersiankittens.com/kitten-growth-development/
Weaning (Offset),Captive client,131.5,Felis,2,Male+Female,https://dollfacepersiankittens.com/kitten-growth-development/
Umbilical stump falls off,Captive client,72,Felis,2,Male+Female,https://dollfacepersiankittens.com/kitten-growth-development/
Umbilical stump falls off,Captive client,69.5,Felis,2,Male+Female,https://mainestreetcoons.com/kitten-development
Eye opening,Captive client,72,Felis,2,Male+Female,https://mainestreetcoons.com/kitten-development
Eye opening,Captive client,73.5,Felis,2,Male+Female,https://mainestreetcoons.com/kitten-development
Eye opening,Captive client,75,Felis,2,Male+Female,https://mainestreetcoons.com/kitten-development
Ears open (auditory canals fully open or external ear canals opening),Captive client,70,Felis,2,Male+Female,https://mainestreetcoons.com/kitten-development
Stand up,Captive client,83,Felis,2,Male+Female,https://mainestreetcoons.com/kitten-development
Walk development (Onset),Captive client,83,Felis,2,Male+Female,https://mainestreetcoons.com/kitten-development
Self-grooming,Captive client,83,Felis,2,Male+Female,https://mainestreetcoons.com/kitten-development
Weaning,Captive client,97,Felis,1,Male+Female,https://mainestreetcoons.com/kitten-development
Deciduous teeth eruption (Offset),,90,Felis,2,Male+Female,https://mainestreetcoons.com/kitten-development
Run,Captive client,97,Felis,2,Male+Female,https://mainestreetcoons.com/kitten-development
Umbilical stump falls off,Captive client,71,Felis,2,Male+Female,https://www.minoosmainecoons.com/breeding.html
Reported Gestation,Captive client,63,Felis,1,Male+Female,https://www.minoosmainecoons.com/breeding.html
Reported Gestation,Captive client,66.5,Felis,2,Male+Female,https://www.minoosmainecoons.com/breeding.html
Reported Gestation,Captive client,70,Felis,3,Male+Female,https://www.minoosmainecoons.com/breeding.html
Ears open (auditory canals fully open or external ear canals opening),Captive client,72,Felis,2,Male+Female,https://www.minoosmainecoons.com/breeding.html
Eye opening (Onset),Captive client,73,Felis,1,Male+Female,https://www.minoosmainecoons.com/breeding.html
Eye opening (Onset),Captive client,75,Felis,2,Male+Female,https://www.minoosmainecoons.com/breeding.html
Eye opening (Onset),Captive client,77,Felis,3,Male+Female,https://www.minoosmainecoons.com/breeding.html
Eye opening (Offset),Captive client,79,Felis,2,Male+Female,https://www.minoosmainecoons.com/breeding.html
Walk development (Onset),Captive client,79,Felis,2,Male+Female,https://www.minoosmainecoons.com/breeding.html
Prone posture -lift head past horizontal plane,Captive client,72,Felis,2,Male+Female,https://www.minoosmainecoons.com/breeding.html
Deciduous incisors eruption,Captive client,86,Felis,2,Male+Female,https://www.minoosmainecoons.com/breeding.html
Walk development,Captive client,86,Felis,2,Male+Female,https://www.minoosmainecoons.com/breeding.html
Self-grooming,Captive client,86,Felis,2,Male+Female,https://www.minoosmainecoons.com/breeding.html
Weaning,Captive client,110.5,Felis,2,Male+Female,https://www.minoosmainecoons.com/breeding.html
Eye opening (Onset),Captive client,70,Felis,2,Male+Female,https://mythicmainecoons.com/kitten-info/
Eye opening (Onset),Captive client,75,Felis,2,Male,https://www.purrinlot.com/blog.htm
Sit up (Onset),Captive client,89,Felis,2,Male,https://www.purrinlot.com/blog.htm
Walk development,Captive client,93,Felis,2,Male,https://www.purrinlot.com/blog.htm
Run,Captive client,94,Felis,2,Male,https://www.purrinlot.com/blog.htm
Stand up,Captive client,89,Felis,2,Male,https://www.purrinlot.com/blog.htm
Climb,Captive client,94,Felis,2,Male,https://www.purrinlot.com/blog.htm
Eye opening,Captive client,75,Felis,1,Male+Female,https://buckaroobengals.com/successful-bengal-kitten-development/
Eye opening,Captive client,77,Felis,2,Male+Female,https://buckaroobengals.com/successful-bengal-kitten-development/
Eye opening,Captive client,79,Felis,3,Male+Female,https://buckaroobengals.com/successful-bengal-kitten-development/
Sit up (Onset),Captive client,86,Felis,2,Male+Female,https://buckaroobengals.com/successful-bengal-kitten-development/
Walk development (Onset),Captive client,93,Felis,2,Male+Female,https://buckaroobengals.com/successful-bengal-kitten-development/
Solitary or object play (Onset),Captive client,93,Felis,2,Male+Female,https://buckaroobengals.com/successful-bengal-kitten-development/
Jump,Captive client,110.5,Felis,2,Male+Female,https://buckaroobengals.com/successful-bengal-kitten-development/
Eats solid food (Onset),Captive client,100,Felis,3,Male+Female,https://buckaroobengals.com/successful-bengal-kitten-development/
Eye opening,Captive colony,73,Felis,1,Male+Female,"Blake R, Crawford ML. Development of strabismus in Siamese cats. Brain Research. 1974 Sep 13;77(3):492-6."
Eye opening,Captive colony,76,Felis,3,Male+Female,"Blake R, Crawford ML. Development of strabismus in Siamese cats. Brain Research. 1974 Sep 13;77(3):492-6."
Eye opening,Captive colony,74.5,Felis,2,Male+Female,"Blake R, Crawford ML. Development of strabismus in Siamese cats. Brain Research. 1974 Sep 13;77(3):492-6."
Eye opening,Captive colony,72,Felis,1,Male+Female,"Grant S, Berman NE. Late loss of connections during callosal development in Siamese cats. Developmental brain research. 1995 Sep 29;88(2):132-47."
Eye opening,Captive colony,75,Felis,3,Male+Female,"Grant S, Berman NE. Late loss of connections during callosal development in Siamese cats. Developmental brain research. 1995 Sep 29;88(2):132-47."
Eye opening,Captive colony,73.5,Felis,2,Male+Female,"Grant S, Berman NE. Late loss of connections during callosal development in Siamese cats. Developmental brain research. 1995 Sep 29;88(2):132-47."
Retinal pigment epithelium is visible,Captive colony,23,Felis,2,Male+Female,"Webster MJ, Shatz CJ, Kliot M, Silver J. Abnormal pigmentation and unusual morphogenesis of the optic stalk may be correlated with retinal axon misguidance in embryonic Siamese cats. Journal of Comparative Neurology. 1988 Mar 22;269(4):592-611."
Retinal pigment epithelium is visible,Captive colony,23,Felis,2,Male+Female,"Webster MJ, Shatz CJ, Kliot M, Silver J. Abnormal pigmentation and unusual morphogenesis of the optic stalk may be correlated with retinal axon misguidance in embryonic Siamese cats. Journal of Comparative Neurology. 1988 Mar 22;269(4):592-611."
Eye opening,Captive client,75.5,Felis,2,Male+Female,https://www.life-with-siamese-cats.com/kitten-development.html
Crawl (Onset),Captive client,75.5,Felis,2,Male+Female,https://www.life-with-siamese-cats.com/kitten-development.html
Deciduous teeth eruption (Onset),Captive client,82.5,Felis,2,Male+Female,https://www.life-with-siamese-cats.com/kitten-development.html
Weaning (Onset),Captive client,93,Felis,1,Male+Female,https://www.life-with-siamese-cats.com/kitten-development.html
Eats solid food (Onset),Captive client,93,Felis,1,Male+Female,https://www.life-with-siamese-cats.com/kitten-development.html
Weaning (Offset),Captive client,121,Felis,2,Male+Female,https://www.life-with-siamese-cats.com/kitten-development.html
Eats solid food (Onset),Captive client,93,Felis,2,Male+Female,https://www.life-with-siamese-cats.com/kitten-development.html
Reported Gestation,Captive client,64.92,Felis,2,Male+Female,"Thakur PJ, Rangnekar MN, Gulavane SU, Chaudhari RJ. LITTER SIZE IN PERSIAN CATS AND ITS INFLUENCE ON GESTATION LENGTH. Indian Journal of Canine Practice Volume. 2015 Jun;7(1)."
Reported Gestation,Captive client,64,Felis,2,Male+Female,"Thakur PJ, Rangnekar MN, Gulavane SU, Chaudhari RJ. LITTER SIZE IN PERSIAN CATS AND ITS INFLUENCE ON GESTATION LENGTH. Indian Journal of Canine Practice Volume. 2015 Jun;7(1)."
Reported Gestation,Captive client,65,Felis,2,Male+Female,"Thakur PJ, Rangnekar MN, Gulavane SU, Chaudhari RJ. LITTER SIZE IN PERSIAN CATS AND ITS INFLUENCE ON GESTATION LENGTH. Indian Journal of Canine Practice Volume. 2015 Jun;7(1)."
Reported Gestation,Captive client,63,Felis,2,Male+Female,"Thakur PJ, Rangnekar MN, Gulavane SU, Chaudhari RJ. LITTER SIZE IN PERSIAN CATS AND ITS INFLUENCE ON GESTATION LENGTH. Indian Journal of Canine Practice Volume. 2015 Jun;7(1)."
Reported Gestation,Captive client,66,Felis,2,Male+Female,"Thakur PJ, Rangnekar MN, Gulavane SU, Chaudhari RJ. LITTER SIZE IN PERSIAN CATS AND ITS INFLUENCE ON GESTATION LENGTH. Indian Journal of Canine Practice Volume. 2015 Jun;7(1)."
Reported Gestation,Captive client,62,Felis,1,Male+Female,"Thakur PJ, Rangnekar MN, Gulavane SU, Chaudhari RJ. LITTER SIZE IN PERSIAN CATS AND ITS INFLUENCE ON GESTATION LENGTH. Indian Journal of Canine Practice Volume. 2015 Jun;7(1)."
Reported Gestation,Captive client,67,Felis,2,Male+Female,"Thakur PJ, Rangnekar MN, Gulavane SU, Chaudhari RJ. LITTER SIZE IN PERSIAN CATS AND ITS INFLUENCE ON GESTATION LENGTH. Indian Journal of Canine Practice Volume. 2015 Jun;7(1)."
Reported Gestation,Captive client,69,Felis,3,Male+Female,"Thakur PJ, Rangnekar MN, Gulavane SU, Chaudhari RJ. LITTER SIZE IN PERSIAN CATS AND ITS INFLUENCE ON GESTATION LENGTH. Indian Journal of Canine Practice Volume. 2015 Jun;7(1)."
Reported Gestation,Captive client,54,Felis,1,Male+Female,"Şendağ S, Alan M, EŞKİ F, Goericke-Pesch S, Wehrend A. Correlations between gestation period and age, body weight and litter size in Van cats. KLEINTIERPRAXIS. 2009;54(6)."
Reported Gestation,Captive client,68,Felis,3,Male+Female,"Şendağ S, Alan M, EŞKİ F, Goericke-Pesch S, Wehrend A. Correlations between gestation period and age, body weight and litter size in Van cats. KLEINTIERPRAXIS. 2009;54(6)."
Reported Gestation,Captive client,61,Felis,2,Male+Female,"Şendağ S, Alan M, EŞKİ F, Goericke-Pesch S, Wehrend A. Correlations between gestation period and age, body weight and litter size in Van cats. KLEINTIERPRAXIS. 2009;54(6)."
Walk development (Onset),Captive client,79,Felis,2,Male+Female,https://purebredkitties.com/blogs/abyssinian-cat/unveiling-the-enchanting-growth-stages-of-abyssinian-cats-from-kitten-to-majestic-companion?srsltid=AfmBOoqZdj0erGxoOThULm636PxS1y0qLTpH5mZ8b2w7JqZDSpqgYGuU
Eye opening,Captive client,82.5,Felis,2,Male+Female,https://ragdollkittensforyou.com/blog/how-fast-do-ragdoll-kittens-grow-a-month-by-month-guide/
Social play (Onset),Captive client,91.25,Felis,2,Male+Female,https://ragdollkittensforyou.com/blog/how-fast-do-ragdoll-kittens-grow-a-month-by-month-guide/
Weaning,Captive client,107,Felis,2,Male+Female,https://ragdollkittensforyou.com/blog/how-fast-do-ragdoll-kittens-grow-a-month-by-month-guide/
Solitary or object play (Onset),Captive laboratory,93,Felis,2,Male,"Barrett P, Bateson P. The development of play in cats. Behaviour. 1978 Jan 1;66(1-2):106-20."
Solitary or object play (Onset),Captive laboratory,93,Felis,2,Female,"Barrett P, Bateson P. The development of play in cats. Behaviour. 1978 Jan 1;66(1-2):106-20."
Solitary or object play (Peak),Captive laboratory,128,Felis,2,Male,"Barrett P, Bateson P. The development of play in cats. Behaviour. 1978 Jan 1;66(1-2):106-20."
Social play (Peak),Captive laboratory,100,Felis,2,Male+Female,"Barrett P, Bateson P. The development of play in cats. Behaviour. 1978 Jan 1;66(1-2):106-20."
Eye opening,Captive client,79,Felis,2,Male+Female,https://www.lovemeow.com/stray-cat-house-kittens-resident-2667698623.html
Walk development (Onset),Captive client,79,Felis,2,Male+Female,https://www.lovemeow.com/stray-cat-house-kittens-resident-2667698623.html
Eye opening (Offset),Captive client,79,Felis,2,Male+Female,https://thecatsite.com/threads/17-day-old-kitten-eyes-closed.458773/
Eye opening (Onset),Captive client,71,Felis,2,Male+Female,https://whis-purr.org/sites/default/files/resources/Kitten_Age_Progression.pdf
Crawl (Onset),Captive client,71,Felis,2,Male+Female,https://whis-purr.org/sites/default/files/resources/Kitten_Age_Progression.pdf
Walk development (Onset),Captive client,77,Felis,2,Male+Female,https://whis-purr.org/sites/default/files/resources/Kitten_Age_Progression.pdf
Walk development (Offset),Captive client,100,Felis,2,Male+Female,https://whis-purr.org/sites/default/files/resources/Kitten_Age_Progression.pdf
Ears open (auditory canals fully open or external ear canals opening),Captive client,82.5,Felis,2,Male+Female,https://whis-purr.org/sites/default/files/resources/Kitten_Age_Progression.pdf
Eye opening (Offset),Captive client,86,Felis,3,Male+Female,https://whis-purr.org/sites/default/files/resources/Kitten_Age_Progression.pdf
Deciduous teeth eruption (Offset),Captive client,121,Felis,2,Male+Female,https://whis-purr.org/sites/default/files/resources/Kitten_Age_Progression.pdf
Deciduous teeth eruption (Onset),Captive client,79,Felis,2,Male+Female,https://whis-purr.org/sites/default/files/resources/Kitten_Age_Progression.pdf
Deciduous incisors eruption,Captive client,79,Felis,2,Male+Female,https://whis-purr.org/sites/default/files/resources/Kitten_Age_Progression.pdf
Deciduous canines eruption,Captive client,89.5,Felis,2,Male+Female,https://whis-purr.org/sites/default/files/resources/Kitten_Age_Progression.pdf
Incisors eruption,Captive client,163,Felis,2,Male+Female,https://whis-purr.org/sites/default/files/resources/Kitten_Age_Progression.pdf
Permanent teeth eruption (Onset),Captive client,163,Felis,2,Male+Female,https://whis-purr.org/sites/default/files/resources/Kitten_Age_Progression.pdf
Permanent teeth eruption (Offset),Captive client,275,Felis,2,Male+Female,https://whis-purr.org/sites/default/files/resources/Kitten_Age_Progression.pdf
Sexual maturity,Captive client,317,Felis,2,Male+Female,https://whis-purr.org/sites/default/files/resources/Kitten_Age_Progression.pdf
Deciduous incisors eruption,,78,Felis,2,Male+Female,"Orsini P, Hennet P. Anatomy of the mouth and teeth of the cat. Vet Clin North Am Small Anim Pract. 1992 Nov;22(6):1265-77. doi: 10.1016/s0195-5616(92)50126-7. PMID: 1455572."
Deciduous canines eruption,,83,Felis,2,Male+Female,"Orsini P, Hennet P. Anatomy of the mouth and teeth of the cat. Vet Clin North Am Small Anim Pract. 1992 Nov;22(6):1265-77. doi: 10.1016/s0195-5616(92)50126-7. PMID: 1455572."
Deciduous canines eruption,,83.25,Felis,2,Male+Female,Wright J. Biological significance of mammalian milk teeth. Cornell University; 1983.
Deciduous incisors eruption,,77.5,Felis,2,Male+Female,Wright J. Biological significance of mammalian milk teeth. Cornell University; 1983.
Incisors eruption,,184,Felis,2,Male+Female,"Orsini P, Hennet P. Anatomy of the mouth and teeth of the cat. Vet Clin North Am Small Anim Pract. 1992 Nov;22(6):1265-77. doi: 10.1016/s0195-5616(92)50126-7. PMID: 1455572."
Forelimb bud emerges,Unknown,18,Felis,2,Male+Female,"DAVIDSON AP, NYLAND TG, TSUTSUI T. Pregnancy diagnosis with ultrasound in the domestic cat. Veterinary Radiology. 1986 Jul;27(4):109-14."
Hindlimb bud emerges,Unknown,19,Felis,2,Male+Female,"DAVIDSON AP, NYLAND TG, TSUTSUI T. Pregnancy diagnosis with ultrasound in the domestic cat. Veterinary Radiology. 1986 Jul;27(4):109-14."
First Heartbeat,Unknown,16,Felis,2,Male+Female,"DAVIDSON AP, NYLAND TG, TSUTSUI T. Pregnancy diagnosis with ultrasound in the domestic cat. Veterinary Radiology. 1986 Jul;27(4):109-14."
Suckling (Onset),Unknown,50,Felis,2,Male+Female,"Zambelli D, Prati F. Ultrasonography for pregnancy diagnosis and evaluation in queens. Theriogenology. 2006 Jul 1;66(1):135-44. doi: 10.1016/j.theriogenology.2006.04.004. Epub 2006 May 23. PMID: 16716385."
Deciduous incisors eruption,,79,Felis,1,Male+Female,"Goel P, Bala N. General dentist venturing into the field of veterinary dentistry. International Journal of Research in Health and Allied Sciences. 2016 Oct;2(4):5-10."
Deciduous incisors eruption,Unknown,82.5,Felis,2,Male+Female,"Goel P, Bala N. General dentist venturing into the field of veterinary dentistry. International Journal of Research in Health and Allied Sciences. 2016 Oct;2(4):5-10."
Deciduous incisors eruption,,86,Felis,3,Male+Female,"Goel P, Bala N. General dentist venturing into the field of veterinary dentistry. International Journal of Research in Health and Allied Sciences. 2016 Oct;2(4):5-10."
Deciduous canines eruption,Unknown,86,Felis,1,Male+Female,"Goel P, Bala N. General dentist venturing into the field of veterinary dentistry. International Journal of Research in Health and Allied Sciences. 2016 Oct;2(4):5-10."
Deciduous canines eruption,Unknown,89.5,Felis,2,Male+Female,"Goel P, Bala N. General dentist venturing into the field of veterinary dentistry. International Journal of Research in Health and Allied Sciences. 2016 Oct;2(4):5-10."
Deciduous canines eruption,Unknown,93,Felis,3,Male+Female,"Goel P, Bala N. General dentist venturing into the field of veterinary dentistry. International Journal of Research in Health and Allied Sciences. 2016 Oct;2(4):5-10."
Deciduous teeth eruption (Onset),Unknown,79,Felis,1,Male+Female,"Goel P, Bala N. General dentist venturing into the field of veterinary dentistry. International Journal of Research in Health and Allied Sciences. 2016 Oct;2(4):5-10."
Deciduous teeth eruption (Onset),Unknown,82.5,Felis,2,Male+Female,"Goel P, Bala N. General dentist venturing into the field of veterinary dentistry. International Journal of Research in Health and Allied Sciences. 2016 Oct;2(4):5-10."
Deciduous teeth eruption (Onset),Unknown,86,Felis,3,Male+Female,"Goel P, Bala N. General dentist venturing into the field of veterinary dentistry. International Journal of Research in Health and Allied Sciences. 2016 Oct;2(4):5-10."
Deciduous teeth eruption (Offset),Unknown,96.5,Felis,2,Male+Female,"Goel P, Bala N. General dentist venturing into the field of veterinary dentistry. International Journal of Research in Health and Allied Sciences. 2016 Oct;2(4):5-10."
Permanent teeth eruption (Onset),,170,Felis,2,Male+Female,"Goel P, Bala N. General dentist venturing into the field of veterinary dentistry. International Journal of Research in Health and Allied Sciences. 2016 Oct;2(4):5-10."
Incisors eruption,Unknown,155,Felis,1,Male+Female,"Goel P, Bala N. General dentist venturing into the field of veterinary dentistry. International Journal of Research in Health and Allied Sciences. 2016 Oct;2(4):5-10."
Incisors eruption,Unknown,170,Felis,2,Male+Female,"Goel P, Bala N. General dentist venturing into the field of veterinary dentistry. International Journal of Research in Health and Allied Sciences. 2016 Oct;2(4):5-10."
Incisors eruption,Unknown,185,Felis,3,Male+Female,"Goel P, Bala N. General dentist venturing into the field of veterinary dentistry. International Journal of Research in Health and Allied Sciences. 2016 Oct;2(4):5-10."
Canines eruption,Unknown,185,Felis,1,Male+Female,"Goel P, Bala N. General dentist venturing into the field of veterinary dentistry. International Journal of Research in Health and Allied Sciences. 2016 Oct;2(4):5-10."
Canines eruption,Unknown,200,Felis,2,Male+Female,"Goel P, Bala N. General dentist venturing into the field of veterinary dentistry. International Journal of Research in Health and Allied Sciences. 2016 Oct;2(4):5-10."
Canines eruption,Unknown,215,Felis,3,Male+Female,"Goel P, Bala N. General dentist venturing into the field of veterinary dentistry. International Journal of Research in Health and Allied Sciences. 2016 Oct;2(4):5-10."
Permanent teeth eruption (Offset),Unknown,200,Felis,2,Male+Female,"Goel P, Bala N. General dentist venturing into the field of veterinary dentistry. International Journal of Research in Health and Allied Sciences. 2016 Oct;2(4):5-10."
Permanent teeth eruption (Offset),Unknown,245,Felis,3,Male+Female,"Goel P, Bala N. General dentist venturing into the field of veterinary dentistry. International Journal of Research in Health and Allied Sciences. 2016 Oct;2(4):5-10."
Eye opening,,72,Felis,1,Male+Female,Little S. Feline pediatrics: how to treat the small and the sick. Compendium: Continuing Education For Veterinarians. 2011 Jan 16;33(9):1-6.
Eye opening,,73.5,Felis,2,Male+Female,Little S. Feline pediatrics: how to treat the small and the sick. Compendium: Continuing Education For Veterinarians. 2011 Jan 16;33(9):1-6.
Eye opening,,75,Felis,3,Male+Female,Little S. Feline pediatrics: how to treat the small and the sick. Compendium: Continuing Education For Veterinarians. 2011 Jan 16;33(9):1-6.
Crawl (Onset),,72,Felis,1,Male+Female,Little S. Feline pediatrics: how to treat the small and the sick. Compendium: Continuing Education For Veterinarians. 2011 Jan 16;33(9):1-6.
Crawl (Onset),,75.5,Felis,2,Male+Female,Little S. Feline pediatrics: how to treat the small and the sick. Compendium: Continuing Education For Veterinarians. 2011 Jan 16;33(9):1-6.
Crawl (Onset),,79,Felis,3,Male+Female,Little S. Feline pediatrics: how to treat the small and the sick. Compendium: Continuing Education For Veterinarians. 2011 Jan 16;33(9):1-6.
Pupillary light reflex (Onset),,93,Felis,1,Male+Female,Little S. Feline pediatrics: how to treat the small and the sick. Compendium: Continuing Education For Veterinarians. 2011 Jan 16;33(9):1-6.
Eye opening,,74,Felis,2,Male+Female,Wenthe M. Physiologie und Pathologie der Fortpflanzung bei Zoo-Felidae (Doctoral dissertation). https://elib.tiho-hannover.de/servlets/MCRFileNodeServlet/etd_derivate_00003292/wenthem_1994.pdf
Eye opening,,72,Felis,1,Male+Female,Wenthe M. Physiologie und Pathologie der Fortpflanzung bei Zoo-Felidae (Doctoral dissertation). https://elib.tiho-hannover.de/servlets/MCRFileNodeServlet/etd_derivate_00003292/wenthem_1994.pdf
Eye opening,,74,Felis,3,Male+Female,Wenthe M. Physiologie und Pathologie der Fortpflanzung bei Zoo-Felidae (Doctoral dissertation). https://elib.tiho-hannover.de/servlets/MCRFileNodeServlet/etd_derivate_00003292/wenthem_1994.pdf
Walk development (Onset),,74,Felis,1,Male+Female,Wenthe M. Physiologie und Pathologie der Fortpflanzung bei Zoo-Felidae (Doctoral dissertation). https://elib.tiho-hannover.de/servlets/MCRFileNodeServlet/etd_derivate_00003292/wenthem_1994.pdf
Walk development (Onset),,80,Felis,3,Male+Female,Wenthe M. Physiologie und Pathologie der Fortpflanzung bei Zoo-Felidae (Doctoral dissertation). https://elib.tiho-hannover.de/servlets/MCRFileNodeServlet/etd_derivate_00003292/wenthem_1994.pdf
Female Sexual maturity is reached (sex selective),,365,Felis,2,Female,Wenthe M. Physiologie und Pathologie der Fortpflanzung bei Zoo-Felidae (Doctoral dissertation). https://elib.tiho-hannover.de/servlets/MCRFileNodeServlet/etd_derivate_00003292/wenthem_1994.pdf
Female Sexual maturity is reached (sex selective),,275,Felis,1,Female,Wenthe M. Physiologie und Pathologie der Fortpflanzung bei Zoo-Felidae (Doctoral dissertation). https://elib.tiho-hannover.de/servlets/MCRFileNodeServlet/etd_derivate_00003292/wenthem_1994.pdf
Female Sexual maturity is reached (sex selective),,425,Felis,3,Female,Wenthe M. Physiologie und Pathologie der Fortpflanzung bei Zoo-Felidae (Doctoral dissertation). https://elib.tiho-hannover.de/servlets/MCRFileNodeServlet/etd_derivate_00003292/wenthem_1994.pdf
Reported Gestation,,63,Felis,2,Male+Female,Wenthe M. Physiologie und Pathologie der Fortpflanzung bei Zoo-Felidae (Doctoral dissertation). https://elib.tiho-hannover.de/servlets/MCRFileNodeServlet/etd_derivate_00003292/wenthem_1994.pdf
Reported Gestation,,55,Felis,1,Male+Female,Wenthe M. Physiologie und Pathologie der Fortpflanzung bei Zoo-Felidae (Doctoral dissertation). https://elib.tiho-hannover.de/servlets/MCRFileNodeServlet/etd_derivate_00003292/wenthem_1994.pdf
Reported Gestation,,70,Felis,3,Male+Female,Wenthe M. Physiologie und Pathologie der Fortpflanzung bei Zoo-Felidae (Doctoral dissertation). https://elib.tiho-hannover.de/servlets/MCRFileNodeServlet/etd_derivate_00003292/wenthem_1994.pdf
Deciduous teeth eruption (Onset),,82.5,Felis,2,Male+Female,Jayne H. Mammalian anatomy: a preparation for human and comparative anatomy. JB Lippincott; 1898.
Deciduous teeth eruption (Offset),,104,Felis,2,Male+Female,Jayne H. Mammalian anatomy: a preparation for human and comparative anatomy. JB Lippincott; 1898.
Permanent teeth eruption (Onset),,168.25,Felis,2,Male+Female,Figure. 345. Jayne H. Mammalian anatomy: a preparation for human and comparative anatomy. JB Lippincott; 1898.
Incisors maxilla eruption,,168.25,Felis,1,Male+Female,Figure. 345. Jayne H. Mammalian anatomy: a preparation for human and comparative anatomy. JB Lippincott; 1898.
Stage 1 (Primitive streak),,12,Felis,2,Male+Female,Štěrba O. Staging and ageing of mammalian embryos and fetuses. Acta Veterinaria Brno. 1995;64(1):83-9.
4 cell stage,Captive colony,2.666666667,Felis,2,Male+Female,"Knospe C. Periods and stages of the prenatal development of the domestic cat. Anatomia, histologia, embryologia. 2002 Feb;31(1):37-51."
8 cell stage,Captive colony,3,Felis,2,Male+Female,"Knospe C. Periods and stages of the prenatal development of the domestic cat. Anatomia, histologia, embryologia. 2002 Feb;31(1):37-51."
Stage 1 (Primitive streak),Captive colony,11.25,Felis,2,Male+Female,"Knospe C. Periods and stages of the prenatal development of the domestic cat. Anatomia, histologia, embryologia. 2002 Feb;31(1):37-51."
Implantation,Captive colony,13.5,Felis,2,Male+Female,"Knospe C. Periods and stages of the prenatal development of the domestic cat. Anatomia, histologia, embryologia. 2002 Feb;31(1):37-51."
Somite formation (Onset),Captive colony,13.5,Felis,2,Male+Female,"Knospe C. Periods and stages of the prenatal development of the domestic cat. Anatomia, histologia, embryologia. 2002 Feb;31(1):37-51."
6-10 somite pairs,Captive colony,14.5,Felis,2,Male+Female,"Knospe C. Periods and stages of the prenatal development of the domestic cat. Anatomia, histologia, embryologia. 2002 Feb;31(1):37-51."
Fast growth of central cornea thickness cessation,,177,Felis,2,Male+Female,"Moodie KL, Hashizume N, Houston DL, Hoopes PJ, Demidenko E, Trembly BS, Davidson MG. Postnatal development of corneal curvature and thickness in the cat. Veterinary Ophthalmology. 2001 Dec;4(4):267-72."
Cerebellar folia emerge,,31,Felis,2,Male+Female,"de Morais-Pinto L, da Veiga ML, da Anunciação AR. Central nervous system development of cats (Felis catus L. 1758). Research in veterinary science. 2021 Dec 1;141:81-94."
Female First reproduction (sex selective),Captive+Wild,429,Felis,2,Female,"https://esapubs.org/archive/ecol/E090/184/PanTHERIA_1-0_WR05_Aug2008.txt; Jones, K. E., Bielby, J., Cardillo, M., Fritz, S. A., O'Dell, J., Orme, C. D. L., Safi, K., Sechrest, W., Boakes, E. H., Carbone, C., Connolly, C., Cutts, M. J., Foster, J. K., Grenyer, R., Habib, M., Plaster, C. A., Price, S. A., Rigby, E. A., Rist, J., . . . Michener, W. K. (2009). PanTHERIA: a species-level database of life history, ecology, and geography of extant and recently extinct mammals. Ecology, 90(9), 2648-2648. https://doi.org/10.1890/08-1494.1"
Female First reproduction (sex selective),Captive,429,Felis,1,Female,MEYER‐HOLZAPFEL MO. Breeding the European wild cat Felis s. silvestris at Berne Zoo. International Zoo Yearbook. 1968 Jan;8(1):31-8.
Female First reproduction (sex selective),Captive,433,Felis,1,Female,"Ruiz-Olmo J, Pinyol C, Sánchez D, Such-Sanz À. Breeding pattern of wildcat Felis silvestris (Schreber, 1777) studied in captivity in the iberian peninsula. Hystrix. 2018;29(2):202."
Female Sexual maturity is reached (sex selective),Captive,368,Felis,2,Female,"https://genomics.senescence.info/species/dataset.zip; AnAge Build 15; de Magalhaes, J. P., Abidi, Z., Dos Santos, G. A., Avelar, R. A., Barardo, D., Chatsirisupachai, K., Clark, P., De-Souza, E. A., Johnson, E. J., Lopes, I., Novoa, G., Senez, L., Talay, A., Thornton, D., & To, P. K. P. (2024). Human Ageing Genomic Resources: updates on key databases in ageing research. Nucleic Acids Res, 52(D1), D900-D908."
Female Sexual maturity is reached (sex selective),,371.832,Felis,2,Female,"https://figshare.com/articles/dataset/Full_Archive/3563457?backTo=/collections/An_amniote_life-history_database_to_perform_comparative_analyses_with_birds_mammals_and_reptiles/3308127; Myhrvold, N. P., Baldridge, E., Chan, B., Sivam, D., Freeman, D. L., & Ernest, S. M. (2015). An amniote life‐history database to perform comparative analyses with birds, mammals, and reptiles: Ecological Archives E096‐269. Ecology, 96(11), 3109-3109."
Male Sexual maturity is reached (sex selective),Captive,368,Felis,2,Male,"https://genomics.senescence.info/species/dataset.zip; AnAge Build 15; de Magalhaes, J. P., Abidi, Z., Dos Santos, G. A., Avelar, R. A., Barardo, D., Chatsirisupachai, K., Clark, P., De-Souza, E. A., Johnson, E. J., Lopes, I., Novoa, G., Senez, L., Talay, A., Thornton, D., & To, P. K. P. (2024). Human Ageing Genomic Resources: updates on key databases in ageing research. Nucleic Acids Res, 52(D1), D900-D908."
Male Sexual maturity is reached (sex selective),,368,Felis,2,Male,"https://figshare.com/articles/dataset/Full_Archive/3563457?backTo=/collections/An_amniote_life-history_database_to_perform_comparative_analyses_with_birds_mammals_and_reptiles/3308127; Myhrvold, N. P., Baldridge, E., Chan, B., Sivam, D., Freeman, D. L., & Ernest, S. M. (2015). An amniote life‐history database to perform comparative analyses with birds, mammals, and reptiles: Ecological Archives E096‐269. Ecology, 96(11), 3109-3109."
Canine mandible eruption,,174,Felis,2,Female,"Condé B, Schauenberg P. Remplacement des canines chez le chat forestier Felis silvestris Schreb."
Canine mandible eruption,,188.5,Felis,2,Male,"Condé B, Schauenberg P. Remplacement des canines chez le chat forestier Felis silvestris Schreb."
Canine maxilla eruption,,186.5,Felis,2,Female,"Condé B, Schauenberg P. Remplacement des canines chez le chat forestier Felis silvestris Schreb."
Canine maxilla eruption,,213,Felis,2,Male,"Condé B, Schauenberg P. Remplacement des canines chez le chat forestier Felis silvestris Schreb."
Deciduous canine mandible eruption,,83,Felis,2,Male+Female,Wright J. Biological significance of mammalian milk teeth. Cornell University; 1983.
Deciduous canine mandible eruption,,78,Felis,2,Male+Female,Wright J. Biological significance of mammalian milk teeth. Cornell University; 1983.
Deciduous canine maxilla eruption,,81,Felis,2,Male+Female,Wright J. Biological significance of mammalian milk teeth. Cornell University; 1983.
Deciduous canine maxilla eruption,,78,Felis,2,Male+Female,Wright J. Biological significance of mammalian milk teeth. Cornell University; 1983.
Deciduous teeth eruption (Offset),Captive,109.5,Felis,2,Male+Female,MEYER‐HOLZAPFEL MO. Breeding the European wild cat Felis s. silvestris at Berne Zoo. International Zoo Yearbook. 1968 Jan;8(1):31-8.
Deciduous teeth eruption (Offset),Captive,99,Felis,2,Male+Female,MEYER‐HOLZAPFEL MO. Breeding the European wild cat Felis s. silvestris at Berne Zoo. International Zoo Yearbook. 1968 Jan;8(1):31-8.
Deciduous teeth eruption (Onset),,75,Felis,2,Male+Female,Wright J. Biological significance of mammalian milk teeth. Cornell University; 1983.
Deciduous teeth eruption (Onset),,78,Felis,2,Male+Female,Wright J. Biological significance of mammalian milk teeth. Cornell University; 1983.
Eats solid food (Onset),Captive,98,Felis,2,Male+Female,MEYER‐HOLZAPFEL MO. Breeding the European wild cat Felis s. silvestris at Berne Zoo. International Zoo Yearbook. 1968 Jan;8(1):31-8.
Eats solid food (Onset),Captive,97,Felis,2,Male+Female,MEYER‐HOLZAPFEL MO. Breeding the European wild cat Felis s. silvestris at Berne Zoo. International Zoo Yearbook. 1968 Jan;8(1):31-8.
Eats solid food (Onset),Captive,88.5,Felis,2,Male+Female,VOLF J. breeding the European wild cat Felis s. silvestris at Prague Zoo. International Zoo Yearbook. 1968 Jan;8(1):38-42.
Eye opening,Captive+Wild,74.95,Felis,2,Male+Female,"https://esapubs.org/archive/ecol/E090/184/PanTHERIA_1-0_WR05_Aug2008.txt; Jones, K. E., Bielby, J., Cardillo, M., Fritz, S. A., O'Dell, J., Orme, C. D. L., Safi, K., Sechrest, W., Boakes, E. H., Carbone, C., Connolly, C., Cutts, M. J., Foster, J. K., Grenyer, R., Habib, M., Plaster, C. A., Price, S. A., Rigby, E. A., Rist, J., . . . Michener, W. K. (2009). PanTHERIA: a species-level database of life history, ecology, and geography of extant and recently extinct mammals. Ecology, 90(9), 2648-2648. https://doi.org/10.1890/08-1494.1"
Eye opening,Captive,72,Felis,2,Male+Female,MEYER‐HOLZAPFEL MO. Breeding the European wild cat Felis s. silvestris at Berne Zoo. International Zoo Yearbook. 1968 Jan;8(1):31-8.
Eye opening (Onset),Captive,70,Felis,1,Male+Female,MEYER‐HOLZAPFEL MO. Breeding the European wild cat Felis s. silvestris at Berne Zoo. International Zoo Yearbook. 1968 Jan;8(1):31-8.
Eye opening,Captive,74,Felis,3,Male+Female,MEYER‐HOLZAPFEL MO. Breeding the European wild cat Felis s. silvestris at Berne Zoo. International Zoo Yearbook. 1968 Jan;8(1):31-8.
Eye opening,Captive,76,Felis,3,Male+Female,VOLF J. breeding the European wild cat Felis s. silvestris at Prague Zoo. International Zoo Yearbook. 1968 Jan;8(1):38-42.
Eye opening,Captive,75,Felis,2,Male+Female,VOLF J. breeding the European wild cat Felis s. silvestris at Prague Zoo. International Zoo Yearbook. 1968 Jan;8(1):38-42.
Gestation as a reference point,Captive,64,Felis,2,Male+Female,"https://genomics.senescence.info/species/dataset.zip; AnAge Build 15; de Magalhaes, J. P., Abidi, Z., Dos Santos, G. A., Avelar, R. A., Barardo, D., Chatsirisupachai, K., Clark, P., De-Souza, E. A., Johnson, E. J., Lopes, I., Novoa, G., Senez, L., Talay, A., Thornton, D., & To, P. K. P. (2024). Human Ageing Genomic Resources: updates on key databases in ageing research. Nucleic Acids Res, 52(D1), D900-D908."
Reported Gestation,Captive+Wild,65.49,Felis,2,Male+Female,"https://esapubs.org/archive/ecol/E090/184/PanTHERIA_1-0_WR05_Aug2008.txt; Jones, K. E., Bielby, J., Cardillo, M., Fritz, S. A., O'Dell, J., Orme, C. D. L., Safi, K., Sechrest, W., Boakes, E. H., Carbone, C., Connolly, C., Cutts, M. J., Foster, J. K., Grenyer, R., Habib, M., Plaster, C. A., Price, S. A., Rigby, E. A., Rist, J., . . . Michener, W. K. (2009). PanTHERIA: a species-level database of life history, ecology, and geography of extant and recently extinct mammals. Ecology, 90(9), 2648-2648. https://doi.org/10.1890/08-1494.1"
Reported Gestation,Captive,69,Felis,2,Male+Female,MEYER‐HOLZAPFEL MO. Breeding the European wild cat Felis s. silvestris at Berne Zoo. International Zoo Yearbook. 1968 Jan;8(1):31-8.
Reported Gestation,,64.7187,Felis,2,Male+Female,"https://figshare.com/articles/dataset/Full_Archive/3563457?backTo=/collections/An_amniote_life-history_database_to_perform_comparative_analyses_with_birds_mammals_and_reptiles/3308127; Myhrvold, N. P., Baldridge, E., Chan, B., Sivam, D., Freeman, D. L., & Ernest, S. M. (2015). An amniote life‐history database to perform comparative analyses with birds, mammals, and reptiles: Ecological Archives E096‐269. Ecology, 96(11), 3109-3109."
Reported Gestation,Captive,65,Felis,2,Male+Female,VOLF J. breeding the European wild cat Felis s. silvestris at Prague Zoo. International Zoo Yearbook. 1968 Jan;8(1):38-42.
Sexual maturity,Captive+Wild,414.76,Felis,2,Male+Female,"https://esapubs.org/archive/ecol/E090/184/PanTHERIA_1-0_WR05_Aug2008.txt; Jones, K. E., Bielby, J., Cardillo, M., Fritz, S. A., O'Dell, J., Orme, C. D. L., Safi, K., Sechrest, W., Boakes, E. H., Carbone, C., Connolly, C., Cutts, M. J., Foster, J. K., Grenyer, R., Habib, M., Plaster, C. A., Price, S. A., Rigby, E. A., Rist, J., . . . Michener, W. K. (2009). PanTHERIA: a species-level database of life history, ecology, and geography of extant and recently extinct mammals. Ecology, 90(9), 2648-2648. https://doi.org/10.1890/08-1494.1"
Weaning,Captive,151,Felis,2,Male+Female,"https://genomics.senescence.info/species/dataset.zip; AnAge Build 15; de Magalhaes, J. P., Abidi, Z., Dos Santos, G. A., Avelar, R. A., Barardo, D., Chatsirisupachai, K., Clark, P., De-Souza, E. A., Johnson, E. J., Lopes, I., Novoa, G., Senez, L., Talay, A., Thornton, D., & To, P. K. P. (2024). Human Ageing Genomic Resources: updates on key databases in ageing research. Nucleic Acids Res, 52(D1), D900-D908."
Weaning,Captive+Wild,140.01,Felis,2,Male+Female,"https://esapubs.org/archive/ecol/E090/184/PanTHERIA_1-0_WR05_Aug2008.txt; Jones, K. E., Bielby, J., Cardillo, M., Fritz, S. A., O'Dell, J., Orme, C. D. L., Safi, K., Sechrest, W., Boakes, E. H., Carbone, C., Connolly, C., Cutts, M. J., Foster, J. K., Grenyer, R., Habib, M., Plaster, C. A., Price, S. A., Rigby, E. A., Rist, J., . . . Michener, W. K. (2009). PanTHERIA: a species-level database of life history, ecology, and geography of extant and recently extinct mammals. Ecology, 90(9), 2648-2648. https://doi.org/10.1890/08-1494.1"
Weaning,Captive,109,Felis,2,Male+Female,MEYER‐HOLZAPFEL MO. Breeding the European wild cat Felis s. silvestris at Berne Zoo. International Zoo Yearbook. 1968 Jan;8(1):31-8.
Weaning,,145.505,Felis,2,Male+Female,"https://figshare.com/articles/dataset/Full_Archive/3563457?backTo=/collections/An_amniote_life-history_database_to_perform_comparative_analyses_with_birds_mammals_and_reptiles/3308127; Myhrvold, N. P., Baldridge, E., Chan, B., Sivam, D., Freeman, D. L., & Ernest, S. M. (2015). An amniote life‐history database to perform comparative analyses with birds, mammals, and reptiles: Ecological Archives E096‐269. Ecology, 96(11), 3109-3109."
Weaning,Captive,106,Felis,1,Male+Female,"Ruiz-Olmo J, Pinyol C, Sánchez D, Such-Sanz À. Breeding pattern of wildcat Felis silvestris (Schreber, 1777) studied in captivity in the iberian peninsula. Hystrix. 2018;29(2):202."
Weaning,Captive,113,Felis,3,Male+Female,"Ruiz-Olmo J, Pinyol C, Sánchez D, Such-Sanz À. Breeding pattern of wildcat Felis silvestris (Schreber, 1777) studied in captivity in the iberian peninsula. Hystrix. 2018;29(2):202."
Weaning (hand-reared) (Offset),Captive,134,Felis,2,Male+Female,Taylor S. Infant Diet/care Notebook. American Association of Zoological Parks and Aquariums; 1980.
Weaning (hand-reared) (Onset),Captive,106,Felis,2,Male+Female,Taylor S. Infant Diet/care Notebook. American Association of Zoological Parks and Aquariums; 1980.
Weaning (Offset),Captive,124,Felis,2,Male+Female,MEYER‐HOLZAPFEL MO. Breeding the European wild cat Felis s. silvestris at Berne Zoo. International Zoo Yearbook. 1968 Jan;8(1):31-8.
Weaning (Onset),Captive,94,Felis,2,Male+Female,MEYER‐HOLZAPFEL MO. Breeding the European wild cat Felis s. silvestris at Berne Zoo. International Zoo Yearbook. 1968 Jan;8(1):31-8.
Female Sexual maturity is reached (sex selective),,372.551,Felis,2,Female,"https://figshare.com/articles/dataset/Full_Archive/3563457?backTo=/collections/An_amniote_life-history_database_to_perform_comparative_analyses_with_birds_mammals_and_reptiles/3308127; Myhrvold, N. P., Baldridge, E., Chan, B., Sivam, D., Freeman, D. L., & Ernest, S. M. (2015). An amniote life‐history database to perform comparative analyses with birds, mammals, and reptiles: Ecological Archives E096‐269. Ecology, 96(11), 3109-3109."
Male Sexual maturity is reached (sex selective),,368.719,Felis,2,Male,"https://figshare.com/articles/dataset/Full_Archive/3563457?backTo=/collections/An_amniote_life-history_database_to_perform_comparative_analyses_with_birds_mammals_and_reptiles/3308127; Myhrvold, N. P., Baldridge, E., Chan, B., Sivam, D., Freeman, D. L., & Ernest, S. M. (2015). An amniote life‐history database to perform comparative analyses with birds, mammals, and reptiles: Ecological Archives E096‐269. Ecology, 96(11), 3109-3109."
Weaning,,146.224,Felis,2,Male+Female,"https://figshare.com/articles/dataset/Full_Archive/3563457?backTo=/collections/An_amniote_life-history_database_to_perform_comparative_analyses_with_birds_mammals_and_reptiles/3308127; Myhrvold, N. P., Baldridge, E., Chan, B., Sivam, D., Freeman, D. L., & Ernest, S. M. (2015). An amniote life‐history database to perform comparative analyses with birds, mammals, and reptiles: Ecological Archives E096‐269. Ecology, 96(11), 3109-3109."
Deciduous incisors eruption,,84,Felis,2,Male+Female,Wright J. Biological significance of mammalian milk teeth. Cornell University; 1983.
Deciduous canines eruption,,80,Felis,2,Male+Female,Wright J. Biological significance of mammalian milk teeth. Cornell University; 1983.
Reported Gestation,,68,Felis,2,Male+Female,"Matthews LH. Reproduction in the Scottish wild cat, Felis silvestris grampia Miller. InProceedings of the Zoological Society of London 1941 Oct (Vol. 111, No. 1‐2, pp. 59-77). Oxford, UK: Blackwell Publishing Ltd."
Weaning (hand-reared) (Offset),,97,Felis,3,Male,VOLF J. breeding the European wild cat Felis s. silvestris at Prague Zoo. International Zoo Yearbook. 1968 Jan;8(1):38-42.
Weaning (hand-reared) (Offset),,97,Felis,3,Female,VOLF J. breeding the European wild cat Felis s. silvestris at Prague Zoo. International Zoo Yearbook. 1968 Jan;8(1):38-42.
Eye opening,,66,Felis,2,Male+Female,VOLF J. breeding the European wild cat Felis s. silvestris at Prague Zoo. International Zoo Yearbook. 1968 Jan;8(1):38-42.
MALE body growth rate (peak) (sex specific),,160,Felis,2,Male,VOLF J. breeding the European wild cat Felis s. silvestris at Prague Zoo. International Zoo Yearbook. 1968 Jan;8(1):38-42.
Female Body growth rate (Peak) (sex selective),,160,Felis,2,Female,VOLF J. breeding the European wild cat Felis s. silvestris at Prague Zoo. International Zoo Yearbook. 1968 Jan;8(1):38-42.
Female Body growth rate (Peak) (sex selective),,98,Felis,2,Female,VOLF J. breeding the European wild cat Felis s. silvestris at Prague Zoo. International Zoo Yearbook. 1968 Jan;8(1):38-42.
Female Sexual maturity is reached (sex selective),,429,Felis,2,Female,Wenthe M. Physiologie und Pathologie der Fortpflanzung bei Zoo-Felidae (Doctoral dissertation). https://elib.tiho-hannover.de/servlets/MCRFileNodeServlet/etd_derivate_00003292/wenthem_1994.pdf
Eye opening,,75,Felis,2,Male+Female,Wenthe M. Physiologie und Pathologie der Fortpflanzung bei Zoo-Felidae (Doctoral dissertation). https://elib.tiho-hannover.de/servlets/MCRFileNodeServlet/etd_derivate_00003292/wenthem_1994.pdf
Eye opening,,73,Felis,1,Male+Female,Wenthe M. Physiologie und Pathologie der Fortpflanzung bei Zoo-Felidae (Doctoral dissertation). https://elib.tiho-hannover.de/servlets/MCRFileNodeServlet/etd_derivate_00003292/wenthem_1994.pdf
Eye opening,,76,Felis,3,Male+Female,Wenthe M. Physiologie und Pathologie der Fortpflanzung bei Zoo-Felidae (Doctoral dissertation). https://elib.tiho-hannover.de/servlets/MCRFileNodeServlet/etd_derivate_00003292/wenthem_1994.pdf
Eye opening,,74,Felis,2,Male+Female,Wenthe M. Physiologie und Pathologie der Fortpflanzung bei Zoo-Felidae (Doctoral dissertation). https://elib.tiho-hannover.de/servlets/MCRFileNodeServlet/etd_derivate_00003292/wenthem_1994.pdf
Walk development (Onset),,82,Felis,2,Male+Female,Wenthe M. Physiologie und Pathologie der Fortpflanzung bei Zoo-Felidae (Doctoral dissertation). https://elib.tiho-hannover.de/servlets/MCRFileNodeServlet/etd_derivate_00003292/wenthem_1994.pdf
Walk development (Onset),,80,Felis,1,Male+Female,Wenthe M. Physiologie und Pathologie der Fortpflanzung bei Zoo-Felidae (Doctoral dissertation). https://elib.tiho-hannover.de/servlets/MCRFileNodeServlet/etd_derivate_00003292/wenthem_1994.pdf
Walk development (Onset),,84,Felis,3,Male+Female,Wenthe M. Physiologie und Pathologie der Fortpflanzung bei Zoo-Felidae (Doctoral dissertation). https://elib.tiho-hannover.de/servlets/MCRFileNodeServlet/etd_derivate_00003292/wenthem_1994.pdf
Female Sexual maturity is reached (sex selective),,394,Felis,2,Female,Wenthe M. Physiologie und Pathologie der Fortpflanzung bei Zoo-Felidae (Doctoral dissertation). https://elib.tiho-hannover.de/servlets/MCRFileNodeServlet/etd_derivate_00003292/wenthem_1994.pdf
Female Sexual maturity is reached (sex selective),,364,Felis,1,Female,Wenthe M. Physiologie und Pathologie der Fortpflanzung bei Zoo-Felidae (Doctoral dissertation). https://elib.tiho-hannover.de/servlets/MCRFileNodeServlet/etd_derivate_00003292/wenthem_1994.pdf
Female Sexual maturity is reached (sex selective),,424,Felis,3,Female,Wenthe M. Physiologie und Pathologie der Fortpflanzung bei Zoo-Felidae (Doctoral dissertation). https://elib.tiho-hannover.de/servlets/MCRFileNodeServlet/etd_derivate_00003292/wenthem_1994.pdf
Reported Gestation,,68,Felis,2,Male+Female,Wenthe M. Physiologie und Pathologie der Fortpflanzung bei Zoo-Felidae (Doctoral dissertation). https://elib.tiho-hannover.de/servlets/MCRFileNodeServlet/etd_derivate_00003292/wenthem_1994.pdf
Reported Gestation,,63,Felis,1,Male+Female,Wenthe M. Physiologie und Pathologie der Fortpflanzung bei Zoo-Felidae (Doctoral dissertation). https://elib.tiho-hannover.de/servlets/MCRFileNodeServlet/etd_derivate_00003292/wenthem_1994.pdf
Reported Gestation,,68,Felis,3,Male+Female,Wenthe M. Physiologie und Pathologie der Fortpflanzung bei Zoo-Felidae (Doctoral dissertation). https://elib.tiho-hannover.de/servlets/MCRFileNodeServlet/etd_derivate_00003292/wenthem_1994.pdf
Reported Gestation,,58,Felis,2,Male+Female,Wenthe M. Physiologie und Pathologie der Fortpflanzung bei Zoo-Felidae (Doctoral dissertation). https://elib.tiho-hannover.de/servlets/MCRFileNodeServlet/etd_derivate_00003292/wenthem_1994.pdf
Reported Gestation,,55,Felis,1,Male+Female,Wenthe M. Physiologie und Pathologie der Fortpflanzung bei Zoo-Felidae (Doctoral dissertation). https://elib.tiho-hannover.de/servlets/MCRFileNodeServlet/etd_derivate_00003292/wenthem_1994.pdf
Reported Gestation,,60,Felis,3,Male+Female,Wenthe M. Physiologie und Pathologie der Fortpflanzung bei Zoo-Felidae (Doctoral dissertation). https://elib.tiho-hannover.de/servlets/MCRFileNodeServlet/etd_derivate_00003292/wenthem_1994.pdf
Reported Gestation,,62,Felis,2,Male+Female,Wenthe M. Physiologie und Pathologie der Fortpflanzung bei Zoo-Felidae (Doctoral dissertation). https://elib.tiho-hannover.de/servlets/MCRFileNodeServlet/etd_derivate_00003292/wenthem_1994.pdf
Eats solid food (Onset),Captive,106,Felis,2,Male+Female,Taylor S. Infant Diet/care Notebook. American Association of Zoological Parks and Aquariums; 1980.
Eats solid food (Onset),Wild,99,Felis,2,Male+Female,"Schauenberg P. Éléments d'écologie du chat forestier d'Europe Pelis silvestris Schreber, 1777. Revue d'écologie. 1981;35(1):3-6."
Canine maxilla eruption,Captive laboratory,186.5,Felis,2,Female,"Condé B, Schauenberg P. Remplacement des canines chez le chat forestier Felis silvestris Schreb."
Canine mandible eruption,Captive laboratory,180,Felis,2,Female,"Condé B, Schauenberg P. Remplacement des canines chez le chat forestier Felis silvestris Schreb."
Canines eruption,Captive laboratory,183.25,Felis,2,Female,"Condé B, Schauenberg P. Remplacement des canines chez le chat forestier Felis silvestris Schreb."
Deciduous canine maxilla exfoliation,Captive laboratory,198,Felis,2,Female,"Condé B, Schauenberg P. Remplacement des canines chez le chat forestier Felis silvestris Schreb."
Deciduous canine mandible exfoliation,Captive laboratory,183.5,Felis,2,Female,"Condé B, Schauenberg P. Remplacement des canines chez le chat forestier Felis silvestris Schreb."
Deciduous canine maxilla eruption,Captive laboratory,206.5,Felis,2,Female,"Condé B, Schauenberg P. Remplacement des canines chez le chat forestier Felis silvestris Schreb."
Canine mandible eruption,Captive laboratory,184,Felis,2,Female,"Condé B, Schauenberg P. Remplacement des canines chez le chat forestier Felis silvestris Schreb."
Canine maxilla eruption,Captive laboratory,193,Felis,2,Female,"Condé B, Schauenberg P. Remplacement des canines chez le chat forestier Felis silvestris Schreb."
Canine mandible eruption,Captive laboratory,188,Felis,2,Female,"Condé B, Schauenberg P. Remplacement des canines chez le chat forestier Felis silvestris Schreb."
Deciduous canine maxilla exfoliation,Captive laboratory,205,Felis,2,Female,"Condé B, Schauenberg P. Remplacement des canines chez le chat forestier Felis silvestris Schreb."
Deciduous canine mandible exfoliation,Captive laboratory,191.5,Felis,2,Female,"Condé B, Schauenberg P. Remplacement des canines chez le chat forestier Felis silvestris Schreb."
Canine maxilla eruption,Captive laboratory,205,Felis,2,Female,"Condé B, Schauenberg P. Remplacement des canines chez le chat forestier Felis silvestris Schreb."
Canine mandible eruption,Captive laboratory,197,Felis,2,Female,"Condé B, Schauenberg P. Remplacement des canines chez le chat forestier Felis silvestris Schreb."
Deciduous canine maxilla exfoliation,Captive laboratory,228,Felis,2,Female,"Condé B, Schauenberg P. Remplacement des canines chez le chat forestier Felis silvestris Schreb."
Deciduous canine mandible exfoliation,Captive laboratory,207.5,Felis,2,Female,"Condé B, Schauenberg P. Remplacement des canines chez le chat forestier Felis silvestris Schreb."
Canine maxilla eruption,Captive laboratory,202,Felis,2,Female,"Condé B, Schauenberg P. Remplacement des canines chez le chat forestier Felis silvestris Schreb."
Canine mandible eruption,Captive laboratory,191.5,Felis,2,Female,"Condé B, Schauenberg P. Remplacement des canines chez le chat forestier Felis silvestris Schreb."
Deciduous canine maxilla exfoliation,Captive laboratory,221,Felis,2,Female,"Condé B, Schauenberg P. Remplacement des canines chez le chat forestier Felis silvestris Schreb."
Deciduous canine mandible exfoliation,Captive laboratory,198.5,Felis,2,Female,"Condé B, Schauenberg P. Remplacement des canines chez le chat forestier Felis silvestris Schreb."
Canine maxilla eruption,Captive laboratory,178,Felis,2,Male,"Condé B, Schauenberg P. Remplacement des canines chez le chat forestier Felis silvestris Schreb."
Deciduous canine maxilla exfoliation,Captive laboratory,186.5,Felis,2,Male,"Condé B, Schauenberg P. Remplacement des canines chez le chat forestier Felis silvestris Schreb."
Deciduous canine maxilla exfoliation,Captive laboratory,174,Felis,2,Male,"Condé B, Schauenberg P. Remplacement des canines chez le chat forestier Felis silvestris Schreb."
Canine maxilla eruption,Captive laboratory,181,Felis,2,Male,"Condé B, Schauenberg P. Remplacement des canines chez le chat forestier Felis silvestris Schreb."
Canine mandible eruption,Captive laboratory,172,Felis,2,Male,"Condé B, Schauenberg P. Remplacement des canines chez le chat forestier Felis silvestris Schreb."
Deciduous canine maxilla exfoliation,Captive laboratory,192.5,Felis,2,Male,"Condé B, Schauenberg P. Remplacement des canines chez le chat forestier Felis silvestris Schreb."
Deciduous canine maxilla exfoliation,Captive laboratory,183,Felis,2,Male,"Condé B, Schauenberg P. Remplacement des canines chez le chat forestier Felis silvestris Schreb."
Canine maxilla eruption,Captive laboratory,179,Felis,2,Male,"Condé B, Schauenberg P. Remplacement des canines chez le chat forestier Felis silvestris Schreb."
Deciduous canine maxilla exfoliation,Captive laboratory,188,Felis,2,Male,"Condé B, Schauenberg P. Remplacement des canines chez le chat forestier Felis silvestris Schreb."
Deciduous canine mandible exfoliation,Captive laboratory,177.5,Felis,2,Male,"Condé B, Schauenberg P. Remplacement des canines chez le chat forestier Felis silvestris Schreb."
Canine mandible eruption,Captive laboratory,166,Felis,2,Male,"Condé B, Schauenberg P. Remplacement des canines chez le chat forestier Felis silvestris Schreb."
Deciduous canine mandible exfoliation,Captive laboratory,169.5,Felis,2,Male,"Condé B, Schauenberg P. Remplacement des canines chez le chat forestier Felis silvestris Schreb."
Canine mandible eruption,Captive laboratory,174,Felis,2,Male,"Condé B, Schauenberg P. Remplacement des canines chez le chat forestier Felis silvestris Schreb."
Canine maxilla eruption,Captive laboratory,187,Felis,2,Male,"Condé B, Schauenberg P. Remplacement des canines chez le chat forestier Felis silvestris Schreb."
Deciduous canine maxilla exfoliation,Captive laboratory,198,Felis,2,Male,"Condé B, Schauenberg P. Remplacement des canines chez le chat forestier Felis silvestris Schreb."
Deciduous canine mandible exfoliation,Captive laboratory,181,Felis,2,Male,"Condé B, Schauenberg P. Remplacement des canines chez le chat forestier Felis silvestris Schreb."
Canine maxilla eruption,Captive laboratory,182,Felis,2,Male,"Condé B, Schauenberg P. Remplacement des canines chez le chat forestier Felis silvestris Schreb."
Canine mandible eruption,Captive laboratory,176,Felis,2,Male,"Condé B, Schauenberg P. Remplacement des canines chez le chat forestier Felis silvestris Schreb."
Deciduous canine maxilla exfoliation,Captive laboratory,201,Felis,2,Male,"Condé B, Schauenberg P. Remplacement des canines chez le chat forestier Felis silvestris Schreb."
Canine maxilla eruption,Captive laboratory,186,Felis,1,Male,"Condé B, Schauenberg P. Remplacement des canines chez le chat forestier Felis silvestris Schreb."
Canine maxilla eruption,Captive laboratory,172,Felis,1,Female,"Condé B, Schauenberg P. Remplacement des canines chez le chat forestier Felis silvestris Schreb."
Canine maxilla eruption,Captive laboratory,179,Felis,1,Male+Female,"Condé B, Schauenberg P. Remplacement des canines chez le chat forestier Felis silvestris Schreb."
Canine maxilla eruption,Captive laboratory,205,Felis,3,Male,"Condé B, Schauenberg P. Remplacement des canines chez le chat forestier Felis silvestris Schreb."
Canine maxilla eruption,Captive laboratory,187,Felis,3,Female,"Condé B, Schauenberg P. Remplacement des canines chez le chat forestier Felis silvestris Schreb."
Canine maxilla eruption,Captive laboratory,196,Felis,3,Male+Female,"Condé B, Schauenberg P. Remplacement des canines chez le chat forestier Felis silvestris Schreb."
Canine mandible eruption,Captive laboratory,180,Felis,1,Male,"Condé B, Schauenberg P. Remplacement des canines chez le chat forestier Felis silvestris Schreb."
Canine mandible eruption,Captive laboratory,172,Felis,1,Female,"Condé B, Schauenberg P. Remplacement des canines chez le chat forestier Felis silvestris Schreb."
Canine mandible eruption,Captive laboratory,176,Felis,1,Male+Female,"Condé B, Schauenberg P. Remplacement des canines chez le chat forestier Felis silvestris Schreb."
Canine mandible eruption,Captive laboratory,197,Felis,3,Male,"Condé B, Schauenberg P. Remplacement des canines chez le chat forestier Felis silvestris Schreb."
Canine mandible eruption,Captive laboratory,176,Felis,3,Female,"Condé B, Schauenberg P. Remplacement des canines chez le chat forestier Felis silvestris Schreb."
Canine mandible eruption,Captive laboratory,186.5,Felis,3,Male+Female,"Condé B, Schauenberg P. Remplacement des canines chez le chat forestier Felis silvestris Schreb."
Deciduous canine maxilla exfoliation,Captive laboratory,197,Felis,1,Male,"Condé B, Schauenberg P. Remplacement des canines chez le chat forestier Felis silvestris Schreb."
Deciduous canine maxilla exfoliation,Captive laboratory,172,Felis,1,Female,"Condé B, Schauenberg P. Remplacement des canines chez le chat forestier Felis silvestris Schreb."
Deciduous canine maxilla exfoliation,Captive laboratory,184.5,Felis,1,Male+Female,"Condé B, Schauenberg P. Remplacement des canines chez le chat forestier Felis silvestris Schreb."
Deciduous canine maxilla exfoliation,Captive laboratory,229,Felis,3,Male,"Condé B, Schauenberg P. Remplacement des canines chez le chat forestier Felis silvestris Schreb."
Deciduous canine maxilla exfoliation,Captive laboratory,201,Felis,3,Female,"Condé B, Schauenberg P. Remplacement des canines chez le chat forestier Felis silvestris Schreb."
Deciduous canine maxilla exfoliation,Captive laboratory,215,Felis,3,Male+Female,"Condé B, Schauenberg P. Remplacement des canines chez le chat forestier Felis silvestris Schreb."
Deciduous canine mandible exfoliation,Captive laboratory,183,Felis,1,Male,"Condé B, Schauenberg P. Remplacement des canines chez le chat forestier Felis silvestris Schreb."
Deciduous canine mandible exfoliation,Captive laboratory,168,Felis,1,Female,"Condé B, Schauenberg P. Remplacement des canines chez le chat forestier Felis silvestris Schreb."
Deciduous canine mandible exfoliation,Captive laboratory,175.5,Felis,1,Male+Female,"Condé B, Schauenberg P. Remplacement des canines chez le chat forestier Felis silvestris Schreb."
Deciduous canine mandible exfoliation,Captive laboratory,210,Felis,3,Male,"Condé B, Schauenberg P. Remplacement des canines chez le chat forestier Felis silvestris Schreb."
Deciduous canine mandible exfoliation,Captive laboratory,187,Felis,3,Female,"Condé B, Schauenberg P. Remplacement des canines chez le chat forestier Felis silvestris Schreb."
Deciduous canine mandible exfoliation,Captive laboratory,198.5,Felis,3,Male+Female,"Condé B, Schauenberg P. Remplacement des canines chez le chat forestier Felis silvestris Schreb."
Canine maxilla eruption,Wild,204,Felis,2,Male,"Condé B, Schauenberg P. Remplacement des canines chez le chat forestier Felis silvestris Schreb."
Deciduous canine maxilla exfoliation,Wild,220.5,Felis,2,Male,"Condé B, Schauenberg P. Remplacement des canines chez le chat forestier Felis silvestris Schreb."
Canine maxilla eruption,Wild,195,Felis,2,Male,"Condé B, Schauenberg P. Remplacement des canines chez le chat forestier Felis silvestris Schreb."
Canine mandible eruption,Wild,192,Felis,2,Male,"Condé B, Schauenberg P. Remplacement des canines chez le chat forestier Felis silvestris Schreb."
Deciduous canine maxilla exfoliation,Wild,209,Felis,2,Male,"Condé B, Schauenberg P. Remplacement des canines chez le chat forestier Felis silvestris Schreb."
Deciduous canine mandible exfoliation,Wild,198,Felis,2,Male,"Condé B, Schauenberg P. Remplacement des canines chez le chat forestier Felis silvestris Schreb."
Canine maxilla eruption,Wild,197,Felis,2,Male,"Condé B, Schauenberg P. Remplacement des canines chez le chat forestier Felis silvestris Schreb."
Deciduous canine maxilla exfoliation,Wild,214,Felis,2,Male,"Condé B, Schauenberg P. Remplacement des canines chez le chat forestier Felis silvestris Schreb."
Deciduous canine mandible exfoliation,Wild,198.5,Felis,2,Male,"Condé B, Schauenberg P. Remplacement des canines chez le chat forestier Felis silvestris Schreb."
Canine mandible eruption,Wild,197,Felis,2,Male,"Condé B, Schauenberg P. Remplacement des canines chez le chat forestier Felis silvestris Schreb."
Deciduous canine maxilla exfoliation,Wild,218,Felis,2,Male,"Condé B, Schauenberg P. Remplacement des canines chez le chat forestier Felis silvestris Schreb."
Canine maxilla eruption,Wild,194,Felis,2,Male,"Condé B, Schauenberg P. Remplacement des canines chez le chat forestier Felis silvestris Schreb."
Canine mandible eruption,Wild,177,Felis,2,Male,"Condé B, Schauenberg P. Remplacement des canines chez le chat forestier Felis silvestris Schreb."
Deciduous canine maxilla exfoliation,Wild,207.5,Felis,2,Male,"Condé B, Schauenberg P. Remplacement des canines chez le chat forestier Felis silvestris Schreb."
Deciduous canine mandible exfoliation,Wild,186.5,Felis,2,Male,"Condé B, Schauenberg P. Remplacement des canines chez le chat forestier Felis silvestris Schreb."
Canine maxilla eruption,Wild,187,Felis,2,Female,"Condé B, Schauenberg P. Remplacement des canines chez le chat forestier Felis silvestris Schreb."
Deciduous canine maxilla exfoliation,Wild,197.5,Felis,2,Female,"Condé B, Schauenberg P. Remplacement des canines chez le chat forestier Felis silvestris Schreb."
Deciduous canine mandible exfoliation,Wild,186,Felis,2,Female,"Condé B, Schauenberg P. Remplacement des canines chez le chat forestier Felis silvestris Schreb."
Canine maxilla eruption,Wild,185,Felis,2,Female,"Condé B, Schauenberg P. Remplacement des canines chez le chat forestier Felis silvestris Schreb."
Deciduous canine maxilla exfoliation,Wild,194,Felis,2,Female,"Condé B, Schauenberg P. Remplacement des canines chez le chat forestier Felis silvestris Schreb."
Deciduous canine mandible exfoliation,Wild,200,Felis,2,Female,"Condé B, Schauenberg P. Remplacement des canines chez le chat forestier Felis silvestris Schreb."
Canine maxilla eruption,Wild,185,Felis,1,Female,"Condé B, Schauenberg P. Remplacement des canines chez le chat forestier Felis silvestris Schreb."
Canine maxilla eruption,Wild,194,Felis,1,Male,"Condé B, Schauenberg P. Remplacement des canines chez le chat forestier Felis silvestris Schreb."
Canine maxilla eruption,Wild,189.5,Felis,1,Male+Female,"Condé B, Schauenberg P. Remplacement des canines chez le chat forestier Felis silvestris Schreb."
Canine maxilla eruption,Wild,213,Felis,3,Male,"Condé B, Schauenberg P. Remplacement des canines chez le chat forestier Felis silvestris Schreb."
Canine maxilla eruption,Wild,200,Felis,3,Male+Female,"Condé B, Schauenberg P. Remplacement des canines chez le chat forestier Felis silvestris Schreb."
Canine mandible eruption,Wild,177,Felis,1,Male,"Condé B, Schauenberg P. Remplacement des canines chez le chat forestier Felis silvestris Schreb."
Canine mandible eruption,Wild,209,Felis,3,Male,"Condé B, Schauenberg P. Remplacement des canines chez le chat forestier Felis silvestris Schreb."
Deciduous canine maxilla exfoliation,Wild,207.5,Felis,1,Male,"Condé B, Schauenberg P. Remplacement des canines chez le chat forestier Felis silvestris Schreb."
Deciduous canine maxilla exfoliation,Wild,194,Felis,1,Female,"Condé B, Schauenberg P. Remplacement des canines chez le chat forestier Felis silvestris Schreb."
Deciduous canine maxilla exfoliation,Wild,200.75,Felis,1,Male+Female,"Condé B, Schauenberg P. Remplacement des canines chez le chat forestier Felis silvestris Schreb."
Deciduous canine maxilla exfoliation,Wild,199.5,Felis,3,Female,"Condé B, Schauenberg P. Remplacement des canines chez le chat forestier Felis silvestris Schreb."
Deciduous canine maxilla exfoliation,Wild,214.25,Felis,3,Male+Female,"Condé B, Schauenberg P. Remplacement des canines chez le chat forestier Felis silvestris Schreb."
Deciduous canine mandible exfoliation,Wild,186.5,Felis,1,Male,"Condé B, Schauenberg P. Remplacement des canines chez le chat forestier Felis silvestris Schreb."
Deciduous canine mandible exfoliation,Wild,186,Felis,1,Female,"Condé B, Schauenberg P. Remplacement des canines chez le chat forestier Felis silvestris Schreb."
Deciduous canine mandible exfoliation,Wild,186.25,Felis,1,Male+Female,"Condé B, Schauenberg P. Remplacement des canines chez le chat forestier Felis silvestris Schreb."
Deciduous canine mandible exfoliation,Wild,213,Felis,3,Male,"Condé B, Schauenberg P. Remplacement des canines chez le chat forestier Felis silvestris Schreb."
Deciduous canine mandible exfoliation,Wild,200,Felis,3,Female,"Condé B, Schauenberg P. Remplacement des canines chez le chat forestier Felis silvestris Schreb."
Deciduous canine mandible exfoliation,Wild,206.5,Felis,3,Male+Female,"Condé B, Schauenberg P. Remplacement des canines chez le chat forestier Felis silvestris Schreb."
Eye opening,Wild,70,Felis,3,Male+Female,"Schauenberg P. Éléments d'écologie du chat forestier d'Europe Pelis silvestris Schreber, 1777. Revue d'écologie. 1981;35(1):3-6."
Eye opening,Wild,66,Felis,1,Male+Female,"Schauenberg P. Éléments d'écologie du chat forestier d'Europe Pelis silvestris Schreber, 1777. Revue d'écologie. 1981;35(1):3-6."
Eye opening (Onset),Wild,70,Felis,2,Male+Female,"Schauenberg P. Éléments d'écologie du chat forestier d'Europe Pelis silvestris Schreber, 1777. Revue d'écologie. 1981;35(1):3-6."
Deciduous teeth eruption (Offset),Wild,109.5,Felis,2,Male+Female,"Condé B, Schauenberg P. Remplacement des canines chez le chat forestier Felis silvestris Schreb."
Permanent teeth eruption (Offset),Unkown,256.5,Felis,2,Male,"Condé B, Schauenberg P. Remplacement des canines chez le chat forestier Felis silvestris Schreb."
Permanent teeth eruption (Offset),Unkown,241.5,Felis,2,Female,"Condé B, Schauenberg P. Remplacement des canines chez le chat forestier Felis silvestris Schreb."
Permanent teeth eruption (Offset),Unkown,249,Felis,2,Male+Female,"Condé B, Schauenberg P. Remplacement des canines chez le chat forestier Felis silvestris Schreb."
Eye opening (Offset),Captive,75,Felis,2,Male,"Tonkin BA, Kohler E. Observations on the Indian desert cat in captivity. International zoo yearbook. 1981 Jan;21(1):151-4."
Eats solid food (Onset),Captive,100,Felis,2,Male,"Tonkin BA, Kohler E. Observations on the Indian desert cat in captivity. International zoo yearbook. 1981 Jan;21(1):151-4."
Reported Gestation,Captive,65,Felis,2,Male,"Tonkin BA, Kohler E. Observations on the Indian desert cat in captivity. International zoo yearbook. 1981 Jan;21(1):151-4."
Eye opening (Offset),Captive,73,Felis,1,Male+Female,"Tonkin BA, Kohler E. Observations on the Indian desert cat in captivity. International zoo yearbook. 1981 Jan;21(1):151-4."
Eye opening (Offset),Captive,74,Felis,2,Male+Female,"Tonkin BA, Kohler E. Observations on the Indian desert cat in captivity. International zoo yearbook. 1981 Jan;21(1):151-4."
Eye opening (Offset),Captive,75,Felis,3,Male+Female,"Tonkin BA, Kohler E. Observations on the Indian desert cat in captivity. International zoo yearbook. 1981 Jan;21(1):151-4."
Eats solid food (Onset),Captive,99,Felis,2,Male+Female,"Tonkin BA, Kohler E. Observations on the Indian desert cat in captivity. International zoo yearbook. 1981 Jan;21(1):151-4."
Permanent teeth eruption (Offset),Captive,199,Felis,2,Female,"Tonkin BA, Kohler E. Observations on the Indian desert cat in captivity. International zoo yearbook. 1981 Jan;21(1):151-4."
Permanent teeth eruption (Offset),Captive,231,Felis,2,Male,"Tonkin BA, Kohler E. Observations on the Indian desert cat in captivity. International zoo yearbook. 1981 Jan;21(1):151-4."
Female Sexual maturity is reached (sex selective),Captive,341,Felis,2,Female,"Tonkin BA, Kohler E. Observations on the Indian desert cat in captivity. International zoo yearbook. 1981 Jan;21(1):151-4."
Female First reproduction (sex selective),Captive,401,Felis,2,Female,"Tonkin BA, Kohler E. Observations on the Indian desert cat in captivity. International zoo yearbook. 1981 Jan;21(1):151-4."
Reported Gestation,Captive,68,Felis,2,Male+Female,"Tetley H. On the Scottish wild cat. InProceedings of the Zoological Society of London 1941 Oct (Vol. 111, No. 1‐2, pp. 13-23). Oxford, UK: Blackwell Publishing Ltd."
Female Body growth rate (Peak) (sex selective),,4479.6,Homo sapiens,2,Female,"Walker, R., Hill, K., Burger, O., & Hurtado, A. M. (2006). Life in the slow lane revisited: Ontogenetic separation between chimpanzees and humans. American Journal of Physical Anthropology: The Official Publication of the American Association of Physical Anthropologists, 129(4), 577-583."
Female Body weight reaches 100% of stable value (sex selective),,7471.26,Homo sapiens,2,Female,https://www.cdc.gov/nchs/data/ad/ad347.pdf
Female Body weight reaches 50% of stable value (sex selective),,3693.5,Homo sapiens,2,Female,https://www.cdc.gov/nchs/data/ad/ad347.pdf
Female Body weight reaches 60% of stable value (sex selective),,4449.05,Homo sapiens,2,Female,https://www.cdc.gov/nchs/data/ad/ad347.pdf
Female Body weight reaches 70% of stable value (sex selective),,5204.6,Homo sapiens,2,Female,https://www.cdc.gov/nchs/data/ad/ad347.pdf
Female Body weight reaches 80% of stable value (sex selective),,5960.15,Homo sapiens,2,Female,https://www.cdc.gov/nchs/data/ad/ad347.pdf
Female Body weight reaches 90% of stable value (sex selective),,6715.7,Homo sapiens,2,Female,https://www.cdc.gov/nchs/data/ad/ad347.pdf
Female First reproduction (sex selective),,5380,Homo sapiens,1,Female,"Allal N, Sear R, Prentice AM, Mace R. An evolutionary model of stature, age at first birth and reproductive success in Gambian women. Proceedings of the Royal Society of London. Series B: Biological Sciences. 2004 Mar 7;271(1538):465-70."
Female First reproduction (sex selective),,13045,Homo sapiens,3,Female,"Allal N, Sear R, Prentice AM, Mace R. An evolutionary model of stature, age at first birth and reproductive success in Gambian women. Proceedings of the Royal Society of London. Series B: Biological Sciences. 2004 Mar 7;271(1538):465-70."
Female First reproduction (sex selective),,9212.5,Homo sapiens,2,Female,"Allal N, Sear R, Prentice AM, Mace R. An evolutionary model of stature, age at first birth and reproductive success in Gambian women. Proceedings of the Royal Society of London. Series B: Biological Sciences. 2004 Mar 7;271(1538):465-70."
Female First reproduction (sex selective),,7205,Homo sapiens,2,Female,"Chusyd DE, Ackermans NL, Austad SN, Hof PR, Mielke MM, Sherwood CC, Allison DB. Aging: What We Can Learn From Elephants. Front Aging. 2021 Aug 26;2:726714. doi: 10.3389/fragi.2021."
Female First reproduction (sex selective),,5380,Homo sapiens,1,Female,"Chusyd DE, Ackermans NL, Austad SN, Hof PR, Mielke MM, Sherwood CC, Allison DB. Aging: What We Can Learn From Elephants. Front Aging. 2021 Aug 26;2:726714. doi: 10.3389/fragi.2021."
Female First reproduction (sex selective),,7752.5,Homo sapiens,2,Female,"Chusyd DE, Ackermans NL, Austad SN, Hof PR, Mielke MM, Sherwood CC, Allison DB. Aging: What We Can Learn From Elephants. Front Aging. 2021 Aug 26;2:726714. doi: 10.3389/fragi.2021."
Female First reproduction (sex selective),,10125,Homo sapiens,3,Female,"Chusyd DE, Ackermans NL, Austad SN, Hof PR, Mielke MM, Sherwood CC, Allison DB. Aging: What We Can Learn From Elephants. Front Aging. 2021 Aug 26;2:726714. doi: 10.3389/fragi.2021."
Female First reproduction (sex selective),Captive+Wild,5562.5,Homo sapiens,2,Female,"https://esapubs.org/archive/ecol/E090/184/PanTHERIA_1-0_WR05_Aug2008.txt; Jones, K. E., Bielby, J., Cardillo, M., Fritz, S. A., O'Dell, J., Orme, C. D. L., Safi, K., Sechrest, W., Boakes, E. H., Carbone, C., Connolly, C., Cutts, M. J., Foster, J. K., Grenyer, R., Habib, M., Plaster, C. A., Price, S. A., Rigby, E. A., Rist, J., . . . Michener, W. K. (2009). PanTHERIA: a species-level database of life history, ecology, and geography of extant and recently extinct mammals. Ecology, 90(9), 2648-2648. https://doi.org/10.1890/08-1494.1"
Female First reproduction (sex selective),,7752.5,Homo sapiens,2,Female,"Mathews TJ, Hamilton BE. Mean Age of Mother, 1970–2000. National Vital Statistics Reports. 2002 Dec 11;51(1)."
Female First reproduction (sex selective),,8154,Homo sapiens,2,Female,"Mathews TJ, Hamilton BE. Mean Age of Mother, 1970–2000. National Vital Statistics Reports. 2002 Dec 11;51(1)."
Female First reproduction (sex selective),,8008,Homo sapiens,2,Female,"Mathews TJ, Hamilton BE. Mean Age of Mother, 1970–2000. National Vital Statistics Reports. 2002 Dec 11;51(1)."
Female First reproduction (sex selective),,7643,Homo sapiens,2,Female,"Mathews TJ, Hamilton BE. Mean Age of Mother, 1970–2000. National Vital Statistics Reports. 2002 Dec 11;51(1)."
Female First reproduction (sex selective),,8227,Homo sapiens,2,Female,"Mathews TJ, Hamilton BE. Mean Age of Mother, 1970–2000. National Vital Statistics Reports. 2002 Dec 11;51(1)."
Female First reproduction (sex selective),,8482.5,Homo sapiens,2,Female,"Mathews TJ, Hamilton BE. Mean Age of Mother, 1970–2000. National Vital Statistics Reports. 2002 Dec 11;51(1)."
Female First reproduction (sex selective),,8081,Homo sapiens,2,Female,"Mathews TJ, Hamilton BE. Mean Age of Mother, 1970–2000. National Vital Statistics Reports. 2002 Dec 11;51(1)."
Female First reproduction (sex selective),,7935,Homo sapiens,2,Female,"Mathews TJ, Hamilton BE. Mean Age of Mother, 1970–2000. National Vital Statistics Reports. 2002 Dec 11;51(1)."
Female First reproduction (sex selective),,7825.5,Homo sapiens,2,Female,"Mathews TJ, Hamilton BE. Mean Age of Mother, 1970–2000. National Vital Statistics Reports. 2002 Dec 11;51(1)."
Female First reproduction (sex selective),,8446,Homo sapiens,2,Female,"Mathews TJ, Hamilton BE. Mean Age of Mother, 1970–2000. National Vital Statistics Reports. 2002 Dec 11;51(1)."
Female First reproduction (sex selective),,7862,Homo sapiens,2,Female,"Mathews TJ, Hamilton BE. Mean Age of Mother, 1970–2000. National Vital Statistics Reports. 2002 Dec 11;51(1)."
Female First reproduction (sex selective),,8117.5,Homo sapiens,2,Female,"Mathews TJ, Hamilton BE. Mean Age of Mother, 1970–2000. National Vital Statistics Reports. 2002 Dec 11;51(1)."
Female First reproduction (sex selective),,7898.5,Homo sapiens,2,Female,"Mathews TJ, Hamilton BE. Mean Age of Mother, 1970–2000. National Vital Statistics Reports. 2002 Dec 11;51(1)."
Female First reproduction (sex selective),,8044.5,Homo sapiens,2,Female,"Mathews TJ, Hamilton BE. Mean Age of Mother, 1970–2000. National Vital Statistics Reports. 2002 Dec 11;51(1)."
Female First reproduction (sex selective),,7971.5,Homo sapiens,2,Female,"Mathews TJ, Hamilton BE. Mean Age of Mother, 1970–2000. National Vital Statistics Reports. 2002 Dec 11;51(1)."
Female First reproduction (sex selective),,8300,Homo sapiens,2,Female,"Mathews TJ, Hamilton BE. Mean Age of Mother, 1970–2000. National Vital Statistics Reports. 2002 Dec 11;51(1)."
Female First reproduction (sex selective),,7679.5,Homo sapiens,2,Female,"Mathews TJ, Hamilton BE. Mean Age of Mother, 1970–2000. National Vital Statistics Reports. 2002 Dec 11;51(1)."
Female First reproduction (sex selective),,8190.5,Homo sapiens,2,Female,"Mathews TJ, Hamilton BE. Mean Age of Mother, 1970–2000. National Vital Statistics Reports. 2002 Dec 11;51(1)."
Female First reproduction (sex selective),,8336.5,Homo sapiens,2,Female,"Mathews TJ, Hamilton BE. Mean Age of Mother, 1970–2000. National Vital Statistics Reports. 2002 Dec 11;51(1)."
Female First reproduction (sex selective),,7789,Homo sapiens,2,Female,"Mathews TJ, Hamilton BE. Mean Age of Mother, 1970–2000. National Vital Statistics Reports. 2002 Dec 11;51(1)."
Female First reproduction (sex selective),,9504.5,Homo sapiens,2,Female,"Mathews TJ, Hamilton BE. Mean Age of Mother, 1970–2000. National Vital Statistics Reports. 2002 Dec 11;51(1)."
Female First reproduction (sex selective),,9176,Homo sapiens,2,Female,"Mathews TJ, Hamilton BE. Mean Age of Mother, 1970–2000. National Vital Statistics Reports. 2002 Dec 11;51(1)."
Female First reproduction (sex selective),,8592,Homo sapiens,2,Female,"Mathews TJ, Hamilton BE. Mean Age of Mother, 1970–2000. National Vital Statistics Reports. 2002 Dec 11;51(1)."
Female First reproduction (sex selective),,9614,Homo sapiens,2,Female,"Mathews TJ, Hamilton BE. Mean Age of Mother, 1970–2000. National Vital Statistics Reports. 2002 Dec 11;51(1)."
Female First reproduction (sex selective),,9322,Homo sapiens,2,Female,"Mathews TJ, Hamilton BE. Mean Age of Mother, 1970–2000. National Vital Statistics Reports. 2002 Dec 11;51(1)."
Female First reproduction (sex selective),,8519,Homo sapiens,2,Female,"Mathews TJ, Hamilton BE. Mean Age of Mother, 1970–2000. National Vital Statistics Reports. 2002 Dec 11;51(1)."
Female First reproduction (sex selective),,9723.5,Homo sapiens,2,Female,"Mathews TJ, Hamilton BE. Mean Age of Mother, 1970–2000. National Vital Statistics Reports. 2002 Dec 11;51(1)."
Female First reproduction (sex selective),,8774.5,Homo sapiens,2,Female,"Mathews TJ, Hamilton BE. Mean Age of Mother, 1970–2000. National Vital Statistics Reports. 2002 Dec 11;51(1)."
Female First reproduction (sex selective),,9066.5,Homo sapiens,2,Female,"Mathews TJ, Hamilton BE. Mean Age of Mother, 1970–2000. National Vital Statistics Reports. 2002 Dec 11;51(1)."
Female First reproduction (sex selective),,8957,Homo sapiens,2,Female,"Mathews TJ, Hamilton BE. Mean Age of Mother, 1970–2000. National Vital Statistics Reports. 2002 Dec 11;51(1)."
Female First reproduction (sex selective),,8555.5,Homo sapiens,2,Female,"Mathews TJ, Hamilton BE. Mean Age of Mother, 1970–2000. National Vital Statistics Reports. 2002 Dec 11;51(1)."
Female First reproduction (sex selective),,10198,Homo sapiens,2,Female,"Mathews TJ, Hamilton BE. Mean Age of Mother, 1970–2000. National Vital Statistics Reports. 2002 Dec 11;51(1)."
Female First reproduction (sex selective),,9395,Homo sapiens,2,Female,"Mathews TJ, Hamilton BE. Mean Age of Mother, 1970–2000. National Vital Statistics Reports. 2002 Dec 11;51(1)."
Female First reproduction (sex selective),,9650.5,Homo sapiens,2,Female,"Mathews TJ, Hamilton BE. Mean Age of Mother, 1970–2000. National Vital Statistics Reports. 2002 Dec 11;51(1)."
Female First reproduction (sex selective),,9358.5,Homo sapiens,2,Female,"Mathews TJ, Hamilton BE. Mean Age of Mother, 1970–2000. National Vital Statistics Reports. 2002 Dec 11;51(1)."
Female First reproduction (sex selective),,9577.5,Homo sapiens,2,Female,"Mathews TJ, Hamilton BE. Mean Age of Mother, 1970–2000. National Vital Statistics Reports. 2002 Dec 11;51(1)."
Female First reproduction (sex selective),,8847.5,Homo sapiens,2,Female,"Mathews TJ, Hamilton BE. Mean Age of Mother, 1970–2000. National Vital Statistics Reports. 2002 Dec 11;51(1)."
Female First reproduction (sex selective),,9431.5,Homo sapiens,2,Female,"Mathews TJ, Hamilton BE. Mean Age of Mother, 1970–2000. National Vital Statistics Reports. 2002 Dec 11;51(1)."
Female First reproduction (sex selective),,8993.5,Homo sapiens,2,Female,"Mathews TJ, Hamilton BE. Mean Age of Mother, 1970–2000. National Vital Statistics Reports. 2002 Dec 11;51(1)."
Female First reproduction (sex selective),,9030,Homo sapiens,2,Female,"Mathews TJ, Hamilton BE. Mean Age of Mother, 1970–2000. National Vital Statistics Reports. 2002 Dec 11;51(1)."
Female First reproduction (sex selective),,8884,Homo sapiens,2,Female,"Mathews TJ, Hamilton BE. Mean Age of Mother, 1970–2000. National Vital Statistics Reports. 2002 Dec 11;51(1)."
Female First reproduction (sex selective),,8665,Homo sapiens,2,Female,"Mathews TJ, Hamilton BE. Mean Age of Mother, 1970–2000. National Vital Statistics Reports. 2002 Dec 11;51(1)."
Female First reproduction (sex selective),,9796.5,Homo sapiens,2,Female,"Mathews TJ, Hamilton BE. Mean Age of Mother, 1970–2000. National Vital Statistics Reports. 2002 Dec 11;51(1)."
Female First reproduction (sex selective),,10417,Homo sapiens,2,Female,"Mathews TJ, Hamilton BE. Mean Age of Mother, 1970–2000. National Vital Statistics Reports. 2002 Dec 11;51(1)."
Female First reproduction (sex selective),,9103,Homo sapiens,2,Female,"Mathews TJ, Hamilton BE. Mean Age of Mother, 1970–2000. National Vital Statistics Reports. 2002 Dec 11;51(1)."
Female First reproduction (sex selective),,9212.5,Homo sapiens,2,Female,"Mathews TJ, Hamilton BE. Mean Age of Mother, 1970–2000. National Vital Statistics Reports. 2002 Dec 11;51(1)."
Female First reproduction (sex selective),,10015.5,Homo sapiens,2,Female,"Mathews TJ, Hamilton BE. Mean Age of Mother, 1970–2000. National Vital Statistics Reports. 2002 Dec 11;51(1)."
Female First reproduction (sex selective),,10161.5,Homo sapiens,2,Female,"Mathews TJ, Hamilton BE. Mean Age of Mother, 1970–2000. National Vital Statistics Reports. 2002 Dec 11;51(1)."
Female First reproduction (sex selective),,9906,Homo sapiens,2,Female,"Mathews TJ, Hamilton BE. Mean Age of Mother, 1970–2000. National Vital Statistics Reports. 2002 Dec 11;51(1)."
Female First reproduction (sex selective),,9139.5,Homo sapiens,2,Female,"Mathews TJ, Hamilton BE. Mean Age of Mother, 1970–2000. National Vital Statistics Reports. 2002 Dec 11;51(1)."
Female First reproduction (sex selective),,8701.5,Homo sapiens,2,Female,"Mathews TJ, Hamilton BE. Mean Age of Mother, 1970–2000. National Vital Statistics Reports. 2002 Dec 11;51(1)."
Female First reproduction (sex selective),,9285.5,Homo sapiens,2,Female,"Mathews TJ, Hamilton BE. Mean Age of Mother, 1970–2000. National Vital Statistics Reports. 2002 Dec 11;51(1)."
Female First reproduction (sex selective),,8920.5,Homo sapiens,2,Female,"Mathews TJ, Hamilton BE. Mean Age of Mother, 1970–2000. National Vital Statistics Reports. 2002 Dec 11;51(1)."
Female First reproduction (sex selective),,9869.5,Homo sapiens,2,Female,"Mathews TJ, Hamilton BE. Mean Age of Mother, 1970–2000. National Vital Statistics Reports. 2002 Dec 11;51(1)."
Female First reproduction (sex selective),,8738,Homo sapiens,2,Female,"Mathews TJ, Hamilton BE. Mean Age of Mother, 1970–2000. National Vital Statistics Reports. 2002 Dec 11;51(1)."
Female First reproduction (sex selective),,10344,Homo sapiens,2,Female,"Mathews TJ, Hamilton BE. Mean Age of Mother, 1970–2000. National Vital Statistics Reports. 2002 Dec 11;51(1)."
Female First reproduction (sex selective),,10453.5,Homo sapiens,2,Female,"Mathews TJ, Hamilton BE. Mean Age of Mother, 1970–2000. National Vital Statistics Reports. 2002 Dec 11;51(1)."
Female First reproduction (sex selective),,10271,Homo sapiens,2,Female,"Mathews TJ, Hamilton BE. Mean Age of Mother, 1970–2000. National Vital Statistics Reports. 2002 Dec 11;51(1)."
Female First reproduction (sex selective),,10490,Homo sapiens,2,Female,"Mathews TJ, Hamilton BE. Mean Age of Mother, 1970–2000. National Vital Statistics Reports. 2002 Dec 11;51(1)."
Female First reproduction (sex selective),,10709,Homo sapiens,2,Female,"Mathews TJ, Hamilton BE. Mean Age of Mother, 1970–2000. National Vital Statistics Reports. 2002 Dec 11;51(1)."
Female First reproduction (sex selective),,10745.5,Homo sapiens,2,Female,"Mathews TJ, Hamilton BE. Mean Age of Mother, 1970–2000. National Vital Statistics Reports. 2002 Dec 11;51(1)."
Female Sexual maturity is reached (sex selective),,5150.1,Homo sapiens,2,Female,"Charvet, C. J., Ofori, K., Falcone, C., & Rigby Dames, B. A. (2023). Transcription, structure, and organoids translate time across the lifespan of humans and great apes. PNAS Nexus, 2(8), pgad230. https://doi.org/10.1093/pnasnexus/pgad230; Supplementary tables"
Female Reproduction (Peak) (sex selective),,10300.2,Homo sapiens,2,Female,https://unstats.un.org/unsd/demographic-social/products/dyb/dyb_2019/
Female Reproduction (Peak) (sex selective),,11128.8,Homo sapiens,2,Female,"Hunter-gatherersThompson, M. E., Jones, J. H., Pusey, A. E., Brewer-Marsden, S., Goodall, J., Marsden, D., ... & Wrangham, R. W. (2007). Aging and fertility patterns in wild chimpanzees provide insights into the evolution of menopause. Current Biology, 17(24), 2150-2156."
Female Reproductive cessation (sex selective),,13775,Homo sapiens,2,Female,"Chusyd DE, Ackermans NL, Austad SN, Hof PR, Mielke MM, Sherwood CC, Allison DB. Aging: What We Can Learn From Elephants. Front Aging. 2021 Aug 26;2:726714. doi: 10.3389/fragi.2021."
Female Reproductive cessation (sex selective),,14322.5,Homo sapiens,2,Female,Cohen AA.Female post-reproductive lifespan: a general mammalian trait. Biological Reviews. 2004 Nov;79(4):733-50.
Female Sexual maturity is reached (sex selective),,5496.8,Homo sapiens,2,Female,"Adadevoh, S., Agble, T., Hobbs, C., & Elkins, T. (1989). Menarcheal age in Ghanaian school girls. International Journal of Gynecology & Obstetrics, 30(1), 63–68. https*//doi.org/10.1016/0020-7292(89)90217-8"
Female Sexual maturity is reached (sex selective),,4927.4,Homo sapiens,2,Female,"Ajong, A. B., Tankala, N. N., Yakum, M. N., Azenoi, I. S., & Kenfack, B. (2020). Knowledge of peri-menarcheal changes and a comparative analysis of the age at menarche among young adolescent school girls in urban and rural Cameroon. BMC Public Health, 20(1). https*//doi.org/10.1186/s12889-020-09787-y"
Female Sexual maturity is reached (sex selective),,4799.65,Homo sapiens,2,Female,"Al-Awadhi, N., Al-Kandari, N., Al-Hasan, T., Almurjan, D., Ali, S., & Al-Taiar, A. (2013). Age at menarche and its relationship to body mass index among adolescent girls in Kuwait. BMC public health, 13, 29. https*//doi.org/10.1186/1471-2458-13-29"
Female Sexual maturity is reached (sex selective),,4912.8,Homo sapiens,2,Female,"Al-Sahab, B., Ardern, C. I., Hamadeh, M. J., & Tamim, H. (2010). Age at menarche in Canada* results from the National Longitudinal Survey of Children & Youth. BMC Public Health, 10(1). https*//doi.org/10.1186/1471-2458-10-736"
Female Sexual maturity is reached (sex selective),Captive,5015,Homo sapiens,2,Female,"https://genomics.senescence.info/species/dataset.zip; AnAge Build 15; de Magalhaes, J. P., Abidi, Z., Dos Santos, G. A., Avelar, R. A., Barardo, D., Chatsirisupachai, K., Clark, P., De-Souza, E. A., Johnson, E. J., Lopes, I., Novoa, G., Senez, L., Talay, A., Thornton, D., & To, P. K. P. (2024). Human Ageing Genomic Resources: updates on key databases in ageing research. Nucleic Acids Res, 52(D1), D900-D908."
Female Sexual maturity is reached (sex selective),,5033.25,Homo sapiens,2,Female,"Babay, Z. A., Addar, M. H., Shahid, K., & Meriki, N. (2004). Age at menarche and the reproductive performance of Saudi women. Annals of Saudi Medicine, 24(5), 354–356. https*//doi.org/10.5144/0256-4947.2004.354"
Female Sexual maturity is reached (sex selective),,5051.5,Homo sapiens,2,Female,"Bratke, H., Bruserud, I. S., Brannsether, B., Aßmus, J., Bjerknes, R., Roelants, M., & Júlíusson, P. B. (2017). Timing of menarche in Norwegian girls* associations with body mass index, waist circumference and skinfold thickness. BMC Pediatrics, 17(1). https*//doi.org/10.1186/s12887-017-0893-x"
Female Sexual maturity is reached (sex selective),,4806.95,Homo sapiens,2,Female,"Chumlea, W. C., Schubert, C. M., Roche, A. F., Kulin, H. E., Lee, P. A., Himes, J. H., & Sun, S. S. (2003). Age at Menarche and Racial Comparisons in US Girls. PEDIATRICS, 111(1), 110–113. https*//doi.org/10.1542/peds.111.1.110"
Female Sexual maturity is reached (sex selective),,5230.35,Homo sapiens,2,Female,"Dambhare, D. G., Wagh, S. V., & Dudhe, J. Y. (2012). Age at menarche and menstrual cycle pattern among school adolescent girls in Central India. Global journal of health science, 4(1), 105–111. https*//doi.org/10.5539/gjhs.v4n1p105"
Female Sexual maturity is reached (sex selective),,5088,Homo sapiens,2,Female,"Donovan, & Telfar-Barnard. (2019). Age of first menstruation in New Zealand * findings from first ever national-level data and implications for age-appropriate education and support. The New Zealand Medical Journal, 132(1500), 100–102. https*//www.nzma.org.nz/journal-articles/age-of-first-menstruation-in-new-zealand-findings-from-first-ever-national-level-data-and-implications-for-age-appropriate-education-and-support"
Female Sexual maturity is reached (sex selective),,5343.5,Homo sapiens,2,Female,"Garenne, M. (2020). Age at menarche in Nigerian demographic surveys. Journal of Biosocial Science, 1–13. https*//doi.org/10.1017/s0021932020000504. Average age used was from the year 2000."
Female Sexual maturity is reached (sex selective),,5307,Homo sapiens,2,Female,"Garenne, M. (2020). Age at menarche in Nigerian demographic surveys. Journal of Biosocial Science, 1–13. https*//doi.org/10.1017/s0021932020000504. Average age used was from the year 2000."
Female Sexual maturity is reached (sex selective),,4810.6,Homo sapiens,2,Female,"Ghaly, Hussein, Abdelghaffar, Anwar, & Seirvogel. (2008). Optimal age of sexual maturation in Egyptian children. Eastern Mediterranean Health Journal, 14(6), 1391–1399. http*//www.emro.who.int/emhj-volume-14-2008/volume-14-issue-6/17.html"
Female Sexual maturity is reached (sex selective),,5927.5,Homo sapiens,2,Female,"Hochberg, Z., Gawlik, A., & Walker, R. S. (2011). Evolutionary fitness as a function of pubertal age in 22 subsistence-based traditional societies. International Journal of Pediatric Endocrinology, 2011(1). https*//doi.org/10.1186/1687-9856-2011-2"
Female Sexual maturity is reached (sex selective),,5077.05,Homo sapiens,2,Female,"Hur, J., Schulze, K. J., Thorne-Lyman, A. L., Wu, L. S., Shaikh, S., Ali, H., Labrique, A. B., & West, K. P., Jr (2021). Characterization of pubertal development of girls in rural Bangladesh. PloS one, 16(4), e0247762. https*//doi.org/10.1371/journal.pone.0247762"
Female Sexual maturity is reached (sex selective),,4887.25,Homo sapiens,2,Female,"Kashani, H. H., Kavosh, M. S., Keshteli, A. H., Montazer, M., Rostampour, N., Kelishadi, R., Shariatnejad, K., Memar-Ardestani, P., Hosseini, S. M., Abdeyazdan, Z., & Hashemipour, M. (2009). Age of puberty in a representative sample of Iranian girls. World Journal of Pediatrics, 5(2), 132–135. https*//doi.org/10.1007/s12519-009-0026-1"
Female Sexual maturity is reached (sex selective),,4978.5,Homo sapiens,2,Female,"Kramer, K. L. (2008). Early sexual maturity among Pumé foragers of Venezuela* Fitness implications of teen motherhood. American Journal of Physical Anthropology, 136(3), 338–350. https*//doi.org/10.1002/ajpa.20817"
Female Sexual maturity is reached (sex selective),,4832.5,Homo sapiens,2,Female,"Lalys, L., & Pineau, J. C. (2014). Age at menarche in a group of French schoolgirls. Pediatrics International, 56(4), 601–604. https*//doi.org/10.1111/ped.12296"
Female Sexual maturity is reached (sex selective),,4905.5,Homo sapiens,2,Female,"Lee, M. H., Kim, S. H., Oh, M., Lee, K. W., & Park, M. J. (2016). Age at menarche in Korean adolescents* trends and influencing factors. Reproductive Health, 13(1). https*//doi.org/10.1186/s12978-016-0240-y"
Female Sexual maturity is reached (sex selective),,4796,Homo sapiens,2,Female,"Martínez, J., Araújo, C., Horta, B. L., & Gigante, D. P. (2010). Growth patterns in early childhood and the onset of menarche before age twelve. Revista de Saúde Pública, 44(2), 249–260. https*//doi.org/10.1590/s0034-89102010000200004"
Female Sexual maturity is reached (sex selective),,4431,Homo sapiens,2,Female,"Marván, M. L., Catillo-López, R. L., Alcalá-Herrera, V., & Callejo, D. D. (2016). The Decreasing Age at Menarche in Mexico. Journal of Pediatric and Adolescent Gynecology, 29(5), 454–457. https*//doi.org/10.1016/j.jpag.2016.02.006"
Female Sexual maturity is reached (sex selective),,5219.4,Homo sapiens,2,Female,"Meng, X., Li, S., Duan, W., Sun, Y., & Jia, C. (2017). Secular Trend of Age at Menarche in Chinese Adolescents Born From 1973 to 2004. Pediatrics, 140(2), e20170085. https*//doi.org/10.1542/peds.2017-0085"
Female Sexual maturity is reached (sex selective),,4905.5,Homo sapiens,2,Female,"Morris, D. H., Jones, M. E., Schoemaker, M. J., Ashworth, A., & Swerdlow, A. J. (2010). Determinants of age at menarche in the UK* analyses from the Breakthrough Generations Study. British Journal of Cancer, 103(11), 1760–1764. https*//doi.org/10.1038/sj.bjc.6605978"
Female Sexual maturity is reached (sex selective),,5015,Homo sapiens,2,Female,"https://figshare.com/articles/dataset/Full_Archive/3563457?backTo=/collections/An_amniote_life-history_database_to_perform_comparative_analyses_with_birds_mammals_and_reptiles/3308127; Myhrvold, N. P., Baldridge, E., Chan, B., Sivam, D., Freeman, D. L., & Ernest, S. M. (2015). An amniote life‐history database to perform comparative analyses with birds, mammals, and reptiles: Ecological Archives E096‐269. Ecology, 96(11), 3109-3109."
Female Sexual maturity is reached (sex selective),,4931.05,Homo sapiens,2,Female,"Oblacińska, A., Jodkowska, M., Tabak, I., Mikiel-Kostyra, K., & Palczewska, I. (2010). Rozwój fizyczny i dojrzewanie polskich 13-latków w pierwszej dekadzie XXI wieku. Stan obecny oraz trend sekularny wzrastania i dojrzewania w ostatnim trzydziestoleciu [Physical development and puberty of Polish 13 year old adolescents in the first decade of 21st century. Current status and secular trend of growth and maturation in the last 30 years]. Medycyna wieku rozwojowego, 14(3), 235–245."
Female Sexual maturity is reached (sex selective),,4956.6,Homo sapiens,2,Female,"Orden, A. B., Vericat, A., & Apezteguía, M. C. (2011). Age at menarche in urban Argentinian girls* association with biological and socioeconomic factors. Anthropologischer Anzeiger, 68(3), 309–322. https*//doi.org/10.1127/0003-5548/2011/0109"
Female Sexual maturity is reached (sex selective),,4755.85,Homo sapiens,2,Female,"Papadimitriou, A., Fytanidis, G., Douros, K., Bakoula, C., Nicolaidou, P., & Fretzayas, A. (2008). Age at menarche in contemporary Greek girls* evidence for levelling-off of the secular trend. Acta Paediatrica, 97(6), 812–815. https*//doi.org/10.1111/j.1651-2227.2008.00806.x"
Female Sexual maturity is reached (sex selective),,5453,Homo sapiens,2,Female,"Pillai V. K. (1995). Age at menarche among adolescentFemales in Zambia* implication for family formation. International journal of sociology of the family, 25(2), 33–38."
Female Sexual maturity is reached (sex selective),,4759.5,Homo sapiens,2,Female,"Piya-Anant, M., Suvanichchati, S., Bharscharirl, M., Jirochkul, V., & Worapitaksanond, S. (1997). Sexual maturation in Thai girls. Journal of the Medical Association of Thailand = Chotmaihet thangphaet, 80(9), 557–564."
Female Sexual maturity is reached (sex selective),,4923.75,Homo sapiens,2,Female,"Pop, R. M., Tenenboum, A., & Pop, M. (2021). Secular Trends in Height, Body Mass and Mean Menarche Age in Romanian Children and Adolescents, 1936–2016. International Journal of Environmental Research and Public Health, 18(2), 490. https*//doi.org/10.3390/ijerph18020490"
Female Sexual maturity is reached (sex selective),,4796,Homo sapiens,2,Female,"Rigon, F., Bianchin, L., Bernasconi, S., Bona, G., Bozzola, M., Buzi, F., Cicognani, A., de Sanctis, C., de Sanctis, V., Radetti, G., Tatò, L., Tonini, G., & Perissinotto, E. (2010). Update on Age at Menarche in Italy* Toward the Leveling Off of the Secular Trend. Journal of Adolescent Health, 46(3), 238–244. https*//doi.org/10.1016/j.jadohealth.2009.07.009"
Female Sexual maturity is reached (sex selective),,5380,Homo sapiens,2,Female,"Rozzi, F. V., Koudou, Y., Froment, A., Le Bouc, Y., & Botton, J. (2015). Growth pattern from birth to adulthood in African pygmies of known age. Nature communications, 6, 7672. https*//doi.org/10.1038/ncomms8672"
Female Sexual maturity is reached (sex selective),,5562.5,Homo sapiens,2,Female,"Rozzi, F. V., Koudou, Y., Froment, A., Le Bouc, Y., & Botton, J. (2015). Growth pattern from birth to adulthood in African pygmies of known age. Nature communications, 6, 7672. https*//doi.org/10.1038/ncomms8672"
Female Sexual maturity is reached (sex selective),,5307,Homo sapiens,2,Female,"Rozzi, F. V., Koudou, Y., Froment, A., Le Bouc, Y., & Botton, J. (2015). Growth pattern from birth to adulthood in African pygmies of known age. Nature communications, 6, 7672. https*//doi.org/10.1038/ncomms8672"
Female Sexual maturity is reached (sex selective),,4832.5,Homo sapiens,2,Female,"Sinai, T., Bromberg, M., Axelrod, R., Shimony, T., Stark, A. H., & Keinan-Boker, L. (2020). Menarche at an Earlier Age* Results from Two National Surveys of Israeli Youth, 2003 and 2016. Journal of pediatric and adolescent gynecology, 33(5), 459–465. https*//doi.org/10.1016/j.jpag.2020.04.005"
Female Sexual maturity is reached (sex selective),,5015,Homo sapiens,2,Female,"Thomas, F., Renaud, F., Benefice, E., Meeus, T. D., & Guegan, J. F. (2001). International Variability of Ages at Menarche and Menopause* Patterns and Main Determinants. Human Biology, 73(2), 271–290. https*//doi.org/10.1353/hub.2001.0029"
Female Sexual maturity is reached (sex selective),,5489.5,Homo sapiens,2,Female,"Thomas, F., Renaud, F., Benefice, E., Meeus, T. D., & Guegan, J. F. (2001). International Variability of Ages at Menarche and Menopause* Patterns and Main Determinants. Human Biology, 73(2), 271–290. https*//doi.org/10.1353/hub.2001.0029"
Female Sexual maturity is reached (sex selective),,5117.2,Homo sapiens,2,Female,"Vicdan, K., Kükner, S., Dabakolu, T., Ergin, T., Keleş, G., & Gokmen, O. (1996). Demographic and epidemiologic features ofFemale adolescents in Turkey. Journal of Adolescent Health, 18(1), 54–58."
Female Sexual maturity is reached (sex selective),,5380,Homo sapiens,2,Female,"Walker, R., Gurven, M., Hill, K., Migliano, A., Chagnon, N., de Souza, R., Djurovic, G., Hames, R., Hurtado, A. M., Kaplan, H., Kramer, K., Oliver, W. J., Valeggia, C., & Yamauchi, T. (2006). Growth rates and life histories in twenty-two small-scale societies. American Journal of Human Biology, 18(3), 295–311. https*//doi.org/10.1002/ajhb.20510"
Female Sexual maturity is reached (sex selective),,5599,Homo sapiens,2,Female,"Walker, R., Gurven, M., Hill, K., Migliano, A., Chagnon, N., de Souza, R., Djurovic, G., Hames, R., Hurtado, A. M., Kaplan, H., Kramer, K., Oliver, W. J., Valeggia, C., & Yamauchi, T. (2006). Growth rates and life histories in twenty-two small-scale societies. American Journal of Human Biology, 18(3), 295–311. https*//doi.org/10.1002/ajhb.20510"
Female Sexual maturity is reached (sex selective),,5307,Homo sapiens,2,Female,"Walker, R., Gurven, M., Hill, K., Migliano, A., Chagnon, N., de Souza, R., Djurovic, G., Hames, R., Hurtado, A. M., Kaplan, H., Kramer, K., Oliver, W. J., Valeggia, C., & Yamauchi, T. (2006). Growth rates and life histories in twenty-two small-scale societies. American Journal of Human Biology, 18(3), 295–311. https*//doi.org/10.1002/ajhb.20510"
Female Sexual maturity is reached (sex selective),,4869,Homo sapiens,2,Female,"Walker, R., Gurven, M., Hill, K., Migliano, A., Chagnon, N., de Souza, R., Djurovic, G., Hames, R., Hurtado, A. M., Kaplan, H., Kramer, K., Oliver, W. J., Valeggia, C., & Yamauchi, T. (2006). Growth rates and life histories in twenty-two small-scale societies. American Journal of Human Biology, 18(3), 295–311. https*//doi.org/10.1002/ajhb.20510"
Female Sexual maturity is reached (sex selective),,4942,Homo sapiens,2,Female,"Walker, R., Gurven, M., Hill, K., Migliano, A., Chagnon, N., de Souza, R., Djurovic, G., Hames, R., Hurtado, A. M., Kaplan, H., Kramer, K., Oliver, W. J., Valeggia, C., & Yamauchi, T. (2006). Growth rates and life histories in twenty-two small-scale societies. American Journal of Human Biology, 18(3), 295–311. https*//doi.org/10.1002/ajhb.20510"
Female Sexual maturity is reached (sex selective),,4978.5,Homo sapiens,2,Female,"Walker, R., Gurven, M., Hill, K., Migliano, A., Chagnon, N., de Souza, R., Djurovic, G., Hames, R., Hurtado, A. M., Kaplan, H., Kramer, K., Oliver, W. J., Valeggia, C., & Yamauchi, T. (2006). Growth rates and life histories in twenty-two small-scale societies. American Journal of Human Biology, 18(3), 295–311. https*//doi.org/10.1002/ajhb.20510"
Female Sexual maturity is reached (sex selective),,5343.5,Homo sapiens,2,Female,"Walker, R., Gurven, M., Hill, K., Migliano, A., Chagnon, N., de Souza, R., Djurovic, G., Hames, R., Hurtado, A. M., Kaplan, H., Kramer, K., Oliver, W. J., Valeggia, C., & Yamauchi, T. (2006). Growth rates and life histories in twenty-two small-scale societies. American Journal of Human Biology, 18(3), 295–311. https*//doi.org/10.1002/ajhb.20510"
Female Sexual maturity is reached (sex selective),,6110,Homo sapiens,2,Female,"Walker, R., Gurven, M., Hill, K., Migliano, A., Chagnon, N., de Souza, R., Djurovic, G., Hames, R., Hurtado, A. M., Kaplan, H., Kramer, K., Oliver, W. J., Valeggia, C., & Yamauchi, T. (2006). Growth rates and life histories in twenty-two small-scale societies. American Journal of Human Biology, 18(3), 295–311. https*//doi.org/10.1002/ajhb.20512"
Female Sexual maturity is reached (sex selective),,6329,Homo sapiens,2,Female,"Walker, R., Gurven, M., Hill, K., Migliano, A., Chagnon, N., de Souza, R., Djurovic, G., Hames, R., Hurtado, A. M., Kaplan, H., Kramer, K., Oliver, W. J., Valeggia, C., & Yamauchi, T. (2006). Growth rates and life histories in twenty-two small-scale societies. American Journal of Human Biology, 18(3), 295–311. https*//doi.org/10.1002/ajhb.20512"
Female Sexual maturity is reached (sex selective),,6292.5,Homo sapiens,2,Female,"Walker, R., Gurven, M., Hill, K., Migliano, A., Chagnon, N., de Souza, R., Djurovic, G., Hames, R., Hurtado, A. M., Kaplan, H., Kramer, K., Oliver, W. J., Valeggia, C., & Yamauchi, T. (2006). Growth rates and life histories in twenty-two small-scale societies. American Journal of Human Biology, 18(3), 295–311. https*//doi.org/10.1002/ajhb.20512"
MALE body growth rate (peak) (sex specific),,5234.9,Homo sapiens,2,Male,"Walker, R., Hill, K., Burger, O., & Hurtado, A. M. (2006). Life in the slow lane revisited: Ontogenetic separation between chimpanzees and humans. American Journal of Physical Anthropology: The Official Publication of the American Association of Physical Anthropologists, 129(4), 577-583."
Male Body weight reaches 100% of stable value (sex selective),,7493.4,Homo sapiens,2,Male,https://www.cdc.gov/nchs/data/ad/ad347.pdf
Male Body weight reaches 50% of stable value (sex selective),,3869.1,Homo sapiens,2,Male,https://www.cdc.gov/nchs/data/ad/ad347.pdf
Male Body weight reaches 60% of stable value (sex selective),,4593.9,Homo sapiens,2,Male,https://www.cdc.gov/nchs/data/ad/ad347.pdf
Male Body weight reaches 70% of stable value (sex selective),,5318.8,Homo sapiens,2,Male,https://www.cdc.gov/nchs/data/ad/ad347.pdf
Male Body weight reaches 80% of stable value (sex selective),,6043.6,Homo sapiens,2,Male,https://www.cdc.gov/nchs/data/ad/ad347.pdf
Male Body weight reaches 90% of stable value (sex selective),,6768.5,Homo sapiens,2,Male,https://www.cdc.gov/nchs/data/ad/ad347.pdf
Male Sexual maturity is reached (sex selective),,5380,Homo sapiens,2,Male,"https://genomics.senescence.info/species/dataset.zip; AnAge Build 15; de Magalhaes, J. P., Abidi, Z., Dos Santos, G. A., Avelar, R. A., Barardo, D., Chatsirisupachai, K., Clark, P., De-Souza, E. A., Johnson, E. J., Lopes, I., Novoa, G., Senez, L., Talay, A., Thornton, D., & To, P. K. P. (2024). Human Ageing Genomic Resources: updates on key databases in ageing research. Nucleic Acids Res, 52(D1), D900-D908."
6-10 somite pairs,,25,Homo sapiens,2,Male+Female,DeSesso JM. Comparative gestational milestones in vertebrate development. InDevelopmental and Reproductive Toxicology 2016 Apr 19 (pp. 107-152). CRC Press.
6-10 somite pairs,,22,Homo sapiens,2,Male+Female,"Noden DM, Lahunta AD. The embryology of domestic animals. Developmental mechanisms and malformations. Williams & Wilkins; 1985."
16-20 somite pairs,,24,Homo sapiens,2,Male+Female,"O'Rahilly R, Gardner E. The timing and sequence of events in the development of the limbs in the human embryo. Anatomy and embryology. 1975 Jan;148(1):1-23."
1st metacarpal to ossify: ossification (Onset),,70,Homo sapiens,2,Male+Female,"Prochel J, Vogel P, Sánchez-Villagra MR. Hand development and sequence of ossification in the forelimb of the European shrew Crocidura russula (Soricidae) and comparisons across therian mammals. J Anat. 2004 Aug;205(2):99-111. doi: 10.1111/j.0021-8782.2004.00321.x. PMID: 15291793; PMCID: PMC1571333."
1st phalange to ossify: ossification (Onset),,70,Homo sapiens,2,Male+Female,"Prochel J, Vogel P, Sánchez-Villagra MR. Hand development and sequence of ossification in the forelimb of the European shrew Crocidura russula (Soricidae) and comparisons across therian mammals. J Anat. 2004 Aug;205(2):99-111. doi: 10.1111/j.0021-8782.2004.00321.x. PMID: 15291793; PMCID: PMC1571333."
1st pharangeal slit emerges,,26,Homo sapiens,2,Male+Female,"Cordero GA, Sánchez-Villagra MR, Werneburg I. An irregular hourglass pattern describes the tempo of phenotypic development in placental mammal evolution. Biology letters. 2020 May 27;16(5):20200087."
2 cell stage,,1.5,Homo sapiens,2,Male+Female,"Noden DM, Lahunta AD. The embryology of domestic animals. Developmental mechanisms and malformations. Williams & Wilkins; 1985."
2nd pharangeal slit emerges,,26,Homo sapiens,2,Male+Female,"Cordero GA, Sánchez-Villagra MR, Werneburg I. An irregular hourglass pattern describes the tempo of phenotypic development in placental mammal evolution. Biology letters. 2020 May 27;16(5):20200087."
3rd arch,,26,Homo sapiens,2,Male+Female,"Cordero GA, Sánchez-Villagra MR, Werneburg I. An irregular hourglass pattern describes the tempo of phenotypic development in placental mammal evolution. Biology letters. 2020 May 27;16(5):20200087."
3rd metacarpal ossification (Onset),,70,Homo sapiens,2,Male+Female,"Prochel J, Vogel P, Sánchez-Villagra MR. Hand development and sequence of ossification in the forelimb of the European shrew Crocidura russula (Soricidae) and comparisons across therian mammals. J Anat. 2004 Aug;205(2):99-111. doi: 10.1111/j.0021-8782.2004.00321.x. PMID: 15291793; PMCID: PMC1571333."
6-10 somite pairs,,22,Homo sapiens,2,Male+Female,"Cordero GA, Sánchez-Villagra MR, Werneburg I. An irregular hourglass pattern describes the tempo of phenotypic development in placental mammal evolution. Biology letters. 2020 May 27;16(5):20200087."
8 cell stage,,2.5,Homo sapiens,2,Male+Female,"Noden DM, Lahunta AD. The embryology of domestic animals. Developmental mechanisms and malformations. Williams & Wilkins; 1985."
90th percentile of fertility cessation,,15965,Homo sapiens,2,Male+Female,Fragaszy DM. Early behavioral development in capuchins (Cebus). Folia primatologica. 1990 Feb 14;54(3-4):119-28.
Adult brain volume reaches 100% of stable value,,1481,Homo sapiens,2,Male+Female,"Creel, J. (2012). Ontogenetic changes in orangutan brain evolution: Is it heterochrony? (Doctoral dissertation)."
Adult brain volume reaches 55% of stable value,,462,Homo sapiens,2,Male+Female,"Creel, J. (2012). Ontogenetic changes in orangutan brain evolution: Is it heterochrony? (Doctoral dissertation)."
Adult brain volume reaches 65% of stable value,,582,Homo sapiens,2,Male+Female,"Creel, J. (2012). Ontogenetic changes in orangutan brain evolution: Is it heterochrony? (Doctoral dissertation)."
Adult brain volume reaches 75% of stable value,,721,Homo sapiens,2,Male+Female,"Creel, J. (2012). Ontogenetic changes in orangutan brain evolution: Is it heterochrony? (Doctoral dissertation)."
Adult brain volume reaches 85% of stable value,,893,Homo sapiens,2,Male+Female,"Creel, J. (2012). Ontogenetic changes in orangutan brain evolution: Is it heterochrony? (Doctoral dissertation)."
Adult brain volume reaches 90% of stable value,,1001,Homo sapiens,2,Male+Female,"Creel, J. (2012). Ontogenetic changes in orangutan brain evolution: Is it heterochrony? (Doctoral dissertation)."
Adult brain volume reaches 95% of stable value,,1141,Homo sapiens,2,Male+Female,"Creel, J. (2012). Ontogenetic changes in orangutan brain evolution: Is it heterochrony? (Doctoral dissertation)."
Adult carpal numbers are reached,,4285,Homo sapiens,2,Male+Female,"Charvet CJ, Ofori K, Falcone C, Rigby Dames BA. Transcription, structure, and organoids translate time across the lifespan of humans and great apes. PNAS nexus. 2023 Aug;2(8):pgad230."
Alisphenoids ossification (Onset),,58,Homo sapiens,2,Male+Female,Mall FP. On ossification centers in human embryos less than one hundred days old. American Journal of Anatomy. 1906 Sep 1;5(4):433-58.
Alisphenoids ossification (Onset),,83,Homo sapiens,2,Male+Female,"Strong RM. The order, time, and rate of ossification of the albino rat (Mus norvegicus albinus) skeleton. American Journal of Anatomy. 1925 Nov;36(2):313-55"
Alkaline phosphatase (Rapid Decline initiates),,5015,Homo sapiens,2,Male,"Adeli K, Higgins V, Nieuwesteeg M, Raizman JE, Chen Y, Wong SL, Blais D. Biochemical marker reference values across pediatric, adult, and geriatric ages: establishment of robust pediatric and adult reference intervals on the basis of the Canadian Health Measures Survey. Clin Chem. 2015 Aug;61(8):1049-62. doi: 10.1373/clinchem.2015.240515. Epub 2015 Jun 4. PMID: 26044506."
Alkaline phosphatase declines to 100% of its adult value,,6948.12,Homo sapiens,2,Male,"Adeli K, Higgins V, Nieuwesteeg M, Raizman JE, Chen Y, Wong SL, Blais D. Biochemical marker reference values across pediatric, adult, and geriatric ages: establishment of robust pediatric and adult reference intervals on the basis of the Canadian Health Measures Survey. Clin Chem. 2015 Aug;61(8):1049-62. doi: 10.1373/clinchem.2015.240515. Epub 2015 Jun 4. PMID: 26044506."
Alkaline phosphatase declines to 150% of its adult value,,6539.69,Homo sapiens,2,Male,"Adeli K, Higgins V, Nieuwesteeg M, Raizman JE, Chen Y, Wong SL, Blais D. Biochemical marker reference values across pediatric, adult, and geriatric ages: establishment of robust pediatric and adult reference intervals on the basis of the Canadian Health Measures Survey. Clin Chem. 2015 Aug;61(8):1049-62. doi: 10.1373/clinchem.2015.240515. Epub 2015 Jun 4. PMID: 26044506."
Alkaline phosphatase declines to 200% of its adult value,,6131.25,Homo sapiens,2,Male,"Adeli K, Higgins V, Nieuwesteeg M, Raizman JE, Chen Y, Wong SL, Blais D. Biochemical marker reference values across pediatric, adult, and geriatric ages: establishment of robust pediatric and adult reference intervals on the basis of the Canadian Health Measures Survey. Clin Chem. 2015 Aug;61(8):1049-62. doi: 10.1373/clinchem.2015.240515. Epub 2015 Jun 4. PMID: 26044506."
Alkaline phosphatase declines to 250% of its adult value,,5722.81,Homo sapiens,2,Male,"Adeli K, Higgins V, Nieuwesteeg M, Raizman JE, Chen Y, Wong SL, Blais D. Biochemical marker reference values across pediatric, adult, and geriatric ages: establishment of robust pediatric and adult reference intervals on the basis of the Canadian Health Measures Survey. Clin Chem. 2015 Aug;61(8):1049-62. doi: 10.1373/clinchem.2015.240515. Epub 2015 Jun 4. PMID: 26044506."
Alkaline phosphatase declines to 300% of its adult value,,5314.38,Homo sapiens,2,Male,"Adeli K, Higgins V, Nieuwesteeg M, Raizman JE, Chen Y, Wong SL, Blais D. Biochemical marker reference values across pediatric, adult, and geriatric ages: establishment of robust pediatric and adult reference intervals on the basis of the Canadian Health Measures Survey. Clin Chem. 2015 Aug;61(8):1049-62. doi: 10.1373/clinchem.2015.240515. Epub 2015 Jun 4. PMID: 26044506."
Alkaline phosphatase declines to 350% of its adult value,,4905.94,Homo sapiens,2,Male,"Adeli K, Higgins V, Nieuwesteeg M, Raizman JE, Chen Y, Wong SL, Blais D. Biochemical marker reference values across pediatric, adult, and geriatric ages: establishment of robust pediatric and adult reference intervals on the basis of the Canadian Health Measures Survey. Clin Chem. 2015 Aug;61(8):1049-62. doi: 10.1373/clinchem.2015.240515. Epub 2015 Jun 4. PMID: 26044506."
All definitive major cardiac structures identifiable,,64,Homo sapiens,2,Male+Female,"Krishnan A, Samtani R, Dhanantwari P, Lee E, Yamada S, Shiota K, Donofrio MT, Leatherbury L, Lo CW. A detailed comparison of mouse and human cardiac development. Pediatric research. 2014 Dec;76(6):500-7."
Anterior Commissure myelination (Onset),,266,Homo sapiens,2,Male+Female,"Translating time  resource (see Clancy et all., 2001; Worman et al., 2013; Charvet et al,, 2019 datasets)"
Anterior commisure appearance,,70,Homo sapiens,2,Male+Female,"Translating time  resource (see Clancy et all., 2001; Worman et al., 2013; Charvet et al,, 2019 datasets)"
Anterior neuropore closure,,33,Homo sapiens,2,Male+Female,"Cordero GA, Sánchez-Villagra MR, Werneburg I. An irregular hourglass pattern describes the tempo of phenotypic development in placental mammal evolution. Biology letters. 2020 May 27;16(5):20200087."
Anterior neuropore closure,,24,Homo sapiens,2,Male+Female,"O'Rahilly R, Gardner E. The timing and sequence of events in the development of the human nervous system during the embryonic period proper. Zeitschrift f¸r Anatomie und Entwicklungsgeschichte."
"Atrial septation, muscular interventricular septum formation, early outflow septation",,51,Homo sapiens,2,Male+Female,"Krishnan A, Samtani R, Dhanantwari P, Lee E, Yamada S, Shiota K, Donofrio MT, Leatherbury L, Lo CW. A detailed comparison of mouse and human cardiac development. Pediatric research. 2014 Dec;76(6):500-7."
"Atrial septation, outlet ventricular septum formation, beginning of semilunar valve formation",,55,Homo sapiens,2,Male+Female,"Krishnan A, Samtani R, Dhanantwari P, Lee E, Yamada S, Shiota K, Donofrio MT, Leatherbury L, Lo CW. A detailed comparison of mouse and human cardiac development. Pediatric research. 2014 Dec;76(6):500-7."
Auditory startle reaction,,300,Homo sapiens,2,Male+Female,"Ausderau KK, Dammann C, McManus K, Schneider M, Emborg ME, Schultz‐Darken, N. 2017. Cross‐species comparison of behavioral neurodevelopmental milestones in the common marmoset monkey and human child. Developmental psychobiology, 59(7), 807-821."
Axons in optic stalk,,51,Homo sapiens,2,Male+Female,"Translating time  resource (see Clancy et all., 2001; Worman et al., 2013; Charvet et al,, 2019 datasets)"
Basioccipital ossification (Onset),,65,Homo sapiens,2,Male+Female,"Strong RM. The order, time, and rate of ossification of the albino rat (Mus norvegicus albinus) skeleton. American Journal of Anatomy. 1925 Nov;36(2):313-55"
Basion-Prosthion reaches 70% of stable value,,1015.7,Homo sapiens,2,Male+Female,"Williams, Frank L'Engle. Heterochronic perturbations in the craniofacial evolution of Homo (Neandertals and modern humans) and Pan (P. troglodytes and P. paniscus). University of Massachusetts Amherst, 2001."
Basion-Prosthion reaches 80% of stable value,,2138.1,Homo sapiens,2,Male+Female,"Williams, Frank L'Engle. Heterochronic perturbations in the craniofacial evolution of Homo (Neandertals and modern humans) and Pan (P. troglodytes and P. paniscus). University of Massachusetts Amherst, 2001."
Basion-Prosthion reaches 90% of stable value,,3600.6,Homo sapiens,2,Male+Female,"Williams, Frank L'Engle. Heterochronic perturbations in the craniofacial evolution of Homo (Neandertals and modern humans) and Pan (P. troglodytes and P. paniscus). University of Massachusetts Amherst, 2001."
Basisphenoid ossification (Onset),,83,Homo sapiens,2,Male+Female,"Strong RM. The order, time, and rate of ossification of the albino rat (Mus norvegicus albinus) skeleton. American Journal of Anatomy. 1925 Nov;36(2):313-55"
Bicondylar Breadth reaches 70% of stable value,,1480.7,Homo sapiens,2,Male+Female,"Williams, Frank L'Engle. Heterochronic perturbations in the craniofacial evolution of Homo (Neandertals and modern humans) and Pan (P. troglodytes and P. paniscus). University of Massachusetts Amherst, 2001."
Bicondylar Breadth reaches 80% of stable value,,2802.7,Homo sapiens,2,Male+Female,"Williams, Frank L'Engle. Heterochronic perturbations in the craniofacial evolution of Homo (Neandertals and modern humans) and Pan (P. troglodytes and P. paniscus). University of Massachusetts Amherst, 2001."
Bicondylar Breadth reaches 90% of stable value,,4523.7,Homo sapiens,2,Male+Female,"Williams, Frank L'Engle. Heterochronic perturbations in the craniofacial evolution of Homo (Neandertals and modern humans) and Pan (P. troglodytes and P. paniscus). University of Massachusetts Amherst, 2001."
Biectomolare Breadth reaches 70% of stable value,,871.9,Homo sapiens,2,Male+Female,"Williams, Frank L'Engle. Heterochronic perturbations in the craniofacial evolution of Homo (Neandertals and modern humans) and Pan (P. troglodytes and P. paniscus). University of Massachusetts Amherst, 2001."
Biectomolare Breadth reaches 80% of stable value,,1779.3,Homo sapiens,2,Male+Female,"Williams, Frank L'Engle. Heterochronic perturbations in the craniofacial evolution of Homo (Neandertals and modern humans) and Pan (P. troglodytes and P. paniscus). University of Massachusetts Amherst, 2001."
Biectomolare Breadth reaches 90% of stable value,,2962.2,Homo sapiens,2,Male+Female,"Williams, Frank L'Engle. Heterochronic perturbations in the craniofacial evolution of Homo (Neandertals and modern humans) and Pan (P. troglodytes and P. paniscus). University of Massachusetts Amherst, 2001."
Bigonial Breadth reaches 70% of stable value,,1872,Homo sapiens,2,Male+Female,"Williams, Frank L'Engle. Heterochronic perturbations in the craniofacial evolution of Homo (Neandertals and modern humans) and Pan (P. troglodytes and P. paniscus). University of Massachusetts Amherst, 2001."
Bigonial Breadth reaches 80% of stable value,,3350.2,Homo sapiens,2,Male+Female,"Williams, Frank L'Engle. Heterochronic perturbations in the craniofacial evolution of Homo (Neandertals and modern humans) and Pan (P. troglodytes and P. paniscus). University of Massachusetts Amherst, 2001."
Bigonial Breadth reaches 90% of stable value,,5184.4,Homo sapiens,2,Male+Female,"Williams, Frank L'Engle. Heterochronic perturbations in the craniofacial evolution of Homo (Neandertals and modern humans) and Pan (P. troglodytes and P. paniscus). University of Massachusetts Amherst, 2001."
Biorbital Breadth reaches 70% of stable value,,430.2,Homo sapiens,2,Male+Female,"Williams, Frank L'Engle. Heterochronic perturbations in the craniofacial evolution of Homo (Neandertals and modern humans) and Pan (P. troglodytes and P. paniscus). University of Massachusetts Amherst, 2001."
Biorbital Breadth reaches 80% of stable value,,1599.7,Homo sapiens,2,Male+Female,"Williams, Frank L'Engle. Heterochronic perturbations in the craniofacial evolution of Homo (Neandertals and modern humans) and Pan (P. troglodytes and P. paniscus). University of Massachusetts Amherst, 2001."
Biorbital Breadth reaches 90% of stable value,,3123.9,Homo sapiens,2,Male+Female,"Williams, Frank L'Engle. Heterochronic perturbations in the craniofacial evolution of Homo (Neandertals and modern humans) and Pan (P. troglodytes and P. paniscus). University of Massachusetts Amherst, 2001."
Bizygomatic Breadth reaches 70% of stable value,,1343.8,Homo sapiens,2,Male+Female,"Williams, Frank L'Engle. Heterochronic perturbations in the craniofacial evolution of Homo (Neandertals and modern humans) and Pan (P. troglodytes and P. paniscus). University of Massachusetts Amherst, 2001."
Bizygomatic Breadth reaches 80% of stable value,,2646.9,Homo sapiens,2,Male+Female,"Williams, Frank L'Engle. Heterochronic perturbations in the craniofacial evolution of Homo (Neandertals and modern humans) and Pan (P. troglodytes and P. paniscus). University of Massachusetts Amherst, 2001."
Bizygomatic Breadth reaches 90% of stable value,,4344.9,Homo sapiens,2,Male+Female,"Williams, Frank L'Engle. Heterochronic perturbations in the craniofacial evolution of Homo (Neandertals and modern humans) and Pan (P. troglodytes and P. paniscus). University of Massachusetts Amherst, 2001."
Blastocyst stage,,4,Homo sapiens,2,Male+Female,"Noden DM, Lahunta AD. The embryology of domestic animals. Developmental mechanisms and malformations. Williams & Wilkins; 1985."
Body erect for 1+ minute,,508,Homo sapiens,2,Male+Female,"Brakke KE, Savage-Rumbaugh ES. Early postural behavior in Pan: Influences on development. Infant Behavior and Development. 1991 Jul 1;14(3):265-88."
Brachium Inferior Colliculus myelination (Onset),,266,Homo sapiens,2,Male+Female,"Workman AD, Charvet CJ, Clancy B, Darlington RB, Finlay BL. Modeling transformations of neurodevelopmental sequences across mammalian species. Journal of Neuroscience. 2013 Apr 24;33(17):7368-83."
Brain choroid plexus emerges,,24.5,Homo sapiens,2,Male+Female,"de Almeida da Anunciacao AR, Favaron PO, de Morais‐Pinto L, de Carvalho CM, dos Santos Martins D, Conei D, Del Sol M, Vásquez B, Miglino MA. Central nervous system development in rabbits (Oryctolagus cuniculus L. 1758). The Anatomical Record. 2021 Jun;304(6):1313-28."
Breathing (Onset),,70,Homo sapiens,2,Male+Female,"Kurjak A, Pooh RK, Merce LT, Carrera JM, Salihagic-Kadic A, Andonotopo W. Structural and functional early human development assessed by three-dimensional and four-dimensional sonography. Fertil Steril. 2005 Nov;84(5):1285-99. doi: 10.1016/j.fertnstert.2005.03.084. PMID: 16275217."
Breathing (Onset),,56.63,Homo sapiens,2,Male+Female,"Lüchinger, A., Hadders-Algra, M., van Kan, C. et al. Fetal Onset of General Movements. Pediatr Res 63, 191–195 (2008). https://doi.org/10.1203/PDR.0b013e31815ed03e"
Breathing (Onset),,72.1,Homo sapiens,2,Male+Female,"Lüchinger, A., Hadders-Algra, M., van Kan, C. et al. Fetal Onset of General Movements. Pediatr Res 63, 191–195 (2008). https://doi.org/10.1203/PDR.0b013e31815ed03e"
Calcaneal epiphysis ossification (Onset),Captive,2247.1,Homo sapiens,2,Female,"Blomquist, G. E. (2009). Brief communication: Methods of sequence heterochrony for describing modular developmental changes in human evolution. Am J Phys Anthropol, 138(2), 231-238."
Calcaneal epiphysis ossification (Onset),Captive,3007.5,Homo sapiens,2,Male,"Blomquist, G. E. (2009). Brief communication: Methods of sequence heterochrony for describing modular developmental changes in human evolution. Am J Phys Anthropol, 138(2), 231-238."
Canine crown calcification (Onset),,443,Homo sapiens,2,Male+Female,"Anemone RL, Mooney MP, Siegel MI. Longitudinal study of dental development in chimpanzees of known chronological age: implications for understanding the age at death of Plio-Pleistocene hominids. Am J Phys Anthropol. 1996 Jan;99(1):119-33. doi: 10.1002/(SICI)1096-8644(199601)99:1<119::AID-AJPA7>3.0.CO;2-W. PMID: 8928715."
Canine mandible crown formation,,1865.1,Homo sapiens,2,Male+Female,"Macho GA, Wood BA. 1995. The role of time and timing in hominid dental evolution. Evolutionary Anthropology: Issues, News, and Reviews 4(1): 17-31."
Canine mandible eruption,,4208.35,Homo sapiens,2,Female,"Del Cojo MB, López NG, Martínez MM, García MN, Nova D. Time and sequence of eruption of permanent teeth in Spanish children. Eur J Paediatr Dent. 2013 Feb;14(2):101-3."
Canine mandible eruption,,4306.9,Homo sapiens,2,Male,"Del Cojo MB, López NG, Martínez MM, García MN, Nova D. Time and sequence of eruption of permanent teeth in Spanish children. Eur J Paediatr Dent. 2013 Feb;14(2):101-3."
Canine mandible eruption,NA,4149.95,Homo sapiens,2,Male,"Hernández M, Espasa E, Boj J. Eruption chronology of the permanent dentition in Spanish children. Journal of Clinical Pediatric Dentistry. 2008 Jul 1;32(4):347-50."
Canine mandible eruption,NA,3836.05,Homo sapiens,2,Female,"Hernández M, Espasa E, Boj J. Eruption chronology of the permanent dentition in Spanish children. Journal of Clinical Pediatric Dentistry. 2008 Jul 1;32(4):347-50."
Canine mandible eruption,,3839.7,Homo sapiens,2,Female,"Holly Smith, B., Crummett, T.L. and Brandt, K.L., 1994. Ages of eruption of primate teeth: a compendium for aging individuals and comparing life histories. American journal of physical anthropology, 37(S19), pp.177-231."
Canine mandible eruption,,4109.8,Homo sapiens,2,Male,"Holly Smith, B., Crummett, T.L. and Brandt, K.L., 1994. Ages of eruption of primate teeth: a compendium for aging individuals and comparing life histories. American journal of physical anthropology, 37(S19), pp.177-231."
Canine mandible eruption,,3974.75,Homo sapiens,2,Male+Female,"Holly Smith, B., Crummett, T.L. and Brandt, K.L., 1994. Ages of eruption of primate teeth: a compendium for aging individuals and comparing life histories. American journal of physical anthropology, 37(S19), pp.177-231."
Canine mandible eruption,,4149.95,Homo sapiens,2,Male,"Kochhar R, Richardson A. The chronology and sequence of eruption of human permanent teeth in Northern Ireland. International Journal of Paediatric Dentistry. 1998 Dec;8(4):243-52."
Canine mandible eruption,,3879.85,Homo sapiens,2,Female,"Kochhar R, Richardson A. The chronology and sequence of eruption of human permanent teeth in Northern Ireland. International Journal of Paediatric Dentistry. 1998 Dec;8(4):243-52."
Canine mandible eruption,,3993,Homo sapiens,2,Male,"Nizam A, Naing L, Mokhtar N. Age and sequence of eruption of permanent teeth in Kelantan, north-eastern Malaysia. Clinical Oral Investigations. 2003 Dec;7(4):222-5."
Canine mandible eruption,,3737.5,Homo sapiens,2,Female,"Nizam A, Naing L, Mokhtar N. Age and sequence of eruption of permanent teeth in Kelantan, north-eastern Malaysia. Clinical Oral Investigations. 2003 Dec;7(4):222-5."
Canine mandible eruption,NA,3978.4,Homo sapiens,2,Female,Ramirez Rozzi F. Diversity in tooth eruption and life history in humans: illustration from a Pygmy population. Scientific Reports. 2016 Jun 16;6(1):27405.
Canine mandible eruption,NA,3788.6,Homo sapiens,2,Female,Ramirez Rozzi F. Diversity in tooth eruption and life history in humans: illustration from a Pygmy population. Scientific Reports. 2016 Jun 16;6(1):27405.
Canine mandible eruption,NA,3701,Homo sapiens,2,Female,Ramirez Rozzi F. Diversity in tooth eruption and life history in humans: illustration from a Pygmy population. Scientific Reports. 2016 Jun 16;6(1):27405.
Canine mandible eruption,NA,3905.4,Homo sapiens,2,Female,Ramirez Rozzi F. Diversity in tooth eruption and life history in humans: illustration from a Pygmy population. Scientific Reports. 2016 Jun 16;6(1):27405.
Canine mandible eruption,NA,3372.5,Homo sapiens,2,Female,Ramirez Rozzi F. Diversity in tooth eruption and life history in humans: illustration from a Pygmy population. Scientific Reports. 2016 Jun 16;6(1):27405.
Canine mandible eruption,NA,3920,Homo sapiens,2,Male+Female,Ramirez Rozzi F. Diversity in tooth eruption and life history in humans: illustration from a Pygmy population. Scientific Reports. 2016 Jun 16;6(1):27405.
Canine mandible eruption,NA,3357.9,Homo sapiens,2,Female,Ramirez Rozzi F. Diversity in tooth eruption and life history in humans: illustration from a Pygmy population. Scientific Reports. 2016 Jun 16;6(1):27405.
Canine mandible eruption,NA,4033.15,Homo sapiens,2,Male,Ramirez Rozzi F. Diversity in tooth eruption and life history in humans: illustration from a Pygmy population. Scientific Reports. 2016 Jun 16;6(1):27405.
Canine mandible eruption,NA,4120.75,Homo sapiens,2,Male,Ramirez Rozzi F. Diversity in tooth eruption and life history in humans: illustration from a Pygmy population. Scientific Reports. 2016 Jun 16;6(1):27405.
Canine mandible eruption,NA,4102.5,Homo sapiens,2,Male,Ramirez Rozzi F. Diversity in tooth eruption and life history in humans: illustration from a Pygmy population. Scientific Reports. 2016 Jun 16;6(1):27405.
Canine mandible eruption,NA,3905.4,Homo sapiens,2,Male,Ramirez Rozzi F. Diversity in tooth eruption and life history in humans: illustration from a Pygmy population. Scientific Reports. 2016 Jun 16;6(1):27405.
Canine mandible eruption,NA,3956.5,Homo sapiens,2,Male,Ramirez Rozzi F. Diversity in tooth eruption and life history in humans: illustration from a Pygmy population. Scientific Reports. 2016 Jun 16;6(1):27405.
Canine mandible eruption,NA,3701,Homo sapiens,2,Male,Ramirez Rozzi F. Diversity in tooth eruption and life history in humans: illustration from a Pygmy population. Scientific Reports. 2016 Jun 16;6(1):27405.
Canine maxilla eruption,,4589.78,Homo sapiens,2,Female,"Del Cojo MB, López NG, Martínez MM, García MN, Nova D. Time and sequence of eruption of permanent teeth in Spanish children. Eur J Paediatr Dent. 2013 Feb;14(2):101-3."
Canine maxilla eruption,,4622.63,Homo sapiens,2,Male,"Del Cojo MB, López NG, Martínez MM, García MN, Nova D. Time and sequence of eruption of permanent teeth in Spanish children. Eur J Paediatr Dent. 2013 Feb;14(2):101-3."
Canine maxilla eruption,NA,4507.65,Homo sapiens,2,Male,"Hernández M, Espasa E, Boj J. Eruption chronology of the permanent dentition in Spanish children. Journal of Clinical Pediatric Dentistry. 2008 Jul 1;32(4):347-50."
Canine maxilla eruption,NA,4261.275,Homo sapiens,2,Female,"Hernández M, Espasa E, Boj J. Eruption chronology of the permanent dentition in Spanish children. Journal of Clinical Pediatric Dentistry. 2008 Jul 1;32(4):347-50."
Canine maxilla eruption,,4146.3,Homo sapiens,2,Female,"Holly Smith, B., Crummett, T.L. and Brandt, K.L., 1994. Ages of eruption of primate teeth: a compendium for aging individuals and comparing life histories. American journal of physical anthropology, 37(S19), pp.177-231."
Canine maxilla eruption,,4390.9,Homo sapiens,2,Male,"Holly Smith, B., Crummett, T.L. and Brandt, K.L., 1994. Ages of eruption of primate teeth: a compendium for aging individuals and comparing life histories. American journal of physical anthropology, 37(S19), pp.177-231."
Canine maxilla eruption,,4268.6,Homo sapiens,2,Male+Female,"Holly Smith, B., Crummett, T.L. and Brandt, K.L., 1994. Ages of eruption of primate teeth: a compendium for aging individuals and comparing life histories. American journal of physical anthropology, 37(S19), pp.177-231."
Canine maxilla eruption,,4405.45,Homo sapiens,2,Male,"Kochhar R, Richardson A. The chronology and sequence of eruption of human permanent teeth in Northern Ireland. International Journal of Paediatric Dentistry. 1998 Dec;8(4):243-52."
Canine maxilla eruption,,4285,Homo sapiens,2,Female,"Kochhar R, Richardson A. The chronology and sequence of eruption of human permanent teeth in Northern Ireland. International Journal of Paediatric Dentistry. 1998 Dec;8(4):243-52."
Canine maxilla eruption,,4285,Homo sapiens,2,Male,"Nizam A, Naing L, Mokhtar N. Age and sequence of eruption of permanent teeth in Kelantan, north-eastern Malaysia. Clinical Oral Investigations. 2003 Dec;7(4):222-5."
Canine maxilla eruption,,4102.5,Homo sapiens,2,Female,"Nizam A, Naing L, Mokhtar N. Age and sequence of eruption of permanent teeth in Kelantan, north-eastern Malaysia. Clinical Oral Investigations. 2003 Dec;7(4):222-5."
Canine maxilla eruption,NA,4018.55,Homo sapiens,2,Female,Ramirez Rozzi F. Diversity in tooth eruption and life history in humans: illustration from a Pygmy population. Scientific Reports. 2016 Jun 16;6(1):27405.
Canine maxilla eruption,NA,4124.4,Homo sapiens,2,Female,Ramirez Rozzi F. Diversity in tooth eruption and life history in humans: illustration from a Pygmy population. Scientific Reports. 2016 Jun 16;6(1):27405.
Canine maxilla eruption,NA,3920,Homo sapiens,2,Female,Ramirez Rozzi F. Diversity in tooth eruption and life history in humans: illustration from a Pygmy population. Scientific Reports. 2016 Jun 16;6(1):27405.
Canine maxilla eruption,NA,4014.9,Homo sapiens,2,Female,Ramirez Rozzi F. Diversity in tooth eruption and life history in humans: illustration from a Pygmy population. Scientific Reports. 2016 Jun 16;6(1):27405.
Canine maxilla eruption,NA,3810.5,Homo sapiens,2,Female,Ramirez Rozzi F. Diversity in tooth eruption and life history in humans: illustration from a Pygmy population. Scientific Reports. 2016 Jun 16;6(1):27405.
Canine maxilla eruption,NA,4285,Homo sapiens,2,Male+Female,Ramirez Rozzi F. Diversity in tooth eruption and life history in humans: illustration from a Pygmy population. Scientific Reports. 2016 Jun 16;6(1):27405.
Canine maxilla eruption,NA,3529.45,Homo sapiens,2,Female,Ramirez Rozzi F. Diversity in tooth eruption and life history in humans: illustration from a Pygmy population. Scientific Reports. 2016 Jun 16;6(1):27405.
Canine maxilla eruption,NA,4219.3,Homo sapiens,2,Male,Ramirez Rozzi F. Diversity in tooth eruption and life history in humans: illustration from a Pygmy population. Scientific Reports. 2016 Jun 16;6(1):27405.
Canine maxilla eruption,NA,4390.85,Homo sapiens,2,Male,Ramirez Rozzi F. Diversity in tooth eruption and life history in humans: illustration from a Pygmy population. Scientific Reports. 2016 Jun 16;6(1):27405.
Canine maxilla eruption,NA,4248.5,Homo sapiens,2,Male,Ramirez Rozzi F. Diversity in tooth eruption and life history in humans: illustration from a Pygmy population. Scientific Reports. 2016 Jun 16;6(1):27405.
Canine maxilla eruption,NA,4259.45,Homo sapiens,2,Male,Ramirez Rozzi F. Diversity in tooth eruption and life history in humans: illustration from a Pygmy population. Scientific Reports. 2016 Jun 16;6(1):27405.
Canine maxilla eruption,NA,4102.5,Homo sapiens,2,Male,Ramirez Rozzi F. Diversity in tooth eruption and life history in humans: illustration from a Pygmy population. Scientific Reports. 2016 Jun 16;6(1):27405.
Canine maxilla eruption,NA,3755.75,Homo sapiens,2,Male,Ramirez Rozzi F. Diversity in tooth eruption and life history in humans: illustration from a Pygmy population. Scientific Reports. 2016 Jun 16;6(1):27405.
Canines eruption,,4464.764999999999,Homo sapiens,2,Male,"Del Cojo MB, López NG, Martínez MM, García MN, Nova D. Time and sequence of eruption of permanent teeth in Spanish children. Eur J Paediatr Dent. 2013 Feb;14(2):101-3."
Canines eruption,,4399.065000000001,Homo sapiens,2,Female,"Del Cojo MB, López NG, Martínez MM, García MN, Nova D. Time and sequence of eruption of permanent teeth in Spanish children. Eur J Paediatr Dent. 2013 Feb;14(2):101-3."
Canines eruption,,4328.799999999999,Homo sapiens,2,Male,"Hernández M, Espasa E, Boj J. Eruption chronology of the permanent dentition in Spanish children. Journal of Clinical Pediatric Dentistry. 2008 Jul 1;32(4):347-50."
Canines eruption,,4048.655,Homo sapiens,2,Female,"Hernández M, Espasa E, Boj J. Eruption chronology of the permanent dentition in Spanish children. Journal of Clinical Pediatric Dentistry. 2008 Jul 1;32(4):347-50."
Canines eruption,,4277.7,Homo sapiens,2,Male,"Kochhar R, Richardson A. The chronology and sequence of eruption of human permanent teeth in Northern Ireland. International Journal of Paediatric Dentistry. 1998 Dec;8(4):243-52."
Canines eruption,,4082.425,Homo sapiens,2,Female,"Kochhar R, Richardson A. The chronology and sequence of eruption of human permanent teeth in Northern Ireland. International Journal of Paediatric Dentistry. 1998 Dec;8(4):243-52."
Canines eruption,,4139,Homo sapiens,2,Male,"Nizam A, Naing L, Mokhtar N. Age and sequence of eruption of permanent teeth in Kelantan, north-eastern Malaysia. Clinical Oral Investigations. 2003 Dec;7(4):222-5."
Canines eruption,,3920,Homo sapiens,2,Female,"Nizam A, Naing L, Mokhtar N. Age and sequence of eruption of permanent teeth in Kelantan, north-eastern Malaysia. Clinical Oral Investigations. 2003 Dec;7(4):222-5."
Canines eruption,,3998.475,Homo sapiens,2,Female,Ramirez Rozzi F. Diversity in tooth eruption and life history in humans: illustration from a Pygmy population. Scientific Reports. 2016 Jun 16;6(1):27405.
Canines eruption,,3956.5,Homo sapiens,2,Female,Ramirez Rozzi F. Diversity in tooth eruption and life history in humans: illustration from a Pygmy population. Scientific Reports. 2016 Jun 16;6(1):27405.
Canines eruption,,3810.5,Homo sapiens,2,Female,Ramirez Rozzi F. Diversity in tooth eruption and life history in humans: illustration from a Pygmy population. Scientific Reports. 2016 Jun 16;6(1):27405.
Canines eruption,,3960.15,Homo sapiens,2,Female,Ramirez Rozzi F. Diversity in tooth eruption and life history in humans: illustration from a Pygmy population. Scientific Reports. 2016 Jun 16;6(1):27405.
Canines eruption,,3591.5,Homo sapiens,2,Female,Ramirez Rozzi F. Diversity in tooth eruption and life history in humans: illustration from a Pygmy population. Scientific Reports. 2016 Jun 16;6(1):27405.
Canines eruption,,4102.5,Homo sapiens,2,Male+Female,Ramirez Rozzi F. Diversity in tooth eruption and life history in humans: illustration from a Pygmy population. Scientific Reports. 2016 Jun 16;6(1):27405.
Canines eruption,,3443.675,Homo sapiens,2,Female,Ramirez Rozzi F. Diversity in tooth eruption and life history in humans: illustration from a Pygmy population. Scientific Reports. 2016 Jun 16;6(1):27405.
Canines eruption,,4126.225,Homo sapiens,2,Male,Ramirez Rozzi F. Diversity in tooth eruption and life history in humans: illustration from a Pygmy population. Scientific Reports. 2016 Jun 16;6(1):27405.
Canines eruption,,4255.8,Homo sapiens,2,Male,Ramirez Rozzi F. Diversity in tooth eruption and life history in humans: illustration from a Pygmy population. Scientific Reports. 2016 Jun 16;6(1):27405.
Canines eruption,,4175.5,Homo sapiens,2,Male,Ramirez Rozzi F. Diversity in tooth eruption and life history in humans: illustration from a Pygmy population. Scientific Reports. 2016 Jun 16;6(1):27405.
Canines eruption,,4082.425,Homo sapiens,2,Male,Ramirez Rozzi F. Diversity in tooth eruption and life history in humans: illustration from a Pygmy population. Scientific Reports. 2016 Jun 16;6(1):27405.
Canines eruption,,4029.5,Homo sapiens,2,Male,Ramirez Rozzi F. Diversity in tooth eruption and life history in humans: illustration from a Pygmy population. Scientific Reports. 2016 Jun 16;6(1):27405.
Canines eruption,,3728.375,Homo sapiens,2,Male,Ramirez Rozzi F. Diversity in tooth eruption and life history in humans: illustration from a Pygmy population. Scientific Reports. 2016 Jun 16;6(1):27405.
Canine root calcification (Offset),,4859,Homo sapiens,2,Male+Female,"Anemone RL, Mooney MP, Siegel MI. Longitudinal study of dental development in chimpanzees of known chronological age: implications for understanding the age at death of Plio-Pleistocene hominids. Am J Phys Anthropol. 1996 Jan;99(1):119-33. doi: 10.1002/(SICI)1096-8644(199601)99:1<119::AID-AJPA7>3.0.CO;2-W. PMID: 8928715."
Canine root calcification (Onset),,1873,Homo sapiens,2,Male+Female,"Anemone RL, Mooney MP, Siegel MI. Longitudinal study of dental development in chimpanzees of known chronological age: implications for understanding the age at death of Plio-Pleistocene hominids. Am J Phys Anthropol. 1996 Jan;99(1):119-33. doi: 10.1002/(SICI)1096-8644(199601)99:1<119::AID-AJPA7>3.0.CO;2-W. PMID: 8928715."
Capitate ossification (Onset),Captive,330.83,Homo sapiens,2,Female,"Blomquist, G. E. (2009). Brief communication: Methods of sequence heterochrony for describing modular developmental changes in human evolution. Am J Phys Anthropol, 138(2), 231-238."
Capitate ossification (Onset),Captive,361.25,Homo sapiens,2,Male,"Blomquist, G. E. (2009). Brief communication: Methods of sequence heterochrony for describing modular developmental changes in human evolution. Am J Phys Anthropol, 138(2), 231-238."
Capitate ossification (Onset),,570,Homo sapiens,2,Male+Female,"Prochel J, Vogel P, Sánchez-Villagra MR. Hand development and sequence of ossification in the forelimb of the European shrew Crocidura russula (Soricidae) and comparisons across therian mammals. J Anat. 2004 Aug;205(2):99-111. doi: 10.1111/j.0021-8782.2004.00321.x. PMID: 15291793; PMCID: PMC1571333."
Capitulum ossification (Onset),Captive,391.67,Homo sapiens,2,Female,"Blomquist, G. E. (2009). Brief communication: Methods of sequence heterochrony for describing modular developmental changes in human evolution. Am J Phys Anthropol, 138(2), 231-238."
Capitulum ossification (Onset),Captive,452.5,Homo sapiens,2,Male,"Blomquist, G. E. (2009). Brief communication: Methods of sequence heterochrony for describing modular developmental changes in human evolution. Am J Phys Anthropol, 138(2), 231-238."
Cardiac crescent emerges,,20,Homo sapiens,2,Male+Female,"Marcela SG, Cristina RM, Angel PG, Manuel AM, Sofía DC, Patricia DL, Bladimir RR, Concepción SG. Chronological and morphological study of heart development in the rat. The Anatomical Record: Advances in Integrative Anatomy and Evolutionary Biology. 2012 Aug;295(8):1267-90."
Cataract prevalence reaches 10%,,21494.75,Homo sapiens,2,Female,"Waudby, C. J., Berg, R. L., Linneman, J. G., Rasmussen, L. V., Peissig, P. L., Chen, L., & McCarty, C. A. (2011). Cataract research using electronic health records. BMC ophthalmology, 11, 1-15."
Cataract prevalence reaches 10%,,21644.4,Homo sapiens,2,Male,"Waudby, C. J., Berg, R. L., Linneman, J. G., Rasmussen, L. V., Peissig, P. L., Chen, L., & McCarty, C. A. (2011). Cataract research using electronic health records. BMC ophthalmology, 11, 1-15."
Cataract prevalence reaches 20%,,23739.5,Homo sapiens,2,Female,"Waudby, C. J., Berg, R. L., Linneman, J. G., Rasmussen, L. V., Peissig, P. L., Chen, L., & McCarty, C. A. (2011). Cataract research using electronic health records. BMC ophthalmology, 11, 1-15."
Cataract prevalence reaches 20%,,24389.2,Homo sapiens,2,Male,"Waudby, C. J., Berg, R. L., Linneman, J. G., Rasmussen, L. V., Peissig, P. L., Chen, L., & McCarty, C. A. (2011). Cataract research using electronic health records. BMC ophthalmology, 11, 1-15."
Cataract prevalence reaches 30%,,25356.45,Homo sapiens,2,Female,"Waudby, C. J., Berg, R. L., Linneman, J. G., Rasmussen, L. V., Peissig, P. L., Chen, L., & McCarty, C. A. (2011). Cataract research using electronic health records. BMC ophthalmology, 11, 1-15."
Cataract prevalence reaches 30%,,26195.95,Homo sapiens,2,Male,"Waudby, C. J., Berg, R. L., Linneman, J. G., Rasmussen, L. V., Peissig, P. L., Chen, L., & McCarty, C. A. (2011). Cataract research using electronic health records. BMC ophthalmology, 11, 1-15."
Cataract prevalence reaches 40%,,26608.4,Homo sapiens,2,Female,"Waudby, C. J., Berg, R. L., Linneman, J. G., Rasmussen, L. V., Peissig, P. L., Chen, L., & McCarty, C. A. (2011). Cataract research using electronic health records. BMC ophthalmology, 11, 1-15."
Cataract prevalence reaches 40%,,27692.45,Homo sapiens,2,Male,"Waudby, C. J., Berg, R. L., Linneman, J. G., Rasmussen, L. V., Peissig, P. L., Chen, L., & McCarty, C. A. (2011). Cataract research using electronic health records. BMC ophthalmology, 11, 1-15."
Cataract prevalence reaches 50%,,27780.05,Homo sapiens,2,Female,"Waudby, C. J., Berg, R. L., Linneman, J. G., Rasmussen, L. V., Peissig, P. L., Chen, L., & McCarty, C. A. (2011). Cataract research using electronic health records. BMC ophthalmology, 11, 1-15."
Cataract prevalence reaches 50%,,29115.95,Homo sapiens,2,Male,"Waudby, C. J., Berg, R. L., Linneman, J. G., Rasmussen, L. V., Peissig, P. L., Chen, L., & McCarty, C. A. (2011). Cataract research using electronic health records. BMC ophthalmology, 11, 1-15."
Cataract prevalence reaches 60%,,28973.6,Homo sapiens,2,Female,"Waudby, C. J., Berg, R. L., Linneman, J. G., Rasmussen, L. V., Peissig, P. L., Chen, L., & McCarty, C. A. (2011). Cataract research using electronic health records. BMC ophthalmology, 11, 1-15."
Cataract prevalence reaches 60%,,30404.4,Homo sapiens,2,Male,"Waudby, C. J., Berg, R. L., Linneman, J. G., Rasmussen, L. V., Peissig, P. L., Chen, L., & McCarty, C. A. (2011). Cataract research using electronic health records. BMC ophthalmology, 11, 1-15."
Cataract prevalence reaches 70%,,30240.15,Homo sapiens,2,Female,"Waudby, C. J., Berg, R. L., Linneman, J. G., Rasmussen, L. V., Peissig, P. L., Chen, L., & McCarty, C. A. (2011). Cataract research using electronic health records. BMC ophthalmology, 11, 1-15."
Cataract with diabetes prevalence reaches 50%,,26367.5,Homo sapiens,2,Female,"Waudby, C. J., Berg, R. L., Linneman, J. G., Rasmussen, L. V., Peissig, P. L., Chen, L., & McCarty, C. A. (2011). Cataract research using electronic health records. BMC ophthalmology, 11, 1-15."
Cataract with diabetes prevalence reaches 50%,,23009.5,Homo sapiens,2,Male,"Waudby, C. J., Berg, R. L., Linneman, J. G., Rasmussen, L. V., Peissig, P. L., Chen, L., & McCarty, C. A. (2011). Cataract research using electronic health records. BMC ophthalmology, 11, 1-15."
Cerebellar primordium emerges,,32,Homo sapiens,2,Male+Female,"de Almeida da Anunciacao AR, Favaron PO, de Morais‐Pinto L, de Carvalho CM, dos Santos Martins D, Conei D, Del Sol M, Vásquez B, Miglino MA. Central nervous system development in rabbits (Oryctolagus cuniculus L. 1758). The Anatomical Record. 2021 Jun;304(6):1313-28."
Cerebral cortex gyrification: Major Sulci Appearance,,210,Homo sapiens,2,Male+Female,"Khan S, Vasung L, Marami B, Rollins CK, Afacan O, Ortinau CM, Yang E, Warfield SK, Gholipour A. Fetal brain growth portrayed by a spatiotemporal diffusion tensor MRI atlas computed from in utero images. Neuroimage. 2019 Jan 15;185:593-608. doi: 10.1016/j.neuroimage.2018.08.030. Epub 2018 Aug 30. PMID: 30172006; PMCID: PMC6289660."
Ciliary ganglion present,,37,Homo sapiens,2,Male+Female,"Van Cruchten, S., Vrolyk, V., Perron Lepage, M. F., Baudon, M., Voute, H., Schoofs, S., Haruna, J., Benoit-Biancamano, M. O., Ruot, B., & Allegaert, K. (2017). Pre- and Postnatal Development of the Eye: A Common_name Comparison. Birth defects research, 109(19), 1540–1567. https://doi.org/10.1002/bdr2.1100"
Cingulum myelination (Onset),,329,Homo sapiens,2,Male+Female,"Workman AD, Charvet CJ, Clancy B, Darlington RB, Finlay BL. Modeling transformations of neurodevelopmental sequences across mammalian species. Journal of Neuroscience. 2013 Apr 24;33(17):7368-83."
Climb,,903,Homo sapiens,2,Male+Female,"Bründl AC, Tkaczynski PJ, Nohon Kohou G, Boesch C, Wittig RM, Crockford C. Systematic mapping of developmental milestones in wild chimpanzees Dev Sci. In Press. 2020;e12988. doi:10.1111/desc.12988"
Completion of membranous/inlet ventricular septum formation,,60,Homo sapiens,2,Male+Female,"Krishnan A, Samtani R, Dhanantwari P, Lee E, Yamada S, Shiota K, Donofrio MT, Leatherbury L, Lo CW. A detailed comparison of mouse and human cardiac development. Pediatric research. 2014 Dec;76(6):500-7."
Contour lens/iris,,33,Homo sapiens,2,Male+Female,"Cordero GA, Sánchez-Villagra MR, Werneburg I. An irregular hourglass pattern describes the tempo of phenotypic development in placental mammal evolution. Biology letters. 2020 May 27;16(5):20200087."
Corpus callosum appearance,,81,Homo sapiens,2,Male+Female,"Workman AD, Charvet CJ, Clancy B, Darlington RB, Finlay BL. Modeling transformations of neurodevelopmental sequences across mammalian species. Journal of Neuroscience. 2013 Apr 24;33(17):7368-83."
Corpus callosum area reaches adult volume,,908.75,Homo sapiens,2,Male+Female,"Charvet CJ, Das A, Song JW, Tindal-Burgess DJ, Kabaria P, Dai G, Kane T, Takahashi E. High Angular Resolution Diffusion MRI Reveals Conserved and Deviant Programs in the Paths that Guide Human Cortical Circuitry. Cereb Cortex. 2020 Mar 14;30(3):1447-1464. doi: 10.1093/cercor/bhz178. PMID: 31667494; PMCID: PMC7132938."
Corpus Callosum Body myelination (Offset),,735,Homo sapiens,2,Male+Female,"Workman AD, Charvet CJ, Clancy B, Darlington RB, Finlay BL. Modeling transformations of neurodevelopmental sequences across mammalian species. Journal of Neuroscience. 2013 Apr 24;33(17):7368-83."
Corpus Callosum Body myelination (Onset),,350,Homo sapiens,2,Male+Female,"Workman AD, Charvet CJ, Clancy B, Darlington RB, Finlay BL. Modeling transformations of neurodevelopmental sequences across mammalian species. Journal of Neuroscience. 2013 Apr 24;33(17):7368-83."
Corpus Height reaches 70% of stable value,,2480.4,Homo sapiens,2,Male+Female,"Williams, Frank L'Engle. Heterochronic perturbations in the craniofacial evolution of Homo (Neandertals and modern humans) and Pan (P. troglodytes and P. paniscus). University of Massachusetts Amherst, 2001."
Corpus Height reaches 80% of stable value,,3610.8,Homo sapiens,2,Male+Female,"Williams, Frank L'Engle. Heterochronic perturbations in the craniofacial evolution of Homo (Neandertals and modern humans) and Pan (P. troglodytes and P. paniscus). University of Massachusetts Amherst, 2001."
Corpus Height reaches 90% of stable value,,5081.8,Homo sapiens,2,Male+Female,"Williams, Frank L'Engle. Heterochronic perturbations in the craniofacial evolution of Homo (Neandertals and modern humans) and Pan (P. troglodytes and P. paniscus). University of Massachusetts Amherst, 2001."
Corresponding RNA sequencing bpio timepoint 32,,515.473,Homo sapiens,2,Male+Female,"Liu X, Han D, Somel M, Jiang X, Hu H, Guijarro P, Zhang N, Mitchell A, Halene T, Ely JJ, Sherwood CC. Disruption of an evolutionarily novel synaptic expression pattern in autism. PLoS biology. 2016 Sep;14(9)."
Corresponding RNA sequencing bpio timepoint 33,,332.07,Homo sapiens,2,Male+Female,"Liu X, Han D, Somel M, Jiang X, Hu H, Guijarro P, Zhang N, Mitchell A, Halene T, Ely JJ, Sherwood CC. Disruption of an evolutionarily novel synaptic expression pattern in autism. PLoS biology. 2016 Sep;14(9)."
Corresponding RNA sequencing bpio timepoint 34,,205.738,Homo sapiens,2,Male+Female,"Liu X, Han D, Somel M, Jiang X, Hu H, Guijarro P, Zhang N, Mitchell A, Halene T, Ely JJ, Sherwood CC. Disruption of an evolutionarily novel synaptic expression pattern in autism. PLoS biology. 2016 Sep;14(9)."
Corresponding RNA sequencing bpio timepoint 35,,481.891,Homo sapiens,2,Male+Female,"Liu X, Han D, Somel M, Jiang X, Hu H, Guijarro P, Zhang N, Mitchell A, Halene T, Ely JJ, Sherwood CC. Disruption of an evolutionarily novel synaptic expression pattern in autism. PLoS biology. 2016 Sep;14(9)."
Corresponding RNA sequencing bpio timepoint 36,,591.002,Homo sapiens,2,Male+Female,"Liu X, Han D, Somel M, Jiang X, Hu H, Guijarro P, Zhang N, Mitchell A, Halene T, Ely JJ, Sherwood CC. Disruption of an evolutionarily novel synaptic expression pattern in autism. PLoS biology. 2016 Sep;14(9)."
Corresponding RNA sequencing bpio timepoint 37,,488.08,Homo sapiens,2,Male+Female,"Liu X, Han D, Somel M, Jiang X, Hu H, Guijarro P, Zhang N, Mitchell A, Halene T, Ely JJ, Sherwood CC. Disruption of an evolutionarily novel synaptic expression pattern in autism. PLoS biology. 2016 Sep;14(9)."
Corresponding RNA sequencing bpio timepoint 38,,396.425,Homo sapiens,2,Male+Female,"Liu X, Han D, Somel M, Jiang X, Hu H, Guijarro P, Zhang N, Mitchell A, Halene T, Ely JJ, Sherwood CC. Disruption of an evolutionarily novel synaptic expression pattern in autism. PLoS biology. 2016 Sep;14(9)."
Corresponding RNA sequencing bpio timepoint 39,,1929.29,Homo sapiens,2,Male+Female,"Liu X, Han D, Somel M, Jiang X, Hu H, Guijarro P, Zhang N, Mitchell A, Halene T, Ely JJ, Sherwood CC. Disruption of an evolutionarily novel synaptic expression pattern in autism. PLoS biology. 2016 Sep;14(9)."
Corresponding RNA sequencing bpio timepoint 40,,7134.62,Homo sapiens,2,Male+Female,"Liu X, Han D, Somel M, Jiang X, Hu H, Guijarro P, Zhang N, Mitchell A, Halene T, Ely JJ, Sherwood CC. Disruption of an evolutionarily novel synaptic expression pattern in autism. PLoS biology. 2016 Sep;14(9)."
Corresponding RNA sequencing bpio timepoint 41,,11512.8,Homo sapiens,2,Male+Female,"Liu X, Han D, Somel M, Jiang X, Hu H, Guijarro P, Zhang N, Mitchell A, Halene T, Ely JJ, Sherwood CC. Disruption of an evolutionarily novel synaptic expression pattern in autism. PLoS biology. 2016 Sep;14(9)."
Corresponding RNA sequencing bpio timepoint 42,,8652.76,Homo sapiens,2,Male+Female,"Liu X, Han D, Somel M, Jiang X, Hu H, Guijarro P, Zhang N, Mitchell A, Halene T, Ely JJ, Sherwood CC. Disruption of an evolutionarily novel synaptic expression pattern in autism. PLoS biology. 2016 Sep;14(9)."
Corresponding RNA sequencing bpio timepoint 43,,8124.96,Homo sapiens,2,Male+Female,"Liu X, Han D, Somel M, Jiang X, Hu H, Guijarro P, Zhang N, Mitchell A, Halene T, Ely JJ, Sherwood CC. Disruption of an evolutionarily novel synaptic expression pattern in autism. PLoS biology. 2016 Sep;14(9)."
Corresponding RNA sequencing bpio timepoint 44,,10515,Homo sapiens,2,Male+Female,"Liu X, Han D, Somel M, Jiang X, Hu H, Guijarro P, Zhang N, Mitchell A, Halene T, Ely JJ, Sherwood CC. Disruption of an evolutionarily novel synaptic expression pattern in autism. PLoS biology. 2016 Sep;14(9)."
Corresponding RNA sequencing bpio timepoint 45,,8310.44,Homo sapiens,2,Male+Female,"Liu X, Han D, Somel M, Jiang X, Hu H, Guijarro P, Zhang N, Mitchell A, Halene T, Ely JJ, Sherwood CC. Disruption of an evolutionarily novel synaptic expression pattern in autism. PLoS biology. 2016 Sep;14(9)."
Corresponding RNA sequencing bpio timepoint 46,,7725.15,Homo sapiens,2,Male+Female,"Liu X, Han D, Somel M, Jiang X, Hu H, Guijarro P, Zhang N, Mitchell A, Halene T, Ely JJ, Sherwood CC. Disruption of an evolutionarily novel synaptic expression pattern in autism. PLoS biology. 2016 Sep;14(9)."
Corresponding RNA sequencing bpio timepoint 47,,10359.7,Homo sapiens,2,Male+Female,"Liu X, Han D, Somel M, Jiang X, Hu H, Guijarro P, Zhang N, Mitchell A, Halene T, Ely JJ, Sherwood CC. Disruption of an evolutionarily novel synaptic expression pattern in autism. PLoS biology. 2016 Sep;14(9)."
Corresponding RNA sequencing bpio timepoint 48,,10178.1,Homo sapiens,2,Male+Female,"Liu X, Han D, Somel M, Jiang X, Hu H, Guijarro P, Zhang N, Mitchell A, Halene T, Ely JJ, Sherwood CC. Disruption of an evolutionarily novel synaptic expression pattern in autism. PLoS biology. 2016 Sep;14(9)."
Corresponding RNA sequencing bpio timepoint 49,,8159.66,Homo sapiens,2,Male+Female,"Liu X, Han D, Somel M, Jiang X, Hu H, Guijarro P, Zhang N, Mitchell A, Halene T, Ely JJ, Sherwood CC. Disruption of an evolutionarily novel synaptic expression pattern in autism. PLoS biology. 2016 Sep;14(9)."
Corresponding RNA sequencing bpio timepoint 50,,8560.58,Homo sapiens,2,Male+Female,"Liu X, Han D, Somel M, Jiang X, Hu H, Guijarro P, Zhang N, Mitchell A, Halene T, Ely JJ, Sherwood CC. Disruption of an evolutionarily novel synaptic expression pattern in autism. PLoS biology. 2016 Sep;14(9)."
Corresponding RNA sequencing bpio timepoint 51,,10865.6,Homo sapiens,2,Male+Female,"Liu X, Han D, Somel M, Jiang X, Hu H, Guijarro P, Zhang N, Mitchell A, Halene T, Ely JJ, Sherwood CC. Disruption of an evolutionarily novel synaptic expression pattern in autism. PLoS biology. 2016 Sep;14(9)."
Corresponding RNA sequencing bpio timepoint 52,,12672.2,Homo sapiens,2,Male+Female,"Liu X, Han D, Somel M, Jiang X, Hu H, Guijarro P, Zhang N, Mitchell A, Halene T, Ely JJ, Sherwood CC. Disruption of an evolutionarily novel synaptic expression pattern in autism. PLoS biology. 2016 Sep;14(9)."
Corresponding RNA sequencing bpio timepoint 53,,6610.08,Homo sapiens,2,Male+Female,"Liu X, Han D, Somel M, Jiang X, Hu H, Guijarro P, Zhang N, Mitchell A, Halene T, Ely JJ, Sherwood CC. Disruption of an evolutionarily novel synaptic expression pattern in autism. PLoS biology. 2016 Sep;14(9)."
Corresponding RNA sequencing bpio timepoint 54,,6873.64,Homo sapiens,2,Male+Female,"Liu X, Han D, Somel M, Jiang X, Hu H, Guijarro P, Zhang N, Mitchell A, Halene T, Ely JJ, Sherwood CC. Disruption of an evolutionarily novel synaptic expression pattern in autism. PLoS biology. 2016 Sep;14(9)."
Corresponding RNA sequencing bpio timepoint 55,,8351.05,Homo sapiens,2,Male+Female,"Liu X, Han D, Somel M, Jiang X, Hu H, Guijarro P, Zhang N, Mitchell A, Halene T, Ely JJ, Sherwood CC. Disruption of an evolutionarily novel synaptic expression pattern in autism. PLoS biology. 2016 Sep;14(9)."
Corresponding RNA sequencing bpio timepoint 56,,9803.49,Homo sapiens,2,Male+Female,"Liu X, Han D, Somel M, Jiang X, Hu H, Guijarro P, Zhang N, Mitchell A, Halene T, Ely JJ, Sherwood CC. Disruption of an evolutionarily novel synaptic expression pattern in autism. PLoS biology. 2016 Sep;14(9)."
Corresponding RNA sequencing bpio timepoint 57,,10288.2,Homo sapiens,2,Male+Female,"Liu X, Han D, Somel M, Jiang X, Hu H, Guijarro P, Zhang N, Mitchell A, Halene T, Ely JJ, Sherwood CC. Disruption of an evolutionarily novel synaptic expression pattern in autism. PLoS biology. 2016 Sep;14(9)."
Corresponding RNA sequencing bpio timepoint 58,,10608.8,Homo sapiens,2,Male+Female,"Liu X, Han D, Somel M, Jiang X, Hu H, Guijarro P, Zhang N, Mitchell A, Halene T, Ely JJ, Sherwood CC. Disruption of an evolutionarily novel synaptic expression pattern in autism. PLoS biology. 2016 Sep;14(9)."
Corresponding RNA sequencing bpio timepoint 59,,12040.3,Homo sapiens,2,Male+Female,"Liu X, Han D, Somel M, Jiang X, Hu H, Guijarro P, Zhang N, Mitchell A, Halene T, Ely JJ, Sherwood CC. Disruption of an evolutionarily novel synaptic expression pattern in autism. PLoS biology. 2016 Sep;14(9)."
Corresponding RNA sequencing bpio timepoint 60,,9057.66,Homo sapiens,2,Male+Female,"Liu X, Han D, Somel M, Jiang X, Hu H, Guijarro P, Zhang N, Mitchell A, Halene T, Ely JJ, Sherwood CC. Disruption of an evolutionarily novel synaptic expression pattern in autism. PLoS biology. 2016 Sep;14(9)."
Corresponding RNA sequencing bpio timepoint 61,,8513.7,Homo sapiens,2,Male+Female,"Liu X, Han D, Somel M, Jiang X, Hu H, Guijarro P, Zhang N, Mitchell A, Halene T, Ely JJ, Sherwood CC. Disruption of an evolutionarily novel synaptic expression pattern in autism. PLoS biology. 2016 Sep;14(9)."
Corresponding RNA sequencing bpio timepoint 62,,10101.2,Homo sapiens,2,Male+Female,"Liu X, Han D, Somel M, Jiang X, Hu H, Guijarro P, Zhang N, Mitchell A, Halene T, Ely JJ, Sherwood CC. Disruption of an evolutionarily novel synaptic expression pattern in autism. PLoS biology. 2016 Sep;14(9)."
"Cortical plate first observed/visible, first cortical plate neurons born",,50,Homo sapiens,2,Male+Female,"Workman AD, Charvet CJ, Clancy B, Darlington RB, Finlay BL. Modeling transformations of neurodevelopmental sequences across mammalian species. Journal of Neuroscience. 2013 Apr 24;33(17):7368-83."
Cortical proliferative zone Volume- (Peak),,182,Homo sapiens,2,Male+Female,"Charvet CJ, Šimić G, Kostović I, Knezović V, Vukšić M, Babić Leko M, Takahashi E, Sherwood CC, Wolfe MD, Finlay BL. Coevolution in the timing of GABAergic and pyramidal neuron maturation in primates. Proc Biol Sci. 2017 Aug 30;284(1861):20171169. doi: 10.1098/rspb.2017.1169."
Cortical subventricular zone (abventricular cells) (Onset),,54.25,Homo sapiens,2,Male+Female,"Workman AD, Charvet CJ, Clancy B, Darlington RB, Finlay BL. Modeling transformations of neurodevelopmental sequences across mammalian species. Journal of Neuroscience. 2013 Apr 24;33(17):7368-83."
Corticospinal projections reach lumbar levels,,203,Homo sapiens,2,Male+Female,"Workman AD, Charvet CJ, Clancy B, Darlington RB, Finlay BL. Modeling transformations of neurodevelopmental sequences across mammalian species. Journal of Neuroscience. 2013 Apr 24;33(17):7368-83."
Cranial Base Height reaches 70% of stable value,,1366.5,Homo sapiens,2,Male+Female,"Williams, Frank L'Engle. Heterochronic perturbations in the craniofacial evolution of Homo (Neandertals and modern humans) and Pan (P. troglodytes and P. paniscus). University of Massachusetts Amherst, 2001."
Cranial Base Height reaches 80% of stable value,,2270.2,Homo sapiens,2,Male+Female,"Williams, Frank L'Engle. Heterochronic perturbations in the craniofacial evolution of Homo (Neandertals and modern humans) and Pan (P. troglodytes and P. paniscus). University of Massachusetts Amherst, 2001."
Cranial Base Height reaches 90% of stable value,,3448.4,Homo sapiens,2,Male+Female,"Williams, Frank L'Engle. Heterochronic perturbations in the craniofacial evolution of Homo (Neandertals and modern humans) and Pan (P. troglodytes and P. paniscus). University of Massachusetts Amherst, 2001."
Crawl (Onset),,510,Homo sapiens,2,Male+Female,"Carruth, B. R., & Skinner, J. D. (2002). Feeding behaviors and other motor development in healthy children (2Ð24 months). Journal of the American College of Nutrition, 21(2), 88-96."
Creep (quadrupedally),,585,Homo sapiens,2,Male+Female,"Brakke KE, Savage-Rumbaugh ES. Early postural behavior in Pan: Influences on development. Infant Behavior and Development. 1991 Jul 1;14(3):265-88."
Deciduous canine mandible eruption,,931.05,Homo sapiens,2,Male,"GunaShekhar M, Tenny J. Longitudinal study of age and order of eruption of primary teeth in Indian children. J Clin Exp Dent. 2010;2(3):e113-6."
Deciduous canine mandible eruption,,935.1,Homo sapiens,2,Female,"GunaShekhar M, Tenny J. Longitudinal study of age and order of eruption of primary teeth in Indian children. J Clin Exp Dent. 2010;2(3):e113-6."
Deciduous canine mandible eruption,,933.075,Homo sapiens,2,Male+Female,"GunaShekhar M, Tenny J. Longitudinal study of age and order of eruption of primary teeth in Indian children. J Clin Exp Dent. 2010;2(3):e113-6."
Deciduous canine mandible eruption,,870.8,Homo sapiens,2,Male+Female,"Holly Smith, B., Crummett, T.L. and Brandt, K.L., 1994. Ages of eruption of primate teeth: a compendium for aging individuals and comparing life histories. American journal of physical anthropology, 37(S19), pp.177-231."
Deciduous canine mandible eruption,,871.2,Homo sapiens,2,Female,"Ramirez O, Planells P, Barberia E. Age and order of eruption of primary teeth in Spanish children. Community dentistry and oral epidemiology. 1994 Feb;22(1):56-9."
Deciduous canine mandible eruption,,821.4,Homo sapiens,2,Male,"Ramirez O, Planells P, Barberia E. Age and order of eruption of primary teeth in Spanish children. Community dentistry and oral epidemiology. 1994 Feb;22(1):56-9."
Deciduous canine mandible eruption,,846.3,Homo sapiens,2,Male+Female,"Ramirez O, Planells P, Barberia E. Age and order of eruption of primary teeth in Spanish children. Community dentistry and oral epidemiology. 1994 Feb;22(1):56-9."
Deciduous canine mandible exfoliation,,4102.5,Homo sapiens,2,Male,Halikis SE. 1961. The variability of eruption of permanent teeth and loss of deciduous teeth in Western Australian children: II. Times of loss of the deciduous teeth. Austrlian Dental Journal. pp141-143.
Deciduous canine mandible exfoliation,,3737.5,Homo sapiens,2,Female,Halikis SE. 1961. The variability of eruption of permanent teeth and loss of deciduous teeth in Western Australian children: II. Times of loss of the deciduous teeth. Austrlian Dental Journal. pp141-143.
Deciduous canine maxilla eruption,,617.85,Homo sapiens,2,Male,"GunaShekhar M, Tenny J. Longitudinal study of age and order of eruption of primary teeth in Indian children. J Clin Exp Dent. 2010;2(3):e113-6."
Deciduous canine maxilla eruption,,907.35,Homo sapiens,2,Female,"GunaShekhar M, Tenny J. Longitudinal study of age and order of eruption of primary teeth in Indian children. J Clin Exp Dent. 2010;2(3):e113-6."
Deciduous canine maxilla eruption,,863.1,Homo sapiens,2,Male+Female,"Holly Smith, B., Crummett, T.L. and Brandt, K.L., 1994. Ages of eruption of primate teeth: a compendium for aging individuals and comparing life histories. American journal of physical anthropology, 37(S19), pp.177-231."
Deciduous canine maxilla eruption,,820.5,Homo sapiens,2,Male,"Ramirez O, Planells P, Barberia E. Age and order of eruption of primary teeth in Spanish children. Community dentistry and oral epidemiology. 1994 Feb;22(1):56-9."
Deciduous canine maxilla eruption,,844.5,Homo sapiens,2,Female,"Ramirez O, Planells P, Barberia E. Age and order of eruption of primary teeth in Spanish children. Community dentistry and oral epidemiology. 1994 Feb;22(1):56-9."
Deciduous canine maxilla eruption,,832.25,Homo sapiens,2,Male+Female,"Ramirez O, Planells P, Barberia E. Age and order of eruption of primary teeth in Spanish children. Community dentistry and oral epidemiology. 1994 Feb;22(1):56-9."
Deciduous canine maxilla exfoliation,,4394.5,Homo sapiens,2,Male,Halikis SE. 1961. The variability of eruption of permanent teeth and loss of deciduous teeth in Western Australian children: II. Times of loss of the deciduous teeth. Austrlian Dental Journal. pp141-143.
Deciduous canine maxilla exfoliation,,4066,Homo sapiens,2,Female,Halikis SE. 1961. The variability of eruption of permanent teeth and loss of deciduous teeth in Western Australian children: II. Times of loss of the deciduous teeth. Austrlian Dental Journal. pp141-143.
Deciduous canines eruption,,916.95,Homo sapiens,2,Male,"GunaShekhar M, Tenny J. Longitudinal study of age and order of eruption of primary teeth in Indian children. J Clin Exp Dent. 2010;2(3):e113-6."
Deciduous canines eruption,,921.225,Homo sapiens,2,Female,"GunaShekhar M, Tenny J. Longitudinal study of age and order of eruption of primary teeth in Indian children. J Clin Exp Dent. 2010;2(3):e113-6."
Deciduous canines eruption,,866.95,Homo sapiens,2,Male+Female,"Holly Smith, B., Crummett, T.L. and Brandt, K.L., 1994. Ages of eruption of primate teeth: a compendium for aging individuals and comparing life histories. American journal of physical anthropology, 37(S19), pp.177-231."
Deciduous canines eruption,,839.4,Homo sapiens,2,Male+Female,"Ramirez O, Planells P, Barberia E. Age and order of eruption of primary teeth in Spanish children. Community dentistry and oral epidemiology. 1994 Feb;22(1):56-9."
Deciduous incisors eruption,,634.5375,Homo sapiens,2,Male,"GunaShekhar M, Tenny J. Longitudinal study of age and order of eruption of primary teeth in Indian children. J Clin Exp Dent. 2010;2(3):e113-6."
Deciduous incisors maxilla eruption,,649.8,Homo sapiens,2,Male,"GunaShekhar M, Tenny J. Longitudinal study of age and order of eruption of primary teeth in Indian children. J Clin Exp Dent. 2010;2(3):e113-6."
Deciduous incisors mandible eruption,,619.275,Homo sapiens,2,Male,"GunaShekhar M, Tenny J. Longitudinal study of age and order of eruption of primary teeth in Indian children. J Clin Exp Dent. 2010;2(3):e113-6."
Deciduous incisors eruption,,637.7249999999999,Homo sapiens,2,Female,"GunaShekhar M, Tenny J. Longitudinal study of age and order of eruption of primary teeth in Indian children. J Clin Exp Dent. 2010;2(3):e113-6."
Deciduous incisors maxilla eruption,,654.675,Homo sapiens,2,Female,"GunaShekhar M, Tenny J. Longitudinal study of age and order of eruption of primary teeth in Indian children. J Clin Exp Dent. 2010;2(3):e113-6."
Deciduous incisors mandible eruption,,620.7750000000001,Homo sapiens,2,Female,"GunaShekhar M, Tenny J. Longitudinal study of age and order of eruption of primary teeth in Indian children. J Clin Exp Dent. 2010;2(3):e113-6."
Deciduous incisors maxilla eruption,,581.71,Homo sapiens,2,Male+Female,"Holly Smith, B., Crummett, T.L. and Brandt, K.L., 1994. Ages of eruption of primate teeth: a compendium for aging individuals and comparing life histories. American journal of physical anthropology, 37(S19), pp.177-231."
Deciduous incisors mandible eruption,,588.645,Homo sapiens,2,Male+Female,"Holly Smith, B., Crummett, T.L. and Brandt, K.L., 1994. Ages of eruption of primate teeth: a compendium for aging individuals and comparing life histories. American journal of physical anthropology, 37(S19), pp.177-231."
Deciduous incisors eruption,,585.1775,Homo sapiens,2,Male+Female,"Holly Smith, B., Crummett, T.L. and Brandt, K.L., 1994. Ages of eruption of primate teeth: a compendium for aging individuals and comparing life histories. American journal of physical anthropology, 37(S19), pp.177-231."
Deciduous teeth eruption (Offset),,1121.5,Homo sapiens,2,Male+Female,"Holly Smith, B., Crummett, T.L. and Brandt, K.L., 1994. Ages of eruption of primate teeth: a compendium for aging individuals and comparing life histories. American journal of physical anthropology, 37(S19), pp.177-231."
Deciduous teeth eruption (Offset),,1063.8,Homo sapiens,2,Male,"Ramirez O, Planells P, Barberia E. Age and order of eruption of primary teeth in Spanish children. Community dentistry and oral epidemiology. 1994 Feb;22(1):56-9."
Deciduous teeth eruption (Offset),,1098.6,Homo sapiens,2,Female,"Ramirez O, Planells P, Barberia E. Age and order of eruption of primary teeth in Spanish children. Community dentistry and oral epidemiology. 1994 Feb;22(1):56-9."
Deciduous teeth eruption (Offset),,1081.2,Homo sapiens,2,Male+Female,"Ramirez O, Planells P, Barberia E. Age and order of eruption of primary teeth in Spanish children. Community dentistry and oral epidemiology. 1994 Feb;22(1):56-9."
Deciduous teeth eruption (Onset),,585.9,Homo sapiens,2,Male+Female,"GunaShekhar M, Tenny J. Longitudinal study of age and order of eruption of primary teeth in Indian children. J Clin Exp Dent. 2010;2(3):e113-6."
Deciduous teeth eruption (Onset),,585,Homo sapiens,2,Male,"GunaShekhar M, Tenny J. Longitudinal study of age and order of eruption of primary teeth in Indian children. J Clin Exp Dent. 2010;2(3):e113-6."
Deciduous teeth eruption (Onset),,586.8,Homo sapiens,2,Female,"GunaShekhar M, Tenny J. Longitudinal study of age and order of eruption of primary teeth in Indian children. J Clin Exp Dent. 2010;2(3):e113-6."
Deciduous teeth eruption (Onset),,499.585,Homo sapiens,2,Male+Female,"Holly Smith, B., Crummett, T.L. and Brandt, K.L., 1994. Ages of eruption of primate teeth: a compendium for aging individuals and comparing life histories. American journal of physical anthropology, 37(S19), pp.177-231."
Deciduous teeth eruption (Onset),,474.6,Homo sapiens,2,Male,"Ramirez O, Planells P, Barberia E. Age and order of eruption of primary teeth in Spanish children. Community dentistry and oral epidemiology. 1994 Feb;22(1):56-9."
Deciduous teeth eruption (Onset),,498,Homo sapiens,2,Female,"Ramirez O, Planells P, Barberia E. Age and order of eruption of primary teeth in Spanish children. Community dentistry and oral epidemiology. 1994 Feb;22(1):56-9."
Deciduous teeth eruption (Onset),,486.3,Homo sapiens,2,Male+Female,"Ramirez O, Planells P, Barberia E. Age and order of eruption of primary teeth in Spanish children. Community dentistry and oral epidemiology. 1994 Feb;22(1):56-9."
Decrease in fractional ansitropy (Onset),,173,Homo sapiens,2,Male+Female,"Workman AD, Charvet CJ, Clancy B, Darlington RB, Finlay BL. Modeling transformations of neurodevelopmental sequences across mammalian species. Journal of Neuroscience. 2013 Apr 24;33(17):7368-83."
Diffusion tensor images (DTI) scalars: Fractional Anisotropy (FA) Radial Diffusivity (RD) Mean Diffusivity (MD) 1,,9688.86,Homo sapiens,2,Male+Female,"Chen X, Errangi B, Li L, Glasser MF, Westlye LT, Fjell AM, Walhovd KB, Hu X, Herndon JG, Preuss TM, Rilling JK. Brain aging in humans, chimpanzees (Pan troglodytes), and rhesus macaques (Macaca mulatta): magnetic resonance imaging studies of macro- and microstructural changes. Neurobiol Aging. 2013 Oct;34(10):2248-60. doi: 10.1016/j.neurobiolaging.2013.03.028. Epub 2013 Apr 24. PMID: 23623601; PMCID: PMC3777544."
Diffusion tensor images (DTI) scalars: Fractional Anisotropy (FA) Radial Diffusivity (RD) Mean Diffusivity (MD) 10,,12529.6,Homo sapiens,2,Male+Female,"Chen X, Errangi B, Li L, Glasser MF, Westlye LT, Fjell AM, Walhovd KB, Hu X, Herndon JG, Preuss TM, Rilling JK. Brain aging in humans, chimpanzees (Pan troglodytes), and rhesus macaques (Macaca mulatta): magnetic resonance imaging studies of macro- and microstructural changes. Neurobiol Aging. 2013 Oct;34(10):2248-60. doi: 10.1016/j.neurobiolaging.2013.03.028. Epub 2013 Apr 24. PMID: 23623601; PMCID: PMC3777544."
Diffusion tensor images (DTI) scalars: Fractional Anisotropy (FA) Radial Diffusivity (RD) Mean Diffusivity (MD) 11,,12821.3,Homo sapiens,2,Male+Female,"Chen X, Errangi B, Li L, Glasser MF, Westlye LT, Fjell AM, Walhovd KB, Hu X, Herndon JG, Preuss TM, Rilling JK. Brain aging in humans, chimpanzees (Pan troglodytes), and rhesus macaques (Macaca mulatta): magnetic resonance imaging studies of macro- and microstructural changes. Neurobiol Aging. 2013 Oct;34(10):2248-60. doi: 10.1016/j.neurobiolaging.2013.03.028. Epub 2013 Apr 24. PMID: 23623601; PMCID: PMC3777544."
Diffusion tensor images (DTI) scalars: Fractional Anisotropy (FA) Radial Diffusivity (RD) Mean Diffusivity (MD) 12,,13112.9,Homo sapiens,2,Male+Female,"Chen X, Errangi B, Li L, Glasser MF, Westlye LT, Fjell AM, Walhovd KB, Hu X, Herndon JG, Preuss TM, Rilling JK. Brain aging in humans, chimpanzees (Pan troglodytes), and rhesus macaques (Macaca mulatta): magnetic resonance imaging studies of macro- and microstructural changes. Neurobiol Aging. 2013 Oct;34(10):2248-60. doi: 10.1016/j.neurobiolaging.2013.03.028. Epub 2013 Apr 24. PMID: 23623601; PMCID: PMC3777544."
Diffusion tensor images (DTI) scalars: Fractional Anisotropy (FA) Radial Diffusivity (RD) Mean Diffusivity (MD) 13,,13408.9,Homo sapiens,2,Male+Female,"Chen X, Errangi B, Li L, Glasser MF, Westlye LT, Fjell AM, Walhovd KB, Hu X, Herndon JG, Preuss TM, Rilling JK. Brain aging in humans, chimpanzees (Pan troglodytes), and rhesus macaques (Macaca mulatta): magnetic resonance imaging studies of macro- and microstructural changes. Neurobiol Aging. 2013 Oct;34(10):2248-60. doi: 10.1016/j.neurobiolaging.2013.03.028. Epub 2013 Apr 24. PMID: 23623601; PMCID: PMC3777544."
Diffusion tensor images (DTI) scalars: Fractional Anisotropy (FA) Radial Diffusivity (RD) Mean Diffusivity (MD) 14,,13714.1,Homo sapiens,2,Male+Female,"Chen X, Errangi B, Li L, Glasser MF, Westlye LT, Fjell AM, Walhovd KB, Hu X, Herndon JG, Preuss TM, Rilling JK. Brain aging in humans, chimpanzees (Pan troglodytes), and rhesus macaques (Macaca mulatta): magnetic resonance imaging studies of macro- and microstructural changes. Neurobiol Aging. 2013 Oct;34(10):2248-60. doi: 10.1016/j.neurobiolaging.2013.03.028. Epub 2013 Apr 24. PMID: 23623601; PMCID: PMC3777544."
Diffusion tensor images (DTI) scalars: Fractional Anisotropy (FA) Radial Diffusivity (RD) Mean Diffusivity (MD) 15,,14034.2,Homo sapiens,2,Male+Female,"Chen X, Errangi B, Li L, Glasser MF, Westlye LT, Fjell AM, Walhovd KB, Hu X, Herndon JG, Preuss TM, Rilling JK. Brain aging in humans, chimpanzees (Pan troglodytes), and rhesus macaques (Macaca mulatta): magnetic resonance imaging studies of macro- and microstructural changes. Neurobiol Aging. 2013 Oct;34(10):2248-60. doi: 10.1016/j.neurobiolaging.2013.03.028. Epub 2013 Apr 24. PMID: 23623601; PMCID: PMC3777544."
Diffusion tensor images (DTI) scalars: Fractional Anisotropy (FA) Radial Diffusivity (RD) Mean Diffusivity (MD) 16,,14374.9,Homo sapiens,2,Male+Female,"Chen X, Errangi B, Li L, Glasser MF, Westlye LT, Fjell AM, Walhovd KB, Hu X, Herndon JG, Preuss TM, Rilling JK. Brain aging in humans, chimpanzees (Pan troglodytes), and rhesus macaques (Macaca mulatta): magnetic resonance imaging studies of macro- and microstructural changes. Neurobiol Aging. 2013 Oct;34(10):2248-60. doi: 10.1016/j.neurobiolaging.2013.03.028. Epub 2013 Apr 24. PMID: 23623601; PMCID: PMC3777544."
Diffusion tensor images (DTI) scalars: Fractional Anisotropy (FA) Radial Diffusivity (RD) Mean Diffusivity (MD) 17,,14737.1,Homo sapiens,2,Male+Female,"Chen X, Errangi B, Li L, Glasser MF, Westlye LT, Fjell AM, Walhovd KB, Hu X, Herndon JG, Preuss TM, Rilling JK. Brain aging in humans, chimpanzees (Pan troglodytes), and rhesus macaques (Macaca mulatta): magnetic resonance imaging studies of macro- and microstructural changes. Neurobiol Aging. 2013 Oct;34(10):2248-60. doi: 10.1016/j.neurobiolaging.2013.03.028. Epub 2013 Apr 24. PMID: 23623601; PMCID: PMC3777544."
Diffusion tensor images (DTI) scalars: Fractional Anisotropy (FA) Radial Diffusivity (RD) Mean Diffusivity (MD) 18,,15118,Homo sapiens,2,Male+Female,"Chen X, Errangi B, Li L, Glasser MF, Westlye LT, Fjell AM, Walhovd KB, Hu X, Herndon JG, Preuss TM, Rilling JK. Brain aging in humans, chimpanzees (Pan troglodytes), and rhesus macaques (Macaca mulatta): magnetic resonance imaging studies of macro- and microstructural changes. Neurobiol Aging. 2013 Oct;34(10):2248-60. doi: 10.1016/j.neurobiolaging.2013.03.028. Epub 2013 Apr 24. PMID: 23623601; PMCID: PMC3777544."
Diffusion tensor images (DTI) scalars: Fractional Anisotropy (FA) Radial Diffusivity (RD) Mean Diffusivity (MD) 19,,15514.3,Homo sapiens,2,Male+Female,"Chen X, Errangi B, Li L, Glasser MF, Westlye LT, Fjell AM, Walhovd KB, Hu X, Herndon JG, Preuss TM, Rilling JK. Brain aging in humans, chimpanzees (Pan troglodytes), and rhesus macaques (Macaca mulatta): magnetic resonance imaging studies of macro- and microstructural changes. Neurobiol Aging. 2013 Oct;34(10):2248-60. doi: 10.1016/j.neurobiolaging.2013.03.028. Epub 2013 Apr 24. PMID: 23623601; PMCID: PMC3777544."
Diffusion tensor images (DTI) scalars: Fractional Anisotropy (FA) Radial Diffusivity (RD) Mean Diffusivity (MD) 2,,10022.6,Homo sapiens,2,Male+Female,"Chen X, Errangi B, Li L, Glasser MF, Westlye LT, Fjell AM, Walhovd KB, Hu X, Herndon JG, Preuss TM, Rilling JK. Brain aging in humans, chimpanzees (Pan troglodytes), and rhesus macaques (Macaca mulatta): magnetic resonance imaging studies of macro- and microstructural changes. Neurobiol Aging. 2013 Oct;34(10):2248-60. doi: 10.1016/j.neurobiolaging.2013.03.028. Epub 2013 Apr 24. PMID: 23623601; PMCID: PMC3777544."
Diffusion tensor images (DTI) scalars: Fractional Anisotropy (FA) Radial Diffusivity (RD) Mean Diffusivity (MD) 20,,15922.2,Homo sapiens,2,Male+Female,"Chen X, Errangi B, Li L, Glasser MF, Westlye LT, Fjell AM, Walhovd KB, Hu X, Herndon JG, Preuss TM, Rilling JK. Brain aging in humans, chimpanzees (Pan troglodytes), and rhesus macaques (Macaca mulatta): magnetic resonance imaging studies of macro- and microstructural changes. Neurobiol Aging. 2013 Oct;34(10):2248-60. doi: 10.1016/j.neurobiolaging.2013.03.028. Epub 2013 Apr 24. PMID: 23623601; PMCID: PMC3777544."
Diffusion tensor images (DTI) scalars: Fractional Anisotropy (FA) Radial Diffusivity (RD) Mean Diffusivity (MD) 21,,16338.2,Homo sapiens,2,Male+Female,"Chen X, Errangi B, Li L, Glasser MF, Westlye LT, Fjell AM, Walhovd KB, Hu X, Herndon JG, Preuss TM, Rilling JK. Brain aging in humans, chimpanzees (Pan troglodytes), and rhesus macaques (Macaca mulatta): magnetic resonance imaging studies of macro- and microstructural changes. Neurobiol Aging. 2013 Oct;34(10):2248-60. doi: 10.1016/j.neurobiolaging.2013.03.028. Epub 2013 Apr 24. PMID: 23623601; PMCID: PMC3777544."
Diffusion tensor images (DTI) scalars: Fractional Anisotropy (FA) Radial Diffusivity (RD) Mean Diffusivity (MD) 22,,16758.3,Homo sapiens,2,Male+Female,"Chen X, Errangi B, Li L, Glasser MF, Westlye LT, Fjell AM, Walhovd KB, Hu X, Herndon JG, Preuss TM, Rilling JK. Brain aging in humans, chimpanzees (Pan troglodytes), and rhesus macaques (Macaca mulatta): magnetic resonance imaging studies of macro- and microstructural changes. Neurobiol Aging. 2013 Oct;34(10):2248-60. doi: 10.1016/j.neurobiolaging.2013.03.028. Epub 2013 Apr 24. PMID: 23623601; PMCID: PMC3777544."
Diffusion tensor images (DTI) scalars: Fractional Anisotropy (FA) Radial Diffusivity (RD) Mean Diffusivity (MD) 23,,17178.5,Homo sapiens,2,Male+Female,"Chen X, Errangi B, Li L, Glasser MF, Westlye LT, Fjell AM, Walhovd KB, Hu X, Herndon JG, Preuss TM, Rilling JK. Brain aging in humans, chimpanzees (Pan troglodytes), and rhesus macaques (Macaca mulatta): magnetic resonance imaging studies of macro- and microstructural changes. Neurobiol Aging. 2013 Oct;34(10):2248-60. doi: 10.1016/j.neurobiolaging.2013.03.028. Epub 2013 Apr 24. PMID: 23623601; PMCID: PMC3777544."
Diffusion tensor images (DTI) scalars: Fractional Anisotropy (FA) Radial Diffusivity (RD) Mean Diffusivity (MD) 24,,17595.9,Homo sapiens,2,Male+Female,"Chen X, Errangi B, Li L, Glasser MF, Westlye LT, Fjell AM, Walhovd KB, Hu X, Herndon JG, Preuss TM, Rilling JK. Brain aging in humans, chimpanzees (Pan troglodytes), and rhesus macaques (Macaca mulatta): magnetic resonance imaging studies of macro- and microstructural changes. Neurobiol Aging. 2013 Oct;34(10):2248-60. doi: 10.1016/j.neurobiolaging.2013.03.028. Epub 2013 Apr 24. PMID: 23623601; PMCID: PMC3777544."
Diffusion tensor images (DTI) scalars: Fractional Anisotropy (FA) Radial Diffusivity (RD) Mean Diffusivity (MD) 25,,18012.2,Homo sapiens,2,Male+Female,"Chen X, Errangi B, Li L, Glasser MF, Westlye LT, Fjell AM, Walhovd KB, Hu X, Herndon JG, Preuss TM, Rilling JK. Brain aging in humans, chimpanzees (Pan troglodytes), and rhesus macaques (Macaca mulatta): magnetic resonance imaging studies of macro- and microstructural changes. Neurobiol Aging. 2013 Oct;34(10):2248-60. doi: 10.1016/j.neurobiolaging.2013.03.028. Epub 2013 Apr 24. PMID: 23623601; PMCID: PMC3777544."
Diffusion tensor images (DTI) scalars: Fractional Anisotropy (FA) Radial Diffusivity (RD) Mean Diffusivity (MD) 26,,18431.2,Homo sapiens,2,Male+Female,"Chen X, Errangi B, Li L, Glasser MF, Westlye LT, Fjell AM, Walhovd KB, Hu X, Herndon JG, Preuss TM, Rilling JK. Brain aging in humans, chimpanzees (Pan troglodytes), and rhesus macaques (Macaca mulatta): magnetic resonance imaging studies of macro- and microstructural changes. Neurobiol Aging. 2013 Oct;34(10):2248-60. doi: 10.1016/j.neurobiolaging.2013.03.028. Epub 2013 Apr 24. PMID: 23623601; PMCID: PMC3777544."
Diffusion tensor images (DTI) scalars: Fractional Anisotropy (FA) Radial Diffusivity (RD) Mean Diffusivity (MD) 27,,18855.7,Homo sapiens,2,Male+Female,"Chen X, Errangi B, Li L, Glasser MF, Westlye LT, Fjell AM, Walhovd KB, Hu X, Herndon JG, Preuss TM, Rilling JK. Brain aging in humans, chimpanzees (Pan troglodytes), and rhesus macaques (Macaca mulatta): magnetic resonance imaging studies of macro- and microstructural changes. Neurobiol Aging. 2013 Oct;34(10):2248-60. doi: 10.1016/j.neurobiolaging.2013.03.028. Epub 2013 Apr 24. PMID: 23623601; PMCID: PMC3777544."
Diffusion tensor images (DTI) scalars: Fractional Anisotropy (FA) Radial Diffusivity (RD) Mean Diffusivity (MD) 28,,19287.7,Homo sapiens,2,Male+Female,"Chen X, Errangi B, Li L, Glasser MF, Westlye LT, Fjell AM, Walhovd KB, Hu X, Herndon JG, Preuss TM, Rilling JK. Brain aging in humans, chimpanzees (Pan troglodytes), and rhesus macaques (Macaca mulatta): magnetic resonance imaging studies of macro- and microstructural changes. Neurobiol Aging. 2013 Oct;34(10):2248-60. doi: 10.1016/j.neurobiolaging.2013.03.028. Epub 2013 Apr 24. PMID: 23623601; PMCID: PMC3777544."
Diffusion tensor images (DTI) scalars: Fractional Anisotropy (FA) Radial Diffusivity (RD) Mean Diffusivity (MD) 29,,19728.3,Homo sapiens,2,Male+Female,"Chen X, Errangi B, Li L, Glasser MF, Westlye LT, Fjell AM, Walhovd KB, Hu X, Herndon JG, Preuss TM, Rilling JK. Brain aging in humans, chimpanzees (Pan troglodytes), and rhesus macaques (Macaca mulatta): magnetic resonance imaging studies of macro- and microstructural changes. Neurobiol Aging. 2013 Oct;34(10):2248-60. doi: 10.1016/j.neurobiolaging.2013.03.028. Epub 2013 Apr 24. PMID: 23623601; PMCID: PMC3777544."
Diffusion tensor images (DTI) scalars: Fractional Anisotropy (FA) Radial Diffusivity (RD) Mean Diffusivity (MD) 3,,10353.8,Homo sapiens,2,Male+Female,"Chen X, Errangi B, Li L, Glasser MF, Westlye LT, Fjell AM, Walhovd KB, Hu X, Herndon JG, Preuss TM, Rilling JK. Brain aging in humans, chimpanzees (Pan troglodytes), and rhesus macaques (Macaca mulatta): magnetic resonance imaging studies of macro- and microstructural changes. Neurobiol Aging. 2013 Oct;34(10):2248-60. doi: 10.1016/j.neurobiolaging.2013.03.028. Epub 2013 Apr 24. PMID: 23623601; PMCID: PMC3777544."
Diffusion tensor images (DTI) scalars: Fractional Anisotropy (FA) Radial Diffusivity (RD) Mean Diffusivity (MD) 30,,20177.7,Homo sapiens,2,Male+Female,"Chen X, Errangi B, Li L, Glasser MF, Westlye LT, Fjell AM, Walhovd KB, Hu X, Herndon JG, Preuss TM, Rilling JK. Brain aging in humans, chimpanzees (Pan troglodytes), and rhesus macaques (Macaca mulatta): magnetic resonance imaging studies of macro- and microstructural changes. Neurobiol Aging. 2013 Oct;34(10):2248-60. doi: 10.1016/j.neurobiolaging.2013.03.028. Epub 2013 Apr 24. PMID: 23623601; PMCID: PMC3777544."
Diffusion tensor images (DTI) scalars: Fractional Anisotropy (FA) Radial Diffusivity (RD) Mean Diffusivity (MD) 31,,20635,Homo sapiens,2,Male+Female,"Chen X, Errangi B, Li L, Glasser MF, Westlye LT, Fjell AM, Walhovd KB, Hu X, Herndon JG, Preuss TM, Rilling JK. Brain aging in humans, chimpanzees (Pan troglodytes), and rhesus macaques (Macaca mulatta): magnetic resonance imaging studies of macro- and microstructural changes. Neurobiol Aging. 2013 Oct;34(10):2248-60. doi: 10.1016/j.neurobiolaging.2013.03.028. Epub 2013 Apr 24. PMID: 23623601; PMCID: PMC3777544."
Diffusion tensor images (DTI) scalars: Fractional Anisotropy (FA) Radial Diffusivity (RD) Mean Diffusivity (MD) 32,,21096.4,Homo sapiens,2,Male+Female,"Chen X, Errangi B, Li L, Glasser MF, Westlye LT, Fjell AM, Walhovd KB, Hu X, Herndon JG, Preuss TM, Rilling JK. Brain aging in humans, chimpanzees (Pan troglodytes), and rhesus macaques (Macaca mulatta): magnetic resonance imaging studies of macro- and microstructural changes. Neurobiol Aging. 2013 Oct;34(10):2248-60. doi: 10.1016/j.neurobiolaging.2013.03.028. Epub 2013 Apr 24. PMID: 23623601; PMCID: PMC3777544."
Diffusion tensor images (DTI) scalars: Fractional Anisotropy (FA) Radial Diffusivity (RD) Mean Diffusivity (MD) 33,,21557.3,Homo sapiens,2,Male+Female,"Chen X, Errangi B, Li L, Glasser MF, Westlye LT, Fjell AM, Walhovd KB, Hu X, Herndon JG, Preuss TM, Rilling JK. Brain aging in humans, chimpanzees (Pan troglodytes), and rhesus macaques (Macaca mulatta): magnetic resonance imaging studies of macro- and microstructural changes. Neurobiol Aging. 2013 Oct;34(10):2248-60. doi: 10.1016/j.neurobiolaging.2013.03.028. Epub 2013 Apr 24. PMID: 23623601; PMCID: PMC3777544."
Diffusion tensor images (DTI) scalars: Fractional Anisotropy (FA) Radial Diffusivity (RD) Mean Diffusivity (MD) 34,,22011.9,Homo sapiens,2,Male+Female,"Chen X, Errangi B, Li L, Glasser MF, Westlye LT, Fjell AM, Walhovd KB, Hu X, Herndon JG, Preuss TM, Rilling JK. Brain aging in humans, chimpanzees (Pan troglodytes), and rhesus macaques (Macaca mulatta): magnetic resonance imaging studies of macro- and microstructural changes. Neurobiol Aging. 2013 Oct;34(10):2248-60. doi: 10.1016/j.neurobiolaging.2013.03.028. Epub 2013 Apr 24. PMID: 23623601; PMCID: PMC3777544."
Diffusion tensor images (DTI) scalars: Fractional Anisotropy (FA) Radial Diffusivity (RD) Mean Diffusivity (MD) 35,,22451,Homo sapiens,2,Male+Female,"Chen X, Errangi B, Li L, Glasser MF, Westlye LT, Fjell AM, Walhovd KB, Hu X, Herndon JG, Preuss TM, Rilling JK. Brain aging in humans, chimpanzees (Pan troglodytes), and rhesus macaques (Macaca mulatta): magnetic resonance imaging studies of macro- and microstructural changes. Neurobiol Aging. 2013 Oct;34(10):2248-60. doi: 10.1016/j.neurobiolaging.2013.03.028. Epub 2013 Apr 24. PMID: 23623601; PMCID: PMC3777544."
Diffusion tensor images (DTI) scalars: Fractional Anisotropy (FA) Radial Diffusivity (RD) Mean Diffusivity (MD) 36,,22862.8,Homo sapiens,2,Male+Female,"Chen X, Errangi B, Li L, Glasser MF, Westlye LT, Fjell AM, Walhovd KB, Hu X, Herndon JG, Preuss TM, Rilling JK. Brain aging in humans, chimpanzees (Pan troglodytes), and rhesus macaques (Macaca mulatta): magnetic resonance imaging studies of macro- and microstructural changes. Neurobiol Aging. 2013 Oct;34(10):2248-60. doi: 10.1016/j.neurobiolaging.2013.03.028. Epub 2013 Apr 24. PMID: 23623601; PMCID: PMC3777544."
Diffusion tensor images (DTI) scalars: Fractional Anisotropy (FA) Radial Diffusivity (RD) Mean Diffusivity (MD) 37,,23236.1,Homo sapiens,2,Male+Female,"Chen X, Errangi B, Li L, Glasser MF, Westlye LT, Fjell AM, Walhovd KB, Hu X, Herndon JG, Preuss TM, Rilling JK. Brain aging in humans, chimpanzees (Pan troglodytes), and rhesus macaques (Macaca mulatta): magnetic resonance imaging studies of macro- and microstructural changes. Neurobiol Aging. 2013 Oct;34(10):2248-60. doi: 10.1016/j.neurobiolaging.2013.03.028. Epub 2013 Apr 24. PMID: 23623601; PMCID: PMC3777544."
Diffusion tensor images (DTI) scalars: Fractional Anisotropy (FA) Radial Diffusivity (RD) Mean Diffusivity (MD) 38,,23564,Homo sapiens,2,Male+Female,"Chen X, Errangi B, Li L, Glasser MF, Westlye LT, Fjell AM, Walhovd KB, Hu X, Herndon JG, Preuss TM, Rilling JK. Brain aging in humans, chimpanzees (Pan troglodytes), and rhesus macaques (Macaca mulatta): magnetic resonance imaging studies of macro- and microstructural changes. Neurobiol Aging. 2013 Oct;34(10):2248-60. doi: 10.1016/j.neurobiolaging.2013.03.028. Epub 2013 Apr 24. PMID: 23623601; PMCID: PMC3777544."
Diffusion tensor images (DTI) scalars: Fractional Anisotropy (FA) Radial Diffusivity (RD) Mean Diffusivity (MD) 39,,23845.2,Homo sapiens,2,Male+Female,"Chen X, Errangi B, Li L, Glasser MF, Westlye LT, Fjell AM, Walhovd KB, Hu X, Herndon JG, Preuss TM, Rilling JK. Brain aging in humans, chimpanzees (Pan troglodytes), and rhesus macaques (Macaca mulatta): magnetic resonance imaging studies of macro- and microstructural changes. Neurobiol Aging. 2013 Oct;34(10):2248-60. doi: 10.1016/j.neurobiolaging.2013.03.028. Epub 2013 Apr 24. PMID: 23623601; PMCID: PMC3777544."
Diffusion tensor images (DTI) scalars: Fractional Anisotropy (FA) Radial Diffusivity (RD) Mean Diffusivity (MD) 4,,10679.1,Homo sapiens,2,Male+Female,"Chen X, Errangi B, Li L, Glasser MF, Westlye LT, Fjell AM, Walhovd KB, Hu X, Herndon JG, Preuss TM, Rilling JK. Brain aging in humans, chimpanzees (Pan troglodytes), and rhesus macaques (Macaca mulatta): magnetic resonance imaging studies of macro- and microstructural changes. Neurobiol Aging. 2013 Oct;34(10):2248-60. doi: 10.1016/j.neurobiolaging.2013.03.028. Epub 2013 Apr 24. PMID: 23623601; PMCID: PMC3777544."
Diffusion tensor images (DTI) scalars: Fractional Anisotropy (FA) Radial Diffusivity (RD) Mean Diffusivity (MD) 40,,24078.4,Homo sapiens,2,Male+Female,"Chen X, Errangi B, Li L, Glasser MF, Westlye LT, Fjell AM, Walhovd KB, Hu X, Herndon JG, Preuss TM, Rilling JK. Brain aging in humans, chimpanzees (Pan troglodytes), and rhesus macaques (Macaca mulatta): magnetic resonance imaging studies of macro- and microstructural changes. Neurobiol Aging. 2013 Oct;34(10):2248-60. doi: 10.1016/j.neurobiolaging.2013.03.028. Epub 2013 Apr 24. PMID: 23623601; PMCID: PMC3777544."
Diffusion tensor images (DTI) scalars: Fractional Anisotropy (FA) Radial Diffusivity (RD) Mean Diffusivity (MD) 41,,24260,Homo sapiens,2,Male+Female,"Chen X, Errangi B, Li L, Glasser MF, Westlye LT, Fjell AM, Walhovd KB, Hu X, Herndon JG, Preuss TM, Rilling JK. Brain aging in humans, chimpanzees (Pan troglodytes), and rhesus macaques (Macaca mulatta): magnetic resonance imaging studies of macro- and microstructural changes. Neurobiol Aging. 2013 Oct;34(10):2248-60. doi: 10.1016/j.neurobiolaging.2013.03.028. Epub 2013 Apr 24. PMID: 23623601; PMCID: PMC3777544."
Diffusion tensor images (DTI) scalars: Fractional Anisotropy (FA) Radial Diffusivity (RD) Mean Diffusivity (MD) 42,,24386.6,Homo sapiens,2,Male+Female,"Chen X, Errangi B, Li L, Glasser MF, Westlye LT, Fjell AM, Walhovd KB, Hu X, Herndon JG, Preuss TM, Rilling JK. Brain aging in humans, chimpanzees (Pan troglodytes), and rhesus macaques (Macaca mulatta): magnetic resonance imaging studies of macro- and microstructural changes. Neurobiol Aging. 2013 Oct;34(10):2248-60. doi: 10.1016/j.neurobiolaging.2013.03.028. Epub 2013 Apr 24. PMID: 23623601; PMCID: PMC3777544."
Diffusion tensor images (DTI) scalars: Fractional Anisotropy (FA) Radial Diffusivity (RD) Mean Diffusivity (MD) 43,,24454.9,Homo sapiens,2,Male+Female,"Chen X, Errangi B, Li L, Glasser MF, Westlye LT, Fjell AM, Walhovd KB, Hu X, Herndon JG, Preuss TM, Rilling JK. Brain aging in humans, chimpanzees (Pan troglodytes), and rhesus macaques (Macaca mulatta): magnetic resonance imaging studies of macro- and microstructural changes. Neurobiol Aging. 2013 Oct;34(10):2248-60. doi: 10.1016/j.neurobiolaging.2013.03.028. Epub 2013 Apr 24. PMID: 23623601; PMCID: PMC3777544."
Diffusion tensor images (DTI) scalars: Fractional Anisotropy (FA) Radial Diffusivity (RD) Mean Diffusivity (MD) 44,,24462.3,Homo sapiens,2,Male+Female,"Chen X, Errangi B, Li L, Glasser MF, Westlye LT, Fjell AM, Walhovd KB, Hu X, Herndon JG, Preuss TM, Rilling JK. Brain aging in humans, chimpanzees (Pan troglodytes), and rhesus macaques (Macaca mulatta): magnetic resonance imaging studies of macro- and microstructural changes. Neurobiol Aging. 2013 Oct;34(10):2248-60. doi: 10.1016/j.neurobiolaging.2013.03.028. Epub 2013 Apr 24. PMID: 23623601; PMCID: PMC3777544."
Diffusion tensor images (DTI) scalars: Fractional Anisotropy (FA) Radial Diffusivity (RD) Mean Diffusivity (MD) 45,,24407.4,Homo sapiens,2,Male+Female,"Chen X, Errangi B, Li L, Glasser MF, Westlye LT, Fjell AM, Walhovd KB, Hu X, Herndon JG, Preuss TM, Rilling JK. Brain aging in humans, chimpanzees (Pan troglodytes), and rhesus macaques (Macaca mulatta): magnetic resonance imaging studies of macro- and microstructural changes. Neurobiol Aging. 2013 Oct;34(10):2248-60. doi: 10.1016/j.neurobiolaging.2013.03.028. Epub 2013 Apr 24. PMID: 23623601; PMCID: PMC3777544."
Diffusion tensor images (DTI) scalars: Fractional Anisotropy (FA) Radial Diffusivity (RD) Mean Diffusivity (MD) 46,,24290.3,Homo sapiens,2,Male+Female,"Chen X, Errangi B, Li L, Glasser MF, Westlye LT, Fjell AM, Walhovd KB, Hu X, Herndon JG, Preuss TM, Rilling JK. Brain aging in humans, chimpanzees (Pan troglodytes), and rhesus macaques (Macaca mulatta): magnetic resonance imaging studies of macro- and microstructural changes. Neurobiol Aging. 2013 Oct;34(10):2248-60. doi: 10.1016/j.neurobiolaging.2013.03.028. Epub 2013 Apr 24. PMID: 23623601; PMCID: PMC3777544."
Diffusion tensor images (DTI) scalars: Fractional Anisotropy (FA) Radial Diffusivity (RD) Mean Diffusivity (MD) 5,,10998.8,Homo sapiens,2,Male+Female,"Chen X, Errangi B, Li L, Glasser MF, Westlye LT, Fjell AM, Walhovd KB, Hu X, Herndon JG, Preuss TM, Rilling JK. Brain aging in humans, chimpanzees (Pan troglodytes), and rhesus macaques (Macaca mulatta): magnetic resonance imaging studies of macro- and microstructural changes. Neurobiol Aging. 2013 Oct;34(10):2248-60. doi: 10.1016/j.neurobiolaging.2013.03.028. Epub 2013 Apr 24. PMID: 23623601; PMCID: PMC3777544."
Diffusion tensor images (DTI) scalars: Fractional Anisotropy (FA) Radial Diffusivity (RD) Mean Diffusivity (MD) 6,,11313.6,Homo sapiens,2,Male+Female,"Chen X, Errangi B, Li L, Glasser MF, Westlye LT, Fjell AM, Walhovd KB, Hu X, Herndon JG, Preuss TM, Rilling JK. Brain aging in humans, chimpanzees (Pan troglodytes), and rhesus macaques (Macaca mulatta): magnetic resonance imaging studies of macro- and microstructural changes. Neurobiol Aging. 2013 Oct;34(10):2248-60. doi: 10.1016/j.neurobiolaging.2013.03.028. Epub 2013 Apr 24. PMID: 23623601; PMCID: PMC3777544."
Diffusion tensor images (DTI) scalars: Fractional Anisotropy (FA) Radial Diffusivity (RD) Mean Diffusivity (MD) 7,,11624.5,Homo sapiens,2,Male+Female,"Chen X, Errangi B, Li L, Glasser MF, Westlye LT, Fjell AM, Walhovd KB, Hu X, Herndon JG, Preuss TM, Rilling JK. Brain aging in humans, chimpanzees (Pan troglodytes), and rhesus macaques (Macaca mulatta): magnetic resonance imaging studies of macro- and microstructural changes. Neurobiol Aging. 2013 Oct;34(10):2248-60. doi: 10.1016/j.neurobiolaging.2013.03.028. Epub 2013 Apr 24. PMID: 23623601; PMCID: PMC3777544."
Diffusion tensor images (DTI) scalars: Fractional Anisotropy (FA) Radial Diffusivity (RD) Mean Diffusivity (MD) 8,,11931.8,Homo sapiens,2,Male+Female,"Chen X, Errangi B, Li L, Glasser MF, Westlye LT, Fjell AM, Walhovd KB, Hu X, Herndon JG, Preuss TM, Rilling JK. Brain aging in humans, chimpanzees (Pan troglodytes), and rhesus macaques (Macaca mulatta): magnetic resonance imaging studies of macro- and microstructural changes. Neurobiol Aging. 2013 Oct;34(10):2248-60. doi: 10.1016/j.neurobiolaging.2013.03.028. Epub 2013 Apr 24. PMID: 23623601; PMCID: PMC3777544."
Diffusion tensor images (DTI) scalars: Fractional Anisotropy (FA) Radial Diffusivity (RD) Mean Diffusivity (MD) 9,,12234,Homo sapiens,2,Male+Female,"Chen X, Errangi B, Li L, Glasser MF, Westlye LT, Fjell AM, Walhovd KB, Hu X, Herndon JG, Preuss TM, Rilling JK. Brain aging in humans, chimpanzees (Pan troglodytes), and rhesus macaques (Macaca mulatta): magnetic resonance imaging studies of macro- and microstructural changes. Neurobiol Aging. 2013 Oct;34(10):2248-60. doi: 10.1016/j.neurobiolaging.2013.03.028. Epub 2013 Apr 24. PMID: 23623601; PMCID: PMC3777544."
Digital grooves (forelimb),,41,Homo sapiens,2,Male+Female,"Cordero GA, Sánchez-Villagra MR, Werneburg I. An irregular hourglass pattern describes the tempo of phenotypic development in placental mammal evolution. Biology letters. 2020 May 27;16(5):20200087."
Digital grooves (hindlimb),,44,Homo sapiens,2,Male+Female,"Cordero GA, Sánchez-Villagra MR, Werneburg I. An irregular hourglass pattern describes the tempo of phenotypic development in placental mammal evolution. Biology letters. 2020 May 27;16(5):20200087."
Digital serration (forelimb),,44,Homo sapiens,2,Male+Female,"Cordero GA, Sánchez-Villagra MR, Werneburg I. An irregular hourglass pattern describes the tempo of phenotypic development in placental mammal evolution. Biology letters. 2020 May 27;16(5):20200087."
Digital serration (hindlimb),,50.5,Homo sapiens,2,Male+Female,"Cordero GA, Sánchez-Villagra MR, Werneburg I. An irregular hourglass pattern describes the tempo of phenotypic development in placental mammal evolution. Biology letters. 2020 May 27;16(5):20200087."
Discrimination between direct and averted gaze (Onset),,390,Homo sapiens,2,Male+Female,"Mizuno Y, Takeshita H, Matsuzawa T. 2006.  Behavior of infant chimpanzees during the night in the first 4 months of life: Smiling and suckling in relation to behavioral state. Infancy. 9(2):221-40."
Distal 1st finger ossification (Onset),Captive,665.42,Homo sapiens,2,Female,"Blomquist, G. E. (2009). Brief communication: Methods of sequence heterochrony for describing modular developmental changes in human evolution. Am J Phys Anthropol, 138(2), 231-238."
Distal 1st finger ossification (Onset),Captive,847.92,Homo sapiens,2,Male,"Blomquist, G. E. (2009). Brief communication: Methods of sequence heterochrony for describing modular developmental changes in human evolution. Am J Phys Anthropol, 138(2), 231-238."
Distal 1st toe ossification (Onset),Captive,574.17,Homo sapiens,2,Female,"Blomquist, G. E. (2009). Brief communication: Methods of sequence heterochrony for describing modular developmental changes in human evolution. Am J Phys Anthropol, 138(2), 231-238."
Distal 1st toe ossification (Onset),Captive,787.08,Homo sapiens,2,Male,"Blomquist, G. E. (2009). Brief communication: Methods of sequence heterochrony for describing modular developmental changes in human evolution. Am J Phys Anthropol, 138(2), 231-238."
Distal 2nd finger ossification (Onset),Captive,1030.4,Homo sapiens,2,Female,"Blomquist, G. E. (2009). Brief communication: Methods of sequence heterochrony for describing modular developmental changes in human evolution. Am J Phys Anthropol, 138(2), 231-238."
Distal 2nd finger ossification (Onset),Captive,1365,Homo sapiens,2,Male,"Blomquist, G. E. (2009). Brief communication: Methods of sequence heterochrony for describing modular developmental changes in human evolution. Am J Phys Anthropol, 138(2), 231-238."
Distal 2nd toe ossification (Onset),Captive,1334.6,Homo sapiens,2,Female,"Blomquist, G. E. (2009). Brief communication: Methods of sequence heterochrony for describing modular developmental changes in human evolution. Am J Phys Anthropol, 138(2), 231-238."
Distal 2nd toe ossification (Onset),Captive,1973.3,Homo sapiens,2,Male,"Blomquist, G. E. (2009). Brief communication: Methods of sequence heterochrony for describing modular developmental changes in human evolution. Am J Phys Anthropol, 138(2), 231-238."
Distal 3rd finger ossification (Onset),Captive,878.33,Homo sapiens,2,Female,"Blomquist, G. E. (2009). Brief communication: Methods of sequence heterochrony for describing modular developmental changes in human evolution. Am J Phys Anthropol, 138(2), 231-238."
Distal 3rd finger ossification (Onset),Captive,1091.2,Homo sapiens,2,Male,"Blomquist, G. E. (2009). Brief communication: Methods of sequence heterochrony for describing modular developmental changes in human evolution. Am J Phys Anthropol, 138(2), 231-238."
Distal 3rd toe ossification (Onset),Captive,1273.8,Homo sapiens,2,Female,"Blomquist, G. E. (2009). Brief communication: Methods of sequence heterochrony for describing modular developmental changes in human evolution. Am J Phys Anthropol, 138(2), 231-238."
Distal 3rd toe ossification (Onset),Captive,1882.1,Homo sapiens,2,Male,"Blomquist, G. E. (2009). Brief communication: Methods of sequence heterochrony for describing modular developmental changes in human evolution. Am J Phys Anthropol, 138(2), 231-238."
Distal 4th finger ossification (Onset),Captive,878.33,Homo sapiens,2,Female,"Blomquist, G. E. (2009). Brief communication: Methods of sequence heterochrony for describing modular developmental changes in human evolution. Am J Phys Anthropol, 138(2), 231-238."
Distal 4th finger ossification (Onset),Captive,1121.7,Homo sapiens,2,Male,"Blomquist, G. E. (2009). Brief communication: Methods of sequence heterochrony for describing modular developmental changes in human evolution. Am J Phys Anthropol, 138(2), 231-238."
Distal 4th toe ossification (Onset),Captive,1182.5,Homo sapiens,2,Female,"Blomquist, G. E. (2009). Brief communication: Methods of sequence heterochrony for describing modular developmental changes in human evolution. Am J Phys Anthropol, 138(2), 231-238."
Distal 4th toe ossification (Onset),Captive,1790.8,Homo sapiens,2,Male,"Blomquist, G. E. (2009). Brief communication: Methods of sequence heterochrony for describing modular developmental changes in human evolution. Am J Phys Anthropol, 138(2), 231-238."
Distal 5th finger ossification (Onset),Captive,1030.4,Homo sapiens,2,Female,"Blomquist, G. E. (2009). Brief communication: Methods of sequence heterochrony for describing modular developmental changes in human evolution. Am J Phys Anthropol, 138(2), 231-238."
Distal 5th finger ossification (Onset),Captive,1395.4,Homo sapiens,2,Male,"Blomquist, G. E. (2009). Brief communication: Methods of sequence heterochrony for describing modular developmental changes in human evolution. Am J Phys Anthropol, 138(2), 231-238."
Distal epiphysis of the fibula appearance,,725,Homo sapiens,2,Male+Female,"Davies DA, Parsons FG. The age order of the appearance and union of the normal epiphyses as seen by X-rays. Journal of Anatomy. 1927 Oct;62(Pt 1):58."
Distal fibula ossification (Onset),Captive,543.75,Homo sapiens,2,Female,"Blomquist, G. E. (2009). Brief communication: Methods of sequence heterochrony for describing modular developmental changes in human evolution. Am J Phys Anthropol, 138(2), 231-238."
Distal fibula ossification (Onset),Captive,665.42,Homo sapiens,2,Male,"Blomquist, G. E. (2009). Brief communication: Methods of sequence heterochrony for describing modular developmental changes in human evolution. Am J Phys Anthropol, 138(2), 231-238."
Distal phalanx 3 ossification (Onset),,70,Homo sapiens,2,Male+Female,"Prochel J, Vogel P, Sánchez-Villagra MR. Hand development and sequence of ossification in the forelimb of the European shrew Crocidura russula (Soricidae) and comparisons across therian mammals. J Anat. 2004 Aug;205(2):99-111. doi: 10.1111/j.0021-8782.2004.00321.x. PMID: 15291793; PMCID: PMC1571333."
Distal tibia ossification (Onset),Captive,361.25,Homo sapiens,2,Female,"Blomquist, G. E. (2009). Brief communication: Methods of sequence heterochrony for describing modular developmental changes in human evolution. Am J Phys Anthropol, 138(2), 231-238."
Distal tibia ossification (Onset),Captive,422.08,Homo sapiens,2,Male,"Blomquist, G. E. (2009). Brief communication: Methods of sequence heterochrony for describing modular developmental changes in human evolution. Am J Phys Anthropol, 138(2), 231-238."
Distal ulna ossification (Onset),Captive,2186.2,Homo sapiens,2,Female,"Blomquist, G. E. (2009). Brief communication: Methods of sequence heterochrony for describing modular developmental changes in human evolution. Am J Phys Anthropol, 138(2), 231-238."
Distal ulna ossification (Onset),Captive,2825,Homo sapiens,2,Male,"Blomquist, G. E. (2009). Brief communication: Methods of sequence heterochrony for describing modular developmental changes in human evolution. Am J Phys Anthropol, 138(2), 231-238."
Drink onset,,795,Homo sapiens,2,Male+Female,"Bründl AC, Tkaczynski PJ, Nohon Kohou G, Boesch C, Wittig RM, Crockford C. Systematic mapping of developmental milestones in wild chimpanzees Dev Sci. In Press. 2020;e12988. doi:10.1111/desc.12988"
Eats solid food (Onset),,536.1,Homo sapiens,2,Male+Female,"Bründl AC, Tkaczynski PJ, Nohon Kohou G, Boesch C, Wittig RM, Crockford C. Systematic mapping of developmental milestones in wild chimpanzees Dev Sci. In Press. 2020;e12988. doi:10.1111/desc.12988"
Eats solid food (Onset),,360,Homo sapiens,2,Male+Female,"Freeman V, van't Hof M, Haschke F, Euro-Growth Study Group. Patterns of milk and food intake in infants from birth to age 36 months: the Euro-growth study. Journal of pediatric gastroenterology and nutrition. 2000 Jul 1;31(1):S76-85."
Eats solid food (Onset),,411,Homo sapiens,2,Male+Female,"Freeman V, van't Hof M, Haschke F, Euro-Growth Study Group. Patterns of milk and food intake in infants from birth to age 36 months: the Euro-growth study. Journal of pediatric gastroenterology and nutrition. 2000 Jul 1;31(1):S76-85."
Eats solid food (Onset),,471,Homo sapiens,2,Male+Female,"Freeman V, van't Hof M, Haschke F, Euro-Growth Study Group. Patterns of milk and food intake in infants from birth to age 36 months: the Euro-growth study. Journal of pediatric gastroenterology and nutrition. 2000 Jul 1;31(1):S76-85."
Eats solid food (Onset),,306,Homo sapiens,2,Male+Female,"Freeman V, van't Hof M, Haschke F, Euro-Growth Study Group. Patterns of milk and food intake in infants from birth to age 36 months: the Euro-growth study. Journal of pediatric gastroenterology and nutrition. 2000 Jul 1;31(1):S76-85."
Eats solid food (Onset),,324,Homo sapiens,2,Male+Female,"Freeman V, van't Hof M, Haschke F, Euro-Growth Study Group. Patterns of milk and food intake in infants from birth to age 36 months: the Euro-growth study. Journal of pediatric gastroenterology and nutrition. 2000 Jul 1;31(1):S76-85."
Eats solid food (Onset),,396,Homo sapiens,2,Male+Female,"Freeman V, van't Hof M, Haschke F, Euro-Growth Study Group. Patterns of milk and food intake in infants from birth to age 36 months: the Euro-growth study. Journal of pediatric gastroenterology and nutrition. 2000 Jul 1;31(1):S76-85."
Eats solid food (Onset),,369,Homo sapiens,2,Male+Female,"Freeman V, van't Hof M, Haschke F, Euro-Growth Study Group. Patterns of milk and food intake in infants from birth to age 36 months: the Euro-growth study. Journal of pediatric gastroenterology and nutrition. 2000 Jul 1;31(1):S76-85."
Eats solid food (Onset),,417,Homo sapiens,2,Male+Female,"Freeman V, van't Hof M, Haschke F, Euro-Growth Study Group. Patterns of milk and food intake in infants from birth to age 36 months: the Euro-growth study. Journal of pediatric gastroenterology and nutrition. 2000 Jul 1;31(1):S76-85."
Eats solid food (Onset),,348,Homo sapiens,2,Male+Female,"Freeman V, van't Hof M, Haschke F, Euro-Growth Study Group. Patterns of milk and food intake in infants from birth to age 36 months: the Euro-growth study. Journal of pediatric gastroenterology and nutrition. 2000 Jul 1;31(1):S76-85."
Eats solid food (Onset),,399,Homo sapiens,2,Male+Female,"Freeman V, van't Hof M, Haschke F, Euro-Growth Study Group. Patterns of milk and food intake in infants from birth to age 36 months: the Euro-growth study. Journal of pediatric gastroenterology and nutrition. 2000 Jul 1;31(1):S76-85."
Eats solid food (Onset),,384,Homo sapiens,2,Male+Female,"Freeman V, van't Hof M, Haschke F, Euro-Growth Study Group. Patterns of milk and food intake in infants from birth to age 36 months: the Euro-growth study. Journal of pediatric gastroenterology and nutrition. 2000 Jul 1;31(1):S76-85."
Eats solid food (Onset),,393,Homo sapiens,2,Male+Female,"Freeman V, van't Hof M, Haschke F, Euro-Growth Study Group. Patterns of milk and food intake in infants from birth to age 36 months: the Euro-growth study. Journal of pediatric gastroenterology and nutrition. 2000 Jul 1;31(1):S76-85."
Eats solid food (Onset),,408,Homo sapiens,2,Male+Female,"Freeman V, van't Hof M, Haschke F, Euro-Growth Study Group. Patterns of milk and food intake in infants from birth to age 36 months: the Euro-growth study. Journal of pediatric gastroenterology and nutrition. 2000 Jul 1;31(1):S76-85."
Eats solid food (Onset),,345,Homo sapiens,2,Male+Female,"Freeman V, van't Hof M, Haschke F, Euro-Growth Study Group. Patterns of milk and food intake in infants from birth to age 36 months: the Euro-growth study. Journal of pediatric gastroenterology and nutrition. 2000 Jul 1;31(1):S76-85."
Eats solid food (Onset),,351,Homo sapiens,2,Male+Female,"Freeman V, van't Hof M, Haschke F, Euro-Growth Study Group. Patterns of milk and food intake in infants from birth to age 36 months: the Euro-growth study. Journal of pediatric gastroenterology and nutrition. 2000 Jul 1;31(1):S76-85."
Eats solid food (Onset),,342,Homo sapiens,2,Male+Female,"Freeman V, van't Hof M, Haschke F, Euro-Growth Study Group. Patterns of milk and food intake in infants from birth to age 36 months: the Euro-growth study. Journal of pediatric gastroenterology and nutrition. 2000 Jul 1;31(1):S76-85."
Eats solid food (Onset),,303,Homo sapiens,2,Male+Female,"Freeman V, van't Hof M, Haschke F, Euro-Growth Study Group. Patterns of milk and food intake in infants from birth to age 36 months: the Euro-growth study. Journal of pediatric gastroenterology and nutrition. 2000 Jul 1;31(1):S76-85."
Eats solid food (Onset),,420,Homo sapiens,2,Male+Female,"Sakashita, R., Inoue, N. & Kamegai, T. From milk to solids: a reference standard for the transitional eating process in infants and preschool children in Japan. Eur J Clin Nutr 58, 643–653 (2004). https://doi.org/10.1038/sj.ejcn.1601860"
Emergence of epiphesis and metaphyses of the the proximal and middle phalanges (digit 2-5),,5380,Homo sapiens,2,Male,"Charvet CJ, Ofori K, Falcone C, Rigby Dames BA. Transcription, structure, and organoids translate time across the lifespan of humans and great apes. PNAS nexus. 2023 Aug;2(8):pgad230."
Emergence of the epiphesis in the distal phalange (thumb),,780,Homo sapiens,2,Male,"Charvet CJ, Ofori K, Falcone C, Rigby Dames BA. Transcription, structure, and organoids translate time across the lifespan of humans and great apes. PNAS nexus. 2023 Aug;2(8):pgad230."
Emergence of the epiphesis in the proximal phalange (thumb),,1140,Homo sapiens,2,Male,"Charvet CJ, Ofori K, Falcone C, Rigby Dames BA. Transcription, structure, and organoids translate time across the lifespan of humans and great apes. PNAS nexus. 2023 Aug;2(8):pgad230."
Erect self from leaning forward,,501,Homo sapiens,2,Male+Female,"Brakke KE, Savage-Rumbaugh ES. Early postural behavior in Pan: Influences on development. Infant Behavior and Development. 1991 Jul 1;14(3):265-88."
Exoccipitals ossification (Onset),,56,Homo sapiens,2,Male+Female,"Strong RM. The order, time, and rate of ossification of the albino rat (Mus norvegicus albinus) skeleton. American Journal of Anatomy. 1925 Nov;36(2):313-55"
External genitalia forms (Onset),,91,Homo sapiens,2,Male+Female,"Takeshita H, Hirata S, Sakai T, Myowa-Yamakoshi M. 2016. Fetal Behavioral Development and Brain Growth in Chimpanzees Versus Humans: A View from Studies with 4D Ultrasonography. In: Fetal Development  (pp. 67-83). Springer, Cham."
External granular layer emerges in the cerebellum,,73.5,Homo sapiens,2,Male+Female,"Rakic, P. and Sidman, R.L., 1970. Histogenesis of cortical layers in human cerebellum, particularly the lamina dissecans. Journal of Comparative Neurology, 139(4), pp.473-500."
External nare is visible,,32,Homo sapiens,2,Male+Female,"Cordero GA, Sánchez-Villagra MR, Werneburg I. An irregular hourglass pattern describes the tempo of phenotypic development in placental mammal evolution. Biology letters. 2020 May 27;16(5):20200087."
Eye opening,,157.5,Homo sapiens,2,Male+Female,"Workman AD, Charvet CJ, Clancy B, Darlington RB, Finlay BL. Modeling transformations of neurodevelopmental sequences across mammalian species. Journal of Neuroscience. 2013 Apr 24;33(17):7368-83."
Fall,,522,Homo sapiens,2,Male+Female,"Brakke KE, Savage-Rumbaugh ES. Early postural behavior in Pan: Influences on development. Infant Behavior and Development. 1991 Jul 1;14(3):265-88."
Fasciculus retroflexus (Habenular-Peduncular Tr.) myelination (Onset),,378,Homo sapiens,2,Male+Female,"Workman AD, Charvet CJ, Clancy B, Darlington RB, Finlay BL. Modeling transformations of neurodevelopmental sequences across mammalian species. Journal of Neuroscience. 2013 Apr 24;33(17):7368-83."
Fasciculus retroflexus appearance,,41,Homo sapiens,2,Male+Female,"O'Rahilly R, Gardner E. The timing and sequence of events in the development of the human nervous system during the embryonic period proper. Zeitschrift für Anatomie und Entwicklungsgeschichte. 1971 Jan;134(1):1-2."
Femoral head ossification (Onset),Captive,361.25,Homo sapiens,2,Female,"Blomquist, G. E. (2009). Brief communication: Methods of sequence heterochrony for describing modular developmental changes in human evolution. Am J Phys Anthropol, 138(2), 231-238."
Femoral head ossification (Onset),Captive,422.08,Homo sapiens,2,Male,"Blomquist, G. E. (2009). Brief communication: Methods of sequence heterochrony for describing modular developmental changes in human evolution. Am J Phys Anthropol, 138(2), 231-238."
Femur distal epiphysis appearance,,266,Homo sapiens,2,Male+Female,"Zoetis, Tracey, Melissa S. Tassinari, Cedo Bagi, Karen Walthall, and Mark E. Hurtt. ""Species comparison of postnatal bone growth and development."" Birth Defects Research Part B: Developmental and Reproductive Toxicology 68, no. 2 (2003): 86-110."
Femur distal epiphysis fusion,,6292.5,Homo sapiens,2,Male+Female,"Zoetis, Tracey, Melissa S. Tassinari, Cedo Bagi, Karen Walthall, and Mark E. Hurtt. ""Species comparison of postnatal bone growth and development."" Birth Defects Research Part B: Developmental and Reproductive Toxicology 68, no. 2 (2003): 86-110."
Femur proximal epiphysis appearance,,2642.5,Homo sapiens,2,Male+Female,"Zoetis, Tracey, Melissa S. Tassinari, Cedo Bagi, Karen Walthall, and Mark E. Hurtt. ""Species comparison of postnatal bone growth and development."" Birth Defects Research Part B: Developmental and Reproductive Toxicology 68, no. 2 (2003): 86-110."
Femur proximal epiphysis fusion,,5745,Homo sapiens,2,Male+Female,"Zoetis, Tracey, Melissa S. Tassinari, Cedo Bagi, Karen Walthall, and Mark E. Hurtt. ""Species comparison of postnatal bone growth and development."" Birth Defects Research Part B: Developmental and Reproductive Toxicology 68, no. 2 (2003): 86-110."
Femur proximal epiphysis greater trochanter appearance,,1730,Homo sapiens,2,Male+Female,Johnson ML. The time and order of appearance of ossification centers in the albino mouse. American Journal of Anatomy. 1933 Mar;52(2):241-71.
Femur proximal epiphysis greater trochanter appearance,,1547.5,Homo sapiens,2,Male+Female,"Zoetis, Tracey, Melissa S. Tassinari, Cedo Bagi, Karen Walthall, and Mark E. Hurtt. ""Species comparison of postnatal bone growth and development."" Birth Defects Research Part B: Developmental and Reproductive Toxicology 68, no. 2 (2003): 86-110."
Femur proximal epiphysis lesser trochanter appearance,,5015,Homo sapiens,2,Male+Female,Johnson ML. The time and order of appearance of ossification centers in the albino mouse. American Journal of Anatomy. 1933 Mar;52(2):241-71.
Femur proximal epiphysis lesser trochanter appearance,,3737.5,Homo sapiens,2,Male+Female,"Zoetis, Tracey, Melissa S. Tassinari, Cedo Bagi, Karen Walthall, and Mark E. Hurtt. ""Species comparison of postnatal bone growth and development."" Birth Defects Research Part B: Developmental and Reproductive Toxicology 68, no. 2 (2003): 86-110."
Fertility cessation,,15235,Homo sapiens,2,Female,"Alberts SC, Altmann J, Brockman DK, Cords M, Fedigan LM, Pusey A, Stoinski TS, Strier KB, Morris WF, Bronikowski AM. Reproductive aging patterns in primates reveal that humans are distinct. Proc Natl Acad Sci U S A. 2013 Aug 13;110(33):13440-5. doi: 10.1073/pnas.1311857110."
Fetus rotates with head down (Onset),,175,Homo sapiens,2,Male+Female,"Takeshita H, Hirata S, Sakai T, Myowa-Yamakoshi M. 2016. Fetal Behavioral Development and Brain Growth in Chimpanzees Versus Humans: A View from Studies with 4D Ultrasonography. In: Fetal Development  (pp. 67-83). Springer, Cham."
Fingers emerge,,50.5,Homo sapiens,2,Male+Female,"Cordero GA, Sánchez-Villagra MR, Werneburg I. An irregular hourglass pattern describes the tempo of phenotypic development in placental mammal evolution. Biology letters. 2020 May 27;16(5):20200087."
First claw (forelimb),,91,Homo sapiens,2,Male+Female,"Cordero GA, Sánchez-Villagra MR, Werneburg I. An irregular hourglass pattern describes the tempo of phenotypic development in placental mammal evolution. Biology letters. 2020 May 27;16(5):20200087."
First claw (hindlimb),,91,Homo sapiens,2,Male+Female,"Cordero GA, Sánchez-Villagra MR, Werneburg I. An irregular hourglass pattern describes the tempo of phenotypic development in placental mammal evolution. Biology letters. 2020 May 27;16(5):20200087."
First cortical visual evoked potential (VEP),,182,Homo sapiens,2,Male+Female,"Workman AD, Charvet CJ, Clancy B, Darlington RB, Finlay BL. Modeling transformations of neurodevelopmental sequences across mammalian species. Journal of Neuroscience. 2013 Apr 24;33(17):7368-83."
forelimb apical ectodermal ridge (AER),,32,Homo sapiens,2,Male+Female,"Cordero GA, Sánchez-Villagra MR, Werneburg I. An irregular hourglass pattern describes the tempo of phenotypic development in placental mammal evolution. Biology letters. 2020 May 27;16(5):20200087."
Forelimb bud emerges,,28,Homo sapiens,2,Male+Female,"Cordero GA, Sánchez-Villagra MR, Werneburg I. An irregular hourglass pattern describes the tempo of phenotypic development in placental mammal evolution. Biology letters. 2020 May 27;16(5):20200087."
Forelimb bud emerges,,24,Homo sapiens,2,Male+Female,"O'Rahilly R, Gardner E. The timing and sequence of events in the development of the human nervous system during the embryonic period proper. Zeitschrift f¸r Anatomie und Entwicklungsgeschichte. 1971 Jan;134(1):1-2"
Forelimb digital plate,,37,Homo sapiens,2,Male+Female,"Cordero GA, Sánchez-Villagra MR, Werneburg I. An irregular hourglass pattern describes the tempo of phenotypic development in placental mammal evolution. Biology letters. 2020 May 27;16(5):20200087."
Forelimb elbow,,33,Homo sapiens,2,Male+Female,"Cordero GA, Sánchez-Villagra MR, Werneburg I. An irregular hourglass pattern describes the tempo of phenotypic development in placental mammal evolution. Biology letters. 2020 May 27;16(5):20200087."
Forelimb elbow,,44,Homo sapiens,2,Male+Female,"O'Rahilly R, Gardner E. The timing and sequence of events in the development of the human nervous system during the embryonic period proper. Zeitschrift f¸r Anatomie und Entwicklungsgeschichte. 1971 Jan;134(1):1-2"
Forelimb elongated,,32,Homo sapiens,2,Male+Female,"Cordero GA, Sánchez-Villagra MR, Werneburg I. An irregular hourglass pattern describes the tempo of phenotypic development in placental mammal evolution. Biology letters. 2020 May 27;16(5):20200087."
Forelimb paddle,,33,Homo sapiens,2,Male+Female,"Cordero GA, Sánchez-Villagra MR, Werneburg I. An irregular hourglass pattern describes the tempo of phenotypic development in placental mammal evolution. Biology letters. 2020 May 27;16(5):20200087."
Forelimb ridge,,26,Homo sapiens,2,Male+Female,"Cordero GA, Sánchez-Villagra MR, Werneburg I. An irregular hourglass pattern describes the tempo of phenotypic development in placental mammal evolution. Biology letters. 2020 May 27;16(5):20200087."
Forelimb ridge,,24,Homo sapiens,2,Male+Female,"O'Rahilly R, Gardner E. The timing and sequence of events in the development of the human nervous system during the embryonic period proper. Zeitschrift f¸r Anatomie und Entwicklungsgeschichte. 1971 Jan;134(1):1-2"
Formation of neural folds,,20,Homo sapiens,2,Male+Female,"Ten Donkelaar HJ, Geysberts LG, Dederen PJ. Stages in the prenatal development of the Chinese hamster (Cricetulus griseus). Anatomy and Embryology. 1979 Jan;156:1-28."
Fornix appearance,,63,Homo sapiens,2,Male+Female,"Workman AD, Charvet CJ, Clancy B, Darlington RB, Finlay BL. Modeling transformations of neurodevelopmental sequences across mammalian species. Journal of Neuroscience. 2013 Apr 24;33(17):7368-83."
Fornix myelination (Onset),,273,Homo sapiens,2,Male+Female,"Workman AD, Charvet CJ, Clancy B, Darlington RB, Finlay BL. Modeling transformations of neurodevelopmental sequences across mammalian species. Journal of Neuroscience. 2013 Apr 24;33(17):7368-83."
Fourth branchial arches emerges,,28,Homo sapiens,2,Male+Female,"Cordero GA, Sánchez-Villagra MR, Werneburg I. An irregular hourglass pattern describes the tempo of phenotypic development in placental mammal evolution. Biology letters. 2020 May 27;16(5):20200087."
Fourth postural stage (Onset),,630,Homo sapiens,2,Male+Female,"Takeshita, H., Hirata, S., Sakai, T., & Myowa-Yamakoshi, M. (2016). Fetal behavioral development and brain growth in chimpanzees versus humans: a view from studies with 4d ultrasonography. In Fetal development (pp. 67-83). Springer, Cham. (book chapter)"
Frontal cortex reaches adult volume,,2277.5,Homo sapiens,2,Male+Female,"Hendy JP, Takahashi E, van der Kouwe AJ, Charvet CJ. Brain Wiring and Supragranular-Enriched Genes Linked to Protracted Human Frontal Cortex Development. Cereb Cortex. 2020 Oct 1;30(11):5654-5666. doi: 10.1093/cercor/bhaa135."
Frontal ossification (Onset),,56,Homo sapiens,2,Male+Female,"Strong RM. The order, time, and rate of ossification of the albino rat (Mus norvegicus albinus) skeleton. American Journal of Anatomy. 1925 Nov;36(2):313-55"
GABA cells in the subplate appearance,,49,Homo sapiens,2,Male+Female,"Zecevic N, Milosevic A. Initial development of γ‐aminobutyric acid immunoreactivity in the human cerebral cortex. Journal of Comparative Neurology. 1997 Apr 21;380(4):495-506."
GABAir cells in lower intermediate zone/subventricular border (no synapses),,77,Homo sapiens,2,Male+Female,"Workman AD, Charvet CJ, Clancy B, Darlington RB, Finlay BL. Modeling transformations of neurodevelopmental sequences across mammalian species. Journal of Neuroscience. 2013 Apr 24;33(17):7368-83."
Ganglionic eminence - Peak volume,,168,Homo sapiens,2,Male+Female,"Charvet CJ, Šimić G, Kostović I, Knezović V, Vukšić M, Babić Leko M, Takahashi E, Sherwood CC, Wolfe MD, Finlay BL. Coevolution in the timing of GABAergic and pyramidal neuron maturation in primates. Proc Biol Sci. 2017 Aug 30;284(1861):20171169. doi: 10.1098/rspb.2017.1169."
Gastrula stage,,14,Homo sapiens,2,Male+Female,"Noden DM, Lahunta AD. The embryology of domestic animals. Developmental mechanisms and malformations. Williams & Wilkins; 1985."
Gestation as a reference point,,270,Homo sapiens,2,Male+Female,"Workman AD, Charvet CJ, Clancy B, Darlington RB, Finlay BL. Modeling transformations of neurodevelopmental sequences across mammalian species. Journal of Neuroscience. 2013 Apr 24;33(17):7368-83."
Reported Gestation,Captive,280,Homo sapiens,2,Male+Female,"https://genomics.senescence.info/species/dataset.zip; AnAge Build 15; de Magalhaes, J. P., Abidi, Z., Dos Santos, G. A., Avelar, R. A., Barardo, D., Chatsirisupachai, K., Clark, P., De-Souza, E. A., Johnson, E. J., Lopes, I., Novoa, G., Senez, L., Talay, A., Thornton, D., & To, P. K. P. (2024). Human Ageing Genomic Resources: updates on key databases in ageing research. Nucleic Acids Res, 52(D1), D900-D908."
Reported Gestation,,270,Homo sapiens,2,Male+Female,"Garwicz, M., Christensson, M., & Psouni, E. (2009). A unifying model for timing of walking onset in humans and other mammals. Proc Natl Acad Sci U S A, 106(51), 21889-21893. https://doi.org/10.1073/pnas.0905777106"
Reported Gestation,Captive+Wild,274.78,Homo sapiens,2,Male+Female,"https://esapubs.org/archive/ecol/E090/184/PanTHERIA_1-0_WR05_Aug2008.txt; Jones, K. E., Bielby, J., Cardillo, M., Fritz, S. A., O'Dell, J., Orme, C. D. L., Safi, K., Sechrest, W., Boakes, E. H., Carbone, C., Connolly, C., Cutts, M. J., Foster, J. K., Grenyer, R., Habib, M., Plaster, C. A., Price, S. A., Rigby, E. A., Rist, J., . . . Michener, W. K. (2009). PanTHERIA: a species-level database of life history, ecology, and geography of extant and recently extinct mammals. Ecology, 90(9), 2648-2648. https://doi.org/10.1890/08-1494.1"
Reported Gestation,,280,Homo sapiens,2,Male+Female,"https://figshare.com/articles/dataset/Full_Archive/3563457?backTo=/collections/An_amniote_life-history_database_to_perform_comparative_analyses_with_birds_mammals_and_reptiles/3308127; Myhrvold, N. P., Baldridge, E., Chan, B., Sivam, D., Freeman, D. L., & Ernest, S. M. (2015). An amniote life‐history database to perform comparative analyses with birds, mammals, and reptiles: Ecological Archives E096‐269. Ecology, 96(11), 3109-3109."
Greater multangular ossification (Onset),Captive,1730,Homo sapiens,2,Female,"Blomquist, G. E. (2009). Brief communication: Methods of sequence heterochrony for describing modular developmental changes in human evolution. Am J Phys Anthropol, 138(2), 231-238."
Greater multangular ossification (Onset),Captive,2247.1,Homo sapiens,2,Male,"Blomquist, G. E. (2009). Brief communication: Methods of sequence heterochrony for describing modular developmental changes in human evolution. Am J Phys Anthropol, 138(2), 231-238."
Greater trochanter femur ossification (Onset),Captive,1182.5,Homo sapiens,2,Female,"Blomquist, G. E. (2009). Brief communication: Methods of sequence heterochrony for describing modular developmental changes in human evolution. Am J Phys Anthropol, 138(2), 231-238."
Greater trochanter femur ossification (Onset),Captive,1577.9,Homo sapiens,2,Male,"Blomquist, G. E. (2009). Brief communication: Methods of sequence heterochrony for describing modular developmental changes in human evolution. Am J Phys Anthropol, 138(2), 231-238."
Greater trochanter of the femur fusion,,6110,Homo sapiens,2,Male+Female,"Zoetis, Tracey, Melissa S. Tassinari, Cedo Bagi, Karen Walthall, and Mark E. Hurtt. ""Species comparison of postnatal bone growth and development."" Birth Defects Research Part B: Developmental and Reproductive Toxicology 68, no. 2 (2003): 86-110."
Greater tubercle humerus ossification (Onset),Captive,482.92,Homo sapiens,2,Female,"Blomquist, G. E. (2009). Brief communication: Methods of sequence heterochrony for describing modular developmental changes in human evolution. Am J Phys Anthropol, 138(2), 231-238."
Greater tubercle humerus ossification (Onset),Captive,635,Homo sapiens,2,Male,"Blomquist, G. E. (2009). Brief communication: Methods of sequence heterochrony for describing modular developmental changes in human evolution. Am J Phys Anthropol, 138(2), 231-238."
Growth in skeletal development (RUS score) (Peak),,378,Homo sapiens,2,Female,"Hamada Y, Udono T, Teramoto M, Hayasaka I. Development of the hand and wrist bones in chimpanzees. Primates. 1998 Apr;39:157-69."
Growth in skeletal development (RUS score) (Peak),,398,Homo sapiens,2,Male,"Hamada Y, Udono T, Teramoto M, Hayasaka I. Development of the hand and wrist bones in chimpanzees. Primates. 1998 Apr;39:157-69."
Growth subdivisions (frontal cortex corpus callosum) 1,,452.5,Homo sapiens,2,Male+Female,"Sakai T, Mikami A, Tomonaga M, Matsui M, Suzuki J, Hamada Y, Tanaka M, Miyabe-Nishiwaki T, Makishima H, Nakatsukasa M, Matsuzawa T. Differential prefrontal white matter development in chimpanzees and humans. Curr Biol. 2011 Aug 23;21(16):1397-402. doi: 10.1016/j.cub.2011.07.019. Epub 2011 Aug 11. Erratum in: Curr Biol. 2012 Jan 24;22(2):171. PMID: 21835623. & Sakai T, Mikami A, Suzuki J, Miyabe-Nishiwaki T, Matsui M, Tomonaga M, Hamada Y, Matsuzawa T, Okano H, Oishi K. Developmental trajectory of the corpus callosum from infancy to the juvenile stage: Comparative MRI between chimpanzees and humans. PLoS One. 2017 Jun 27;12(6):e0179624. doi: 10.1371/journal.pone.0179624. PMID: 28654656; PMCID: PMC5487015."
Growth subdivisions (frontal cortex corpus callosum) 10,,2095,Homo sapiens,2,Male+Female,"Sakai T, Mikami A, Tomonaga M, Matsui M, Suzuki J, Hamada Y, Tanaka M, Miyabe-Nishiwaki T, Makishima H, Nakatsukasa M, Matsuzawa T. Differential prefrontal white matter development in chimpanzees and humans. Curr Biol. 2011 Aug 23;21(16):1397-402. doi: 10.1016/j.cub.2011.07.019. Epub 2011 Aug 11. Erratum in: Curr Biol. 2012 Jan 24;22(2):171. PMID: 21835623. & Sakai T, Mikami A, Suzuki J, Miyabe-Nishiwaki T, Matsui M, Tomonaga M, Hamada Y, Matsuzawa T, Okano H, Oishi K. Developmental trajectory of the corpus callosum from infancy to the juvenile stage: Comparative MRI between chimpanzees and humans. PLoS One. 2017 Jun 27;12(6):e0179624. doi: 10.1371/journal.pone.0179624. PMID: 28654656; PMCID: PMC5487015."
Growth subdivisions (frontal cortex corpus callosum) 11,,2277.5,Homo sapiens,2,Male+Female,"Sakai T, Mikami A, Tomonaga M, Matsui M, Suzuki J, Hamada Y, Tanaka M, Miyabe-Nishiwaki T, Makishima H, Nakatsukasa M, Matsuzawa T. Differential prefrontal white matter development in chimpanzees and humans. Curr Biol. 2011 Aug 23;21(16):1397-402. doi: 10.1016/j.cub.2011.07.019. Epub 2011 Aug 11. Erratum in: Curr Biol. 2012 Jan 24;22(2):171. PMID: 21835623. & Sakai T, Mikami A, Suzuki J, Miyabe-Nishiwaki T, Matsui M, Tomonaga M, Hamada Y, Matsuzawa T, Okano H, Oishi K. Developmental trajectory of the corpus callosum from infancy to the juvenile stage: Comparative MRI between chimpanzees and humans. PLoS One. 2017 Jun 27;12(6):e0179624. doi: 10.1371/journal.pone.0179624. PMID: 28654656; PMCID: PMC5487015."
Growth subdivisions (frontal cortex corpus callosum) 12,,2460,Homo sapiens,2,Male+Female,"Sakai T, Mikami A, Tomonaga M, Matsui M, Suzuki J, Hamada Y, Tanaka M, Miyabe-Nishiwaki T, Makishima H, Nakatsukasa M, Matsuzawa T. Differential prefrontal white matter development in chimpanzees and humans. Curr Biol. 2011 Aug 23;21(16):1397-402. doi: 10.1016/j.cub.2011.07.019. Epub 2011 Aug 11. Erratum in: Curr Biol. 2012 Jan 24;22(2):171. PMID: 21835623. & Sakai T, Mikami A, Suzuki J, Miyabe-Nishiwaki T, Matsui M, Tomonaga M, Hamada Y, Matsuzawa T, Okano H, Oishi K. Developmental trajectory of the corpus callosum from infancy to the juvenile stage: Comparative MRI between chimpanzees and humans. PLoS One. 2017 Jun 27;12(6):e0179624. doi: 10.1371/journal.pone.0179624. PMID: 28654656; PMCID: PMC5487015."
Growth subdivisions (frontal cortex corpus callosum) 13,,2642.5,Homo sapiens,2,Male+Female,"Sakai T, Mikami A, Tomonaga M, Matsui M, Suzuki J, Hamada Y, Tanaka M, Miyabe-Nishiwaki T, Makishima H, Nakatsukasa M, Matsuzawa T. Differential prefrontal white matter development in chimpanzees and humans. Curr Biol. 2011 Aug 23;21(16):1397-402. doi: 10.1016/j.cub.2011.07.019. Epub 2011 Aug 11. Erratum in: Curr Biol. 2012 Jan 24;22(2):171. PMID: 21835623. & Sakai T, Mikami A, Suzuki J, Miyabe-Nishiwaki T, Matsui M, Tomonaga M, Hamada Y, Matsuzawa T, Okano H, Oishi K. Developmental trajectory of the corpus callosum from infancy to the juvenile stage: Comparative MRI between chimpanzees and humans. PLoS One. 2017 Jun 27;12(6):e0179624. doi: 10.1371/journal.pone.0179624. PMID: 28654656; PMCID: PMC5487015."
Growth subdivisions (frontal cortex corpus callosum) 14,,2825,Homo sapiens,2,Male+Female,"Sakai T, Mikami A, Tomonaga M, Matsui M, Suzuki J, Hamada Y, Tanaka M, Miyabe-Nishiwaki T, Makishima H, Nakatsukasa M, Matsuzawa T. Differential prefrontal white matter development in chimpanzees and humans. Curr Biol. 2011 Aug 23;21(16):1397-402. doi: 10.1016/j.cub.2011.07.019. Epub 2011 Aug 11. Erratum in: Curr Biol. 2012 Jan 24;22(2):171. PMID: 21835623. & Sakai T, Mikami A, Suzuki J, Miyabe-Nishiwaki T, Matsui M, Tomonaga M, Hamada Y, Matsuzawa T, Okano H, Oishi K. Developmental trajectory of the corpus callosum from infancy to the juvenile stage: Comparative MRI between chimpanzees and humans. PLoS One. 2017 Jun 27;12(6):e0179624. doi: 10.1371/journal.pone.0179624. PMID: 28654656; PMCID: PMC5487015."
Growth subdivisions (frontal cortex corpus callosum) 15,,3007.5,Homo sapiens,2,Male+Female,"Sakai T, Mikami A, Tomonaga M, Matsui M, Suzuki J, Hamada Y, Tanaka M, Miyabe-Nishiwaki T, Makishima H, Nakatsukasa M, Matsuzawa T. Differential prefrontal white matter development in chimpanzees and humans. Curr Biol. 2011 Aug 23;21(16):1397-402. doi: 10.1016/j.cub.2011.07.019. Epub 2011 Aug 11. Erratum in: Curr Biol. 2012 Jan 24;22(2):171. PMID: 21835623. & Sakai T, Mikami A, Suzuki J, Miyabe-Nishiwaki T, Matsui M, Tomonaga M, Hamada Y, Matsuzawa T, Okano H, Oishi K. Developmental trajectory of the corpus callosum from infancy to the juvenile stage: Comparative MRI between chimpanzees and humans. PLoS One. 2017 Jun 27;12(6):e0179624. doi: 10.1371/journal.pone.0179624. PMID: 28654656; PMCID: PMC5487015."
Growth subdivisions (frontal cortex corpus callosum) 16,,3190,Homo sapiens,2,Male+Female,"Sakai T, Mikami A, Tomonaga M, Matsui M, Suzuki J, Hamada Y, Tanaka M, Miyabe-Nishiwaki T, Makishima H, Nakatsukasa M, Matsuzawa T. Differential prefrontal white matter development in chimpanzees and humans. Curr Biol. 2011 Aug 23;21(16):1397-402. doi: 10.1016/j.cub.2011.07.019. Epub 2011 Aug 11. Erratum in: Curr Biol. 2012 Jan 24;22(2):171. PMID: 21835623. & Sakai T, Mikami A, Suzuki J, Miyabe-Nishiwaki T, Matsui M, Tomonaga M, Hamada Y, Matsuzawa T, Okano H, Oishi K. Developmental trajectory of the corpus callosum from infancy to the juvenile stage: Comparative MRI between chimpanzees and humans. PLoS One. 2017 Jun 27;12(6):e0179624. doi: 10.1371/journal.pone.0179624. PMID: 28654656; PMCID: PMC5487015."
Growth subdivisions (frontal cortex corpus callosum) 17,,3372.5,Homo sapiens,2,Male+Female,"Sakai T, Mikami A, Tomonaga M, Matsui M, Suzuki J, Hamada Y, Tanaka M, Miyabe-Nishiwaki T, Makishima H, Nakatsukasa M, Matsuzawa T. Differential prefrontal white matter development in chimpanzees and humans. Curr Biol. 2011 Aug 23;21(16):1397-402. doi: 10.1016/j.cub.2011.07.019. Epub 2011 Aug 11. Erratum in: Curr Biol. 2012 Jan 24;22(2):171. PMID: 21835623. & Sakai T, Mikami A, Suzuki J, Miyabe-Nishiwaki T, Matsui M, Tomonaga M, Hamada Y, Matsuzawa T, Okano H, Oishi K. Developmental trajectory of the corpus callosum from infancy to the juvenile stage: Comparative MRI between chimpanzees and humans. PLoS One. 2017 Jun 27;12(6):e0179624. doi: 10.1371/journal.pone.0179624. PMID: 28654656; PMCID: PMC5487015."
Growth subdivisions (frontal cortex corpus callosum) 18,,3555,Homo sapiens,2,Male+Female,"Sakai T, Mikami A, Tomonaga M, Matsui M, Suzuki J, Hamada Y, Tanaka M, Miyabe-Nishiwaki T, Makishima H, Nakatsukasa M, Matsuzawa T. Differential prefrontal white matter development in chimpanzees and humans. Curr Biol. 2011 Aug 23;21(16):1397-402. doi: 10.1016/j.cub.2011.07.019. Epub 2011 Aug 11. Erratum in: Curr Biol. 2012 Jan 24;22(2):171. PMID: 21835623. & Sakai T, Mikami A, Suzuki J, Miyabe-Nishiwaki T, Matsui M, Tomonaga M, Hamada Y, Matsuzawa T, Okano H, Oishi K. Developmental trajectory of the corpus callosum from infancy to the juvenile stage: Comparative MRI between chimpanzees and humans. PLoS One. 2017 Jun 27;12(6):e0179624. doi: 10.1371/journal.pone.0179624. PMID: 28654656; PMCID: PMC5487015."
Growth subdivisions (frontal cortex corpus callosum) 19,,3737.5,Homo sapiens,2,Male+Female,"Sakai T, Mikami A, Tomonaga M, Matsui M, Suzuki J, Hamada Y, Tanaka M, Miyabe-Nishiwaki T, Makishima H, Nakatsukasa M, Matsuzawa T. Differential prefrontal white matter development in chimpanzees and humans. Curr Biol. 2011 Aug 23;21(16):1397-402. doi: 10.1016/j.cub.2011.07.019. Epub 2011 Aug 11. Erratum in: Curr Biol. 2012 Jan 24;22(2):171. PMID: 21835623. & Sakai T, Mikami A, Suzuki J, Miyabe-Nishiwaki T, Matsui M, Tomonaga M, Hamada Y, Matsuzawa T, Okano H, Oishi K. Developmental trajectory of the corpus callosum from infancy to the juvenile stage: Comparative MRI between chimpanzees and humans. PLoS One. 2017 Jun 27;12(6):e0179624. doi: 10.1371/journal.pone.0179624. PMID: 28654656; PMCID: PMC5487015."
Growth subdivisions (frontal cortex corpus callosum) 2,,635,Homo sapiens,2,Male+Female,"Sakai T, Mikami A, Tomonaga M, Matsui M, Suzuki J, Hamada Y, Tanaka M, Miyabe-Nishiwaki T, Makishima H, Nakatsukasa M, Matsuzawa T. Differential prefrontal white matter development in chimpanzees and humans. Curr Biol. 2011 Aug 23;21(16):1397-402. doi: 10.1016/j.cub.2011.07.019. Epub 2011 Aug 11. Erratum in: Curr Biol. 2012 Jan 24;22(2):171. PMID: 21835623. & Sakai T, Mikami A, Suzuki J, Miyabe-Nishiwaki T, Matsui M, Tomonaga M, Hamada Y, Matsuzawa T, Okano H, Oishi K. Developmental trajectory of the corpus callosum from infancy to the juvenile stage: Comparative MRI between chimpanzees and humans. PLoS One. 2017 Jun 27;12(6):e0179624. doi: 10.1371/journal.pone.0179624. PMID: 28654656; PMCID: PMC5487015."
Growth subdivisions (frontal cortex corpus callosum) 20,,3920,Homo sapiens,2,Male+Female,"Sakai T, Mikami A, Tomonaga M, Matsui M, Suzuki J, Hamada Y, Tanaka M, Miyabe-Nishiwaki T, Makishima H, Nakatsukasa M, Matsuzawa T. Differential prefrontal white matter development in chimpanzees and humans. Curr Biol. 2011 Aug 23;21(16):1397-402. doi: 10.1016/j.cub.2011.07.019. Epub 2011 Aug 11. Erratum in: Curr Biol. 2012 Jan 24;22(2):171. PMID: 21835623. & Sakai T, Mikami A, Suzuki J, Miyabe-Nishiwaki T, Matsui M, Tomonaga M, Hamada Y, Matsuzawa T, Okano H, Oishi K. Developmental trajectory of the corpus callosum from infancy to the juvenile stage: Comparative MRI between chimpanzees and humans. PLoS One. 2017 Jun 27;12(6):e0179624. doi: 10.1371/journal.pone.0179624. PMID: 28654656; PMCID: PMC5487015."
Growth subdivisions (frontal cortex corpus callosum) 21,,4102.5,Homo sapiens,2,Male+Female,"Sakai T, Mikami A, Tomonaga M, Matsui M, Suzuki J, Hamada Y, Tanaka M, Miyabe-Nishiwaki T, Makishima H, Nakatsukasa M, Matsuzawa T. Differential prefrontal white matter development in chimpanzees and humans. Curr Biol. 2011 Aug 23;21(16):1397-402. doi: 10.1016/j.cub.2011.07.019. Epub 2011 Aug 11. Erratum in: Curr Biol. 2012 Jan 24;22(2):171. PMID: 21835623. & Sakai T, Mikami A, Suzuki J, Miyabe-Nishiwaki T, Matsui M, Tomonaga M, Hamada Y, Matsuzawa T, Okano H, Oishi K. Developmental trajectory of the corpus callosum from infancy to the juvenile stage: Comparative MRI between chimpanzees and humans. PLoS One. 2017 Jun 27;12(6):e0179624. doi: 10.1371/journal.pone.0179624. PMID: 28654656; PMCID: PMC5487015."
Growth subdivisions (frontal cortex corpus callosum) 3,,817.5,Homo sapiens,2,Male+Female,"Sakai T, Mikami A, Tomonaga M, Matsui M, Suzuki J, Hamada Y, Tanaka M, Miyabe-Nishiwaki T, Makishima H, Nakatsukasa M, Matsuzawa T. Differential prefrontal white matter development in chimpanzees and humans. Curr Biol. 2011 Aug 23;21(16):1397-402. doi: 10.1016/j.cub.2011.07.019. Epub 2011 Aug 11. Erratum in: Curr Biol. 2012 Jan 24;22(2):171. PMID: 21835623. & Sakai T, Mikami A, Suzuki J, Miyabe-Nishiwaki T, Matsui M, Tomonaga M, Hamada Y, Matsuzawa T, Okano H, Oishi K. Developmental trajectory of the corpus callosum from infancy to the juvenile stage: Comparative MRI between chimpanzees and humans. PLoS One. 2017 Jun 27;12(6):e0179624. doi: 10.1371/journal.pone.0179624. PMID: 28654656; PMCID: PMC5487015."
Growth subdivisions (frontal cortex corpus callosum) 4,,1000,Homo sapiens,2,Male+Female,"Sakai T, Mikami A, Tomonaga M, Matsui M, Suzuki J, Hamada Y, Tanaka M, Miyabe-Nishiwaki T, Makishima H, Nakatsukasa M, Matsuzawa T. Differential prefrontal white matter development in chimpanzees and humans. Curr Biol. 2011 Aug 23;21(16):1397-402. doi: 10.1016/j.cub.2011.07.019. Epub 2011 Aug 11. Erratum in: Curr Biol. 2012 Jan 24;22(2):171. PMID: 21835623. & Sakai T, Mikami A, Suzuki J, Miyabe-Nishiwaki T, Matsui M, Tomonaga M, Hamada Y, Matsuzawa T, Okano H, Oishi K. Developmental trajectory of the corpus callosum from infancy to the juvenile stage: Comparative MRI between chimpanzees and humans. PLoS One. 2017 Jun 27;12(6):e0179624. doi: 10.1371/journal.pone.0179624. PMID: 28654656; PMCID: PMC5487015."
Growth subdivisions (frontal cortex corpus callosum) 5,,1182.5,Homo sapiens,2,Male+Female,"Sakai T, Mikami A, Tomonaga M, Matsui M, Suzuki J, Hamada Y, Tanaka M, Miyabe-Nishiwaki T, Makishima H, Nakatsukasa M, Matsuzawa T. Differential prefrontal white matter development in chimpanzees and humans. Curr Biol. 2011 Aug 23;21(16):1397-402. doi: 10.1016/j.cub.2011.07.019. Epub 2011 Aug 11. Erratum in: Curr Biol. 2012 Jan 24;22(2):171. PMID: 21835623. & Sakai T, Mikami A, Suzuki J, Miyabe-Nishiwaki T, Matsui M, Tomonaga M, Hamada Y, Matsuzawa T, Okano H, Oishi K. Developmental trajectory of the corpus callosum from infancy to the juvenile stage: Comparative MRI between chimpanzees and humans. PLoS One. 2017 Jun 27;12(6):e0179624. doi: 10.1371/journal.pone.0179624. PMID: 28654656; PMCID: PMC5487015."
Growth subdivisions (frontal cortex corpus callosum) 6,,1365,Homo sapiens,2,Male+Female,"Sakai T, Mikami A, Tomonaga M, Matsui M, Suzuki J, Hamada Y, Tanaka M, Miyabe-Nishiwaki T, Makishima H, Nakatsukasa M, Matsuzawa T. Differential prefrontal white matter development in chimpanzees and humans. Curr Biol. 2011 Aug 23;21(16):1397-402. doi: 10.1016/j.cub.2011.07.019. Epub 2011 Aug 11. Erratum in: Curr Biol. 2012 Jan 24;22(2):171. PMID: 21835623. & Sakai T, Mikami A, Suzuki J, Miyabe-Nishiwaki T, Matsui M, Tomonaga M, Hamada Y, Matsuzawa T, Okano H, Oishi K. Developmental trajectory of the corpus callosum from infancy to the juvenile stage: Comparative MRI between chimpanzees and humans. PLoS One. 2017 Jun 27;12(6):e0179624. doi: 10.1371/journal.pone.0179624. PMID: 28654656; PMCID: PMC5487015."
Growth subdivisions (frontal cortex corpus callosum) 7,,1547.5,Homo sapiens,2,Male+Female,"Sakai T, Mikami A, Tomonaga M, Matsui M, Suzuki J, Hamada Y, Tanaka M, Miyabe-Nishiwaki T, Makishima H, Nakatsukasa M, Matsuzawa T. Differential prefrontal white matter development in chimpanzees and humans. Curr Biol. 2011 Aug 23;21(16):1397-402. doi: 10.1016/j.cub.2011.07.019. Epub 2011 Aug 11. Erratum in: Curr Biol. 2012 Jan 24;22(2):171. PMID: 21835623. & Sakai T, Mikami A, Suzuki J, Miyabe-Nishiwaki T, Matsui M, Tomonaga M, Hamada Y, Matsuzawa T, Okano H, Oishi K. Developmental trajectory of the corpus callosum from infancy to the juvenile stage: Comparative MRI between chimpanzees and humans. PLoS One. 2017 Jun 27;12(6):e0179624. doi: 10.1371/journal.pone.0179624. PMID: 28654656; PMCID: PMC5487015."
Growth subdivisions (frontal cortex corpus callosum) 8,,1730,Homo sapiens,2,Male+Female,"Sakai T, Mikami A, Tomonaga M, Matsui M, Suzuki J, Hamada Y, Tanaka M, Miyabe-Nishiwaki T, Makishima H, Nakatsukasa M, Matsuzawa T. Differential prefrontal white matter development in chimpanzees and humans. Curr Biol. 2011 Aug 23;21(16):1397-402. doi: 10.1016/j.cub.2011.07.019. Epub 2011 Aug 11. Erratum in: Curr Biol. 2012 Jan 24;22(2):171. PMID: 21835623. & Sakai T, Mikami A, Suzuki J, Miyabe-Nishiwaki T, Matsui M, Tomonaga M, Hamada Y, Matsuzawa T, Okano H, Oishi K. Developmental trajectory of the corpus callosum from infancy to the juvenile stage: Comparative MRI between chimpanzees and humans. PLoS One. 2017 Jun 27;12(6):e0179624. doi: 10.1371/journal.pone.0179624. PMID: 28654656; PMCID: PMC5487015."
Growth subdivisions (frontal cortex corpus callosum) 9,,1912.5,Homo sapiens,2,Male+Female,"Sakai T, Mikami A, Tomonaga M, Matsui M, Suzuki J, Hamada Y, Tanaka M, Miyabe-Nishiwaki T, Makishima H, Nakatsukasa M, Matsuzawa T. Differential prefrontal white matter development in chimpanzees and humans. Curr Biol. 2011 Aug 23;21(16):1397-402. doi: 10.1016/j.cub.2011.07.019. Epub 2011 Aug 11. Erratum in: Curr Biol. 2012 Jan 24;22(2):171. PMID: 21835623. & Sakai T, Mikami A, Suzuki J, Miyabe-Nishiwaki T, Matsui M, Tomonaga M, Hamada Y, Matsuzawa T, Okano H, Oishi K. Developmental trajectory of the corpus callosum from infancy to the juvenile stage: Comparative MRI between chimpanzees and humans. PLoS One. 2017 Jun 27;12(6):e0179624. doi: 10.1371/journal.pone.0179624. PMID: 28654656; PMCID: PMC5487015."
Hamate ossification (Onset),Captive,330.83,Homo sapiens,2,Female,"Blomquist, G. E. (2009). Brief communication: Methods of sequence heterochrony for describing modular developmental changes in human evolution. Am J Phys Anthropol, 138(2), 231-238."
Hamate ossification (Onset),Captive,391.67,Homo sapiens,2,Male,"Blomquist, G. E. (2009). Brief communication: Methods of sequence heterochrony for describing modular developmental changes in human evolution. Am J Phys Anthropol, 138(2), 231-238."
Hamate ossification (Onset),,570,Homo sapiens,2,Male+Female,"Prochel J, Vogel P, Sánchez-Villagra MR. Hand development and sequence of ossification in the forelimb of the European shrew Crocidura russula (Soricidae) and comparisons across therian mammals. J Anat. 2004 Aug;205(2):99-111. doi: 10.1111/j.0021-8782.2004.00321.x. PMID: 15291793; PMCID: PMC1571333."
Hand to face contact (Onset),,70,Homo sapiens,2,Male+Female,"Kurjak A, Pooh RK, Merce LT, Carrera JM, Salihagic-Kadic A, Andonotopo W. 2005. Structural and functional early human development assessed by three-dimensional and four-dimensional sonography. Fertil Steril. 84(5):1285-1299. doi:10.1016/j.fertnstert.2005.03.084"
Hand to face contact (Onset),,70.7,Homo sapiens,2,Male+Female,"Lüchinger, A., Hadders-Algra, M., van Kan, C. et al. Fetal Onset of General Movements. Pediatr Res 63, 191–195 (2008). https://doi.org/10.1203/PDR.0b013e31815ed03e"
Hand to face contact (Onset),,70,Homo sapiens,2,Male+Female,"Report by de Vries et al. 1982; Lüchinger, A., Hadders-Algra, M., van Kan, C. et al. Fetal Onset of General Movements. Pediatr Res 63, 191–195 (2008). https://doi.org/10.1203/PDR.0b013e31815ed03e"
Heart: cardiac loop emerges,,50,Homo sapiens,2,Male+Female,"Krishnan A, Samtani R, Dhanantwari P, Lee E, Yamada S, Shiota K, Donofrio MT, Leatherbury L, Lo CW. A detailed comparison of mouse and human cardiac development. Pediatric research. 2014 Dec;76(6):500-7."
Hemaglobin (Peak or plateau),,8300,Homo sapiens,2,Male,"Fulwood R. Hematological and nutritional biochemistry reference data of persons 6 months-74 years of age, United States, 1976-80."
Hemaglobin (Peak or plateau),,7157.55,Homo sapiens,2,Male,"Phillips R, Wood H, Weaving G, Chevassut T. Changes in full blood count parameters with age and sex: results of a survey of almost 900 000 patient samples from primary care. British journal of haematology. 2021 Feb 15;192(4)."
Hemaglobin (Peak or plateau),,4602.55,Homo sapiens,2,Female,"Phillips R, Wood H, Weaving G, Chevassut T. Changes in full blood count parameters with age and sex: results of a survey of almost 900 000 patient samples from primary care. British journal of haematology. 2021 Feb 15;192(4)."
Hematocrit (Peak),,8300,Homo sapiens,2,Male,"Fulwood R. Hematological and nutritional biochemistry reference data of persons 6 months-74 years of age, United States, 1976-80."
Hindlimb bud emerges,,32,Homo sapiens,2,Male+Female,"Cordero GA, Sánchez-Villagra MR, Werneburg I. An irregular hourglass pattern describes the tempo of phenotypic development in placental mammal evolution. Biology letters. 2020 May 27;16(5):20200087."
Hindlimb digital plate,,41,Homo sapiens,2,Male+Female,"Cordero GA, Sánchez-Villagra MR, Werneburg I. An irregular hourglass pattern describes the tempo of phenotypic development in placental mammal evolution. Biology letters. 2020 May 27;16(5):20200087."
Hindlimb elongated,,33,Homo sapiens,2,Male+Female,"Cordero GA, Sánchez-Villagra MR, Werneburg I. An irregular hourglass pattern describes the tempo of phenotypic development in placental mammal evolution. Biology letters. 2020 May 27;16(5):20200087."
Hindlimb knee,,41,Homo sapiens,2,Male+Female,"Cordero GA, Sánchez-Villagra MR, Werneburg I. An irregular hourglass pattern describes the tempo of phenotypic development in placental mammal evolution. Biology letters. 2020 May 27;16(5):20200087."
Hindlimb paddle,,37,Homo sapiens,2,Male+Female,"Cordero GA, Sánchez-Villagra MR, Werneburg I. An irregular hourglass pattern describes the tempo of phenotypic development in placental mammal evolution. Biology letters. 2020 May 27;16(5):20200087."
Hindlimb ridge,,28,Homo sapiens,2,Male+Female,"Cordero GA, Sánchez-Villagra MR, Werneburg I. An irregular hourglass pattern describes the tempo of phenotypic development in placental mammal evolution. Biology letters. 2020 May 27;16(5):20200087."
Hippocampal commisure appearance,,77,Homo sapiens,2,Male+Female,"Workman AD, Charvet CJ, Clancy B, Darlington RB, Finlay BL. Modeling transformations of neurodevelopmental sequences across mammalian species. Journal of Neuroscience. 2013 Apr 24;33(17):7368-83."
Hippocampus myelination (Onset),,371,Homo sapiens,2,Male+Female,"Workman AD, Charvet CJ, Clancy B, Darlington RB, Finlay BL. Modeling transformations of neurodevelopmental sequences across mammalian species. Journal of Neuroscience. 2013 Apr 24;33(17):7368-83."
"Hips flex, legs flex or ext (Offset)",,495,Homo sapiens,2,Male+Female,"Brakke KE, Savage-Rumbaugh ES. Early postural behavior in Pan: Influences on development. Infant Behavior and Development. 1991 Jul 1;14(3):265-88."
Humerus distal epiphysis appearance,,2185,Homo sapiens,2,Male+Female,"Zoetis, Tracey, Melissa S. Tassinari, Cedo Bagi, Karen Walthall, and Mark E. Hurtt. ""Species comparison of postnatal bone growth and development."" Birth Defects Research Part B: Developmental and Reproductive Toxicology 68, no. 2 (2003): 86-110."
Humerus distal epiphysis capitellum appearance,,725,Homo sapiens,2,Male+Female,"Zoetis, Tracey, Melissa S. Tassinari, Cedo Bagi, Karen Walthall, and Mark E. Hurtt. ""Species comparison of postnatal bone growth and development."" Birth Defects Research Part B: Developmental and Reproductive Toxicology 68, no. 2 (2003): 86-110."
Humerus distal epiphysis fusion,,5745,Homo sapiens,2,Male+Female,"Zoetis, Tracey, Melissa S. Tassinari, Cedo Bagi, Karen Walthall, and Mark E. Hurtt. ""Species comparison of postnatal bone growth and development."" Birth Defects Research Part B: Developmental and Reproductive Toxicology 68, no. 2 (2003): 86-110."
Humerus ossification (Onset),,40,Homo sapiens,2,Male+Female,"Prochel J, Vogel P, Sánchez-Villagra MR. Hand development and sequence of ossification in the forelimb of the European shrew Crocidura russula (Soricidae) and comparisons across therian mammals. J Anat. 2004 Aug;205(2):99-111. doi: 10.1111/j.0021-8782.2004.00321.x. PMID: 15291793; PMCID: PMC1571333."
Humerus proximal epiphysis appearance,,991,Homo sapiens,2,Male+Female,"Zoetis, Tracey, Melissa S. Tassinari, Cedo Bagi, Karen Walthall, and Mark E. Hurtt. ""Species comparison of postnatal bone growth and development."" Birth Defects Research Part B: Developmental and Reproductive Toxicology 68, no. 2 (2003): 86-110."
Humerus proximal epiphysis fusion,,6110,Homo sapiens,2,Male+Female,"Zoetis, Tracey, Melissa S. Tassinari, Cedo Bagi, Karen Walthall, and Mark E. Hurtt. ""Species comparison of postnatal bone growth and development."" Birth Defects Research Part B: Developmental and Reproductive Toxicology 68, no. 2 (2003): 86-110."
Humerus proximal epiphysis greater tubercle appearance,,862.5,Homo sapiens,2,Male+Female,"Zoetis, Tracey, Melissa S. Tassinari, Cedo Bagi, Karen Walthall, and Mark E. Hurtt. ""Species comparison of postnatal bone growth and development."" Birth Defects Research Part B: Developmental and Reproductive Toxicology 68, no. 2 (2003): 86-110."
Ilium ossification (Onset),,63,Homo sapiens,2,Male+Female,"Baumgart M, Wi?niewski M, Grzonkowska M, Badura M, Szpinda M, Pawlak-Osi?ska K. The primary ossification of the human fetal ischium: CT, digital-image analysis, and statistics. Surg Radiol Anat. 2019 Mar;41(3):327-333. doi: 10.1007/s00276-018-2171-5. Epub 2018 Dec 20. PMID: 30574671; PMCID: PMC6420466;"
Ilium ossification (Onset),,56,Homo sapiens,2,Male+Female,Johnson ML. The time and order of appearance of ossification centers in the albino mouse. American Journal of Anatomy. 1933 Mar;52(2):241-71.
Immature S shaped loop (heart) emerges,,25,Homo sapiens,2,Male+Female,"Marcela SG, Cristina RM, Angel PG, Manuel AM, Sofía DC, Patricia DL, Bladimir RR, Concepción SG. Chronological and morphological study of heart development in the rat. The Anatomical Record: Advances in Integrative Anatomy and Evolutionary Biology. 2012 Aug;295(8):1267-90."
Incisors eruption,,3183.16,Homo sapiens,2,Female,"Del Cojo MB, López NG, Martínez MM, García MN, Nova D. Time and sequence of eruption of permanent teeth in Spanish children. Eur J Paediatr Dent. 2013 Feb;14(2):101-3."
Incisors eruption,,3237.91,Homo sapiens,2,Male,"Del Cojo MB, López NG, Martínez MM, García MN, Nova D. Time and sequence of eruption of permanent teeth in Spanish children. Eur J Paediatr Dent. 2013 Feb;14(2):101-3."
Incisors maxilla eruption,,3077.7625,Homo sapiens,2,Male,"Hernández M, Espasa E, Boj J. Eruption chronology of the permanent dentition in Spanish children. Journal of Clinical Pediatric Dentistry. 2008 Jul 1;32(4):347-50."
Incisors maxilla eruption,,2898.9125,Homo sapiens,2,Female,"Hernández M, Espasa E, Boj J. Eruption chronology of the permanent dentition in Spanish children. Journal of Clinical Pediatric Dentistry. 2008 Jul 1;32(4):347-50."
Incisors eruption,,2926.74,Homo sapiens,2,Male,"Hernández M, Espasa E, Boj J. Eruption chronology of the permanent dentition in Spanish children. Journal of Clinical Pediatric Dentistry. 2008 Jul 1;32(4):347-50."
Incisors eruption,,2791.69,Homo sapiens,2,Female,"Hernández M, Espasa E, Boj J. Eruption chronology of the permanent dentition in Spanish children. Journal of Clinical Pediatric Dentistry. 2008 Jul 1;32(4):347-50."
Incisors maxilla eruption,,3241.1,Homo sapiens,2,Female,"Del Cojo MB, López NG, Martínez MM, García MN, Nova D. Time and sequence of eruption of permanent teeth in Spanish children. Eur J Paediatr Dent. 2013 Feb;14(2):101-3."
Incisors maxilla eruption,,3285.81,Homo sapiens,2,Male,"Del Cojo MB, López NG, Martínez MM, García MN, Nova D. Time and sequence of eruption of permanent teeth in Spanish children. Eur J Paediatr Dent. 2013 Feb;14(2):101-3."
Incisors maxilla eruption,,3140.725,Homo sapiens,2,Male+Female,"Holly Smith, B., Crummett, T.L. and Brandt, K.L., 1994. Ages of eruption of primate teeth: a compendium for aging individuals and comparing life histories. American journal of physical anthropology, 37(S19), pp.177-231."
Incisors eruption,,2961.875,Homo sapiens,2,Male+Female,"Holly Smith, B., Crummett, T.L. and Brandt, K.L., 1994. Ages of eruption of primate teeth: a compendium for aging individuals and comparing life histories. American journal of physical anthropology, 37(S19), pp.177-231."
Inferior Cerebellar Peduncle myelination (Onset),,168,Homo sapiens,2,Male+Female,"Workman AD, Charvet CJ, Clancy B, Darlington RB, Finlay BL. Modeling transformations of neurodevelopmental sequences across mammalian species. Journal of Neuroscience. 2013 Apr 24;33(17):7368-83."
Interbiorbital Breadth reaches 70% of stable value,,297.4,Homo sapiens,2,Male+Female,"Williams, Frank L'Engle. Heterochronic perturbations in the craniofacial evolution of Homo (Neandertals and modern humans) and Pan (P. troglodytes and P. paniscus). University of Massachusetts Amherst, 2001."
Interbiorbital Breadth reaches 80% of stable value,,1411,Homo sapiens,2,Male+Female,"Williams, Frank L'Engle. Heterochronic perturbations in the craniofacial evolution of Homo (Neandertals and modern humans) and Pan (P. troglodytes and P. paniscus). University of Massachusetts Amherst, 2001."
Interbiorbital Breadth reaches 90% of stable value,,2862.2,Homo sapiens,2,Male+Female,"Williams, Frank L'Engle. Heterochronic perturbations in the craniofacial evolution of Homo (Neandertals and modern humans) and Pan (P. troglodytes and P. paniscus). University of Massachusetts Amherst, 2001."
Internal Capsule myelination (Onset),,350,Homo sapiens,2,Male+Female,"Workman AD, Charvet CJ, Clancy B, Darlington RB, Finlay BL. Modeling transformations of neurodevelopmental sequences across mammalian species. Journal of Neuroscience. 2013 Apr 24;33(17):7368-83."
Interparietal ossification (Onset),,57,Homo sapiens,2,Male+Female,"Strong RM. The order, time, and rate of ossification of the albino rat (Mus norvegicus albinus) skeleton. American Journal of Anatomy. 1925 Nov;36(2):313-55"
Ipsi/contra segregation in lateral geniculate nucleus,,175,Homo sapiens,2,Male+Female,"Workman AD, Charvet CJ, Clancy B, Darlington RB, Finlay BL. Modeling transformations of neurodevelopmental sequences across mammalian species. Journal of Neuroscience. 2013 Apr 24;33(17):7368-83."
Ipsi/contra segregation in superior colliculus (SC),,175,Homo sapiens,2,Male+Female,"Workman AD, Charvet CJ, Clancy B, Darlington RB, Finlay BL. Modeling transformations of neurodevelopmental sequences across mammalian species. Journal of Neuroscience. 2013 Apr 24;33(17):7368-83."
Jaw opens or moves (Onset),,70,Homo sapiens,2,Male+Female,"Kurjak A, Pooh RK, Merce LT, Carrera JM, Salihagic-Kadic A, Andonotopo W. 2005. Structural and functional early human development assessed by three-dimensional and four-dimensional sonography. Fertil Steril. 84(5):1285-1299. doi:10.1016/j.fertnstert.2005.03.084"
Jaw opens or moves (Onset),,70.7,Homo sapiens,2,Male+Female,"Luchinger AB, Hadders-Algra M, Van Kan CM, de Vries JI. 2008. Fetal onset of general movements. Pediatric research. 63(2):191."
Jaw opens or moves (Onset),,73.99,Homo sapiens,2,Male+Female,"Report by de Vries et al. 1982; L¸chinger AB, Hadders-Algra M, Van Kan CM, de Vries JI. 2008. Fetal onset of general movements. Pediatric research. 63(2):191."
Lacrimals ossification (Onset),,85,Homo sapiens,2,Male+Female,"Strong RM. The order, time, and rate of ossification of the albino rat (Mus norvegicus albinus) skeleton. American Journal of Anatomy. 1925 Nov;36(2):313-55"
Lactic dehydrogenase levels off,,6110,Homo sapiens,2,Male,"Adeli K, Higgins V, Nieuwesteeg M, Raizman JE, Chen Y, Wong SL, Blais D. Biochemical marker reference values across pediatric, adult, and geriatric ages: establishment of robust pediatric and adult reference intervals on the basis of the Canadian Health Measures Survey. Clin Chem. 2015 Aug;61(8):1049-62."
Lactic dehydrogenase levels off,,6110,Homo sapiens,2,Female,"Adeli K, Higgins V, Nieuwesteeg M, Raizman JE, Chen Y, Wong SL, Blais D. Biochemical marker reference values across pediatric, adult, and geriatric ages: establishment of robust pediatric and adult reference intervals on the basis of the Canadian Health Measures Survey. Clin Chem. 2015 Aug;61(8):1049-62."
Lateral geniculate nucleus axons in subplate,,50,Homo sapiens,2,Male+Female,"Workman AD, Charvet CJ, Clancy B, Darlington RB, Finlay BL. Modeling transformations of neurodevelopmental sequences across mammalian species. Journal of Neuroscience. 2013 Apr 24;33(17):7368-83."
Laugh (Onset),,390,Homo sapiens,2,Male+Female,"Bründl AC, Tkaczynski PJ, Nohon Kohou G, Boesch C, Wittig RM, Crockford C. Systematic mapping of developmental milestones in wild chimpanzees Dev Sci. In Press. 2020;e12988. doi:10.1111/desc.12988"
Left ventricle acquire its outflow tract (Onset),,36,Homo sapiens,2,Male+Female,"Marcela SG, Cristina RM, Angel PG, Manuel AM, Sofía DC, Patricia DL, Bladimir RR, Concepción SG. Chronological and morphological study of heart development in the rat. The Anatomical Record: Advances in Integrative Anatomy and Evolutionary Biology. 2012 Aug;295(8):1267-90."
Left ventricle acquires its outflow tract,,37,Homo sapiens,2,Male+Female,"Marcela SG, Cristina RM, Angel PG, Manuel AM, Sofía DC, Patricia DL, Bladimir RR, Concepción SG. Chronological and morphological study of heart development in the rat. The Anatomical Record: Advances in Integrative Anatomy and Evolutionary Biology. 2012 Aug;295(8):1267-90."
Lens vesicle closes,,33,Homo sapiens,2,Male+Female,"Canine Embryonic Atlas, Baker Institute for Animal Health, Cornell University, https://www2.vet.cornell.edu/canine-atlas"
Lens vesicles emerge,,32,Homo sapiens,2,Male+Female,"Cordero GA, Sánchez-Villagra MR, Werneburg I. An irregular hourglass pattern describes the tempo of phenotypic development in placental mammal evolution. Biology letters. 2020 May 27;16(5):20200087."
Lens vesicles emerge,,33,Homo sapiens,2,Male+Female,"O'Rahilly R, Gardner E. The timing and sequence of events in the development of the human nervous system during the embryonic period proper. Zeitschrift f¸r Anatomie und Entwicklungsgeschichte. 1971 Jan;134(1):1-2"
Lenticular Fasciculus myelination (Onset),,196,Homo sapiens,2,Male+Female,"Workman AD, Charvet CJ, Clancy B, Darlington RB, Finlay BL. Modeling transformations of neurodevelopmental sequences across mammalian species. Journal of Neuroscience. 2013 Apr 24;33(17):7368-83."
Lesser multangular ossification (Onset),Captive,1760.4,Homo sapiens,2,Female,"Blomquist, G. E. (2009). Brief communication: Methods of sequence heterochrony for describing modular developmental changes in human evolution. Am J Phys Anthropol, 138(2), 231-238."
Lesser multangular ossification (Onset),Captive,2247.1,Homo sapiens,2,Male,"Blomquist, G. E. (2009). Brief communication: Methods of sequence heterochrony for describing modular developmental changes in human evolution. Am J Phys Anthropol, 138(2), 231-238."
Lesser trochanter of the femur fusion,,6292.5,Homo sapiens,2,Male+Female,"Zoetis, Tracey, Melissa S. Tassinari, Cedo Bagi, Karen Walthall, and Mark E. Hurtt. ""Species comparison of postnatal bone growth and development."" Birth Defects Research Part B: Developmental and Reproductive Toxicology 68, no. 2 (2003): 86-110."
Lift foot while supporting entire weight,,585,Homo sapiens,2,Male+Female,"Brakke KE, Savage-Rumbaugh ES. Early postural behavior in Pan: Influences on development. Infant Behavior and Development. 1991 Jul 1;14(3):265-88."
Lift foot without supporting weight,,382,Homo sapiens,2,Male+Female,"Brakke KE, Savage-Rumbaugh ES. Early postural behavior in Pan: Influences on development. Infant Behavior and Development. 1991 Jul 1;14(3):265-88."
Limbs develop finger indents at the extremities,,44,Homo sapiens,2,Male+Female,Timed from structural MR scans; Multi-dimensional embryo project; available at http://embryo.soad.umich.edu
Lower self using support,,572,Homo sapiens,2,Male+Female,"Brakke KE, Savage-Rumbaugh ES. Early postural behavior in Pan: Influences on development. Infant Behavior and Development. 1991 Jul 1;14(3):265-88."
Lunate ossfication (Onset),,1182.5,Homo sapiens,2,Male+Female,"Prochel J, Vogel P, Sánchez-Villagra MR. Hand development and sequence of ossification in the forelimb of the European shrew Crocidura russula (Soricidae) and comparisons across therian mammals. J Anat. 2004 Aug;205(2):99-111. doi: 10.1111/j.0021-8782.2004.00321.x. PMID: 15291793; PMCID: PMC1571333."
Lunate ossification (Onset),Captive,1334.6,Homo sapiens,2,Female,"Blomquist, G. E. (2009). Brief communication: Methods of sequence heterochrony for describing modular developmental changes in human evolution. Am J Phys Anthropol, 138(2), 231-238."
Lunate ossification (Onset),Captive,1638.8,Homo sapiens,2,Male,"Blomquist, G. E. (2009). Brief communication: Methods of sequence heterochrony for describing modular developmental changes in human evolution. Am J Phys Anthropol, 138(2), 231-238."
Mammillothalamic tract appearance,,44,Homo sapiens,2,Male+Female,"Workman AD, Charvet CJ, Clancy B, Darlington RB, Finlay BL. Modeling transformations of neurodevelopmental sequences across mammalian species. Journal of Neuroscience. 2013 Apr 24;33(17):7368-83."
Mammilothalamic Tract myelination (Onset),,308,Homo sapiens,2,Male+Female,"Workman AD, Charvet CJ, Clancy B, Darlington RB, Finlay BL. Modeling transformations of neurodevelopmental sequences across mammalian species. Journal of Neuroscience. 2013 Apr 24;33(17):7368-83."
Mandible ossification (Onset),,39,Homo sapiens,2,Male+Female,"Strong RM. The order, time, and rate of ossification of the albino rat (Mus norvegicus albinus) skeleton. American Journal of Anatomy. 1925 Nov;36(2):313-55"
Mandibular Length reaches 70% of stable value,,2352.3,Homo sapiens,2,Male+Female,"Williams, Frank L'Engle. Heterochronic perturbations in the craniofacial evolution of Homo (Neandertals and modern humans) and Pan (P. troglodytes and P. paniscus). University of Massachusetts Amherst, 2001."
Mandibular Length reaches 80% of stable value,,3642.6,Homo sapiens,2,Male+Female,"Williams, Frank L'Engle. Heterochronic perturbations in the craniofacial evolution of Homo (Neandertals and modern humans) and Pan (P. troglodytes and P. paniscus). University of Massachusetts Amherst, 2001."
Mandibular Length reaches 90% of stable value,,5320.9,Homo sapiens,2,Male+Female,"Williams, Frank L'Engle. Heterochronic perturbations in the craniofacial evolution of Homo (Neandertals and modern humans) and Pan (P. troglodytes and P. paniscus). University of Massachusetts Amherst, 2001."
Manual navicular (= scaphoid) ossification (Onset),Captive,1760.4,Homo sapiens,2,Female,"Blomquist, G. E. (2009). Brief communication: Methods of sequence heterochrony for describing modular developmental changes in human evolution. Am J Phys Anthropol, 138(2), 231-238."
Manual navicular (= scaphoid) ossification (Onset),Captive,2095,Homo sapiens,2,Male,"Blomquist, G. E. (2009). Brief communication: Methods of sequence heterochrony for describing modular developmental changes in human evolution. Am J Phys Anthropol, 138(2), 231-238."
Mature heart; completely closed interventricular foramen,,38,Homo sapiens,2,Male+Female,"Marcela SG, Cristina RM, Angel PG, Manuel AM, Sofía DC, Patricia DL, Bladimir RR, Concepción SG. Chronological and morphological study of heart development in the rat. The Anatomical Record: Advances in Integrative Anatomy and Evolutionary Biology. 2012 Aug;295(8):1267-90."
Mature S-shaped loop and beginning of cardiac septation,,28.5,Homo sapiens,2,Male+Female,"Marcela SG, Cristina RM, Angel PG, Manuel AM, Sofía DC, Patricia DL, Bladimir RR, Concepción SG. Chronological and morphological study of heart development in the rat. The Anatomical Record: Advances in Integrative Anatomy and Evolutionary Biology. 2012 Aug;295(8):1267-90."
Maxilla ossification (Onset),,40,Homo sapiens,2,Male+Female,Mall FP. On ossification centers in human embryos less than one hundred days old. American Journal of Anatomy. 1906 Sep 1;5(4):433-58.
Maxilla ossification (Onset),,39,Homo sapiens,2,Male+Female,"Strong RM. The order, time, and rate of ossification of the albino rat (Mus norvegicus albinus) skeleton. American Journal of Anatomy. 1925 Nov;36(2):313-55"
Maximum Ramus Breadth reaches 70% of stable value,,2390.3,Homo sapiens,2,Male+Female,"Williams, Frank L'Engle. Heterochronic perturbations in the craniofacial evolution of Homo (Neandertals and modern humans) and Pan (P. troglodytes and P. paniscus). University of Massachusetts Amherst, 2001."
Maximum Ramus Breadth reaches 80% of stable value,,3601,Homo sapiens,2,Male+Female,"Williams, Frank L'Engle. Heterochronic perturbations in the craniofacial evolution of Homo (Neandertals and modern humans) and Pan (P. troglodytes and P. paniscus). University of Massachusetts Amherst, 2001."
Maximum Ramus Breath reaches 90% of stable value,,5170.9,Homo sapiens,2,Male+Female,"Williams, Frank L'Engle. Heterochronic perturbations in the craniofacial evolution of Homo (Neandertals and modern humans) and Pan (P. troglodytes and P. paniscus). University of Massachusetts Amherst, 2001."
Medial cuneiform ossification (Onset),Captive,787.08,Homo sapiens,2,Female,"Blomquist, G. E. (2009). Brief communication: Methods of sequence heterochrony for describing modular developmental changes in human evolution. Am J Phys Anthropol, 138(2), 231-238."
Medial cuneiform ossification (Onset),Captive,939.17,Homo sapiens,2,Male,"Blomquist, G. E. (2009). Brief communication: Methods of sequence heterochrony for describing modular developmental changes in human evolution. Am J Phys Anthropol, 138(2), 231-238."
Medial epicondyle humerus ossification (Onset),Captive,1517.1,Homo sapiens,2,Female,"Blomquist, G. E. (2009). Brief communication: Methods of sequence heterochrony for describing modular developmental changes in human evolution. Am J Phys Anthropol, 138(2), 231-238."
Medial epicondyle humerus ossification (Onset),Captive,2520.8,Homo sapiens,2,Male,"Blomquist, G. E. (2009). Brief communication: Methods of sequence heterochrony for describing modular developmental changes in human evolution. Am J Phys Anthropol, 138(2), 231-238."
Medial forebrain bundle appearance,,33,Homo sapiens,2,Male+Female,"Workman AD, Charvet CJ, Clancy B, Darlington RB, Finlay BL. Modeling transformations of neurodevelopmental sequences across mammalian species. Journal of Neuroscience. 2013 Apr 24;33(17):7368-83."
Medial Lemniscus myelination (Onset),,168,Homo sapiens,2,Male+Female,"Workman AD, Charvet CJ, Clancy B, Darlington RB, Finlay BL. Modeling transformations of neurodevelopmental sequences across mammalian species. Journal of Neuroscience. 2013 Apr 24;33(17):7368-83."
Medial phalanx 3 ossification (Onset),,77,Homo sapiens,2,Male+Female,"Prochel J, Vogel P, Sánchez-Villagra MR. Hand development and sequence of ossification in the forelimb of the European shrew Crocidura russula (Soricidae) and comparisons across therian mammals. J Anat. 2004 Aug;205(2):99-111. doi: 10.1111/j.0021-8782.2004.00321.x. PMID: 15291793; PMCID: PMC1571333."
Postnatal Metacarpal 1 ossification (Onset),Captive,878.33,Homo sapiens,2,Female,"Blomquist, G. E. (2009). Brief communication: Methods of sequence heterochrony for describing modular developmental changes in human evolution. Am J Phys Anthropol, 138(2), 231-238."
Postnatal Metacarpal 1 ossification (Onset),Captive,1182.5,Homo sapiens,2,Male,"Blomquist, G. E. (2009). Brief communication: Methods of sequence heterochrony for describing modular developmental changes in human evolution. Am J Phys Anthropol, 138(2), 231-238."
Postnatal Metacarpal 2 ossification (Onset),Captive,665.42,Homo sapiens,2,Female,"Blomquist, G. E. (2009). Brief communication: Methods of sequence heterochrony for describing modular developmental changes in human evolution. Am J Phys Anthropol, 138(2), 231-238."
Postnatal Metacarpal 2 ossification (Onset),Captive,817.5,Homo sapiens,2,Male,"Blomquist, G. E. (2009). Brief communication: Methods of sequence heterochrony for describing modular developmental changes in human evolution. Am J Phys Anthropol, 138(2), 231-238."
Postnatal Metacarpal 3 ossification (Onset),Captive,695.83,Homo sapiens,2,Female,"Blomquist, G. E. (2009). Brief communication: Methods of sequence heterochrony for describing modular developmental changes in human evolution. Am J Phys Anthropol, 138(2), 231-238."
Postnatal Metacarpal 3 ossification (Onset),Captive,908.75,Homo sapiens,2,Male,"Blomquist, G. E. (2009). Brief communication: Methods of sequence heterochrony for describing modular developmental changes in human evolution. Am J Phys Anthropol, 138(2), 231-238."
Postnatal Metacarpal 4 ossification (Onset),Captive,756.67,Homo sapiens,2,Female,"Blomquist, G. E. (2009). Brief communication: Methods of sequence heterochrony for describing modular developmental changes in human evolution. Am J Phys Anthropol, 138(2), 231-238."
Postnatal Metacarpal 4 ossification (Onset),Captive,969.58,Homo sapiens,2,Male,"Blomquist, G. E. (2009). Brief communication: Methods of sequence heterochrony for describing modular developmental changes in human evolution. Am J Phys Anthropol, 138(2), 231-238."
Postnatal Metacarpal 5 ossification (Onset),Captive,787.08,Homo sapiens,2,Female,"Blomquist, G. E. (2009). Brief communication: Methods of sequence heterochrony for describing modular developmental changes in human evolution. Am J Phys Anthropol, 138(2), 231-238."
Postnatal Metacarpal 5 ossification (Onset),Captive,1030.4,Homo sapiens,2,Male,"Blomquist, G. E. (2009). Brief communication: Methods of sequence heterochrony for describing modular developmental changes in human evolution. Am J Phys Anthropol, 138(2), 231-238."
Postnatal Metatarsal 1 ossification (Onset),Captive,878.33,Homo sapiens,2,Female,"Blomquist, G. E. (2009). Brief communication: Methods of sequence heterochrony for describing modular developmental changes in human evolution. Am J Phys Anthropol, 138(2), 231-238."
Postnatal Metatarsal 1 ossification (Onset),Captive,1091.2,Homo sapiens,2,Male,"Blomquist, G. E. (2009). Brief communication: Methods of sequence heterochrony for describing modular developmental changes in human evolution. Am J Phys Anthropol, 138(2), 231-238."
Postnatal Metatarsal 2 ossification (Onset),Captive,1060.8,Homo sapiens,2,Female,"Blomquist, G. E. (2009). Brief communication: Methods of sequence heterochrony for describing modular developmental changes in human evolution. Am J Phys Anthropol, 138(2), 231-238."
Postnatal Metatarsal 2 ossification (Onset),Captive,1273.8,Homo sapiens,2,Male,"Blomquist, G. E. (2009). Brief communication: Methods of sequence heterochrony for describing modular developmental changes in human evolution. Am J Phys Anthropol, 138(2), 231-238."
Postnatal Metatarsal 3 ossification (Onset),Captive,1152.1,Homo sapiens,2,Female,"Blomquist, G. E. (2009). Brief communication: Methods of sequence heterochrony for describing modular developmental changes in human evolution. Am J Phys Anthropol, 138(2), 231-238."
Postnatal Metatarsal 3 ossification (Onset),Captive,1547.5,Homo sapiens,2,Male,"Blomquist, G. E. (2009). Brief communication: Methods of sequence heterochrony for describing modular developmental changes in human evolution. Am J Phys Anthropol, 138(2), 231-238."
Postnatal Metatarsal 4 ossification (Onset),Captive,1304.2,Homo sapiens,2,Female,"Blomquist, G. E. (2009). Brief communication: Methods of sequence heterochrony for describing modular developmental changes in human evolution. Am J Phys Anthropol, 138(2), 231-238."
Postnatal Metatarsal 4 ossification (Onset),Captive,1760.4,Homo sapiens,2,Male,"Blomquist, G. E. (2009). Brief communication: Methods of sequence heterochrony for describing modular developmental changes in human evolution. Am J Phys Anthropol, 138(2), 231-238."
Postnatal Metatarsal 5 ossification (Onset),Captive,1425.8,Homo sapiens,2,Female,"Blomquist, G. E. (2009). Brief communication: Methods of sequence heterochrony for describing modular developmental changes in human evolution. Am J Phys Anthropol, 138(2), 231-238."
Postnatal Metatarsal 5 ossification (Onset),Captive,1882.1,Homo sapiens,2,Male,"Blomquist, G. E. (2009). Brief communication: Methods of sequence heterochrony for describing modular developmental changes in human evolution. Am J Phys Anthropol, 138(2), 231-238."
Middle 2nd finger ossification (Onset),Captive,817.5,Homo sapiens,2,Female,"Blomquist, G. E. (2009). Brief communication: Methods of sequence heterochrony for describing modular developmental changes in human evolution. Am J Phys Anthropol, 138(2), 231-238."
Middle 2nd finger ossification (Onset),Captive,1060.8,Homo sapiens,2,Male,"Blomquist, G. E. (2009). Brief communication: Methods of sequence heterochrony for describing modular developmental changes in human evolution. Am J Phys Anthropol, 138(2), 231-238."
Middle 3rd finger ossification (Onset),Captive,756.67,Homo sapiens,2,Female,"Blomquist, G. E. (2009). Brief communication: Methods of sequence heterochrony for describing modular developmental changes in human evolution. Am J Phys Anthropol, 138(2), 231-238."
Middle 3rd finger ossification (Onset),Captive,1030.4,Homo sapiens,2,Male,"Blomquist, G. E. (2009). Brief communication: Methods of sequence heterochrony for describing modular developmental changes in human evolution. Am J Phys Anthropol, 138(2), 231-238."
Middle 4th finger ossification (Onset),Captive,756.67,Homo sapiens,2,Female,"Blomquist, G. E. (2009). Brief communication: Methods of sequence heterochrony for describing modular developmental changes in human evolution. Am J Phys Anthropol, 138(2), 231-238."
Middle 4th finger ossification (Onset),Captive,1030.4,Homo sapiens,2,Male,"Blomquist, G. E. (2009). Brief communication: Methods of sequence heterochrony for describing modular developmental changes in human evolution. Am J Phys Anthropol, 138(2), 231-238."
Middle 5th finger ossification (Onset),Captive,1030.4,Homo sapiens,2,Female,"Blomquist, G. E. (2009). Brief communication: Methods of sequence heterochrony for describing modular developmental changes in human evolution. Am J Phys Anthropol, 138(2), 231-238."
Middle 5th finger ossification (Onset),Captive,1486.7,Homo sapiens,2,Male,"Blomquist, G. E. (2009). Brief communication: Methods of sequence heterochrony for describing modular developmental changes in human evolution. Am J Phys Anthropol, 138(2), 231-238."
Middle cerebellar peduncle myelination (Offset),,833,Homo sapiens,2,Male+Female,"Workman AD, Charvet CJ, Clancy B, Darlington RB, Finlay BL. Modeling transformations of neurodevelopmental sequences across mammalian species. Journal of Neuroscience. 2013 Apr 24;33(17):7368-83."
Middle Cerebellar Peduncle myelination (Onset),,280,Homo sapiens,2,Male+Female,"Workman AD, Charvet CJ, Clancy B, Darlington RB, Finlay BL. Modeling transformations of neurodevelopmental sequences across mammalian species. Journal of Neuroscience. 2013 Apr 24;33(17):7368-83."
Middle cuneiform ossification (Onset),Captive,908.75,Homo sapiens,2,Female,"Blomquist, G. E. (2009). Brief communication: Methods of sequence heterochrony for describing modular developmental changes in human evolution. Am J Phys Anthropol, 138(2), 231-238."
Middle cuneiform ossification (Onset),Captive,1091.2,Homo sapiens,2,Male,"Blomquist, G. E. (2009). Brief communication: Methods of sequence heterochrony for describing modular developmental changes in human evolution. Am J Phys Anthropol, 138(2), 231-238."
Minima of life crisis,,17607.5,Homo sapiens,2,Male+Female,"Weiss A, King JE, Inoue-Murayama M, Matsuzawa T, Oswald AJ. Evidence for a midlife crisis in great apes consistent with the U-shape in human well-being. Proceedings of the National Academy of Sciences. 2012 Dec 4;109(49):19949-52."
Minimum Ramus Breadth reaches 70% of stable value,,1521.6,Homo sapiens,2,Male+Female,"Williams, Frank L'Engle. Heterochronic perturbations in the craniofacial evolution of Homo (Neandertals and modern humans) and Pan (P. troglodytes and P. paniscus). University of Massachusetts Amherst, 2001."
Minimum Ramus Breadth reaches 80% of stable value,,2719.9,Homo sapiens,2,Male+Female,"Williams, Frank L'Engle. Heterochronic perturbations in the craniofacial evolution of Homo (Neandertals and modern humans) and Pan (P. troglodytes and P. paniscus). University of Massachusetts Amherst, 2001."
Minimum Ramus Breadth reaches 90% of stable value,,4281.4,Homo sapiens,2,Male+Female,"Williams, Frank L'Engle. Heterochronic perturbations in the craniofacial evolution of Homo (Neandertals and modern humans) and Pan (P. troglodytes and P. paniscus). University of Massachusetts Amherst, 2001."
Morula stage,,3,Homo sapiens,2,Male+Female,"Noden DM, Lahunta AD. The embryology of domestic animals. Developmental mechanisms and malformations. Williams & Wilkins; 1985."
Myelin basic protein RNA extends to lower cortical layers in visual cortex,,420,Homo sapiens,2,Male+Female,Allen brain atlas
Nasal Breadth reaches 70% of stable value,,1377.8,Homo sapiens,2,Male+Female,"Williams, Frank L'Engle. Heterochronic perturbations in the craniofacial evolution of Homo (Neandertals and modern humans) and Pan (P. troglodytes and P. paniscus). University of Massachusetts Amherst, 2001."
Nasal Breadth reaches 80% of stable value,,2402.3,Homo sapiens,2,Male+Female,"Williams, Frank L'Engle. Heterochronic perturbations in the craniofacial evolution of Homo (Neandertals and modern humans) and Pan (P. troglodytes and P. paniscus). University of Massachusetts Amherst, 2001."
Nasal Breadth reaches 90% of stable value,,3737.9,Homo sapiens,2,Male+Female,"Williams, Frank L'Engle. Heterochronic perturbations in the craniofacial evolution of Homo (Neandertals and modern humans) and Pan (P. troglodytes and P. paniscus). University of Massachusetts Amherst, 2001."
Nasal ossification (Onset),,57,Homo sapiens,2,Male+Female,"Strong RM. The order, time, and rate of ossification of the albino rat (Mus norvegicus albinus) skeleton. American Journal of Anatomy. 1925 Nov;36(2):313-55"
NEFH expressionin lower layers of (visual cortex) (Onset),,510,Homo sapiens,2,Male+Female,Allen brain atlas
Neocortical Layer 1 emerges,,52.5,Homo sapiens,2,Male+Female,"Workman AD, Charvet CJ, Clancy B, Darlington RB, Finlay BL. Modeling transformations of neurodevelopmental sequences across mammalian species. Journal of Neuroscience. 2013 Apr 24;33(17):7368-83."
Neural folds closure,,22,Homo sapiens,2,Male+Female,"Cordero GA, Sánchez-Villagra MR, Werneburg I. An irregular hourglass pattern describes the tempo of phenotypic development in placental mammal evolution. Biology letters. 2020 May 27;16(5):20200087."
Neurula stage,,20,Homo sapiens,2,Male+Female,"Noden DM, Lahunta AD. The embryology of domestic animals. Developmental mechanisms and malformations. Williams & Wilkins; 1985."
Solitary or object play (Onset),,375,Homo sapiens,2,Male+Female,"Bründl AC, Tkaczynski PJ, Nohon Kohou G, Boesch C, Wittig RM, Crockford C. Systematic mapping of developmental milestones in wild chimpanzees Dev Sci. In Press. 2020;e12988. doi:10.1111/desc.12988"
Olfactory bulb forms,,46,Homo sapiens,2,Male+Female,"de Almeida da Anunciacao AR, Favaron PO, de Morais‐Pinto L, de Carvalho CM, dos Santos Martins D, Conei D, Del Sol M, Vásquez B, Miglino MA. Central nervous system development in rabbits (Oryctolagus cuniculus L. 1758). The Anatomical Record. 2021 Jun;304(6):1313-28."
Oocyte falls to approximately 0,,16695,Homo sapiens,2,Female,"Park CJ, Oh JE, Feng J, Cho YM, Qiao H, Ko C. Lifetime changes of the oocyte pool: Contributing factors with a focus on ovulatory inflammation. Clin Exp Reprod Med. 2022 Mar;49(1):16-25. doi: 10.5653/cerm.2021.04917. Epub 2022 Feb 24. PMID: 35255655; PMCID: PMC8923630."
Optic axons invade visual centers,,60,Homo sapiens,2,Male+Female,"Workman AD, Charvet CJ, Clancy B, Darlington RB, Finlay BL. Modeling transformations of neurodevelopmental sequences across mammalian species. Journal of Neuroscience. 2013 Apr 24;33(17):7368-83."
Optic fissure,,33,Homo sapiens,2,Male+Female,"Cordero GA, Sánchez-Villagra MR, Werneburg I. An irregular hourglass pattern describes the tempo of phenotypic development in placental mammal evolution. Biology letters. 2020 May 27;16(5):20200087."
Optic Tract myelination (Offset),,483,Homo sapiens,2,Male+Female,"Workman AD, Charvet CJ, Clancy B, Darlington RB, Finlay BL. Modeling transformations of neurodevelopmental sequences across mammalian species. Journal of Neuroscience. 2013 Apr 24;33(17):7368-83."
Optic Tract myelination (Onset),,224,Homo sapiens,2,Male+Female,"Workman AD, Charvet CJ, Clancy B, Darlington RB, Finlay BL. Modeling transformations of neurodevelopmental sequences across mammalian species. Journal of Neuroscience. 2013 Apr 24;33(17):7368-83."
Optic vesicle emerges,,26,Homo sapiens,2,Male+Female,"Cordero GA, Sánchez-Villagra MR, Werneburg I. An irregular hourglass pattern describes the tempo of phenotypic development in placental mammal evolution. Biology letters. 2020 May 27;16(5):20200087."
Optic vesicle emerges,,24,Homo sapiens,2,Male+Female,"O'Rahilly R, Gardner E. The timing and sequence of events in the development of the human nervous system during the embryonic period proper. Zeitschrift f¸r Anatomie und Entwicklungsgeschichte. 1971 Jan;134(1):1-2"
Orbitosphenoids ossification (Onset),,83,Homo sapiens,2,Male+Female,"Strong RM. The order, time, and rate of ossification of the albino rat (Mus norvegicus albinus) skeleton. American Journal of Anatomy. 1925 Nov;36(2):313-55"
Otic pit is present,,20,Homo sapiens,2,Male+Female,"Cordero GA, Sánchez-Villagra MR, Werneburg I. An irregular hourglass pattern describes the tempo of phenotypic development in placental mammal evolution. Biology letters. 2020 May 27;16(5):20200087."
Otic pit is present,,24,Homo sapiens,2,Male+Female,"O'Rahilly R, Gardner E. The timing and sequence of events in the development of the human nervous system during the embryonic period proper. Zeitschrift f¸r Anatomie und Entwicklungsgeschichte."
Otic vesicle is present,,26,Homo sapiens,2,Male+Female,"Cordero GA, Sánchez-Villagra MR, Werneburg I. An irregular hourglass pattern describes the tempo of phenotypic development in placental mammal evolution. Biology letters. 2020 May 27;16(5):20200087."
Otic vesicle is present,,26,Homo sapiens,2,Male+Female,"O'Rahilly R, Gardner E. The timing and sequence of events in the development of the human nervous system during the embryonic period proper. Zeitschrift f¸r Anatomie und Entwicklungsgeschichte. 1971 Jan;134(1):1-2"
Palatal Breadth reaches 70% of stable value,,1650.4,Homo sapiens,2,Male+Female,"Williams, Frank L'Engle. Heterochronic perturbations in the craniofacial evolution of Homo (Neandertals and modern humans) and Pan (P. troglodytes and P. paniscus). University of Massachusetts Amherst, 2001."
Palatal Breadth reaches 80% of stable value,,2915.2,Homo sapiens,2,Male+Female,"Williams, Frank L'Engle. Heterochronic perturbations in the craniofacial evolution of Homo (Neandertals and modern humans) and Pan (P. troglodytes and P. paniscus). University of Massachusetts Amherst, 2001."
Palatal Breadth reaches 90% of stable value,,4563.9,Homo sapiens,2,Male+Female,"Williams, Frank L'Engle. Heterochronic perturbations in the craniofacial evolution of Homo (Neandertals and modern humans) and Pan (P. troglodytes and P. paniscus). University of Massachusetts Amherst, 2001."
Palatal Length reaches 70% of stable value,,1801.9,Homo sapiens,2,Male+Female,"Williams, Frank L'Engle. Heterochronic perturbations in the craniofacial evolution of Homo (Neandertals and modern humans) and Pan (P. troglodytes and P. paniscus). University of Massachusetts Amherst, 2001."
Palatal Length reaches 80% of stable value,,2602.7,Homo sapiens,2,Male+Female,"Williams, Frank L'Engle. Heterochronic perturbations in the craniofacial evolution of Homo (Neandertals and modern humans) and Pan (P. troglodytes and P. paniscus). University of Massachusetts Amherst, 2001."
Palatal Length reaches 90% of stable value,,3645.9,Homo sapiens,2,Male+Female,"Williams, Frank L'Engle. Heterochronic perturbations in the craniofacial evolution of Homo (Neandertals and modern humans) and Pan (P. troglodytes and P. paniscus). University of Massachusetts Amherst, 2001."
Palatine ossification (Onset),,57,Homo sapiens,2,Male+Female,"Strong RM. The order, time, and rate of ossification of the albino rat (Mus norvegicus albinus) skeleton. American Journal of Anatomy. 1925 Nov;36(2):313-55"
Parietals ossification (Onset),,56,Homo sapiens,2,Male+Female,"Strong RM. The order, time, and rate of ossification of the albino rat (Mus norvegicus albinus) skeleton. American Journal of Anatomy. 1925 Nov;36(2):313-55"
Partial fusion of the epiphysis proximal phalange (3rd finger),,5380,Homo sapiens,2,Male,"Charvet CJ, Ofori K, Falcone C, Rigby Dames BA. Transcription, structure, and organoids translate time across the lifespan of humans and great apes. PNAS nexus. 2023 Aug;2(8):pgad230."
Parvalbumin appearance in layer V of the cortex (visual cortex),,140,Homo sapiens,2,Male+Female,"Cao QL, Yan XX, Luo XG, Garey LJ. Prenatal development of parvalbumin immunoreactivity in the human striate cortex. Cerebral Cortex. 1996 Jul 1;6(4)."
Parvalbumin appearance in layers II-III cortex (visual cortex),,284,Homo sapiens,2,Male+Female,"Letinic K, Kostovic I. Postnatal development of calcium-binding proteins calbindin and parvalbumin in human visual cortex. Cerebral cortex (New York, NY: 1991). 1998 Oct 1;8(7):660-9.; Cao QL, Yan XX, Luo XG, Garey LJ. Prenatal development of parvalbumin immunoreactivity in the human striate cortex. Cerebral Cortex. 1996 Jul 1;6(4)."
Parvalbumin appearance in the cortical plate-visual cortex,,238,Homo sapiens,2,Male+Female,"Cao QL, Yan XX, Luo XG, Garey LJ. Prenatal development of parvalbumin immunoreactivity in the human striate cortex. Cerebral Cortex. 1996 Jul 1;6(4)."
Parvalbumin extends towards the top of layer II boundary (visual cortex),,330,Homo sapiens,2,Male+Female,"Cao QL, Yan XX, Luo XG, Garey LJ. Prenatal development of parvalbumin immunoreactivity in the human striate cortex. Cerebral Cortex. 1996 Jul 1;6(4)."
Patella ossification (Onset),Captive,1304.2,Homo sapiens,2,Female,"Blomquist, G. E. (2009). Brief communication: Methods of sequence heterochrony for describing modular developmental changes in human evolution. Am J Phys Anthropol, 138(2), 231-238."
Patella ossification (Onset),Captive,1821.2,Homo sapiens,2,Male,"Blomquist, G. E. (2009). Brief communication: Methods of sequence heterochrony for describing modular developmental changes in human evolution. Am J Phys Anthropol, 138(2), 231-238."
Pedal navicular (= navicular) ossification (Onset),Captive,1060.8,Homo sapiens,2,Female,"Blomquist, G. E. (2009). Brief communication: Methods of sequence heterochrony for describing modular developmental changes in human evolution. Am J Phys Anthropol, 138(2), 231-238."
Pedal navicular (= navicular) ossification (Onset),Captive,1273.8,Homo sapiens,2,Male,"Blomquist, G. E. (2009). Brief communication: Methods of sequence heterochrony for describing modular developmental changes in human evolution. Am J Phys Anthropol, 138(2), 231-238."
Permanent teeth eruption (Offset),,7606.5,Homo sapiens,2,Male+Female,"Holly Smith, B., Crummett, T.L. and Brandt, K.L., 1994. Ages of eruption of primate teeth: a compendium for aging individuals and comparing life histories. American journal of physical anthropology, 37(S19), pp.177-231."
Permanent teeth eruption (Offset),,7497,Homo sapiens,2,Male,"Holly Smith, B., Crummett, T.L. and Brandt, K.L., 1994. Ages of eruption of primate teeth: a compendium for aging individuals and comparing life histories. American journal of physical anthropology, 37(S19), pp.177-231."
Permanent teeth eruption (Offset),,7716,Homo sapiens,2,Female,"Holly Smith, B., Crummett, T.L. and Brandt, K.L., 1994. Ages of eruption of primate teeth: a compendium for aging individuals and comparing life histories. American journal of physical anthropology, 37(S19), pp.177-231."
Permanent teeth eruption (Offset),,7015.2,Homo sapiens,2,Female,Ramirez Rozzi F. Diversity in tooth eruption and life history in humans: illustration from a Pygmy population. Scientific Reports. 2016 Jun 16;6(1):27405.
Permanent teeth eruption (Offset),,6350.9,Homo sapiens,2,Female,Ramirez Rozzi F. Diversity in tooth eruption and life history in humans: illustration from a Pygmy population. Scientific Reports. 2016 Jun 16;6(1):27405.
Permanent teeth eruption (Offset),,7142.95,Homo sapiens,2,Male,Ramirez Rozzi F. Diversity in tooth eruption and life history in humans: illustration from a Pygmy population. Scientific Reports. 2016 Jun 16;6(1):27405.
Permanent teeth eruption (Offset),,7434.95,Homo sapiens,2,Male,Ramirez Rozzi F. Diversity in tooth eruption and life history in humans: illustration from a Pygmy population. Scientific Reports. 2016 Jun 16;6(1):27405.
Permanent teeth eruption (Onset),,2821.35,Homo sapiens,2,Female,"Del Cojo MB, López NG, Martínez MM, García MN, Nova D. Time and sequence of eruption of permanent teeth in Spanish children. Eur J Paediatr Dent. 2013 Feb;14(2):101-3."
Permanent teeth eruption (Onset),,2846.9,Homo sapiens,2,Male,"Del Cojo MB, López NG, Martínez MM, García MN, Nova D. Time and sequence of eruption of permanent teeth in Spanish children. Eur J Paediatr Dent. 2013 Feb;14(2):101-3."
Permanent teeth eruption (Onset),NA,2503.8,Homo sapiens,2,Male+Female,"Hernández M, Espasa E, Boj J. Eruption chronology of the permanent dentition in Spanish children. Journal of Clinical Pediatric Dentistry. 2008 Jul 1;32(4):347-50."
Permanent teeth eruption (Onset),,2551.25,Homo sapiens,2,Male,"Hernández M, Espasa E, Boj J. Eruption chronology of the permanent dentition in Spanish children. Journal of Clinical Pediatric Dentistry. 2008 Jul 1;32(4):347-50."
Permanent teeth eruption (Onset),,2456.35,Homo sapiens,2,Female,"Hernández M, Espasa E, Boj J. Eruption chronology of the permanent dentition in Spanish children. Journal of Clinical Pediatric Dentistry. 2008 Jul 1;32(4):347-50."
Permanent teeth eruption (Onset),,2542.125,Homo sapiens,2,Male+Female,"Holly Smith, B., Crummett, T.L. and Brandt, K.L., 1994. Ages of eruption of primate teeth: a compendium for aging individuals and comparing life histories. American journal of physical anthropology, 37(S19), pp.177-231."
Permanent teeth eruption (Onset),,2569.5,Homo sapiens,2,Male,"Holly Smith, B., Crummett, T.L. and Brandt, K.L., 1994. Ages of eruption of primate teeth: a compendium for aging individuals and comparing life histories. American journal of physical anthropology, 37(S19), pp.177-231."
Permanent teeth eruption (Onset),,2514.75,Homo sapiens,2,Female,"Holly Smith, B., Crummett, T.L. and Brandt, K.L., 1994. Ages of eruption of primate teeth: a compendium for aging individuals and comparing life histories. American journal of physical anthropology, 37(S19), pp.177-231."
Permanent teeth eruption (Onset),,2460,Homo sapiens,2,Male,"Nizam A, Naing L, Mokhtar N. Age and sequence of eruption of permanent teeth in Kelantan, north-eastern Malaysia. Clinical Oral Investigations. 2003 Dec;7(4):222-5."
Permanent teeth eruption (Onset),,2460,Homo sapiens,2,Female,"Nizam A, Naing L, Mokhtar N. Age and sequence of eruption of permanent teeth in Kelantan, north-eastern Malaysia. Clinical Oral Investigations. 2003 Dec;7(4):222-5."
Permanent teeth eruption (Onset),NA,2118.725,Homo sapiens,2,Male+Female,Ramirez Rozzi F. Diversity in tooth eruption and life history in humans: illustration from a Pygmy population. Scientific Reports. 2016 Jun 16;6(1):27405.
Permanent teeth eruption (Onset),,2160.7,Homo sapiens,2,Male,Ramirez Rozzi F. Diversity in tooth eruption and life history in humans: illustration from a Pygmy population. Scientific Reports. 2016 Jun 16;6(1):27405.
Permanent teeth eruption (Onset),,2076.75,Homo sapiens,2,Female,Ramirez Rozzi F. Diversity in tooth eruption and life history in humans: illustration from a Pygmy population. Scientific Reports. 2016 Jun 16;6(1):27405.
Phosphorus % plateaus,,6403.8,Homo sapiens,2,Male,"Adeli K, Higgins V, Nieuwesteeg M, Raizman JE, Chen Y, Wong SL, Blais D. Biochemical marker reference values across pediatric, adult, and geriatric ages: establishment of robust pediatric and adult reference intervals on the basis of the Canadian Health Measures Survey. Clin Chem. 2015 Aug;61(8):1049-62. doi: 10.1373/clinchem.2015.240515. Epub 2015 Jun 4. PMID: 26044506."
Phosphorus % reaches 120% of the plateau,,2961.89,Homo sapiens,2,Male,"Adeli K, Higgins V, Nieuwesteeg M, Raizman JE, Chen Y, Wong SL, Blais D. Biochemical marker reference values across pediatric, adult, and geriatric ages: establishment of robust pediatric and adult reference intervals on the basis of the Canadian Health Measures Survey. Clin Chem. 2015 Aug;61(8):1049-62. doi: 10.1373/clinchem.2015.240515. Epub 2015 Jun 4. PMID: 26044506."
Piaget scale development-object permanence: 1. Follows a slowly moving object through 180° arc smoothly,,340,Homo sapiens,2,Male,"Redshaw, M. (1978) Cognitive Development in Human and Gorilla Infants. Journal of Human Evolution, 7, 133-141."
Pisiforme ossification (Onset),,3190,Homo sapiens,2,Male+Female,"Prochel J, Vogel P, Sánchez-Villagra MR. Hand development and sequence of ossification in the forelimb of the European shrew Crocidura russula (Soricidae) and comparisons across therian mammals. J Anat. 2004 Aug;205(2):99-111. doi: 10.1111/j.0021-8782.2004.00321.x. PMID: 15291793; PMCID: PMC1571333."
Pivot,,585,Homo sapiens,2,Male+Female,"Brakke KE, Savage-Rumbaugh ES. Early postural behavior in Pan: Influences on development. Infant Behavior and Development. 1991 Jul 1;14(3):265-88."
Plateau of RNA seq expression in the hippocampus,,309.9,Homo sapiens,2,Male+Female,Allen brain atlas
Posterior commisure appearance,,33,Homo sapiens,2,Male+Female,"Workman AD, Charvet CJ, Clancy B, Darlington RB, Finlay BL. Modeling transformations of neurodevelopmental sequences across mammalian species. Journal of Neuroscience. 2013 Apr 24;33(17):7368-83."
Posterior neuropore closure,,26,Homo sapiens,2,Male+Female,"Cordero GA, Sánchez-Villagra MR, Werneburg I. An irregular hourglass pattern describes the tempo of phenotypic development in placental mammal evolution. Biology letters. 2020 May 27;16(5):20200087."
Premaxilla ossification (Onset),,42,Homo sapiens,2,Male+Female,"Strong RM. The order, time, and rate of ossification of the albino rat (Mus norvegicus albinus) skeleton. American Journal of Anatomy. 1925 Nov;36(2):313-55"
"Progressive myocardial compaction, AV and semilunar valve refinement",,161,Homo sapiens,2,Male+Female,"Krishnan A, Samtani R, Dhanantwari P, Lee E, Yamada S, Shiota K, Donofrio MT, Leatherbury L, Lo CW. A detailed comparison of mouse and human cardiac development. Pediatric research. 2014 Dec;76(6):500-7."
Projection of the aortic sac into the pericardial cavity,,30,Homo sapiens,2,Male+Female,"Marcela SG, Cristina RM, Angel PG, Manuel AM, Sofía DC, Patricia DL, Bladimir RR, Concepción SG. Chronological and morphological study of heart development in the rat. The Anatomical Record: Advances in Integrative Anatomy and Evolutionary Biology. 2012 Aug;295(8):1267-90."
Prone posture -Flex legs in crawling movements,,333,Homo sapiens,2,Male+Female,"Brakke KE, Savage-Rumbaugh ES. Early postural behavior in Pan: Influences on development. Infant Behavior and Development. 1991 Jul 1;14(3):265-88."
Prone posture -lift head past horizontal plane,,459,Homo sapiens,2,Male+Female,"Brakke KE, Savage-Rumbaugh ES. Early postural behavior in Pan: Influences on development. Infant Behavior and Development. 1991 Jul 1;14(3):265-88."
Prone posture -rest on hands,,431,Homo sapiens,2,Male+Female,"Brakke KE, Savage-Rumbaugh ES. Early postural behavior in Pan: Influences on development. Infant Behavior and Development. 1991 Jul 1;14(3):265-88."
Proximal 1st finger ossification (Onset),Captive,908.75,Homo sapiens,2,Female,"Blomquist, G. E. (2009). Brief communication: Methods of sequence heterochrony for describing modular developmental changes in human evolution. Am J Phys Anthropol, 138(2), 231-238."
Proximal 1st finger ossification (Onset),Captive,1334.6,Homo sapiens,2,Male,"Blomquist, G. E. (2009). Brief communication: Methods of sequence heterochrony for describing modular developmental changes in human evolution. Am J Phys Anthropol, 138(2), 231-238."
Proximal 1st toe ossification (Onset),Captive,878.33,Homo sapiens,2,Female,"Blomquist, G. E. (2009). Brief communication: Methods of sequence heterochrony for describing modular developmental changes in human evolution. Am J Phys Anthropol, 138(2), 231-238."
Proximal 1st toe ossification (Onset),Captive,1182.5,Homo sapiens,2,Male,"Blomquist, G. E. (2009). Brief communication: Methods of sequence heterochrony for describing modular developmental changes in human evolution. Am J Phys Anthropol, 138(2), 231-238."
Proximal 2nd finger ossification (Onset),Captive,604.58,Homo sapiens,2,Female,"Blomquist, G. E. (2009). Brief communication: Methods of sequence heterochrony for describing modular developmental changes in human evolution. Am J Phys Anthropol, 138(2), 231-238."
Proximal 2nd finger ossification (Onset),Captive,817.5,Homo sapiens,2,Male,"Blomquist, G. E. (2009). Brief communication: Methods of sequence heterochrony for describing modular developmental changes in human evolution. Am J Phys Anthropol, 138(2), 231-238."
Proximal 2nd toe ossification (Onset),Captive,695.83,Homo sapiens,2,Female,"Blomquist, G. E. (2009). Brief communication: Methods of sequence heterochrony for describing modular developmental changes in human evolution. Am J Phys Anthropol, 138(2), 231-238."
Proximal 2nd toe ossification (Onset),Captive,969.58,Homo sapiens,2,Male,"Blomquist, G. E. (2009). Brief communication: Methods of sequence heterochrony for describing modular developmental changes in human evolution. Am J Phys Anthropol, 138(2), 231-238."
Proximal 3rd finger ossification (Onset),Captive,574.17,Homo sapiens,2,Female,"Blomquist, G. E. (2009). Brief communication: Methods of sequence heterochrony for describing modular developmental changes in human evolution. Am J Phys Anthropol, 138(2), 231-238."
Proximal 3rd finger ossification (Onset),Captive,787.08,Homo sapiens,2,Male,"Blomquist, G. E. (2009). Brief communication: Methods of sequence heterochrony for describing modular developmental changes in human evolution. Am J Phys Anthropol, 138(2), 231-238."
Proximal 3rd toe ossification (Onset),Captive,635,Homo sapiens,2,Female,"Blomquist, G. E. (2009). Brief communication: Methods of sequence heterochrony for describing modular developmental changes in human evolution. Am J Phys Anthropol, 138(2), 231-238."
Proximal 3rd toe ossification (Onset),Captive,878.33,Homo sapiens,2,Male,"Blomquist, G. E. (2009). Brief communication: Methods of sequence heterochrony for describing modular developmental changes in human evolution. Am J Phys Anthropol, 138(2), 231-238."
Proximal 4th finger ossification (Onset),Captive,604.58,Homo sapiens,2,Female,"Blomquist, G. E. (2009). Brief communication: Methods of sequence heterochrony for describing modular developmental changes in human evolution. Am J Phys Anthropol, 138(2), 231-238."
Proximal 4th finger ossification (Onset),Captive,817.5,Homo sapiens,2,Male,"Blomquist, G. E. (2009). Brief communication: Methods of sequence heterochrony for describing modular developmental changes in human evolution. Am J Phys Anthropol, 138(2), 231-238."
Proximal 4th toe ossification (Onset),Captive,695.83,Homo sapiens,2,Female,"Blomquist, G. E. (2009). Brief communication: Methods of sequence heterochrony for describing modular developmental changes in human evolution. Am J Phys Anthropol, 138(2), 231-238."
Proximal 4th toe ossification (Onset),Captive,908.75,Homo sapiens,2,Male,"Blomquist, G. E. (2009). Brief communication: Methods of sequence heterochrony for describing modular developmental changes in human evolution. Am J Phys Anthropol, 138(2), 231-238."
Proximal 5th finger ossification (Onset),Captive,726.25,Homo sapiens,2,Female,"Blomquist, G. E. (2009). Brief communication: Methods of sequence heterochrony for describing modular developmental changes in human evolution. Am J Phys Anthropol, 138(2), 231-238."
Proximal 5th finger ossification (Onset),Captive,969.58,Homo sapiens,2,Male,"Blomquist, G. E. (2009). Brief communication: Methods of sequence heterochrony for describing modular developmental changes in human evolution. Am J Phys Anthropol, 138(2), 231-238."
Proximal 5th toe ossification (Onset),Captive,908.75,Homo sapiens,2,Female,"Blomquist, G. E. (2009). Brief communication: Methods of sequence heterochrony for describing modular developmental changes in human evolution. Am J Phys Anthropol, 138(2), 231-238."
Proximal 5th toe ossification (Onset),Captive,1243.3,Homo sapiens,2,Male,"Blomquist, G. E. (2009). Brief communication: Methods of sequence heterochrony for describing modular developmental changes in human evolution. Am J Phys Anthropol, 138(2), 231-238."
Proximal epiphysis of the fibula appearance,,2595,Homo sapiens,2,Male+Female,"Davies DA, Parsons FG. The age order of the appearance and union of the normal epiphyses as seen by X-rays. Journal of Anatomy. 1927 Oct;62(Pt 1):58."
Proximal fibula ossification (Onset),Captive,1273.8,Homo sapiens,2,Female,"Blomquist, G. E. (2009). Brief communication: Methods of sequence heterochrony for describing modular developmental changes in human evolution. Am J Phys Anthropol, 138(2), 231-238."
Proximal fibula ossification (Onset),Captive,1669.2,Homo sapiens,2,Male,"Blomquist, G. E. (2009). Brief communication: Methods of sequence heterochrony for describing modular developmental changes in human evolution. Am J Phys Anthropol, 138(2), 231-238."
Proximal phalanx 3 ossification (Onset),,73,Homo sapiens,2,Male+Female,"Prochel J, Vogel P, Sánchez-Villagra MR. Hand development and sequence of ossification in the forelimb of the European shrew Crocidura russula (Soricidae) and comparisons across therian mammals. J Anat. 2004 Aug;205(2):99-111. doi: 10.1111/j.0021-8782.2004.00321.x. PMID: 15291793; PMCID: PMC1571333."
Proximal radius ossification (Onset),Captive,1730,Homo sapiens,2,Female,"Blomquist, G. E. (2009). Brief communication: Methods of sequence heterochrony for describing modular developmental changes in human evolution. Am J Phys Anthropol, 138(2), 231-238."
Proximal radius ossification (Onset),Captive,2216.7,Homo sapiens,2,Male,"Blomquist, G. E. (2009). Brief communication: Methods of sequence heterochrony for describing modular developmental changes in human evolution. Am J Phys Anthropol, 138(2), 231-238."
Pull to standing,,599,Homo sapiens,2,Male+Female,"Brakke KE, Savage-Rumbaugh ES. Early postural behavior in Pan: Influences on development. Infant Behavior and Development. 1991 Jul 1;14(3):265-88."
Pupil forms,,37,Homo sapiens,2,Male+Female,"Cordero GA, Sánchez-Villagra MR, Werneburg I. An irregular hourglass pattern describes the tempo of phenotypic development in placental mammal evolution. Biology letters. 2020 May 27;16(5):20200087."
Pupillary light reflex (Onset),,227.5,Homo sapiens,2,Male+Female,"Robinson J, Fielder AR. Pupillary diameter and reaction to light in preterm neonates. Archives of Disease in childhood. 1990 Jan 1;65(1 Spec No):35-8."
Pupillary light reflex (Onset),,210,Homo sapiens,1,Male+Female,"Robinson J, Fielder AR. Pupillary diameter and reaction to light in preterm neonates. Archives of Disease in childhood. 1990 Jan 1;65(1 Spec No):35-8."
Pupillary light reflex (Onset),,245,Homo sapiens,3,Male+Female,"Robinson J, Fielder AR. Pupillary diameter and reaction to light in preterm neonates. Archives of Disease in childhood. 1990 Jan 1;65(1 Spec No):35-8."
"Push upward, backward to sitting",,571,Homo sapiens,2,Male+Female,"Brakke KE, Savage-Rumbaugh ES. Early postural behavior in Pan: Influences on development. Infant Behavior and Development. 1991 Jul 1;14(3):265-88."
Quadrupedal position (Attained),,578,Homo sapiens,2,Male+Female,"Brakke KE, Savage-Rumbaugh ES. Early postural behavior in Pan: Influences on development. Infant Behavior and Development. 1991 Jul 1;14(3):265-88."
Radius ossification (Onset),,40,Homo sapiens,2,Male+Female,"Prochel J, Vogel P, Sánchez-Villagra MR. Hand development and sequence of ossification in the forelimb of the European shrew Crocidura russula (Soricidae) and comparisons across therian mammals. J Anat. 2004 Aug;205(2):99-111. doi: 10.1111/j.0021-8782.2004.00321.x. PMID: 15291793; PMCID: PMC1571333."
Ramus Height reaches 70% of stable value,,3118.1,Homo sapiens,2,Male+Female,"Williams, Frank L'Engle. Heterochronic perturbations in the craniofacial evolution of Homo (Neandertals and modern humans) and Pan (P. troglodytes and P. paniscus). University of Massachusetts Amherst, 2001."
Ramus Height reaches 80% of stable value,,4278.8,Homo sapiens,2,Male+Female,"Williams, Frank L'Engle. Heterochronic perturbations in the craniofacial evolution of Homo (Neandertals and modern humans) and Pan (P. troglodytes and P. paniscus). University of Massachusetts Amherst, 2001."
Ramus Height reaches 90% of stable value,,5787.7,Homo sapiens,2,Male+Female,"Williams, Frank L'Engle. Heterochronic perturbations in the craniofacial evolution of Homo (Neandertals and modern humans) and Pan (P. troglodytes and P. paniscus). University of Massachusetts Amherst, 2001."
Range of rapid synaptogenesis (visual cortex) (Offset),,580,Homo sapiens,2,Male+Female,"Workman AD, Charvet CJ, Clancy B, Darlington RB, Finlay BL. Modeling transformations of neurodevelopmental sequences across mammalian species. Journal of Neuroscience. 2013 Apr 24;33(17):7368-83."
Range of rapid synaptogenesis (visual cortex) (Onset),,120,Homo sapiens,2,Male+Female,"Workman AD, Charvet CJ, Clancy B, Darlington RB, Finlay BL. Modeling transformations of neurodevelopmental sequences across mammalian species. Journal of Neuroscience. 2013 Apr 24;33(17):7368-83."
Retinal pigment epithelium is visible,,33,Homo sapiens,2,Male+Female,"O'Rahilly R, Gardner E. The timing and sequence of events in the development of the human nervous system during the embryonic period proper. Zeitschrift für Anatomie und Entwicklungsgeschichte. 1971 Jan;134(1):1-2."
Retinal waves stage 1 (Onset),,154,Homo sapiens,2,Male+Female,"Workman AD, Charvet CJ, Clancy B, Darlington RB, Finlay BL. Modeling transformations of neurodevelopmental sequences across mammalian species. Journal of Neuroscience. 2013 Apr 24;33(17):7368-83."
SC Segregation,,175,Homo sapiens,2,Male+Female,"Workman AD, Charvet CJ, Clancy B, Darlington RB, Finlay BL. Modeling transformations of neurodevelopmental sequences across mammalian species. Journal of Neuroscience. 2013 Apr 24;33(17):7368-83."
Scaphoid ossification (Onset),,1365,Homo sapiens,2,Male+Female,"Prochel J, Vogel P, Sánchez-Villagra MR. Hand development and sequence of ossification in the forelimb of the European shrew Crocidura russula (Soricidae) and comparisons across therian mammals. J Anat. 2004 Aug;205(2):99-111. doi: 10.1111/j.0021-8782.2004.00321.x. PMID: 15291793; PMCID: PMC1571333."
Second postural stages (Onset),,410,Homo sapiens,2,Male+Female,"Takeshita, H., Hirata, S., Sakai, T., & Myowa-Yamakoshi, M. (2016). Fetal behavioral development and brain growth in chimpanzees versus humans: a view from studies with 4d ultrasonography. In Fetal development (pp. 67-83). Springer, Cham. (book chapter)"
Secondary palate closure,,59.5,Homo sapiens,2,Male+Female,"Noden DM, Lahunta AD. The embryology of domestic animals. Developmental mechanisms and malformations. Williams & Wilkins; 1985."
Secondary palate closure,,52,Homo sapiens,2,Male+Female,"Ten Donkelaar HJ, Geysberts LG, Dederen PJ. Stages in the prenatal development of the Chinese hamster (Cricetulus griseus). Anatomy and Embryology. 1979 Jan;156:1-28."
Secondary palate closure,,58,Homo sapiens,2,Male+Female,"Ten Donkelaar HJ, Geysberts LG, Dederen PJ. Stages in the prenatal development of the Chinese hamster (Cricetulus griseus). Anatomy and Embryology. 1979 Jan;156:1-28."
Secondary palate closure,,56.5,Homo sapiens,2,Male+Female,"Ten Donkelaar HJ, Geysberts LG, Dederen PJ. Stages in the prenatal development of the Chinese hamster (Cricetulus griseus). Anatomy and Embryology. 1979 Jan;156:1-28."
Sexual maturity,Captive+Wild,5852.93,Homo sapiens,2,Male+Female,"https://esapubs.org/archive/ecol/E090/184/PanTHERIA_1-0_WR05_Aug2008.txt; Jones, K. E., Bielby, J., Cardillo, M., Fritz, S. A., O'Dell, J., Orme, C. D. L., Safi, K., Sechrest, W., Boakes, E. H., Carbone, C., Connolly, C., Cutts, M. J., Foster, J. K., Grenyer, R., Habib, M., Plaster, C. A., Price, S. A., Rigby, E. A., Rist, J., . . . Michener, W. K. (2009). PanTHERIA: a species-level database of life history, ecology, and geography of extant and recently extinct mammals. Ecology, 90(9), 2648-2648. https://doi.org/10.1890/08-1494.1"
Sit for 10+ minutes,,522,Homo sapiens,2,Male+Female,"Brakke KE, Savage-Rumbaugh ES. Early postural behavior in Pan: Influences on development. Infant Behavior and Development. 1991 Jul 1;14(3):265-88."
Sit for an indefinite period,,529,Homo sapiens,2,Male+Female,"Brakke KE, Savage-Rumbaugh ES. Early postural behavior in Pan: Influences on development. Infant Behavior and Development. 1991 Jul 1;14(3):265-88."
Sit up (Onset),,487,Homo sapiens,2,Male+Female,"Brakke KE, Savage-Rumbaugh ES. Early postural behavior in Pan: Influences on development. Infant Behavior and Development. 1991 Jul 1;14(3):265-88."
Sit unsupported 1+ minute,,487,Homo sapiens,2,Male+Female,"Brakke KE, Savage-Rumbaugh ES. Early postural behavior in Pan: Influences on development. Infant Behavior and Development. 1991 Jul 1;14(3):265-88."
Sit up (Onset),,450,Homo sapiens,2,Male+Female,"Bründl AC, Tkaczynski PJ, Nohon Kohou G, Boesch C, Wittig RM, Crockford C. Systematic mapping of developmental milestones in wild chimpanzees Dev Sci. In Press. 2020;e12988. doi:10.1111/desc.12988"
Sitting posture -prone (Attained),,550,Homo sapiens,2,Male+Female,"Brakke KE, Savage-Rumbaugh ES. Early postural behavior in Pan: Influences on development. Infant Behavior and Development. 1991 Jul 1;14(3):265-88."
Sitting posture-Body erect,,459,Homo sapiens,2,Male+Female,"Brakke KE, Savage-Rumbaugh ES. Early postural behavior in Pan: Influences on development. Infant Behavior and Development. 1991 Jul 1;14(3):265-88."
Sitting posture-Sit with slight or no support,,389,Homo sapiens,2,Male+Female,"Brakke KE, Savage-Rumbaugh ES. Early postural behavior in Pan: Influences on development. Infant Behavior and Development. 1991 Jul 1;14(3):265-88."
Sitting prone -Lean forward or sideward actively,,501,Homo sapiens,2,Male+Female,"Brakke KE, Savage-Rumbaugh ES. Early postural behavior in Pan: Influences on development. Infant Behavior and Development. 1991 Jul 1;14(3):265-88."
Slits closure (Offset),,44,Homo sapiens,2,Male+Female,"Cordero GA, Sánchez-Villagra MR, Werneburg I. An irregular hourglass pattern describes the tempo of phenotypic development in placental mammal evolution. Biology letters. 2020 May 27;16(5):20200087."
Splenium myelination (Onset),,378,Homo sapiens,2,Male+Female,"Workman AD, Charvet CJ, Clancy B, Darlington RB, Finlay BL. Modeling transformations of neurodevelopmental sequences across mammalian species. Journal of Neuroscience. 2013 Apr 24;33(17):7368-83."
Squamosals ossification (Onset),,56,Homo sapiens,2,Male+Female,"Strong RM. The order, time, and rate of ossification of the albino rat (Mus norvegicus albinus) skeleton. American Journal of Anatomy. 1925 Nov;36(2):313-55"
Somite formation (Onset),,13,Homo sapiens,2,Male+Female,"Cordero GA, Sánchez-Villagra MR, Werneburg I. An irregular hourglass pattern describes the tempo of phenotypic development in placental mammal evolution. Biology letters. 2020 May 27;16(5):20200087."
Stage 1 of sensorimotor development ie reflex,,285,Homo sapiens,2,Male+Female,"Chevalier-Skolnikoff, S., 1983. Sensorimotor development in orang-utans and other primates. Journal of Human Evolution, 12(6), pp.545-561."
Stage 2 of sensorimotor development ie primary circular reaction,,345,Homo sapiens,2,Male+Female,"Chevalier-Skolnikoff, S., 1983. Sensorimotor development in orang-utans and other primates. Journal of Human Evolution, 12(6), pp.545-561."
Stage 3 of sensorimotor development ie secondary circular reaction,,450,Homo sapiens,2,Male+Female,"Chevalier-Skolnikoff, S., 1983. Sensorimotor development in orang-utans and other primates. Journal of Human Evolution, 12(6), pp.545-561."
Stage 4 of sensorimotor development ie co-ordination,,570,Homo sapiens,2,Male+Female,"Chevalier-Skolnikoff, S., 1983. Sensorimotor development in orang-utans and other primates. Journal of Human Evolution, 12(6), pp.545-561."
Stand up,,648,Homo sapiens,2,Male+Female,"Brakke KE, Savage-Rumbaugh ES. Early postural behavior in Pan: Influences on development. Infant Behavior and Development. 1991 Jul 1;14(3):265-88."
Stand up,,600,Homo sapiens,2,Male+Female,"Bründl AC, Tkaczynski PJ, Nohon Kohou G, Boesch C, Wittig RM, Crockford C. Systematic mapping of developmental milestones in wild chimpanzees Dev Sci. In Press. 2020;e12988. doi:10.1111/desc.12988"
Standing with assistance (Attained),,557,Homo sapiens,2,Male+Female,"Brakke KE, Savage-Rumbaugh ES. Early postural behavior in Pan: Influences on development. Infant Behavior and Development. 1991 Jul 1;14(3):265-88."
Straight heart tube,,22,Homo sapiens,2,Male+Female,"Marcela SG, Cristina RM, Angel PG, Manuel AM, Sofía DC, Patricia DL, Bladimir RR, Concepción SG. Chronological and morphological study of heart development in the rat. The Anatomical Record: Advances in Integrative Anatomy and Evolutionary Biology. 2012 Aug;295(8):1267-90."
Stretching (Onset),,75.3,Homo sapiens,2,Male+Female,"Lüchinger AB, Hadders-Algra M, Van Kan CM, de Vries JI. 2008. Fetal onset of general movements. Pediatric research. 63(2):191."
Stria Medullaris myelination (Onset),,273,Homo sapiens,2,Male+Female,"Workman AD, Charvet CJ, Clancy B, Darlington RB, Finlay BL. Modeling transformations of neurodevelopmental sequences across mammalian species. Journal of Neuroscience. 2013 Apr 24;33(17):7368-83."
Stria terminalis appearance,,56,Homo sapiens,2,Male+Female,"Workman AD, Charvet CJ, Clancy B, Darlington RB, Finlay BL. Modeling transformations of neurodevelopmental sequences across mammalian species. Journal of Neuroscience. 2013 Apr 24;33(17):7368-83."
Subplate neurogenesis (Onset),,35,Homo sapiens,2,Male+Female,"Translating time  resource (see Clancy et all., 2001; Worman et al., 2013; Charvet et al,, 2019 datasets)"
Suckling (Onset),,63,Homo sapiens,2,Male+Female,"Kurjak A, Pooh RK, Merce LT, Carrera JM, Salihagic-Kadic A, Andonotopo W. 2005. Structural and functional early human development assessed by three-dimensional and four-dimensional sonography. Fertil Steril. 84(5):1285-1299. doi:10.1016/j.fertnstert.2005.03.084"
Suckling (Onset),,88.2,Homo sapiens,2,Male+Female,"Luchinger AB, Hadders-Algra M, Van Kan CM, de Vries JI. 2008. Fetal onset of general movements. Pediatric research. 63(2):191"
Suckling (Onset),,88.06,Homo sapiens,2,Male+Female,"Report by de Vries et al. 1982; L¸chinger AB, Hadders-Algra M, Van Kan CM, de Vries JI. 2008. Fetal onset of general movements. Pediatric research. 63(2):191."
Superior Cerebellar Peduncle myelination (Onset),,182,Homo sapiens,2,Male+Female,"Workman AD, Charvet CJ, Clancy B, Darlington RB, Finlay BL. Modeling transformations of neurodevelopmental sequences across mammalian species. Journal of Neuroscience. 2013 Apr 24;33(17):7368-83."
Supine posture-Head predominantly in midposition,,375,Homo sapiens,2,Male+Female,"Brakke KE, Savage-Rumbaugh ES. Early postural behavior in Pan: Influences on development. Infant Behavior and Development. 1991 Jul 1;14(3):265-88."
Supine posture: arms extend laterally/side of trunk,,494,Homo sapiens,2,Male+Female,"Brakke KE, Savage-Rumbaugh ES. Early postural behavior in Pan: Influences on development. Infant Behavior and Development. 1991 Jul 1;14(3):265-88."
Supine posture: Arms in windmill position (Onset),,361,Homo sapiens,2,Male+Female,"Brakke KE, Savage-Rumbaugh ES. Early postural behavior in Pan: Influences on development. Infant Behavior and Development. 1991 Jul 1;14(3):265-88."
Supine posture: head predominantly rotated,,368,Homo sapiens,2,Male+Female,"Brakke KE, Savage-Rumbaugh ES. Early postural behavior in Pan: Influences on development. Infant Behavior and Development. 1991 Jul 1;14(3):265-88."
Supine posture: lift head (Onset),,536,Homo sapiens,2,Male+Female,"Brakke KE, Savage-Rumbaugh ES. Early postural behavior in Pan: Influences on development. Infant Behavior and Development. 1991 Jul 1;14(3):265-88."
Supine posture: lift head and shoulders,,543,Homo sapiens,2,Male+Female,"Brakke KE, Savage-Rumbaugh ES. Early postural behavior in Pan: Influences on development. Infant Behavior and Development. 1991 Jul 1;14(3):265-88."
Supine posture: Roll to side (Onset),,382,Homo sapiens,2,Male+Female,"Brakke KE, Savage-Rumbaugh ES. Early postural behavior in Pan: Influences on development. Infant Behavior and Development. 1991 Jul 1;14(3):265-88."
Support entire weight,,487,Homo sapiens,2,Male+Female,"Brakke KE, Savage-Rumbaugh ES. Early postural behavior in Pan: Influences on development. Infant Behavior and Development. 1991 Jul 1;14(3):265-88."
Support large fraction of weight,,459,Homo sapiens,2,Male+Female,"Brakke KE, Savage-Rumbaugh ES. Early postural behavior in Pan: Influences on development. Infant Behavior and Development. 1991 Jul 1;14(3):265-88."
Supraoccipital ossification (Onset),,56,Homo sapiens,2,Male+Female,Mall FP. On ossification centers in human embryos less than one hundred days old. American Journal of Anatomy. 1906 Sep 1;5(4):433-58.
Supraoccipital ossification (Onset),,55.5,Homo sapiens,2,Male+Female,"Strong RM. The order, time, and rate of ossification of the albino rat (Mus norvegicus albinus) skeleton. American Journal of Anatomy. 1925 Nov;36(2):313-55"
Surrounded nose openings (nostrils),,44,Homo sapiens,2,Male+Female,"Cordero GA, Sánchez-Villagra MR, Werneburg I. An irregular hourglass pattern describes the tempo of phenotypic development in placental mammal evolution. Biology letters. 2020 May 27;16(5):20200087."
Symphysis Height reaches 70% of stable value,,2548.3,Homo sapiens,2,Male+Female,"Williams, Frank L'Engle. Heterochronic perturbations in the craniofacial evolution of Homo (Neandertals and modern humans) and Pan (P. troglodytes and P. paniscus). University of Massachusetts Amherst, 2001."
Symphysis Height reaches 80% of stable value,,3890.1,Homo sapiens,2,Male+Female,"Williams, Frank L'Engle. Heterochronic perturbations in the craniofacial evolution of Homo (Neandertals and modern humans) and Pan (P. troglodytes and P. paniscus). University of Massachusetts Amherst, 2001."
Symphysis Height reaches 90% of stable value,,5540.2,Homo sapiens,2,Male+Female,"Williams, Frank L'Engle. Heterochronic perturbations in the craniofacial evolution of Homo (Neandertals and modern humans) and Pan (P. troglodytes and P. paniscus). University of Massachusetts Amherst, 2001."
Tail bud,,26,Homo sapiens,2,Male+Female,"Cordero GA, Sánchez-Villagra MR, Werneburg I. An irregular hourglass pattern describes the tempo of phenotypic development in placental mammal evolution. Biology letters. 2020 May 27;16(5):20200087."
The torsion and looping process; aortic sac divided into two conducts (Offset),,32.5,Homo sapiens,2,Male+Female,"Marcela SG, Cristina RM, Angel PG, Manuel AM, Sofía DC, Patricia DL, Bladimir RR, Concepción SG. Chronological and morphological study of heart development in the rat. The Anatomical Record: Advances in Integrative Anatomy and Evolutionary Biology. 2012 Aug;295(8):1267-90."
Third postural stages (Onset),,470,Homo sapiens,2,Male+Female,"Takeshita, H., Hirata, S., Sakai, T., & Myowa-Yamakoshi, M. (2016). Fetal behavioral development and brain growth in chimpanzees versus humans: a view from studies with 4d ultrasonography. In Fetal development (pp. 67-83). Springer, Cham. (book chapter)"
Distinct toes first visible,,52,Homo sapiens,2,Male+Female,"Cordero GA, Sánchez-Villagra MR, Werneburg I. An irregular hourglass pattern describes the tempo of phenotypic development in placental mammal evolution. Biology letters. 2020 May 27;16(5):20200087."
Tool use onset,,720,Homo sapiens,2,Male+Female,"Bründl AC, Tkaczynski PJ, Nohon Kohou G, Boesch C, Wittig RM, Crockford C. Systematic mapping of developmental milestones in wild chimpanzees Dev Sci. In Press. 2020;e12988. doi:10.1111/desc.12988"
Transition between neonatal to social smiling,,360,Homo sapiens,2,Male+Female,"Mizuno Y, Takeshita H, Matsuzawa T. 2006.  Behavior of infant chimpanzees during the night in the first 4 months of life: Smiling and suckling in relation to behavioral state. Infancy. 9(2):221-40."
Trapezium ossification (Onset),,1730,Homo sapiens,2,Male+Female,"Prochel J, Vogel P, Sánchez-Villagra MR. Hand development and sequence of ossification in the forelimb of the European shrew Crocidura russula (Soricidae) and comparisons across therian mammals. J Anat. 2004 Aug;205(2):99-111. doi: 10.1111/j.0021-8782.2004.00321.x. PMID: 15291793; PMCID: PMC1571333."
Trapezoid ossification (Onset),,1730,Homo sapiens,2,Male+Female,"Prochel J, Vogel P, Sánchez-Villagra MR. Hand development and sequence of ossification in the forelimb of the European shrew Crocidura russula (Soricidae) and comparisons across therian mammals. J Anat. 2004 Aug;205(2):99-111. doi: 10.1111/j.0021-8782.2004.00321.x. PMID: 15291793; PMCID: PMC1571333."
Triquetral ossification (Onset),Captive,969.58,Homo sapiens,2,Female,"Blomquist, G. E. (2009). Brief communication: Methods of sequence heterochrony for describing modular developmental changes in human evolution. Am J Phys Anthropol, 138(2), 231-238."
Triquetral ossification (Onset),Captive,1091.2,Homo sapiens,2,Male,"Blomquist, G. E. (2009). Brief communication: Methods of sequence heterochrony for describing modular developmental changes in human evolution. Am J Phys Anthropol, 138(2), 231-238."
Triquetral ossification (Onset),,1000,Homo sapiens,2,Male+Female,"Prochel J, Vogel P, Sánchez-Villagra MR. Hand development and sequence of ossification in the forelimb of the European shrew Crocidura russula (Soricidae) and comparisons across therian mammals. J Anat. 2004 Aug;205(2):99-111. doi: 10.1111/j.0021-8782.2004.00321.x. PMID: 15291793; PMCID: PMC1571333."
Turn to side and maintain balance,,536,Homo sapiens,2,Male+Female,"Brakke KE, Savage-Rumbaugh ES. Early postural behavior in Pan: Influences on development. Infant Behavior and Development. 1991 Jul 1;14(3):265-88."
Two (second) branchial arches emerges,,26,Homo sapiens,2,Male+Female,"Cordero GA, Sánchez-Villagra MR, Werneburg I. An irregular hourglass pattern describes the tempo of phenotypic development in placental mammal evolution. Biology letters. 2020 May 27;16(5):20200087."
Tympanics ossification (Onset),,65,Homo sapiens,2,Male+Female,"Strong RM. The order, time, and rate of ossification of the albino rat (Mus norvegicus albinus) skeleton. American Journal of Anatomy. 1925 Nov;36(2):313-55"
Ulna ossification (Onset),,40,Homo sapiens,2,Male+Female,"Prochel J, Vogel P, Sánchez-Villagra MR. Hand development and sequence of ossification in the forelimb of the European shrew Crocidura russula (Soricidae) and comparisons across therian mammals. J Anat. 2004 Aug;205(2):99-111. doi: 10.1111/j.0021-8782.2004.00321.x. PMID: 15291793; PMCID: PMC1571333."
Umbilical stump falls off,,280,Homo sapiens,2,Male+Female,"Jimoh EO, Ohaeri B, Ojo IO, Babarimisa O. Umbilical cord care: a tool to neonatal morbidity and mortality prevention. J Acad Res Business Arts Sci. 2022;4(3):1-2."
Umbilical stump falls off,,292,Homo sapiens,2,Male+Female,Pediatrician recommendation (https://www.seattlechildrens.org/conditions/a-z/umbilical-cord-symptoms/)
Umbilical stump falls off,,278.5,Homo sapiens,2,Male+Female,Whitmore JM. Newborn Umbilical Cord Care: An Evidence Based Quality Improvement Project.
Upper Facial Height reaches 70% of stable value,,1707,Homo sapiens,2,Male+Female,"Williams, Frank L'Engle. Heterochronic perturbations in the craniofacial evolution of Homo (Neandertals and modern humans) and Pan (P. troglodytes and P. paniscus). University of Massachusetts Amherst, 2001."
Upper Facial Height reaches 80% of stable value,,2665.9,Homo sapiens,2,Male+Female,"Williams, Frank L'Engle. Heterochronic perturbations in the craniofacial evolution of Homo (Neandertals and modern humans) and Pan (P. troglodytes and P. paniscus). University of Massachusetts Amherst, 2001."
Upper Facial Height reaches 90% of stable value,,3914.9,Homo sapiens,2,Male+Female,"Williams, Frank L'Engle. Heterochronic perturbations in the craniofacial evolution of Homo (Neandertals and modern humans) and Pan (P. troglodytes and P. paniscus). University of Massachusetts Amherst, 2001."
Visual Cortex Peak Synaptic Density (Area 17),,510,Homo sapiens,2,Male+Female,"Translating time  resource (see Clancy et all., 2001; Worman et al., 2013; Charvet et al,, 2019 datasets)"
Vomer ossification (Onset),,57,Homo sapiens,2,Male+Female,"Strong RM. The order, time, and rate of ossification of the albino rat (Mus norvegicus albinus) skeleton. American Journal of Anatomy. 1925 Nov;36(2):313-55"
Walk development,,567,Homo sapiens,2,Male+Female,"Chaibal S, Bennett S, Rattanathanthong K, Siritaratiwat W. Early developmental milestones and age of independent walking in orphans compared with typical home-raised infants. Early Human Development. 2016 Oct 1;101:23-6."
Walk development,,720,Homo sapiens,2,Male+Female,"Chaibal S, Bennett S, Rattanathanthong K, Siritaratiwat W. Early developmental milestones and age of independent walking in orphans compared with typical home-raised infants. Early Human Development. 2016 Oct 1;101:23-6."
Walk development,,627,Homo sapiens,2,Male+Female,"Workman AD, Charvet CJ, Clancy B, Darlington RB, Finlay BL. Modeling transformations of neurodevelopmental sequences across mammalian species. Journal of Neuroscience. 2013 Apr 24;33(17):7368-83."
Walk development,,633,Homo sapiens,2,Male+Female,"Bründl AC, Tkaczynski PJ, Nohon Kohou G, Boesch C, Wittig RM, Crockford C. Systematic mapping of developmental milestones in wild chimpanzees Dev Sci. In Press. 2020;e12988. doi:10.1111/desc.12988"
Walk development (Onset),,592,Homo sapiens,2,Male+Female,"Brakke KE, Savage-Rumbaugh ES. Early postural behavior in Pan: Influences on development. Infant Behavior and Development. 1991 Jul 1;14(3):265-88."
Weaning,Captive+Wild,995.86,Homo sapiens,2,Male+Female,"https://esapubs.org/archive/ecol/E090/184/PanTHERIA_1-0_WR05_Aug2008.txt; Jones, K. E., Bielby, J., Cardillo, M., Fritz, S. A., O'Dell, J., Orme, C. D. L., Safi, K., Sechrest, W., Boakes, E. H., Carbone, C., Connolly, C., Cutts, M. J., Foster, J. K., Grenyer, R., Habib, M., Plaster, C. A., Price, S. A., Rigby, E. A., Rist, J., . . . Michener, W. K. (2009). PanTHERIA: a species-level database of life history, ecology, and geography of extant and recently extinct mammals. Ecology, 90(9), 2648-2648. https://doi.org/10.1890/08-1494.1"
Weaning,,909,Homo sapiens,2,Male+Female,"https://figshare.com/articles/dataset/Full_Archive/3563457?backTo=/collections/An_amniote_life-history_database_to_perform_comparative_analyses_with_birds_mammals_and_reptiles/3308127; Myhrvold, N. P., Baldridge, E., Chan, B., Sivam, D., Freeman, D. L., & Ernest, S. M. (2015). An amniote life‐history database to perform comparative analyses with birds, mammals, and reptiles: Ecological Archives E096‐269. Ecology, 96(11), 3109-3109."
Weaning,,1160,Homo sapiens,2,Male+Female,Sellen DW (2001) Comparison of infant feeding patterns reported for nonindustrial populations with current recommendations. J Nutr 131: 2707–2715.
Weaning,,450,Homo sapiens,2,Male+Female,"Villar J, Ochieng R, Staines-Urias E, Fernandes M, Ratcliff M, Purwar M, Barros F, Horta B, Cheikh Ismail L, Albernaz E, Kunnawar N. Late weaning and maternal closeness, associated with advanced motor and visual maturation, reinforce autonomy in healthy, 2-year-old children. Scientific reports. 2020 Mar 23;10(1):5251."
AD neuropathology onset,,15308,Homo sapiens,2,Male+Female,"Average of Minimum reported age of Cortical CAA; Minimum reported age of Early stage amyloid-beta plaques in the brain; Minimum reported age of Meningeal CAA; Minimum reported age of Neurofibrillary tangles in the brain (Onset); Minimum reported age of pTau in the brain; Banerjee, G., Collinge, J., Fox, N. C., Lashley, T., Mead, S., Schott, J. M., ... & Ryan, N. S. (2023). Clinical considerations in early-onset cerebral amyloid angiopathy. Brain, 146(10), 3991-4014; Mutsuga M, Chambers JK, Uchida K, Tei M, Makibuchi T, Mizorogi T, et al. Binding of Curcumin to Senile Plaques and Cerebral Amyloid Angiopathy in the Aged Brain of Various Animals and to Neurofibrillary Tangles in Alzheimer’s Brain. J Vet Med Sci. 2012 Feb 1;74(1):51–7; Yushkevich PA, Muñoz López M, Iñiguez de Onzoño Martin MM, Ittyerah R, Lim S, Ravikumar S, Bedard ML, Pickup S, Liu W, Wang J, Hung LY, Lasserve J, Vergnet N, Xie L, Dong M, Cui S, McCollum L, Robinson JL, Schuck T, de Flores R, Grossman M, Tisdall MD, Prabhakaran K, Mizsei G, Das SR, Artacho-Pérula E, Arroyo Jiménez MDM, Marcos Raba MP, Molina Romero FJ, Cebada Sánchez S, Delgado González JC, de la Rosa-Prieto C, Córcoles Parada M, Lee EB, Trojanowski JQ, Ohm DT, Wisse LEM, Wolk DA, Irwin DJ, Insausti R. Three-dimensional mapping of neurofibrillary tangle burden in the human medial temporal lobe. Brain. 2021 Oct 22;144(9):2784-2797. doi: 10.1093/brain/awab262. PMID: 34259858; PMCID: PMC8783607; Takeda, S., Yamazaki, K., Miyakawa, T., & Onda, K. (2017). Cerebral amyloid angiopathy initially occurs in the meningeal vessels. Neuropathology, 37(6), 502-508; Braak, H., Thal, D. R., Ghebremedhin, E., & Del Tredici, K. (2011). Stages of the pathologic process in Alzheimer disease: age categories from 1 to 100 years. Journal of Neuropathology & Experimental Neurology, 70(11), 960-969."
Ratio of interthalamic adhesion to brain height peak,,8442.35,Homo sapiens,2,Male+Female,"This study, OASIS, NITRC"
Ratio of interthalamic adhesion to brain height declines to 90% of peak,,16501.55,Homo sapiens,2,Male+Female,"This study, OASIS, NITRC"
Ratio of interthalamic adhesion to brain height declines to 80% of peak,,20326.75,Homo sapiens,2,Male+Female,"This study, OASIS, NITRC"
Ratio of interthalamic adhesion to brain height declines to 70% of peak,,23301.5,Homo sapiens,2,Male+Female,"This study, OASIS, NITRC"
Ratio of interthalamic adhesion to brain height declines to 60% of peak,,25232.35,Homo sapiens,2,Male+Female,"This study, OASIS, NITRC"
Ratio of interthalamic adhesion to brain height declines to 50% of peak,,27327.45,Homo sapiens,2,Male+Female,"This study, OASIS, NITRC"
Ratio of interthalamic adhesion to brain height declines to 40% of peak,,29937.2,Homo sapiens,2,Male+Female,"This study, OASIS, NITRC"
Ratio of interthalamic adhesion to brain height declines to 30% of peak,,32061.5,Homo sapiens,2,Male+Female,"This study, OASIS, NITRC"
interthalamic adhesion area peak,,9438.8,Homo sapiens,2,Male+Female,"This study, OASIS, NITRC"
interthalamic adhesion area declines to 90% of peak,,13829.75,Homo sapiens,2,Male+Female,"This study, OASIS, NITRC"
interthalamic adhesion area declines to 80% of peak,,16574.55,Homo sapiens,2,Male+Female,"This study, OASIS, NITRC"
interthalamic adhesion area declines to 70% of peak,,18990.85,Homo sapiens,2,Male+Female,"This study, OASIS, NITRC"
interthalamic adhesion area declines to 60% of peak,,21761.2,Homo sapiens,2,Male+Female,"This study, OASIS, NITRC"
interthalamic adhesion area declines to 50% of peak,,23838.05,Homo sapiens,2,Male+Female,"This study, OASIS, NITRC"
interthalamic adhesion area declines to 40% of peak,,26108.35,Homo sapiens,2,Male+Female,"This study, OASIS, NITRC"
interthalamic adhesion area declines to 70% of peak,,27958.9,Homo sapiens,2,Male+Female,"This study, OASIS, NITRC"
normalized whole brain volume (nWBV) Peak,,7529.85,Homo sapiens,2,Male+Female,"This study, OASIS, NITRC"
normalized whole brain volume (nWBV) declines to 90% of peak,,27608.5,Homo sapiens,2,Male+Female,"This study, OASIS, NITRC"
normalized whole brain volume (nWBV) declines to 80% of peak,,34324.5,Homo sapiens,2,Male+Female,"This study, OASIS, NITRC"
Body weight (Decline initiates),,23995,Homo sapiens,2,Male,Ruhe RB. Changes in food intake and its relationship to weight loss during advanced age. Body Composition and Aging. 2010 Aug 12;37:51.
Body weight (Decline initiates),,23995,Homo sapiens,2,Female,Ruhe RB. Changes in food intake and its relationship to weight loss during advanced age. Body Composition and Aging. 2010 Aug 12;37:51.
Brain growth reaches a plateau,,1057.1517,Homo sapiens,2,Male+Female,"Semple BD, Blomgren K, Gimlin K, Ferriero DM, Noble-Haeusslein LJ. Brain development in rodents and humans: Identifying benchmarks of maturation and vulnerability to injury across species. Progress in neurobiology. 2013 Jul 1;106:1-6."
Mounting/sexual intercourse (Onset),,6110,Homo sapiens,2,Male+Female,"Bell MR., 2018; Williams and Scott, 1953; Yaya and Bishwajit, 2018"
Cliff aversion (Onset),,582,Homo sapiens,2,Male+Female,"Richards JE, Rader N. Crawling-onset age predicts visual cliff avoidance in infants. Journal of Experimental Psychology: Human Perception and Performance. 1981 Apr;7(2):382."
Crawl (Onset),,488,Homo sapiens,2,Male+Female,"Richards JE, Rader N. Crawling-onset age predicts visual cliff avoidance in infants. Journal of Experimental Psychology: Human Perception and Performance. 1981 Apr;7(2):382."
Crawl (Onset),,502.2,Homo sapiens,2,Male+Female,"Richards JE, Rader N. Crawling-onset age predicts visual cliff avoidance in infants. Journal of Experimental Psychology: Human Perception and Performance. 1981 Apr;7(2):382."
CRX expression onset in the retina,,73.5,Homo sapiens,2,Male+Female,"Bibb LC, Holt JK, Tarttelin EE, Hodges MD, Gregory-Evans K, Rutherford A, Lucas RJ, Sowden JC, Gregory-Evans CY. Temporal and spatial expression patterns of the CRX transcription factor and its downstream targets. Critical differences during human and mouse eye development. Human Molecular Genetics. 2001 Jul 15;10(15):1571-9."
Lens rapid growth plateaus,,747.9675,Homo sapiens,2,Male+Female,Midpoint between rapid growh and plateau; Augusteyn RC. Growth of the human eye lens. Mol Vis. 2007 Feb 23;13:252-7. PMID: 17356512; PMCID: PMC2633484.
Invagination of lens placodes begins,,29.5,Homo sapiens,2,Male+Female,"DeSesso JM, Scialli AR. Bone development in laboratory mammals used in developmental toxicity studies. Birth defects research. 2018 Sep 1;110(15):1157-87."
Rathke's pouch appears,,31,Homo sapiens,2,Male+Female,"DeSesso JM, Scialli AR. Bone development in laboratory mammals used in developmental toxicity studies. Birth defects research. 2018 Sep 1;110(15):1157-87."
Stage 1 (Primitive streak),,13,Homo sapiens,2,Male+Female,"Cordero GA, Sánchez-Villagra MR, Werneburg I. An irregular hourglass pattern describes the tempo of phenotypic development in placental mammal evolution. Biology letters. 2020 May 27;16(5):20200087."
Stage 1 (Primitive streak),,15.25,Homo sapiens,2,Male+Female,DeSesso JM. Comparative gestational milestones in vertebrate development. InDevelopmental and Reproductive Toxicology 2016 Apr 19 (pp. 107-152). CRC Press.
Stage 1 (Primitive streak),,13,Homo sapiens,2,Male+Female,DeSesso JM. Comparative features of vertebrate embryology. Developmental reproductive toxicology: a practical approach. 2nd ed. Boca Raton: CRC Press Inc. 2005 Aug 30:147-97.
Distal epiphysis of the ulna appearance,this paper focuses on mice and reports other studies in humans,3007.5,Homo sapiens,2,Male+Female,Johnson ML. The time and order of appearance of ossification centers in the albino mouse. American Journal of Anatomy. 1933 Mar;52(2):241-71.
Proximal epiphysis of the ulna Appearance,this paper focuses on mice and reports other studies in humans,4285,Homo sapiens,2,Male+Female,Johnson ML. The time and order of appearance of ossification centers in the albino mouse. American Journal of Anatomy. 1933 Mar;52(2):241-71.
Distal epiphysis of the Radius appearance,this paper focuses on mice and reports other studies in humans,635,Homo sapiens,2,Male+Female,Johnson ML. The time and order of appearance of ossification centers in the albino mouse. American Journal of Anatomy. 1933 Mar;52(2):241-71.
Proximal epiphysisis of the radius Appearance,this paper focuses on mice and reports other studies in humans,1730,Homo sapiens,2,Male+Female,Johnson ML. The time and order of appearance of ossification centers in the albino mouse. American Journal of Anatomy. 1933 Mar;52(2):241-71.
Distal epiphysis of the tibia Appearance,this paper focuses on mice and reports other studies in humans,635,Homo sapiens,2,Male+Female,Johnson ML. The time and order of appearance of ossification centers in the albino mouse. American Journal of Anatomy. 1933 Mar;52(2):241-71.
Tibia greater tuberosity ossification onset,new name,4285,Homo sapiens,2,Male+Female,Johnson ML. The time and order of appearance of ossification centers in the albino mouse. American Journal of Anatomy. 1933 Mar;52(2):241-71.
Distal epiphysis of the fibula appearance,this paper focuses on mice and reports other studies in humans,817.5,Homo sapiens,2,Male+Female,Johnson ML. The time and order of appearance of ossification centers in the albino mouse. American Journal of Anatomy. 1933 Mar;52(2):241-71.
Proximal epiphysis of the fibula appearance,this paper focuses on mice and reports other studies in humans,2277.5,Homo sapiens,2,Male+Female,Johnson ML. The time and order of appearance of ossification centers in the albino mouse. American Journal of Anatomy. 1933 Mar;52(2):241-71.
Patella ossification (Onset),,1730,Homo sapiens,2,Male+Female,Ogden JA. Radiology of postnatal skeletal development: X. Patella and tibial tuberosity. Skeletal radiology. 1984 Apr;11:246-57.
Tarsus cuboid ossification onset,,390,Homo sapiens,2,Male+Female,"Davies DA, Parsons FG. The age order of the appearance and union of the normal epiphyses as seen by X-rays. Journal of Anatomy. 1927 Oct;62(Pt 1):58."
Tarsus Navicular ossification onset,,1091.25,Homo sapiens,2,Male+Female,"Davies DA, Parsons FG. The age order of the appearance and union of the normal epiphyses as seen by X-rays. Journal of Anatomy. 1927 Oct;62(Pt 1):58."
Pubis ossification (Onset),,140,Homo sapiens,2,Male+Female,"Baumgart M, Wiśniewski M, Grzonkowska M, Badura M, Szpinda M, Pawlak-Osińska K. The primary ossification of the human fetal ischium: CT, digital-image analysis, and statistics. Surgical and Radiologic Anatomy. 2019 Mar 1;41:327-33."
Pubis ossification (Onset),,165,Homo sapiens,2,Male+Female,"Baumgart M, Wiśniewski M, Grzonkowska M, Badura M, Szpinda M, Pawlak-Osińska K. The primary ossification of the human fetal ischium: CT, digital-image analysis, and statistics. Surg Radiol Anat. 2019 Mar;41(3):327-333. doi: 10.1007/s00276-018-2171-5. Epub 2018 Dec 20. PMID: 30574671; PMCID: PMC6420466."
Ischium ossification (Onset),,126,Homo sapiens,2,Male+Female,"Baumgart M, Wiśniewski M, Grzonkowska M, Badura M, Szpinda M, Pawlak-Osińska K. The primary ossification of the human fetal ischium: CT, digital-image analysis, and statistics. Surgical and Radiologic Anatomy. 2019 Mar 1;41:327-33."
Ribs ossification (Onset),,56,Homo sapiens,2,Male+Female,Mall FP. On ossification centers in human embryos less than one hundred days old. American Journal of Anatomy. 1906 Sep 1;5(4):433-58.
Humerus ossification (Onset),,42,Homo sapiens,2,Male+Female,Mall FP. On ossification centers in human embryos less than one hundred days old. American Journal of Anatomy. 1906 Sep 1;5(4):433-58.
Radius ossification (Onset),,44,Homo sapiens,2,Male+Female,Mall FP. On ossification centers in human embryos less than one hundred days old. American Journal of Anatomy. 1906 Sep 1;5(4):433-58.
Ulna ossification (Onset),,49,Homo sapiens,2,Male+Female,Mall FP. On ossification centers in human embryos less than one hundred days old. American Journal of Anatomy. 1906 Sep 1;5(4):433-58.
Ilium ossification (Onset),,56,Homo sapiens,2,Male+Female,Mall FP. On ossification centers in human embryos less than one hundred days old. American Journal of Anatomy. 1906 Sep 1;5(4):433-58.
Fibula ossification (Onset),,55,Homo sapiens,2,Male+Female,Mall FP. On ossification centers in human embryos less than one hundred days old. American Journal of Anatomy. 1906 Sep 1;5(4):433-58.
Tibia ossification (Onset),,44,Homo sapiens,2,Male+Female,Mall FP. On ossification centers in human embryos less than one hundred days old. American Journal of Anatomy. 1906 Sep 1;5(4):433-58.
Femur ossification (Onset),,42,Homo sapiens,2,Male+Female,Mall FP. On ossification centers in human embryos less than one hundred days old. American Journal of Anatomy. 1906 Sep 1;5(4):433-58.
Scapula ossification (Onset),,55,Homo sapiens,2,Male+Female,Mall FP. On ossification centers in human embryos less than one hundred days old. American Journal of Anatomy. 1906 Sep 1;5(4):433-58.
Clavicle ossification (Onset),,39,Homo sapiens,2,Male+Female,Mall FP. On ossification centers in human embryos less than one hundred days old. American Journal of Anatomy. 1906 Sep 1;5(4):433-58.
Expression of NEFH plateaus in Frontal Cortex expression (logged values; easyls model=3),,4774,Homo sapiens,2,Male+Female,"Cottam NC, Ofori K, Stoll KT, Bryant M, Rogge JR, Hekmatyar K, Sun J, Charvet CJ. From circuits to lifespan: translating mouse and human timelines with neuroimaging based tractography. Journal of Neuroscience. 2025 Jan 22."
Expressino of CALB2 plateau in frontal cortex (logged values; easynls model=3),,1803.73,Homo sapiens,2,Male+Female,"Cottam NC, Ofori K, Stoll KT, Bryant M, Rogge JR, Hekmatyar K, Sun J, Charvet CJ. From circuits to lifespan: translating mouse and human timelines with neuroimaging based tractography. Journal of Neuroscience. 2025 Jan 22."
Expression of PVALB plateau in Frontal Cortex (logged values; easynls model=3),,1296.68,Homo sapiens,2,Male+Female,"Cottam NC, Ofori K, Stoll KT, Bryant M, Rogge JR, Hekmatyar K, Sun J, Charvet CJ. From circuits to lifespan: translating mouse and human timelines with neuroimaging based tractography. Journal of Neuroscience. 2025 Jan 22."
Expression of ARC plateau in frontal cortex (logged values; easynls model=2),,2640.97,Homo sapiens,2,Male+Female,"Cottam NC, Ofori K, Stoll KT, Bryant M, Rogge JR, Hekmatyar K, Sun J, Charvet CJ. From circuits to lifespan: translating mouse and human timelines with neuroimaging based tractography. Journal of Neuroscience. 2025 Jan 22."
Expression of SCN1B plateau in Frontal Cortex (logged values; easynls model=3),,4380,Homo sapiens,2,Male+Female,"Cottam NC, Ofori K, Stoll KT, Bryant M, Rogge JR, Hekmatyar K, Sun J, Charvet CJ. From circuits to lifespan: translating mouse and human timelines with neuroimaging based tractography. Journal of Neuroscience. 2025 Jan 22."
Expression of CNTNAP1 pleateau in Frontal Cortex (logged values; easynls model=3),,5201,Homo sapiens,2,Male+Female,"Cottam NC, Ofori K, Stoll KT, Bryant M, Rogge JR, Hekmatyar K, Sun J, Charvet CJ. From circuits to lifespan: translating mouse and human timelines with neuroimaging based tractography. Journal of Neuroscience. 2025 Jan 22."
Expression of SOX1 plateau in Frontal Cortex (logged values; easynls model=2),,4505,Homo sapiens,2,Male+Female,"Cottam NC, Ofori K, Stoll KT, Bryant M, Rogge JR, Hekmatyar K, Sun J, Charvet CJ. From circuits to lifespan: translating mouse and human timelines with neuroimaging based tractography. Journal of Neuroscience. 2025 Jan 22."
Expression of EPHA3 plateau in Frontal Cortex (logged values; easynls model=2),,11365.63,Homo sapiens,2,Male+Female,"Cottam NC, Ofori K, Stoll KT, Bryant M, Rogge JR, Hekmatyar K, Sun J, Charvet CJ. From circuits to lifespan: translating mouse and human timelines with neuroimaging based tractography. Journal of Neuroscience. 2025 Jan 22."
Expression of SNAP25 plateau in Frontal Cortex (logged vluaes; easynls model=3),,2636.15,Homo sapiens,2,Male+Female,"Cottam NC, Ofori K, Stoll KT, Bryant M, Rogge JR, Hekmatyar K, Sun J, Charvet CJ. From circuits to lifespan: translating mouse and human timelines with neuroimaging based tractography. Journal of Neuroscience. 2025 Jan 22."
Expression of TUBB2B plateau in Frontal Cortex (logged values; easynls model=3),,10115.5,Homo sapiens,2,Male+Female,"Cottam NC, Ofori K, Stoll KT, Bryant M, Rogge JR, Hekmatyar K, Sun J, Charvet CJ. From circuits to lifespan: translating mouse and human timelines with neuroimaging based tractography. Journal of Neuroscience. 2025 Jan 22."
Implantation,,6.5,Homo sapiens,2,Male+Female,DeSesso JM. Comparative gestational milestones in vertebrate development. InDevelopmental and Reproductive Toxicology 2016 Apr 19 (pp. 107-152). CRC Press.
4 cell stage,,1.75,Homo sapiens,2,Male+Female,DeSesso JM. Comparative gestational milestones in vertebrate development. InDevelopmental and Reproductive Toxicology 2016 Apr 19 (pp. 107-152). CRC Press.
Hypoblast has formed,,7.5,Homo sapiens,2,Male+Female,DeSesso JM. Comparative gestational milestones in vertebrate development. InDevelopmental and Reproductive Toxicology 2016 Apr 19 (pp. 107-152). CRC Press.
First Heartbeat,,22.5,Homo sapiens,2,Male+Female,DeSesso JM. Comparative gestational milestones in vertebrate development. InDevelopmental and Reproductive Toxicology 2016 Apr 19 (pp. 107-152). CRC Press.
Allantois arises,,17.75,Homo sapiens,2,Male+Female,DeSesso JM. Comparative gestational milestones in vertebrate development. InDevelopmental and Reproductive Toxicology 2016 Apr 19 (pp. 107-152). CRC Press.
Anal membrane perforates,,47.5,Homo sapiens,2,Male+Female,DeSesso JM. Comparative gestational milestones in vertebrate development. InDevelopmental and Reproductive Toxicology 2016 Apr 19 (pp. 107-152). CRC Press.
Cochlea appears,,44,Homo sapiens,2,Male+Female,DeSesso JM. Comparative gestational milestones in vertebrate development. InDevelopmental and Reproductive Toxicology 2016 Apr 19 (pp. 107-152). CRC Press.
One or more semicrcular canals have formed,,46,Homo sapiens,2,Male+Female,DeSesso JM. Comparative gestational milestones in vertebrate development. InDevelopmental and Reproductive Toxicology 2016 Apr 19 (pp. 107-152). CRC Press.
First sign of wrist,,53.5,Homo sapiens,2,Male+Female,DeSesso JM. Comparative gestational milestones in vertebrate development. InDevelopmental and Reproductive Toxicology 2016 Apr 19 (pp. 107-152). CRC Press.
Pineal epiphyseas forms,,40.5,Homo sapiens,2,Male+Female,DeSesso JM. Comparative gestational milestones in vertebrate development. InDevelopmental and Reproductive Toxicology 2016 Apr 19 (pp. 107-152). CRC Press.
Testosterone levels peak inMales,,6110,Homo sapiens,2,Male,"Bell MR. Comparing postnatal development of gonadal hormones and associated social behaviors in rats, mice, and humans. Endocrinology. 2018 Jul;159(7):2596-613."
Spermatogenesis (Onset),,5102.6,Homo sapiens,2,Male+Female,"Bell MR. Comparing postnatal development of gonadal hormones and associated social behaviors in rats, mice, and humans. Endocrinology. 2018 Jul;159(7):2596-613."
Emergence of cingulate bundle (diffusion MR tractography),,108.5,Homo sapiens,2,Male+Female,"Charvet CJ, Das A, Song JW, Tindal-Burgess DJ, Kabaria P, Dai G, Kane T, Takahashi E. High angular resolution diffusion MRI reveals conserved and deviant programs in the paths that guide human cortical circuitry. Cerebral Cortex. 2020 Mar 14;30(3):1447-64.; Charvet CJ. Mapping human brain pathways: challenges and opportunities in the integration of scales. Brain Behavior and Evolution. 2023 Aug 30;98(4):194-209; Allen brain institute MRI resource; Vasung L, Huang H, Jovanov‐Milošević N, Pletikos M, Mori S, Kostović I. Development of axonal pathways in the human fetal fronto‐limbic brain: histochemical characterization and diffusion tensor imaging. Journal of anatomy. 2010 Oct;217(4):400-17."
Emergence of cerebellar parallel fibers (diffusion MR tractography),,182,Homo sapiens,2,Male+Female,"Charvet CJ, Das A, Song JW, Tindal-Burgess DJ, Kabaria P, Dai G, Kane T, Takahashi E. High angular resolution diffusion MRI reveals conserved and deviant programs in the paths that guide human cortical circuitry. Cerebral Cortex. 2020 Mar 14;30(3):1447-64.; Takahashi E, Hayashi E, Schmahmann JD, Grant PE. Development of cerebellar connectivity in human fetal brains revealed by high angular resolution diffusion tractography. Neuroimage. 2014 Aug 1;96:326-33."
Cerebellar folia emerge,,98,Homo sapiens,2,Male+Female,"Haldipur P, Aldinger KA, Bernardo S, Deng M, Timms AE, Overman LM, Winter C, Lisgo SN, Razavi, Silvestri E, Manganaro L. Spatiotemporal expansion of primary progenitor zones in the developing human cerebellum. Science. 2019 Oct 25;366(6464):454-60."
Cerebellar granular layer emerges,,56,Homo sapiens,2,Male+Female,"Haldipur P, Aldinger KA, Bernardo S, Deng M, Timms AE, Overman LM, Winter C, Lisgo SN, Razavi, Silvestri E, Manganaro L. Spatiotemporal expansion of primary progenitor zones in the developing human cerebellum. Science. 2019 Oct 25;366(6464):454-60."
Glandular lung stage onset,,42,Homo sapiens,2,Male+Female,DeSesso JM. Comparative features of vertebrate embryology. Developmental reproductive toxicology: a practical approach. 2nd ed. Boca Raton: CRC Press Inc. 2005 Aug 30:147-97.
Glandular lung stage offset,,112,Homo sapiens,2,Male+Female,DeSesso JM. Comparative features of vertebrate embryology. Developmental reproductive toxicology: a practical approach. 2nd ed. Boca Raton: CRC Press Inc. 2005 Aug 30:147-97.
Canicular lung stage onset,,112,Homo sapiens,2,Male+Female,DeSesso JM. Comparative features of vertebrate embryology. Developmental reproductive toxicology: a practical approach. 2nd ed. Boca Raton: CRC Press Inc. 2005 Aug 30:147-97.
Canicular lung stage offset,,196,Homo sapiens,2,Male+Female,DeSesso JM. Comparative features of vertebrate embryology. Developmental reproductive toxicology: a practical approach. 2nd ed. Boca Raton: CRC Press Inc. 2005 Aug 30:147-97.
Metanephrosis onset,,36,Homo sapiens,2,Male+Female,DeSesso JM. Comparative features of vertebrate embryology. Developmental reproductive toxicology: a practical approach. 2nd ed. Boca Raton: CRC Press Inc. 2005 Aug 30:147-97.
Stretching (Onset),,70,Homo sapiens,2,Male+Female,"Kurjak A, Pooh RK, Merce LT, Carrera JM, Salihagic-Kadic A, Andonotopo W. Structural and functional early human development assessed by three-dimensional and four-dimensional sonography. Fertility and sterility. 2005 Nov 1;84(5):1285-99."
Female First reproduction (sex selective),,100.2,Mus musculus,2,Female,Jax 3 colony observations. Mouse phenome database
Female First reproduction (sex selective),,95,Mus musculus,2,Female,Jax 3 colony observations. Mouse phenome database
Female First reproduction (sex selective),,101.6,Mus musculus,2,Female,Jax 3 colony observations. Mouse phenome database
Female First reproduction (sex selective),,107.9,Mus musculus,2,Female,Jax 3 colony observations. Mouse phenome database
Female First reproduction (sex selective),,91.8,Mus musculus,2,Female,Jax 3 colony observations. Mouse phenome database
Female First reproduction (sex selective),,86.1,Mus musculus,2,Female,Jax 3 colony observations. Mouse phenome database
Female First reproduction (sex selective),,91.1,Mus musculus,2,Female,Jax 3 colony observations. Mouse phenome database
Female First reproduction (sex selective),,94.3,Mus musculus,2,Female,Jax 3 colony observations. Mouse phenome database
Female First reproduction (sex selective),,81.9,Mus musculus,2,Female,Jax 3 colony observations. Mouse phenome database
Female First reproduction (sex selective),,86.7,Mus musculus,2,Female,Jax 3 colony observations. Mouse phenome database
Female First reproduction (sex selective),,83,Mus musculus,2,Female,Jax 3 colony observations. Mouse phenome database
Female First reproduction (sex selective),,96.1,Mus musculus,2,Female,Jax 3 colony observations. Mouse phenome database
Female First reproduction (sex selective),,98.3,Mus musculus,2,Female,Jax 3 colony observations. Mouse phenome database
Female First reproduction (sex selective),,87.1,Mus musculus,2,Female,Jax 3 colony observations. Mouse phenome database
Female First reproduction (sex selective),,93.6,Mus musculus,2,Female,Jax 3 colony observations. Mouse phenome database
Female First reproduction (sex selective),,100.8,Mus musculus,2,Female,Jax 3 colony observations. Mouse phenome database
Female First reproduction (sex selective),,101,Mus musculus,2,Female,Jax 3 colony observations. Mouse phenome database
Female First reproduction (sex selective),,95.6,Mus musculus,2,Female,Jax 3 colony observations. Mouse phenome database
Female First reproduction (sex selective),,84.5,Mus musculus,2,Female,Jax 3 colony observations. Mouse phenome database
Female First reproduction (sex selective),,90.9,Mus musculus,2,Female,Jax 3 colony observations. Mouse phenome database
Female First reproduction (sex selective),,100.6,Mus musculus,2,Female,Jax 3 colony observations. Mouse phenome database
Female First reproduction (sex selective),,87.5,Mus musculus,2,Female,Jax 3 colony observations. Mouse phenome database
Female First reproduction (sex selective),,89.5,Mus musculus,2,Female,Jax 3 colony observations. Mouse phenome database
Female First reproduction (sex selective),,92.7,Mus musculus,2,Female,Jax 3 colony observations. Mouse phenome database
Female First reproduction (sex selective),,97.3,Mus musculus,2,Female,Jax 3 colony observations. Mouse phenome database
Female First reproduction (sex selective),,101.5,Mus musculus,2,Female,Jax 3 colony observations. Mouse phenome database
Female First reproduction (sex selective),,93,Mus musculus,2,Female,Jax 3 colony observations. Mouse phenome database
Female First reproduction (sex selective),,91.2,Mus musculus,2,Female,Jax 3 colony observations. Mouse phenome database
Female First reproduction (sex selective),,91.3,Mus musculus,2,Female,Jax 3 colony observations. Mouse phenome database
Female First reproduction (sex selective),,93.8,Mus musculus,2,Female,Jax 3 colony observations. Mouse phenome database
Female First reproduction (sex selective),,93,Mus musculus,2,Female,Jax 3 colony observations. Mouse phenome database
Female First reproduction (sex selective),,95.8,Mus musculus,2,Female,Jax 3 colony observations. Mouse phenome database
Female First reproduction (sex selective),,90.4,Mus musculus,2,Female,Jax 3 colony observations. Mouse phenome database
Female First reproduction (sex selective),,140.3,Mus musculus,2,Female,Jax 5 colony observations. Mouse phenome database
Female First reproduction (sex selective),,152.2,Mus musculus,2,Female,Jax 5 colony observations. Mouse phenome database
Female First reproduction (sex selective),,156.4,Mus musculus,2,Female,Jax 5 colony observations. Mouse phenome database
Female First reproduction (sex selective),,151.5,Mus musculus,2,Female,Jax 5 colony observations. Mouse phenome database
Female First reproduction (sex selective),,128.4,Mus musculus,2,Female,Jax 5 colony observations. Mouse phenome database
Female First reproduction (sex selective),,151.5,Mus musculus,2,Female,Jax 5 colony observations. Mouse phenome database
Female First reproduction (sex selective),,136.1,Mus musculus,2,Female,Jax 5 colony observations. Mouse phenome database
Female First reproduction (sex selective),,158.5,Mus musculus,2,Female,Jax 5 colony observations. Mouse phenome database
Female First reproduction (sex selective),,167.6,Mus musculus,2,Female,Jax 5 colony observations. Mouse phenome database
Female First reproduction (sex selective),,150.8,Mus musculus,2,Female,Jax 5 colony observations. Mouse phenome database
Female First reproduction (sex selective),,134,Mus musculus,2,Female,Jax 5 colony observations. Mouse phenome database
Female First reproduction (sex selective),,136.1,Mus musculus,2,Female,Jax 5 colony observations. Mouse phenome database
Female First reproduction (sex selective),,154.3,Mus musculus,2,Female,Jax 5 colony observations. Mouse phenome database
Female First reproduction (sex selective),,162,Mus musculus,2,Female,Jax 5 colony observations. Mouse phenome database
Female First reproduction (sex selective),,148.7,Mus musculus,2,Female,Jax 5 colony observations. Mouse phenome database
Female First reproduction (sex selective),,165.5,Mus musculus,2,Female,Jax 5 colony observations. Mouse phenome database
Female First reproduction (sex selective),,173.2,Mus musculus,2,Female,Jax 5 colony observations. Mouse phenome database
Female First reproduction (sex selective),,143.8,Mus musculus,2,Female,Jax 5 colony observations. Mouse phenome database
Female First reproduction (sex selective),,159.9,Mus musculus,2,Female,Jax 5 colony observations. Mouse phenome database
Female First reproduction (sex selective),,155.7,Mus musculus,2,Female,Jax 5 colony observations. Mouse phenome database
Female First reproduction (sex selective),,157.1,Mus musculus,2,Female,Jax 5 colony observations. Mouse phenome database
Female First reproduction (sex selective),,152.9,Mus musculus,2,Female,Jax 5 colony observations. Mouse phenome database
Female First reproduction (sex selective),,146.6,Mus musculus,2,Female,Jax 5 colony observations. Mouse phenome database
Female First reproduction (sex selective),,138.2,Mus musculus,2,Female,Jax 5 colony observations. Mouse phenome database
Female First reproduction (sex selective),,159.9,Mus musculus,2,Female,Jax 5 colony observations. Mouse phenome database
Female First reproduction (sex selective),,140.3,Mus musculus,2,Female,Jax 5 colony observations. Mouse phenome database
Female First reproduction (sex selective),,141.7,Mus musculus,2,Female,Jax 5 colony observations. Mouse phenome database
Female First reproduction (sex selective),,143.1,Mus musculus,2,Female,Jax 5 colony observations. Mouse phenome database
Female First reproduction (sex selective),,143.1,Mus musculus,2,Female,Jax 5 colony observations. Mouse phenome database
Female First reproduction (sex selective),,137.5,Mus musculus,2,Female,Jax 5 colony observations. Mouse phenome database
Female First reproduction (sex selective),,143.1,Mus musculus,2,Female,Jax 5 colony observations. Mouse phenome database
Female First reproduction (sex selective),,162.7,Mus musculus,2,Female,Jax 5 colony observations. Mouse phenome database
Female First reproduction (sex selective),,157.8,Mus musculus,2,Female,Jax 5 colony observations. Mouse phenome database
Female First reproduction (sex selective),,138.9,Mus musculus,2,Female,Jax 5 colony observations. Mouse phenome database
Female First reproduction (sex selective),,145.9,Mus musculus,2,Female,Jax 5 colony observations. Mouse phenome database
Female First reproduction (sex selective),Captive+Wild,158,Mus musculus,2,Female,"https://esapubs.org/archive/ecol/E090/184/PanTHERIA_1-0_WR05_Aug2008.txt; Jones, K. E., Bielby, J., Cardillo, M., Fritz, S. A., O'Dell, J., Orme, C. D. L., Safi, K., Sechrest, W., Boakes, E. H., Carbone, C., Connolly, C., Cutts, M. J., Foster, J. K., Grenyer, R., Habib, M., Plaster, C. A., Price, S. A., Rigby, E. A., Rist, J., . . . Michener, W. K. (2009). PanTHERIA: a species-level database of life history, ecology, and geography of extant and recently extinct mammals. Ecology, 90(9), 2648-2648. https://doi.org/10.1890/08-1494.1"
Female Sexual maturity is reached (sex selective),Captive,60.5,Mus musculus,2,Female,"https://genomics.senescence.info/species/dataset.zip; AnAge Build 15; de Magalhaes, J. P., Abidi, Z., Dos Santos, G. A., Avelar, R. A., Barardo, D., Chatsirisupachai, K., Clark, P., De-Souza, E. A., Johnson, E. J., Lopes, I., Novoa, G., Senez, L., Talay, A., Thornton, D., & To, P. K. P. (2024). Human Ageing Genomic Resources: updates on key databases in ageing research. Nucleic Acids Res, 52(D1), D900-D908."
Female Sexual maturity is reached (sex selective),,71.855,Mus musculus,2,Female,"https://figshare.com/articles/dataset/Full_Archive/3563457?backTo=/collections/An_amniote_life-history_database_to_perform_comparative_analyses_with_birds_mammals_and_reptiles/3308127; Myhrvold, N. P., Baldridge, E., Chan, B., Sivam, D., Freeman, D. L., & Ernest, S. M. (2015). An amniote life‐history database to perform comparative analyses with birds, mammals, and reptiles: Ecological Archives E096‐269. Ecology, 96(11), 3109-3109."
Female Sexual maturity is reached (sex selective),Captive,46.5,Mus musculus,1,Female,"Varghese PC, Dutta D. Protocol for isolation of mouse pre-implantation embryos for gene expression analysis. STAR protocols. 2023 Sep 15;4(3):102479."
Female Sexual maturity is reached (sex selective),Captive,53.5,Mus musculus,2,Female,"Varghese PC, Dutta D. Protocol for isolation of mouse pre-implantation embryos for gene expression analysis. STAR protocols. 2023 Sep 15;4(3):102479."
Female Sexual maturity is reached (sex selective),Captive,60.5,Mus musculus,3,Female,"Varghese PC, Dutta D. Protocol for isolation of mouse pre-implantation embryos for gene expression analysis. STAR protocols. 2023 Sep 15;4(3):102479."
Male Sexual maturity is reached (sex selective),Captive,60.5,Mus musculus,2,Male,"https://genomics.senescence.info/species/dataset.zip; AnAge Build 15; de Magalhaes, J. P., Abidi, Z., Dos Santos, G. A., Avelar, R. A., Barardo, D., Chatsirisupachai, K., Clark, P., De-Souza, E. A., Johnson, E. J., Lopes, I., Novoa, G., Senez, L., Talay, A., Thornton, D., & To, P. K. P. (2024). Human Ageing Genomic Resources: updates on key databases in ageing research. Nucleic Acids Res, 52(D1), D900-D908."
Male Sexual maturity is reached (sex selective),,60.5,Mus musculus,2,Male,"https://figshare.com/articles/dataset/Full_Archive/3563457?backTo=/collections/An_amniote_life-history_database_to_perform_comparative_analyses_with_birds_mammals_and_reptiles/3308127; Myhrvold, N. P., Baldridge, E., Chan, B., Sivam, D., Freeman, D. L., & Ernest, S. M. (2015). An amniote life‐history database to perform comparative analyses with birds, mammals, and reptiles: Ecological Archives E096‐269. Ecology, 96(11), 3109-3109."
Male Sexual maturity is reached (sex selective),Captive,60.5,Mus musculus,1,Male,"Varghese PC, Dutta D. Protocol for isolation of mouse pre-implantation embryos for gene expression analysis. STAR protocols. 2023 Sep 15;4(3):102479."
Male Sexual maturity is reached (sex selective),Captive,67.5,Mus musculus,2,Male,"Varghese PC, Dutta D. Protocol for isolation of mouse pre-implantation embryos for gene expression analysis. STAR protocols. 2023 Sep 15;4(3):102479."
Male Sexual maturity is reached (sex selective),Captive,74.5,Mus musculus,3,Male,"Varghese PC, Dutta D. Protocol for isolation of mouse pre-implantation embryos for gene expression analysis. STAR protocols. 2023 Sep 15;4(3):102479."
Somite formation (Onset),,7.5,Mus musculus,2,Male+Female,"Bresee, C., Litman-Cleper, J., Clayton, C. J., & Krubitzer, L. (2024). Translating the Timing of Developmental Benchmarks in Short-Tailed Opossums (Monodelphisdomestica) to Facilitate Comparisons with Commonly Used Rodent Models. Brain Behav Evol, 99(2), 69-85. https://doi.org/10.1159/000538524"
Somites 1-7,,8.125,Mus musculus,2,Male+Female,"Werneburg I, Geiger M. Ontogeny of domestic dogs and the developmental foundations of carnivoran domestication. Journal of Mammalian Evolution. 2017 Sep;24:323-43."
6-10 somite pairs,,8.5,Mus musculus,2,Male+Female,"Noden DM, Lahunta AD. The embryology of domestic animals. Developmental mechanisms and malformations. Williams & Wilkins; 1985."
16-20 somite pairs,,9.125,Mus musculus,2,Male+Female,"Werneburg I, Geiger M. Ontogeny of domestic dogs and the developmental foundations of carnivoran domestication. Journal of Mammalian Evolution. 2017 Sep;24:323-43."
16-20 somite pairs,,9,Mus musculus,2,Male+Female,"Bresee, C., Litman-Cleper, J., Clayton, C. J., & Krubitzer, L. (2024). Translating the Timing of Developmental Benchmarks in Short-Tailed Opossums (Monodelphisdomestica) to Facilitate Comparisons with Commonly Used Rodent Models. Brain Behav Evol, 99(2), 69-85. https://doi.org/10.1159/000538524"
1st pharangeal slit emerges,,9.125,Mus musculus,2,Male+Female,"Werneburg I, Geiger M. Ontogeny of domestic dogs and the developmental foundations of carnivoran domestication. Journal of Mammalian Evolution. 2017 Sep;24:323-43."
2 cell stage,,1,Mus musculus,2,Male+Female,"Noden DM, Lahunta AD. The embryology of domestic animals. Developmental mechanisms and malformations. Williams & Wilkins; 1985."
2 cell stage,Captive,1.708333333,Mus musculus,2,Male+Female,"Varghese PC, Dutta D. Protocol for isolation of mouse pre-implantation embryos for gene expression analysis. STAR protocols. 2023 Sep 15;4(3):102479."
26-30 somite pairs,,9.125,Mus musculus,2,Male+Female,"Werneburg I, Geiger M. Ontogeny of domestic dogs and the developmental foundations of carnivoran domestication. Journal of Mammalian Evolution. 2017 Sep;24:323-43."
26-30 somite pairs,,10,Mus musculus,2,Male+Female,"Bresee, C., Litman-Cleper, J., Clayton, C. J., & Krubitzer, L. (2024). Translating the Timing of Developmental Benchmarks in Short-Tailed Opossums (Monodelphisdomestica) to Facilitate Comparisons with Commonly Used Rodent Models. Brain Behav Evol, 99(2), 69-85. https://doi.org/10.1159/000538524"
26-30 somite pairs,,9.75,Mus musculus,2,Male+Female,"Bresee, C., Litman-Cleper, J., Clayton, C. J., & Krubitzer, L. (2024). Translating the Timing of Developmental Benchmarks in Short-Tailed Opossums (Monodelphisdomestica) to Facilitate Comparisons with Commonly Used Rodent Models. Brain Behav Evol, 99(2), 69-85. https://doi.org/10.1159/000538524"
2nd pharangeal slit emerges,,10.875,Mus musculus,2,Male+Female,"Werneburg I, Geiger M. Ontogeny of domestic dogs and the developmental foundations of carnivoran domestication. Journal of Mammalian Evolution. 2017 Sep;24:323-43."
Somites 1-7,,8.5,Mus musculus,2,Male+Female,"Bresee, C., Litman-Cleper, J., Clayton, C. J., & Krubitzer, L. (2024). Translating the Timing of Developmental Benchmarks in Short-Tailed Opossums (Monodelphisdomestica) to Facilitate Comparisons with Commonly Used Rodent Models. Brain Behav Evol, 99(2), 69-85. https://doi.org/10.1159/000538524"
36-40 somite pairs,,10.625,Mus musculus,2,Male+Female,"Werneburg I, Geiger M. Ontogeny of domestic dogs and the developmental foundations of carnivoran domestication. Journal of Mammalian Evolution. 2017 Sep;24:323-43."
3rd arch,,9.125,Mus musculus,2,Male+Female,"Werneburg I, Geiger M. Ontogeny of domestic dogs and the developmental foundations of carnivoran domestication. Journal of Mammalian Evolution. 2017 Sep;24:323-43."
6-10 somite pairs,,8.125,Mus musculus,2,Male+Female,"Werneburg I, Geiger M. Ontogeny of domestic dogs and the developmental foundations of carnivoran domestication. Journal of Mammalian Evolution. 2017 Sep;24:323-43."
8 cell stage,,2,Mus musculus,2,Male+Female,"Noden DM, Lahunta AD. The embryology of domestic animals. Developmental mechanisms and malformations. Williams & Wilkins; 1985."
8 cell stage,Captive,2.708333333,Mus musculus,2,Male+Female,"Varghese PC, Dutta D. Protocol for isolation of mouse pre-implantation embryos for gene expression analysis. STAR protocols. 2023 Sep 15;4(3):102479."
Air righting reflex,,31,Mus musculus,2,Male+Female,"Fox, W. M., Reflex-ontogeny and behavioural development of the mouse, Anita. Behav., 13  (1965) 234-241."
Alisphenoids ossification (Onset),,14.43,Mus musculus,2,Male+Female,"Kanazawa E, Mochizuki K. The time and order of appearance of ossification centers in the hamster before birth. Jikken Dobutsu. 1974 Jul;23(3):113-22. doi: 10.1538/expanim1957.23.3_113. PMID: 4477064."
Alkaline phosphatase (Rapid Decline initiates),,64.49,Mus musculus,2,Male,"Menahan LA, Sobocinski KA, Austin BP. The origin of plasma alkaline phosphatase activity in mice and rats. Comparative Biochemistry and physiology. B, Comparative Biochemistry. 1984 Jan 1;79(2):279-83."
Alkaline phosphatase declines to 100% of its adult value,,144.4,Mus musculus,2,Male+Female,"Menahan LA, Sobocinski KA, Austin BP. The origin of plasma alkaline phosphatase activity in mice and rats. Comparative Biochemistry and physiology. B, Comparative Biochemistry. 1984 Jan 1;79(2):279-83."
Alkaline phosphatase declines to 150% of its adult value,,137.9,Mus musculus,2,Male+Female,"Menahan LA, Sobocinski KA, Austin BP. The origin of plasma alkaline phosphatase activity in mice and rats. Comparative Biochemistry and physiology. B, Comparative Biochemistry. 1984 Jan 1;79(2):279-83."
Alkaline phosphatase declines to 200% of its adult value,,131.4,Mus musculus,2,Male+Female,"Menahan LA, Sobocinski KA, Austin BP. The origin of plasma alkaline phosphatase activity in mice and rats. Comparative Biochemistry and physiology. B, Comparative Biochemistry. 1984 Jan 1;79(2):279-83."
Alkaline phosphatase declines to 250% of its adult value,,124.9,Mus musculus,2,Male+Female,"Menahan LA, Sobocinski KA, Austin BP. The origin of plasma alkaline phosphatase activity in mice and rats. Comparative Biochemistry and physiology. B, Comparative Biochemistry. 1984 Jan 1;79(2):279-83."
Alkaline phosphatase declines to 300% of its adult value,,118.4,Mus musculus,2,Male+Female,"Menahan LA, Sobocinski KA, Austin BP. The origin of plasma alkaline phosphatase activity in mice and rats. Comparative Biochemistry and physiology. B, Comparative Biochemistry. 1984 Jan 1;79(2):279-83."
Alkaline phosphatase declines to 350% of its adult value,,111.9,Mus musculus,2,Male+Female,"Menahan LA, Sobocinski KA, Austin BP. The origin of plasma alkaline phosphatase activity in mice and rats. Comparative Biochemistry and physiology. B, Comparative Biochemistry. 1984 Jan 1;79(2):279-83."
Alkaline phosphatase declines to 400% of its adult value,,105.4,Mus musculus,2,Male+Female,"Menahan LA, Sobocinski KA, Austin BP. The origin of plasma alkaline phosphatase activity in mice and rats. Comparative Biochemistry and physiology. B, Comparative Biochemistry. 1984 Jan 1;79(2):279-83."
All definitive major cardiac structures identifiable,,14.5,Mus musculus,2,Male+Female,"Krishnan A, Samtani R, Dhanantwari P, Lee E, Yamada S, Shiota K, Donofrio MT, Leatherbury L, Lo CW. A detailed comparison of mouse and human cardiac development. Pediatric research. 2014 Dec;76(6):500-7."
Anterior Commissure myelination (Onset),,32,Mus musculus,2,Male+Female,"Workman AD, Charvet CJ, Clancy B, Darlington RB, Finlay BL. Modeling transformations of neurodevelopmental sequences across mammalian species. Journal of Neuroscience. 2013 Apr 24;33(17):7368-83."
Anterior commisure appearance,,14.5,Mus musculus,2,Male+Female,"Workman AD, Charvet CJ, Clancy B, Darlington RB, Finlay BL. Modeling transformations of neurodevelopmental sequences across mammalian species. Journal of Neuroscience. 2013 Apr 24;33(17):7368-83."
Anterior neuropore closure,,9.5,Mus musculus,2,Male+Female,"Bresee, C., Litman-Cleper, J., Clayton, C. J., & Krubitzer, L. (2024). Translating the Timing of Developmental Benchmarks in Short-Tailed Opossums (Monodelphisdomestica) to Facilitate Comparisons with Commonly Used Rodent Models. Brain Behav Evol, 99(2), 69-85. https://doi.org/10.1159/000538524"
Anterior neuropore closure,,9.125,Mus musculus,2,Male+Female,"Werneburg I, Geiger M. Ontogeny of domestic dogs and the developmental foundations of carnivoran domestication. Journal of Mammalian Evolution. 2017 Sep;24:323-43."
"Atrial septation, muscular interventricular septum formation, early outflow septation",,11.5,Mus musculus,2,Male+Female,"Krishnan A, Samtani R, Dhanantwari P, Lee E, Yamada S, Shiota K, Donofrio MT, Leatherbury L, Lo CW. A detailed comparison of mouse and human cardiac development. Pediatric research. 2014 Dec;76(6):500-7."
"Atrial septation, outlet ventricular septum formation, beginning of semilunar valve formation",,12.5,Mus musculus,2,Male+Female,"Krishnan A, Samtani R, Dhanantwari P, Lee E, Yamada S, Shiota K, Donofrio MT, Leatherbury L, Lo CW. A detailed comparison of mouse and human cardiac development. Pediatric research. 2014 Dec;76(6):500-7."
Auditory startle reaction,,30,Mus musculus,2,Male+Female,Fox WM. Reflex-ontogeny and behavioural development of the mouse. Anim Behav. 1965 Apr-Jul;13(2):234-41. doi: 10.1016/0003-3472(65)90041-2. PMID: 5835840.
Auditory startle reaction,Captive,37.5,Mus musculus,3,Male+Female,"Gonzalez L, Sébrié C, Laroche S, Vaillend C, Poirier R. Delayed postnatal brain development and ontogenesis of behavior and cognition in a mouse model of intellectual disability. Neurobiology of Disease. 2023 Jul 1;183:106163."
Auditory startle reaction,Captive,30.5,Mus musculus,1,Male+Female,"Williams E, Scott JP. The development of social behavior patterns in the mouse, in relation to natural periods. Behaviour. 1953 Jan 1:35-65."
Axons in optic stalk,,12.3,Mus musculus,2,Male+Female,"Workman AD, Charvet CJ, Clancy B, Darlington RB, Finlay BL. Modeling transformations of neurodevelopmental sequences across mammalian species. Journal of Neuroscience. 2013 Apr 24;33(17):7368-83."
Back hairs,,22,Mus musculus,2,Male+Female,"Werneburg I, Geiger M. Ontogeny of domestic dogs and the developmental foundations of carnivoran domestication. Journal of Mammalian Evolution. 2017 Sep;24:323-43."
Basioccipital ossification (Onset),,14.43,Mus musculus,2,Male+Female,"Kanazawa E, Mochizuki K. The time and order of appearance of ossification centers in the hamster before birth. Jikken Dobutsu. 1974 Jul;23(3):113-22. doi: 10.1538/expanim1957.23.3_113. PMID: 4477064."
Basisphenoid ossification (Onset),,14.43,Mus musculus,2,Male+Female,"Kanazawa E, Mochizuki K. The time and order of appearance of ossification centers in the hamster before birth. Jikken Dobutsu. 1974 Jul;23(3):113-22. doi: 10.1538/expanim1957.23.3_113. PMID: 4477064."
Belly hairs,,22,Mus musculus,2,Male+Female,"Werneburg I, Geiger M. Ontogeny of domestic dogs and the developmental foundations of carnivoran domestication. Journal of Mammalian Evolution. 2017 Sep;24:323-43."
Blastocyst stage,,3.5,Mus musculus,2,Male+Female,"Noden DM, Lahunta AD. The embryology of domestic animals. Developmental mechanisms and malformations. Williams & Wilkins; 1985."
Blastocyst stage,,3.708333333,Mus musculus,2,Male+Female,"Varghese PC, Dutta D. Protocol for isolation of mouse pre-implantation embryos for gene expression analysis. STAR protocols. 2023 Sep 15;4(3):102479."
Body weight (Decline initiates),Captive,738.5,Mus musculus,2,Female,"Miller RA, Harper JM, Galecki A, Burke DT. Big mice die young: early life body weight predicts longevity in genetically heterogeneous mice. Aging cell. 2002 Oct;1(1):22-9."
Body weight (Decline initiates),Captive,618.5,Mus musculus,2,Male,"Miller RA, Harper JM, Galecki A, Burke DT. Big mice die young: early life body weight predicts longevity in genetically heterogeneous mice. Aging cell. 2002 Oct;1(1):22-9."
Brachium Inferior Colliculus myelination (Onset),,31,Mus musculus,2,Male+Female,"Workman AD, Charvet CJ, Clancy B, Darlington RB, Finlay BL. Modeling transformations of neurodevelopmental sequences across mammalian species. Journal of Neuroscience. 2013 Apr 24;33(17):7368-83."
Brain choroid plexus emerges,Captive,12.5,Mus musculus,2,Male+Female,"de Almeida da Anunciacao AR, Favaron PO, de Morais‐Pinto L, de Carvalho CM, dos Santos Martins D, Conei D, Del Sol M, Vásquez B, Miglino MA. Central nervous system development in rabbits (Oryctolagus cuniculus L. 1758). The Anatomical Record. 2021 Jun;304(6):1313-28."
Breathing (Onset),,16,Mus musculus,2,Male+Female,"Niblock MM, Perez A, Broitman S, Jacoby B, Aviv E, Gilkey S. In utero development of fetal breathing movements in C57BL6 mice. Respiratory physiology & neurobiology. 2020 Jan 1;271:103288."
Cardiac crescent emerges,Captive,7.5,Mus musculus,2,Male+Female,"Marcela SG, Cristina RM, Angel PG, Manuel AM, Sofía DC, Patricia DL, Bladimir RR, Concepción SG. Chronological and morphological study of heart development in the rat. The Anatomical Record: Advances in Integrative Anatomy and Evolutionary Biology. 2012 Aug;295(8):1267-90."
Cerebellar primordium emerges,Captive,15.5,Mus musculus,2,Male+Female,"de Almeida da Anunciacao AR, Favaron PO, de Morais‐Pinto L, de Carvalho CM, dos Santos Martins D, Conei D, Del Sol M, Vásquez B, Miglino MA. Central nervous system development in rabbits (Oryctolagus cuniculus L. 1758). The Anatomical Record. 2021 Jun;304(6):1313-28."
Cervic vertebrae ossification (Onset),,14.43,Mus musculus,2,Male+Female,"Kanazawa E, Mochizuki K. The time and order of appearance of ossification centers in the hamster before birth. Jikken Dobutsu. 1974 Jul;23(3):113-22. doi: 10.1538/expanim1957.23.3_113. PMID: 4477064."
Ciliary ganglion present,,12,Mus musculus,2,Male+Female,"Van Cruchten, S., Vrolyk, V., Perron Lepage, M. F., Baudon, M., Voute, H., Schoofs, S., Haruna, J., Benoit-Biancamano, M. O., Ruot, B., & Allegaert, K. (2017). Pre- and Postnatal Development of the Eye: A Common_name Comparison. Birth defects research, 109(19), 1540–1567. https://doi.org/10.1002/bdr2.1100"
Cingulum myelination (Onset),,30,Mus musculus,2,Male+Female,"Workman AD, Charvet CJ, Clancy B, Darlington RB, Finlay BL. Modeling transformations of neurodevelopmental sequences across mammalian species. Journal of Neuroscience. 2013 Apr 24;33(17):7368-83."
Clavicle ossification (Onset),,13.69,Mus musculus,2,Male+Female,"Kanazawa E, Mochizuki K. The time and order of appearance of ossification centers in the hamster before birth. Jikken Dobutsu. 1974 Jul;23(3):113-22. doi: 10.1538/expanim1957.23.3_113. PMID: 4477064."
Cliff aversion (Onset),Captive,50,Mus musculus,1,Male+Female,"Gonzalez L, Sébrié C, Laroche S, Vaillend C, Poirier R. Delayed postnatal brain development and ontogenesis of behavior and cognition in a mouse model of intellectual disability. Neurobiology of Disease. 2023 Jul 1;183:106163."
Cliff aversion (Onset),Captive,46.5,Mus musculus,2,Male+Female,"Gonzalez L, Sébrié C, Laroche S, Vaillend C, Poirier R. Delayed postnatal brain development and ontogenesis of behavior and cognition in a mouse model of intellectual disability. Neurobiology of Disease. 2023 Jul 1;183:106163."
Climb,Captive,34.5,Mus musculus,2,Male+Female,"Williams E, Scott JP. The development of social behavior patterns in the mouse, in relation to natural periods. Behaviour. 1953 Jan 1:35-65."
Completion of membranous/inlet ventricular septum formation,,13.5,Mus musculus,2,Male+Female,"Krishnan A, Samtani R, Dhanantwari P, Lee E, Yamada S, Shiota K, Donofrio MT, Leatherbury L, Lo CW. A detailed comparison of mouse and human cardiac development. Pediatric research. 2014 Dec;76(6):500-7."
Cones neurogenesis (Peak),,14,Mus musculus,2,Male+Female,"Workman AD, Charvet CJ, Clancy B, Darlington RB, Finlay BL. Modeling transformations of neurodevelopmental sequences across mammalian species. Journal of Neuroscience. 2013 Apr 24;33(17):7368-83."
Contour lens/iris,,10.125,Mus musculus,2,Male+Female,"Werneburg I, Geiger M. Ontogeny of domestic dogs and the developmental foundations of carnivoran domestication. Journal of Mammalian Evolution. 2017 Sep;24:323-43."
Corpus callosum appearance,,17,Mus musculus,2,Male+Female,"Workman AD, Charvet CJ, Clancy B, Darlington RB, Finlay BL. Modeling transformations of neurodevelopmental sequences across mammalian species. Journal of Neuroscience. 2013 Apr 24;33(17):7368-83."
Corpus callosum area reaches adult volume,,28.5,Mus musculus,2,Male+Female,"Charvet CJ, Das A, Song JW, Tindal-Burgess DJ, Kabaria P, Dai G, Kane T, Takahashi E. High Angular Resolution Diffusion MRI Reveals Conserved and Deviant Programs in the Paths that Guide Human Cortical Circuitry. Cereb Cortex. 2020 Mar 14;30(3):1447-1464. doi: 10.1093/cercor/bhz178. PMID: 31667494; PMCID: PMC7132938."
Corpus Callosum Body myelination (Offset),,62,Mus musculus,2,Male+Female,"Workman AD, Charvet CJ, Clancy B, Darlington RB, Finlay BL. Modeling transformations of neurodevelopmental sequences across mammalian species. Journal of Neuroscience. 2013 Apr 24;33(17):7368-83."
Corpus Callosum Body myelination (Onset),,33,Mus musculus,2,Male+Female,"Workman AD, Charvet CJ, Clancy B, Darlington RB, Finlay BL. Modeling transformations of neurodevelopmental sequences across mammalian species. Journal of Neuroscience. 2013 Apr 24;33(17):7368-83."
"Cortical plate first observed/visible, first cortical plate neurons born",,12,Mus musculus,2,Male+Female,"Workman AD, Charvet CJ, Clancy B, Darlington RB, Finlay BL. Modeling transformations of neurodevelopmental sequences across mammalian species. Journal of Neuroscience. 2013 Apr 24;33(17):7368-83."
Cortical proliferative zone Volume- (Peak),,15,Mus musculus,2,Male+Female,"Charvet CJ, Šimić G, Kostović I, Knezović V, Vukšić M, Babić Leko M, Takahashi E, Sherwood CC, Wolfe MD, Finlay BL. Coevolution in the timing of GABAergic and pyramidal neuron maturation in primates. Proc Biol Sci. 2017 Aug 30;284(1861):20171169. doi: 10.1098/rspb.2017.1169."
Cortical subventricular zone (abventricular cells) (Onset),,13.5,Mus musculus,2,Male+Female,"Workman AD, Charvet CJ, Clancy B, Darlington RB, Finlay BL. Modeling transformations of neurodevelopmental sequences across mammalian species. Journal of Neuroscience. 2013 Apr 24;33(17):7368-83."
Corticospinal projections reach lumbar levels,,27.5,Mus musculus,2,Male+Female,"Workman AD, Charvet CJ, Clancy B, Darlington RB, Finlay BL. Modeling transformations of neurodevelopmental sequences across mammalian species. Journal of Neuroscience. 2013 Apr 24;33(17):7368-83."
Crawl (Onset),Captive,20.5,Mus musculus,2,Male+Female,"Williams E, Scott JP. The development of social behavior patterns in the mouse, in relation to natural periods. Behaviour. 1953 Jan 1:35-65."
Decrease in fractional ansitropy (Onset),,20,Mus musculus,2,Male+Female,"Workman AD, Charvet CJ, Clancy B, Darlington RB, Finlay BL. Modeling transformations of neurodevelopmental sequences across mammalian species. Journal of Neuroscience. 2013 Apr 24;33(17):7368-83."
Digital grooves (forelimb),,13.25,Mus musculus,2,Male+Female,"Werneburg I, Geiger M. Ontogeny of domestic dogs and the developmental foundations of carnivoran domestication. Journal of Mammalian Evolution. 2017 Sep;24:323-43."
Digital grooves (hindlimb),,13.25,Mus musculus,2,Male+Female,"Werneburg I, Geiger M. Ontogeny of domestic dogs and the developmental foundations of carnivoran domestication. Journal of Mammalian Evolution. 2017 Sep;24:323-43."
Digital serration (forelimb),,13.25,Mus musculus,2,Male+Female,"Werneburg I, Geiger M. Ontogeny of domestic dogs and the developmental foundations of carnivoran domestication. Journal of Mammalian Evolution. 2017 Sep;24:323-43."
Digital serration (hindlimb),,13.25,Mus musculus,2,Male+Female,"Werneburg I, Geiger M. Ontogeny of domestic dogs and the developmental foundations of carnivoran domestication. Journal of Mammalian Evolution. 2017 Sep;24:323-43."
Distinct toes first visible,,14,Mus musculus,2,Male+Female,"Bresee, C., Litman-Cleper, J., Clayton, C. J., & Krubitzer, L. (2024). Translating the Timing of Developmental Benchmarks in Short-Tailed Opossums (Monodelphisdomestica) to Facilitate Comparisons with Commonly Used Rodent Models. Brain Behav Evol, 99(2), 69-85. https://doi.org/10.1159/000538524"
Dorsal lateral geniculate nucleus  neurogenesis (Offset),,12.5,Mus musculus,2,Male+Female,"Workman AD, Charvet CJ, Clancy B, Darlington RB, Finlay BL. Modeling transformations of neurodevelopmental sequences across mammalian species. Journal of Neuroscience. 2013 Apr 24;33(17):7368-83."
Dorsal lateral geniculate nucleus  neurogenesis (Onset),,10.5,Mus musculus,2,Male+Female,"Workman AD, Charvet CJ, Clancy B, Darlington RB, Finlay BL. Modeling transformations of neurodevelopmental sequences across mammalian species. Journal of Neuroscience. 2013 Apr 24;33(17):7368-83."
Dorsal lateral geniculate nucleus  neurogenesis (Peak),,12,Mus musculus,2,Male+Female,"Workman AD, Charvet CJ, Clancy B, Darlington RB, Finlay BL. Modeling transformations of neurodevelopmental sequences across mammalian species. Journal of Neuroscience. 2013 Apr 24;33(17):7368-83."
Drink onset,Captive,37.5,Mus musculus,1,Male+Female,"Williams E, Scott JP. The development of social behavior patterns in the mouse, in relation to natural periods. Behaviour. 1953 Jan 1:35-65."
Ears open (auditory canals fully open or external ear canals opening),,21.5,Mus musculus,2,Male+Female,"Williams E, Scott JP. The development of social behavior patterns in the mouse, in relation to natural periods. Behaviour. 1953 Jan 1:35-65."
Ears open (auditory canals fully open or external ear canals opening),,31,Mus musculus,2,Male+Female,"Workman AD, Charvet CJ, Clancy B, Darlington RB, Finlay BL. Modeling transformations of neurodevelopmental sequences across mammalian species. Journal of Neuroscience. 2013 Apr 24;33(17):7368-83."
Eats solid food (Onset),,39.5,Mus musculus,2,Male+Female,"Orr, M. E., Garbarino, V. R., Salinas, A., & Buffenstein, R. (2016). Extended Postnatal Brain Development in the Longest-Lived Rodent: Prolonged Maintenance of Neotenous Traits in the Naked Mole-Rat Brain. Frontiers in neuroscience, 10, 504. https://doi.org/10.3389/fnins.2016.00504"
Eats solid food (Onset),Captive,35.5,Mus musculus,2,Male+Female,"Williams E, Scott JP. The development of social behavior patterns in the mouse, in relation to natural periods. Behaviour. 1953 Jan 1:35-65."
Entorhinal cortex neurogenesis (Offset),,16,Mus musculus,2,Male+Female,"Workman AD, Charvet CJ, Clancy B, Darlington RB, Finlay BL. Modeling transformations of neurodevelopmental sequences across mammalian species. Journal of Neuroscience. 2013 Apr 24;33(17):7368-83."
Entorhinal cortex neurogenesis (Onset),,10,Mus musculus,2,Male+Female,"Workman AD, Charvet CJ, Clancy B, Darlington RB, Finlay BL. Modeling transformations of neurodevelopmental sequences across mammalian species. Journal of Neuroscience. 2013 Apr 24;33(17):7368-83."
Exoccipitals ossification (Onset),,14.43,Mus musculus,2,Male+Female,"Kanazawa E, Mochizuki K. The time and order of appearance of ossification centers in the hamster before birth. Jikken Dobutsu. 1974 Jul;23(3):113-22. doi: 10.1538/expanim1957.23.3_113. PMID: 4477064."
External granular layer emerges in the cerebellum,Captive,13,Mus musculus,2,Male+Female,"Miale, I.L. and Sidman, R.L., 1961. An autoradiographic analysis of histogenesis in the mouse cerebellum. Experimental neurology, 4(4), pp.277-296."
External granular layer in cerebellum thickness (Peak/Decline initiates),Captive,25,Mus musculus,2,Male+Female,"Mares V, Lodin Z, Srajer J. The cellular kinetics of the developing mouse cerebellum. I. The generation cycle, growth fraction and rate of proliferation of the external granular layer. Brain Res. 1970 Oct 28;23(3):323-42. doi: 10.1016/0006-8993(70)90060-0. PMID: 5478301."
External nare is visible,,11.625,Mus musculus,2,Male+Female,"Cordero GA, Sánchez-Villagra MR, Werneburg I. An irregular hourglass pattern describes the tempo of phenotypic development in placental mammal evolution. Biology letters. 2020 May 27;16(5):20200087."
Eye opening,Captive,33.5,Mus musculus,3,Male+Female,"Gonzalez L, Sébrié C, Laroche S, Vaillend C, Poirier R. Delayed postnatal brain development and ontogenesis of behavior and cognition in a mouse model of intellectual disability. Neurobiology of Disease. 2023 Jul 1;183:106163."
Eye opening,Captive,32.1,Mus musculus,2,Male,"Rice DC, Reeve EA, Herlihy A, Zoeller RT, Thompson WD, Markowski VP. Developmental delays and locomotor activity in the C57BL6/J mouse following neonatal exposure to the fully-brominated PBDE, decabromodiphenyl ether. Neurotoxicology and teratology. 2007 Jul 1;29(4):511-20."
Eye opening,Captive,32.1,Mus musculus,2,Female,"Rice DC, Reeve EA, Herlihy A, Zoeller RT, Thompson WD, Markowski VP. Developmental delays and locomotor activity in the C57BL6/J mouse following neonatal exposure to the fully-brominated PBDE, decabromodiphenyl ether. Neurotoxicology and teratology. 2007 Jul 1;29(4):511-20."
Eye opening,Captive,32.5,Mus musculus,1,Male+Female,"Williams E, Scott JP. The development of social behavior patterns in the mouse, in relation to natural periods. Behaviour. 1953 Jan 1:35-65."
Eye opening,,30,Mus musculus,2,Male+Female,"Workman AD, Charvet CJ, Clancy B, Darlington RB, Finlay BL. Modeling transformations of neurodevelopmental sequences across mammalian species. Journal of Neuroscience. 2013 Apr 24;33(17):7368-83."
Fasciculus retroflexus (Habenular-Peduncular Tr.) myelination (Onset),,29,Mus musculus,2,Male+Female,"Workman AD, Charvet CJ, Clancy B, Darlington RB, Finlay BL. Modeling transformations of neurodevelopmental sequences across mammalian species. Journal of Neuroscience. 2013 Apr 24;33(17):7368-83."
Fasciculus retroflexus appearance,,14,Mus musculus,2,Male+Female,"Workman AD, Charvet CJ, Clancy B, Darlington RB, Finlay BL. Modeling transformations of neurodevelopmental sequences across mammalian species. Journal of Neuroscience. 2013 Apr 24;33(17):7368-83."
Femur distal epiphysis appearance,,26.5,Mus musculus,2,Male+Female,"Zoetis, Tracey, Melissa S. Tassinari, Cedo Bagi, Karen Walthall, and Mark E. Hurtt. ""Species comparison of postnatal bone growth and development."" Birth Defects Research Part B: Developmental and Reproductive Toxicology 68, no. 2 (2003): 86-110."
Femur distal epiphysis fusion,,108,Mus musculus,2,Male+Female,"Zoetis, Tracey, Melissa S. Tassinari, Cedo Bagi, Karen Walthall, and Mark E. Hurtt. ""Species comparison of postnatal bone growth and development."" Birth Defects Research Part B: Developmental and Reproductive Toxicology 68, no. 2 (2003): 86-110."
Femur ossification (Onset),,14.43,Mus musculus,2,Male+Female,"Kanazawa E, Mochizuki K. The time and order of appearance of ossification centers in the hamster before birth. Jikken Dobutsu. 1974 Jul;23(3):113-22. doi: 10.1538/expanim1957.23.3_113. PMID: 4477064."
Femur ossification (Onset),,15.5,Mus musculus,2,Male+Female,"Patton JT, Kaufman MH. The timing of ossification of the limb bones, and growth rates of various long bones of the fore and hind limbs of the prenatal and early postnatal laboratory mouse. Journal of anatomy. 1995 Feb;186(Pt 1):175."
Femur proximal epiphysis appearance,,33,Mus musculus,2,Male+Female,"Zoetis, Tracey, Melissa S. Tassinari, Cedo Bagi, Karen Walthall, and Mark E. Hurtt. ""Species comparison of postnatal bone growth and development."" Birth Defects Research Part B: Developmental and Reproductive Toxicology 68, no. 2 (2003): 86-110."
Femur proximal epiphysis fusion,,116.5,Mus musculus,2,Male+Female,"Zoetis, Tracey, Melissa S. Tassinari, Cedo Bagi, Karen Walthall, and Mark E. Hurtt. ""Species comparison of postnatal bone growth and development."" Birth Defects Research Part B: Developmental and Reproductive Toxicology 68, no. 2 (2003): 86-110."
Femur proximal epiphysis greater trochanter appearance,,32.5,Mus musculus,2,Male+Female,"Zoetis, Tracey, Melissa S. Tassinari, Cedo Bagi, Karen Walthall, and Mark E. Hurtt. ""Species comparison of postnatal bone growth and development."" Birth Defects Research Part B: Developmental and Reproductive Toxicology 68, no. 2 (2003): 86-110."
Femur proximal epiphysis lesser trochanter appearance,,32.5,Mus musculus,2,Male+Female,"Zoetis, Tracey, Melissa S. Tassinari, Cedo Bagi, Karen Walthall, and Mark E. Hurtt. ""Species comparison of postnatal bone growth and development."" Birth Defects Research Part B: Developmental and Reproductive Toxicology 68, no. 2 (2003): 86-110."
Fibula ossification (Onset),,14.43,Mus musculus,2,Male+Female,"Kanazawa E, Mochizuki K. The time and order of appearance of ossification centers in the hamster before birth. Jikken Dobutsu. 1974 Jul;23(3):113-22. doi: 10.1538/expanim1957.23.3_113. PMID: 4477064."
Fingers emerge,,15,Mus musculus,2,Male+Female,"Werneburg I, Geiger M. Ontogeny of domestic dogs and the developmental foundations of carnivoran domestication. Journal of Mammalian Evolution. 2017 Sep;24:323-43."
Fingers emerge,,14,Mus musculus,2,Male+Female,"Bresee, C., Litman-Cleper, J., Clayton, C. J., & Krubitzer, L. (2024). Translating the Timing of Developmental Benchmarks in Short-Tailed Opossums (Monodelphisdomestica) to Facilitate Comparisons with Commonly Used Rodent Models. Brain Behav Evol, 99(2), 69-85. https://doi.org/10.1159/000538524"
First claw (forelimb),,19.5,Mus musculus,2,Male+Female,"Werneburg I, Geiger M. Ontogeny of domestic dogs and the developmental foundations of carnivoran domestication. Journal of Mammalian Evolution. 2017 Sep;24:323-43."
First claw (hindlimb),,19.5,Mus musculus,2,Male+Female,"Werneburg I, Geiger M. Ontogeny of domestic dogs and the developmental foundations of carnivoran domestication. Journal of Mammalian Evolution. 2017 Sep;24:323-43."
forelimb apical ectodermal ridge (AER),,10.625,Mus musculus,2,Male+Female,"Cordero GA, Sánchez-Villagra MR, Werneburg I. An irregular hourglass pattern describes the tempo of phenotypic development in placental mammal evolution. Biology letters. 2020 May 27;16(5):20200087."
Forelimb bud emerges,,9.5,Mus musculus,2,Male+Female,"Bresee, C., Litman-Cleper, J., Clayton, C. J., & Krubitzer, L. (2024). Translating the Timing of Developmental Benchmarks in Short-Tailed Opossums (Monodelphisdomestica) to Facilitate Comparisons with Commonly Used Rodent Models. Brain Behav Evol, 99(2), 69-85. https://doi.org/10.1159/000538524"
Forelimb bud emerges,,10.5,Mus musculus,2,Male+Female,"Evans HE, Sack WO. Prenatal development of domestic and laboratory mammals: growth curves, external features and selected references. Zentralbl Veterinarmed C. 1973 Mar;2(1):11-45"
Forelimb bud emerges,,9.125,Mus musculus,2,Male+Female,"Werneburg I, Geiger M. Ontogeny of domestic dogs and the developmental foundations of carnivoran domestication. Journal of Mammalian Evolution. 2017 Sep;24:323-43."
Forelimb digital plate,,13.25,Mus musculus,2,Male+Female,"Werneburg I, Geiger M. Ontogeny of domestic dogs and the developmental foundations of carnivoran domestication. Journal of Mammalian Evolution. 2017 Sep;24:323-43."
Forelimb elbow,,15,Mus musculus,2,Male+Female,"Werneburg I, Geiger M. Ontogeny of domestic dogs and the developmental foundations of carnivoran domestication. Journal of Mammalian Evolution. 2017 Sep;24:323-43."
Forelimb elongated,,10.125,Mus musculus,2,Male+Female,"Werneburg I, Geiger M. Ontogeny of domestic dogs and the developmental foundations of carnivoran domestication. Journal of Mammalian Evolution. 2017 Sep;24:323-43."
Forelimb follicle (distal),,14.25,Mus musculus,2,Male+Female,"Werneburg I, Geiger M. Ontogeny of domestic dogs and the developmental foundations of carnivoran domestication. Journal of Mammalian Evolution. 2017 Sep;24:323-43."
Forelimb follicle (proximal),,14.25,Mus musculus,2,Male+Female,"Werneburg I, Geiger M. Ontogeny of domestic dogs and the developmental foundations of carnivoran domestication. Journal of Mammalian Evolution. 2017 Sep;24:323-43."
Forelimb hair emerges,,22,Mus musculus,2,Male+Female,"Werneburg I, Geiger M. Ontogeny of domestic dogs and the developmental foundations of carnivoran domestication. Journal of Mammalian Evolution. 2017 Sep;24:323-43."
Forelimb paddle,,11.625,Mus musculus,2,Male+Female,"Werneburg I, Geiger M. Ontogeny of domestic dogs and the developmental foundations of carnivoran domestication. Journal of Mammalian Evolution. 2017 Sep;24:323-43."
Forelimb ridge,,9.125,Mus musculus,2,Male+Female,"Werneburg I, Geiger M. Ontogeny of domestic dogs and the developmental foundations of carnivoran domestication. Journal of Mammalian Evolution. 2017 Sep;24:323-43."
Formation of neural folds,,8,Mus musculus,2,Male+Female,"Ten Donkelaar HJ, Geysberts LG, Dederen PJ. Stages in the prenatal development of the Chinese hamster (Cricetulus griseus). Anatomy and Embryology. 1979 Jan;156:1-28."
Fornix appearance,,14,Mus musculus,2,Male+Female,"Workman AD, Charvet CJ, Clancy B, Darlington RB, Finlay BL. Modeling transformations of neurodevelopmental sequences across mammalian species. Journal of Neuroscience. 2013 Apr 24;33(17):7368-83."
Fornix myelination (Onset),,32,Mus musculus,2,Male+Female,"Workman AD, Charvet CJ, Clancy B, Darlington RB, Finlay BL. Modeling transformations of neurodevelopmental sequences across mammalian species. Journal of Neuroscience. 2013 Apr 24;33(17):7368-83."
Fourth branchial arches emerges,,10.5,Mus musculus,2,Male+Female,"Evans HE, Sack WO. Prenatal development of domestic and laboratory mammals: growth curves, external features and selected references. Zentralbl Veterinarmed C. 1973 Mar;2(1):11-45;"
Fourth branchial arches emerges,,10.125,Mus musculus,2,Male+Female,"Werneburg I, Geiger M. Ontogeny of domestic dogs and the developmental foundations of carnivoran domestication. Journal of Mammalian Evolution. 2017 Sep;24:323-43."
Frontal cortex reaches adult volume,,47,Mus musculus,2,Male+Female,"Hendy JP, Takahashi E, van der Kouwe AJ, Charvet CJ. Brain Wiring and Supragranular-Enriched Genes Linked to Protracted Human Frontal Cortex Development. Cereb Cortex. 2020 Oct 1;30(11):5654-5666. doi: 10.1093/cercor/bhaa135."
Frontal ossification (Onset),,14.43,Mus musculus,2,Male+Female,"Kanazawa E, Mochizuki K. The time and order of appearance of ossification centers in the hamster before birth. Jikken Dobutsu. 1974 Jul;23(3):113-22. doi: 10.1538/expanim1957.23.3_113. PMID: 4477064."
GABA cells in the subplate appearance,,14,Mus musculus,2,Male+Female,"Del Rio JA, Soriano E, Ferrer I. Development of GABA‐immunoreactivity in the neocortex of the mouse. Journal of Comparative Neurology. 1992 Dec 22;326(4):501-26."
GABAir cells in lower intermediate zone/subventricular border (no synapses),,12,Mus musculus,2,Male+Female,"Workman AD, Charvet CJ, Clancy B, Darlington RB, Finlay BL. Modeling transformations of neurodevelopmental sequences across mammalian species. Journal of Neuroscience. 2013 Apr 24;33(17):7368-83."
Ganglionic eminence - Peak volume,,15.75,Mus musculus,2,Male+Female,"Charvet CJ, Šimić G, Kostović I, Knezović V, Vukšić M, Babić Leko M, Takahashi E, Sherwood CC, Wolfe MD, Finlay BL. Coevolution in the timing of GABAergic and pyramidal neuron maturation in primates. Proc Biol Sci. 2017 Aug 30;284(1861):20171169. doi: 10.1098/rspb.2017.1169."
Ganglionic eminence post-proliferative zone appearance,,10.8,Mus musculus,2,Male+Female,"Workman AD, Charvet CJ, Clancy B, Darlington RB, Finlay BL. Modeling transformations of neurodevelopmental sequences across mammalian species. Journal of Neuroscience. 2013 Apr 24;33(17):7368-83."
Gastrula stage,,6.5,Mus musculus,2,Male+Female,"Noden DM, Lahunta AD. The embryology of domestic animals. Developmental mechanisms and malformations. Williams & Wilkins; 1985."
Gestation as a reference point,,18.5,Mus musculus,2,Male+Female,"Workman AD, Charvet CJ, Clancy B, Darlington RB, Finlay BL. Modeling transformations of neurodevelopmental sequences across mammalian species. Journal of Neuroscience. 2013 Apr 24;33(17):7368-83."
Reported Gestation,Captive,19,Mus musculus,2,Male+Female,"https://genomics.senescence.info/species/dataset.zip; AnAge Build 15; de Magalhaes, J. P., Abidi, Z., Dos Santos, G. A., Avelar, R. A., Barardo, D., Chatsirisupachai, K., Clark, P., De-Souza, E. A., Johnson, E. J., Lopes, I., Novoa, G., Senez, L., Talay, A., Thornton, D., & To, P. K. P. (2024). Human Ageing Genomic Resources: updates on key databases in ageing research. Nucleic Acids Res, 52(D1), D900-D908."
Reported Gestation,,18.5,Mus musculus,2,Male+Female,"Garwicz, M., Christensson, M., & Psouni, E. (2009). A unifying model for timing of walking onset in humans and other mammals. Proc Natl Acad Sci U S A, 106(51), 21889-21893. https://doi.org/10.1073/pnas.0905777106"
Reported Gestation,Captive+Wild,19.6,Mus musculus,2,Male+Female,"https://esapubs.org/archive/ecol/E090/184/PanTHERIA_1-0_WR05_Aug2008.txt; Jones, K. E., Bielby, J., Cardillo, M., Fritz, S. A., O'Dell, J., Orme, C. D. L., Safi, K., Sechrest, W., Boakes, E. H., Carbone, C., Connolly, C., Cutts, M. J., Foster, J. K., Grenyer, R., Habib, M., Plaster, C. A., Price, S. A., Rigby, E. A., Rist, J., . . . Michener, W. K. (2009). PanTHERIA: a species-level database of life history, ecology, and geography of extant and recently extinct mammals. Ecology, 90(9), 2648-2648. https://doi.org/10.1890/08-1494.1"
Reported Gestation,,19.6,Mus musculus,2,Male+Female,"https://figshare.com/articles/dataset/Full_Archive/3563457?backTo=/collections/An_amniote_life-history_database_to_perform_comparative_analyses_with_birds_mammals_and_reptiles/3308127; Myhrvold, N. P., Baldridge, E., Chan, B., Sivam, D., Freeman, D. L., & Ernest, S. M. (2015). An amniote life‐history database to perform comparative analyses with birds, mammals, and reptiles: Ecological Archives E096‐269. Ecology, 96(11), 3109-3109."
Granule cell layer fascia dentata neurogenesis (Onset),,10,Mus musculus,2,Male+Female,"Workman AD, Charvet CJ, Clancy B, Darlington RB, Finlay BL. Modeling transformations of neurodevelopmental sequences across mammalian species. Journal of Neuroscience. 2013 Apr 24;33(17):7368-83."
Head folicles,,15,Mus musculus,2,Male+Female,"Werneburg I, Geiger M. Ontogeny of domestic dogs and the developmental foundations of carnivoran domestication. Journal of Mammalian Evolution. 2017 Sep;24:323-43."
Head hairs,,22,Mus musculus,2,Male+Female,"Werneburg I, Geiger M. Ontogeny of domestic dogs and the developmental foundations of carnivoran domestication. Journal of Mammalian Evolution. 2017 Sep;24:323-43."
Hearing (Onset),,29,Mus musculus,2,Male+Female,"McCullagh, E. A., Peacock, J., Lucas, A., Poleg, S., Greene, N. T., Gaut, A., Lagestee, S., Zhang, Y., Kaczmarek, L. K., Park, T. J., Tollin, D. J., & Klug, A. (2022). Auditory brainstem development of naked mole-rats (Heterocephalus glaber). Proc Biol Sci, 289(1980), 20220878. https://doi.org/10.1098/rspb.2022.0878"
Heart: cardiac loop emerges,,10,Mus musculus,2,Male+Female,"Krishnan A, Samtani R, Dhanantwari P, Lee E, Yamada S, Shiota K, Donofrio MT, Leatherbury L, Lo CW. A detailed comparison of mouse and human cardiac development. Pediatric research. 2014 Dec;76(6):500-7."
Hindlimb bud emerges,,10,Mus musculus,2,Male+Female,"Bresee, C., Litman-Cleper, J., Clayton, C. J., & Krubitzer, L. (2024). Translating the Timing of Developmental Benchmarks in Short-Tailed Opossums (Monodelphisdomestica) to Facilitate Comparisons with Commonly Used Rodent Models. Brain Behav Evol, 99(2), 69-85. https://doi.org/10.1159/000538524"
Hindlimb bud emerges,,11,Mus musculus,2,Male+Female,"Evans HE, Sack WO. Prenatal development of domestic and laboratory mammals: growth curves, external features and selected references. Zentralbl Veterinarmed C. 1973 Mar;2(1):11-45"
Hindlimb bud emerges,,10.625,Mus musculus,2,Male+Female,"Werneburg I, Geiger M. Ontogeny of domestic dogs and the developmental foundations of carnivoran domestication. Journal of Mammalian Evolution. 2017 Sep;24:323-43."
Hindlimb digital plate,,13.25,Mus musculus,2,Male+Female,"Werneburg I, Geiger M. Ontogeny of domestic dogs and the developmental foundations of carnivoran domestication. Journal of Mammalian Evolution. 2017 Sep;24:323-43."
Hindlimb elongated,,10.875,Mus musculus,2,Male+Female,"Werneburg I, Geiger M. Ontogeny of domestic dogs and the developmental foundations of carnivoran domestication. Journal of Mammalian Evolution. 2017 Sep;24:323-43."
Hindlimb hairs,,22,Mus musculus,2,Male+Female,"Werneburg I, Geiger M. Ontogeny of domestic dogs and the developmental foundations of carnivoran domestication. Journal of Mammalian Evolution. 2017 Sep;24:323-43."
Hindlimb knee,,17,Mus musculus,2,Male+Female,"Werneburg I, Geiger M. Ontogeny of domestic dogs and the developmental foundations of carnivoran domestication. Journal of Mammalian Evolution. 2017 Sep;24:323-43."
Hindlimb paddle,,11.625,Mus musculus,2,Male+Female,"Werneburg I, Geiger M. Ontogeny of domestic dogs and the developmental foundations of carnivoran domestication. Journal of Mammalian Evolution. 2017 Sep;24:323-43."
Hindlimb ridge,,10.125,Mus musculus,2,Male+Female,"Werneburg I, Geiger M. Ontogeny of domestic dogs and the developmental foundations of carnivoran domestication. Journal of Mammalian Evolution. 2017 Sep;24:323-43."
Hippocampal CA1 neurogenesis (Onset),,10,Mus musculus,2,Male+Female,"Workman AD, Charvet CJ, Clancy B, Darlington RB, Finlay BL. Modeling transformations of neurodevelopmental sequences across mammalian species. Journal of Neuroscience. 2013 Apr 24;33(17):7368-83."
Hippocampal CA3 neurogenesis (Offset),,17,Mus musculus,2,Male+Female,"Workman AD, Charvet CJ, Clancy B, Darlington RB, Finlay BL. Modeling transformations of neurodevelopmental sequences across mammalian species. Journal of Neuroscience. 2013 Apr 24;33(17):7368-83."
Hippocampal CA3 neurogenesis (Onset),,10,Mus musculus,2,Male+Female,"Workman AD, Charvet CJ, Clancy B, Darlington RB, Finlay BL. Modeling transformations of neurodevelopmental sequences across mammalian species. Journal of Neuroscience. 2013 Apr 24;33(17):7368-83."
Hippocampal commisure appearance,,15,Mus musculus,2,Male+Female,"Workman AD, Charvet CJ, Clancy B, Darlington RB, Finlay BL. Modeling transformations of neurodevelopmental sequences across mammalian species. Journal of Neuroscience. 2013 Apr 24;33(17):7368-83."
Hippocampus myelination (Onset),,32,Mus musculus,2,Male+Female,"Workman AD, Charvet CJ, Clancy B, Darlington RB, Finlay BL. Modeling transformations of neurodevelopmental sequences across mammalian species. Journal of Neuroscience. 2013 Apr 24;33(17):7368-83."
Horizontal cell generation (Offset),,14,Mus musculus,2,Male+Female,"Workman AD, Charvet CJ, Clancy B, Darlington RB, Finlay BL. Modeling transformations of neurodevelopmental sequences across mammalian species. Journal of Neuroscience. 2013 Apr 24;33(17):7368-83."
Humerus distal epiphysis appearance,,30.5,Mus musculus,2,Male+Female,"Zoetis, Tracey, Melissa S. Tassinari, Cedo Bagi, Karen Walthall, and Mark E. Hurtt. ""Species comparison of postnatal bone growth and development."" Birth Defects Research Part B: Developmental and Reproductive Toxicology 68, no. 2 (2003): 86-110."
Humerus distal epiphysis capitellum appearance,,23.5,Mus musculus,2,Male+Female,Species comparison of postnatal development posntal growth and development; https://www.researchgate.net/profile/Mark-Hurtt-2/publication/10656768_Species_Comparison_of_Postnatal_Bone_Growth_and_Development/links/5ec64eaa299bf1c09acfbf8b/Species-Comparison-of-Postnatal-Bone-Growth-and-Development.pdf
Humerus distal epiphysis fusion,,39.5,Mus musculus,2,Male+Female,"Zoetis, Tracey, Melissa S. Tassinari, Cedo Bagi, Karen Walthall, and Mark E. Hurtt. ""Species comparison of postnatal bone growth and development."" Birth Defects Research Part B: Developmental and Reproductive Toxicology 68, no. 2 (2003): 86-110."
Humerus ossification (Onset),,14.43,Mus musculus,2,Male+Female,"Kanazawa E, Mochizuki K. The time and order of appearance of ossification centers in the hamster before birth. Jikken Dobutsu. 1974 Jul;23(3):113-22. doi: 10.1538/expanim1957.23.3_113. PMID: 4477064."
Humerus proximal epiphysis appearance,,26,Mus musculus,2,Male+Female,"Zoetis, Tracey, Melissa S. Tassinari, Cedo Bagi, Karen Walthall, and Mark E. Hurtt. ""Species comparison of postnatal bone growth and development."" Birth Defects Research Part B: Developmental and Reproductive Toxicology 68, no. 2 (2003): 86-110."
Humerus proximal epiphysis fusion,,64,Mus musculus,2,Male+Female,"Zoetis, Tracey, Melissa S. Tassinari, Cedo Bagi, Karen Walthall, and Mark E. Hurtt. ""Species comparison of postnatal bone growth and development."" Birth Defects Research Part B: Developmental and Reproductive Toxicology 68, no. 2 (2003): 86-110."
Humerus proximal epiphysis greater tubercle appearance,,23.5,Mus musculus,2,Male+Female,Species comparison of postnatal development posntal growth and development; https://www.researchgate.net/profile/Mark-Hurtt-2/publication/10656768_Species_Comparison_of_Postnatal_Bone_Growth_and_Development/links/5ec64eaa299bf1c09acfbf8b/Species-Comparison-of-Postnatal-Bone-Growth-and-Development.pdf
Ilium ossification (Onset),,15.45,Mus musculus,2,Male+Female,Johnson ML. The time and order of appearance of ossification centers in the albino mouse. American Journal of Anatomy. 1933 Mar;52(2):241-71.
Ilium ossification (Onset),,14.43,Mus musculus,2,Male+Female,"Kanazawa E, Mochizuki K. The time and order of appearance of ossification centers in the hamster before birth. Jikken Dobutsu. 1974 Jul;23(3):113-22. doi: 10.1538/expanim1957.23.3_113. PMID: 4477064."
Ilium ossification (Onset),,16,Mus musculus,2,Male+Female,"Patton JT, Kaufman MH. The timing of ossification of the limb bones, and growth rates of various long bones of the fore and hind limbs of the prenatal and early postnatal laboratory mouse. Journal of anatomy. 1995 Feb;186(Pt 1):175;"
Immature S shaped loop (heart) emerges,Captive,8.75,Mus musculus,2,Male+Female,"Marcela SG, Cristina RM, Angel PG, Manuel AM, Sofía DC, Patricia DL, Bladimir RR, Concepción SG. Chronological and morphological study of heart development in the rat. The Anatomical Record: Advances in Integrative Anatomy and Evolutionary Biology. 2012 Aug;295(8):1267-90."
Incisors eruption,Captive,29.1,Mus musculus,2,Male,"Rice DC, Reeve EA, Herlihy A, Zoeller RT, Thompson WD, Markowski VP. Developmental delays and locomotor activity in the C57BL6/J mouse following neonatal exposure to the fully-brominated PBDE, decabromodiphenyl ether. Neurotoxicology and teratology. 2007 Jul 1;29(4):511-20."
Incisors eruption,Captive,29,Mus musculus,2,Female,"Rice DC, Reeve EA, Herlihy A, Zoeller RT, Thompson WD, Markowski VP. Developmental delays and locomotor activity in the C57BL6/J mouse following neonatal exposure to the fully-brominated PBDE, decabromodiphenyl ether. Neurotoxicology and teratology. 2007 Jul 1;29(4):511-20."
Inferior Cerebellar Peduncle myelination (Onset),,27,Mus musculus,2,Male+Female,"Workman AD, Charvet CJ, Clancy B, Darlington RB, Finlay BL. Modeling transformations of neurodevelopmental sequences across mammalian species. Journal of Neuroscience. 2013 Apr 24;33(17):7368-83."
Internal Capsule myelination (Onset),,28,Mus musculus,2,Male+Female,"Workman AD, Charvet CJ, Clancy B, Darlington RB, Finlay BL. Modeling transformations of neurodevelopmental sequences across mammalian species. Journal of Neuroscience. 2013 Apr 24;33(17):7368-83."
Interparietal ossification (Onset),,14.43,Mus musculus,2,Male+Female,"Kanazawa E, Mochizuki K. The time and order of appearance of ossification centers in the hamster before birth. Jikken Dobutsu. 1974 Jul;23(3):113-22. doi: 10.1538/expanim1957.23.3_113. PMID: 4477064."
Ipsi/contra segregation in lateral geniculate nucleus,,25.5,Mus musculus,2,Male+Female,"Workman AD, Charvet CJ, Clancy B, Darlington RB, Finlay BL. Modeling transformations of neurodevelopmental sequences across mammalian species. Journal of Neuroscience. 2013 Apr 24;33(17):7368-83."
Ipsi/contra segregation in superior colliculus (SC),,25.5,Mus musculus,2,Male+Female,"Workman AD, Charvet CJ, Clancy B, Darlington RB, Finlay BL. Modeling transformations of neurodevelopmental sequences across mammalian species. Journal of Neuroscience. 2013 Apr 24;33(17):7368-83."
Ischium ossification (Onset),,15.725,Mus musculus,2,Male+Female,"Kanazawa E, Mochizuki K. The time and order of appearance of ossification centers in the hamster before birth. Jikken Dobutsu. 1974 Jul;23(3):113-22. doi: 10.1538/expanim1957.23.3_113. PMID: 4477064."
Ischium ossification (Onset),,17,Mus musculus,2,Male+Female,"Patton JT, Kaufman MH. The timing of ossification of the limb bones, and growth rates of various long bones of the fore and hind limbs of the prenatal and early postnatal laboratory mouse. Journal of anatomy. 1995 Feb;186(Pt 1):175."
Lacrimals ossification (Onset),,15.725,Mus musculus,2,Male+Female,"Kanazawa E, Mochizuki K. The time and order of appearance of ossification centers in the hamster before birth. Jikken Dobutsu. 1974 Jul;23(3):113-22. doi: 10.1538/expanim1957.23.3_113. PMID: 4477064."
Lateral geniculate nucleus axons in subplate,,14,Mus musculus,2,Male+Female,"Workman AD, Charvet CJ, Clancy B, Darlington RB, Finlay BL. Modeling transformations of neurodevelopmental sequences across mammalian species. Journal of Neuroscience. 2013 Apr 24;33(17):7368-83."
Left ventricle acquire its outflow tract (Onset),Captive,11.25,Mus musculus,2,Male+Female,"Marcela SG, Cristina RM, Angel PG, Manuel AM, Sofía DC, Patricia DL, Bladimir RR, Concepción SG. Chronological and morphological study of heart development in the rat. The Anatomical Record: Advances in Integrative Anatomy and Evolutionary Biology. 2012 Aug;295(8):1267-90."
Left ventricle acquires its outflow tract,Captive,12.5,Mus musculus,2,Male+Female,"Marcela SG, Cristina RM, Angel PG, Manuel AM, Sofía DC, Patricia DL, Bladimir RR, Concepción SG. Chronological and morphological study of heart development in the rat. The Anatomical Record: Advances in Integrative Anatomy and Evolutionary Biology. 2012 Aug;295(8):1267-90."
Lens vesicle closes,,11,Mus musculus,2,Male+Female,"Canine Embryonic Atlas, Baker Institute for Animal Health, Cornell University, https://www2.vet.cornell.edu/canine-atlas"
Lens vesicles emerge,,10.125,Mus musculus,2,Male+Female,"Werneburg I, Geiger M. Ontogeny of domestic dogs and the developmental foundations of carnivoran domestication. Journal of Mammalian Evolution. 2017 Sep;24:323-43."
Lenticular Fasciculus myelination (Onset),,33,Mus musculus,2,Male+Female,"Workman AD, Charvet CJ, Clancy B, Darlington RB, Finlay BL. Modeling transformations of neurodevelopmental sequences across mammalian species. Journal of Neuroscience. 2013 Apr 24;33(17):7368-83."
Lumber vertebrae ossification (Onset),,14.43,Mus musculus,2,Male+Female,"Kanazawa E, Mochizuki K. The time and order of appearance of ossification centers in the hamster before birth. Jikken Dobutsu. 1974 Jul;23(3):113-22. doi: 10.1538/expanim1957.23.3_113. PMID: 4477064."
Mammilothalamic Tract myelination (Onset),,32,Mus musculus,2,Male+Female,"Workman AD, Charvet CJ, Clancy B, Darlington RB, Finlay BL. Modeling transformations of neurodevelopmental sequences across mammalian species. Journal of Neuroscience. 2013 Apr 24;33(17):7368-83."
Mandible ossification (Onset),,14.43,Mus musculus,2,Male+Female,"Kanazawa E, Mochizuki K. The time and order of appearance of ossification centers in the hamster before birth. Jikken Dobutsu. 1974 Jul;23(3):113-22. doi: 10.1538/expanim1957.23.3_113. PMID: 4477064."
Mature heart; completely closed interventricular foramen,Captive,14.5,Mus musculus,2,Male+Female,"Marcela SG, Cristina RM, Angel PG, Manuel AM, Sofía DC, Patricia DL, Bladimir RR, Concepción SG. Chronological and morphological study of heart development in the rat. The Anatomical Record: Advances in Integrative Anatomy and Evolutionary Biology. 2012 Aug;295(8):1267-90."
Mature S-shaped loop and beginning of cardiac septation,Captive,9.5,Mus musculus,2,Male+Female,"Marcela SG, Cristina RM, Angel PG, Manuel AM, Sofía DC, Patricia DL, Bladimir RR, Concepción SG. Chronological and morphological study of heart development in the rat. The Anatomical Record: Advances in Integrative Anatomy and Evolutionary Biology. 2012 Aug;295(8):1267-90."
Maxilla ossification (Onset),,14.43,Mus musculus,2,Male+Female,"Kanazawa E, Mochizuki K. The time and order of appearance of ossification centers in the hamster before birth. Jikken Dobutsu. 1974 Jul;23(3):113-22. doi: 10.1538/expanim1957.23.3_113. PMID: 4477064."
Medial forebrain bundle appearance,,13,Mus musculus,2,Male+Female,"Workman AD, Charvet CJ, Clancy B, Darlington RB, Finlay BL. Modeling transformations of neurodevelopmental sequences across mammalian species. Journal of Neuroscience. 2013 Apr 24;33(17):7368-83."
Medial geniculate nucleus (Peak),,11,Mus musculus,2,Male+Female,"Workman AD, Charvet CJ, Clancy B, Darlington RB, Finlay BL. Modeling transformations of neurodevelopmental sequences across mammalian species. Journal of Neuroscience. 2013 Apr 24;33(17):7368-83."
Medial Lemniscus myelination (Onset),,27,Mus musculus,2,Male+Female,"Workman AD, Charvet CJ, Clancy B, Darlington RB, Finlay BL. Modeling transformations of neurodevelopmental sequences across mammalian species. Journal of Neuroscience. 2013 Apr 24;33(17):7368-83."
Middle cerebellar peduncle myelination (Offset),,78,Mus musculus,2,Male+Female,"Workman AD, Charvet CJ, Clancy B, Darlington RB, Finlay BL. Modeling transformations of neurodevelopmental sequences across mammalian species. Journal of Neuroscience. 2013 Apr 24;33(17):7368-83."
Middle Cerebellar Peduncle myelination (Onset),,27,Mus musculus,2,Male+Female,"Workman AD, Charvet CJ, Clancy B, Darlington RB, Finlay BL. Modeling transformations of neurodevelopmental sequences across mammalian species. Journal of Neuroscience. 2013 Apr 24;33(17):7368-83."
Morula stage,,3,Mus musculus,2,Male+Female,"Noden DM, Lahunta AD. The embryology of domestic animals. Developmental mechanisms and malformations. Williams & Wilkins; 1985."
Morula stage,,3.208333333,Mus musculus,2,Male+Female,"Varghese PC, Dutta D. Protocol for isolation of mouse pre-implantation embryos for gene expression analysis. STAR protocols. 2023 Sep 15;4(3):102479."
Myelin basic protein RNA extends to lower cortical layers in visual cortex,Captive,32.5,Mus musculus,2,Male+Female,Allen brain atlas
Nasal ossification (Onset),,15.725,Mus musculus,2,Male+Female,"Kanazawa E, Mochizuki K. The time and order of appearance of ossification centers in the hamster before birth. Jikken Dobutsu. 1974 Jul;23(3):113-22. doi: 10.1538/expanim1957.23.3_113. PMID: 4477064."
Neck hairs,,22,Mus musculus,2,Male+Female,"Werneburg I, Geiger M. Ontogeny of domestic dogs and the developmental foundations of carnivoran domestication. Journal of Mammalian Evolution. 2017 Sep;24:323-43."
NEFH expressionin lower layers of (visual cortex) (Onset),Captive,32.5,Mus musculus,2,Male+Female,Allen brain atlas
Neural folds closure,,8.125,Mus musculus,2,Male+Female,"Werneburg I, Geiger M. Ontogeny of domestic dogs and the developmental foundations of carnivoran domestication. Journal of Mammalian Evolution. 2017 Sep;24:323-43."
Neural folds closure,,8.75,Mus musculus,2,Male+Female,"Bresee, C., Litman-Cleper, J., Clayton, C. J., & Krubitzer, L. (2024). Translating the Timing of Developmental Benchmarks in Short-Tailed Opossums (Monodelphisdomestica) to Facilitate Comparisons with Commonly Used Rodent Models. Brain Behav Evol, 99(2), 69-85. https://doi.org/10.1159/000538524"
Neural folds closure,,7.5,Mus musculus,2,Male+Female,"Bresee, C., Litman-Cleper, J., Clayton, C. J., & Krubitzer, L. (2024). Translating the Timing of Developmental Benchmarks in Short-Tailed Opossums (Monodelphisdomestica) to Facilitate Comparisons with Commonly Used Rodent Models. Brain Behav Evol, 99(2), 69-85. https://doi.org/10.1159/000538524"
Neurogenesis cortical layer II /III (visual cortex) (Peak),,15,Mus musculus,2,Male+Female,"Workman AD, Charvet CJ, Clancy B, Darlington RB, Finlay BL. Modeling transformations of neurodevelopmental sequences across mammalian species. Journal of Neuroscience. 2013 Apr 24;33(17):7368-83."
Neurogenesis cortical layer IV (visual cortex) (Offset),,17,Mus musculus,2,Male+Female,"Workman AD, Charvet CJ, Clancy B, Darlington RB, Finlay BL. Modeling transformations of neurodevelopmental sequences across mammalian species. Journal of Neuroscience. 2013 Apr 24;33(17):7368-83."
Neurogenesis cortical layer IV (visual cortex) (Onset),,15,Mus musculus,2,Male+Female,"Workman AD, Charvet CJ, Clancy B, Darlington RB, Finlay BL. Modeling transformations of neurodevelopmental sequences across mammalian species. Journal of Neuroscience. 2013 Apr 24;33(17):7368-83."
Neurogenesis cortical layer IV (visual cortex) (Peak),,17,Mus musculus,2,Male+Female,"Workman AD, Charvet CJ, Clancy B, Darlington RB, Finlay BL. Modeling transformations of neurodevelopmental sequences across mammalian species. Journal of Neuroscience. 2013 Apr 24;33(17):7368-83."
Neurogenesis cortical layer V (visual cortex) (Offset),,14,Mus musculus,2,Male+Female,"Workman AD, Charvet CJ, Clancy B, Darlington RB, Finlay BL. Modeling transformations of neurodevelopmental sequences across mammalian species. Journal of Neuroscience. 2013 Apr 24;33(17):7368-83."
Neurogenesis cortical layer V (visual cortex) (Onset),,12,Mus musculus,2,Male+Female,"Workman AD, Charvet CJ, Clancy B, Darlington RB, Finlay BL. Modeling transformations of neurodevelopmental sequences across mammalian species. Journal of Neuroscience. 2013 Apr 24;33(17):7368-83."
Neurogenesis cortical layer V (visual cortex) (Peak),,13,Mus musculus,2,Male+Female,"Workman AD, Charvet CJ, Clancy B, Darlington RB, Finlay BL. Modeling transformations of neurodevelopmental sequences across mammalian species. Journal of Neuroscience. 2013 Apr 24;33(17):7368-83."
Neurogenesis cortical layer VI (visual cortex) (Offset),,13,Mus musculus,2,Male+Female,"Workman AD, Charvet CJ, Clancy B, Darlington RB, Finlay BL. Modeling transformations of neurodevelopmental sequences across mammalian species. Journal of Neuroscience. 2013 Apr 24;33(17):7368-83."
Neurogenesis cortical layer VI (visual cortex) (Onset),,11,Mus musculus,2,Male+Female,"Workman AD, Charvet CJ, Clancy B, Darlington RB, Finlay BL. Modeling transformations of neurodevelopmental sequences across mammalian species. Journal of Neuroscience. 2013 Apr 24;33(17):7368-83."
Neurogenesis cortical layer VI (visual cortex) (Peak),,12.5,Mus musculus,2,Male+Female,"Workman AD, Charvet CJ, Clancy B, Darlington RB, Finlay BL. Modeling transformations of neurodevelopmental sequences across mammalian species. Journal of Neuroscience. 2013 Apr 24;33(17):7368-83."
Neurula stage,,7.5,Mus musculus,2,Male+Female,"Noden DM, Lahunta AD. The embryology of domestic animals. Developmental mechanisms and malformations. Williams & Wilkins; 1985."
Olfactory bulb forms,Captive,10.5,Mus musculus,2,Male+Female,"de Almeida da Anunciacao AR, Favaron PO, de Morais‐Pinto L, de Carvalho CM, dos Santos Martins D, Conei D, Del Sol M, Vásquez B, Miglino MA. Central nervous system development in rabbits (Oryctolagus cuniculus L. 1758). The Anatomical Record. 2021 Jun;304(6):1313-28."
Olfactory pit become visible,,10.5,Mus musculus,2,Male+Female,"Bresee, C., Litman-Cleper, J., Clayton, C. J., & Krubitzer, L. (2024). Translating the Timing of Developmental Benchmarks in Short-Tailed Opossums (Monodelphisdomestica) to Facilitate Comparisons with Commonly Used Rodent Models. Brain Behav Evol, 99(2), 69-85. https://doi.org/10.1159/000538524"
Olfactory pit become visible,,10.875,Mus musculus,2,Male+Female,"Cordero GA, Sánchez-Villagra MR, Werneburg I. An irregular hourglass pattern describes the tempo of phenotypic development in placental mammal evolution. Biology letters. 2020 May 27;16(5):20200087."
Olfactory pit become visible,,10,Mus musculus,2,Male+Female,"Evans HE, Sack WO. Prenatal development of domestic and laboratory mammals: growth curves, external features and selected references. Zentralbl Veterinarmed C. 1973 Mar;2(1):11-45"
Olfactory placode becomes visible,,9,Mus musculus,2,Male+Female,"Bresee, C., Litman-Cleper, J., Clayton, C. J., & Krubitzer, L. (2024). Translating the Timing of Developmental Benchmarks in Short-Tailed Opossums (Monodelphisdomestica) to Facilitate Comparisons with Commonly Used Rodent Models. Brain Behav Evol, 99(2), 69-85. https://doi.org/10.1159/000538524"
Oocyte falls to approximately 0,Captive,268.5,Mus musculus,2,Female,"Jones EC, Krohn PL. The relationships between age, numbers of oocytes and fertility in virgin and multiparous mice. Journal of Endocrinology. 1961 Feb 1;21(4):469-95."
Oocyte falls to approximately 0,Captive,518.5,Mus musculus,2,Female,"Jones EC, Krohn PL. The relationships between age, numbers of oocytes and fertility in virgin and multiparous mice. Journal of Endocrinology. 1961 Feb 1;21(4):469-95."
Oocyte falls to approximately 0,Captive,593.5,Mus musculus,2,Female,"Jones EC, Krohn PL. The relationships between age, numbers of oocytes and fertility in virgin and multiparous mice. Journal of Endocrinology. 1961 Feb 1;21(4):469-95."
Oocyte falls to approximately 0,Captive,718.5,Mus musculus,2,Female,"Jones EC, Krohn PL. The relationships between age, numbers of oocytes and fertility in virgin and multiparous mice. Journal of Endocrinology. 1961 Feb 1;21(4):469-95."
Optic axons invade visual centers,,15.5,Mus musculus,2,Male+Female,"Workman AD, Charvet CJ, Clancy B, Darlington RB, Finlay BL. Modeling transformations of neurodevelopmental sequences across mammalian species. Journal of Neuroscience. 2013 Apr 24;33(17):7368-83."
Optic axons reach dorsal lateral geniculate nucleus  and superior colliculus (SC),,14.5,Mus musculus,2,Male+Female,"Workman AD, Charvet CJ, Clancy B, Darlington RB, Finlay BL. Modeling transformations of neurodevelopmental sequences across mammalian species. Journal of Neuroscience. 2013 Apr 24;33(17):7368-83."
Optic Tract myelination (Onset),,28,Mus musculus,2,Male+Female,"Workman AD, Charvet CJ, Clancy B, Darlington RB, Finlay BL. Modeling transformations of neurodevelopmental sequences across mammalian species. Journal of Neuroscience. 2013 Apr 24;33(17):7368-83."
Optic vesicle emerges,,8,Mus musculus,2,Male+Female,"Chen VS, Morrison JP, Southwell MF, Foley JF, Bolon B, Elmore SA. Histology Atlas of the Developing Prenatal and Postnatal Mouse Central Nervous System, with Emphasis on Prenatal Days E7.5 to E18.5. Toxicol Pathol. 2017 Aug;45(6):705-744. doi: 10.1177/0192623317728134. Epub 2017 Sep 11. PMID: 28891434; PMCID: PMC5754028"
Optic vesicle emerges,,8.125,Mus musculus,2,Male+Female,"Werneburg I, Geiger M. Ontogeny of domestic dogs and the developmental foundations of carnivoran domestication. Journal of Mammalian Evolution. 2017 Sep;24:323-43."
Orbitosphenoids ossification (Onset),,16.65,Mus musculus,2,Male+Female,"Kanazawa E, Mochizuki K. The time and order of appearance of ossification centers in the hamster before birth. Jikken Dobutsu. 1974 Jul;23(3):113-22. doi: 10.1538/expanim1957.23.3_113. PMID: 4477064."
Otic pit is present,,9.125,Mus musculus,2,Male+Female,"Cordero GA, Sánchez-Villagra MR, Werneburg I. An irregular hourglass pattern describes the tempo of phenotypic development in placental mammal evolution. Biology letters. 2020 May 27;16(5):20200087."
Otic pit is present,,9.5,Mus musculus,2,Male+Female,"Evans HE, Sack WO. Prenatal development of domestic and laboratory mammals: growth curves, external features and selected references. Zentralbl Veterinarmed C. 1973 Mar;2(1):11-45"
Otic placode becomes visible,,8.75,Mus musculus,2,Male+Female,"Bresee, C., Litman-Cleper, J., Clayton, C. J., & Krubitzer, L. (2024). Translating the Timing of Developmental Benchmarks in Short-Tailed Opossums (Monodelphisdomestica) to Facilitate Comparisons with Commonly Used Rodent Models. Brain Behav Evol, 99(2), 69-85. https://doi.org/10.1159/000538524"
Otic vesicle is present,,9.125,Mus musculus,2,Male+Female,"Werneburg I, Geiger M. Ontogeny of domestic dogs and the developmental foundations of carnivoran domestication. Journal of Mammalian Evolution. 2017 Sep;24:323-43."
Palatine ossification (Onset),,14.43,Mus musculus,2,Male+Female,"Kanazawa E, Mochizuki K. The time and order of appearance of ossification centers in the hamster before birth. Jikken Dobutsu. 1974 Jul;23(3):113-22. doi: 10.1538/expanim1957.23.3_113. PMID: 4477064."
Palpebral reflex,Captive,36.5,Mus musculus,2,Male+Female,"Rice DC, Reeve EA, Herlihy A, Zoeller RT, Thompson WD, Markowski VP. Developmental delays and locomotor activity in the C57BL6/J mouse following neonatal exposure to the fully-brominated PBDE, decabromodiphenyl ether. Neurotoxicology and teratology. 2007 Jul 1;29(4):511-20."
Parietals ossification (Onset),,14.43,Mus musculus,2,Male+Female,"Kanazawa E, Mochizuki K. The time and order of appearance of ossification centers in the hamster before birth. Jikken Dobutsu. 1974 Jul;23(3):113-22. doi: 10.1538/expanim1957.23.3_113. PMID: 4477064."
Parvalbumin appearance in layer V of the cortex (visual cortex),,30,Mus musculus,2,Male+Female,"del Rio J, De Lecea L, Ferrer I, Soriano E. The development of parvalbumin-immunoreactivity in the neocortex of the mouse. Developmental Brain Research. 1994 Sep 16;81(2):247-59."
Parvalbumin appearance in layers II-III cortex (visual cortex),,34.5,Mus musculus,2,Male+Female,"del Rio J, De Lecea L, Ferrer I, Soriano E. The development of parvalbumin-immunoreactivity in the neocortex of the mouse. Developmental Brain Research. 1994 Sep 16;81(2):247-59."
Parvalbumin appearance in the cortical plate-visual cortex,,30,Mus musculus,2,Male+Female,"del Rio J, De Lecea L, Ferrer I, Soriano E. The development of parvalbumin-immunoreactivity in the neocortex of the mouse. Developmental Brain Research. 1994 Sep 16;81(2):247-59."
Parvalbumin extends towards the top of layer II boundary (visual cortex),,34.5,Mus musculus,2,Male+Female,"Charvet, C. J., Simic, G., Kostovic, I., Knezovic, V., Vuksic, M., Babic Leko, M., Takahashi, E., Sherwood, C. C., Wolfe, M. D., & Finlay, B. L. (2017). Coevolution in the timing of GABAergic and pyramidal neuron maturation in primates. Proc Biol Sci, 284(1861). https://doi.org/10.1098/rspb.2017.1169"
Patella ossification (Onset),,36.5,Mus musculus,2,Male+Female,Johnson ML. The time and order of appearance of ossification centers in the albino mouse. American Journal of Anatomy. 1933 Mar;52(2):241-71.
Patella ossification (Onset),,34,Mus musculus,2,Male+Female,"Patton JT, Kaufman MH. The timing of ossification of the limb bones, and growth rates of various long bones of the fore and hind limbs of the prenatal and early postnatal laboratory mouse. Journal of anatomy. 1995 Feb;186(Pt 1):175;"
Photoreceptor generation (Onset),,10,Mus musculus,2,Male+Female,"Workman AD, Charvet CJ, Clancy B, Darlington RB, Finlay BL. Modeling transformations of neurodevelopmental sequences across mammalian species. Journal of Neuroscience. 2013 Apr 24;33(17):7368-83."
Pinna fold,,13.25,Mus musculus,2,Male+Female,"Werneburg I, Geiger M. Ontogeny of domestic dogs and the developmental foundations of carnivoran domestication. Journal of Mammalian Evolution. 2017 Sep;24:323-43."
Pivot,,24.5,Mus musculus,2,Male+Female,"Williams E, Scott JP. The development of social behavior patterns in the mouse, in relation to natural periods. Behaviour. 1953 Jan 1:35-65."
Plasticity/OD critical period (Offset),,50.5,Mus musculus,2,Male+Female,"Workman AD, Charvet CJ, Clancy B, Darlington RB, Finlay BL. Modeling transformations of neurodevelopmental sequences across mammalian species. Journal of Neuroscience. 2013 Apr 24;33(17):7368-83."
Plasticity/OD critical period (Onset),,37.5,Mus musculus,2,Male+Female,"Workman AD, Charvet CJ, Clancy B, Darlington RB, Finlay BL. Modeling transformations of neurodevelopmental sequences across mammalian species. Journal of Neuroscience. 2013 Apr 24;33(17):7368-83."
Post-proliferative zone appearance in the cerebellum,,11.5,Mus musculus,2,Male+Female,"Workman AD, Charvet CJ, Clancy B, Darlington RB, Finlay BL. Modeling transformations of neurodevelopmental sequences across mammalian species. Journal of Neuroscience. 2013 Apr 24;33(17):7368-83."
Post-proliferative zone appearance in the superior colliculus,,12,Mus musculus,2,Male+Female,"Workman AD, Charvet CJ, Clancy B, Darlington RB, Finlay BL. Modeling transformations of neurodevelopmental sequences across mammalian species. Journal of Neuroscience. 2013 Apr 24;33(17):7368-83."
Posterior neuropore closure,,9.5,Mus musculus,2,Male+Female,"Bresee, C., Litman-Cleper, J., Clayton, C. J., & Krubitzer, L. (2024). Translating the Timing of Developmental Benchmarks in Short-Tailed Opossums (Monodelphisdomestica) to Facilitate Comparisons with Commonly Used Rodent Models. Brain Behav Evol, 99(2), 69-85. https://doi.org/10.1159/000538524"
Posterior neuropore closure,,10.625,Mus musculus,2,Male+Female,"Werneburg I, Geiger M. Ontogeny of domestic dogs and the developmental foundations of carnivoran domestication. Journal of Mammalian Evolution. 2017 Sep;24:323-43."
Premaxilla ossification (Onset),,14.43,Mus musculus,2,Male+Female,"Kanazawa E, Mochizuki K. The time and order of appearance of ossification centers in the hamster before birth. Jikken Dobutsu. 1974 Jul;23(3):113-22. doi: 10.1538/expanim1957.23.3_113. PMID: 4477064."
Preyer reflex,,30,Mus musculus,2,Male+Female,"Workman AD, Charvet CJ, Clancy B, Darlington RB, Finlay BL. Modeling transformations of neurodevelopmental sequences across mammalian species. Journal of Neuroscience. 2013 Apr 24;33(17):7368-83."
"Progressive myocardial compaction, AV and semilunar valve refinement",,16.5,Mus musculus,2,Male+Female,"Krishnan A, Samtani R, Dhanantwari P, Lee E, Yamada S, Shiota K, Donofrio MT, Leatherbury L, Lo CW. A detailed comparison of mouse and human cardiac development. Pediatric research. 2014 Dec;76(6):500-7."
Projection of the aortic sac into the pericardial cavity,Captive,10.125,Mus musculus,2,Male+Female,"Marcela SG, Cristina RM, Angel PG, Manuel AM, Sofía DC, Patricia DL, Bladimir RR, Concepción SG. Chronological and morphological study of heart development in the rat. The Anatomical Record: Advances in Integrative Anatomy and Evolutionary Biology. 2012 Aug;295(8):1267-90."
Pubis ossification (Onset),,15.725,Mus musculus,2,Male+Female,"Kanazawa E, Mochizuki K. The time and order of appearance of ossification centers in the hamster before birth. Jikken Dobutsu. 1974 Jul;23(3):113-22. doi: 10.1538/expanim1957.23.3_113. PMID: 4477064."
Pubis ossification (Onset),,17,Mus musculus,2,Male+Female,"Patton JT, Kaufman MH. The timing of ossification of the limb bones, and growth rates of various long bones of the fore and hind limbs of the prenatal and early postnatal laboratory mouse. Journal of anatomy. 1995 Feb;186(Pt 1):175."
Radius ossification (Onset),,14.43,Mus musculus,2,Male+Female,"Kanazawa E, Mochizuki K. The time and order of appearance of ossification centers in the hamster before birth. Jikken Dobutsu. 1974 Jul;23(3):113-22. doi: 10.1538/expanim1957.23.3_113. PMID: 4477064."
Reticular nuclei (Peak),,11,Mus musculus,2,Male+Female,"Workman AD, Charvet CJ, Clancy B, Darlington RB, Finlay BL. Modeling transformations of neurodevelopmental sequences across mammalian species. Journal of Neuroscience. 2013 Apr 24;33(17):7368-83."
Retinal amacrine cells (Peak),,15,Mus musculus,2,Male+Female,"Workman AD, Charvet CJ, Clancy B, Darlington RB, Finlay BL. Modeling transformations of neurodevelopmental sequences across mammalian species. Journal of Neuroscience. 2013 Apr 24;33(17):7368-83."
Retinal ganglion cell generation (Offset),,18.5,Mus musculus,2,Male+Female,"Workman AD, Charvet CJ, Clancy B, Darlington RB, Finlay BL. Modeling transformations of neurodevelopmental sequences across mammalian species. Journal of Neuroscience. 2013 Apr 24;33(17):7368-83."
Retinal ganglion cell generation (Onset),,10.5,Mus musculus,2,Male+Female,"Workman AD, Charvet CJ, Clancy B, Darlington RB, Finlay BL. Modeling transformations of neurodevelopmental sequences across mammalian species. Journal of Neuroscience. 2013 Apr 24;33(17):7368-83."
Retinal ganglion cells (Peak),,13,Mus musculus,2,Male+Female,"Workman AD, Charvet CJ, Clancy B, Darlington RB, Finlay BL. Modeling transformations of neurodevelopmental sequences across mammalian species. Journal of Neuroscience. 2013 Apr 24;33(17):7368-83."
Retinal waves stage 1 (Onset),,16,Mus musculus,2,Male+Female,"Workman AD, Charvet CJ, Clancy B, Darlington RB, Finlay BL. Modeling transformations of neurodevelopmental sequences across mammalian species. Journal of Neuroscience. 2013 Apr 24;33(17):7368-83."
Retinal waves stage 2 (Offset),,29.5,Mus musculus,2,Male+Female,"Workman AD, Charvet CJ, Clancy B, Darlington RB, Finlay BL. Modeling transformations of neurodevelopmental sequences across mammalian species. Journal of Neuroscience. 2013 Apr 24;33(17):7368-83."
Retinal waves stage 2 (Onset),,18.5,Mus musculus,2,Male+Female,"Workman AD, Charvet CJ, Clancy B, Darlington RB, Finlay BL. Modeling transformations of neurodevelopmental sequences across mammalian species. Journal of Neuroscience. 2013 Apr 24;33(17):7368-83."
Retinal waves stage 3 (Offset),,32.5,Mus musculus,2,Male+Female,"Workman AD, Charvet CJ, Clancy B, Darlington RB, Finlay BL. Modeling transformations of neurodevelopmental sequences across mammalian species. Journal of Neuroscience. 2013 Apr 24;33(17):7368-83."
Retinal waves stage 3 (Onset),,29.5,Mus musculus,2,Male+Female,"Workman AD, Charvet CJ, Clancy B, Darlington RB, Finlay BL. Modeling transformations of neurodevelopmental sequences across mammalian species. Journal of Neuroscience. 2013 Apr 24;33(17):7368-83."
Ribs ossification (Onset),,14.43,Mus musculus,2,Male+Female,"Kanazawa E, Mochizuki K. The time and order of appearance of ossification centers in the hamster before birth. Jikken Dobutsu. 1974 Jul;23(3):113-22. doi: 10.1538/expanim1957.23.3_113. PMID: 4477064."
Rod generation (Offset),,23.5,Mus musculus,2,Male+Female,"Workman AD, Charvet CJ, Clancy B, Darlington RB, Finlay BL. Modeling transformations of neurodevelopmental sequences across mammalian species. Journal of Neuroscience. 2013 Apr 24;33(17):7368-83."
Rod generation (Onset),,13,Mus musculus,2,Male+Female,"Workman AD, Charvet CJ, Clancy B, Darlington RB, Finlay BL. Modeling transformations of neurodevelopmental sequences across mammalian species. Journal of Neuroscience. 2013 Apr 24;33(17):7368-83."
Rods (Peak),,19,Mus musculus,2,Male+Female,"Workman AD, Charvet CJ, Clancy B, Darlington RB, Finlay BL. Modeling transformations of neurodevelopmental sequences across mammalian species. Journal of Neuroscience. 2013 Apr 24;33(17):7368-83."
Rooting reflex in all most animals (Offset),Captive,31.5,Mus musculus,3,Male+Female,"Gonzalez L, Sébrié C, Laroche S, Vaillend C, Poirier R. Delayed postnatal brain development and ontogenesis of behavior and cognition in a mouse model of intellectual disability. Neurobiology of Disease. 2023 Jul 1;183:106163."
Rooting reflex in all most animals (Offset),,24.5,Mus musculus,2,Male+Female,"Workman AD, Charvet CJ, Clancy B, Darlington RB, Finlay BL. Modeling transformations of neurodevelopmental sequences across mammalian species. Journal of Neuroscience. 2013 Apr 24;33(17):7368-83."
Sacral vertebrae ossification (Onset),,15.725,Mus musculus,2,Male+Female,"Kanazawa E, Mochizuki K. The time and order of appearance of ossification centers in the hamster before birth. Jikken Dobutsu. 1974 Jul;23(3):113-22. doi: 10.1538/expanim1957.23.3_113. PMID: 4477064."
SC Segregation,,24,Mus musculus,2,Male+Female,"Workman AD, Charvet CJ, Clancy B, Darlington RB, Finlay BL. Modeling transformations of neurodevelopmental sequences across mammalian species. Journal of Neuroscience. 2013 Apr 24;33(17):7368-83."
Scapula ossification (Onset),,14.43,Mus musculus,2,Male+Female,"Kanazawa E, Mochizuki K. The time and order of appearance of ossification centers in the hamster before birth. Jikken Dobutsu. 1974 Jul;23(3):113-22. doi: 10.1538/expanim1957.23.3_113. PMID: 4477064."
Secondary palate closure,,15,Mus musculus,2,Male+Female,"Walker BE, Fraser FC. Closure of the secondary palate in three strains of mice. Development. 1956 Jun 1;4(2):176-89."
Secondary palate closure,,14.5,Mus musculus,2,Male+Female,"Walker BE, Fraser FC. Closure of the secondary palate in three strains of mice. Development. 1956 Jun 1;4(2):176-89."
Secondary palate closure,,14.75,Mus musculus,2,Male+Female,"Walker BE, Fraser FC. Closure of the secondary palate in three strains of mice. Development. 1956 Jun 1;4(2):176-89."
Self-grooming,,24.5,Mus musculus,2,Male+Female,"Williams E, Scott JP. The development of social behavior patterns in the mouse, in relation to natural periods. Behaviour. 1953 Jan 1:35-65."
Sexual maturity,Captive+Wild,83.21,Mus musculus,2,Male+Female,"https://esapubs.org/archive/ecol/E090/184/PanTHERIA_1-0_WR05_Aug2008.txt; Jones, K. E., Bielby, J., Cardillo, M., Fritz, S. A., O'Dell, J., Orme, C. D. L., Safi, K., Sechrest, W., Boakes, E. H., Carbone, C., Connolly, C., Cutts, M. J., Foster, J. K., Grenyer, R., Habib, M., Plaster, C. A., Price, S. A., Rigby, E. A., Rist, J., . . . Michener, W. K. (2009). PanTHERIA: a species-level database of life history, ecology, and geography of extant and recently extinct mammals. Ecology, 90(9), 2648-2648. https://doi.org/10.1890/08-1494.1"
Slits closure (Offset),,13.25,Mus musculus,2,Male+Female,"Werneburg I, Geiger M. Ontogeny of domestic dogs and the developmental foundations of carnivoran domestication. Journal of Mammalian Evolution. 2017 Sep;24:323-43."
Snout hairs (vibrissal),,18,Mus musculus,2,Male+Female,"Werneburg I, Geiger M. Ontogeny of domestic dogs and the developmental foundations of carnivoran domestication. Journal of Mammalian Evolution. 2017 Sep;24:323-43."
Social play (Onset),Captive,43.5,Mus musculus,2,Male+Female,"Williams E, Scott JP. The development of social behavior patterns in the mouse, in relation to natural periods. Behaviour. 1953 Jan 1:35-65."
Somite formation (Onset),,7.8,Mus musculus,2,Male+Female,"Evans HE, Sack WO. Prenatal development of domestic and laboratory mammals: growth curves, external features and selected references. Zentralbl Veterinarmed C. 1973 Mar;2(1):11-45."
Spiral ganglion cell processes myelination (Onset),Captive,23,Mus musculus,2,Male+Female,"Romand, M.R. and Romand, R., 1990. Development of spiral ganglion cells in mammalian cochlea. Journal of electron microscopy technique, 15(2), pp.144-154."
Splenium myelination (Onset),,33,Mus musculus,2,Male+Female,"Workman AD, Charvet CJ, Clancy B, Darlington RB, Finlay BL. Modeling transformations of neurodevelopmental sequences across mammalian species. Journal of Neuroscience. 2013 Apr 24;33(17):7368-83."
Squamosals ossification (Onset),,14.43,Mus musculus,2,Male+Female,"Kanazawa E, Mochizuki K. The time and order of appearance of ossification centers in the hamster before birth. Jikken Dobutsu. 1974 Jul;23(3):113-22. doi: 10.1538/expanim1957.23.3_113. PMID: 4477064."
Somite formation (Onset),,6.5,Mus musculus,2,Male+Female,"Bresee, C., Litman-Cleper, J., Clayton, C. J., & Krubitzer, L. (2024). Translating the Timing of Developmental Benchmarks in Short-Tailed Opossums (Monodelphisdomestica) to Facilitate Comparisons with Commonly Used Rodent Models. Brain Behav Evol, 99(2), 69-85. https://doi.org/10.1159/000538524"
Somite formation (Onset),Captive,6.84,Mus musculus,2,Male+Female,"Štěrba, O. (1995). Staging and ageing of mammalian embryos and fetuses. Acta Veterinaria Brno, 64(1), 83-89. https://doi.org/10.2754/avb199564010084"
Somite formation (Onset),,5.5,Mus musculus,2,Male+Female,"Werneburg I, Geiger M. Ontogeny of domestic dogs and the developmental foundations of carnivoran domestication. Journal of Mammalian Evolution. 2017 Sep;24:323-43."
Somites 1-7,,7.98,Mus musculus,2,Male+Female,Štěrba O. Staging and ageing of mammalian embryos and fetuses. Acta Veterinaria Brno. 1995;64(1):83-9.
"Stage 3 (Four branchial bars, limb buds, tail bud, otic vesicle closed, lens plate indented, olfactory placode indented, cerebral vesicles distinct)",,9.88,Mus musculus,2,Male+Female,Štěrba O. Staging and ageing of mammalian embryos and fetuses. Acta Veterinaria Brno. 1995;64(1):83-9.
Tail bud,,9.88,Mus musculus,2,Male+Female,Štěrba O. Staging and ageing of mammalian embryos and fetuses. Acta Veterinaria Brno. 1995;64(1):83-9.
"Stage 4 (Retinal pigment present, lens vesicle closed and separated from surface, hemispheres and mesencephalon conspicuous, handplate present)",,11.59,Mus musculus,2,Male+Female,Štěrba O. Staging and ageing of mammalian embryos and fetuses. Acta Veterinaria Brno. 1995;64(1):83-9.
Retinal pigment epithelium is visible,,11.59,Mus musculus,2,Male+Female,Štěrba O. Staging and ageing of mammalian embryos and fetuses. Acta Veterinaria Brno. 1995;64(1):83-9.
Lens vesicle closes,,11.59,Mus musculus,2,Male+Female,Štěrba O. Staging and ageing of mammalian embryos and fetuses. Acta Veterinaria Brno. 1995;64(1):83-9.
"Stage 5 (Porus acusticus externus formed, follicles of tactile hairs present on upper lip, lens cavity reduced or obliterated, nasolacrimal groove closed, palatine processes vertical, handplate ) indented",,12.73,Mus musculus,2,Male+Female,Štěrba O. Staging and ageing of mammalian embryos and fetuses. Acta Veterinaria Brno. 1995;64(1):83-9.
"Stage 6 (Palate fused, eyelids are prominent, toes separated, ossification begins)",,14.44,Mus musculus,2,Male+Female,Štěrba O. Staging and ageing of mammalian embryos and fetuses. Acta Veterinaria Brno. 1995;64(1):83-9.
Distinct toes first visible,,14.44,Mus musculus,2,Male+Female,Štěrba O. Staging and ageing of mammalian embryos and fetuses. Acta Veterinaria Brno. 1995;64(1):83-9.
"Stage 7 (Fusion of eyelids, umbilical hernia reposited)",,15.58,Mus musculus,2,Male+Female,Štěrba O. Staging and ageing of mammalian embryos and fetuses. Acta Veterinaria Brno. 1995;64(1):83-9.
Stage 8 (Numerous skinfolds present),,16.53,Mus musculus,2,Male+Female,Štěrba O. Staging and ageing of mammalian embryos and fetuses. Acta Veterinaria Brno. 1995;64(1):83-9.
Stage 9 (Tactile hairs erupt on upper lip),,17.86,Mus musculus,2,Male+Female,Štěrba O. Staging and ageing of mammalian embryos and fetuses. Acta Veterinaria Brno. 1995;64(1):83-9.
Sternum ossification (Onset),,15.725,Mus musculus,2,Male+Female,"Kanazawa E, Mochizuki K. The time and order of appearance of ossification centers in the hamster before birth. Jikken Dobutsu. 1974 Jul;23(3):113-22. doi: 10.1538/expanim1957.23.3_113. PMID: 4477064."
Straight heart tube,Captive,8,Mus musculus,2,Male+Female,"Marcela SG, Cristina RM, Angel PG, Manuel AM, Sofía DC, Patricia DL, Bladimir RR, Concepción SG. Chronological and morphological study of heart development in the rat. The Anatomical Record: Advances in Integrative Anatomy and Evolutionary Biology. 2012 Aug;295(8):1267-90."
Stretching (Onset),Captive,19.5,Mus musculus,2,Male+Female,"Williams E, Scott JP. The development of social behavior patterns in the mouse, in relation to natural periods. Behaviour. 1953 Jan 1:35-65."
Stria Medullaris myelination (Onset),,30,Mus musculus,2,Male+Female,"Workman AD, Charvet CJ, Clancy B, Darlington RB, Finlay BL. Modeling transformations of neurodevelopmental sequences across mammalian species. Journal of Neuroscience. 2013 Apr 24;33(17):7368-83."
Stria terminalis appearance,,13.5,Mus musculus,2,Male+Female,"Workman AD, Charvet CJ, Clancy B, Darlington RB, Finlay BL. Modeling transformations of neurodevelopmental sequences across mammalian species. Journal of Neuroscience. 2013 Apr 24;33(17):7368-83."
Subicular cortex neurogenesis (Offset),,15,Mus musculus,2,Male+Female,"Workman AD, Charvet CJ, Clancy B, Darlington RB, Finlay BL. Modeling transformations of neurodevelopmental sequences across mammalian species. Journal of Neuroscience. 2013 Apr 24;33(17):7368-83."
Subicular cortex neurogenesis (Onset),,10,Mus musculus,2,Male+Female,"Workman AD, Charvet CJ, Clancy B, Darlington RB, Finlay BL. Modeling transformations of neurodevelopmental sequences across mammalian species. Journal of Neuroscience. 2013 Apr 24;33(17):7368-83."
Subplate (Peak),,11,Mus musculus,2,Male+Female,"Workman AD, Charvet CJ, Clancy B, Darlington RB, Finlay BL. Modeling transformations of neurodevelopmental sequences across mammalian species. Journal of Neuroscience. 2013 Apr 24;33(17):7368-83."
Subplate neurogenesis (Onset),,10,Mus musculus,2,Male+Female,"Workman AD, Charvet CJ, Clancy B, Darlington RB, Finlay BL. Modeling transformations of neurodevelopmental sequences across mammalian species. Journal of Neuroscience. 2013 Apr 24;33(17):7368-83."
Superior Cerebellar Peduncle myelination (Onset),,28,Mus musculus,2,Male+Female,"Workman AD, Charvet CJ, Clancy B, Darlington RB, Finlay BL. Modeling transformations of neurodevelopmental sequences across mammalian species. Journal of Neuroscience. 2013 Apr 24;33(17):7368-83."
Suprachiasmatic nucleus (Peak),,13,Mus musculus,2,Male+Female,"Workman AD, Charvet CJ, Clancy B, Darlington RB, Finlay BL. Modeling transformations of neurodevelopmental sequences across mammalian species. Journal of Neuroscience. 2013 Apr 24;33(17):7368-83."
Supraoccipital ossification (Onset),,15.725,Mus musculus,2,Male+Female,"Kanazawa E, Mochizuki K. The time and order of appearance of ossification centers in the hamster before birth. Jikken Dobutsu. 1974 Jul;23(3):113-22. doi: 10.1538/expanim1957.23.3_113. PMID: 4477064."
Surface righting (Onset),,21.5,Mus musculus,2,Male+Female,"Workman AD, Charvet CJ, Clancy B, Darlington RB, Finlay BL. Modeling transformations of neurodevelopmental sequences across mammalian species. Journal of Neuroscience. 2013 Apr 24;33(17):7368-83."
Surrounded nose openings (nostrils),,12.25,Mus musculus,2,Male+Female,"Werneburg I, Geiger M. Ontogeny of domestic dogs and the developmental foundations of carnivoran domestication. Journal of Mammalian Evolution. 2017 Sep;24:323-43."
Tail bud,,10,Mus musculus,2,Male+Female,"Bresee, C., Litman-Cleper, J., Clayton, C. J., & Krubitzer, L. (2024). Translating the Timing of Developmental Benchmarks in Short-Tailed Opossums (Monodelphisdomestica) to Facilitate Comparisons with Commonly Used Rodent Models. Brain Behav Evol, 99(2), 69-85. https://doi.org/10.1159/000538524"
Tail bud,,10.125,Mus musculus,2,Male+Female,"Werneburg I, Geiger M. Ontogeny of domestic dogs and the developmental foundations of carnivoran domestication. Journal of Mammalian Evolution. 2017 Sep;24:323-43."
Tail hairs,,22,Mus musculus,2,Male+Female,"Werneburg I, Geiger M. Ontogeny of domestic dogs and the developmental foundations of carnivoran domestication. Journal of Mammalian Evolution. 2017 Sep;24:323-43."
The torsion and looping process; aortic sac divided into two conducts (Offset),Captive,10.5,Mus musculus,2,Male+Female,"Marcela SG, Cristina RM, Angel PG, Manuel AM, Sofía DC, Patricia DL, Bladimir RR, Concepción SG. Chronological and morphological study of heart development in the rat. The Anatomical Record: Advances in Integrative Anatomy and Evolutionary Biology. 2012 Aug;295(8):1267-90."
Thoracic vertebrae ossification (Onset),,14.43,Mus musculus,2,Male+Female,"Kanazawa E, Mochizuki K. The time and order of appearance of ossification centers in the hamster before birth. Jikken Dobutsu. 1974 Jul;23(3):113-22. doi: 10.1538/expanim1957.23.3_113. PMID: 4477064."
Throat hairs,,22,Mus musculus,2,Male+Female,"Werneburg I, Geiger M. Ontogeny of domestic dogs and the developmental foundations of carnivoran domestication. Journal of Mammalian Evolution. 2017 Sep;24:323-43."
Tibia ossification (Onset),,14.43,Mus musculus,2,Male+Female,"Kanazawa E, Mochizuki K. The time and order of appearance of ossification centers in the hamster before birth. Jikken Dobutsu. 1974 Jul;23(3):113-22. doi: 10.1538/expanim1957.23.3_113. PMID: 4477064."
Tibia ossification (Onset),,16,Mus musculus,2,Male+Female,"Patton JT, Kaufman MH. The timing of ossification of the limb bones, and growth rates of various long bones of the fore and hind limbs of the prenatal and early postnatal laboratory mouse. Journal of anatomy. 1995 Feb;186(Pt 1):175."
Total RGC Spine Density (Peak),Captive,29.5,Mus musculus,2,Male+Female,Coombs J.L. Van Der List D. Chalupa L.M. Morphological properties of mouse retinal ganglion cells during postnatal development. J Comp Neurol 2007;503(6):803–14.
Two (second) branchial arches emerges,,9,Mus musculus,2,Male+Female,"Evans HE, Sack WO. Prenatal development of domestic and laboratory mammals: growth curves, external features and selected references. Zentralbl Veterinarmed C. 1973 Mar;2(1):11-45;"
Two (second) branchial arches emerges,,8.625,Mus musculus,2,Male+Female,"Werneburg I, Geiger M. Ontogeny of domestic dogs and the developmental foundations of carnivoran domestication. Journal of Mammalian Evolution. 2017 Sep;24:323-43."
Tympanics ossification (Onset),,14.8,Mus musculus,2,Male+Female,"Kanazawa E, Mochizuki K. The time and order of appearance of ossification centers in the hamster before birth. Jikken Dobutsu. 1974 Jul;23(3):113-22. doi: 10.1538/expanim1957.23.3_113. PMID: 4477064."
Ulna ossification (Onset),,14.43,Mus musculus,2,Male+Female,"Kanazawa E, Mochizuki K. The time and order of appearance of ossification centers in the hamster before birth. Jikken Dobutsu. 1974 Jul;23(3):113-22. doi: 10.1538/expanim1957.23.3_113. PMID: 4477064."
Female Sexual maturity is reached (sex selective),Captive,51,Mus musculus,2,Female,"Rice DC, Reeve EA, Herlihy A, Zoeller RT, Thompson WD, Markowski VP. Developmental delays and locomotor activity in the C57BL6/J mouse following neonatal exposure to the fully-brominated PBDE, decabromodiphenyl ether. Neurotoxicology and teratology. 2007 Jul 1;29(4):511-20."
Female Sexual maturity is reached (sex selective),Captive,38.5,Mus musculus,1,Female,"Yuan R, Meng Q, Nautiyal J, Flurkey K, Tsaih SW, Krier R, Parker MG, Harrison DE, Paigen B. Genetic coregulation of age ofFemale sexual maturation and lifespan through circulating IGF1 among inbred mouse strains. Proc Natl Acad Sci U S A. 2012 May 22;109(21):8224-9. Epub 2012 May 7."
Female Sexual maturity is reached (sex selective),Captive,53.5,Mus musculus,2,Female,"Yuan R, Meng Q, Nautiyal J, Flurkey K, Tsaih SW, Krier R, Parker MG, Harrison DE, Paigen B. Genetic coregulation of age ofFemale sexual maturation and lifespan through circulating IGF1 among inbred mouse strains. Proc Natl Acad Sci U S A. 2012 May 22;109(21):8224-9. Epub 2012 May 7."
Female Sexual maturity is reached (sex selective),Captive,69.5,Mus musculus,3,Female,"Yuan R, Meng Q, Nautiyal J, Flurkey K, Tsaih SW, Krier R, Parker MG, Harrison DE, Paigen B. Genetic coregulation of age ofFemale sexual maturation and lifespan through circulating IGF1 among inbred mouse strains. Proc Natl Acad Sci U S A. 2012 May 22;109(21):8224-9. Epub 2012 May 7."
Female Sexual maturity is reached (sex selective),Captive,46.9,Mus musculus,2,Female,"Yuan R, Meng Q, Nautiyal J, Flurkey K, Tsaih SW, Krier R, Parker MG, Harrison DE, Paigen B. Genetic coregulation of age ofFemale sexual maturation and lifespan through circulating IGF1 among inbred mouse strains. Proc Natl Acad Sci U S A. 2012 May 22;109(21):8224-9. Epub 2012 May 7."
Female Sexual maturity is reached (sex selective),Captive,49.2,Mus musculus,2,Female,"Yuan R, Meng Q, Nautiyal J, Flurkey K, Tsaih SW, Krier R, Parker MG, Harrison DE, Paigen B. Genetic coregulation of age ofFemale sexual maturation and lifespan through circulating IGF1 among inbred mouse strains. Proc Natl Acad Sci U S A. 2012 May 22;109(21):8224-9. Epub 2012 May 7."
Female Sexual maturity is reached (sex selective),Captive,46.8,Mus musculus,2,Female,"Yuan R, Meng Q, Nautiyal J, Flurkey K, Tsaih SW, Krier R, Parker MG, Harrison DE, Paigen B. Genetic coregulation of age ofFemale sexual maturation and lifespan through circulating IGF1 among inbred mouse strains. Proc Natl Acad Sci U S A. 2012 May 22;109(21):8224-9. Epub 2012 May 7."
Female Sexual maturity is reached (sex selective),Captive,51,Mus musculus,2,Female,"Yuan R, Meng Q, Nautiyal J, Flurkey K, Tsaih SW, Krier R, Parker MG, Harrison DE, Paigen B. Genetic coregulation of age ofFemale sexual maturation and lifespan through circulating IGF1 among inbred mouse strains. Proc Natl Acad Sci U S A. 2012 May 22;109(21):8224-9. Epub 2012 May 7."
Female Sexual maturity is reached (sex selective),Captive,54,Mus musculus,2,Female,"Yuan R, Meng Q, Nautiyal J, Flurkey K, Tsaih SW, Krier R, Parker MG, Harrison DE, Paigen B. Genetic coregulation of age ofFemale sexual maturation and lifespan through circulating IGF1 among inbred mouse strains. Proc Natl Acad Sci U S A. 2012 May 22;109(21):8224-9. Epub 2012 May 7."
Female Sexual maturity is reached (sex selective),Captive,44.9,Mus musculus,2,Female,"Yuan R, Meng Q, Nautiyal J, Flurkey K, Tsaih SW, Krier R, Parker MG, Harrison DE, Paigen B. Genetic coregulation of age ofFemale sexual maturation and lifespan through circulating IGF1 among inbred mouse strains. Proc Natl Acad Sci U S A. 2012 May 22;109(21):8224-9. Epub 2012 May 7."
Female Sexual maturity is reached (sex selective),Captive,47.9,Mus musculus,2,Female,"Yuan R, Meng Q, Nautiyal J, Flurkey K, Tsaih SW, Krier R, Parker MG, Harrison DE, Paigen B. Genetic coregulation of age ofFemale sexual maturation and lifespan through circulating IGF1 among inbred mouse strains. Proc Natl Acad Sci U S A. 2012 May 22;109(21):8224-9. Epub 2012 May 7."
Female Sexual maturity is reached (sex selective),Captive,50.2,Mus musculus,2,Female,"Yuan R, Meng Q, Nautiyal J, Flurkey K, Tsaih SW, Krier R, Parker MG, Harrison DE, Paigen B. Genetic coregulation of age ofFemale sexual maturation and lifespan through circulating IGF1 among inbred mouse strains. Proc Natl Acad Sci U S A. 2012 May 22;109(21):8224-9. Epub 2012 May 7."
Female Sexual maturity is reached (sex selective),Captive,52.8,Mus musculus,2,Female,"Yuan R, Meng Q, Nautiyal J, Flurkey K, Tsaih SW, Krier R, Parker MG, Harrison DE, Paigen B. Genetic coregulation of age ofFemale sexual maturation and lifespan through circulating IGF1 among inbred mouse strains. Proc Natl Acad Sci U S A. 2012 May 22;109(21):8224-9. Epub 2012 May 7."
Female Sexual maturity is reached (sex selective),Captive,50.1,Mus musculus,2,Female,"Yuan R, Meng Q, Nautiyal J, Flurkey K, Tsaih SW, Krier R, Parker MG, Harrison DE, Paigen B. Genetic coregulation of age ofFemale sexual maturation and lifespan through circulating IGF1 among inbred mouse strains. Proc Natl Acad Sci U S A. 2012 May 22;109(21):8224-9. Epub 2012 May 7."
Female Sexual maturity is reached (sex selective),Captive,51.4,Mus musculus,2,Female,"Yuan R, Meng Q, Nautiyal J, Flurkey K, Tsaih SW, Krier R, Parker MG, Harrison DE, Paigen B. Genetic coregulation of age ofFemale sexual maturation and lifespan through circulating IGF1 among inbred mouse strains. Proc Natl Acad Sci U S A. 2012 May 22;109(21):8224-9. Epub 2012 May 7."
Female Sexual maturity is reached (sex selective),Captive,45.9,Mus musculus,2,Female,"Yuan R, Meng Q, Nautiyal J, Flurkey K, Tsaih SW, Krier R, Parker MG, Harrison DE, Paigen B. Genetic coregulation of age ofFemale sexual maturation and lifespan through circulating IGF1 among inbred mouse strains. Proc Natl Acad Sci U S A. 2012 May 22;109(21):8224-9. Epub 2012 May 7."
Female Sexual maturity is reached (sex selective),Captive,57.7,Mus musculus,2,Female,"Yuan R, Meng Q, Nautiyal J, Flurkey K, Tsaih SW, Krier R, Parker MG, Harrison DE, Paigen B. Genetic coregulation of age ofFemale sexual maturation and lifespan through circulating IGF1 among inbred mouse strains. Proc Natl Acad Sci U S A. 2012 May 22;109(21):8224-9. Epub 2012 May 7."
Female Sexual maturity is reached (sex selective),Captive,46.9,Mus musculus,2,Female,"Yuan R, Meng Q, Nautiyal J, Flurkey K, Tsaih SW, Krier R, Parker MG, Harrison DE, Paigen B. Genetic coregulation of age ofFemale sexual maturation and lifespan through circulating IGF1 among inbred mouse strains. Proc Natl Acad Sci U S A. 2012 May 22;109(21):8224-9. Epub 2012 May 7."
Female Sexual maturity is reached (sex selective),Captive,56.2,Mus musculus,2,Female,"Yuan R, Meng Q, Nautiyal J, Flurkey K, Tsaih SW, Krier R, Parker MG, Harrison DE, Paigen B. Genetic coregulation of age ofFemale sexual maturation and lifespan through circulating IGF1 among inbred mouse strains. Proc Natl Acad Sci U S A. 2012 May 22;109(21):8224-9. Epub 2012 May 7."
Female Sexual maturity is reached (sex selective),Captive,44.4,Mus musculus,2,Female,"Yuan R, Meng Q, Nautiyal J, Flurkey K, Tsaih SW, Krier R, Parker MG, Harrison DE, Paigen B. Genetic coregulation of age ofFemale sexual maturation and lifespan through circulating IGF1 among inbred mouse strains. Proc Natl Acad Sci U S A. 2012 May 22;109(21):8224-9. Epub 2012 May 7."
Female Sexual maturity is reached (sex selective),Captive,54.4,Mus musculus,2,Female,"Yuan R, Meng Q, Nautiyal J, Flurkey K, Tsaih SW, Krier R, Parker MG, Harrison DE, Paigen B. Genetic coregulation of age ofFemale sexual maturation and lifespan through circulating IGF1 among inbred mouse strains. Proc Natl Acad Sci U S A. 2012 May 22;109(21):8224-9. Epub 2012 May 7."
Female Sexual maturity is reached (sex selective),Captive,49,Mus musculus,2,Female,"Yuan R, Meng Q, Nautiyal J, Flurkey K, Tsaih SW, Krier R, Parker MG, Harrison DE, Paigen B. Genetic coregulation of age ofFemale sexual maturation and lifespan through circulating IGF1 among inbred mouse strains. Proc Natl Acad Sci U S A. 2012 May 22;109(21):8224-9. Epub 2012 May 7."
Female Sexual maturity is reached (sex selective),Captive,53.1,Mus musculus,2,Female,"Yuan R, Meng Q, Nautiyal J, Flurkey K, Tsaih SW, Krier R, Parker MG, Harrison DE, Paigen B. Genetic coregulation of age ofFemale sexual maturation and lifespan through circulating IGF1 among inbred mouse strains. Proc Natl Acad Sci U S A. 2012 May 22;109(21):8224-9. Epub 2012 May 7."
Female Sexual maturity is reached (sex selective),Captive,54.1,Mus musculus,2,Female,"Yuan R, Meng Q, Nautiyal J, Flurkey K, Tsaih SW, Krier R, Parker MG, Harrison DE, Paigen B. Genetic coregulation of age ofFemale sexual maturation and lifespan through circulating IGF1 among inbred mouse strains. Proc Natl Acad Sci U S A. 2012 May 22;109(21):8224-9. Epub 2012 May 7."
Female Sexual maturity is reached (sex selective),Captive,47,Mus musculus,2,Female,"Yuan R, Meng Q, Nautiyal J, Flurkey K, Tsaih SW, Krier R, Parker MG, Harrison DE, Paigen B. Genetic coregulation of age ofFemale sexual maturation and lifespan through circulating IGF1 among inbred mouse strains. Proc Natl Acad Sci U S A. 2012 May 22;109(21):8224-9. Epub 2012 May 7."
Female Sexual maturity is reached (sex selective),Captive,46.8,Mus musculus,2,Female,"Yuan R, Meng Q, Nautiyal J, Flurkey K, Tsaih SW, Krier R, Parker MG, Harrison DE, Paigen B. Genetic coregulation of age ofFemale sexual maturation and lifespan through circulating IGF1 among inbred mouse strains. Proc Natl Acad Sci U S A. 2012 May 22;109(21):8224-9. Epub 2012 May 7."
Female Sexual maturity is reached (sex selective),Captive,43.4,Mus musculus,2,Female,"Yuan R, Meng Q, Nautiyal J, Flurkey K, Tsaih SW, Krier R, Parker MG, Harrison DE, Paigen B. Genetic coregulation of age ofFemale sexual maturation and lifespan through circulating IGF1 among inbred mouse strains. Proc Natl Acad Sci U S A. 2012 May 22;109(21):8224-9. Epub 2012 May 7."
Female Sexual maturity is reached (sex selective),Captive,50.2,Mus musculus,2,Female,"Yuan R, Meng Q, Nautiyal J, Flurkey K, Tsaih SW, Krier R, Parker MG, Harrison DE, Paigen B. Genetic coregulation of age ofFemale sexual maturation and lifespan through circulating IGF1 among inbred mouse strains. Proc Natl Acad Sci U S A. 2012 May 22;109(21):8224-9. Epub 2012 May 7."
Female Sexual maturity is reached (sex selective),Captive,49.5,Mus musculus,2,Female,"Yuan R, Meng Q, Nautiyal J, Flurkey K, Tsaih SW, Krier R, Parker MG, Harrison DE, Paigen B. Genetic coregulation of age ofFemale sexual maturation and lifespan through circulating IGF1 among inbred mouse strains. Proc Natl Acad Sci U S A. 2012 May 22;109(21):8224-9. Epub 2012 May 7."
Female Sexual maturity is reached (sex selective),Captive,51.6,Mus musculus,2,Female,"Yuan R, Meng Q, Nautiyal J, Flurkey K, Tsaih SW, Krier R, Parker MG, Harrison DE, Paigen B. Genetic coregulation of age ofFemale sexual maturation and lifespan through circulating IGF1 among inbred mouse strains. Proc Natl Acad Sci U S A. 2012 May 22;109(21):8224-9. Epub 2012 May 7."
Female Sexual maturity is reached (sex selective),Captive,57.7,Mus musculus,2,Female,"Yuan R, Meng Q, Nautiyal J, Flurkey K, Tsaih SW, Krier R, Parker MG, Harrison DE, Paigen B. Genetic coregulation of age ofFemale sexual maturation and lifespan through circulating IGF1 among inbred mouse strains. Proc Natl Acad Sci U S A. 2012 May 22;109(21):8224-9. Epub 2012 May 7."
Female Sexual maturity is reached (sex selective),Captive,61.4,Mus musculus,2,Female,"Yuan R, Meng Q, Nautiyal J, Flurkey K, Tsaih SW, Krier R, Parker MG, Harrison DE, Paigen B. Genetic coregulation of age ofFemale sexual maturation and lifespan through circulating IGF1 among inbred mouse strains. Proc Natl Acad Sci U S A. 2012 May 22;109(21):8224-9. Epub 2012 May 7."
Female Sexual maturity is reached (sex selective),Captive,50.9,Mus musculus,2,Female,"Yuan R, Meng Q, Nautiyal J, Flurkey K, Tsaih SW, Krier R, Parker MG, Harrison DE, Paigen B. Genetic coregulation of age ofFemale sexual maturation and lifespan through circulating IGF1 among inbred mouse strains. Proc Natl Acad Sci U S A. 2012 May 22;109(21):8224-9. Epub 2012 May 7."
Female Sexual maturity is reached (sex selective),Captive,53,Mus musculus,2,Female,"Yuan R, Meng Q, Nautiyal J, Flurkey K, Tsaih SW, Krier R, Parker MG, Harrison DE, Paigen B. Genetic coregulation of age ofFemale sexual maturation and lifespan through circulating IGF1 among inbred mouse strains. Proc Natl Acad Sci U S A. 2012 May 22;109(21):8224-9. Epub 2012 May 7."
Female Sexual maturity is reached (sex selective),Captive,54,Mus musculus,2,Female,"Yuan R, Meng Q, Nautiyal J, Flurkey K, Tsaih SW, Krier R, Parker MG, Harrison DE, Paigen B. Genetic coregulation of age ofFemale sexual maturation and lifespan through circulating IGF1 among inbred mouse strains. Proc Natl Acad Sci U S A. 2012 May 22;109(21):8224-9. Epub 2012 May 7."
Female Sexual maturity is reached (sex selective),Captive,46.2,Mus musculus,2,Female,"Yuan R, Meng Q, Nautiyal J, Flurkey K, Tsaih SW, Krier R, Parker MG, Harrison DE, Paigen B. Genetic coregulation of age ofFemale sexual maturation and lifespan through circulating IGF1 among inbred mouse strains. Proc Natl Acad Sci U S A. 2012 May 22;109(21):8224-9. Epub 2012 May 7."
Female Sexual maturity is reached (sex selective),Captive,58,Mus musculus,2,Female,"Yuan R, Meng Q, Nautiyal J, Flurkey K, Tsaih SW, Krier R, Parker MG, Harrison DE, Paigen B. Genetic coregulation of age ofFemale sexual maturation and lifespan through circulating IGF1 among inbred mouse strains. Proc Natl Acad Sci U S A. 2012 May 22;109(21):8224-9. Epub 2012 May 7."
Female Sexual maturity is reached (sex selective),Captive,41.5,Mus musculus,1,Female,"Yuan R, Meng Q, Nautiyal J, Flurkey K, Tsaih SW, Krier R, Parker MG, Harrison DE, Paigen B. Genetic coregulation of age ofFemale sexual maturation and lifespan through circulating IGF1 among inbred mouse strains. Proc Natl Acad Sci U S A. 2012 May 22;109(21):8224-9. Epub 2012 May 7."
Female Sexual maturity is reached (sex selective),Captive,38.5,Mus musculus,1,Female,"Yuan R, Meng Q, Nautiyal J, Flurkey K, Tsaih SW, Krier R, Parker MG, Harrison DE, Paigen B. Genetic coregulation of age ofFemale sexual maturation and lifespan through circulating IGF1 among inbred mouse strains. Proc Natl Acad Sci U S A. 2012 May 22;109(21):8224-9. Epub 2012 May 7."
Female Sexual maturity is reached (sex selective),Captive,41.5,Mus musculus,1,Female,"Yuan R, Meng Q, Nautiyal J, Flurkey K, Tsaih SW, Krier R, Parker MG, Harrison DE, Paigen B. Genetic coregulation of age ofFemale sexual maturation and lifespan through circulating IGF1 among inbred mouse strains. Proc Natl Acad Sci U S A. 2012 May 22;109(21):8224-9. Epub 2012 May 7."
Female Sexual maturity is reached (sex selective),Captive,45.5,Mus musculus,1,Female,"Yuan R, Meng Q, Nautiyal J, Flurkey K, Tsaih SW, Krier R, Parker MG, Harrison DE, Paigen B. Genetic coregulation of age ofFemale sexual maturation and lifespan through circulating IGF1 among inbred mouse strains. Proc Natl Acad Sci U S A. 2012 May 22;109(21):8224-9. Epub 2012 May 7."
Female Sexual maturity is reached (sex selective),Captive,49.5,Mus musculus,1,Female,"Yuan R, Meng Q, Nautiyal J, Flurkey K, Tsaih SW, Krier R, Parker MG, Harrison DE, Paigen B. Genetic coregulation of age ofFemale sexual maturation and lifespan through circulating IGF1 among inbred mouse strains. Proc Natl Acad Sci U S A. 2012 May 22;109(21):8224-9. Epub 2012 May 7."
Female Sexual maturity is reached (sex selective),Captive,39.5,Mus musculus,1,Female,"Yuan R, Meng Q, Nautiyal J, Flurkey K, Tsaih SW, Krier R, Parker MG, Harrison DE, Paigen B. Genetic coregulation of age ofFemale sexual maturation and lifespan through circulating IGF1 among inbred mouse strains. Proc Natl Acad Sci U S A. 2012 May 22;109(21):8224-9. Epub 2012 May 7."
Female Sexual maturity is reached (sex selective),Captive,42.5,Mus musculus,1,Female,"Yuan R, Meng Q, Nautiyal J, Flurkey K, Tsaih SW, Krier R, Parker MG, Harrison DE, Paigen B. Genetic coregulation of age ofFemale sexual maturation and lifespan through circulating IGF1 among inbred mouse strains. Proc Natl Acad Sci U S A. 2012 May 22;109(21):8224-9. Epub 2012 May 7."
Female Sexual maturity is reached (sex selective),Captive,39.5,Mus musculus,1,Female,"Yuan R, Meng Q, Nautiyal J, Flurkey K, Tsaih SW, Krier R, Parker MG, Harrison DE, Paigen B. Genetic coregulation of age ofFemale sexual maturation and lifespan through circulating IGF1 among inbred mouse strains. Proc Natl Acad Sci U S A. 2012 May 22;109(21):8224-9. Epub 2012 May 7."
Female Sexual maturity is reached (sex selective),Captive,41.5,Mus musculus,1,Female,"Yuan R, Meng Q, Nautiyal J, Flurkey K, Tsaih SW, Krier R, Parker MG, Harrison DE, Paigen B. Genetic coregulation of age ofFemale sexual maturation and lifespan through circulating IGF1 among inbred mouse strains. Proc Natl Acad Sci U S A. 2012 May 22;109(21):8224-9. Epub 2012 May 7."
Female Sexual maturity is reached (sex selective),Captive,46.5,Mus musculus,1,Female,"Yuan R, Meng Q, Nautiyal J, Flurkey K, Tsaih SW, Krier R, Parker MG, Harrison DE, Paigen B. Genetic coregulation of age ofFemale sexual maturation and lifespan through circulating IGF1 among inbred mouse strains. Proc Natl Acad Sci U S A. 2012 May 22;109(21):8224-9. Epub 2012 May 7."
Female Sexual maturity is reached (sex selective),Captive,45.5,Mus musculus,1,Female,"Yuan R, Meng Q, Nautiyal J, Flurkey K, Tsaih SW, Krier R, Parker MG, Harrison DE, Paigen B. Genetic coregulation of age ofFemale sexual maturation and lifespan through circulating IGF1 among inbred mouse strains. Proc Natl Acad Sci U S A. 2012 May 22;109(21):8224-9. Epub 2012 May 7."
Female Sexual maturity is reached (sex selective),Captive,43.5,Mus musculus,1,Female,"Yuan R, Meng Q, Nautiyal J, Flurkey K, Tsaih SW, Krier R, Parker MG, Harrison DE, Paigen B. Genetic coregulation of age ofFemale sexual maturation and lifespan through circulating IGF1 among inbred mouse strains. Proc Natl Acad Sci U S A. 2012 May 22;109(21):8224-9. Epub 2012 May 7."
Female Sexual maturity is reached (sex selective),Captive,48.5,Mus musculus,1,Female,"Yuan R, Meng Q, Nautiyal J, Flurkey K, Tsaih SW, Krier R, Parker MG, Harrison DE, Paigen B. Genetic coregulation of age ofFemale sexual maturation and lifespan through circulating IGF1 among inbred mouse strains. Proc Natl Acad Sci U S A. 2012 May 22;109(21):8224-9. Epub 2012 May 7."
Female Sexual maturity is reached (sex selective),Captive,39.5,Mus musculus,1,Female,"Yuan R, Meng Q, Nautiyal J, Flurkey K, Tsaih SW, Krier R, Parker MG, Harrison DE, Paigen B. Genetic coregulation of age ofFemale sexual maturation and lifespan through circulating IGF1 among inbred mouse strains. Proc Natl Acad Sci U S A. 2012 May 22;109(21):8224-9. Epub 2012 May 7."
Female Sexual maturity is reached (sex selective),Captive,46.5,Mus musculus,1,Female,"Yuan R, Meng Q, Nautiyal J, Flurkey K, Tsaih SW, Krier R, Parker MG, Harrison DE, Paigen B. Genetic coregulation of age ofFemale sexual maturation and lifespan through circulating IGF1 among inbred mouse strains. Proc Natl Acad Sci U S A. 2012 May 22;109(21):8224-9. Epub 2012 May 7."
Female Sexual maturity is reached (sex selective),Captive,40.5,Mus musculus,1,Female,"Yuan R, Meng Q, Nautiyal J, Flurkey K, Tsaih SW, Krier R, Parker MG, Harrison DE, Paigen B. Genetic coregulation of age ofFemale sexual maturation and lifespan through circulating IGF1 among inbred mouse strains. Proc Natl Acad Sci U S A. 2012 May 22;109(21):8224-9. Epub 2012 May 7."
Female Sexual maturity is reached (sex selective),Captive,52.5,Mus musculus,1,Female,"Yuan R, Meng Q, Nautiyal J, Flurkey K, Tsaih SW, Krier R, Parker MG, Harrison DE, Paigen B. Genetic coregulation of age ofFemale sexual maturation and lifespan through circulating IGF1 among inbred mouse strains. Proc Natl Acad Sci U S A. 2012 May 22;109(21):8224-9. Epub 2012 May 7."
Female Sexual maturity is reached (sex selective),Captive,42.5,Mus musculus,1,Female,"Yuan R, Meng Q, Nautiyal J, Flurkey K, Tsaih SW, Krier R, Parker MG, Harrison DE, Paigen B. Genetic coregulation of age ofFemale sexual maturation and lifespan through circulating IGF1 among inbred mouse strains. Proc Natl Acad Sci U S A. 2012 May 22;109(21):8224-9. Epub 2012 May 7."
Female Sexual maturity is reached (sex selective),Captive,47.5,Mus musculus,1,Female,"Yuan R, Meng Q, Nautiyal J, Flurkey K, Tsaih SW, Krier R, Parker MG, Harrison DE, Paigen B. Genetic coregulation of age ofFemale sexual maturation and lifespan through circulating IGF1 among inbred mouse strains. Proc Natl Acad Sci U S A. 2012 May 22;109(21):8224-9. Epub 2012 May 7."
Female Sexual maturity is reached (sex selective),Captive,45.5,Mus musculus,1,Female,"Yuan R, Meng Q, Nautiyal J, Flurkey K, Tsaih SW, Krier R, Parker MG, Harrison DE, Paigen B. Genetic coregulation of age ofFemale sexual maturation and lifespan through circulating IGF1 among inbred mouse strains. Proc Natl Acad Sci U S A. 2012 May 22;109(21):8224-9. Epub 2012 May 7."
Female Sexual maturity is reached (sex selective),Captive,42.5,Mus musculus,1,Female,"Yuan R, Meng Q, Nautiyal J, Flurkey K, Tsaih SW, Krier R, Parker MG, Harrison DE, Paigen B. Genetic coregulation of age ofFemale sexual maturation and lifespan through circulating IGF1 among inbred mouse strains. Proc Natl Acad Sci U S A. 2012 May 22;109(21):8224-9. Epub 2012 May 7."
Female Sexual maturity is reached (sex selective),Captive,41.5,Mus musculus,1,Female,"Yuan R, Meng Q, Nautiyal J, Flurkey K, Tsaih SW, Krier R, Parker MG, Harrison DE, Paigen B. Genetic coregulation of age ofFemale sexual maturation and lifespan through circulating IGF1 among inbred mouse strains. Proc Natl Acad Sci U S A. 2012 May 22;109(21):8224-9. Epub 2012 May 7."
Female Sexual maturity is reached (sex selective),Captive,40.5,Mus musculus,1,Female,"Yuan R, Meng Q, Nautiyal J, Flurkey K, Tsaih SW, Krier R, Parker MG, Harrison DE, Paigen B. Genetic coregulation of age ofFemale sexual maturation and lifespan through circulating IGF1 among inbred mouse strains. Proc Natl Acad Sci U S A. 2012 May 22;109(21):8224-9. Epub 2012 May 7."
Female Sexual maturity is reached (sex selective),Captive,45.5,Mus musculus,1,Female,"Yuan R, Meng Q, Nautiyal J, Flurkey K, Tsaih SW, Krier R, Parker MG, Harrison DE, Paigen B. Genetic coregulation of age ofFemale sexual maturation and lifespan through circulating IGF1 among inbred mouse strains. Proc Natl Acad Sci U S A. 2012 May 22;109(21):8224-9. Epub 2012 May 7."
Female Sexual maturity is reached (sex selective),Captive,48.5,Mus musculus,1,Female,"Yuan R, Meng Q, Nautiyal J, Flurkey K, Tsaih SW, Krier R, Parker MG, Harrison DE, Paigen B. Genetic coregulation of age ofFemale sexual maturation and lifespan through circulating IGF1 among inbred mouse strains. Proc Natl Acad Sci U S A. 2012 May 22;109(21):8224-9. Epub 2012 May 7."
Female Sexual maturity is reached (sex selective),Captive,49.5,Mus musculus,1,Female,"Yuan R, Meng Q, Nautiyal J, Flurkey K, Tsaih SW, Krier R, Parker MG, Harrison DE, Paigen B. Genetic coregulation of age ofFemale sexual maturation and lifespan through circulating IGF1 among inbred mouse strains. Proc Natl Acad Sci U S A. 2012 May 22;109(21):8224-9. Epub 2012 May 7."
Female Sexual maturity is reached (sex selective),Captive,51.5,Mus musculus,1,Female,"Yuan R, Meng Q, Nautiyal J, Flurkey K, Tsaih SW, Krier R, Parker MG, Harrison DE, Paigen B. Genetic coregulation of age ofFemale sexual maturation and lifespan through circulating IGF1 among inbred mouse strains. Proc Natl Acad Sci U S A. 2012 May 22;109(21):8224-9. Epub 2012 May 7."
Female Sexual maturity is reached (sex selective),Captive,52.5,Mus musculus,1,Female,"Yuan R, Meng Q, Nautiyal J, Flurkey K, Tsaih SW, Krier R, Parker MG, Harrison DE, Paigen B. Genetic coregulation of age ofFemale sexual maturation and lifespan through circulating IGF1 among inbred mouse strains. Proc Natl Acad Sci U S A. 2012 May 22;109(21):8224-9. Epub 2012 May 7."
Female Sexual maturity is reached (sex selective),Captive,48.5,Mus musculus,1,Female,"Yuan R, Meng Q, Nautiyal J, Flurkey K, Tsaih SW, Krier R, Parker MG, Harrison DE, Paigen B. Genetic coregulation of age ofFemale sexual maturation and lifespan through circulating IGF1 among inbred mouse strains. Proc Natl Acad Sci U S A. 2012 May 22;109(21):8224-9. Epub 2012 May 7."
Female Sexual maturity is reached (sex selective),Captive,38.5,Mus musculus,1,Female,"Yuan R, Meng Q, Nautiyal J, Flurkey K, Tsaih SW, Krier R, Parker MG, Harrison DE, Paigen B. Genetic coregulation of age ofFemale sexual maturation and lifespan through circulating IGF1 among inbred mouse strains. Proc Natl Acad Sci U S A. 2012 May 22;109(21):8224-9. Epub 2012 May 7."
Female Sexual maturity is reached (sex selective),Captive,47.5,Mus musculus,1,Female,"Yuan R, Meng Q, Nautiyal J, Flurkey K, Tsaih SW, Krier R, Parker MG, Harrison DE, Paigen B. Genetic coregulation of age ofFemale sexual maturation and lifespan through circulating IGF1 among inbred mouse strains. Proc Natl Acad Sci U S A. 2012 May 22;109(21):8224-9. Epub 2012 May 7."
Female Sexual maturity is reached (sex selective),Captive,41.5,Mus musculus,1,Female,"Yuan R, Meng Q, Nautiyal J, Flurkey K, Tsaih SW, Krier R, Parker MG, Harrison DE, Paigen B. Genetic coregulation of age ofFemale sexual maturation and lifespan through circulating IGF1 among inbred mouse strains. Proc Natl Acad Sci U S A. 2012 May 22;109(21):8224-9. Epub 2012 May 7."
Female Sexual maturity is reached (sex selective),Captive,49.5,Mus musculus,1,Female,"Yuan R, Meng Q, Nautiyal J, Flurkey K, Tsaih SW, Krier R, Parker MG, Harrison DE, Paigen B. Genetic coregulation of age ofFemale sexual maturation and lifespan through circulating IGF1 among inbred mouse strains. Proc Natl Acad Sci U S A. 2012 May 22;109(21):8224-9. Epub 2012 May 7."
Female Sexual maturity is reached (sex selective),Captive,53.5,Mus musculus,3,Female,"Yuan R, Meng Q, Nautiyal J, Flurkey K, Tsaih SW, Krier R, Parker MG, Harrison DE, Paigen B. Genetic coregulation of age ofFemale sexual maturation and lifespan through circulating IGF1 among inbred mouse strains. Proc Natl Acad Sci U S A. 2012 May 22;109(21):8224-9. Epub 2012 May 7."
Female Sexual maturity is reached (sex selective),Captive,60.5,Mus musculus,3,Female,"Yuan R, Meng Q, Nautiyal J, Flurkey K, Tsaih SW, Krier R, Parker MG, Harrison DE, Paigen B. Genetic coregulation of age ofFemale sexual maturation and lifespan through circulating IGF1 among inbred mouse strains. Proc Natl Acad Sci U S A. 2012 May 22;109(21):8224-9. Epub 2012 May 7."
Female Sexual maturity is reached (sex selective),Captive,49.5,Mus musculus,3,Female,"Yuan R, Meng Q, Nautiyal J, Flurkey K, Tsaih SW, Krier R, Parker MG, Harrison DE, Paigen B. Genetic coregulation of age ofFemale sexual maturation and lifespan through circulating IGF1 among inbred mouse strains. Proc Natl Acad Sci U S A. 2012 May 22;109(21):8224-9. Epub 2012 May 7."
Female Sexual maturity is reached (sex selective),Captive,56.5,Mus musculus,3,Female,"Yuan R, Meng Q, Nautiyal J, Flurkey K, Tsaih SW, Krier R, Parker MG, Harrison DE, Paigen B. Genetic coregulation of age ofFemale sexual maturation and lifespan through circulating IGF1 among inbred mouse strains. Proc Natl Acad Sci U S A. 2012 May 22;109(21):8224-9. Epub 2012 May 7."
Female Sexual maturity is reached (sex selective),Captive,58.5,Mus musculus,3,Female,"Yuan R, Meng Q, Nautiyal J, Flurkey K, Tsaih SW, Krier R, Parker MG, Harrison DE, Paigen B. Genetic coregulation of age ofFemale sexual maturation and lifespan through circulating IGF1 among inbred mouse strains. Proc Natl Acad Sci U S A. 2012 May 22;109(21):8224-9. Epub 2012 May 7."
Female Sexual maturity is reached (sex selective),Captive,53.5,Mus musculus,3,Female,"Yuan R, Meng Q, Nautiyal J, Flurkey K, Tsaih SW, Krier R, Parker MG, Harrison DE, Paigen B. Genetic coregulation of age ofFemale sexual maturation and lifespan through circulating IGF1 among inbred mouse strains. Proc Natl Acad Sci U S A. 2012 May 22;109(21):8224-9. Epub 2012 May 7."
Female Sexual maturity is reached (sex selective),Captive,59.5,Mus musculus,3,Female,"Yuan R, Meng Q, Nautiyal J, Flurkey K, Tsaih SW, Krier R, Parker MG, Harrison DE, Paigen B. Genetic coregulation of age ofFemale sexual maturation and lifespan through circulating IGF1 among inbred mouse strains. Proc Natl Acad Sci U S A. 2012 May 22;109(21):8224-9. Epub 2012 May 7."
Female Sexual maturity is reached (sex selective),Captive,62.5,Mus musculus,3,Female,"Yuan R, Meng Q, Nautiyal J, Flurkey K, Tsaih SW, Krier R, Parker MG, Harrison DE, Paigen B. Genetic coregulation of age ofFemale sexual maturation and lifespan through circulating IGF1 among inbred mouse strains. Proc Natl Acad Sci U S A. 2012 May 22;109(21):8224-9. Epub 2012 May 7."
Female Sexual maturity is reached (sex selective),Captive,67.5,Mus musculus,3,Female,"Yuan R, Meng Q, Nautiyal J, Flurkey K, Tsaih SW, Krier R, Parker MG, Harrison DE, Paigen B. Genetic coregulation of age ofFemale sexual maturation and lifespan through circulating IGF1 among inbred mouse strains. Proc Natl Acad Sci U S A. 2012 May 22;109(21):8224-9. Epub 2012 May 7."
Female Sexual maturity is reached (sex selective),Captive,56.5,Mus musculus,3,Female,"Yuan R, Meng Q, Nautiyal J, Flurkey K, Tsaih SW, Krier R, Parker MG, Harrison DE, Paigen B. Genetic coregulation of age ofFemale sexual maturation and lifespan through circulating IGF1 among inbred mouse strains. Proc Natl Acad Sci U S A. 2012 May 22;109(21):8224-9. Epub 2012 May 7."
Female Sexual maturity is reached (sex selective),Captive,60.5,Mus musculus,3,Female,"Yuan R, Meng Q, Nautiyal J, Flurkey K, Tsaih SW, Krier R, Parker MG, Harrison DE, Paigen B. Genetic coregulation of age ofFemale sexual maturation and lifespan through circulating IGF1 among inbred mouse strains. Proc Natl Acad Sci U S A. 2012 May 22;109(21):8224-9. Epub 2012 May 7."
Female Sexual maturity is reached (sex selective),Captive,48.5,Mus musculus,3,Female,"Yuan R, Meng Q, Nautiyal J, Flurkey K, Tsaih SW, Krier R, Parker MG, Harrison DE, Paigen B. Genetic coregulation of age ofFemale sexual maturation and lifespan through circulating IGF1 among inbred mouse strains. Proc Natl Acad Sci U S A. 2012 May 22;109(21):8224-9. Epub 2012 May 7."
Female Sexual maturity is reached (sex selective),Captive,66.5,Mus musculus,3,Female,"Yuan R, Meng Q, Nautiyal J, Flurkey K, Tsaih SW, Krier R, Parker MG, Harrison DE, Paigen B. Genetic coregulation of age ofFemale sexual maturation and lifespan through circulating IGF1 among inbred mouse strains. Proc Natl Acad Sci U S A. 2012 May 22;109(21):8224-9. Epub 2012 May 7."
Female Sexual maturity is reached (sex selective),Captive,55.5,Mus musculus,3,Female,"Yuan R, Meng Q, Nautiyal J, Flurkey K, Tsaih SW, Krier R, Parker MG, Harrison DE, Paigen B. Genetic coregulation of age ofFemale sexual maturation and lifespan through circulating IGF1 among inbred mouse strains. Proc Natl Acad Sci U S A. 2012 May 22;109(21):8224-9. Epub 2012 May 7."
Female Sexual maturity is reached (sex selective),Captive,63.5,Mus musculus,3,Female,"Yuan R, Meng Q, Nautiyal J, Flurkey K, Tsaih SW, Krier R, Parker MG, Harrison DE, Paigen B. Genetic coregulation of age ofFemale sexual maturation and lifespan through circulating IGF1 among inbred mouse strains. Proc Natl Acad Sci U S A. 2012 May 22;109(21):8224-9. Epub 2012 May 7."
Female Sexual maturity is reached (sex selective),Captive,55.5,Mus musculus,3,Female,"Yuan R, Meng Q, Nautiyal J, Flurkey K, Tsaih SW, Krier R, Parker MG, Harrison DE, Paigen B. Genetic coregulation of age ofFemale sexual maturation and lifespan through circulating IGF1 among inbred mouse strains. Proc Natl Acad Sci U S A. 2012 May 22;109(21):8224-9. Epub 2012 May 7."
Female Sexual maturity is reached (sex selective),Captive,56.5,Mus musculus,3,Female,"Yuan R, Meng Q, Nautiyal J, Flurkey K, Tsaih SW, Krier R, Parker MG, Harrison DE, Paigen B. Genetic coregulation of age ofFemale sexual maturation and lifespan through circulating IGF1 among inbred mouse strains. Proc Natl Acad Sci U S A. 2012 May 22;109(21):8224-9. Epub 2012 May 7."
Female Sexual maturity is reached (sex selective),Captive,54.5,Mus musculus,3,Female,"Yuan R, Meng Q, Nautiyal J, Flurkey K, Tsaih SW, Krier R, Parker MG, Harrison DE, Paigen B. Genetic coregulation of age ofFemale sexual maturation and lifespan through circulating IGF1 among inbred mouse strains. Proc Natl Acad Sci U S A. 2012 May 22;109(21):8224-9. Epub 2012 May 7."
Female Sexual maturity is reached (sex selective),Captive,62.5,Mus musculus,3,Female,"Yuan R, Meng Q, Nautiyal J, Flurkey K, Tsaih SW, Krier R, Parker MG, Harrison DE, Paigen B. Genetic coregulation of age ofFemale sexual maturation and lifespan through circulating IGF1 among inbred mouse strains. Proc Natl Acad Sci U S A. 2012 May 22;109(21):8224-9. Epub 2012 May 7."
Female Sexual maturity is reached (sex selective),Captive,66.5,Mus musculus,3,Female,"Yuan R, Meng Q, Nautiyal J, Flurkey K, Tsaih SW, Krier R, Parker MG, Harrison DE, Paigen B. Genetic coregulation of age ofFemale sexual maturation and lifespan through circulating IGF1 among inbred mouse strains. Proc Natl Acad Sci U S A. 2012 May 22;109(21):8224-9. Epub 2012 May 7."
Female Sexual maturity is reached (sex selective),Captive,50.5,Mus musculus,3,Female,"Yuan R, Meng Q, Nautiyal J, Flurkey K, Tsaih SW, Krier R, Parker MG, Harrison DE, Paigen B. Genetic coregulation of age ofFemale sexual maturation and lifespan through circulating IGF1 among inbred mouse strains. Proc Natl Acad Sci U S A. 2012 May 22;109(21):8224-9. Epub 2012 May 7."
Female Sexual maturity is reached (sex selective),Captive,53.5,Mus musculus,3,Female,"Yuan R, Meng Q, Nautiyal J, Flurkey K, Tsaih SW, Krier R, Parker MG, Harrison DE, Paigen B. Genetic coregulation of age ofFemale sexual maturation and lifespan through circulating IGF1 among inbred mouse strains. Proc Natl Acad Sci U S A. 2012 May 22;109(21):8224-9. Epub 2012 May 7."
Female Sexual maturity is reached (sex selective),Captive,46.5,Mus musculus,3,Female,"Yuan R, Meng Q, Nautiyal J, Flurkey K, Tsaih SW, Krier R, Parker MG, Harrison DE, Paigen B. Genetic coregulation of age ofFemale sexual maturation and lifespan through circulating IGF1 among inbred mouse strains. Proc Natl Acad Sci U S A. 2012 May 22;109(21):8224-9. Epub 2012 May 7."
Female Sexual maturity is reached (sex selective),Captive,57.5,Mus musculus,3,Female,"Yuan R, Meng Q, Nautiyal J, Flurkey K, Tsaih SW, Krier R, Parker MG, Harrison DE, Paigen B. Genetic coregulation of age ofFemale sexual maturation and lifespan through circulating IGF1 among inbred mouse strains. Proc Natl Acad Sci U S A. 2012 May 22;109(21):8224-9. Epub 2012 May 7."
Female Sexual maturity is reached (sex selective),Captive,50.5,Mus musculus,3,Female,"Yuan R, Meng Q, Nautiyal J, Flurkey K, Tsaih SW, Krier R, Parker MG, Harrison DE, Paigen B. Genetic coregulation of age ofFemale sexual maturation and lifespan through circulating IGF1 among inbred mouse strains. Proc Natl Acad Sci U S A. 2012 May 22;109(21):8224-9. Epub 2012 May 7."
Female Sexual maturity is reached (sex selective),Captive,53.5,Mus musculus,3,Female,"Yuan R, Meng Q, Nautiyal J, Flurkey K, Tsaih SW, Krier R, Parker MG, Harrison DE, Paigen B. Genetic coregulation of age ofFemale sexual maturation and lifespan through circulating IGF1 among inbred mouse strains. Proc Natl Acad Sci U S A. 2012 May 22;109(21):8224-9. Epub 2012 May 7."
Female Sexual maturity is reached (sex selective),Captive,64.5,Mus musculus,3,Female,"Yuan R, Meng Q, Nautiyal J, Flurkey K, Tsaih SW, Krier R, Parker MG, Harrison DE, Paigen B. Genetic coregulation of age ofFemale sexual maturation and lifespan through circulating IGF1 among inbred mouse strains. Proc Natl Acad Sci U S A. 2012 May 22;109(21):8224-9. Epub 2012 May 7."
Female Sexual maturity is reached (sex selective),Captive,69.5,Mus musculus,3,Female,"Yuan R, Meng Q, Nautiyal J, Flurkey K, Tsaih SW, Krier R, Parker MG, Harrison DE, Paigen B. Genetic coregulation of age ofFemale sexual maturation and lifespan through circulating IGF1 among inbred mouse strains. Proc Natl Acad Sci U S A. 2012 May 22;109(21):8224-9. Epub 2012 May 7."
Female Sexual maturity is reached (sex selective),Captive,53.5,Mus musculus,3,Female,"Yuan R, Meng Q, Nautiyal J, Flurkey K, Tsaih SW, Krier R, Parker MG, Harrison DE, Paigen B. Genetic coregulation of age ofFemale sexual maturation and lifespan through circulating IGF1 among inbred mouse strains. Proc Natl Acad Sci U S A. 2012 May 22;109(21):8224-9. Epub 2012 May 7."
Female Sexual maturity is reached (sex selective),Captive,62.5,Mus musculus,3,Female,"Yuan R, Meng Q, Nautiyal J, Flurkey K, Tsaih SW, Krier R, Parker MG, Harrison DE, Paigen B. Genetic coregulation of age ofFemale sexual maturation and lifespan through circulating IGF1 among inbred mouse strains. Proc Natl Acad Sci U S A. 2012 May 22;109(21):8224-9. Epub 2012 May 7."
Female Sexual maturity is reached (sex selective),Captive,66.5,Mus musculus,3,Female,"Yuan R, Meng Q, Nautiyal J, Flurkey K, Tsaih SW, Krier R, Parker MG, Harrison DE, Paigen B. Genetic coregulation of age ofFemale sexual maturation and lifespan through circulating IGF1 among inbred mouse strains. Proc Natl Acad Sci U S A. 2012 May 22;109(21):8224-9. Epub 2012 May 7."
Female Sexual maturity is reached (sex selective),Captive,52.5,Mus musculus,3,Female,"Yuan R, Meng Q, Nautiyal J, Flurkey K, Tsaih SW, Krier R, Parker MG, Harrison DE, Paigen B. Genetic coregulation of age ofFemale sexual maturation and lifespan through circulating IGF1 among inbred mouse strains. Proc Natl Acad Sci U S A. 2012 May 22;109(21):8224-9. Epub 2012 May 7."
Female Sexual maturity is reached (sex selective),Captive,68.5,Mus musculus,3,Female,"Yuan R, Meng Q, Nautiyal J, Flurkey K, Tsaih SW, Krier R, Parker MG, Harrison DE, Paigen B. Genetic coregulation of age ofFemale sexual maturation and lifespan through circulating IGF1 among inbred mouse strains. Proc Natl Acad Sci U S A. 2012 May 22;109(21):8224-9. Epub 2012 May 7."
Ventral lateral geniculate nucleus (Peak),,11.5,Mus musculus,2,Male+Female,"Workman AD, Charvet CJ, Clancy B, Darlington RB, Finlay BL. Modeling transformations of neurodevelopmental sequences across mammalian species. Journal of Neuroscience. 2013 Apr 24;33(17):7368-83."
Visual placing is mature 100% (forelimbs extend to a surface),,37.5,Mus musculus,2,Male+Female,"Workman AD, Charvet CJ, Clancy B, Darlington RB, Finlay BL. Modeling transformations of neurodevelopmental sequences across mammalian species. Journal of Neuroscience. 2013 Apr 24;33(17):7368-83."
Vomer ossification (Onset),,14.43,Mus musculus,2,Male+Female,"Kanazawa E, Mochizuki K. The time and order of appearance of ossification centers in the hamster before birth. Jikken Dobutsu. 1974 Jul;23(3):113-22. doi: 10.1538/expanim1957.23.3_113. PMID: 4477064."
Walk development,,29.5,Mus musculus,2,Male+Female,"Workman AD, Charvet CJ, Clancy B, Darlington RB, Finlay BL. Modeling transformations of neurodevelopmental sequences across mammalian species. Journal of Neuroscience. 2013 Apr 24;33(17):7368-83."
Weaning,,44.44,Mus musculus,2,Male+Female,"Gray MM, Parmenter MD, Hogan CA, Ford I, Cuthbert RJ, Ryan PG, Broman KW, Payseur BA (2015) Genetics of rapid and extreme size evolution in island mice. Genetics 201:213-228"
Weaning,,45.5,Mus musculus,2,Male+Female,"Gray MM, Parmenter MD, Hogan CA, Ford I, Cuthbert RJ, Ryan PG, Broman KW, Payseur BA (2015) Genetics of rapid and extreme size evolution in island mice. Genetics 201:213-228"
Weaning,,37.5,Mus musculus,1,Male+Female,"Gray MM, Parmenter MD, Hogan CA, Ford I, Cuthbert RJ, Ryan PG, Broman KW, Payseur BA (2015) Genetics of rapid and extreme size evolution in island mice. Genetics 201:213-228"
Weaning,,44.36,Mus musculus,2,Female,"Gray MM, Parmenter MD, Hogan CA, Ford I, Cuthbert RJ, Ryan PG, Broman KW, Payseur BA (2015) Genetics of rapid and extreme size evolution in island mice. Genetics 201:213-228"
Weaning,,45.5,Mus musculus,2,Female,"Gray MM, Parmenter MD, Hogan CA, Ford I, Cuthbert RJ, Ryan PG, Broman KW, Payseur BA (2015) Genetics of rapid and extreme size evolution in island mice. Genetics 201:213-228"
Weaning,,37.5,Mus musculus,1,Female,"Gray MM, Parmenter MD, Hogan CA, Ford I, Cuthbert RJ, Ryan PG, Broman KW, Payseur BA (2015) Genetics of rapid and extreme size evolution in island mice. Genetics 201:213-228"
Weaning,,53.5,Mus musculus,3,Female,"Gray MM, Parmenter MD, Hogan CA, Ford I, Cuthbert RJ, Ryan PG, Broman KW, Payseur BA (2015) Genetics of rapid and extreme size evolution in island mice. Genetics 201:213-228"
Weaning,,44.51,Mus musculus,2,Male,"Gray MM, Parmenter MD, Hogan CA, Ford I, Cuthbert RJ, Ryan PG, Broman KW, Payseur BA (2015) Genetics of rapid and extreme size evolution in island mice. Genetics 201:213-228"
Weaning,,45.5,Mus musculus,2,Male,"Gray MM, Parmenter MD, Hogan CA, Ford I, Cuthbert RJ, Ryan PG, Broman KW, Payseur BA (2015) Genetics of rapid and extreme size evolution in island mice. Genetics 201:213-228"
Weaning,,37.5,Mus musculus,1,Male,"Gray MM, Parmenter MD, Hogan CA, Ford I, Cuthbert RJ, Ryan PG, Broman KW, Payseur BA (2015) Genetics of rapid and extreme size evolution in island mice. Genetics 201:213-228"
Weaning,,53.5,Mus musculus,3,Male,"Gray MM, Parmenter MD, Hogan CA, Ford I, Cuthbert RJ, Ryan PG, Broman KW, Payseur BA (2015) Genetics of rapid and extreme size evolution in island mice. Genetics 201:213-228"
Weaning,Captive+Wild,40,Mus musculus,2,Male+Female,"https://esapubs.org/archive/ecol/E090/184/PanTHERIA_1-0_WR05_Aug2008.txt; Jones, K. E., Bielby, J., Cardillo, M., Fritz, S. A., O'Dell, J., Orme, C. D. L., Safi, K., Sechrest, W., Boakes, E. H., Carbone, C., Connolly, C., Cutts, M. J., Foster, J. K., Grenyer, R., Habib, M., Plaster, C. A., Price, S. A., Rigby, E. A., Rist, J., . . . Michener, W. K. (2009). PanTHERIA: a species-level database of life history, ecology, and geography of extant and recently extinct mammals. Ecology, 90(9), 2648-2648. https://doi.org/10.1890/08-1494.1"
Weaning,Captive,35.5,Mus musculus,1,Male+Female,"Konig B, Markl H. Maternal care in house mice. Behav. Ecol. Sociobiol. 1987;20:1-9."
Weaning,Captive,40.5,Mus musculus,3,Male+Female,"Konig B, Markl H. Maternal care in house mice. Behav. Ecol. Sociobiol. 1987;20:1-9."
Weaning,Captive,38,Mus musculus,2,Male+Female,"Konig B, Markl H. Maternal care in house mice. Behav. Ecol. Sociobiol. 1987;20:1-9."
Weaning,,40.4139,Mus musculus,2,Male+Female,"https://figshare.com/articles/dataset/Full_Archive/3563457?backTo=/collections/An_amniote_life-history_database_to_perform_comparative_analyses_with_birds_mammals_and_reptiles/3308127; Myhrvold, N. P., Baldridge, E., Chan, B., Sivam, D., Freeman, D. L., & Ernest, S. M. (2015). An amniote life‐history database to perform comparative analyses with birds, mammals, and reptiles: Ecological Archives E096‐269. Ecology, 96(11), 3109-3109."
Weaning (Onset),Captive,34.5,Mus musculus,1,Male+Female,"Williams E, Scott JP. The development of social behavior patterns in the mouse, in relation to natural periods. Behaviour. 1953 Jan 1:35-65."
Whole belly hairs,,22,Mus musculus,2,Male+Female,"Werneburg I, Geiger M. Ontogeny of domestic dogs and the developmental foundations of carnivoran domestication. Journal of Mammalian Evolution. 2017 Sep;24:323-43."
Whole forelimb hairs,,22,Mus musculus,2,Male+Female,"Werneburg I, Geiger M. Ontogeny of domestic dogs and the developmental foundations of carnivoran domestication. Journal of Mammalian Evolution. 2017 Sep;24:323-43."
Zygomatic ossification (Onset),,14.43,Mus musculus,2,Male+Female,"Kanazawa E, Mochizuki K. The time and order of appearance of ossification centers in the hamster before birth. Jikken Dobutsu. 1974 Jul;23(3):113-22. doi: 10.1538/expanim1957.23.3_113. PMID: 4477064."
Zona pellucida is lost,,3.75,Mus musculus,2,Male+Female,Dickson AD. The form of the mouse blastocyst. Journal of anatomy. 1966 Apr;100(Pt 2):335.
Body weight (Decline initiates),,708.5,Mus musculus,2,Male,"Baumann CW, Kwak D, Thompson LV. Assessing onset, prevalence and survival in mice using a frailty phenotype. Aging (Albany NY). 2018 Dec 18;10(12):4042."
Body weight (Decline initiates),,609.5,Mus musculus,2,Male,"Turturro A, Witt WW, Lewis S, Hass BS, Lipman RD, Hart RW. Growth curves and survival characteristics of the animals used in the Biomarkers of Aging Program. Journals of Gerontology Series A: Biomedical Sciences and Medical Sciences. 1999 Nov 1;54(11):B492-501."
Body weight (Decline initiates),,791.9,Mus musculus,2,Female,"Turturro A, Witt WW, Lewis S, Hass BS, Lipman RD, Hart RW. Growth curves and survival characteristics of the animals used in the Biomarkers of Aging Program. Journals of Gerontology Series A: Biomedical Sciences and Medical Sciences. 1999 Nov 1;54(11):B492-501."
Body weight (Decline initiates),,381.2,Mus musculus,2,Male,"Turturro A, Witt WW, Lewis S, Hass BS, Lipman RD, Hart RW. Growth curves and survival characteristics of the animals used in the Biomarkers of Aging Program. Journals of Gerontology Series A: Biomedical Sciences and Medical Sciences. 1999 Nov 1;54(11):B492-501."
Body weight (Decline initiates),,590.6,Mus musculus,2,Male,"Turturro A, Witt WW, Lewis S, Hass BS, Lipman RD, Hart RW. Growth curves and survival characteristics of the animals used in the Biomarkers of Aging Program. Journals of Gerontology Series A: Biomedical Sciences and Medical Sciences. 1999 Nov 1;54(11):B492-501."
Body weight (Decline initiates),,620.9,Mus musculus,2,Female,"Turturro A, Witt WW, Lewis S, Hass BS, Lipman RD, Hart RW. Growth curves and survival characteristics of the animals used in the Biomarkers of Aging Program. Journals of Gerontology Series A: Biomedical Sciences and Medical Sciences. 1999 Nov 1;54(11):B492-501."
Body weight (Decline initiates),,567.5,Mus musculus,2,Male,"Turturro A, Witt WW, Lewis S, Hass BS, Lipman RD, Hart RW. Growth curves and survival characteristics of the animals used in the Biomarkers of Aging Program. Journals of Gerontology Series A: Biomedical Sciences and Medical Sciences. 1999 Nov 1;54(11):B492-501."
Body weight (Decline initiates),,648.5,Mus musculus,2,Female,"Turturro A, Witt WW, Lewis S, Hass BS, Lipman RD, Hart RW. Growth curves and survival characteristics of the animals used in the Biomarkers of Aging Program. Journals of Gerontology Series A: Biomedical Sciences and Medical Sciences. 1999 Nov 1;54(11):B492-501."
Body weight (Decline initiates),,543.5,Mus musculus,2,Male,"Turturro A, Witt WW, Lewis S, Hass BS, Lipman RD, Hart RW. Growth curves and survival characteristics of the animals used in the Biomarkers of Aging Program. Journals of Gerontology Series A: Biomedical Sciences and Medical Sciences. 1999 Nov 1;54(11):B492-501."
Body weight (Decline initiates),,593.6,Mus musculus,2,Female,"Turturro A, Witt WW, Lewis S, Hass BS, Lipman RD, Hart RW. Growth curves and survival characteristics of the animals used in the Biomarkers of Aging Program. Journals of Gerontology Series A: Biomedical Sciences and Medical Sciences. 1999 Nov 1;54(11):B492-501."
Plateau of RNA seq expression in the hippocampus,,33.6,Mus musculus,2,Male+Female,GSE79380; Allen brain atlas
Brain growth reaches a plateau,,38.5,Mus musculus,2,Male+Female,"Semple BD, Blomgren K, Gimlin K, Ferriero DM, Noble-Haeusslein LJ. Brain development in rodents and humans: Identifying benchmarks of maturation and vulnerability to injury across species. Progress in neurobiology. 2013 Jul 1;106:1-6."
Incisors eruption,,30.5,Mus musculus,2,Male+Female,"Williams E, Scott JP. The development of social behavior patterns in the mouse, in relation to natural periods. Behaviour. 1953 Jan 1:35-65."
Run,"check fox, 1965",30.5,Mus musculus,2,Male+Female,"Williams E, Scott JP. The development of social behavior patterns in the mouse, in relation to natural periods. Behaviour. 1953 Jan 1:35-65."
Mounting/sexual intercourse (Onset),,43.5,Mus musculus,2,Male+Female,"Williams E, Scott JP. The development of social behavior patterns in the mouse, in relation to natural periods. Behaviour. 1953 Jan 1:35-65."
Jump,,24.5,Mus musculus,2,Male+Female,"Williams E, Scott JP. The development of social behavior patterns in the mouse, in relation to natural periods. Behaviour. 1953 Jan 1:35-65."
Female Reproductive cessation (sex selective),,654.4573140109096,Mus musculus,2,Female,"Huber S, Fieder M. Evidence for a maximum “shelf-life” of oocytes in mammals suggests that human menopause may be an implication of meiotic arrest. Scientific reports. 2018 Sep 20;8(1):14099.; BrustI et al., 2015"
CRX expression onset in the retina,,10.5,Mus musculus,2,Male+Female,"Bibb LC, Holt JK, Tarttelin EE, Hodges MD, Gregory-Evans K, Rutherford A, Lucas RJ, Sowden JC, Gregory-Evans CY. Temporal and spatial expression patterns of the CRX transcription factor and its downstream targets. Critical differences during human and mouse eye development. Human Molecular Genetics. 2001 Jul 15;10(15):1571-9."
Retinal pigment epithelium is visible,,11.59,Mus musculus,2,Male+Female,"Štěrba, 1995; O'Rahilly and Gardner, 1971"
Lens rapid growth plateaus,new names,108.5,Mus musculus,2,Male+Female,"Midpoint between rapid growh and plateau; ; Kalligeraki AA, Isted A, Jarrin M, Uwineza A, Pal R, Saunter CD, Girkin JM, Obara B, Quinlan RA. Three-dimensional data capture and analysis of intact eye lenses evidences emmetropia-associated changes in epithelial cell organization. Scientific reports. 2020 Oct 9;10(1):16898."
Invagination of lens placodes begins,new names,10.25,Mus musculus,2,Male+Female,"DeSesso JM, Scialli AR. Bone development in laboratory mammals used in developmental toxicity studies. Birth defects research. 2018 Sep 1;110(15):1157-87."
Rathke's pouch appears,new names,8.75,Mus musculus,2,Male+Female,"DeSesso JM, Scialli AR. Bone development in laboratory mammals used in developmental toxicity studies. Birth defects research. 2018 Sep 1;110(15):1157-87."
Stage 1 (Primitive streak),,5.5,Mus musculus,2,Male+Female,"Cordero GA, Sánchez-Villagra MR, Werneburg I. An irregular hourglass pattern describes the tempo of phenotypic development in placental mammal evolution. Biology letters. 2020 May 1;16(5)."
Stage 1 (Primitive streak),,6.84,Mus musculus,2,Male+Female,Štěrba O. Staging and ageing of mammalian embryos and fetuses. Acta Veterinaria Brno. 1995;64(1):83-9.
Stage 1 (Primitive streak),,6.5,Mus musculus,2,Male+Female,DeSesso JM. Comparative features of vertebrate embryology. Developmental reproductive toxicology: a practical approach. 2nd ed. Boca Raton: CRC Press Inc. 2005 Aug 30:147-97.
Distal epiphysis of the ulna appearance,,23.95833333333333,Mus musculus,2,Male+Female,Johnson ML. The time and order of appearance of ossification centers in the albino mouse. American Journal of Anatomy. 1933 Mar;52(2):241-71.
Proximal epiphysis of the ulna Appearance,,23.95833333333333,Mus musculus,2,Male+Female,Johnson ML. The time and order of appearance of ossification centers in the albino mouse. American Journal of Anatomy. 1933 Mar;52(2):241-71.
Distal epiphysis of the Radius appearance,,23.95833333333333,Mus musculus,2,Male+Female,Johnson ML. The time and order of appearance of ossification centers in the albino mouse. American Journal of Anatomy. 1933 Mar;52(2):241-71.
Proximal epiphysisis of the radius Appearance,,27.5,Mus musculus,2,Male+Female,Johnson ML. The time and order of appearance of ossification centers in the albino mouse. American Journal of Anatomy. 1933 Mar;52(2):241-71.
Distal epiphysis of the tibia Appearance,,27.5,Mus musculus,2,Male+Female,Johnson ML. The time and order of appearance of ossification centers in the albino mouse. American Journal of Anatomy. 1933 Mar;52(2):241-71.
Proximal epiphysis of the tibia Appearance,,36.5,Mus musculus,2,Male+Female,Johnson ML. The time and order of appearance of ossification centers in the albino mouse. American Journal of Anatomy. 1933 Mar;52(2):241-71.
Tibia greater tuberosity ossification onset,,36.5,Mus musculus,2,Male+Female,Johnson ML. The time and order of appearance of ossification centers in the albino mouse. American Journal of Anatomy. 1933 Mar;52(2):241-71.
Distal epiphysis of the fibula appearance,,25.5,Mus musculus,2,Male+Female,Johnson ML. The time and order of appearance of ossification centers in the albino mouse. American Journal of Anatomy. 1933 Mar;52(2):241-71.
Proximal epiphysis of the fibula appearance,,39.5,Mus musculus,2,Male+Female,Johnson ML. The time and order of appearance of ossification centers in the albino mouse. American Journal of Anatomy. 1933 Mar;52(2):241-71.
Tarsus cuboid ossification onset,,25.5,Mus musculus,2,Male+Female,"Spark C, Dawson AB. The present detailed study of the order and time of ap-pearance of all centers of ossification in the fore and hind. The American Journal of Anatomy. 1928;41(3):411.;Chiba K, RAHMAN ME, ISHIKAWA H, ENDO A. The timing of appearance of ossification centers of carpal and tarsal bones in mouse newborns. Congenital Anomalies. 1995 Jun;35(2):189-97; Davies DA, Parsons FG. The age order of the appearance and union of the normal epiphyses as seen by X-rays. Journal of Anatomy. 1927 Oct;62(Pt 1):58."
Tarsus Navicular ossification onset,,25.5,Mus musculus,2,Male+Female,"Spark C, Dawson AB. The present detailed study of the order and time of ap-pearance of all centers of ossification in the fore and hind. The American Journal of Anatomy. 1928;41(3):411; Chiba K, RAHMAN ME, ISHIKAWA H, ENDO A. The timing of appearance of ossification centers of carpal and tarsal bones in mouse newborns. Congenital Anomalies. 1995 Jun;35(2):189-97.; Davies DA, Parsons FG. The age order of the appearance and union of the normal epiphyses as seen by X-rays. Journal of Anatomy. 1927 Oct;62(Pt 1):58."
Scaphoid ossification (Onset),,24,Mus musculus,2,Male+Female,"Prochel J, Vogel P, Sánchez‐Villagra MR. Hand development and sequence of ossification in the forelimb of the European shrew Crocidura russula (Soricidae) and comparisons across therian mammals. Journal of Anatomy. 2004 Aug;205(2):99-111.; Chiba et al., 1995"
Lunate ossification (Onset),,22.5,Mus musculus,2,Male+Female,"Prochel J, Vogel P, Sánchez‐Villagra MR. Hand development and sequence of ossification in the forelimb of the European shrew Crocidura russula (Soricidae) and comparisons across therian mammals. Journal of Anatomy. 2004 Aug;205(2):99-111."
Triquetral ossification (Onset),,22.5,Mus musculus,2,Male+Female,"Prochel J, Vogel P, Sánchez‐Villagra MR. Hand development and sequence of ossification in the forelimb of the European shrew Crocidura russula (Soricidae) and comparisons across therian mammals. Journal of Anatomy. 2004 Aug;205(2):99-111."
Pisiforme ossification (Onset),,24.25,Mus musculus,2,Male+Female,"Prochel J, Vogel P, Sánchez‐Villagra MR. Hand development and sequence of ossification in the forelimb of the European shrew Crocidura russula (Soricidae) and comparisons across therian mammals. Journal of Anatomy. 2004 Aug;205(2):99-111. Spark and Dawson, 1928; Chiba et al., 1995; Davies and Parsons, 1927"
Hamate ossification (Onset),,22.5,Mus musculus,2,Male+Female,"Prochel J, Vogel P, Sánchez‐Villagra MR. Hand development and sequence of ossification in the forelimb of the European shrew Crocidura russula (Soricidae) and comparisons across therian mammals. Journal of Anatomy. 2004 Aug;205(2):99-111."
Capitate ossification (Onset),,22.5,Mus musculus,2,Male+Female,"Prochel J, Vogel P, Sánchez‐Villagra MR. Hand development and sequence of ossification in the forelimb of the European shrew Crocidura russula (Soricidae) and comparisons across therian mammals. Journal of Anatomy. 2004 Aug;205(2):99-111."
Trapezoid ossification (Onset),,22.5,Mus musculus,2,Male+Female,"Prochel J, Vogel P, Sánchez‐Villagra MR. Hand development and sequence of ossification in the forelimb of the European shrew Crocidura russula (Soricidae) and comparisons across therian mammals. Journal of Anatomy. 2004 Aug;205(2):99-111.; Davies and Parsons, 1927"
Trapezium ossification (Onset),,23.5,Mus musculus,2,Male+Female,"Prochel J, Vogel P, Sánchez‐Villagra MR. Hand development and sequence of ossification in the forelimb of the European shrew Crocidura russula (Soricidae) and comparisons across therian mammals. Journal of Anatomy. 2004 Aug;205(2):99-111.; Davies and Parsons, 1927"
Scapula: Coracoid process (Onset),,23.95833333333333,Mus musculus,2,Male+Female,Johnson ML. The time and order of appearance of ossification centers in the albino mouse. American Journal of Anatomy. 1933 Mar;52(2):241-71.
Expression of NEFH plateaus in Frontal Cortex expression (logged values; easyls model=3),,38.18,Mus musculus,2,Male+Female,"Cottam NC, Ofori K, Stoll KT, Bryant M, Rogge JR, Hekmatyar K, Sun J, Charvet CJ. From circuits to lifespan: translating mouse and human timelines with neuroimaging based tractography. Journal of Neuroscience. 2025 Jan 22."
Expressino of CALB2 plateau in frontal cortex (logged values; easynls model=3),,83.67,Mus musculus,2,Male+Female,"Cottam NC, Ofori K, Stoll KT, Bryant M, Rogge JR, Hekmatyar K, Sun J, Charvet CJ. From circuits to lifespan: translating mouse and human timelines with neuroimaging based tractography. Journal of Neuroscience. 2025 Jan 22."
Expression of PVALB plateau in Frontal Cortex (logged values; easynls model=3),,61.2,Mus musculus,2,Male+Female,"Cottam NC, Ofori K, Stoll KT, Bryant M, Rogge JR, Hekmatyar K, Sun J, Charvet CJ. From circuits to lifespan: translating mouse and human timelines with neuroimaging based tractography. Journal of Neuroscience. 2025 Jan 22."
Expression of ARC plateau in frontal cortex (logged values; easynls model=2),,194.4,Mus musculus,2,Male+Female,"Cottam NC, Ofori K, Stoll KT, Bryant M, Rogge JR, Hekmatyar K, Sun J, Charvet CJ. From circuits to lifespan: translating mouse and human timelines with neuroimaging based tractography. Journal of Neuroscience. 2025 Jan 22."
Expression of SCN1B plateau in Frontal Cortex (logged values; easynls model=3),,41.55,Mus musculus,2,Male+Female,"Cottam NC, Ofori K, Stoll KT, Bryant M, Rogge JR, Hekmatyar K, Sun J, Charvet CJ. From circuits to lifespan: translating mouse and human timelines with neuroimaging based tractography. Journal of Neuroscience. 2025 Jan 22."
Expression of CNTNAP1 pleateau in Frontal Cortex (logged values; easynls model=3),,44.69,Mus musculus,2,Male+Female,"Cottam NC, Ofori K, Stoll KT, Bryant M, Rogge JR, Hekmatyar K, Sun J, Charvet CJ. From circuits to lifespan: translating mouse and human timelines with neuroimaging based tractography. Journal of Neuroscience. 2025 Jan 22."
Expression of SOX1 plateau in Frontal Cortex (logged values; easynls model=2),,132.25,Mus musculus,2,Male+Female,"Cottam NC, Ofori K, Stoll KT, Bryant M, Rogge JR, Hekmatyar K, Sun J, Charvet CJ. From circuits to lifespan: translating mouse and human timelines with neuroimaging based tractography. Journal of Neuroscience. 2025 Jan 22."
Expression of EPHA3 plateau in Frontal Cortex (logged values; easynls model=2),,247.15,Mus musculus,2,Male+Female,"Cottam NC, Ofori K, Stoll KT, Bryant M, Rogge JR, Hekmatyar K, Sun J, Charvet CJ. From circuits to lifespan: translating mouse and human timelines with neuroimaging based tractography. Journal of Neuroscience. 2025 Jan 22."
Expression of SNAP25 plateau in Frontal Cortex (logged vluaes; easynls model=3),,205.6,Mus musculus,2,Male+Female,"Cottam NC, Ofori K, Stoll KT, Bryant M, Rogge JR, Hekmatyar K, Sun J, Charvet CJ. From circuits to lifespan: translating mouse and human timelines with neuroimaging based tractography. Journal of Neuroscience. 2025 Jan 22."
Expression of TUBB2B plateau in Frontal Cortex (logged values; easynls model=3),,65,Mus musculus,2,Male+Female,"Cottam NC, Ofori K, Stoll KT, Bryant M, Rogge JR, Hekmatyar K, Sun J, Charvet CJ. From circuits to lifespan: translating mouse and human timelines with neuroimaging based tractography. Journal of Neuroscience. 2025 Jan 22."
Implantation,,4.75,Mus musculus,2,Male+Female,DeSesso JM. Comparative gestational milestones in vertebrate development. InDevelopmental and Reproductive Toxicology 2016 Apr 19 (pp. 107-152). CRC Press.
Implantation,,4,Mus musculus,2,Male+Female,Yoshinaga K. A sequence of events in the uterus prior to implantation in the mouse. J Assist Reprod Genet. 2013 Aug;30(8):1017-22. doi: 10.1007/s10815-013-0093-z. PMID: 24052329; PMCID: PMC3790116.
Implantation,,4,Mus musculus,2,Male+Female,"Potts DM, Wilson IB. The preimplantation conceptus of the mouse at 90 hours post coitum. Journal of anatomy. 1967 Nov;102(Pt 1):1."
4 cell stage,,2.25,Mus musculus,2,Male+Female,DeSesso JM. Comparative gestational milestones in vertebrate development. InDevelopmental and Reproductive Toxicology 2016 Apr 19 (pp. 107-152). CRC Press.
4 cell stage,,2.208333333,Mus musculus,2,Male+Female,"Varghese PC, Dutta D. Protocol for isolation of mouse pre-implantation embryos for gene expression analysis. STAR protocols. 2023 Sep 15;4(3):102479."
Hypoblast has formed,,4.5,Mus musculus,2,Male+Female,DeSesso JM. Comparative gestational milestones in vertebrate development. InDevelopmental and Reproductive Toxicology 2016 Apr 19 (pp. 107-152). CRC Press.
First Heartbeat,,8,Mus musculus,2,Male+Female,DeSesso JM. Comparative gestational milestones in vertebrate development. InDevelopmental and Reproductive Toxicology 2016 Apr 19 (pp. 107-152). CRC Press.
Allantois arises,,7.5,Mus musculus,2,Male+Female,DeSesso JM. Comparative gestational milestones in vertebrate development. InDevelopmental and Reproductive Toxicology 2016 Apr 19 (pp. 107-152). CRC Press.
Anal membrane perforates,,14,Mus musculus,2,Male+Female,DeSesso JM. Comparative gestational milestones in vertebrate development. InDevelopmental and Reproductive Toxicology 2016 Apr 19 (pp. 107-152). CRC Press.
Cochlea appears,,12,Mus musculus,2,Male+Female,DeSesso JM. Comparative gestational milestones in vertebrate development. InDevelopmental and Reproductive Toxicology 2016 Apr 19 (pp. 107-152). CRC Press.
One or more semicrcular canals have formed,,12,Mus musculus,2,Male+Female,DeSesso JM. Comparative gestational milestones in vertebrate development. InDevelopmental and Reproductive Toxicology 2016 Apr 19 (pp. 107-152). CRC Press.
First sign of wrist,,14,Mus musculus,2,Male+Female,DeSesso JM. Comparative gestational milestones in vertebrate development. InDevelopmental and Reproductive Toxicology 2016 Apr 19 (pp. 107-152). CRC Press.
Pineal epiphyseas forms,,11.5,Mus musculus,2,Male+Female,DeSesso JM. Comparative gestational milestones in vertebrate development. InDevelopmental and Reproductive Toxicology 2016 Apr 19 (pp. 107-152). CRC Press.
Testosterone levels peak inMales,,58.5,Mus musculus,2,Male,"Bell MR. Comparing postnatal development of gonadal hormones and associated social behaviors in rats, mice, and humans. Endocrinology. 2018 Jul;159(7):2596-613."
Spermatogenesis (Onset),,58.5,Mus musculus,2,Male+Female,"Bell MR. Comparing postnatal development of gonadal hormones and associated social behaviors in rats, mice, and humans. Endocrinology. 2018 Jul;159(7):2596-613."
Emergence of cingulate bundle (diffusion MR tractography),,19,Mus musculus,2,Male+Female,"Cottam NC, Ofori K, Stoll KT, Bryant M, Rogge JR, Hekmatyar K, Sun J, Charvet CJ. From circuits to lifespan: translating mouse and human timelines with neuroimaging-based tractography. Journal of Neuroscience. 2025 Mar 19;45(12); Charvet CJ, Das A, Song JW, Tindal-Burgess DJ, Kabaria P, Dai G, Kane T, Takahashi E. High angular resolution diffusion MRI reveals conserved and deviant programs in the paths that guide human cortical circuitry. Cerebral Cortex. 2020 Mar 14;30(3):1447-64.; Charvet CJ. Mapping human brain pathways: challenges and opportunities in the integration of scales. Brain Behavior and Evolution. 2023 Aug 30;98(4):194-209.; Allen brain institute; Vasung L, Huang H, Jovanov‐Milošević N, Pletikos M, Mori S, Kostović I. Development of axonal pathways in the human fetal fronto‐limbic brain: histochemical characterization and diffusion tensor imaging. Journal of anatomy. 2010 Oct;217(4):400-17."
Emergence of cerebellar parallel fibers (diffusion MR tractography),,16,Mus musculus,2,Male+Female,"Charvet CJ, Das A, Song JW, Tindal-Burgess DJ, Kabaria P, Dai G, Kane T, Takahashi E. High angular resolution diffusion MRI reveals conserved and deviant programs in the paths that guide human cortical circuitry. Cerebral Cortex. 2020 Mar 14;30(3):1447-64; Takahashi E, Hayashi E, Schmahmann JD, Grant PE. Development of cerebellar connectivity in human fetal brains revealed by high angular resolution diffusion tractography. Neuroimage. 2014 Aug 1;96:326-33."
Cerebellar folia emerge,,18.5,Mus musculus,2,Male+Female,"Haldipur P, Aldinger KA, Bernardo S, Deng M, Timms AE, Overman LM, Winter C, Lisgo SN, Razavi, Silvestri E, Manganaro L. Spatiotemporal expansion of primary progenitor zones in the developing human cerebellum. Science. 2019 Oct 25;366(6464):454-60."
Cerebellar granular layer emerges,,12.5,Mus musculus,2,Male+Female,"Haldipur P, Aldinger KA, Bernardo S, Deng M, Timms AE, Overman LM, Winter C, Lisgo SN, Razavi, Silvestri E, Manganaro L. Spatiotemporal expansion of primary progenitor zones in the developing human cerebellum. Science. 2019 Oct 25;366(6464):454-60."
Female Body weight reaches 100% of stable value (sex selective),,337.88,Mus musculus,2,Female,"Miller RA, Harper JM, Galecki A, Burke DT. Big mice die young: early life body weight predicts longevity in genetically heterogeneous mice. Aging cell. 2002 Oct;1(1):22-9; Cottam NC, Ofori K, Stoll KT, Bryant M, Rogge JR, Hekmatyar K, Sun J, Charvet CJ. From circuits to lifespan: translating mouse and human timelines with neuroimaging based tractography. Journal of Neuroscience. 2025 Jan 22."
Female Body weight reaches 90% of stable value (sex selective),,252.44,Mus musculus,2,Female,"Miller RA, Harper JM, Galecki A, Burke DT. Big mice die young: early life body weight predicts longevity in genetically heterogeneous mice. Aging cell. 2002 Oct;1(1):22-9; Cottam NC, Ofori K, Stoll KT, Bryant M, Rogge JR, Hekmatyar K, Sun J, Charvet CJ. From circuits to lifespan: translating mouse and human timelines with neuroimaging based tractography. Journal of Neuroscience. 2025 Jan 22."
Female Body weight reaches 80% of stable value (sex selective),,167,Mus musculus,2,Female,"Miller RA, Harper JM, Galecki A, Burke DT. Big mice die young: early life body weight predicts longevity in genetically heterogeneous mice. Aging cell. 2002 Oct;1(1):22-9; Cottam NC, Ofori K, Stoll KT, Bryant M, Rogge JR, Hekmatyar K, Sun J, Charvet CJ. From circuits to lifespan: translating mouse and human timelines with neuroimaging based tractography. Journal of Neuroscience. 2025 Jan 22."
Female Body weight reaches 70% of stable value (sex selective),,81.57,Mus musculus,2,Female,"Miller RA, Harper JM, Galecki A, Burke DT. Big mice die young: early life body weight predicts longevity in genetically heterogeneous mice. Aging cell. 2002 Oct;1(1):22-9; Cottam NC, Ofori K, Stoll KT, Bryant M, Rogge JR, Hekmatyar K, Sun J, Charvet CJ. From circuits to lifespan: translating mouse and human timelines with neuroimaging based tractography. Journal of Neuroscience. 2025 Jan 22."
Male Body weight reaches 100% of stable value (sex selective),,299.2,Mus musculus,2,Male,"Miller RA, Harper JM, Galecki A, Burke DT. Big mice die young: early life body weight predicts longevity in genetically heterogeneous mice. Aging cell. 2002 Oct;1(1):22-9; Cottam NC, Ofori K, Stoll KT, Bryant M, Rogge JR, Hekmatyar K, Sun J, Charvet CJ. From circuits to lifespan: translating mouse and human timelines with neuroimaging based tractography. Journal of Neuroscience. 2025 Jan 22."
Male Body weight reaches 90% of stable value (sex selective),,214.37,Mus musculus,2,Male,"Miller RA, Harper JM, Galecki A, Burke DT. Big mice die young: early life body weight predicts longevity in genetically heterogeneous mice. Aging cell. 2002 Oct;1(1):22-9; Cottam NC, Ofori K, Stoll KT, Bryant M, Rogge JR, Hekmatyar K, Sun J, Charvet CJ. From circuits to lifespan: translating mouse and human timelines with neuroimaging based tractography. Journal of Neuroscience. 2025 Jan 22."
Male Body weight reaches 80% of stable value (sex selective),,129.54,Mus musculus,2,Male,"Miller RA, Harper JM, Galecki A, Burke DT. Big mice die young: early life body weight predicts longevity in genetically heterogeneous mice. Aging cell. 2002 Oct;1(1):22-9; Cottam NC, Ofori K, Stoll KT, Bryant M, Rogge JR, Hekmatyar K, Sun J, Charvet CJ. From circuits to lifespan: translating mouse and human timelines with neuroimaging based tractography. Journal of Neuroscience. 2025 Jan 22."
Male Body weight reaches 70% of stable value (sex selective),,44.7,Mus musculus,2,Male,"Miller RA, Harper JM, Galecki A, Burke DT. Big mice die young: early life body weight predicts longevity in genetically heterogeneous mice. Aging cell. 2002 Oct;1(1):22-9; Cottam NC, Ofori K, Stoll KT, Bryant M, Rogge JR, Hekmatyar K, Sun J, Charvet CJ. From circuits to lifespan: translating mouse and human timelines with neuroimaging based tractography. Journal of Neuroscience. 2025 Jan 22."
Glandular lung stage onset,,14,Mus musculus,2,Male+Female,DeSesso JM. Comparative features of vertebrate embryology. Developmental reproductive toxicology: a practical approach. 2nd ed. Boca Raton: CRC Press Inc. 2005 Aug 30:147-97.
Glandular lung stage offset,,16,Mus musculus,2,Male+Female,DeSesso JM. Comparative features of vertebrate embryology. Developmental reproductive toxicology: a practical approach. 2nd ed. Boca Raton: CRC Press Inc. 2005 Aug 30:147-97.
Canicular lung stage onset,,16.5,Mus musculus,2,Male+Female,DeSesso JM. Comparative features of vertebrate embryology. Developmental reproductive toxicology: a practical approach. 2nd ed. Boca Raton: CRC Press Inc. 2005 Aug 30:147-97.
Canicular lung stage offset,,17.4,Mus musculus,2,Male+Female,DeSesso JM. Comparative features of vertebrate embryology. Developmental reproductive toxicology: a practical approach. 2nd ed. Boca Raton: CRC Press Inc. 2005 Aug 30:147-97.
Metanephrosis onset,,11,Mus musculus,2,Male+Female,DeSesso JM. Comparative features of vertebrate embryology. Developmental reproductive toxicology: a practical approach. 2nd ed. Boca Raton: CRC Press Inc. 2005 Aug 30:147-97.
Cone neurogenesis (Offset),,16,Mus musculus,2,Male+Female,"Carter-Dawson, L. D. and Lavail, M. M. (1979), Rods and cones in the mouse retina. II. Autoradiographic analysis of cell generation using tritiated thymidine. J. Comp. Neurol., 188: 263_272. doi:10.1002/cne.901880205"
Neurogenesis cortical layer II/III (visual cortex) (Onset),,16,Mus musculus,2,Male+Female,"Polleux, F., Dehay, C., & Kennedy, H. (1997). The timetable of laminar neurogenesis contributes to the specification of cortical areas in mouse isocortex. Journal of Comparative Neurology, 385(1), 95-116."
Neurogenesis cortical layer II/III (visual cortex) (Offset),,18.5,Mus musculus,2,Male+Female,"Polleux, F., Dehay, C., & Kennedy, H. (1997). The timetable of laminar neurogenesis contributes to the specification of cortical areas in mouse isocortex. Journal of Comparative Neurology, 385(1), 95-116."
Eye opening,,33.5,Mus musculus,2,Male+Female,Fisher LJ. Development of synaptic arrays in the inner plexiform layer of neonatal mouse retina. Journal of Comparative Neurology. 1979 Sep 15;187(2):359-72.
Eye opening (Offset),,32.55,Mus musculus,2,Male+Female,"Mikuni PA, Nash DJ. Ontogeny of behavior in mice selected for large size. Behavior Genetics. 1979 May;9:227-32."
Eye opening (Offset),,31.85,Mus musculus,2,Male+Female,"Mikuni PA, Nash DJ. Ontogeny of behavior in mice selected for large size. Behavior Genetics. 1979 May;9:227-32."
Auditory startle reaction,,34.17,Mus musculus,3,Male+Female,"Mikuni PA, Nash DJ. Ontogeny of behavior in mice selected for large size. Behavior Genetics. 1979 May;9:227-32."
Auditory startle reaction,,34.97,Mus musculus,3,Male+Female,"Mikuni PA, Nash DJ. Ontogeny of behavior in mice selected for large size. Behavior Genetics. 1979 May;9:227-32."
Cliff aversion (Onset),,24.9,Mus musculus,3,Male+Female,"Mikuni PA, Nash DJ. Ontogeny of behavior in mice selected for large size. Behavior Genetics. 1979 May;9:227-32."
Cliff aversion (Onset),,27.82,Mus musculus,3,Male+Female,"Mikuni PA, Nash DJ. Ontogeny of behavior in mice selected for large size. Behavior Genetics. 1979 May;9:227-32."
Surface righting (Onset),,25.84,Mus musculus,3,Male+Female,"Mikuni PA, Nash DJ. Ontogeny of behavior in mice selected for large size. Behavior Genetics. 1979 May;9:227-32."
Surface righting (Onset),,24.81,Mus musculus,3,Male+Female,"Mikuni PA, Nash DJ. Ontogeny of behavior in mice selected for large size. Behavior Genetics. 1979 May;9:227-32."
Female Sexual maturity is reached (sex selective),,47.56,Mus musculus,3,Female,"Mikuni PA, Nash DJ. Ontogeny of behavior in mice selected for large size. Behavior Genetics. 1979 May;9:227-32."
Female Sexual maturity is reached (sex selective),,46.88,Mus musculus,3,Female,"Mikuni PA, Nash DJ. Ontogeny of behavior in mice selected for large size. Behavior Genetics. 1979 May;9:227-32."
Stand up,,35.5,Mus musculus,2,Male+Female,"Lyons JP, Wahlsten D. Postnatal development of brain and behavior of shaker short-tail mice. Behavior genetics. 1988 Jan;18:35-53."
Self-grooming,,30.5,Mus musculus,2,Male+Female,"Lyons JP, Wahlsten D. Postnatal development of brain and behavior of shaker short-tail mice. Behavior genetics. 1988 Jan;18:35-53."
External granular layer in cerebellum thickness (Peak/Decline initiates),,23.5,Mus musculus,2,Male+Female,"Lyons JP, Wahlsten D. Postnatal development of brain and behavior of shaker short-tail mice. Behavior genetics. 1988 Jan;18:35-53."
Walk development,,25.5,Mus musculus,2,Male+Female,"Lyons JP, Wahlsten D. Postnatal development of brain and behavior of shaker short-tail mice. Behavior genetics. 1988 Jan;18:35-53."
Eye opening (Onset),,28.5,Mus musculus,2,Male+Female,Fox WM. Reflex-ontogeny and behavioural development of the mouse. Animal behaviour. 1965 Apr 1;13(2-3):234-IN5.
Walk development (Onset),,23.5,Mus musculus,2,Male+Female,Fox WM. Reflex-ontogeny and behavioural development of the mouse. Animal behaviour. 1965 Apr 1;13(2-3):234-IN5.
Eye opening (Offset),,32,Mus musculus,3,Male+Female,Wahlsten D. A developmental time scale for postnatal changes in brain and behavior of B6D2F2 mice. Brain Research. 1974 Jun 7;72(2):251-64.
Eye opening (Offset),,31,Mus musculus,1,Male+Female,Wahlsten D. A developmental time scale for postnatal changes in brain and behavior of B6D2F2 mice. Brain Research. 1974 Jun 7;72(2):251-64.
Ears open (auditory canals fully open or external ear canals opening),,30,Mus musculus,3,Male+Female,Wahlsten D. A developmental time scale for postnatal changes in brain and behavior of B6D2F2 mice. Brain Research. 1974 Jun 7;72(2):251-64.
Ears open (auditory canals fully open or external ear canals opening),,32,Mus musculus,1,Male+Female,Wahlsten D. A developmental time scale for postnatal changes in brain and behavior of B6D2F2 mice. Brain Research. 1974 Jun 7;72(2):251-64.
Auditory startle reaction,,32,Mus musculus,3,Male+Female,Wahlsten D. A developmental time scale for postnatal changes in brain and behavior of B6D2F2 mice. Brain Research. 1974 Jun 7;72(2):251-64.
Auditory startle reaction,,34,Mus musculus,1,Male+Female,Wahlsten D. A developmental time scale for postnatal changes in brain and behavior of B6D2F2 mice. Brain Research. 1974 Jun 7;72(2):251-64.
MALE body growth rate (peak) (sex specific),,23.5,Mus musculus,2,Male,"Gates WH. Litter size, birth weight, and early growth rate of mice (Mus musculus). The Anatomical Record. 1925 Jan;29(3):183-93."
Fast growth of central cornea thickness cessation,,73.5,Mus musculus,2,Male+Female,"Hanlon SD, Patel NB, Burns AR. Assessment of postnatal corneal development in the C57BL/6 mouse using spectral domain optical coherence tomography and microwave-assisted histology. Experimental eye research. 2011 Oct 1;93(4):363-70."
Female Sexual maturity is reached (sex selective),,39.5,Mus musculus,1,Female,"Miller RA, Harper JM, Dysko RC, Durkee SJ, Austad SN. Longer life spans and delayed maturation in wild-derived mice. Experimental biology and medicine. 2002 Jul;227(7):500-8."
Female Sexual maturity is reached (sex selective),,47.4,Mus musculus,2,Female,"Miller RA, Harper JM, Dysko RC, Durkee SJ, Austad SN. Longer life spans and delayed maturation in wild-derived mice. Experimental biology and medicine. 2002 Jul;227(7):500-8."
Female Sexual maturity is reached (sex selective),,64.5,Mus musculus,3,Female,"Miller RA, Harper JM, Dysko RC, Durkee SJ, Austad SN. Longer life spans and delayed maturation in wild-derived mice. Experimental biology and medicine. 2002 Jul;227(7):500-8."
Female Sexual maturity is reached (sex selective),,43.5,Mus musculus,1,Female,"Miller RA, Harper JM, Dysko RC, Durkee SJ, Austad SN. Longer life spans and delayed maturation in wild-derived mice. Experimental biology and medicine. 2002 Jul;227(7):500-8."
Female Sexual maturity is reached (sex selective),,77.3,Mus musculus,2,Female,"Miller RA, Harper JM, Dysko RC, Durkee SJ, Austad SN. Longer life spans and delayed maturation in wild-derived mice. Experimental biology and medicine. 2002 Jul;227(7):500-8."
Female Sexual maturity is reached (sex selective),,153.5,Mus musculus,3,Female,"Miller RA, Harper JM, Dysko RC, Durkee SJ, Austad SN. Longer life spans and delayed maturation in wild-derived mice. Experimental biology and medicine. 2002 Jul;227(7):500-8."
Female Sexual maturity is reached (sex selective),,39.5,Mus musculus,1,Female,"Miller RA, Harper JM, Dysko RC, Durkee SJ, Austad SN. Longer life spans and delayed maturation in wild-derived mice. Experimental biology and medicine. 2002 Jul;227(7):500-8."
Female Sexual maturity is reached (sex selective),,57.8,Mus musculus,2,Female,"Miller RA, Harper JM, Dysko RC, Durkee SJ, Austad SN. Longer life spans and delayed maturation in wild-derived mice. Experimental biology and medicine. 2002 Jul;227(7):500-8."
Female Sexual maturity is reached (sex selective),,100.5,Mus musculus,3,Female,"Miller RA, Harper JM, Dysko RC, Durkee SJ, Austad SN. Longer life spans and delayed maturation in wild-derived mice. Experimental biology and medicine. 2002 Jul;227(7):500-8."
Body weight (Decline initiates),,539.5,Mus musculus,2,Female,"Roy S, Sleiman MB, Jha P, Williams EG, Ingels JF, Chapman CJ, McCarty MS, Hook M, Sun A, Zhao W. Gene-by-environmental modulation of longevity and weight gain in the murine BXD family. BioRxiv. 2019 Sep 19;776559."
Body weight (Decline initiates),,468.5,Mus musculus,2,Female,"Roy S, Sleiman MB, Jha P, Williams EG, Ingels JF, Chapman CJ, McCarty MS, Hook M, Sun A, Zhao W. Gene-by-environmental modulation of longevity and weight gain in the murine BXD family. BioRxiv. 2019 Sep 19;776559."
Body weight (Decline initiates),,635,Mus musculus,2,Female,"Prateek GV, Chen Z, Wright K, Di Francesco A, Jojic V, Churchill GA, Raj A. Longitudinal analysis of body weight reveals homeostatic and adaptive traits linked to lifespan in diversity outbred mice. bioRxiv. 2024 Jun 17:2024-06."
Weaning,,42,Mus musculus,2,Female,"Prateek GV, Chen Z, Wright K, Di Francesco A, Jojic V, Churchill GA, Raj A. Longitudinal analysis of body weight reveals homeostatic and adaptive traits linked to lifespan in diversity outbred mice. bioRxiv. 2024 Jun 17:2024-06."
Body weight (Decline initiates),,549.5,Mus musculus,2,Male,"Petr MA, Alfaras I, Krawcyzk M, Bair WN, Mitchell SJ, Morrell CH, Studenski SA, Price NL, Fishbein KW, Spencer RG, Scheibye-Knudsen M. A cross-sectional study of functional and metabolic changes during aging through the lifespan inMale mice. Elife. 2021 Apr 20;10:e62952."
Female Body growth rate (Peak) (sex selective),,46.5,Mus musculus,2,Female,"Gall GA, Kyle WH. Growth of the laboratory mouse. Theoretical and Applied Genetics. 1968 Jul;38:304-8."
Female Body growth rate (Peak) (sex selective),,46.5,Mus musculus,2,Female,"Gall GA, Kyle WH. Growth of the laboratory mouse. Theoretical and Applied Genetics. 1968 Jul;38:304-8."
Female Body growth rate (Peak) (sex selective),,46.5,Mus musculus,2,Female,"Gall GA, Kyle WH. Growth of the laboratory mouse. Theoretical and Applied Genetics. 1968 Jul;38:304-8."
Female Body growth rate (Peak) (sex selective),,46.5,Mus musculus,2,Female,"Gall GA, Kyle WH. Growth of the laboratory mouse. Theoretical and Applied Genetics. 1968 Jul;38:304-8."
MALE body growth rate (peak) (sex specific),,46.5,Mus musculus,2,Male,"Gall GA, Kyle WH. Growth of the laboratory mouse. Theoretical and Applied Genetics. 1968 Jul;38:304-8."
MALE body growth rate (peak) (sex specific),,51.5,Mus musculus,2,Male,"Gall GA, Kyle WH. Growth of the laboratory mouse. Theoretical and Applied Genetics. 1968 Jul;38:304-8."
MALE body growth rate (peak) (sex specific),,49,Mus musculus,2,Male,"Gall GA, Kyle WH. Growth of the laboratory mouse. Theoretical and Applied Genetics. 1968 Jul;38:304-8."
MALE body growth rate (peak) (sex specific),,49,Mus musculus,2,Male,"Gall GA, Kyle WH. Growth of the laboratory mouse. Theoretical and Applied Genetics. 1968 Jul;38:304-8."
Female Sexual maturity is reached (sex selective),,51,Mus musculus,2,Female,"Gall GA, Kyle WH. Growth of the laboratory mouse. Theoretical and Applied Genetics. 1968 Jul;38:304-8."
Female Sexual maturity is reached (sex selective),,44.4,Mus musculus,2,Female,"Gall GA, Kyle WH. Growth of the laboratory mouse. Theoretical and Applied Genetics. 1968 Jul;38:304-8."
Female Sexual maturity is reached (sex selective),,48.3,Mus musculus,2,Female,"Gall GA, Kyle WH. Growth of the laboratory mouse. Theoretical and Applied Genetics. 1968 Jul;38:304-8."
Female Sexual maturity is reached (sex selective),,41.5,Mus musculus,2,Female,"Gall GA, Kyle WH. Growth of the laboratory mouse. Theoretical and Applied Genetics. 1968 Jul;38:304-8."
Female Sexual maturity is reached (sex selective),,45.2,Mus musculus,2,Female,Castro BM. Age of puberty inFemale mice: relationship to population density and the presence of adultMales.
Female Sexual maturity is reached (sex selective),,46.2,Mus musculus,2,Female,Castro BM. Age of puberty inFemale mice: relationship to population density and the presence of adultMales.
Female Sexual maturity is reached (sex selective),,47.3,Mus musculus,2,Female,Castro BM. Age of puberty inFemale mice: relationship to population density and the presence of adultMales.
Female Sexual maturity is reached (sex selective),,48.6,Mus musculus,2,Female,Castro BM. Age of puberty inFemale mice: relationship to population density and the presence of adultMales.
Female Sexual maturity is reached (sex selective),,48.8,Mus musculus,2,Female,Castro BM. Age of puberty inFemale mice: relationship to population density and the presence of adultMales.
Female Sexual maturity is reached (sex selective),,50,Mus musculus,2,Female,Castro BM. Age of puberty inFemale mice: relationship to population density and the presence of adultMales.
1st centrale to ossify: ossification (Onset),,22.5,Mus musculus,2,Male+Female,"Prochel J, Vogel P, Sánchez-Villagra MR. Hand development and sequence of ossification in the forelimb of the European shrew Crocidura russula (Soricidae) and comparisons across therian mammals. J Anat. 2004 Aug;205(2):99-111. doi: 10.1111/j.0021-8782.2004.00321.x. PMID: 15291793; PMCID: PMC1571333."
1st metacarpal to ossify: ossification (Onset),,17,Mus musculus,2,Male+Female,"Prochel J, Vogel P, Sánchez-Villagra MR. Hand development and sequence of ossification in the forelimb of the European shrew Crocidura russula (Soricidae) and comparisons across therian mammals. J Anat. 2004 Aug;205(2):99-111. doi: 10.1111/j.0021-8782.2004.00321.x. PMID: 15291793; PMCID: PMC1571333."
1st phalange to ossify: ossification (Onset),,17,Mus musculus,2,Male+Female,"Prochel J, Vogel P, Sánchez-Villagra MR. Hand development and sequence of ossification in the forelimb of the European shrew Crocidura russula (Soricidae) and comparisons across therian mammals. J Anat. 2004 Aug;205(2):99-111. doi: 10.1111/j.0021-8782.2004.00321.x. PMID: 15291793; PMCID: PMC1571333."
Female Body growth rate (Peak) (sex selective),Captive,2958.6,Pan troglodytes,2,Female,"Leigh, S.R. and Shea, B.T., 1996. Ontogeny of body size variation in African apes. American Journal of Physical Anthropology: The Official Publication of the American Association of Physical Anthropologists, 99(1), pp.43-65."
Female Body weight reaches 100% of stable value (sex selective),Captive,4748.5,Pan troglodytes,2,Female,"Leigh SR, Shea BT. Ontogeny of body size variation in African apes. American Journal of Physical Anthropology: The Official Publication of the American Association of Physical Anthropologists. 1996 Jan;99(1):43-65."
Female Body weight reaches 50% of stable value (sex selective),Captive,2439.2,Pan troglodytes,2,Female,"Leigh SR, Shea BT. Ontogeny of body size variation in African apes. American Journal of Physical Anthropology: The Official Publication of the American Association of Physical Anthropologists. 1996 Jan;99(1):43-65."
Female Body weight reaches 60% of stable value (sex selective),Captive,2901.1,Pan troglodytes,2,Female,"Leigh SR, Shea BT. Ontogeny of body size variation in African apes. American Journal of Physical Anthropology: The Official Publication of the American Association of Physical Anthropologists. 1996 Jan;99(1):43-65."
Female Body weight reaches 70% of stable value (sex selective),Captive,3363.1,Pan troglodytes,2,Female,"Leigh SR, Shea BT. Ontogeny of body size variation in African apes. American Journal of Physical Anthropology: The Official Publication of the American Association of Physical Anthropologists. 1996 Jan;99(1):43-65."
Female Body weight reaches 80% of stable value (sex selective),Captive,3825,Pan troglodytes,2,Female,"Leigh SR, Shea BT. Ontogeny of body size variation in African apes. American Journal of Physical Anthropology: The Official Publication of the American Association of Physical Anthropologists. 1996 Jan;99(1):43-65."
Female Body weight reaches 90% of stable value (sex selective),Captive,4286.9,Pan troglodytes,2,Female,"Leigh SR, Shea BT. Ontogeny of body size variation in African apes. American Journal of Physical Anthropology: The Official Publication of the American Association of Physical Anthropologists. 1996 Jan;99(1):43-65."
Female Reproductive cessation (sex selective),Captive,18858,Pan troglodytes,2,Female,Chimpanze American Association of Zoo and Aquiariums
Female First reproduction (sex selective),Captive,2433,Pan troglodytes,1,Female,Chimpanze American Association of Zoo and Aquiariums
Female First reproduction (sex selective),Captive+Wild,5316.5,Pan troglodytes,2,Female,"https://esapubs.org/archive/ecol/E090/184/PanTHERIA_1-0_WR05_Aug2008.txt; Jones, K. E., Bielby, J., Cardillo, M., Fritz, S. A., O'Dell, J., Orme, C. D. L., Safi, K., Sechrest, W., Boakes, E. H., Carbone, C., Connolly, C., Cutts, M. J., Foster, J. K., Grenyer, R., Habib, M., Plaster, C. A., Price, S. A., Rigby, E. A., Rist, J., . . . Michener, W. K. (2009). PanTHERIA: a species-level database of life history, ecology, and geography of extant and recently extinct mammals. Ecology, 90(9), 2648-2648. https://doi.org/10.1890/08-1494.1"
Female First reproduction (sex selective),Captive,4185,Pan troglodytes,2,Female,"Knott, C. D. (2001).Female reproductive ecology of the apes: implications for human evolution. Reproductive ecology and human evolution, 429-463."
Female First reproduction (sex selective),Wild,4197.2,Pan troglodytes,2,Female,"Knott, C. D. (2001).Female reproductive ecology of the apes: implications for human evolution. Reproductive ecology and human evolution, 429-463."
Female First reproduction (sex selective),,4258,Pan troglodytes,2,Female,"Lemaître JF, Ronget V, Gaillard JM.Female reproductive senescence across mammals: A high diversity of patterns modulated by life history and mating traits. Mech Ageing Dev. 2020 Dec;192:111377. doi: 10.1016/j.mad.2020.111377. Epub 2020 Oct 5. PMID: 33031803."
Female First reproduction (sex selective),Wild,4391.5,Pan troglodytes,1,Female,Pusey AE. Behavioural changes at adolescence in chimpanzees. Behaviour. 1990 Dec 1:203-46.
Female First reproduction (sex selective),Wild,4841.666667,Pan troglodytes,2,Female,Pusey AE. Behavioural changes at adolescence in chimpanzees. Behaviour. 1990 Dec 1:203-46.
Female First reproduction (sex selective),Wild,5121.5,Pan troglodytes,3,Female,Pusey AE. Behavioural changes at adolescence in chimpanzees. Behaviour. 1990 Dec 1:203-46.
Female Sexual maturity is reached (sex selective),Captive,3341.9,Pan troglodytes,2,Female,"Charvet CJ, Ofori K, Falcone C, Rigby Dames BA. Transcription, structure, and organoids translate time across the lifespan of humans and great apes. PNAS nexus. 2023 Aug;2(8):pgad230."
Female Sexual maturity is reached (sex selective),Wild,4093.8,Pan troglodytes,2,Female,"Charvet CJ, Ofori K, Falcone C, Rigby Dames BA. Transcription, structure, and organoids translate time across the lifespan of humans and great apes. PNAS nexus. 2023 Aug;2(8):pgad230."
Female Reproduction (Peak) (sex selective),Captive,7141.5,Pan troglodytes,2,Female,"Caro TM, Sellen DW, Parish A, Frank R, Brown DM, Voland E, Mulder MB. 1995. Termination of reproduction in nonhuman and humanFemale primates. International Journal of Primatology. 16(2):205-20."
Female Reproduction (Peak) (sex selective),Wild,10098,Pan troglodytes,2,Female,"Thompson, M. E., Jones, J. H., Pusey, A. E., Brewer-Marsden, S., Goodall, J., Marsden, D., ... & Wrangham, R. W. (2007). Aging and fertility patterns in wild chimpanzees provide insights into the evolution of menopause. Current Biology, 17(24), 2150-2156."
Female Sexual maturity is reached (sex selective),Captive,3619,Pan troglodytes,2,Female,"https://genomics.senescence.info/species/dataset.zip; AnAge Build 15; de Magalhaes, J. P., Abidi, Z., Dos Santos, G. A., Avelar, R. A., Barardo, D., Chatsirisupachai, K., Clark, P., De-Souza, E. A., Johnson, E. J., Lopes, I., Novoa, G., Senez, L., Talay, A., Thornton, D., & To, P. K. P. (2024). Human Ageing Genomic Resources: updates on key databases in ageing research. Nucleic Acids Res, 52(D1), D900-D908."
Female Sexual maturity is reached (sex selective),Captive,3290.75,Pan troglodytes,2,Female,"Coe, C. L., Connolly, A. C., Kraemer, H. C., & Levine, S. (1979). Reproductive development and behavior of captiveFemale chimpanzees. Primates, 20(4), 571-582."
Female Sexual maturity is reached (sex selective),Wild,4075.5,Pan troglodytes,2,Female,"Hamada, Y., Udono, T., Teramoto, M. et al. The growth pattern of chimpanzees* Somatic growth and reproductive maturation in Pan troglodytes. Primates 37, 279–295 (1996). https*//doi.org/10.1007/BF02381860; Pusey, A. E. (1978). The physical and social development of wild adolescent chimpanzees (Pan Troglodytes Schweinfurthii). Stanford University."
Female Sexual maturity is reached (sex selective),Captive,3392.95,Pan troglodytes,2,Female,"Hamada, Y., Udono, T., Teramoto, M. et al. The growth pattern of chimpanzees* Somatic growth and reproductive maturation inPan troglodytes . Primates 37, 279–295 (1996). https*//doi.org/10.1007/BF02381860; Pusey, A. E. (1978). The physical and social development of wild adolescent chimpanzees (Pan Troglodytes Schweinfurthii). Stanford University."
Female Sexual maturity is reached (sex selective),Wild,4112,Pan troglodytes,2,Female,"Knott, C.D., 2001.Female reproductive ecology of the apes* implications for human evolution. Reproductive ecology and human evolution, pp.429-463."
Female Sexual maturity is reached (sex selective),,3879.98,Pan troglodytes,2,Female,"https://figshare.com/articles/dataset/Full_Archive/3563457?backTo=/collections/An_amniote_life-history_database_to_perform_comparative_analyses_with_birds_mammals_and_reptiles/3308127; Myhrvold, N. P., Baldridge, E., Chan, B., Sivam, D., Freeman, D. L., & Ernest, S. M. (2015). An amniote life‐history database to perform comparative analyses with birds, mammals, and reptiles: Ecological Archives E096‐269. Ecology, 96(11), 3109-3109."
Female Sexual maturity is reached (sex selective),Wild,3710.5,Pan troglodytes,1,Female,Pusey AE. Behavioural changes at adolescence in chimpanzees. Behaviour. 1990 Dec 1:203-46.
Female Sexual maturity is reached (sex selective),Wild,4258,Pan troglodytes,2,Female,Pusey AE. Behavioural changes at adolescence in chimpanzees. Behaviour. 1990 Dec 1:203-46.
Female Sexual maturity is reached (sex selective),Wild,4915,Pan troglodytes,3,Female,Pusey AE. Behavioural changes at adolescence in chimpanzees. Behaviour. 1990 Dec 1:203-46.
MALE body growth rate (peak) (sex specific),Captive,3337.8,Pan troglodytes,2,Male,"Leigh, S.R. and Shea, B.T., 1996. Ontogeny of body size variation in African apes. American Journal of Physical Anthropology: The Official Publication of the American Association of Physical Anthropologists, 99(1), pp.43-65."
Male Body weight reaches 100% of stable value (sex selective),Captive,4748.5,Pan troglodytes,2,Male,"Leigh SR, Shea BT. Ontogeny of body size variation in African apes. American Journal of Physical Anthropology: The Official Publication of the American Association of Physical Anthropologists. 1996 Jan;99(1):43-65."
Male Body weight reaches 50% of stable value (sex selective),Captive,2600.7,Pan troglodytes,2,Male,"Leigh SR, Shea BT. Ontogeny of body size variation in African apes. American Journal of Physical Anthropology: The Official Publication of the American Association of Physical Anthropologists. 1996 Jan;99(1):43-65."
Male Body weight reaches 60% of stable value (sex selective),Captive,3030.3,Pan troglodytes,2,Male,"Leigh SR, Shea BT. Ontogeny of body size variation in African apes. American Journal of Physical Anthropology: The Official Publication of the American Association of Physical Anthropologists. 1996 Jan;99(1):43-65."
Male Body weight reaches 70% of stable value (sex selective),Captive,3459.8,Pan troglodytes,2,Male,"Leigh SR, Shea BT. Ontogeny of body size variation in African apes. American Journal of Physical Anthropology: The Official Publication of the American Association of Physical Anthropologists. 1996 Jan;99(1):43-65."
Male Body weight reaches 80% of stable value (sex selective),Captive,3889.4,Pan troglodytes,2,Male,"Leigh SR, Shea BT. Ontogeny of body size variation in African apes. American Journal of Physical Anthropology: The Official Publication of the American Association of Physical Anthropologists. 1996 Jan;99(1):43-65."
Male Body weight reaches 90% of stable value (sex selective),Captive,4319,Pan troglodytes,2,Male,"Leigh SR, Shea BT. Ontogeny of body size variation in African apes. American Journal of Physical Anthropology: The Official Publication of the American Association of Physical Anthropologists. 1996 Jan;99(1):43-65."
Male Sexual maturity is reached (sex selective),Captive,3163,Pan troglodytes,2,Male,"https://genomics.senescence.info/species/dataset.zip; AnAge Build 15; de Magalhaes, J. P., Abidi, Z., Dos Santos, G. A., Avelar, R. A., Barardo, D., Chatsirisupachai, K., Clark, P., De-Souza, E. A., Johnson, E. J., Lopes, I., Novoa, G., Senez, L., Talay, A., Thornton, D., & To, P. K. P. (2024). Human Ageing Genomic Resources: updates on key databases in ageing research. Nucleic Acids Res, 52(D1), D900-D908."
Male Sexual maturity is reached (sex selective),,3163,Pan troglodytes,2,Male,"https://figshare.com/articles/dataset/Full_Archive/3563457?backTo=/collections/An_amniote_life-history_database_to_perform_comparative_analyses_with_birds_mammals_and_reptiles/3308127; Myhrvold, N. P., Baldridge, E., Chan, B., Sivam, D., Freeman, D. L., & Ernest, S. M. (2015). An amniote life‐history database to perform comparative analyses with birds, mammals, and reptiles: Ecological Archives E096‐269. Ecology, 96(11), 3109-3109."
1st metacarpal to ossify: ossification (Onset),,126,Pan troglodytes,2,Male+Female,"Prochel J, Vogel P, Sánchez-Villagra MR. Hand development and sequence of ossification in the forelimb of the European shrew Crocidura russula (Soricidae) and comparisons across therian mammals. J Anat. 2004 Aug;205(2):99-111. doi: 10.1111/j.0021-8782.2004.00321.x. PMID: 15291793; PMCID: PMC1571333."
1st phalange to ossify: ossification (Onset),,126,Pan troglodytes,2,Male+Female,"Prochel J, Vogel P, Sánchez-Villagra MR. Hand development and sequence of ossification in the forelimb of the European shrew Crocidura russula (Soricidae) and comparisons across therian mammals. J Anat. 2004 Aug;205(2):99-111. doi: 10.1111/j.0021-8782.2004.00321.x. PMID: 15291793; PMCID: PMC1571333."
90th percentile of fertility cessation,,14113,Pan troglodytes,2,Male+Female,Fragaszy DM. Early behavioral development in capuchins (Cebus). Folia primatologica. 1990 Feb 14;54(3-4):119-28.
Adult brain volume reaches 100% of stable value,,866,Pan troglodytes,2,Male+Female,"Creel, J. (2012). Ontogenetic changes in orangutan brain evolution: Is it heterochrony? (Doctoral dissertation)."
Adult brain volume reaches 55% of stable value,,330,Pan troglodytes,2,Male+Female,"Creel, J. (2012). Ontogenetic changes in orangutan brain evolution: Is it heterochrony? (Doctoral dissertation)."
Adult brain volume reaches 65% of stable value,,393,Pan troglodytes,2,Male+Female,"Creel, J. (2012). Ontogenetic changes in orangutan brain evolution: Is it heterochrony? (Doctoral dissertation)."
Adult brain volume reaches 75% of stable value,,466,Pan troglodytes,2,Male+Female,"Creel, J. (2012). Ontogenetic changes in orangutan brain evolution: Is it heterochrony? (Doctoral dissertation)."
Adult brain volume reaches 85% of stable value,,556,Pan troglodytes,2,Male+Female,"Creel, J. (2012). Ontogenetic changes in orangutan brain evolution: Is it heterochrony? (Doctoral dissertation)."
Adult brain volume reaches 90% of stable value,,613,Pan troglodytes,2,Male+Female,"Creel, J. (2012). Ontogenetic changes in orangutan brain evolution: Is it heterochrony? (Doctoral dissertation)."
Adult brain volume reaches 95% of stable value,,687,Pan troglodytes,2,Male+Female,"Creel, J. (2012). Ontogenetic changes in orangutan brain evolution: Is it heterochrony? (Doctoral dissertation)."
Adult carpal numbers are reached,Captive,1947,Pan troglodytes,2,Male+Female,"Charvet CJ, Ofori K, Falcone C, Rigby Dames BA. Transcription, structure, and organoids translate time across the lifespan of humans and great apes. PNAS nexus. 2023 Aug;2(8):pgad230."
Alkaline phosphatase (Rapid Decline initiates),,3893,Pan troglodytes,2,Female,https://primatedatabase.org
Alkaline phosphatase (Rapid Decline initiates),,3893,Pan troglodytes,2,Male,https://primatedatabase.org
Alkaline phosphatase declines to 100% of its adult value,Captive Laboratory,5179.8,Pan troglodytes,2,Female,https://primatedatabase.org
Alkaline phosphatase declines to 100% of its adult value,,5393.15,Pan troglodytes,2,Male+Female,https://primatedatabase.org
Alkaline phosphatase declines to 150% of its adult value,Captive Laboratory,4816.48,Pan troglodytes,2,Female,https://primatedatabase.org
Alkaline phosphatase declines to 150% of its adult value,,4995.3,Pan troglodytes,2,Male+Female,https://primatedatabase.org
Alkaline phosphatase declines to 200% of its adult value,Captive Laboratory,4453.16,Pan troglodytes,2,Female,https://primatedatabase.org
Alkaline phosphatase declines to 200% of its adult value,,4597.45,Pan troglodytes,2,Male+Female,https://primatedatabase.org
Alkaline phosphatase declines to 250% of its adult value,Captive Laboratory,4089.85,Pan troglodytes,2,Female,https://primatedatabase.org
Alkaline phosphatase declines to 250% of its adult value,,4199.6,Pan troglodytes,2,Male+Female,https://primatedatabase.org
Alkaline phosphatase declines to 300% of its adult value,Captive Laboratory,3726.53,Pan troglodytes,2,Female,https://primatedatabase.org
Alkaline phosphatase declines to 300% of its adult value,,3801.75,Pan troglodytes,2,Male+Female,https://primatedatabase.org
Alkaline phosphatase declines to 350% of its adult value,Captive Laboratory,3363.21,Pan troglodytes,2,Female,https://primatedatabase.org
Alkaline phosphatase declines to 350% of its adult value,,3403.9,Pan troglodytes,2,Male+Female,https://primatedatabase.org
Alkaline phosphatase declines to 400% of its adult value,Captive Laboratory,2999.89,Pan troglodytes,2,Female,https://primatedatabase.org
Alkaline phosphatase declines to 400% of its adult value,,3006.05,Pan troglodytes,2,Male+Female,https://primatedatabase.org
Basion-Prosthion reaches 70% of stable value,,1810.3,Pan troglodytes,2,Male+Female,"Williams, Frank L'Engle. Heterochronic perturbations in the craniofacial evolution of Homo (Neandertals and modern humans) and Pan (P. troglodytes and P. paniscus). University of Massachusetts Amherst, 2001."
Basion-Prosthion reaches 80% of stable value,,2587.8,Pan troglodytes,2,Male+Female,"Williams, Frank L'Engle. Heterochronic perturbations in the craniofacial evolution of Homo (Neandertals and modern humans) and Pan (P. troglodytes and P. paniscus). University of Massachusetts Amherst, 2001."
Basion-Prosthion reaches 90% of stable value,,3579.8,Pan troglodytes,2,Male+Female,"Williams, Frank L'Engle. Heterochronic perturbations in the craniofacial evolution of Homo (Neandertals and modern humans) and Pan (P. troglodytes and P. paniscus). University of Massachusetts Amherst, 2001."
Bicondylar Breadth reaches 70% of stable value,,1112.1,Pan troglodytes,2,Male+Female,"Williams, Frank L'Engle. Heterochronic perturbations in the craniofacial evolution of Homo (Neandertals and modern humans) and Pan (P. troglodytes and P. paniscus). University of Massachusetts Amherst, 2001."
Bicondylar Breadth reaches 80% of stable value,,2005.2,Pan troglodytes,2,Male+Female,"Williams, Frank L'Engle. Heterochronic perturbations in the craniofacial evolution of Homo (Neandertals and modern humans) and Pan (P. troglodytes and P. paniscus). University of Massachusetts Amherst, 2001."
Bicondylar Breadth reaches 90% of stable value,,3157.5,Pan troglodytes,2,Male+Female,"Williams, Frank L'Engle. Heterochronic perturbations in the craniofacial evolution of Homo (Neandertals and modern humans) and Pan (P. troglodytes and P. paniscus). University of Massachusetts Amherst, 2001."
Biectomolare Breadth reaches 70% of stable value,,1000,Pan troglodytes,2,Male+Female,"Williams, Frank L'Engle. Heterochronic perturbations in the craniofacial evolution of Homo (Neandertals and modern humans) and Pan (P. troglodytes and P. paniscus). University of Massachusetts Amherst, 2001."
Biectomolare Breadth reaches 80% of stable value,,1736.2,Pan troglodytes,2,Male+Female,"Williams, Frank L'Engle. Heterochronic perturbations in the craniofacial evolution of Homo (Neandertals and modern humans) and Pan (P. troglodytes and P. paniscus). University of Massachusetts Amherst, 2001."
Biectomolare Breadth reaches 90% of stable value,,2695.8,Pan troglodytes,2,Male+Female,"Williams, Frank L'Engle. Heterochronic perturbations in the craniofacial evolution of Homo (Neandertals and modern humans) and Pan (P. troglodytes and P. paniscus). University of Massachusetts Amherst, 2001."
Bigonial Breadth reaches 70% of stable value,,1517.9,Pan troglodytes,2,Male+Female,"Williams, Frank L'Engle. Heterochronic perturbations in the craniofacial evolution of Homo (Neandertals and modern humans) and Pan (P. troglodytes and P. paniscus). University of Massachusetts Amherst, 2001."
Bigonial Breadth reaches 80% of stable value,,2326.4,Pan troglodytes,2,Male+Female,"Williams, Frank L'Engle. Heterochronic perturbations in the craniofacial evolution of Homo (Neandertals and modern humans) and Pan (P. troglodytes and P. paniscus). University of Massachusetts Amherst, 2001."
Bigonial Breadth reaches 90% of stable value,,3369.6,Pan troglodytes,2,Male+Female,"Williams, Frank L'Engle. Heterochronic perturbations in the craniofacial evolution of Homo (Neandertals and modern humans) and Pan (P. troglodytes and P. paniscus). University of Massachusetts Amherst, 2001."
Biorbital Breadth reaches 70% of stable value,,1288,Pan troglodytes,2,Male+Female,"Williams, Frank L'Engle. Heterochronic perturbations in the craniofacial evolution of Homo (Neandertals and modern humans) and Pan (P. troglodytes and P. paniscus). University of Massachusetts Amherst, 2001."
Biorbital Breadth reaches 80% of stable value,,2117.3,Pan troglodytes,2,Male+Female,"Williams, Frank L'Engle. Heterochronic perturbations in the craniofacial evolution of Homo (Neandertals and modern humans) and Pan (P. troglodytes and P. paniscus). University of Massachusetts Amherst, 2001."
Biorbital Breadth reaches 90% of stable value,,3192.2,Pan troglodytes,2,Male+Female,"Williams, Frank L'Engle. Heterochronic perturbations in the craniofacial evolution of Homo (Neandertals and modern humans) and Pan (P. troglodytes and P. paniscus). University of Massachusetts Amherst, 2001."
Bizygomatic Breadth reaches 70% of stable value,,1377.8,Pan troglodytes,2,Male+Female,"Williams, Frank L'Engle. Heterochronic perturbations in the craniofacial evolution of Homo (Neandertals and modern humans) and Pan (P. troglodytes and P. paniscus). University of Massachusetts Amherst, 2001."
Bizygomatic Breadth reaches 80% of stable value,,2181.9,Pan troglodytes,2,Male+Female,"Williams, Frank L'Engle. Heterochronic perturbations in the craniofacial evolution of Homo (Neandertals and modern humans) and Pan (P. troglodytes and P. paniscus). University of Massachusetts Amherst, 2001."
Bizygomatic Breadth reaches 90% of stable value,,3224.7,Pan troglodytes,2,Male+Female,"Williams, Frank L'Engle. Heterochronic perturbations in the craniofacial evolution of Homo (Neandertals and modern humans) and Pan (P. troglodytes and P. paniscus). University of Massachusetts Amherst, 2001."
Body erect for 1+ minute,Captive,369,Pan troglodytes,2,Female,"Brakke KE, Savage-Rumbaugh ES. Early postural behavior in Pan: Influences on development. Infant Behavior and Development. 1991 Jul 1;14(3):265-88."
Body erect for 1+ minute,Captive,418,Pan troglodytes,2,Male+Female,"Brakke KE, Savage-Rumbaugh ES. Early postural behavior in Pan: Influences on development. Infant Behavior and Development. 1991 Jul 1;14(3):265-88."
Body weight (Decline initiates),,13383,Pan troglodytes,2,Female,https://primatedatabase.org
Calcaneal epiphysis ossification (Onset),Captive,1155.5,Pan troglodytes,2,Female,"Blomquist, G. E. (2009). Brief communication: Methods of sequence heterochrony for describing modular developmental changes in human evolution. Am J Phys Anthropol, 138(2), 231-238."
Calcaneal epiphysis ossification (Onset),Captive,1459.7,Pan troglodytes,2,Male,"Blomquist, G. E. (2009). Brief communication: Methods of sequence heterochrony for describing modular developmental changes in human evolution. Am J Phys Anthropol, 138(2), 231-238."
Canine crown calcification (Onset),Captive,592,Pan troglodytes,2,Male+Female,"Anemone RL, Mooney MP, Siegel MI. Longitudinal study of dental development in chimpanzees of known chronological age: implications for understanding the age at death of Plio-Pleistocene hominids. Am J Phys Anthropol. 1996 Jan;99(1):119-33. doi: 10.1002/(SICI)1096-8644(199601)99:1<119::AID-AJPA7>3.0.CO;2-W. PMID: 8928715."
Canine mandible crown formation,Captive,2433,Pan troglodytes,2,Male+Female,"Macho GA, Wood BA. 1995. The role of time and timing in hominid dental evolution. Evolutionary Anthropology: Issues, News, and Reviews 4(1): 17-31."
Canine mandible eruption,,3393,Pan troglodytes,2,Female,"Holly Smith, B., Crummett, T.L. and Brandt, K.L., 1994. Ages of eruption of primate teeth: a compendium for aging individuals and comparing life histories. American journal of physical anthropology, 37(S19), pp.177-231."
Canine mandible eruption,,3615.6,Pan troglodytes,2,Male,"Holly Smith, B., Crummett, T.L. and Brandt, K.L., 1994. Ages of eruption of primate teeth: a compendium for aging individuals and comparing life histories. American journal of physical anthropology, 37(S19), pp.177-231."
Canine mandible eruption,,3504.3,Pan troglodytes,2,Male+Female,"Holly Smith, B., Crummett, T.L. and Brandt, K.L., 1994. Ages of eruption of primate teeth: a compendium for aging individuals and comparing life histories. American journal of physical anthropology, 37(S19), pp.177-231."
Canine mandible eruption,Wild,4087.67,Pan troglodytes,2,Male+Female,"Machanda Z, Brazeau NF, Bernard AB, Donovan RM, Papakyrikos AM, Wrangham R, Smith TM. Dental eruption in East African wild chimpanzees. Journal of Human Evolution. 2015 May 1;82:137-44."
Canine maxilla eruption,,3539,Pan troglodytes,2,Female,"Holly Smith, B., Crummett, T.L. and Brandt, K.L., 1994. Ages of eruption of primate teeth: a compendium for aging individuals and comparing life histories. American journal of physical anthropology, 37(S19), pp.177-231."
Canine maxilla eruption,,3517.1,Pan troglodytes,2,Male,"Holly Smith, B., Crummett, T.L. and Brandt, K.L., 1994. Ages of eruption of primate teeth: a compendium for aging individuals and comparing life histories. American journal of physical anthropology, 37(S19), pp.177-231."
Canine maxilla eruption,,3528.05,Pan troglodytes,2,Male+Female,"Holly Smith, B., Crummett, T.L. and Brandt, K.L., 1994. Ages of eruption of primate teeth: a compendium for aging individuals and comparing life histories. American journal of physical anthropology, 37(S19), pp.177-231."
Canine maxilla eruption,Wild,4075.5,Pan troglodytes,2,Female,"Machanda Z, Brazeau NF, Bernard AB, Donovan RM, Papakyrikos AM, Wrangham R, Smith TM. Dental eruption in East African wild chimpanzees. Journal of Human Evolution. 2015 May 1;82:137-44."
Canines eruption,,3566.35,Pan troglodytes,2,Male,"Holly Smith, B., Crummett, T.L. and Brandt, K.L., 1994. Ages of eruption of primate teeth: a compendium for aging individuals and comparing life histories. American journal of physical anthropology, 37(S19), pp.177-231."
Canines eruption,,3466,Pan troglodytes,2,Female,"Holly Smith, B., Crummett, T.L. and Brandt, K.L., 1994. Ages of eruption of primate teeth: a compendium for aging individuals and comparing life histories. American journal of physical anthropology, 37(S19), pp.177-231."
Canines eruption,,3516.175,Pan troglodytes,2,Male+Female,"Holly Smith, B., Crummett, T.L. and Brandt, K.L., 1994. Ages of eruption of primate teeth: a compendium for aging individuals and comparing life histories. American journal of physical anthropology, 37(S19), pp.177-231."
Canines eruption,,4081.585,Pan troglodytes,2,Male+Female,"Machanda Z, Brazeau NF, Bernard AB, Donovan RM, Papakyrikos AM, Wrangham R, Smith TM. Dental eruption in East African wild chimpanzees. Journal of Human Evolution. 2015 May 1;82:137-44."
Canine root calcification (Offset),Captive,4652,Pan troglodytes,2,Male+Female,"Anemone RL, Mooney MP, Siegel MI. Longitudinal study of dental development in chimpanzees of known chronological age: implications for understanding the age at death of Plio-Pleistocene hominids. Am J Phys Anthropol. 1996 Jan;99(1):119-33. doi: 10.1002/(SICI)1096-8644(199601)99:1<119::AID-AJPA7>3.0.CO;2-W. PMID: 8928715."
Canine root calcification (Onset),Captive,2833,Pan troglodytes,2,Male+Female,"Anemone RL, Mooney MP, Siegel MI. Longitudinal study of dental development in chimpanzees of known chronological age: implications for understanding the age at death of Plio-Pleistocene hominids. Am J Phys Anthropol. 1996 Jan;99(1):119-33. doi: 10.1002/(SICI)1096-8644(199601)99:1<119::AID-AJPA7>3.0.CO;2-W. PMID: 8928715."
Capitate ossification (Onset),,215,Pan troglodytes,2,Male+Female,"Prochel J, Vogel P, Sánchez-Villagra MR. Hand development and sequence of ossification in the forelimb of the European shrew Crocidura russula (Soricidae) and comparisons across therian mammals. J Anat. 2004 Aug;205(2):99-111. doi: 10.1111/j.0021-8782.2004.00321.x. PMID: 15291793; PMCID: PMC1571333."
Capitulum ossification (Onset),Captive,273.42,Pan troglodytes,2,Male,"Blomquist, G. E. (2009). Brief communication: Methods of sequence heterochrony for describing modular developmental changes in human evolution. Am J Phys Anthropol, 138(2), 231-238."
Climb,Wild,393.3,Pan troglodytes,2,Male+Female,"Bründl AC, Tkaczynski PJ, Nohon Kohou G, Boesch C, Wittig RM, Crockford C. Systematic mapping of developmental milestones in wild chimpanzees Dev Sci. In Press. 2020;e12988. doi:10.1111/desc.12988"
Corpus Height reaches 70% of stable value,,1500.4,Pan troglodytes,2,Male+Female,"Williams, Frank L'Engle. Heterochronic perturbations in the craniofacial evolution of Homo (Neandertals and modern humans) and Pan (P. troglodytes and P. paniscus). University of Massachusetts Amherst, 2001."
Corpus Height reaches 80% of stable value,,2133.7,Pan troglodytes,2,Male+Female,"Williams, Frank L'Engle. Heterochronic perturbations in the craniofacial evolution of Homo (Neandertals and modern humans) and Pan (P. troglodytes and P. paniscus). University of Massachusetts Amherst, 2001."
Corpus Height reaches 90% of stable value,,2959,Pan troglodytes,2,Male+Female,"Williams, Frank L'Engle. Heterochronic perturbations in the craniofacial evolution of Homo (Neandertals and modern humans) and Pan (P. troglodytes and P. paniscus). University of Massachusetts Amherst, 2001."
Corresponding RNA sequencing bpio timepoint 32,Captive,243,Pan troglodytes,2,Male+Female,"Liu X, Han D, Somel M, Jiang X, Hu H, Guijarro P, Zhang N, Mitchell A, Halene T, Ely JJ, Sherwood CC. Disruption of an evolutionarily novel synaptic expression pattern in autism. PLoS biology. 2016 Sep;14(9)."
Corresponding RNA sequencing bpio timepoint 33,Captive,244,Pan troglodytes,2,Male+Female,"Liu X, Han D, Somel M, Jiang X, Hu H, Guijarro P, Zhang N, Mitchell A, Halene T, Ely JJ, Sherwood CC. Disruption of an evolutionarily novel synaptic expression pattern in autism. PLoS biology. 2016 Sep;14(9)."
Corresponding RNA sequencing bpio timepoint 34,Captive,250,Pan troglodytes,2,Male+Female,"Liu X, Han D, Somel M, Jiang X, Hu H, Guijarro P, Zhang N, Mitchell A, Halene T, Ely JJ, Sherwood CC. Disruption of an evolutionarily novel synaptic expression pattern in autism. PLoS biology. 2016 Sep;14(9)."
Corresponding RNA sequencing bpio timepoint 35,Captive,251,Pan troglodytes,2,Male+Female,"Liu X, Han D, Somel M, Jiang X, Hu H, Guijarro P, Zhang N, Mitchell A, Halene T, Ely JJ, Sherwood CC. Disruption of an evolutionarily novel synaptic expression pattern in autism. PLoS biology. 2016 Sep;14(9)."
Corresponding RNA sequencing bpio timepoint 36,Captive,275,Pan troglodytes,2,Male+Female,"Liu X, Han D, Somel M, Jiang X, Hu H, Guijarro P, Zhang N, Mitchell A, Halene T, Ely JJ, Sherwood CC. Disruption of an evolutionarily novel synaptic expression pattern in autism. PLoS biology. 2016 Sep;14(9)."
Corresponding RNA sequencing bpio timepoint 37,Captive,277,Pan troglodytes,2,Male+Female,"Liu X, Han D, Somel M, Jiang X, Hu H, Guijarro P, Zhang N, Mitchell A, Halene T, Ely JJ, Sherwood CC. Disruption of an evolutionarily novel synaptic expression pattern in autism. PLoS biology. 2016 Sep;14(9)."
Corresponding RNA sequencing bpio timepoint 38,Captive,288,Pan troglodytes,2,Male+Female,"Liu X, Han D, Somel M, Jiang X, Hu H, Guijarro P, Zhang N, Mitchell A, Halene T, Ely JJ, Sherwood CC. Disruption of an evolutionarily novel synaptic expression pattern in autism. PLoS biology. 2016 Sep;14(9)."
Corresponding RNA sequencing bpio timepoint 39,Captive,768,Pan troglodytes,2,Male+Female,"Liu X, Han D, Somel M, Jiang X, Hu H, Guijarro P, Zhang N, Mitchell A, Halene T, Ely JJ, Sherwood CC. Disruption of an evolutionarily novel synaptic expression pattern in autism. PLoS biology. 2016 Sep;14(9)."
Corresponding RNA sequencing bpio timepoint 40,Captive,4039,Pan troglodytes,2,Male+Female,"Liu X, Han D, Somel M, Jiang X, Hu H, Guijarro P, Zhang N, Mitchell A, Halene T, Ely JJ, Sherwood CC. Disruption of an evolutionarily novel synaptic expression pattern in autism. PLoS biology. 2016 Sep;14(9)."
Corresponding RNA sequencing bpio timepoint 41,Captive,4221,Pan troglodytes,2,Male+Female,"Liu X, Han D, Somel M, Jiang X, Hu H, Guijarro P, Zhang N, Mitchell A, Halene T, Ely JJ, Sherwood CC. Disruption of an evolutionarily novel synaptic expression pattern in autism. PLoS biology. 2016 Sep;14(9)."
Corresponding RNA sequencing bpio timepoint 42,Captive,6740,Pan troglodytes,2,Male+Female,"Liu X, Han D, Somel M, Jiang X, Hu H, Guijarro P, Zhang N, Mitchell A, Halene T, Ely JJ, Sherwood CC. Disruption of an evolutionarily novel synaptic expression pattern in autism. PLoS biology. 2016 Sep;14(9)."
Corresponding RNA sequencing bpio timepoint 43,Captive,6813,Pan troglodytes,2,Male+Female,"Liu X, Han D, Somel M, Jiang X, Hu H, Guijarro P, Zhang N, Mitchell A, Halene T, Ely JJ, Sherwood CC. Disruption of an evolutionarily novel synaptic expression pattern in autism. PLoS biology. 2016 Sep;14(9)."
Corresponding RNA sequencing bpio timepoint 44,Captive,6995,Pan troglodytes,2,Male+Female,"Liu X, Han D, Somel M, Jiang X, Hu H, Guijarro P, Zhang N, Mitchell A, Halene T, Ely JJ, Sherwood CC. Disruption of an evolutionarily novel synaptic expression pattern in autism. PLoS biology. 2016 Sep;14(9)."
Corresponding RNA sequencing bpio timepoint 45,Captive,7616,Pan troglodytes,2,Male+Female,"Liu X, Han D, Somel M, Jiang X, Hu H, Guijarro P, Zhang N, Mitchell A, Halene T, Ely JJ, Sherwood CC. Disruption of an evolutionarily novel synaptic expression pattern in autism. PLoS biology. 2016 Sep;14(9)."
Corresponding RNA sequencing bpio timepoint 46,Captive,7725,Pan troglodytes,2,Male+Female,"Liu X, Han D, Somel M, Jiang X, Hu H, Guijarro P, Zhang N, Mitchell A, Halene T, Ely JJ, Sherwood CC. Disruption of an evolutionarily novel synaptic expression pattern in autism. PLoS biology. 2016 Sep;14(9)."
Corresponding RNA sequencing bpio timepoint 47,Captive,8017,Pan troglodytes,2,Male+Female,"Liu X, Han D, Somel M, Jiang X, Hu H, Guijarro P, Zhang N, Mitchell A, Halene T, Ely JJ, Sherwood CC. Disruption of an evolutionarily novel synaptic expression pattern in autism. PLoS biology. 2016 Sep;14(9)."
Corresponding RNA sequencing bpio timepoint 48,Captive,8054,Pan troglodytes,2,Male+Female,"Liu X, Han D, Somel M, Jiang X, Hu H, Guijarro P, Zhang N, Mitchell A, Halene T, Ely JJ, Sherwood CC. Disruption of an evolutionarily novel synaptic expression pattern in autism. PLoS biology. 2016 Sep;14(9)."
Corresponding RNA sequencing bpio timepoint 49,Captive,8091,Pan troglodytes,2,Male+Female,"Liu X, Han D, Somel M, Jiang X, Hu H, Guijarro P, Zhang N, Mitchell A, Halene T, Ely JJ, Sherwood CC. Disruption of an evolutionarily novel synaptic expression pattern in autism. PLoS biology. 2016 Sep;14(9)."
Corresponding RNA sequencing bpio timepoint 50,Captive,8529,Pan troglodytes,2,Male+Female,"Liu X, Han D, Somel M, Jiang X, Hu H, Guijarro P, Zhang N, Mitchell A, Halene T, Ely JJ, Sherwood CC. Disruption of an evolutionarily novel synaptic expression pattern in autism. PLoS biology. 2016 Sep;14(9)."
Corresponding RNA sequencing bpio timepoint 51,Captive,9039,Pan troglodytes,2,Male+Female,"Liu X, Han D, Somel M, Jiang X, Hu H, Guijarro P, Zhang N, Mitchell A, Halene T, Ely JJ, Sherwood CC. Disruption of an evolutionarily novel synaptic expression pattern in autism. PLoS biology. 2016 Sep;14(9)."
Corresponding RNA sequencing bpio timepoint 52,Captive,9879,Pan troglodytes,2,Male+Female,"Liu X, Han D, Somel M, Jiang X, Hu H, Guijarro P, Zhang N, Mitchell A, Halene T, Ely JJ, Sherwood CC. Disruption of an evolutionarily novel synaptic expression pattern in autism. PLoS biology. 2016 Sep;14(9)."
Corresponding RNA sequencing bpio timepoint 53,Captive,10135,Pan troglodytes,2,Male+Female,"Liu X, Han D, Somel M, Jiang X, Hu H, Guijarro P, Zhang N, Mitchell A, Halene T, Ely JJ, Sherwood CC. Disruption of an evolutionarily novel synaptic expression pattern in autism. PLoS biology. 2016 Sep;14(9)."
Corresponding RNA sequencing bpio timepoint 54,Captive,10791,Pan troglodytes,2,Male+Female,"Liu X, Han D, Somel M, Jiang X, Hu H, Guijarro P, Zhang N, Mitchell A, Halene T, Ely JJ, Sherwood CC. Disruption of an evolutionarily novel synaptic expression pattern in autism. PLoS biology. 2016 Sep;14(9)."
Corresponding RNA sequencing bpio timepoint 55,Captive,10828,Pan troglodytes,2,Male+Female,"Liu X, Han D, Somel M, Jiang X, Hu H, Guijarro P, Zhang N, Mitchell A, Halene T, Ely JJ, Sherwood CC. Disruption of an evolutionarily novel synaptic expression pattern in autism. PLoS biology. 2016 Sep;14(9)."
Corresponding RNA sequencing bpio timepoint 56,Captive,11485,Pan troglodytes,2,Male+Female,"Liu X, Han D, Somel M, Jiang X, Hu H, Guijarro P, Zhang N, Mitchell A, Halene T, Ely JJ, Sherwood CC. Disruption of an evolutionarily novel synaptic expression pattern in autism. PLoS biology. 2016 Sep;14(9)."
Corresponding RNA sequencing bpio timepoint 57,Captive,11631,Pan troglodytes,2,Male+Female,"Liu X, Han D, Somel M, Jiang X, Hu H, Guijarro P, Zhang N, Mitchell A, Halene T, Ely JJ, Sherwood CC. Disruption of an evolutionarily novel synaptic expression pattern in autism. PLoS biology. 2016 Sep;14(9)."
Corresponding RNA sequencing bpio timepoint 58,Captive,12069,Pan troglodytes,2,Male+Female,"Liu X, Han D, Somel M, Jiang X, Hu H, Guijarro P, Zhang N, Mitchell A, Halene T, Ely JJ, Sherwood CC. Disruption of an evolutionarily novel synaptic expression pattern in autism. PLoS biology. 2016 Sep;14(9)."
Corresponding RNA sequencing bpio timepoint 59,Captive,12835,Pan troglodytes,2,Male+Female,"Liu X, Han D, Somel M, Jiang X, Hu H, Guijarro P, Zhang N, Mitchell A, Halene T, Ely JJ, Sherwood CC. Disruption of an evolutionarily novel synaptic expression pattern in autism. PLoS biology. 2016 Sep;14(9)."
Corresponding RNA sequencing bpio timepoint 60,Captive,13027,Pan troglodytes,2,Male+Female,"Liu X, Han D, Somel M, Jiang X, Hu H, Guijarro P, Zhang N, Mitchell A, Halene T, Ely JJ, Sherwood CC. Disruption of an evolutionarily novel synaptic expression pattern in autism. PLoS biology. 2016 Sep;14(9)."
Corresponding RNA sequencing bpio timepoint 61,Captive,14807,Pan troglodytes,2,Male+Female,"Liu X, Han D, Somel M, Jiang X, Hu H, Guijarro P, Zhang N, Mitchell A, Halene T, Ely JJ, Sherwood CC. Disruption of an evolutionarily novel synaptic expression pattern in autism. PLoS biology. 2016 Sep;14(9)."
Corresponding RNA sequencing bpio timepoint 62,Captive,15792,Pan troglodytes,2,Male+Female,"Liu X, Han D, Somel M, Jiang X, Hu H, Guijarro P, Zhang N, Mitchell A, Halene T, Ely JJ, Sherwood CC. Disruption of an evolutionarily novel synaptic expression pattern in autism. PLoS biology. 2016 Sep;14(9)."
Cranial Base Height reaches 70% of stable value,,845.6,Pan troglodytes,2,Male+Female,"Williams, Frank L'Engle. Heterochronic perturbations in the craniofacial evolution of Homo (Neandertals and modern humans) and Pan (P. troglodytes and P. paniscus). University of Massachusetts Amherst, 2001."
Cranial Base Height reaches 80% of stable value,,1599.3,Pan troglodytes,2,Male+Female,"Williams, Frank L'Engle. Heterochronic perturbations in the craniofacial evolution of Homo (Neandertals and modern humans) and Pan (P. troglodytes and P. paniscus). University of Massachusetts Amherst, 2001."
Cranial Base Height reaches 90% of stable value,,2577.2,Pan troglodytes,2,Male+Female,"Williams, Frank L'Engle. Heterochronic perturbations in the craniofacial evolution of Homo (Neandertals and modern humans) and Pan (P. troglodytes and P. paniscus). University of Massachusetts Amherst, 2001."
Crawl (Onset),Captive,337.5,Pan troglodytes,2,Male,"Potì, P., & Spinozzi, G. (1994). Early sensorimotor development in chimpanzees (Pan troglodytes). Journal of Comparative Psychology, 108(1), 93."
Creatinine % plateaus,Captive Laboratory,4299.92,Pan troglodytes,2,Female,https://primatedatabase.org
Creatinine % plateaus,Captive Laboratory,4773.53,Pan troglodytes,2,Male,https://primatedatabase.org
Creatinine % plateaus,Captive,4371.15,Pan troglodytes,2,Male+Female,https://primatedatabase.org
Creatinine % reaches 60% of the plateau,Captive Laboratory,461.414,Pan troglodytes,2,Female,https://primatedatabase.org
Creatinine % reaches 60% of the plateau,Captive Laboratory,1811.62,Pan troglodytes,2,Male,https://primatedatabase.org
Creatinine % reaches 60% of the plateau,Captive,1305.15,Pan troglodytes,2,Male+Female,https://primatedatabase.org
Creatinine % reaches 70% of the plateau,Captive Laboratory,1421.04,Pan troglodytes,2,Female,https://primatedatabase.org
Creatinine % reaches 70% of the plateau,Captive Laboratory,2552.1,Pan troglodytes,2,Male,https://primatedatabase.org
Creatinine % reaches 70% of the plateau,Captive,2071.65,Pan troglodytes,2,Male+Female,https://primatedatabase.org
Creatinine % reaches 80% of the plateau,Captive Laboratory,2380.67,Pan troglodytes,2,Female,https://primatedatabase.org
Creatinine % reaches 80% of the plateau,Captive Laboratory,3292.58,Pan troglodytes,2,Male,https://primatedatabase.org
Creatinine % reaches 80% of the plateau,Captive,2838.15,Pan troglodytes,2,Male+Female,https://primatedatabase.org
Creatinine % reaches 90% of the plateau,Captive Laboratory,3340.3,Pan troglodytes,2,Female,https://primatedatabase.org
Creatinine % reaches 90% of the plateau,Captive Laboratory,4033.05,Pan troglodytes,2,Male,https://primatedatabase.org
Creatinine % reaches 90% of the plateau,Captive,3604.65,Pan troglodytes,2,Male+Female,https://primatedatabase.org
Creep (quadrupedally),Captive,341,Pan troglodytes,2,Female,"Brakke KE, Savage-Rumbaugh ES. Early postural behavior in Pan: Influences on development. Infant Behavior and Development. 1991 Jul 1;14(3):265-88."
Creep (quadrupedally),Captive,383,Pan troglodytes,2,Male+Female,"Brakke KE, Savage-Rumbaugh ES. Early postural behavior in Pan: Influences on development. Infant Behavior and Development. 1991 Jul 1;14(3):265-88."
Deciduous canine mandible eruption,,651.8,Pan troglodytes,2,Male+Female,"Holly Smith, B., Crummett, T.L. and Brandt, K.L., 1994. Ages of eruption of primate teeth: a compendium for aging individuals and comparing life histories. American journal of physical anthropology, 37(S19), pp.177-231."
Deciduous canine maxilla eruption,,615.3,Pan troglodytes,2,Male+Female,"Holly Smith, B., Crummett, T.L. and Brandt, K.L., 1994. Ages of eruption of primate teeth: a compendium for aging individuals and comparing life histories. American journal of physical anthropology, 37(S19), pp.177-231."
Deciduous teeth eruption (Offset),,651.8,Pan troglodytes,2,Male+Female,"Holly Smith, B., Crummett, T.L. and Brandt, K.L., 1994. Ages of eruption of primate teeth: a compendium for aging individuals and comparing life histories. American journal of physical anthropology, 37(S19), pp.177-231."
Deciduous teeth eruption (Onset),,334.3,Pan troglodytes,2,Male+Female,"Holly Smith, B., Crummett, T.L. and Brandt, K.L., 1994. Ages of eruption of primate teeth: a compendium for aging individuals and comparing life histories. American journal of physical anthropology, 37(S19), pp.177-231."
Deciduous incisors eruption,,352.5,Pan troglodytes,2,Male+Female,"Holly Smith, B., Crummett, T.L. and Brandt, K.L., 1994. Ages of eruption of primate teeth: a compendium for aging individuals and comparing life histories. American journal of physical anthropology, 37(S19), pp.177-231."
Deciduous incisors maxilla eruption,,348.85,Pan troglodytes,2,Male+Female,"Holly Smith, B., Crummett, T.L. and Brandt, K.L., 1994. Ages of eruption of primate teeth: a compendium for aging individuals and comparing life histories. American journal of physical anthropology, 37(S19), pp.177-231."
Deciduous incisors mandible eruption,,356.15,Pan troglodytes,2,Male+Female,"Holly Smith, B., Crummett, T.L. and Brandt, K.L., 1994. Ages of eruption of primate teeth: a compendium for aging individuals and comparing life histories. American journal of physical anthropology, 37(S19), pp.177-231."
Diffusion tensor images (DTI) scalars: Fractional Anisotropy (FA) Radial Diffusivity (RD) Mean Diffusivity (MD) 1,Captive,4988,Pan troglodytes,2,Male+Female,"Chen X, Errangi B, Li L, Glasser MF, Westlye LT, Fjell AM, Walhovd KB, Hu X, Herndon JG, Preuss TM, Rilling JK. Brain aging in humans, chimpanzees (Pan troglodytes), and rhesus macaques (Macaca mulatta): magnetic resonance imaging studies of macro- and microstructural changes. Neurobiol Aging. 2013 Oct;34(10):2248-60. doi: 10.1016/j.neurobiolaging.2013.03.028. Epub 2013 Apr 24. PMID: 23623601; PMCID: PMC3777544."
Diffusion tensor images (DTI) scalars: Fractional Anisotropy (FA) Radial Diffusivity (RD) Mean Diffusivity (MD) 10,Captive,8273,Pan troglodytes,2,Male+Female,"Chen X, Errangi B, Li L, Glasser MF, Westlye LT, Fjell AM, Walhovd KB, Hu X, Herndon JG, Preuss TM, Rilling JK. Brain aging in humans, chimpanzees (Pan troglodytes), and rhesus macaques (Macaca mulatta): magnetic resonance imaging studies of macro- and microstructural changes. Neurobiol Aging. 2013 Oct;34(10):2248-60. doi: 10.1016/j.neurobiolaging.2013.03.028. Epub 2013 Apr 24. PMID: 23623601; PMCID: PMC3777544."
Diffusion tensor images (DTI) scalars: Fractional Anisotropy (FA) Radial Diffusivity (RD) Mean Diffusivity (MD) 11,Captive,8638,Pan troglodytes,2,Male+Female,"Chen X, Errangi B, Li L, Glasser MF, Westlye LT, Fjell AM, Walhovd KB, Hu X, Herndon JG, Preuss TM, Rilling JK. Brain aging in humans, chimpanzees (Pan troglodytes), and rhesus macaques (Macaca mulatta): magnetic resonance imaging studies of macro- and microstructural changes. Neurobiol Aging. 2013 Oct;34(10):2248-60. doi: 10.1016/j.neurobiolaging.2013.03.028. Epub 2013 Apr 24. PMID: 23623601; PMCID: PMC3777544."
Diffusion tensor images (DTI) scalars: Fractional Anisotropy (FA) Radial Diffusivity (RD) Mean Diffusivity (MD) 12,Captive,9003,Pan troglodytes,2,Male+Female,"Chen X, Errangi B, Li L, Glasser MF, Westlye LT, Fjell AM, Walhovd KB, Hu X, Herndon JG, Preuss TM, Rilling JK. Brain aging in humans, chimpanzees (Pan troglodytes), and rhesus macaques (Macaca mulatta): magnetic resonance imaging studies of macro- and microstructural changes. Neurobiol Aging. 2013 Oct;34(10):2248-60. doi: 10.1016/j.neurobiolaging.2013.03.028. Epub 2013 Apr 24. PMID: 23623601; PMCID: PMC3777544."
Diffusion tensor images (DTI) scalars: Fractional Anisotropy (FA) Radial Diffusivity (RD) Mean Diffusivity (MD) 13,Captive,9368,Pan troglodytes,2,Male+Female,"Chen X, Errangi B, Li L, Glasser MF, Westlye LT, Fjell AM, Walhovd KB, Hu X, Herndon JG, Preuss TM, Rilling JK. Brain aging in humans, chimpanzees (Pan troglodytes), and rhesus macaques (Macaca mulatta): magnetic resonance imaging studies of macro- and microstructural changes. Neurobiol Aging. 2013 Oct;34(10):2248-60. doi: 10.1016/j.neurobiolaging.2013.03.028. Epub 2013 Apr 24. PMID: 23623601; PMCID: PMC3777544."
Diffusion tensor images (DTI) scalars: Fractional Anisotropy (FA) Radial Diffusivity (RD) Mean Diffusivity (MD) 14,Captive,9733,Pan troglodytes,2,Male+Female,"Chen X, Errangi B, Li L, Glasser MF, Westlye LT, Fjell AM, Walhovd KB, Hu X, Herndon JG, Preuss TM, Rilling JK. Brain aging in humans, chimpanzees (Pan troglodytes), and rhesus macaques (Macaca mulatta): magnetic resonance imaging studies of macro- and microstructural changes. Neurobiol Aging. 2013 Oct;34(10):2248-60. doi: 10.1016/j.neurobiolaging.2013.03.028. Epub 2013 Apr 24. PMID: 23623601; PMCID: PMC3777544."
Diffusion tensor images (DTI) scalars: Fractional Anisotropy (FA) Radial Diffusivity (RD) Mean Diffusivity (MD) 15,Captive,10098,Pan troglodytes,2,Male+Female,"Chen X, Errangi B, Li L, Glasser MF, Westlye LT, Fjell AM, Walhovd KB, Hu X, Herndon JG, Preuss TM, Rilling JK. Brain aging in humans, chimpanzees (Pan troglodytes), and rhesus macaques (Macaca mulatta): magnetic resonance imaging studies of macro- and microstructural changes. Neurobiol Aging. 2013 Oct;34(10):2248-60. doi: 10.1016/j.neurobiolaging.2013.03.028. Epub 2013 Apr 24. PMID: 23623601; PMCID: PMC3777544."
Diffusion tensor images (DTI) scalars: Fractional Anisotropy (FA) Radial Diffusivity (RD) Mean Diffusivity (MD) 16,Captive,10463,Pan troglodytes,2,Male+Female,"Chen X, Errangi B, Li L, Glasser MF, Westlye LT, Fjell AM, Walhovd KB, Hu X, Herndon JG, Preuss TM, Rilling JK. Brain aging in humans, chimpanzees (Pan troglodytes), and rhesus macaques (Macaca mulatta): magnetic resonance imaging studies of macro- and microstructural changes. Neurobiol Aging. 2013 Oct;34(10):2248-60. doi: 10.1016/j.neurobiolaging.2013.03.028. Epub 2013 Apr 24. PMID: 23623601; PMCID: PMC3777544."
Diffusion tensor images (DTI) scalars: Fractional Anisotropy (FA) Radial Diffusivity (RD) Mean Diffusivity (MD) 17,Captive,10828,Pan troglodytes,2,Male+Female,"Chen X, Errangi B, Li L, Glasser MF, Westlye LT, Fjell AM, Walhovd KB, Hu X, Herndon JG, Preuss TM, Rilling JK. Brain aging in humans, chimpanzees (Pan troglodytes), and rhesus macaques (Macaca mulatta): magnetic resonance imaging studies of macro- and microstructural changes. Neurobiol Aging. 2013 Oct;34(10):2248-60. doi: 10.1016/j.neurobiolaging.2013.03.028. Epub 2013 Apr 24. PMID: 23623601; PMCID: PMC3777544."
Diffusion tensor images (DTI) scalars: Fractional Anisotropy (FA) Radial Diffusivity (RD) Mean Diffusivity (MD) 18,Captive,11193,Pan troglodytes,2,Male+Female,"Chen X, Errangi B, Li L, Glasser MF, Westlye LT, Fjell AM, Walhovd KB, Hu X, Herndon JG, Preuss TM, Rilling JK. Brain aging in humans, chimpanzees (Pan troglodytes), and rhesus macaques (Macaca mulatta): magnetic resonance imaging studies of macro- and microstructural changes. Neurobiol Aging. 2013 Oct;34(10):2248-60. doi: 10.1016/j.neurobiolaging.2013.03.028. Epub 2013 Apr 24. PMID: 23623601; PMCID: PMC3777544."
Diffusion tensor images (DTI) scalars: Fractional Anisotropy (FA) Radial Diffusivity (RD) Mean Diffusivity (MD) 19,Captive,11558,Pan troglodytes,2,Male+Female,"Chen X, Errangi B, Li L, Glasser MF, Westlye LT, Fjell AM, Walhovd KB, Hu X, Herndon JG, Preuss TM, Rilling JK. Brain aging in humans, chimpanzees (Pan troglodytes), and rhesus macaques (Macaca mulatta): magnetic resonance imaging studies of macro- and microstructural changes. Neurobiol Aging. 2013 Oct;34(10):2248-60. doi: 10.1016/j.neurobiolaging.2013.03.028. Epub 2013 Apr 24. PMID: 23623601; PMCID: PMC3777544."
Diffusion tensor images (DTI) scalars: Fractional Anisotropy (FA) Radial Diffusivity (RD) Mean Diffusivity (MD) 2,Captive,5353,Pan troglodytes,2,Male+Female,"Chen X, Errangi B, Li L, Glasser MF, Westlye LT, Fjell AM, Walhovd KB, Hu X, Herndon JG, Preuss TM, Rilling JK. Brain aging in humans, chimpanzees (Pan troglodytes), and rhesus macaques (Macaca mulatta): magnetic resonance imaging studies of macro- and microstructural changes. Neurobiol Aging. 2013 Oct;34(10):2248-60. doi: 10.1016/j.neurobiolaging.2013.03.028. Epub 2013 Apr 24. PMID: 23623601; PMCID: PMC3777544."
Diffusion tensor images (DTI) scalars: Fractional Anisotropy (FA) Radial Diffusivity (RD) Mean Diffusivity (MD) 20,Captive,11923,Pan troglodytes,2,Male+Female,"Chen X, Errangi B, Li L, Glasser MF, Westlye LT, Fjell AM, Walhovd KB, Hu X, Herndon JG, Preuss TM, Rilling JK. Brain aging in humans, chimpanzees (Pan troglodytes), and rhesus macaques (Macaca mulatta): magnetic resonance imaging studies of macro- and microstructural changes. Neurobiol Aging. 2013 Oct;34(10):2248-60. doi: 10.1016/j.neurobiolaging.2013.03.028. Epub 2013 Apr 24. PMID: 23623601; PMCID: PMC3777544."
Diffusion tensor images (DTI) scalars: Fractional Anisotropy (FA) Radial Diffusivity (RD) Mean Diffusivity (MD) 21,Captive,12288,Pan troglodytes,2,Male+Female,"Chen X, Errangi B, Li L, Glasser MF, Westlye LT, Fjell AM, Walhovd KB, Hu X, Herndon JG, Preuss TM, Rilling JK. Brain aging in humans, chimpanzees (Pan troglodytes), and rhesus macaques (Macaca mulatta): magnetic resonance imaging studies of macro- and microstructural changes. Neurobiol Aging. 2013 Oct;34(10):2248-60. doi: 10.1016/j.neurobiolaging.2013.03.028. Epub 2013 Apr 24. PMID: 23623601; PMCID: PMC3777544."
Diffusion tensor images (DTI) scalars: Fractional Anisotropy (FA) Radial Diffusivity (RD) Mean Diffusivity (MD) 22,Captive,12653,Pan troglodytes,2,Male+Female,"Chen X, Errangi B, Li L, Glasser MF, Westlye LT, Fjell AM, Walhovd KB, Hu X, Herndon JG, Preuss TM, Rilling JK. Brain aging in humans, chimpanzees (Pan troglodytes), and rhesus macaques (Macaca mulatta): magnetic resonance imaging studies of macro- and microstructural changes. Neurobiol Aging. 2013 Oct;34(10):2248-60. doi: 10.1016/j.neurobiolaging.2013.03.028. Epub 2013 Apr 24. PMID: 23623601; PMCID: PMC3777544."
Diffusion tensor images (DTI) scalars: Fractional Anisotropy (FA) Radial Diffusivity (RD) Mean Diffusivity (MD) 23,Captive,13018,Pan troglodytes,2,Male+Female,"Chen X, Errangi B, Li L, Glasser MF, Westlye LT, Fjell AM, Walhovd KB, Hu X, Herndon JG, Preuss TM, Rilling JK. Brain aging in humans, chimpanzees (Pan troglodytes), and rhesus macaques (Macaca mulatta): magnetic resonance imaging studies of macro- and microstructural changes. Neurobiol Aging. 2013 Oct;34(10):2248-60. doi: 10.1016/j.neurobiolaging.2013.03.028. Epub 2013 Apr 24. PMID: 23623601; PMCID: PMC3777544."
Diffusion tensor images (DTI) scalars: Fractional Anisotropy (FA) Radial Diffusivity (RD) Mean Diffusivity (MD) 24,Captive,13383,Pan troglodytes,2,Male+Female,"Chen X, Errangi B, Li L, Glasser MF, Westlye LT, Fjell AM, Walhovd KB, Hu X, Herndon JG, Preuss TM, Rilling JK. Brain aging in humans, chimpanzees (Pan troglodytes), and rhesus macaques (Macaca mulatta): magnetic resonance imaging studies of macro- and microstructural changes. Neurobiol Aging. 2013 Oct;34(10):2248-60. doi: 10.1016/j.neurobiolaging.2013.03.028. Epub 2013 Apr 24. PMID: 23623601; PMCID: PMC3777544."
Diffusion tensor images (DTI) scalars: Fractional Anisotropy (FA) Radial Diffusivity (RD) Mean Diffusivity (MD) 25,Captive,13748,Pan troglodytes,2,Male+Female,"Chen X, Errangi B, Li L, Glasser MF, Westlye LT, Fjell AM, Walhovd KB, Hu X, Herndon JG, Preuss TM, Rilling JK. Brain aging in humans, chimpanzees (Pan troglodytes), and rhesus macaques (Macaca mulatta): magnetic resonance imaging studies of macro- and microstructural changes. Neurobiol Aging. 2013 Oct;34(10):2248-60. doi: 10.1016/j.neurobiolaging.2013.03.028. Epub 2013 Apr 24. PMID: 23623601; PMCID: PMC3777544."
Diffusion tensor images (DTI) scalars: Fractional Anisotropy (FA) Radial Diffusivity (RD) Mean Diffusivity (MD) 26,Captive,14113,Pan troglodytes,2,Male+Female,"Chen X, Errangi B, Li L, Glasser MF, Westlye LT, Fjell AM, Walhovd KB, Hu X, Herndon JG, Preuss TM, Rilling JK. Brain aging in humans, chimpanzees (Pan troglodytes), and rhesus macaques (Macaca mulatta): magnetic resonance imaging studies of macro- and microstructural changes. Neurobiol Aging. 2013 Oct;34(10):2248-60. doi: 10.1016/j.neurobiolaging.2013.03.028. Epub 2013 Apr 24. PMID: 23623601; PMCID: PMC3777544."
Diffusion tensor images (DTI) scalars: Fractional Anisotropy (FA) Radial Diffusivity (RD) Mean Diffusivity (MD) 27,Captive,14478,Pan troglodytes,2,Male+Female,"Chen X, Errangi B, Li L, Glasser MF, Westlye LT, Fjell AM, Walhovd KB, Hu X, Herndon JG, Preuss TM, Rilling JK. Brain aging in humans, chimpanzees (Pan troglodytes), and rhesus macaques (Macaca mulatta): magnetic resonance imaging studies of macro- and microstructural changes. Neurobiol Aging. 2013 Oct;34(10):2248-60. doi: 10.1016/j.neurobiolaging.2013.03.028. Epub 2013 Apr 24. PMID: 23623601; PMCID: PMC3777544."
Diffusion tensor images (DTI) scalars: Fractional Anisotropy (FA) Radial Diffusivity (RD) Mean Diffusivity (MD) 28,Captive,14843,Pan troglodytes,2,Male+Female,"Chen X, Errangi B, Li L, Glasser MF, Westlye LT, Fjell AM, Walhovd KB, Hu X, Herndon JG, Preuss TM, Rilling JK. Brain aging in humans, chimpanzees (Pan troglodytes), and rhesus macaques (Macaca mulatta): magnetic resonance imaging studies of macro- and microstructural changes. Neurobiol Aging. 2013 Oct;34(10):2248-60. doi: 10.1016/j.neurobiolaging.2013.03.028. Epub 2013 Apr 24. PMID: 23623601; PMCID: PMC3777544."
Diffusion tensor images (DTI) scalars: Fractional Anisotropy (FA) Radial Diffusivity (RD) Mean Diffusivity (MD) 29,Captive,15208,Pan troglodytes,2,Male+Female,"Chen X, Errangi B, Li L, Glasser MF, Westlye LT, Fjell AM, Walhovd KB, Hu X, Herndon JG, Preuss TM, Rilling JK. Brain aging in humans, chimpanzees (Pan troglodytes), and rhesus macaques (Macaca mulatta): magnetic resonance imaging studies of macro- and microstructural changes. Neurobiol Aging. 2013 Oct;34(10):2248-60. doi: 10.1016/j.neurobiolaging.2013.03.028. Epub 2013 Apr 24. PMID: 23623601; PMCID: PMC3777544."
Diffusion tensor images (DTI) scalars: Fractional Anisotropy (FA) Radial Diffusivity (RD) Mean Diffusivity (MD) 3,Captive,5718,Pan troglodytes,2,Male+Female,"Chen X, Errangi B, Li L, Glasser MF, Westlye LT, Fjell AM, Walhovd KB, Hu X, Herndon JG, Preuss TM, Rilling JK. Brain aging in humans, chimpanzees (Pan troglodytes), and rhesus macaques (Macaca mulatta): magnetic resonance imaging studies of macro- and microstructural changes. Neurobiol Aging. 2013 Oct;34(10):2248-60. doi: 10.1016/j.neurobiolaging.2013.03.028. Epub 2013 Apr 24. PMID: 23623601; PMCID: PMC3777544."
Diffusion tensor images (DTI) scalars: Fractional Anisotropy (FA) Radial Diffusivity (RD) Mean Diffusivity (MD) 30,Captive,15573,Pan troglodytes,2,Male+Female,"Chen X, Errangi B, Li L, Glasser MF, Westlye LT, Fjell AM, Walhovd KB, Hu X, Herndon JG, Preuss TM, Rilling JK. Brain aging in humans, chimpanzees (Pan troglodytes), and rhesus macaques (Macaca mulatta): magnetic resonance imaging studies of macro- and microstructural changes. Neurobiol Aging. 2013 Oct;34(10):2248-60. doi: 10.1016/j.neurobiolaging.2013.03.028. Epub 2013 Apr 24. PMID: 23623601; PMCID: PMC3777544."
Diffusion tensor images (DTI) scalars: Fractional Anisotropy (FA) Radial Diffusivity (RD) Mean Diffusivity (MD) 31,Captive,15938,Pan troglodytes,2,Male+Female,"Chen X, Errangi B, Li L, Glasser MF, Westlye LT, Fjell AM, Walhovd KB, Hu X, Herndon JG, Preuss TM, Rilling JK. Brain aging in humans, chimpanzees (Pan troglodytes), and rhesus macaques (Macaca mulatta): magnetic resonance imaging studies of macro- and microstructural changes. Neurobiol Aging. 2013 Oct;34(10):2248-60. doi: 10.1016/j.neurobiolaging.2013.03.028. Epub 2013 Apr 24. PMID: 23623601; PMCID: PMC3777544."
Diffusion tensor images (DTI) scalars: Fractional Anisotropy (FA) Radial Diffusivity (RD) Mean Diffusivity (MD) 32,Captive,16303,Pan troglodytes,2,Male+Female,"Chen X, Errangi B, Li L, Glasser MF, Westlye LT, Fjell AM, Walhovd KB, Hu X, Herndon JG, Preuss TM, Rilling JK. Brain aging in humans, chimpanzees (Pan troglodytes), and rhesus macaques (Macaca mulatta): magnetic resonance imaging studies of macro- and microstructural changes. Neurobiol Aging. 2013 Oct;34(10):2248-60. doi: 10.1016/j.neurobiolaging.2013.03.028. Epub 2013 Apr 24. PMID: 23623601; PMCID: PMC3777544."
Diffusion tensor images (DTI) scalars: Fractional Anisotropy (FA) Radial Diffusivity (RD) Mean Diffusivity (MD) 33,Captive,16668,Pan troglodytes,2,Male+Female,"Chen X, Errangi B, Li L, Glasser MF, Westlye LT, Fjell AM, Walhovd KB, Hu X, Herndon JG, Preuss TM, Rilling JK. Brain aging in humans, chimpanzees (Pan troglodytes), and rhesus macaques (Macaca mulatta): magnetic resonance imaging studies of macro- and microstructural changes. Neurobiol Aging. 2013 Oct;34(10):2248-60. doi: 10.1016/j.neurobiolaging.2013.03.028. Epub 2013 Apr 24. PMID: 23623601; PMCID: PMC3777544."
Diffusion tensor images (DTI) scalars: Fractional Anisotropy (FA) Radial Diffusivity (RD) Mean Diffusivity (MD) 34,Captive,17033,Pan troglodytes,2,Male+Female,"Chen X, Errangi B, Li L, Glasser MF, Westlye LT, Fjell AM, Walhovd KB, Hu X, Herndon JG, Preuss TM, Rilling JK. Brain aging in humans, chimpanzees (Pan troglodytes), and rhesus macaques (Macaca mulatta): magnetic resonance imaging studies of macro- and microstructural changes. Neurobiol Aging. 2013 Oct;34(10):2248-60. doi: 10.1016/j.neurobiolaging.2013.03.028. Epub 2013 Apr 24. PMID: 23623601; PMCID: PMC3777544."
Diffusion tensor images (DTI) scalars: Fractional Anisotropy (FA) Radial Diffusivity (RD) Mean Diffusivity (MD) 35,Captive,17398,Pan troglodytes,2,Male+Female,"Chen X, Errangi B, Li L, Glasser MF, Westlye LT, Fjell AM, Walhovd KB, Hu X, Herndon JG, Preuss TM, Rilling JK. Brain aging in humans, chimpanzees (Pan troglodytes), and rhesus macaques (Macaca mulatta): magnetic resonance imaging studies of macro- and microstructural changes. Neurobiol Aging. 2013 Oct;34(10):2248-60. doi: 10.1016/j.neurobiolaging.2013.03.028. Epub 2013 Apr 24. PMID: 23623601; PMCID: PMC3777544."
Diffusion tensor images (DTI) scalars: Fractional Anisotropy (FA) Radial Diffusivity (RD) Mean Diffusivity (MD) 36,Captive,17763,Pan troglodytes,2,Male+Female,"Chen X, Errangi B, Li L, Glasser MF, Westlye LT, Fjell AM, Walhovd KB, Hu X, Herndon JG, Preuss TM, Rilling JK. Brain aging in humans, chimpanzees (Pan troglodytes), and rhesus macaques (Macaca mulatta): magnetic resonance imaging studies of macro- and microstructural changes. Neurobiol Aging. 2013 Oct;34(10):2248-60. doi: 10.1016/j.neurobiolaging.2013.03.028. Epub 2013 Apr 24. PMID: 23623601; PMCID: PMC3777544."
Diffusion tensor images (DTI) scalars: Fractional Anisotropy (FA) Radial Diffusivity (RD) Mean Diffusivity (MD) 37,Captive,18128,Pan troglodytes,2,Male+Female,"Chen X, Errangi B, Li L, Glasser MF, Westlye LT, Fjell AM, Walhovd KB, Hu X, Herndon JG, Preuss TM, Rilling JK. Brain aging in humans, chimpanzees (Pan troglodytes), and rhesus macaques (Macaca mulatta): magnetic resonance imaging studies of macro- and microstructural changes. Neurobiol Aging. 2013 Oct;34(10):2248-60. doi: 10.1016/j.neurobiolaging.2013.03.028. Epub 2013 Apr 24. PMID: 23623601; PMCID: PMC3777544."
Diffusion tensor images (DTI) scalars: Fractional Anisotropy (FA) Radial Diffusivity (RD) Mean Diffusivity (MD) 38,Captive,18493,Pan troglodytes,2,Male+Female,"Chen X, Errangi B, Li L, Glasser MF, Westlye LT, Fjell AM, Walhovd KB, Hu X, Herndon JG, Preuss TM, Rilling JK. Brain aging in humans, chimpanzees (Pan troglodytes), and rhesus macaques (Macaca mulatta): magnetic resonance imaging studies of macro- and microstructural changes. Neurobiol Aging. 2013 Oct;34(10):2248-60. doi: 10.1016/j.neurobiolaging.2013.03.028. Epub 2013 Apr 24. PMID: 23623601; PMCID: PMC3777544."
Diffusion tensor images (DTI) scalars: Fractional Anisotropy (FA) Radial Diffusivity (RD) Mean Diffusivity (MD) 39,Captive,18858,Pan troglodytes,2,Male+Female,"Chen X, Errangi B, Li L, Glasser MF, Westlye LT, Fjell AM, Walhovd KB, Hu X, Herndon JG, Preuss TM, Rilling JK. Brain aging in humans, chimpanzees (Pan troglodytes), and rhesus macaques (Macaca mulatta): magnetic resonance imaging studies of macro- and microstructural changes. Neurobiol Aging. 2013 Oct;34(10):2248-60. doi: 10.1016/j.neurobiolaging.2013.03.028. Epub 2013 Apr 24. PMID: 23623601; PMCID: PMC3777544."
Diffusion tensor images (DTI) scalars: Fractional Anisotropy (FA) Radial Diffusivity (RD) Mean Diffusivity (MD) 4,Captive,6083,Pan troglodytes,2,Male+Female,"Chen X, Errangi B, Li L, Glasser MF, Westlye LT, Fjell AM, Walhovd KB, Hu X, Herndon JG, Preuss TM, Rilling JK. Brain aging in humans, chimpanzees (Pan troglodytes), and rhesus macaques (Macaca mulatta): magnetic resonance imaging studies of macro- and microstructural changes. Neurobiol Aging. 2013 Oct;34(10):2248-60. doi: 10.1016/j.neurobiolaging.2013.03.028. Epub 2013 Apr 24. PMID: 23623601; PMCID: PMC3777544."
Diffusion tensor images (DTI) scalars: Fractional Anisotropy (FA) Radial Diffusivity (RD) Mean Diffusivity (MD) 40,Captive,19223,Pan troglodytes,2,Male+Female,"Chen X, Errangi B, Li L, Glasser MF, Westlye LT, Fjell AM, Walhovd KB, Hu X, Herndon JG, Preuss TM, Rilling JK. Brain aging in humans, chimpanzees (Pan troglodytes), and rhesus macaques (Macaca mulatta): magnetic resonance imaging studies of macro- and microstructural changes. Neurobiol Aging. 2013 Oct;34(10):2248-60. doi: 10.1016/j.neurobiolaging.2013.03.028. Epub 2013 Apr 24. PMID: 23623601; PMCID: PMC3777544."
Diffusion tensor images (DTI) scalars: Fractional Anisotropy (FA) Radial Diffusivity (RD) Mean Diffusivity (MD) 41,Captive,19588,Pan troglodytes,2,Male+Female,"Chen X, Errangi B, Li L, Glasser MF, Westlye LT, Fjell AM, Walhovd KB, Hu X, Herndon JG, Preuss TM, Rilling JK. Brain aging in humans, chimpanzees (Pan troglodytes), and rhesus macaques (Macaca mulatta): magnetic resonance imaging studies of macro- and microstructural changes. Neurobiol Aging. 2013 Oct;34(10):2248-60. doi: 10.1016/j.neurobiolaging.2013.03.028. Epub 2013 Apr 24. PMID: 23623601; PMCID: PMC3777544."
Diffusion tensor images (DTI) scalars: Fractional Anisotropy (FA) Radial Diffusivity (RD) Mean Diffusivity (MD) 42,Captive,19953,Pan troglodytes,2,Male+Female,"Chen X, Errangi B, Li L, Glasser MF, Westlye LT, Fjell AM, Walhovd KB, Hu X, Herndon JG, Preuss TM, Rilling JK. Brain aging in humans, chimpanzees (Pan troglodytes), and rhesus macaques (Macaca mulatta): magnetic resonance imaging studies of macro- and microstructural changes. Neurobiol Aging. 2013 Oct;34(10):2248-60. doi: 10.1016/j.neurobiolaging.2013.03.028. Epub 2013 Apr 24. PMID: 23623601; PMCID: PMC3777544."
Diffusion tensor images (DTI) scalars: Fractional Anisotropy (FA) Radial Diffusivity (RD) Mean Diffusivity (MD) 43,Captive,20318,Pan troglodytes,2,Male+Female,"Chen X, Errangi B, Li L, Glasser MF, Westlye LT, Fjell AM, Walhovd KB, Hu X, Herndon JG, Preuss TM, Rilling JK. Brain aging in humans, chimpanzees (Pan troglodytes), and rhesus macaques (Macaca mulatta): magnetic resonance imaging studies of macro- and microstructural changes. Neurobiol Aging. 2013 Oct;34(10):2248-60. doi: 10.1016/j.neurobiolaging.2013.03.028. Epub 2013 Apr 24. PMID: 23623601; PMCID: PMC3777544."
Diffusion tensor images (DTI) scalars: Fractional Anisotropy (FA) Radial Diffusivity (RD) Mean Diffusivity (MD) 44,Captive,20683,Pan troglodytes,2,Male+Female,"Chen X, Errangi B, Li L, Glasser MF, Westlye LT, Fjell AM, Walhovd KB, Hu X, Herndon JG, Preuss TM, Rilling JK. Brain aging in humans, chimpanzees (Pan troglodytes), and rhesus macaques (Macaca mulatta): magnetic resonance imaging studies of macro- and microstructural changes. Neurobiol Aging. 2013 Oct;34(10):2248-60. doi: 10.1016/j.neurobiolaging.2013.03.028. Epub 2013 Apr 24. PMID: 23623601; PMCID: PMC3777544."
Diffusion tensor images (DTI) scalars: Fractional Anisotropy (FA) Radial Diffusivity (RD) Mean Diffusivity (MD) 45,Captive,21048,Pan troglodytes,2,Male+Female,"Chen X, Errangi B, Li L, Glasser MF, Westlye LT, Fjell AM, Walhovd KB, Hu X, Herndon JG, Preuss TM, Rilling JK. Brain aging in humans, chimpanzees (Pan troglodytes), and rhesus macaques (Macaca mulatta): magnetic resonance imaging studies of macro- and microstructural changes. Neurobiol Aging. 2013 Oct;34(10):2248-60. doi: 10.1016/j.neurobiolaging.2013.03.028. Epub 2013 Apr 24. PMID: 23623601; PMCID: PMC3777544."
Diffusion tensor images (DTI) scalars: Fractional Anisotropy (FA) Radial Diffusivity (RD) Mean Diffusivity (MD) 46,Captive,21413,Pan troglodytes,2,Male+Female,"Chen X, Errangi B, Li L, Glasser MF, Westlye LT, Fjell AM, Walhovd KB, Hu X, Herndon JG, Preuss TM, Rilling JK. Brain aging in humans, chimpanzees (Pan troglodytes), and rhesus macaques (Macaca mulatta): magnetic resonance imaging studies of macro- and microstructural changes. Neurobiol Aging. 2013 Oct;34(10):2248-60. doi: 10.1016/j.neurobiolaging.2013.03.028. Epub 2013 Apr 24. PMID: 23623601; PMCID: PMC3777544."
Diffusion tensor images (DTI) scalars: Fractional Anisotropy (FA) Radial Diffusivity (RD) Mean Diffusivity (MD) 5,Captive,6448,Pan troglodytes,2,Male+Female,"Chen X, Errangi B, Li L, Glasser MF, Westlye LT, Fjell AM, Walhovd KB, Hu X, Herndon JG, Preuss TM, Rilling JK. Brain aging in humans, chimpanzees (Pan troglodytes), and rhesus macaques (Macaca mulatta): magnetic resonance imaging studies of macro- and microstructural changes. Neurobiol Aging. 2013 Oct;34(10):2248-60. doi: 10.1016/j.neurobiolaging.2013.03.028. Epub 2013 Apr 24. PMID: 23623601; PMCID: PMC3777544."
Diffusion tensor images (DTI) scalars: Fractional Anisotropy (FA) Radial Diffusivity (RD) Mean Diffusivity (MD) 6,Captive,6813,Pan troglodytes,2,Male+Female,"Chen X, Errangi B, Li L, Glasser MF, Westlye LT, Fjell AM, Walhovd KB, Hu X, Herndon JG, Preuss TM, Rilling JK. Brain aging in humans, chimpanzees (Pan troglodytes), and rhesus macaques (Macaca mulatta): magnetic resonance imaging studies of macro- and microstructural changes. Neurobiol Aging. 2013 Oct;34(10):2248-60. doi: 10.1016/j.neurobiolaging.2013.03.028. Epub 2013 Apr 24. PMID: 23623601; PMCID: PMC3777544."
Diffusion tensor images (DTI) scalars: Fractional Anisotropy (FA) Radial Diffusivity (RD) Mean Diffusivity (MD) 7,Captive,7178,Pan troglodytes,2,Male+Female,"Chen X, Errangi B, Li L, Glasser MF, Westlye LT, Fjell AM, Walhovd KB, Hu X, Herndon JG, Preuss TM, Rilling JK. Brain aging in humans, chimpanzees (Pan troglodytes), and rhesus macaques (Macaca mulatta): magnetic resonance imaging studies of macro- and microstructural changes. Neurobiol Aging. 2013 Oct;34(10):2248-60. doi: 10.1016/j.neurobiolaging.2013.03.028. Epub 2013 Apr 24. PMID: 23623601; PMCID: PMC3777544."
Diffusion tensor images (DTI) scalars: Fractional Anisotropy (FA) Radial Diffusivity (RD) Mean Diffusivity (MD) 8,Captive,7543,Pan troglodytes,2,Male+Female,"Chen X, Errangi B, Li L, Glasser MF, Westlye LT, Fjell AM, Walhovd KB, Hu X, Herndon JG, Preuss TM, Rilling JK. Brain aging in humans, chimpanzees (Pan troglodytes), and rhesus macaques (Macaca mulatta): magnetic resonance imaging studies of macro- and microstructural changes. Neurobiol Aging. 2013 Oct;34(10):2248-60. doi: 10.1016/j.neurobiolaging.2013.03.028. Epub 2013 Apr 24. PMID: 23623601; PMCID: PMC3777544."
Diffusion tensor images (DTI) scalars: Fractional Anisotropy (FA) Radial Diffusivity (RD) Mean Diffusivity (MD) 9,Captive,7908,Pan troglodytes,2,Male+Female,"Chen X, Errangi B, Li L, Glasser MF, Westlye LT, Fjell AM, Walhovd KB, Hu X, Herndon JG, Preuss TM, Rilling JK. Brain aging in humans, chimpanzees (Pan troglodytes), and rhesus macaques (Macaca mulatta): magnetic resonance imaging studies of macro- and microstructural changes. Neurobiol Aging. 2013 Oct;34(10):2248-60. doi: 10.1016/j.neurobiolaging.2013.03.028. Epub 2013 Apr 24. PMID: 23623601; PMCID: PMC3777544."
Discrimination between direct and averted gaze (Onset),Captive,303,Pan troglodytes,2,Male+Female,"Mizuno Y, Takeshita H, Matsuzawa T. 2006.  Behavior of infant chimpanzees during the night in the first 4 months of life: Smiling and suckling in relation to behavioral state. Infancy. 9(2):221-40."
Distal 1st finger ossification (Onset),Captive,881.75,Pan troglodytes,2,Female,"Blomquist, G. E. (2009). Brief communication: Methods of sequence heterochrony for describing modular developmental changes in human evolution. Am J Phys Anthropol, 138(2), 231-238."
Distal 1st finger ossification (Onset),Captive,1155.5,Pan troglodytes,2,Male,"Blomquist, G. E. (2009). Brief communication: Methods of sequence heterochrony for describing modular developmental changes in human evolution. Am J Phys Anthropol, 138(2), 231-238."
Distal 1st toe ossification (Onset),Captive,608,Pan troglodytes,2,Female,"Blomquist, G. E. (2009). Brief communication: Methods of sequence heterochrony for describing modular developmental changes in human evolution. Am J Phys Anthropol, 138(2), 231-238."
Distal 1st toe ossification (Onset),Captive,851.33,Pan troglodytes,2,Male,"Blomquist, G. E. (2009). Brief communication: Methods of sequence heterochrony for describing modular developmental changes in human evolution. Am J Phys Anthropol, 138(2), 231-238."
Distal 2nd finger ossification (Onset),Captive,668.83,Pan troglodytes,2,Female,"Blomquist, G. E. (2009). Brief communication: Methods of sequence heterochrony for describing modular developmental changes in human evolution. Am J Phys Anthropol, 138(2), 231-238."
Distal 2nd finger ossification (Onset),Captive,912.17,Pan troglodytes,2,Male,"Blomquist, G. E. (2009). Brief communication: Methods of sequence heterochrony for describing modular developmental changes in human evolution. Am J Phys Anthropol, 138(2), 231-238."
Distal 2nd toe ossification (Onset),Captive,851.33,Pan troglodytes,2,Female,"Blomquist, G. E. (2009). Brief communication: Methods of sequence heterochrony for describing modular developmental changes in human evolution. Am J Phys Anthropol, 138(2), 231-238."
Distal 2nd toe ossification (Onset),Captive,1003.4,Pan troglodytes,2,Male,"Blomquist, G. E. (2009). Brief communication: Methods of sequence heterochrony for describing modular developmental changes in human evolution. Am J Phys Anthropol, 138(2), 231-238."
Distal 3rd finger ossification (Onset),Captive,577.58,Pan troglodytes,2,Female,"Blomquist, G. E. (2009). Brief communication: Methods of sequence heterochrony for describing modular developmental changes in human evolution. Am J Phys Anthropol, 138(2), 231-238."
Distal 3rd finger ossification (Onset),Captive,760.08,Pan troglodytes,2,Male,"Blomquist, G. E. (2009). Brief communication: Methods of sequence heterochrony for describing modular developmental changes in human evolution. Am J Phys Anthropol, 138(2), 231-238."
Distal 3rd toe ossification (Onset),Captive,760.08,Pan troglodytes,2,Female,"Blomquist, G. E. (2009). Brief communication: Methods of sequence heterochrony for describing modular developmental changes in human evolution. Am J Phys Anthropol, 138(2), 231-238."
Distal 3rd toe ossification (Onset),Captive,973,Pan troglodytes,2,Male,"Blomquist, G. E. (2009). Brief communication: Methods of sequence heterochrony for describing modular developmental changes in human evolution. Am J Phys Anthropol, 138(2), 231-238."
Distal 4th finger ossification (Onset),Captive,608,Pan troglodytes,2,Female,"Blomquist, G. E. (2009). Brief communication: Methods of sequence heterochrony for describing modular developmental changes in human evolution. Am J Phys Anthropol, 138(2), 231-238."
Distal 4th finger ossification (Onset),Captive,790.5,Pan troglodytes,2,Male,"Blomquist, G. E. (2009). Brief communication: Methods of sequence heterochrony for describing modular developmental changes in human evolution. Am J Phys Anthropol, 138(2), 231-238."
Distal 4th toe ossification (Onset),Captive,760.08,Pan troglodytes,2,Female,"Blomquist, G. E. (2009). Brief communication: Methods of sequence heterochrony for describing modular developmental changes in human evolution. Am J Phys Anthropol, 138(2), 231-238."
Distal 4th toe ossification (Onset),Captive,942.58,Pan troglodytes,2,Male,"Blomquist, G. E. (2009). Brief communication: Methods of sequence heterochrony for describing modular developmental changes in human evolution. Am J Phys Anthropol, 138(2), 231-238."
Distal 5th finger ossification (Onset),Captive,729.67,Pan troglodytes,2,Female,"Blomquist, G. E. (2009). Brief communication: Methods of sequence heterochrony for describing modular developmental changes in human evolution. Am J Phys Anthropol, 138(2), 231-238."
Distal 5th finger ossification (Onset),Captive,881.75,Pan troglodytes,2,Male,"Blomquist, G. E. (2009). Brief communication: Methods of sequence heterochrony for describing modular developmental changes in human evolution. Am J Phys Anthropol, 138(2), 231-238."
Distal fibula ossification (Onset),Captive,334.25,Pan troglodytes,2,Male,"Blomquist, G. E. (2009). Brief communication: Methods of sequence heterochrony for describing modular developmental changes in human evolution. Am J Phys Anthropol, 138(2), 231-238."
Distal tibia ossification (Onset),Captive,303.83,Pan troglodytes,2,Male,"Blomquist, G. E. (2009). Brief communication: Methods of sequence heterochrony for describing modular developmental changes in human evolution. Am J Phys Anthropol, 138(2), 231-238."
Distal ulna ossification (Onset),Captive,395.08,Pan troglodytes,2,Female,"Blomquist, G. E. (2009). Brief communication: Methods of sequence heterochrony for describing modular developmental changes in human evolution. Am J Phys Anthropol, 138(2), 231-238."
Distal ulna ossification (Onset),Captive,638.42,Pan troglodytes,2,Male,"Blomquist, G. E. (2009). Brief communication: Methods of sequence heterochrony for describing modular developmental changes in human evolution. Am J Phys Anthropol, 138(2), 231-238."
Drink onset,Wild,747.9,Pan troglodytes,2,Male+Female,"Bründl AC, Tkaczynski PJ, Nohon Kohou G, Boesch C, Wittig RM, Crockford C. Systematic mapping of developmental milestones in wild chimpanzees Dev Sci. In Press. 2020;e12988. doi:10.1111/desc.12988"
Eats solid food (Onset),Wild,516.75,Pan troglodytes,2,Male+Female,"Smith TM, Machanda Z, Bernard AB, Donovan RM, Papakyrikos AM, Muller MN, Wrangham R. First molar eruption, weaning, and life history in living wild chimpanzees. Proceedings of the National Academy of Sciences. 2013 Feb 19;110(8):2787-91."
Eats solid food (Onset),Wild,415.5,Pan troglodytes,2,Male+Female,"Bründl AC, Tkaczynski PJ, Nohon Kohou G, Boesch C, Wittig RM, Crockford C. Systematic mapping of developmental milestones in wild chimpanzees Dev Sci. In Press. 2020;e12988. doi:10.1111/desc.12988"
Emergence of epiphesis and metaphyses of the the proximal and middle phalanges (digit 2-5),Captive,1756,Pan troglodytes,2,Male,"Charvet CJ, Ofori K, Falcone C, Rigby Dames BA. Transcription, structure, and organoids translate time across the lifespan of humans and great apes. PNAS nexus. 2023 Aug;2(8):pgad230."
Emergence of the epiphesis in the distal phalange (thumb),Captive,1286.5,Pan troglodytes,2,Male,"Charvet CJ, Ofori K, Falcone C, Rigby Dames BA. Transcription, structure, and organoids translate time across the lifespan of humans and great apes. PNAS nexus. 2023 Aug;2(8):pgad230."
Emergence of the epiphesis in the proximal phalange (thumb),Captive,1286.5,Pan troglodytes,2,Male,"Charvet CJ, Ofori K, Falcone C, Rigby Dames BA. Transcription, structure, and organoids translate time across the lifespan of humans and great apes. PNAS nexus. 2023 Aug;2(8):pgad230."
Erect self from leaning forward,Captive,432,Pan troglodytes,2,Female,"Brakke KE, Savage-Rumbaugh ES. Early postural behavior in Pan: Influences on development. Infant Behavior and Development. 1991 Jul 1;14(3):265-88."
Erect self from leaning forward,Captive,404,Pan troglodytes,2,Male+Female,"Brakke KE, Savage-Rumbaugh ES. Early postural behavior in Pan: Influences on development. Infant Behavior and Development. 1991 Jul 1;14(3):265-88."
External genitalia forms (Onset),Captive,91,Pan troglodytes,2,Male+Female,"Takeshita H, Hirata S, Sakai T, Myowa-Yamakoshi M. 2016. Fetal Behavioral Development and Brain Growth in Chimpanzees Versus Humans: A View from Studies with 4D Ultrasonography. In: Fetal Development  (pp. 67-83). Springer, Cham."
Fall,Captive,348,Pan troglodytes,2,Female,"Brakke KE, Savage-Rumbaugh ES. Early postural behavior in Pan: Influences on development. Infant Behavior and Development. 1991 Jul 1;14(3):265-88."
Fall,Captive,404,Pan troglodytes,2,Male+Female,"Brakke KE, Savage-Rumbaugh ES. Early postural behavior in Pan: Influences on development. Infant Behavior and Development. 1991 Jul 1;14(3):265-88."
Femoral head ossification (Onset),Captive,273.42,Pan troglodytes,2,Male,"Blomquist, G. E. (2009). Brief communication: Methods of sequence heterochrony for describing modular developmental changes in human evolution. Am J Phys Anthropol, 138(2), 231-238."
Fertility cessation,Wild,12835.5,Pan troglodytes,2,Female,"Alberts SC, Altmann J, Brockman DK, Cords M, Fedigan LM, Pusey A, Stoinski TS, Strier KB, Morris WF, Bronikowski AM. Reproductive aging patterns in primates reveal that humans are distinct. Proc Natl Acad Sci U S A. 2013 Aug 13;110(33):13440-5. doi: 10.1073/pnas.1311857110."
Fetus rotates with head down (Onset),Captive,168,Pan troglodytes,2,Male+Female,"Takeshita H, Hirata S, Sakai T, Myowa-Yamakoshi M. 2016. Fetal Behavioral Development and Brain Growth in Chimpanzees Versus Humans: A View from Studies with 4D Ultrasonography. In: Fetal Development  (pp. 67-83). Springer, Cham."
Fourth postural stage (Onset),Captive,513,Pan troglodytes,2,Male+Female,"Takeshita, H., Hirata, S., Sakai, T., & Myowa-Yamakoshi, M. (2016). Fetal behavioral development and brain growth in chimpanzees versus humans: a view from studies with 4d ultrasonography. In Fetal development (pp. 67-83). Springer, Cham. (book chapter)"
Gestation as a reference point,,243,Pan troglodytes,2,Male+Female,https://primatedatabase.org
Reported Gestation,Captive,229,Pan troglodytes,2,Male+Female,"https://genomics.senescence.info/species/dataset.zip; AnAge Build 15; de Magalhaes, J. P., Abidi, Z., Dos Santos, G. A., Avelar, R. A., Barardo, D., Chatsirisupachai, K., Clark, P., De-Souza, E. A., Johnson, E. J., Lopes, I., Novoa, G., Senez, L., Talay, A., Thornton, D., & To, P. K. P. (2024). Human Ageing Genomic Resources: updates on key databases in ageing research. Nucleic Acids Res, 52(D1), D900-D908."
Reported Gestation,,230,Pan troglodytes,2,Male+Female,"Garwicz, M., Christensson, M., & Psouni, E. (2009). A unifying model for timing of walking onset in humans and other mammals. Proc Natl Acad Sci U S A, 106(51), 21889-21893. https://doi.org/10.1073/pnas.0905777106"
Reported Gestation,Captive+Wild,231.49,Pan troglodytes,2,Male+Female,"https://esapubs.org/archive/ecol/E090/184/PanTHERIA_1-0_WR05_Aug2008.txt; Jones, K. E., Bielby, J., Cardillo, M., Fritz, S. A., O'Dell, J., Orme, C. D. L., Safi, K., Sechrest, W., Boakes, E. H., Carbone, C., Connolly, C., Cutts, M. J., Foster, J. K., Grenyer, R., Habib, M., Plaster, C. A., Price, S. A., Rigby, E. A., Rist, J., . . . Michener, W. K. (2009). PanTHERIA: a species-level database of life history, ecology, and geography of extant and recently extinct mammals. Ecology, 90(9), 2648-2648. https://doi.org/10.1890/08-1494.1"
Reported Gestation,,229,Pan troglodytes,2,Male+Female,"https://figshare.com/articles/dataset/Full_Archive/3563457?backTo=/collections/An_amniote_life-history_database_to_perform_comparative_analyses_with_birds_mammals_and_reptiles/3308127; Myhrvold, N. P., Baldridge, E., Chan, B., Sivam, D., Freeman, D. L., & Ernest, S. M. (2015). An amniote life‐history database to perform comparative analyses with birds, mammals, and reptiles: Ecological Archives E096‐269. Ecology, 96(11), 3109-3109."
Greater multangular ossification (Onset),Captive,334.25,Pan troglodytes,2,Female,"Blomquist, G. E. (2009). Brief communication: Methods of sequence heterochrony for describing modular developmental changes in human evolution. Am J Phys Anthropol, 138(2), 231-238."
Greater multangular ossification (Onset),Captive,395.08,Pan troglodytes,2,Male,"Blomquist, G. E. (2009). Brief communication: Methods of sequence heterochrony for describing modular developmental changes in human evolution. Am J Phys Anthropol, 138(2), 231-238."
Greater trochanter femur ossification (Onset),Captive,912.17,Pan troglodytes,2,Female,"Blomquist, G. E. (2009). Brief communication: Methods of sequence heterochrony for describing modular developmental changes in human evolution. Am J Phys Anthropol, 138(2), 231-238."
Greater trochanter femur ossification (Onset),Captive,1125.1,Pan troglodytes,2,Male,"Blomquist, G. E. (2009). Brief communication: Methods of sequence heterochrony for describing modular developmental changes in human evolution. Am J Phys Anthropol, 138(2), 231-238."
Greater tubercle humerus ossification (Onset),Captive,334.25,Pan troglodytes,2,Female,"Blomquist, G. E. (2009). Brief communication: Methods of sequence heterochrony for describing modular developmental changes in human evolution. Am J Phys Anthropol, 138(2), 231-238."
Greater tubercle humerus ossification (Onset),Captive,486.33,Pan troglodytes,2,Male,"Blomquist, G. E. (2009). Brief communication: Methods of sequence heterochrony for describing modular developmental changes in human evolution. Am J Phys Anthropol, 138(2), 231-238."
Growth in skeletal development (RUS score) (Peak),,463.5,Pan troglodytes,2,Female,"Hamada Y, Udono T, Teramoto M, Hayasaka I. Development of the hand and wrist bones in chimpanzees. Primates. 1998 Apr;39:157-69."
Growth in skeletal development (RUS score) (Peak),,486.5,Pan troglodytes,2,Male,"Hamada Y, Udono T, Teramoto M, Hayasaka I. Development of the hand and wrist bones in chimpanzees. Primates. 1998 Apr;39:157-69."
Growth subdivisions (frontal cortex corpus callosum) 1,Captive,384.47,Pan troglodytes,2,Male+Female,"Sakai T, Mikami A, Tomonaga M, Matsui M, Suzuki J, Hamada Y, Tanaka M, Miyabe-Nishiwaki T, Makishima H, Nakatsukasa M, Matsuzawa T. Differential prefrontal white matter development in chimpanzees and humans. Curr Biol. 2011 Aug 23;21(16):1397-402. doi: 10.1016/j.cub.2011.07.019. Epub 2011 Aug 11. Erratum in: Curr Biol. 2012 Jan 24;22(2):171. PMID: 21835623. & Sakai T, Mikami A, Suzuki J, Miyabe-Nishiwaki T, Matsui M, Tomonaga M, Hamada Y, Matsuzawa T, Okano H, Oishi K. Developmental trajectory of the corpus callosum from infancy to the juvenile stage: Comparative MRI between chimpanzees and humans. PLoS One. 2017 Jun 27;12(6):e0179624. doi: 10.1371/journal.pone.0179624. PMID: 28654656; PMCID: PMC5487015."
Growth subdivisions (frontal cortex corpus callosum) 10,Captive,1166.19,Pan troglodytes,2,Male+Female,"Sakai T, Mikami A, Tomonaga M, Matsui M, Suzuki J, Hamada Y, Tanaka M, Miyabe-Nishiwaki T, Makishima H, Nakatsukasa M, Matsuzawa T. Differential prefrontal white matter development in chimpanzees and humans. Curr Biol. 2011 Aug 23;21(16):1397-402. doi: 10.1016/j.cub.2011.07.019. Epub 2011 Aug 11. Erratum in: Curr Biol. 2012 Jan 24;22(2):171. PMID: 21835623. & Sakai T, Mikami A, Suzuki J, Miyabe-Nishiwaki T, Matsui M, Tomonaga M, Hamada Y, Matsuzawa T, Okano H, Oishi K. Developmental trajectory of the corpus callosum from infancy to the juvenile stage: Comparative MRI between chimpanzees and humans. PLoS One. 2017 Jun 27;12(6):e0179624. doi: 10.1371/journal.pone.0179624. PMID: 28654656; PMCID: PMC5487015."
Growth subdivisions (frontal cortex corpus callosum) 11,Captive,1256.89,Pan troglodytes,2,Male+Female,"Sakai T, Mikami A, Tomonaga M, Matsui M, Suzuki J, Hamada Y, Tanaka M, Miyabe-Nishiwaki T, Makishima H, Nakatsukasa M, Matsuzawa T. Differential prefrontal white matter development in chimpanzees and humans. Curr Biol. 2011 Aug 23;21(16):1397-402. doi: 10.1016/j.cub.2011.07.019. Epub 2011 Aug 11. Erratum in: Curr Biol. 2012 Jan 24;22(2):171. PMID: 21835623. & Sakai T, Mikami A, Suzuki J, Miyabe-Nishiwaki T, Matsui M, Tomonaga M, Hamada Y, Matsuzawa T, Okano H, Oishi K. Developmental trajectory of the corpus callosum from infancy to the juvenile stage: Comparative MRI between chimpanzees and humans. PLoS One. 2017 Jun 27;12(6):e0179624. doi: 10.1371/journal.pone.0179624. PMID: 28654656; PMCID: PMC5487015."
Growth subdivisions (frontal cortex corpus callosum) 12,Captive,1347.01,Pan troglodytes,2,Male+Female,"Sakai T, Mikami A, Tomonaga M, Matsui M, Suzuki J, Hamada Y, Tanaka M, Miyabe-Nishiwaki T, Makishima H, Nakatsukasa M, Matsuzawa T. Differential prefrontal white matter development in chimpanzees and humans. Curr Biol. 2011 Aug 23;21(16):1397-402. doi: 10.1016/j.cub.2011.07.019. Epub 2011 Aug 11. Erratum in: Curr Biol. 2012 Jan 24;22(2):171. PMID: 21835623. & Sakai T, Mikami A, Suzuki J, Miyabe-Nishiwaki T, Matsui M, Tomonaga M, Hamada Y, Matsuzawa T, Okano H, Oishi K. Developmental trajectory of the corpus callosum from infancy to the juvenile stage: Comparative MRI between chimpanzees and humans. PLoS One. 2017 Jun 27;12(6):e0179624. doi: 10.1371/journal.pone.0179624. PMID: 28654656; PMCID: PMC5487015."
Growth subdivisions (frontal cortex corpus callosum) 13,Captive,1436.61,Pan troglodytes,2,Male+Female,"Sakai T, Mikami A, Tomonaga M, Matsui M, Suzuki J, Hamada Y, Tanaka M, Miyabe-Nishiwaki T, Makishima H, Nakatsukasa M, Matsuzawa T. Differential prefrontal white matter development in chimpanzees and humans. Curr Biol. 2011 Aug 23;21(16):1397-402. doi: 10.1016/j.cub.2011.07.019. Epub 2011 Aug 11. Erratum in: Curr Biol. 2012 Jan 24;22(2):171. PMID: 21835623. & Sakai T, Mikami A, Suzuki J, Miyabe-Nishiwaki T, Matsui M, Tomonaga M, Hamada Y, Matsuzawa T, Okano H, Oishi K. Developmental trajectory of the corpus callosum from infancy to the juvenile stage: Comparative MRI between chimpanzees and humans. PLoS One. 2017 Jun 27;12(6):e0179624. doi: 10.1371/journal.pone.0179624. PMID: 28654656; PMCID: PMC5487015."
Growth subdivisions (frontal cortex corpus callosum) 14,Captive,1525.26,Pan troglodytes,2,Male+Female,"Sakai T, Mikami A, Tomonaga M, Matsui M, Suzuki J, Hamada Y, Tanaka M, Miyabe-Nishiwaki T, Makishima H, Nakatsukasa M, Matsuzawa T. Differential prefrontal white matter development in chimpanzees and humans. Curr Biol. 2011 Aug 23;21(16):1397-402. doi: 10.1016/j.cub.2011.07.019. Epub 2011 Aug 11. Erratum in: Curr Biol. 2012 Jan 24;22(2):171. PMID: 21835623. & Sakai T, Mikami A, Suzuki J, Miyabe-Nishiwaki T, Matsui M, Tomonaga M, Hamada Y, Matsuzawa T, Okano H, Oishi K. Developmental trajectory of the corpus callosum from infancy to the juvenile stage: Comparative MRI between chimpanzees and humans. PLoS One. 2017 Jun 27;12(6):e0179624. doi: 10.1371/journal.pone.0179624. PMID: 28654656; PMCID: PMC5487015."
Growth subdivisions (frontal cortex corpus callosum) 15,Captive,1612.3,Pan troglodytes,2,Male+Female,"Sakai T, Mikami A, Tomonaga M, Matsui M, Suzuki J, Hamada Y, Tanaka M, Miyabe-Nishiwaki T, Makishima H, Nakatsukasa M, Matsuzawa T. Differential prefrontal white matter development in chimpanzees and humans. Curr Biol. 2011 Aug 23;21(16):1397-402. doi: 10.1016/j.cub.2011.07.019. Epub 2011 Aug 11. Erratum in: Curr Biol. 2012 Jan 24;22(2):171. PMID: 21835623. & Sakai T, Mikami A, Suzuki J, Miyabe-Nishiwaki T, Matsui M, Tomonaga M, Hamada Y, Matsuzawa T, Okano H, Oishi K. Developmental trajectory of the corpus callosum from infancy to the juvenile stage: Comparative MRI between chimpanzees and humans. PLoS One. 2017 Jun 27;12(6):e0179624. doi: 10.1371/journal.pone.0179624. PMID: 28654656; PMCID: PMC5487015."
Growth subdivisions (frontal cortex corpus callosum) 16,Captive,1697.05,Pan troglodytes,2,Male+Female,"Sakai T, Mikami A, Tomonaga M, Matsui M, Suzuki J, Hamada Y, Tanaka M, Miyabe-Nishiwaki T, Makishima H, Nakatsukasa M, Matsuzawa T. Differential prefrontal white matter development in chimpanzees and humans. Curr Biol. 2011 Aug 23;21(16):1397-402. doi: 10.1016/j.cub.2011.07.019. Epub 2011 Aug 11. Erratum in: Curr Biol. 2012 Jan 24;22(2):171. PMID: 21835623. & Sakai T, Mikami A, Suzuki J, Miyabe-Nishiwaki T, Matsui M, Tomonaga M, Hamada Y, Matsuzawa T, Okano H, Oishi K. Developmental trajectory of the corpus callosum from infancy to the juvenile stage: Comparative MRI between chimpanzees and humans. PLoS One. 2017 Jun 27;12(6):e0179624. doi: 10.1371/journal.pone.0179624. PMID: 28654656; PMCID: PMC5487015."
Growth subdivisions (frontal cortex corpus callosum) 17,Captive,1779.94,Pan troglodytes,2,Male+Female,"Sakai T, Mikami A, Tomonaga M, Matsui M, Suzuki J, Hamada Y, Tanaka M, Miyabe-Nishiwaki T, Makishima H, Nakatsukasa M, Matsuzawa T. Differential prefrontal white matter development in chimpanzees and humans. Curr Biol. 2011 Aug 23;21(16):1397-402. doi: 10.1016/j.cub.2011.07.019. Epub 2011 Aug 11. Erratum in: Curr Biol. 2012 Jan 24;22(2):171. PMID: 21835623. & Sakai T, Mikami A, Suzuki J, Miyabe-Nishiwaki T, Matsui M, Tomonaga M, Hamada Y, Matsuzawa T, Okano H, Oishi K. Developmental trajectory of the corpus callosum from infancy to the juvenile stage: Comparative MRI between chimpanzees and humans. PLoS One. 2017 Jun 27;12(6):e0179624. doi: 10.1371/journal.pone.0179624. PMID: 28654656; PMCID: PMC5487015."
Growth subdivisions (frontal cortex corpus callosum) 18,Captive,1863.25,Pan troglodytes,2,Male+Female,"Sakai T, Mikami A, Tomonaga M, Matsui M, Suzuki J, Hamada Y, Tanaka M, Miyabe-Nishiwaki T, Makishima H, Nakatsukasa M, Matsuzawa T. Differential prefrontal white matter development in chimpanzees and humans. Curr Biol. 2011 Aug 23;21(16):1397-402. doi: 10.1016/j.cub.2011.07.019. Epub 2011 Aug 11. Erratum in: Curr Biol. 2012 Jan 24;22(2):171. PMID: 21835623. & Sakai T, Mikami A, Suzuki J, Miyabe-Nishiwaki T, Matsui M, Tomonaga M, Hamada Y, Matsuzawa T, Okano H, Oishi K. Developmental trajectory of the corpus callosum from infancy to the juvenile stage: Comparative MRI between chimpanzees and humans. PLoS One. 2017 Jun 27;12(6):e0179624. doi: 10.1371/journal.pone.0179624. PMID: 28654656; PMCID: PMC5487015."
Growth subdivisions (frontal cortex corpus callosum) 19,Captive,1948.51,Pan troglodytes,2,Male+Female,"Sakai T, Mikami A, Tomonaga M, Matsui M, Suzuki J, Hamada Y, Tanaka M, Miyabe-Nishiwaki T, Makishima H, Nakatsukasa M, Matsuzawa T. Differential prefrontal white matter development in chimpanzees and humans. Curr Biol. 2011 Aug 23;21(16):1397-402. doi: 10.1016/j.cub.2011.07.019. Epub 2011 Aug 11. Erratum in: Curr Biol. 2012 Jan 24;22(2):171. PMID: 21835623. & Sakai T, Mikami A, Suzuki J, Miyabe-Nishiwaki T, Matsui M, Tomonaga M, Hamada Y, Matsuzawa T, Okano H, Oishi K. Developmental trajectory of the corpus callosum from infancy to the juvenile stage: Comparative MRI between chimpanzees and humans. PLoS One. 2017 Jun 27;12(6):e0179624. doi: 10.1371/journal.pone.0179624. PMID: 28654656; PMCID: PMC5487015."
Growth subdivisions (frontal cortex corpus callosum) 2,Captive,438.854,Pan troglodytes,2,Male+Female,"Sakai T, Mikami A, Tomonaga M, Matsui M, Suzuki J, Hamada Y, Tanaka M, Miyabe-Nishiwaki T, Makishima H, Nakatsukasa M, Matsuzawa T. Differential prefrontal white matter development in chimpanzees and humans. Curr Biol. 2011 Aug 23;21(16):1397-402. doi: 10.1016/j.cub.2011.07.019. Epub 2011 Aug 11. Erratum in: Curr Biol. 2012 Jan 24;22(2):171. PMID: 21835623. & Sakai T, Mikami A, Suzuki J, Miyabe-Nishiwaki T, Matsui M, Tomonaga M, Hamada Y, Matsuzawa T, Okano H, Oishi K. Developmental trajectory of the corpus callosum from infancy to the juvenile stage: Comparative MRI between chimpanzees and humans. PLoS One. 2017 Jun 27;12(6):e0179624. doi: 10.1371/journal.pone.0179624. PMID: 28654656; PMCID: PMC5487015."
Growth subdivisions (frontal cortex corpus callosum) 20,Captive,2034.81,Pan troglodytes,2,Male+Female,"Sakai T, Mikami A, Tomonaga M, Matsui M, Suzuki J, Hamada Y, Tanaka M, Miyabe-Nishiwaki T, Makishima H, Nakatsukasa M, Matsuzawa T. Differential prefrontal white matter development in chimpanzees and humans. Curr Biol. 2011 Aug 23;21(16):1397-402. doi: 10.1016/j.cub.2011.07.019. Epub 2011 Aug 11. Erratum in: Curr Biol. 2012 Jan 24;22(2):171. PMID: 21835623. & Sakai T, Mikami A, Suzuki J, Miyabe-Nishiwaki T, Matsui M, Tomonaga M, Hamada Y, Matsuzawa T, Okano H, Oishi K. Developmental trajectory of the corpus callosum from infancy to the juvenile stage: Comparative MRI between chimpanzees and humans. PLoS One. 2017 Jun 27;12(6):e0179624. doi: 10.1371/journal.pone.0179624. PMID: 28654656; PMCID: PMC5487015."
Growth subdivisions (frontal cortex corpus callosum) 21,Captive,2121.15,Pan troglodytes,2,Male+Female,"Sakai T, Mikami A, Tomonaga M, Matsui M, Suzuki J, Hamada Y, Tanaka M, Miyabe-Nishiwaki T, Makishima H, Nakatsukasa M, Matsuzawa T. Differential prefrontal white matter development in chimpanzees and humans. Curr Biol. 2011 Aug 23;21(16):1397-402. doi: 10.1016/j.cub.2011.07.019. Epub 2011 Aug 11. Erratum in: Curr Biol. 2012 Jan 24;22(2):171. PMID: 21835623. & Sakai T, Mikami A, Suzuki J, Miyabe-Nishiwaki T, Matsui M, Tomonaga M, Hamada Y, Matsuzawa T, Okano H, Oishi K. Developmental trajectory of the corpus callosum from infancy to the juvenile stage: Comparative MRI between chimpanzees and humans. PLoS One. 2017 Jun 27;12(6):e0179624. doi: 10.1371/journal.pone.0179624. PMID: 28654656; PMCID: PMC5487015."
Growth subdivisions (frontal cortex corpus callosum) 3,Captive,509.955,Pan troglodytes,2,Male+Female,"Sakai T, Mikami A, Tomonaga M, Matsui M, Suzuki J, Hamada Y, Tanaka M, Miyabe-Nishiwaki T, Makishima H, Nakatsukasa M, Matsuzawa T. Differential prefrontal white matter development in chimpanzees and humans. Curr Biol. 2011 Aug 23;21(16):1397-402. doi: 10.1016/j.cub.2011.07.019. Epub 2011 Aug 11. Erratum in: Curr Biol. 2012 Jan 24;22(2):171. PMID: 21835623. & Sakai T, Mikami A, Suzuki J, Miyabe-Nishiwaki T, Matsui M, Tomonaga M, Hamada Y, Matsuzawa T, Okano H, Oishi K. Developmental trajectory of the corpus callosum from infancy to the juvenile stage: Comparative MRI between chimpanzees and humans. PLoS One. 2017 Jun 27;12(6):e0179624. doi: 10.1371/journal.pone.0179624. PMID: 28654656; PMCID: PMC5487015."
Growth subdivisions (frontal cortex corpus callosum) 4,Captive,595.896,Pan troglodytes,2,Male+Female,"Sakai T, Mikami A, Tomonaga M, Matsui M, Suzuki J, Hamada Y, Tanaka M, Miyabe-Nishiwaki T, Makishima H, Nakatsukasa M, Matsuzawa T. Differential prefrontal white matter development in chimpanzees and humans. Curr Biol. 2011 Aug 23;21(16):1397-402. doi: 10.1016/j.cub.2011.07.019. Epub 2011 Aug 11. Erratum in: Curr Biol. 2012 Jan 24;22(2):171. PMID: 21835623. & Sakai T, Mikami A, Suzuki J, Miyabe-Nishiwaki T, Matsui M, Tomonaga M, Hamada Y, Matsuzawa T, Okano H, Oishi K. Developmental trajectory of the corpus callosum from infancy to the juvenile stage: Comparative MRI between chimpanzees and humans. PLoS One. 2017 Jun 27;12(6):e0179624. doi: 10.1371/journal.pone.0179624. PMID: 28654656; PMCID: PMC5487015."
Growth subdivisions (frontal cortex corpus callosum) 5,Captive,691.547,Pan troglodytes,2,Male+Female,"Sakai T, Mikami A, Tomonaga M, Matsui M, Suzuki J, Hamada Y, Tanaka M, Miyabe-Nishiwaki T, Makishima H, Nakatsukasa M, Matsuzawa T. Differential prefrontal white matter development in chimpanzees and humans. Curr Biol. 2011 Aug 23;21(16):1397-402. doi: 10.1016/j.cub.2011.07.019. Epub 2011 Aug 11. Erratum in: Curr Biol. 2012 Jan 24;22(2):171. PMID: 21835623. & Sakai T, Mikami A, Suzuki J, Miyabe-Nishiwaki T, Matsui M, Tomonaga M, Hamada Y, Matsuzawa T, Okano H, Oishi K. Developmental trajectory of the corpus callosum from infancy to the juvenile stage: Comparative MRI between chimpanzees and humans. PLoS One. 2017 Jun 27;12(6):e0179624. doi: 10.1371/journal.pone.0179624. PMID: 28654656; PMCID: PMC5487015."
Growth subdivisions (frontal cortex corpus callosum) 6,Captive,790.453,Pan troglodytes,2,Male+Female,"Sakai T, Mikami A, Tomonaga M, Matsui M, Suzuki J, Hamada Y, Tanaka M, Miyabe-Nishiwaki T, Makishima H, Nakatsukasa M, Matsuzawa T. Differential prefrontal white matter development in chimpanzees and humans. Curr Biol. 2011 Aug 23;21(16):1397-402. doi: 10.1016/j.cub.2011.07.019. Epub 2011 Aug 11. Erratum in: Curr Biol. 2012 Jan 24;22(2):171. PMID: 21835623. & Sakai T, Mikami A, Suzuki J, Miyabe-Nishiwaki T, Matsui M, Tomonaga M, Hamada Y, Matsuzawa T, Okano H, Oishi K. Developmental trajectory of the corpus callosum from infancy to the juvenile stage: Comparative MRI between chimpanzees and humans. PLoS One. 2017 Jun 27;12(6):e0179624. doi: 10.1371/journal.pone.0179624. PMID: 28654656; PMCID: PMC5487015."
Growth subdivisions (frontal cortex corpus callosum) 7,Captive,887.841,Pan troglodytes,2,Male+Female,"Sakai T, Mikami A, Tomonaga M, Matsui M, Suzuki J, Hamada Y, Tanaka M, Miyabe-Nishiwaki T, Makishima H, Nakatsukasa M, Matsuzawa T. Differential prefrontal white matter development in chimpanzees and humans. Curr Biol. 2011 Aug 23;21(16):1397-402. doi: 10.1016/j.cub.2011.07.019. Epub 2011 Aug 11. Erratum in: Curr Biol. 2012 Jan 24;22(2):171. PMID: 21835623. & Sakai T, Mikami A, Suzuki J, Miyabe-Nishiwaki T, Matsui M, Tomonaga M, Hamada Y, Matsuzawa T, Okano H, Oishi K. Developmental trajectory of the corpus callosum from infancy to the juvenile stage: Comparative MRI between chimpanzees and humans. PLoS One. 2017 Jun 27;12(6):e0179624. doi: 10.1371/journal.pone.0179624. PMID: 28654656; PMCID: PMC5487015."
Growth subdivisions (frontal cortex corpus callosum) 8,Captive,982.469,Pan troglodytes,2,Male+Female,"Sakai T, Mikami A, Tomonaga M, Matsui M, Suzuki J, Hamada Y, Tanaka M, Miyabe-Nishiwaki T, Makishima H, Nakatsukasa M, Matsuzawa T. Differential prefrontal white matter development in chimpanzees and humans. Curr Biol. 2011 Aug 23;21(16):1397-402. doi: 10.1016/j.cub.2011.07.019. Epub 2011 Aug 11. Erratum in: Curr Biol. 2012 Jan 24;22(2):171. PMID: 21835623. & Sakai T, Mikami A, Suzuki J, Miyabe-Nishiwaki T, Matsui M, Tomonaga M, Hamada Y, Matsuzawa T, Okano H, Oishi K. Developmental trajectory of the corpus callosum from infancy to the juvenile stage: Comparative MRI between chimpanzees and humans. PLoS One. 2017 Jun 27;12(6):e0179624. doi: 10.1371/journal.pone.0179624. PMID: 28654656; PMCID: PMC5487015."
Growth subdivisions (frontal cortex corpus callosum) 9,Captive,1074.93,Pan troglodytes,2,Male+Female,"Sakai T, Mikami A, Tomonaga M, Matsui M, Suzuki J, Hamada Y, Tanaka M, Miyabe-Nishiwaki T, Makishima H, Nakatsukasa M, Matsuzawa T. Differential prefrontal white matter development in chimpanzees and humans. Curr Biol. 2011 Aug 23;21(16):1397-402. doi: 10.1016/j.cub.2011.07.019. Epub 2011 Aug 11. Erratum in: Curr Biol. 2012 Jan 24;22(2):171. PMID: 21835623. & Sakai T, Mikami A, Suzuki J, Miyabe-Nishiwaki T, Matsui M, Tomonaga M, Hamada Y, Matsuzawa T, Okano H, Oishi K. Developmental trajectory of the corpus callosum from infancy to the juvenile stage: Comparative MRI between chimpanzees and humans. PLoS One. 2017 Jun 27;12(6):e0179624. doi: 10.1371/journal.pone.0179624. PMID: 28654656; PMCID: PMC5487015."
Hamate ossification (Onset),,185,Pan troglodytes,2,Male+Female,"Prochel J, Vogel P, Sánchez-Villagra MR. Hand development and sequence of ossification in the forelimb of the European shrew Crocidura russula (Soricidae) and comparisons across therian mammals. J Anat. 2004 Aug;205(2):99-111. doi: 10.1111/j.0021-8782.2004.00321.x. PMID: 15291793; PMCID: PMC1571333."
Hand to face contact (Onset),Captive,112,Pan troglodytes,2,Male+Female,"Takeshita H, Hirata S, Sakai T, Myowa-Yamakoshi M. 2016. Fetal Behavioral Development and Brain Growth in Chimpanzees Versus Humans: A View from Studies with 4D Ultrasonography. In: Fetal Development  (pp. 67-83). Springer, Cham."
Hematocrit (Peak),,4614,Pan troglodytes,2,Male+Female,https://primatedatabase.org
"Hips flex, legs flex or ext (Offset)",Captive,397,Pan troglodytes,2,Male+Female,"Brakke KE, Savage-Rumbaugh ES. Early postural behavior in Pan: Influences on development. Infant Behavior and Development. 1991 Jul 1;14(3):265-88."
Incisors maxilla eruption,,2487.75,Pan troglodytes,2,Male,"Holly Smith, B., Crummett, T.L. and Brandt, K.L., 1994. Ages of eruption of primate teeth: a compendium for aging individuals and comparing life histories. American journal of physical anthropology, 37(S19), pp.177-231."
Incisors eruption,,2448.5125,Pan troglodytes,2,Male,"Holly Smith, B., Crummett, T.L. and Brandt, K.L., 1994. Ages of eruption of primate teeth: a compendium for aging individuals and comparing life histories. American journal of physical anthropology, 37(S19), pp.177-231."
Incisors maxilla eruption,,2509.65,Pan troglodytes,2,Female,"Holly Smith, B., Crummett, T.L. and Brandt, K.L., 1994. Ages of eruption of primate teeth: a compendium for aging individuals and comparing life histories. American journal of physical anthropology, 37(S19), pp.177-231."
Incisors eruption,,2461.2875,Pan troglodytes,2,Female,"Holly Smith, B., Crummett, T.L. and Brandt, K.L., 1994. Ages of eruption of primate teeth: a compendium for aging individuals and comparing life histories. American journal of physical anthropology, 37(S19), pp.177-231."
Incisors maxilla eruption,,2498.7,Pan troglodytes,2,Male+Female,"Holly Smith, B., Crummett, T.L. and Brandt, K.L., 1994. Ages of eruption of primate teeth: a compendium for aging individuals and comparing life histories. American journal of physical anthropology, 37(S19), pp.177-231."
Incisors eruption,,2454.9,Pan troglodytes,2,Male+Female,"Holly Smith, B., Crummett, T.L. and Brandt, K.L., 1994. Ages of eruption of primate teeth: a compendium for aging individuals and comparing life histories. American journal of physical anthropology, 37(S19), pp.177-231."
Interbiorbital Breadth reaches 70% of stable value,,1050.4,Pan troglodytes,2,Male+Female,"Williams, Frank L'Engle. Heterochronic perturbations in the craniofacial evolution of Homo (Neandertals and modern humans) and Pan (P. troglodytes and P. paniscus). University of Massachusetts Amherst, 2001."
Interbiorbital Breadth reaches 80% of stable value,,1806.3,Pan troglodytes,2,Male+Female,"Williams, Frank L'Engle. Heterochronic perturbations in the craniofacial evolution of Homo (Neandertals and modern humans) and Pan (P. troglodytes and P. paniscus). University of Massachusetts Amherst, 2001."
Interbiorbital Breadth reaches 90% of stable value,,2791.8,Pan troglodytes,2,Male+Female,"Williams, Frank L'Engle. Heterochronic perturbations in the craniofacial evolution of Homo (Neandertals and modern humans) and Pan (P. troglodytes and P. paniscus). University of Massachusetts Amherst, 2001."
Jaw opens or moves (Onset),Captive,91,Pan troglodytes,2,Male+Female,"Takeshita H, Hirata S, Sakai T, Myowa-Yamakoshi M. 2016. Fetal Behavioral Development and Brain Growth in Chimpanzees Versus Humans: A View from Studies with 4D Ultrasonography. In: Fetal Development  (pp. 67-83). Springer, Cham."
Lactic dehydrogenase levels off,,2433,Pan troglodytes,2,Male,https://primatedatabase.org
Laugh (Onset),Wild,620.7,Pan troglodytes,2,Male+Female,"Bründl AC, Tkaczynski PJ, Nohon Kohou G, Boesch C, Wittig RM, Crockford C. Systematic mapping of developmental milestones in wild chimpanzees Dev Sci. In Press. 2020;e12988. doi:10.1111/desc.12988"
Lesser multangular ossification (Onset),Captive,1064.2,Pan troglodytes,2,Female,"Blomquist, G. E. (2009). Brief communication: Methods of sequence heterochrony for describing modular developmental changes in human evolution. Am J Phys Anthropol, 138(2), 231-238."
Lesser multangular ossification (Onset),Captive,1125.1,Pan troglodytes,2,Male,"Blomquist, G. E. (2009). Brief communication: Methods of sequence heterochrony for describing modular developmental changes in human evolution. Am J Phys Anthropol, 138(2), 231-238."
Lift foot while supporting entire weight,Captive,348,Pan troglodytes,2,Female,"Brakke KE, Savage-Rumbaugh ES. Early postural behavior in Pan: Influences on development. Infant Behavior and Development. 1991 Jul 1;14(3):265-88."
Lift foot while supporting entire weight,Captive,418,Pan troglodytes,2,Male+Female,"Brakke KE, Savage-Rumbaugh ES. Early postural behavior in Pan: Influences on development. Infant Behavior and Development. 1991 Jul 1;14(3):265-88."
Lift foot without supporting weight,Captive,348,Pan troglodytes,2,Female,"Brakke KE, Savage-Rumbaugh ES. Early postural behavior in Pan: Influences on development. Infant Behavior and Development. 1991 Jul 1;14(3):265-88."
Lift foot without supporting weight,Captive,355,Pan troglodytes,2,Male+Female,"Brakke KE, Savage-Rumbaugh ES. Early postural behavior in Pan: Influences on development. Infant Behavior and Development. 1991 Jul 1;14(3):265-88."
Limbs develop finger indents at the extremities,Captive,35,Pan troglodytes,2,Male+Female,"Takeshita H, Hirata S, Sakai T, Myowa-Yamakoshi M. 2016. Fetal Behavioral Development and Brain Growth in Chimpanzees Versus Humans: A View from Studies with 4D Ultrasonography. In: Fetal Development  (pp. 67-83). Springer, Cham."
Lower self using support,Captive,348,Pan troglodytes,2,Female,"Brakke KE, Savage-Rumbaugh ES. Early postural behavior in Pan: Influences on development. Infant Behavior and Development. 1991 Jul 1;14(3):265-88."
Lower self using support,Captive,383,Pan troglodytes,2,Male+Female,"Brakke KE, Savage-Rumbaugh ES. Early postural behavior in Pan: Influences on development. Infant Behavior and Development. 1991 Jul 1;14(3):265-88."
Lunate ossfication (Onset),,363,Pan troglodytes,2,Male+Female,"Prochel J, Vogel P, Sánchez-Villagra MR. Hand development and sequence of ossification in the forelimb of the European shrew Crocidura russula (Soricidae) and comparisons across therian mammals. J Anat. 2004 Aug;205(2):99-111. doi: 10.1111/j.0021-8782.2004.00321.x. PMID: 15291793; PMCID: PMC1571333."
Lunate ossification (Onset),Captive,395.08,Pan troglodytes,2,Female,"Blomquist, G. E. (2009). Brief communication: Methods of sequence heterochrony for describing modular developmental changes in human evolution. Am J Phys Anthropol, 138(2), 231-238."
Lunate ossification (Onset),Captive,395.08,Pan troglodytes,2,Male,"Blomquist, G. E. (2009). Brief communication: Methods of sequence heterochrony for describing modular developmental changes in human evolution. Am J Phys Anthropol, 138(2), 231-238."
Mandibular Length reaches 70% of stable value,,1788,Pan troglodytes,2,Male+Female,"Williams, Frank L'Engle. Heterochronic perturbations in the craniofacial evolution of Homo (Neandertals and modern humans) and Pan (P. troglodytes and P. paniscus). University of Massachusetts Amherst, 2001."
Mandibular Length reaches 80% of stable value,,2555.6,Pan troglodytes,2,Male+Female,"Williams, Frank L'Engle. Heterochronic perturbations in the craniofacial evolution of Homo (Neandertals and modern humans) and Pan (P. troglodytes and P. paniscus). University of Massachusetts Amherst, 2001."
Mandibular Length reaches 90% of stable value,,3540.8,Pan troglodytes,2,Male+Female,"Williams, Frank L'Engle. Heterochronic perturbations in the craniofacial evolution of Homo (Neandertals and modern humans) and Pan (P. troglodytes and P. paniscus). University of Massachusetts Amherst, 2001."
Manual navicular (= scaphoid) ossification (Onset),Captive,425.5,Pan troglodytes,2,Female,"Blomquist, G. E. (2009). Brief communication: Methods of sequence heterochrony for describing modular developmental changes in human evolution. Am J Phys Anthropol, 138(2), 231-238."
Manual navicular (= scaphoid) ossification (Onset),Captive,547.17,Pan troglodytes,2,Male,"Blomquist, G. E. (2009). Brief communication: Methods of sequence heterochrony for describing modular developmental changes in human evolution. Am J Phys Anthropol, 138(2), 231-238."
Maximum Ramus Breadth reaches 70% of stable value,,1932.2,Pan troglodytes,2,Male+Female,"Williams, Frank L'Engle. Heterochronic perturbations in the craniofacial evolution of Homo (Neandertals and modern humans) and Pan (P. troglodytes and P. paniscus). University of Massachusetts Amherst, 2001."
Maximum Ramus Breadth reaches 80% of stable value,,2510.7,Pan troglodytes,2,Male+Female,"Williams, Frank L'Engle. Heterochronic perturbations in the craniofacial evolution of Homo (Neandertals and modern humans) and Pan (P. troglodytes and P. paniscus). University of Massachusetts Amherst, 2001."
Maximum Ramus Breath reaches 90% of stable value,,3263,Pan troglodytes,2,Male+Female,"Williams, Frank L'Engle. Heterochronic perturbations in the craniofacial evolution of Homo (Neandertals and modern humans) and Pan (P. troglodytes and P. paniscus). University of Massachusetts Amherst, 2001."
Medial cuneiform ossification (Onset),Captive,273.42,Pan troglodytes,2,Female,"Blomquist, G. E. (2009). Brief communication: Methods of sequence heterochrony for describing modular developmental changes in human evolution. Am J Phys Anthropol, 138(2), 231-238."
Medial cuneiform ossification (Onset),Captive,273.42,Pan troglodytes,2,Male,"Blomquist, G. E. (2009). Brief communication: Methods of sequence heterochrony for describing modular developmental changes in human evolution. Am J Phys Anthropol, 138(2), 231-238."
Medial epicondyle humerus ossification (Onset),Captive,668.83,Pan troglodytes,2,Female,"Blomquist, G. E. (2009). Brief communication: Methods of sequence heterochrony for describing modular developmental changes in human evolution. Am J Phys Anthropol, 138(2), 231-238."
Medial epicondyle humerus ossification (Onset),Captive,851.33,Pan troglodytes,2,Male,"Blomquist, G. E. (2009). Brief communication: Methods of sequence heterochrony for describing modular developmental changes in human evolution. Am J Phys Anthropol, 138(2), 231-238."
Postnatal Metacarpal 1 ossification (Onset),Captive,547.17,Pan troglodytes,2,Female,"Blomquist, G. E. (2009). Brief communication: Methods of sequence heterochrony for describing modular developmental changes in human evolution. Am J Phys Anthropol, 138(2), 231-238."
Postnatal Metacarpal 1 ossification (Onset),Captive,820.92,Pan troglodytes,2,Male,"Blomquist, G. E. (2009). Brief communication: Methods of sequence heterochrony for describing modular developmental changes in human evolution. Am J Phys Anthropol, 138(2), 231-238."
Postnatal Metacarpal 2 ossification (Onset),Captive,303.83,Pan troglodytes,2,Female,"Blomquist, G. E. (2009). Brief communication: Methods of sequence heterochrony for describing modular developmental changes in human evolution. Am J Phys Anthropol, 138(2), 231-238."
Postnatal Metacarpal 2 ossification (Onset),Captive,395.08,Pan troglodytes,2,Male,"Blomquist, G. E. (2009). Brief communication: Methods of sequence heterochrony for describing modular developmental changes in human evolution. Am J Phys Anthropol, 138(2), 231-238."
Postnatal Metacarpal 3 ossification (Onset),Captive,273.42,Pan troglodytes,2,Female,"Blomquist, G. E. (2009). Brief communication: Methods of sequence heterochrony for describing modular developmental changes in human evolution. Am J Phys Anthropol, 138(2), 231-238."
Postnatal Metacarpal 3 ossification (Onset),Captive,364.67,Pan troglodytes,2,Male,"Blomquist, G. E. (2009). Brief communication: Methods of sequence heterochrony for describing modular developmental changes in human evolution. Am J Phys Anthropol, 138(2), 231-238."
Postnatal Metacarpal 4 ossification (Onset),Captive,303.83,Pan troglodytes,2,Female,"Blomquist, G. E. (2009). Brief communication: Methods of sequence heterochrony for describing modular developmental changes in human evolution. Am J Phys Anthropol, 138(2), 231-238."
Postnatal Metacarpal 4 ossification (Onset),Captive,395.08,Pan troglodytes,2,Male,"Blomquist, G. E. (2009). Brief communication: Methods of sequence heterochrony for describing modular developmental changes in human evolution. Am J Phys Anthropol, 138(2), 231-238."
Postnatal Metacarpal 5 ossification (Onset),Captive,425.5,Pan troglodytes,2,Female,"Blomquist, G. E. (2009). Brief communication: Methods of sequence heterochrony for describing modular developmental changes in human evolution. Am J Phys Anthropol, 138(2), 231-238."
Postnatal Metacarpal 5 ossification (Onset),Captive,608,Pan troglodytes,2,Male,"Blomquist, G. E. (2009). Brief communication: Methods of sequence heterochrony for describing modular developmental changes in human evolution. Am J Phys Anthropol, 138(2), 231-238."
Postnatal Metatarsal 1 ossification (Onset),Captive,608,Pan troglodytes,2,Female,"Blomquist, G. E. (2009). Brief communication: Methods of sequence heterochrony for describing modular developmental changes in human evolution. Am J Phys Anthropol, 138(2), 231-238."
Postnatal Metatarsal 1 ossification (Onset),Captive,699.25,Pan troglodytes,2,Male,"Blomquist, G. E. (2009). Brief communication: Methods of sequence heterochrony for describing modular developmental changes in human evolution. Am J Phys Anthropol, 138(2), 231-238."
Postnatal Metatarsal 2 ossification (Onset),Captive,486.33,Pan troglodytes,2,Female,"Blomquist, G. E. (2009). Brief communication: Methods of sequence heterochrony for describing modular developmental changes in human evolution. Am J Phys Anthropol, 138(2), 231-238."
Postnatal Metatarsal 2 ossification (Onset),Captive,638.42,Pan troglodytes,2,Male,"Blomquist, G. E. (2009). Brief communication: Methods of sequence heterochrony for describing modular developmental changes in human evolution. Am J Phys Anthropol, 138(2), 231-238."
Postnatal Metatarsal 3 ossification (Onset),Captive,455.92,Pan troglodytes,2,Female,"Blomquist, G. E. (2009). Brief communication: Methods of sequence heterochrony for describing modular developmental changes in human evolution. Am J Phys Anthropol, 138(2), 231-238."
Postnatal Metatarsal 3 ossification (Onset),Captive,668.83,Pan troglodytes,2,Male,"Blomquist, G. E. (2009). Brief communication: Methods of sequence heterochrony for describing modular developmental changes in human evolution. Am J Phys Anthropol, 138(2), 231-238."
Postnatal Metatarsal 4 ossification (Onset),Captive,608,Pan troglodytes,2,Female,"Blomquist, G. E. (2009). Brief communication: Methods of sequence heterochrony for describing modular developmental changes in human evolution. Am J Phys Anthropol, 138(2), 231-238."
Postnatal Metatarsal 4 ossification (Onset),Captive,790.5,Pan troglodytes,2,Male,"Blomquist, G. E. (2009). Brief communication: Methods of sequence heterochrony for describing modular developmental changes in human evolution. Am J Phys Anthropol, 138(2), 231-238."
Postnatal Metatarsal 5 ossification (Onset),Captive,668.83,Pan troglodytes,2,Female,"Blomquist, G. E. (2009). Brief communication: Methods of sequence heterochrony for describing modular developmental changes in human evolution. Am J Phys Anthropol, 138(2), 231-238."
Postnatal Metatarsal 5 ossification (Onset),Captive,851.33,Pan troglodytes,2,Male,"Blomquist, G. E. (2009). Brief communication: Methods of sequence heterochrony for describing modular developmental changes in human evolution. Am J Phys Anthropol, 138(2), 231-238."
Middle 2nd finger ossification (Onset),Captive,547.17,Pan troglodytes,2,Female,"Blomquist, G. E. (2009). Brief communication: Methods of sequence heterochrony for describing modular developmental changes in human evolution. Am J Phys Anthropol, 138(2), 231-238."
Middle 2nd finger ossification (Onset),Captive,638.42,Pan troglodytes,2,Male,"Blomquist, G. E. (2009). Brief communication: Methods of sequence heterochrony for describing modular developmental changes in human evolution. Am J Phys Anthropol, 138(2), 231-238."
Middle 3rd finger ossification (Onset),Captive,486.33,Pan troglodytes,2,Female,"Blomquist, G. E. (2009). Brief communication: Methods of sequence heterochrony for describing modular developmental changes in human evolution. Am J Phys Anthropol, 138(2), 231-238."
Middle 3rd finger ossification (Onset),Captive,668.83,Pan troglodytes,2,Male,"Blomquist, G. E. (2009). Brief communication: Methods of sequence heterochrony for describing modular developmental changes in human evolution. Am J Phys Anthropol, 138(2), 231-238."
Middle 4th finger ossification (Onset),Captive,455.92,Pan troglodytes,2,Female,"Blomquist, G. E. (2009). Brief communication: Methods of sequence heterochrony for describing modular developmental changes in human evolution. Am J Phys Anthropol, 138(2), 231-238."
Middle 4th finger ossification (Onset),Captive,699.25,Pan troglodytes,2,Male,"Blomquist, G. E. (2009). Brief communication: Methods of sequence heterochrony for describing modular developmental changes in human evolution. Am J Phys Anthropol, 138(2), 231-238."
Middle 5th finger ossification (Onset),Captive,577.58,Pan troglodytes,2,Female,"Blomquist, G. E. (2009). Brief communication: Methods of sequence heterochrony for describing modular developmental changes in human evolution. Am J Phys Anthropol, 138(2), 231-238."
Middle 5th finger ossification (Onset),Captive,820.92,Pan troglodytes,2,Male,"Blomquist, G. E. (2009). Brief communication: Methods of sequence heterochrony for describing modular developmental changes in human evolution. Am J Phys Anthropol, 138(2), 231-238."
Middle cuneiform ossification (Onset),Captive,608,Pan troglodytes,2,Female,"Blomquist, G. E. (2009). Brief communication: Methods of sequence heterochrony for describing modular developmental changes in human evolution. Am J Phys Anthropol, 138(2), 231-238."
Middle cuneiform ossification (Onset),Captive,547.17,Pan troglodytes,2,Male,"Blomquist, G. E. (2009). Brief communication: Methods of sequence heterochrony for describing modular developmental changes in human evolution. Am J Phys Anthropol, 138(2), 231-238."
Minima of life crisis,Captive,10371.8,Pan troglodytes,2,Male+Female,"Weiss A, King JE, Inoue-Murayama M, Matsuzawa T, Oswald AJ. Evidence for a midlife crisis in great apes consistent with the U-shape in human well-being. Proceedings of the National Academy of Sciences. 2012 Dec 4;109(49):19949-52."
Minimum Ramus Breadth reaches 70% of stable value,,1843.9,Pan troglodytes,2,Male+Female,"Williams, Frank L'Engle. Heterochronic perturbations in the craniofacial evolution of Homo (Neandertals and modern humans) and Pan (P. troglodytes and P. paniscus). University of Massachusetts Amherst, 2001."
Minimum Ramus Breadth reaches 80% of stable value,,2464.8,Pan troglodytes,2,Male+Female,"Williams, Frank L'Engle. Heterochronic perturbations in the craniofacial evolution of Homo (Neandertals and modern humans) and Pan (P. troglodytes and P. paniscus). University of Massachusetts Amherst, 2001."
Minimum Ramus Breadth reaches 90% of stable value,,3273.2,Pan troglodytes,2,Male+Female,"Williams, Frank L'Engle. Heterochronic perturbations in the craniofacial evolution of Homo (Neandertals and modern humans) and Pan (P. troglodytes and P. paniscus). University of Massachusetts Amherst, 2001."
Nasal Breadth reaches 70% of stable value,,1652.6,Pan troglodytes,2,Male+Female,"Williams, Frank L'Engle. Heterochronic perturbations in the craniofacial evolution of Homo (Neandertals and modern humans) and Pan (P. troglodytes and P. paniscus). University of Massachusetts Amherst, 2001."
Nasal Breadth reaches 80% of stable value,,2336.3,Pan troglodytes,2,Male+Female,"Williams, Frank L'Engle. Heterochronic perturbations in the craniofacial evolution of Homo (Neandertals and modern humans) and Pan (P. troglodytes and P. paniscus). University of Massachusetts Amherst, 2001."
Nasal Breadth reaches 90% of stable value,,3227.2,Pan troglodytes,2,Male+Female,"Williams, Frank L'Engle. Heterochronic perturbations in the craniofacial evolution of Homo (Neandertals and modern humans) and Pan (P. troglodytes and P. paniscus). University of Massachusetts Amherst, 2001."
Solitary or object play (Onset),Wild,351,Pan troglodytes,2,Male+Female,"Bründl AC, Tkaczynski PJ, Nohon Kohou G, Boesch C, Wittig RM, Crockford C. Systematic mapping of developmental milestones in wild chimpanzees Dev Sci. In Press. 2020;e12988. doi:10.1111/desc.12988"
Solitary or object play (Onset),Wild,264,Pan troglodytes,1,Male+Female,"Bründl AC, Tkaczynski PJ, Nohon Kohou G, Boesch C, Wittig RM, Crockford C. Systematic mapping of developmental milestones in wild chimpanzees Dev Sci. In Press. 2020;e12988. doi:10.1111/desc.12988"
Solitary or object play (Onset),Wild,534,Pan troglodytes,3,Male+Female,"Bründl AC, Tkaczynski PJ, Nohon Kohou G, Boesch C, Wittig RM, Crockford C. Systematic mapping of developmental milestones in wild chimpanzees Dev Sci. In Press. 2020;e12988. doi:10.1111/desc.12988"
Solitary or object play (Peak),Captive,843,Pan troglodytes,2,Male+Female,"Markus N, Croft DB. Play behaviour and its effects on social development of common chimpanzees (Pan troglodytes). Primates. 1995 Apr;36:213-25."
Palatal Breadth reaches 70% of stable value,,1317.2,Pan troglodytes,2,Male+Female,"Williams, Frank L'Engle. Heterochronic perturbations in the craniofacial evolution of Homo (Neandertals and modern humans) and Pan (P. troglodytes and P. paniscus). University of Massachusetts Amherst, 2001."
Palatal Breadth reaches 80% of stable value,,1974.2,Pan troglodytes,2,Male+Female,"Williams, Frank L'Engle. Heterochronic perturbations in the craniofacial evolution of Homo (Neandertals and modern humans) and Pan (P. troglodytes and P. paniscus). University of Massachusetts Amherst, 2001."
Palatal Breadth reaches 90% of stable value,,2830.1,Pan troglodytes,2,Male+Female,"Williams, Frank L'Engle. Heterochronic perturbations in the craniofacial evolution of Homo (Neandertals and modern humans) and Pan (P. troglodytes and P. paniscus). University of Massachusetts Amherst, 2001."
Palatal Length reaches 70% of stable value,,1881.5,Pan troglodytes,2,Male+Female,"Williams, Frank L'Engle. Heterochronic perturbations in the craniofacial evolution of Homo (Neandertals and modern humans) and Pan (P. troglodytes and P. paniscus). University of Massachusetts Amherst, 2001."
Palatal Length reaches 80% of stable value,,2504.9,Pan troglodytes,2,Male+Female,"Williams, Frank L'Engle. Heterochronic perturbations in the craniofacial evolution of Homo (Neandertals and modern humans) and Pan (P. troglodytes and P. paniscus). University of Massachusetts Amherst, 2001."
Palatal Length reaches 90% of stable value,,3317,Pan troglodytes,2,Male+Female,"Williams, Frank L'Engle. Heterochronic perturbations in the craniofacial evolution of Homo (Neandertals and modern humans) and Pan (P. troglodytes and P. paniscus). University of Massachusetts Amherst, 2001."
Partial fusion of the epiphysis proximal phalange (3rd finger),Captive,2260,Pan troglodytes,2,Male,"Charvet CJ, Ofori K, Falcone C, Rigby Dames BA. Transcription, structure, and organoids translate time across the lifespan of humans and great apes. PNAS nexus. 2023 Aug;2(8):pgad230."
Patella ossification (Onset),Captive,851.33,Pan troglodytes,2,Female,"Blomquist, G. E. (2009). Brief communication: Methods of sequence heterochrony for describing modular developmental changes in human evolution. Am J Phys Anthropol, 138(2), 231-238."
Patella ossification (Onset),Captive,1033.8,Pan troglodytes,2,Male,"Blomquist, G. E. (2009). Brief communication: Methods of sequence heterochrony for describing modular developmental changes in human evolution. Am J Phys Anthropol, 138(2), 231-238."
Pedal navicular (= navicular) ossification (Onset),Captive,790.5,Pan troglodytes,2,Female,"Blomquist, G. E. (2009). Brief communication: Methods of sequence heterochrony for describing modular developmental changes in human evolution. Am J Phys Anthropol, 138(2), 231-238."
Pedal navicular (= navicular) ossification (Onset),Captive,973,Pan troglodytes,2,Male,"Blomquist, G. E. (2009). Brief communication: Methods of sequence heterochrony for describing modular developmental changes in human evolution. Am J Phys Anthropol, 138(2), 231-238."
Permanent teeth eruption (Offset),,4383.925,Pan troglodytes,2,Male+Female,"Holly Smith, B., Crummett, T.L. and Brandt, K.L., 1994. Ages of eruption of primate teeth: a compendium for aging individuals and comparing life histories. American journal of physical anthropology, 37(S19), pp.177-231."
Permanent teeth eruption (Offset),,4389.4,Pan troglodytes,2,Male,"Holly Smith, B., Crummett, T.L. and Brandt, K.L., 1994. Ages of eruption of primate teeth: a compendium for aging individuals and comparing life histories. American journal of physical anthropology, 37(S19), pp.177-231."
Permanent teeth eruption (Offset),,4378.45,Pan troglodytes,2,Female,"Holly Smith, B., Crummett, T.L. and Brandt, K.L., 1994. Ages of eruption of primate teeth: a compendium for aging individuals and comparing life histories. American journal of physical anthropology, 37(S19), pp.177-231."
Permanent teeth eruption (Onset),,1427.425,Pan troglodytes,2,Male+Female,"Holly Smith, B., Crummett, T.L. and Brandt, K.L., 1994. Ages of eruption of primate teeth: a compendium for aging individuals and comparing life histories. American journal of physical anthropology, 37(S19), pp.177-231."
Permanent teeth eruption (Onset),,1447.5,Pan troglodytes,2,Male,"Holly Smith, B., Crummett, T.L. and Brandt, K.L., 1994. Ages of eruption of primate teeth: a compendium for aging individuals and comparing life histories. American journal of physical anthropology, 37(S19), pp.177-231."
Permanent teeth eruption (Onset),,1407.35,Pan troglodytes,2,Female,"Holly Smith, B., Crummett, T.L. and Brandt, K.L., 1994. Ages of eruption of primate teeth: a compendium for aging individuals and comparing life histories. American journal of physical anthropology, 37(S19), pp.177-231."
Phosphorus % plateaus,Captive Laboratory,5768.68,Pan troglodytes,2,Female,https://primatedatabase.org
Phosphorus % plateaus,Captive Laboratory,5450.51,Pan troglodytes,2,Male,https://primatedatabase.org
Phosphorus % plateaus,,6010,Pan troglodytes,2,Male+Female,https://primatedatabase.org
Phosphorus % reaches 120% of the plateau,Captive Laboratory,4719.47,Pan troglodytes,2,Female,https://primatedatabase.org
Phosphorus % reaches 120% of the plateau,Captive Laboratory,4283.62,Pan troglodytes,2,Male,https://primatedatabase.org
Phosphorus % reaches 120% of the plateau,,4907.7,Pan troglodytes,2,Male+Female,https://primatedatabase.org
Phosphorus % reaches 140% of the plateau,Captive Laboratory,3670.25,Pan troglodytes,2,Female,https://primatedatabase.org
Phosphorus % reaches 140% of the plateau,Captive Laboratory,3116.73,Pan troglodytes,2,Male,https://primatedatabase.org
Phosphorus % reaches 140% of the plateau,,3805.4,Pan troglodytes,2,Male+Female,https://primatedatabase.org
Phosphorus % reaches 160% of the plateau,Captive Laboratory,2621.03,Pan troglodytes,2,Female,https://primatedatabase.org
Phosphorus % reaches 160% of the plateau,Captive Laboratory,1949.84,Pan troglodytes,2,Male,https://primatedatabase.org
Phosphorus % reaches 160% of the plateau,,2703.1,Pan troglodytes,2,Male+Female,https://primatedatabase.org
Piaget scale development-object permanence: 1. Follows a slowly moving object through 180° arc smoothly,Captive,303.7,Pan troglodytes,2,Male,"Potì, P., & Spinozzi, G. (1994). Early sensorimotor development in chimpanzees (Pan troglodytes). Journal of Comparative Psychology, 108(1), 93."
Pisiforme ossification (Onset),,453,Pan troglodytes,2,Male+Female,"Prochel J, Vogel P, Sánchez-Villagra MR. Hand development and sequence of ossification in the forelimb of the European shrew Crocidura russula (Soricidae) and comparisons across therian mammals. J Anat. 2004 Aug;205(2):99-111. doi: 10.1111/j.0021-8782.2004.00321.x. PMID: 15291793; PMCID: PMC1571333."
Pivot,Captive,376,Pan troglodytes,2,Female,"Brakke KE, Savage-Rumbaugh ES. Early postural behavior in Pan: Influences on development. Infant Behavior and Development. 1991 Jul 1;14(3):265-88."
Pivot,Captive,425,Pan troglodytes,2,Male+Female,"Brakke KE, Savage-Rumbaugh ES. Early postural behavior in Pan: Influences on development. Infant Behavior and Development. 1991 Jul 1;14(3):265-88."
Prone posture -Flex legs in crawling movements,Captive,320,Pan troglodytes,2,Female,"Brakke KE, Savage-Rumbaugh ES. Early postural behavior in Pan: Influences on development. Infant Behavior and Development. 1991 Jul 1;14(3):265-88."
Prone posture -Flex legs in crawling movements,Captive,320,Pan troglodytes,2,Male+Female,"Brakke KE, Savage-Rumbaugh ES. Early postural behavior in Pan: Influences on development. Infant Behavior and Development. 1991 Jul 1;14(3):265-88."
Prone posture -lift head past horizontal plane,Captive,320,Pan troglodytes,2,Female,"Brakke KE, Savage-Rumbaugh ES. Early postural behavior in Pan: Influences on development. Infant Behavior and Development. 1991 Jul 1;14(3):265-88."
Prone posture -lift head past horizontal plane,Captive,306,Pan troglodytes,2,Male+Female,"Brakke KE, Savage-Rumbaugh ES. Early postural behavior in Pan: Influences on development. Infant Behavior and Development. 1991 Jul 1;14(3):265-88."
Prone posture -lift head past horizontal plane,Captive,271,Pan troglodytes,2,Male,"Potì P, Spinozzi G. Early sensorimotor development in chimpanzees (Pan troglodytes). Journal of Comparative Psychology. 1994 Mar;108(1):93."
Prone posture -rest on hands,Captive,313,Pan troglodytes,2,Female,"Brakke KE, Savage-Rumbaugh ES. Early postural behavior in Pan: Influences on development. Infant Behavior and Development. 1991 Jul 1;14(3):265-88."
Prone posture -rest on hands,Captive,320,Pan troglodytes,2,Male+Female,"Brakke KE, Savage-Rumbaugh ES. Early postural behavior in Pan: Influences on development. Infant Behavior and Development. 1991 Jul 1;14(3):265-88."
Proximal 1st finger ossification (Onset),Captive,851.33,Pan troglodytes,2,Female,"Blomquist, G. E. (2009). Brief communication: Methods of sequence heterochrony for describing modular developmental changes in human evolution. Am J Phys Anthropol, 138(2), 231-238."
Proximal 1st finger ossification (Onset),Captive,1155.5,Pan troglodytes,2,Male,"Blomquist, G. E. (2009). Brief communication: Methods of sequence heterochrony for describing modular developmental changes in human evolution. Am J Phys Anthropol, 138(2), 231-238."
Proximal 1st toe ossification (Onset),Captive,516.75,Pan troglodytes,2,Female,"Blomquist, G. E. (2009). Brief communication: Methods of sequence heterochrony for describing modular developmental changes in human evolution. Am J Phys Anthropol, 138(2), 231-238."
Proximal 1st toe ossification (Onset),Captive,729.67,Pan troglodytes,2,Male,"Blomquist, G. E. (2009). Brief communication: Methods of sequence heterochrony for describing modular developmental changes in human evolution. Am J Phys Anthropol, 138(2), 231-238."
Proximal 2nd finger ossification (Onset),Captive,455.92,Pan troglodytes,2,Female,"Blomquist, G. E. (2009). Brief communication: Methods of sequence heterochrony for describing modular developmental changes in human evolution. Am J Phys Anthropol, 138(2), 231-238."
Proximal 2nd finger ossification (Onset),Captive,608,Pan troglodytes,2,Male,"Blomquist, G. E. (2009). Brief communication: Methods of sequence heterochrony for describing modular developmental changes in human evolution. Am J Phys Anthropol, 138(2), 231-238."
Proximal 2nd toe ossification (Onset),Captive,486.33,Pan troglodytes,2,Female,"Blomquist, G. E. (2009). Brief communication: Methods of sequence heterochrony for describing modular developmental changes in human evolution. Am J Phys Anthropol, 138(2), 231-238."
Proximal 2nd toe ossification (Onset),Captive,638.42,Pan troglodytes,2,Male,"Blomquist, G. E. (2009). Brief communication: Methods of sequence heterochrony for describing modular developmental changes in human evolution. Am J Phys Anthropol, 138(2), 231-238."
Proximal 3rd finger ossification (Onset),Captive,395.08,Pan troglodytes,2,Female,"Blomquist, G. E. (2009). Brief communication: Methods of sequence heterochrony for describing modular developmental changes in human evolution. Am J Phys Anthropol, 138(2), 231-238."
Proximal 3rd finger ossification (Onset),Captive,516.75,Pan troglodytes,2,Male,"Blomquist, G. E. (2009). Brief communication: Methods of sequence heterochrony for describing modular developmental changes in human evolution. Am J Phys Anthropol, 138(2), 231-238."
Proximal 3rd toe ossification (Onset),Captive,425.5,Pan troglodytes,2,Female,"Blomquist, G. E. (2009). Brief communication: Methods of sequence heterochrony for describing modular developmental changes in human evolution. Am J Phys Anthropol, 138(2), 231-238."
Proximal 3rd toe ossification (Onset),Captive,608,Pan troglodytes,2,Male,"Blomquist, G. E. (2009). Brief communication: Methods of sequence heterochrony for describing modular developmental changes in human evolution. Am J Phys Anthropol, 138(2), 231-238."
Proximal 4th finger ossification (Onset),Captive,425.5,Pan troglodytes,2,Female,"Blomquist, G. E. (2009). Brief communication: Methods of sequence heterochrony for describing modular developmental changes in human evolution. Am J Phys Anthropol, 138(2), 231-238."
Proximal 4th finger ossification (Onset),Captive,577.58,Pan troglodytes,2,Male,"Blomquist, G. E. (2009). Brief communication: Methods of sequence heterochrony for describing modular developmental changes in human evolution. Am J Phys Anthropol, 138(2), 231-238."
Proximal 4th toe ossification (Onset),Captive,455.92,Pan troglodytes,2,Female,"Blomquist, G. E. (2009). Brief communication: Methods of sequence heterochrony for describing modular developmental changes in human evolution. Am J Phys Anthropol, 138(2), 231-238."
Proximal 4th toe ossification (Onset),Captive,608,Pan troglodytes,2,Male,"Blomquist, G. E. (2009). Brief communication: Methods of sequence heterochrony for describing modular developmental changes in human evolution. Am J Phys Anthropol, 138(2), 231-238."
Proximal 5th finger ossification (Onset),Captive,455.92,Pan troglodytes,2,Female,"Blomquist, G. E. (2009). Brief communication: Methods of sequence heterochrony for describing modular developmental changes in human evolution. Am J Phys Anthropol, 138(2), 231-238."
Proximal 5th finger ossification (Onset),Captive,638.42,Pan troglodytes,2,Male,"Blomquist, G. E. (2009). Brief communication: Methods of sequence heterochrony for describing modular developmental changes in human evolution. Am J Phys Anthropol, 138(2), 231-238."
Proximal 5th toe ossification (Onset),Captive,577.58,Pan troglodytes,2,Female,"Blomquist, G. E. (2009). Brief communication: Methods of sequence heterochrony for describing modular developmental changes in human evolution. Am J Phys Anthropol, 138(2), 231-238."
Proximal 5th toe ossification (Onset),Captive,729.67,Pan troglodytes,2,Male,"Blomquist, G. E. (2009). Brief communication: Methods of sequence heterochrony for describing modular developmental changes in human evolution. Am J Phys Anthropol, 138(2), 231-238."
Proximal fibula ossification (Onset),Captive,699.25,Pan troglodytes,2,Female,"Blomquist, G. E. (2009). Brief communication: Methods of sequence heterochrony for describing modular developmental changes in human evolution. Am J Phys Anthropol, 138(2), 231-238."
Proximal fibula ossification (Onset),Captive,820.92,Pan troglodytes,2,Male,"Blomquist, G. E. (2009). Brief communication: Methods of sequence heterochrony for describing modular developmental changes in human evolution. Am J Phys Anthropol, 138(2), 231-238."
Proximal radius ossification (Onset),Captive,425.5,Pan troglodytes,2,Female,"Blomquist, G. E. (2009). Brief communication: Methods of sequence heterochrony for describing modular developmental changes in human evolution. Am J Phys Anthropol, 138(2), 231-238."
Proximal radius ossification (Onset),Captive,486.33,Pan troglodytes,2,Male,"Blomquist, G. E. (2009). Brief communication: Methods of sequence heterochrony for describing modular developmental changes in human evolution. Am J Phys Anthropol, 138(2), 231-238."
Pull to standing,Captive,348,Pan troglodytes,2,Female,"Brakke KE, Savage-Rumbaugh ES. Early postural behavior in Pan: Influences on development. Infant Behavior and Development. 1991 Jul 1;14(3):265-88."
Pull to standing,Captive,383,Pan troglodytes,2,Male+Female,"Brakke KE, Savage-Rumbaugh ES. Early postural behavior in Pan: Influences on development. Infant Behavior and Development. 1991 Jul 1;14(3):265-88."
"Push upward, backward to sitting",Captive,376,Pan troglodytes,2,Female,"Brakke KE, Savage-Rumbaugh ES. Early postural behavior in Pan: Influences on development. Infant Behavior and Development. 1991 Jul 1;14(3):265-88."
"Push upward, backward to sitting",Captive,383,Pan troglodytes,2,Male+Female,"Brakke KE, Savage-Rumbaugh ES. Early postural behavior in Pan: Influences on development. Infant Behavior and Development. 1991 Jul 1;14(3):265-88."
Quadrupedal position (Attained),Captive,341,Pan troglodytes,2,Female,"Brakke KE, Savage-Rumbaugh ES. Early postural behavior in Pan: Influences on development. Infant Behavior and Development. 1991 Jul 1;14(3):265-88."
Quadrupedal position (Attained),Captive,397,Pan troglodytes,2,Male+Female,"Brakke KE, Savage-Rumbaugh ES. Early postural behavior in Pan: Influences on development. Infant Behavior and Development. 1991 Jul 1;14(3):265-88."
Ramus Height reaches 70% of stable value,,1913.6,Pan troglodytes,2,Male+Female,"Williams, Frank L'Engle. Heterochronic perturbations in the craniofacial evolution of Homo (Neandertals and modern humans) and Pan (P. troglodytes and P. paniscus). University of Massachusetts Amherst, 2001."
Ramus Height reaches 80% of stable value,,2544.7,Pan troglodytes,2,Male+Female,"Williams, Frank L'Engle. Heterochronic perturbations in the craniofacial evolution of Homo (Neandertals and modern humans) and Pan (P. troglodytes and P. paniscus). University of Massachusetts Amherst, 2001."
Ramus Height reaches 90% of stable value,,3367,Pan troglodytes,2,Male+Female,"Williams, Frank L'Engle. Heterochronic perturbations in the craniofacial evolution of Homo (Neandertals and modern humans) and Pan (P. troglodytes and P. paniscus). University of Massachusetts Amherst, 2001."
Scaphoid ossification (Onset),,423,Pan troglodytes,2,Male+Female,"Prochel J, Vogel P, Sánchez-Villagra MR. Hand development and sequence of ossification in the forelimb of the European shrew Crocidura russula (Soricidae) and comparisons across therian mammals. J Anat. 2004 Aug;205(2):99-111. doi: 10.1111/j.0021-8782.2004.00321.x. PMID: 15291793; PMCID: PMC1571333."
Second postural stages (Onset),Captive,323,Pan troglodytes,2,Male+Female,"Takeshita, H., Hirata, S., Sakai, T., & Myowa-Yamakoshi, M. (2016). Fetal behavioral development and brain growth in chimpanzees versus humans: a view from studies with 4d ultrasonography. In Fetal development (pp. 67-83). Springer, Cham. (book chapter)"
Self-grooming,Wild,423,Pan troglodytes,2,Male+Female,"Lonsdorf EV, Markham AC, Heintz MR, Anderson KE, Ciuk DJ, Goodall J, Murray CM. Sex differences in wild chimpanzee behavior emerge during infancy. PLoS One. 2014 Jun 9;9(6):e99099. doi: 10.1371/journal.pone.0099099. PMID: 24911160; PMCID: PMC4049619."
Sexual maturity,Captive+Wild,4140.96,Pan troglodytes,2,Male+Female,"https://esapubs.org/archive/ecol/E090/184/PanTHERIA_1-0_WR05_Aug2008.txt; Jones, K. E., Bielby, J., Cardillo, M., Fritz, S. A., O'Dell, J., Orme, C. D. L., Safi, K., Sechrest, W., Boakes, E. H., Carbone, C., Connolly, C., Cutts, M. J., Foster, J. K., Grenyer, R., Habib, M., Plaster, C. A., Price, S. A., Rigby, E. A., Rist, J., . . . Michener, W. K. (2009). PanTHERIA: a species-level database of life history, ecology, and geography of extant and recently extinct mammals. Ecology, 90(9), 2648-2648. https://doi.org/10.1890/08-1494.1"
Sit for 10+ minutes,Captive,502,Pan troglodytes,2,Female,"Brakke KE, Savage-Rumbaugh ES. Early postural behavior in Pan: Influences on development. Infant Behavior and Development. 1991 Jul 1;14(3):265-88."
Sit for 10+ minutes,Captive,439,Pan troglodytes,2,Male+Female,"Brakke KE, Savage-Rumbaugh ES. Early postural behavior in Pan: Influences on development. Infant Behavior and Development. 1991 Jul 1;14(3):265-88."
Sit for an indefinite period,Captive,502,Pan troglodytes,2,Female,"Brakke KE, Savage-Rumbaugh ES. Early postural behavior in Pan: Influences on development. Infant Behavior and Development. 1991 Jul 1;14(3):265-88."
Sit for an indefinite period,Captive,453,Pan troglodytes,2,Male+Female,"Brakke KE, Savage-Rumbaugh ES. Early postural behavior in Pan: Influences on development. Infant Behavior and Development. 1991 Jul 1;14(3):265-88."
Sit up (Onset),Captive,432,Pan troglodytes,2,Female,"Brakke KE, Savage-Rumbaugh ES. Early postural behavior in Pan: Influences on development. Infant Behavior and Development. 1991 Jul 1;14(3):265-88."
Sit up (Onset),Captive,411,Pan troglodytes,2,Male+Female,"Brakke KE, Savage-Rumbaugh ES. Early postural behavior in Pan: Influences on development. Infant Behavior and Development. 1991 Jul 1;14(3):265-88."
Sit unsupported 1+ minute,Captive,481,Pan troglodytes,2,Female,"Brakke KE, Savage-Rumbaugh ES. Early postural behavior in Pan: Influences on development. Infant Behavior and Development. 1991 Jul 1;14(3):265-88."
Sit unsupported 1+ minute,Captive,418,Pan troglodytes,2,Male+Female,"Brakke KE, Savage-Rumbaugh ES. Early postural behavior in Pan: Influences on development. Infant Behavior and Development. 1991 Jul 1;14(3):265-88."
Sit up (Onset),Wild,345.9,Pan troglodytes,2,Male+Female,"Bründl AC, Tkaczynski PJ, Nohon Kohou G, Boesch C, Wittig RM, Crockford C. Systematic mapping of developmental milestones in wild chimpanzees Dev Sci. In Press. 2020;e12988. doi:10.1111/desc.12988"
Sit up (Onset),Wild,270,Pan troglodytes,1,Male+Female,"Bründl AC, Tkaczynski PJ, Nohon Kohou G, Boesch C, Wittig RM, Crockford C. Systematic mapping of developmental milestones in wild chimpanzees Dev Sci. In Press. 2020;e12988. doi:10.1111/desc.12988"
Sit up (Onset),Wild,534,Pan troglodytes,3,Male+Female,"Bründl AC, Tkaczynski PJ, Nohon Kohou G, Boesch C, Wittig RM, Crockford C. Systematic mapping of developmental milestones in wild chimpanzees Dev Sci. In Press. 2020;e12988. doi:10.1111/desc.12988"
Sitting posture -prone (Attained),Captive,341,Pan troglodytes,2,Female,"Brakke KE, Savage-Rumbaugh ES. Early postural behavior in Pan: Influences on development. Infant Behavior and Development. 1991 Jul 1;14(3):265-88."
Sitting posture -prone (Attained),Captive,383,Pan troglodytes,2,Male+Female,"Brakke KE, Savage-Rumbaugh ES. Early postural behavior in Pan: Influences on development. Infant Behavior and Development. 1991 Jul 1;14(3):265-88."
Sitting posture-Body erect,Captive,341,Pan troglodytes,2,Female,"Brakke KE, Savage-Rumbaugh ES. Early postural behavior in Pan: Influences on development. Infant Behavior and Development. 1991 Jul 1;14(3):265-88."
Sitting posture-Body erect,Captive,383,Pan troglodytes,2,Male+Female,"Brakke KE, Savage-Rumbaugh ES. Early postural behavior in Pan: Influences on development. Infant Behavior and Development. 1991 Jul 1;14(3):265-88."
Sitting posture-Sit with slight or no support,Captive,320,Pan troglodytes,2,Female,"Brakke KE, Savage-Rumbaugh ES. Early postural behavior in Pan: Influences on development. Infant Behavior and Development. 1991 Jul 1;14(3):265-88."
Sitting posture-Sit with slight or no support,Captive,292,Pan troglodytes,2,Male+Female,"Brakke KE, Savage-Rumbaugh ES. Early postural behavior in Pan: Influences on development. Infant Behavior and Development. 1991 Jul 1;14(3):265-88."
Sitting prone -Lean forward or sideward actively,Captive,369,Pan troglodytes,2,Female,"Brakke KE, Savage-Rumbaugh ES. Early postural behavior in Pan: Influences on development. Infant Behavior and Development. 1991 Jul 1;14(3):265-88."
Sitting prone -Lean forward or sideward actively,Captive,397,Pan troglodytes,2,Male+Female,"Brakke KE, Savage-Rumbaugh ES. Early postural behavior in Pan: Influences on development. Infant Behavior and Development. 1991 Jul 1;14(3):265-88."
Social play (Onset),Wild,276.75,Pan troglodytes,2,Male+Female,"Bründl AC, Tkaczynski PJ, Nohon Kohou G, Boesch C, Wittig RM, Crockford C. Systematic mapping of developmental milestones in wild chimpanzees Dev Sci. In Press. 2020;e12988. doi:10.1111/desc.12988"
Social play (Onset),Wild,790.5,Pan troglodytes,2,Female,"Lee SM, Murray CM, Lonsdorf EV, Fruth B, Stanton MA, Nichols J, Hohmann G. Wild bonobo and chimpanzeeFemale exhibit broadly similar patterns of behavioral maturation but some evidence for divergence. American journal of physical anthropology. 2020 Jan;171(1):100-9."
Social play (Onset),,425.5,Pan troglodytes,2,Female,"Lonsdorf EV, Markham AC, Heintz MR, Anderson KE, Ciuk DJ, Goodall J, Murray CM. Sex differences in wild chimpanzee behavior emerge during infancy. PLoS One. 2014 Jun 9;9(6):e99099. doi: 10.1371/journal.pone.0099099. PMID: 24911160; PMCID: PMC4049619."
Social play (Onset),,425.5,Pan troglodytes,2,Male,"Lonsdorf EV, Markham AC, Heintz MR, Anderson KE, Ciuk DJ, Goodall J, Murray CM. Sex differences in wild chimpanzee behavior emerge during infancy. PLoS One. 2014 Jun 9;9(6):e99099. doi: 10.1371/journal.pone.0099099. PMID: 24911160; PMCID: PMC4049619."
Social play (Peak),,1155.5,Pan troglodytes,2,Female,"Lee SM, Murray CM, Lonsdorf EV, Fruth B, Stanton MA, Nichols J, Hohmann G. Wild bonobo and chimpanzeeFemale exhibit broadly similar patterns of behavioral maturation but some evidence for divergence. American journal of physical anthropology. 2020 Jan;171(1):100-9."
Social play (Peak),Wild,1338,Pan troglodytes,2,Female,"Lonsdorf EV, Markham AC, Heintz MR, Anderson KE, Ciuk DJ, Goodall J, Murray CM. Sex differences in wild chimpanzee behavior emerge during infancy. PLoS One. 2014 Jun 9;9(6):e99099. doi: 10.1371/journal.pone.0099099. PMID: 24911160; PMCID: PMC4049619."
Social play (Peak),Wild,973,Pan troglodytes,2,Male,"Lonsdorf EV, Markham AC, Heintz MR, Anderson KE, Ciuk DJ, Goodall J, Murray CM. Sex differences in wild chimpanzee behavior emerge during infancy. PLoS One. 2014 Jun 9;9(6):e99099. doi: 10.1371/journal.pone.0099099. PMID: 24911160; PMCID: PMC4049619."
Social play (Peak),Captive,918,Pan troglodytes,2,Male,"Markus N, Croft DB. Play behaviour and its effects on social development of common chimpanzees (Pan troglodytes). Primates. 1995 Apr;36:213-25."
Social play (Peak),Captive,483,Pan troglodytes,2,Male+Female,"Markus N, Croft DB. Play behaviour and its effects on social development of common chimpanzees (Pan troglodytes). Primates. 1995 Apr;36:213-25."
Solitary or object play (Onset),,243,Pan troglodytes,2,Male+Female,"Lonsdorf EV, Markham AC, Heintz MR, Anderson KE, Ciuk DJ, Goodall J, Murray CM. Sex differences in wild chimpanzee behavior emerge during infancy. PLoS One. 2014 Jun 9;9(6):e99099. doi: 10.1371/journal.pone.0099099. PMID: 24911160; PMCID: PMC4049619."
Solitary or object play (Onset),Wild,243,Pan troglodytes,2,Male,"Lonsdorf EV, Markham AC, Heintz MR, Anderson KE, Ciuk DJ, Goodall J, Murray CM. Sex differences in wild chimpanzee behavior emerge during infancy. PLoS One. 2014 Jun 9;9(6):e99099. doi: 10.1371/journal.pone.0099099. PMID: 24911160; PMCID: PMC4049619."
Solitary or object play (Onset),Wild,243,Pan troglodytes,2,Female,"Lonsdorf EV, Markham AC, Heintz MR, Anderson KE, Ciuk DJ, Goodall J, Murray CM. Sex differences in wild chimpanzee behavior emerge during infancy. PLoS One. 2014 Jun 9;9(6):e99099. doi: 10.1371/journal.pone.0099099. PMID: 24911160; PMCID: PMC4049619."
Solitary or object play (Onset),Captive,369,Pan troglodytes,2,Male+Female,"Miller LC, Nadler RD. Mother-infant relations and infant development in captive chimpanzees and orang-utans. International Journal of Primatology. 1981 Sep 1;2(3):247-61."
Solitary or object play (Peak),,635,Pan troglodytes,2,Male+Female,"Lonsdorf EV, Markham AC, Heintz MR, Anderson KE, Ciuk DJ, Goodall J, Murray CM. Sex differences in wild chimpanzee behavior emerge during infancy. PLoS One. 2014 Jun 9;9(6):e99099. doi: 10.1371/journal.pone.0099099. PMID: 24911160; PMCID: PMC4049619."
Solitary or object play (Peak),Wild,608,Pan troglodytes,2,Male,"Lonsdorf EV, Markham AC, Heintz MR, Anderson KE, Ciuk DJ, Goodall J, Murray CM. Sex differences in wild chimpanzee behavior emerge during infancy. PLoS One. 2014 Jun 9;9(6):e99099. doi: 10.1371/journal.pone.0099099. PMID: 24911160; PMCID: PMC4049619."
Solitary or object play (Peak),Wild,608,Pan troglodytes,2,Female,"Lonsdorf EV, Markham AC, Heintz MR, Anderson KE, Ciuk DJ, Goodall J, Murray CM. Sex differences in wild chimpanzee behavior emerge during infancy. PLoS One. 2014 Jun 9;9(6):e99099. doi: 10.1371/journal.pone.0099099. PMID: 24911160; PMCID: PMC4049619."
Solitary or object play (Peak),Captive,1143,Pan troglodytes,2,Male,"Markus N, Croft DB. Play behaviour and its effects on social development of common chimpanzees (Pan troglodytes). Primates. 1995 Apr;36:213-25."
Stage 1 of sensorimotor development ie reflex,Captive,273,Pan troglodytes,2,Male+Female,"Chevalier-Skolnikoff, S., 1983. Sensorimotor development in orang-utans and other primates. Journal of Human Evolution, 12(6), pp.545-561."
Stage 2 of sensorimotor development ie primary circular reaction,Captive,348,Pan troglodytes,2,Male+Female,"Chevalier-Skolnikoff, S., 1983. Sensorimotor development in orang-utans and other primates. Journal of Human Evolution, 12(6), pp.545-561."
Stage 3 of sensorimotor development ie secondary circular reaction,Captive,408,Pan troglodytes,2,Male+Female,"Chevalier-Skolnikoff, S., 1983. Sensorimotor development in orang-utans and other primates. Journal of Human Evolution, 12(6), pp.545-561."
Stage 4 of sensorimotor development ie co-ordination,Captive,505.5,Pan troglodytes,2,Male+Female,"Chevalier-Skolnikoff, S., 1983. Sensorimotor development in orang-utans and other primates. Journal of Human Evolution, 12(6), pp.545-561."
Stand up,Captive,488,Pan troglodytes,2,Female,"Brakke KE, Savage-Rumbaugh ES. Early postural behavior in Pan: Influences on development. Infant Behavior and Development. 1991 Jul 1;14(3):265-88."
Stand up,Captive,516,Pan troglodytes,2,Male+Female,"Brakke KE, Savage-Rumbaugh ES. Early postural behavior in Pan: Influences on development. Infant Behavior and Development. 1991 Jul 1;14(3):265-88."
Stand up,Wild,369.6,Pan troglodytes,2,Male+Female,"Bründl AC, Tkaczynski PJ, Nohon Kohou G, Boesch C, Wittig RM, Crockford C. Systematic mapping of developmental milestones in wild chimpanzees Dev Sci. In Press. 2020;e12988. doi:10.1111/desc.12988"
Stand up,Wild,279,Pan troglodytes,1,Male+Female,"Bründl AC, Tkaczynski PJ, Nohon Kohou G, Boesch C, Wittig RM, Crockford C. Systematic mapping of developmental milestones in wild chimpanzees Dev Sci. In Press. 2020;e12988. doi:10.1111/desc.12988"
Stand up,Wild,534,Pan troglodytes,3,Male+Female,"Bründl AC, Tkaczynski PJ, Nohon Kohou G, Boesch C, Wittig RM, Crockford C. Systematic mapping of developmental milestones in wild chimpanzees Dev Sci. In Press. 2020;e12988. doi:10.1111/desc.12988"
Standing independently (Attained),Captive,474,Pan troglodytes,2,Female,"Brakke KE, Savage-Rumbaugh ES. Early postural behavior in Pan: Influences on development. Infant Behavior and Development. 1991 Jul 1;14(3):265-88."
Standing with assistance (Attained),Captive,411,Pan troglodytes,2,Female,"Brakke KE, Savage-Rumbaugh ES. Early postural behavior in Pan: Influences on development. Infant Behavior and Development. 1991 Jul 1;14(3):265-88."
Standing with assistance (Attained),Captive,432,Pan troglodytes,2,Male+Female,"Brakke KE, Savage-Rumbaugh ES. Early postural behavior in Pan: Influences on development. Infant Behavior and Development. 1991 Jul 1;14(3):265-88."
Stretching (Onset),Captive,77,Pan troglodytes,2,Male+Female,"Takeshita H, Hirata S, Sakai T, Myowa-Yamakoshi M. 2016. Fetal Behavioral Development and Brain Growth in Chimpanzees Versus Humans: A View from Studies with 4D Ultrasonography. In: Fetal Development  (pp. 67-83). Springer, Cham."
Suckling (Onset),Captive,154,Pan troglodytes,2,Male+Female,"Takeshita H, Hirata S, Sakai T, Myowa-Yamakoshi M. 2016. Fetal Behavioral Development and Brain Growth in Chimpanzees Versus Humans: A View from Studies with 4D Ultrasonography. In: Fetal Development  (pp. 67-83). Springer, Cham."
Supine posture-Head predominantly in midposition,Captive,250,Pan troglodytes,2,Female,"Brakke KE, Savage-Rumbaugh ES. Early postural behavior in Pan: Influences on development. Infant Behavior and Development. 1991 Jul 1;14(3):265-88."
Supine posture-Head predominantly in midposition,Captive,298,Pan troglodytes,2,Male+Female,"Brakke KE, Savage-Rumbaugh ES. Early postural behavior in Pan: Influences on development. Infant Behavior and Development. 1991 Jul 1;14(3):265-88."
Supine posture: arms extend laterally/side of trunk,Captive,411,Pan troglodytes,2,Male+Female,"Brakke KE, Savage-Rumbaugh ES. Early postural behavior in Pan: Influences on development. Infant Behavior and Development. 1991 Jul 1;14(3):265-88."
Supine posture: Arms in windmill position (Onset),Captive,278,Pan troglodytes,2,Male+Female,"Brakke KE, Savage-Rumbaugh ES. Early postural behavior in Pan: Influences on development. Infant Behavior and Development. 1991 Jul 1;14(3):265-88."
Supine posture: head predominantly rotated,Captive,285,Pan troglodytes,2,Male+Female,"Brakke KE, Savage-Rumbaugh ES. Early postural behavior in Pan: Influences on development. Infant Behavior and Development. 1991 Jul 1;14(3):265-88."
Supine posture: lift head (Onset),Captive,292,Pan troglodytes,2,Female,"Brakke KE, Savage-Rumbaugh ES. Early postural behavior in Pan: Influences on development. Infant Behavior and Development. 1991 Jul 1;14(3):265-88."
Supine posture: lift head (Onset),Captive,271,Pan troglodytes,2,Male+Female,"Brakke KE, Savage-Rumbaugh ES. Early postural behavior in Pan: Influences on development. Infant Behavior and Development. 1991 Jul 1;14(3):265-88."
Supine posture: lift head and shoulders,Captive,383,Pan troglodytes,2,Female,"Brakke KE, Savage-Rumbaugh ES. Early postural behavior in Pan: Influences on development. Infant Behavior and Development. 1991 Jul 1;14(3):265-88."
Supine posture: lift head and shoulders,Captive,334,Pan troglodytes,2,Male+Female,"Brakke KE, Savage-Rumbaugh ES. Early postural behavior in Pan: Influences on development. Infant Behavior and Development. 1991 Jul 1;14(3):265-88."
Supine posture: Roll to side (Onset),Captive,383,Pan troglodytes,2,Female,"Brakke KE, Savage-Rumbaugh ES. Early postural behavior in Pan: Influences on development. Infant Behavior and Development. 1991 Jul 1;14(3):265-88."
Supine posture: Roll to side (Onset),Captive,299,Pan troglodytes,2,Male+Female,"Brakke KE, Savage-Rumbaugh ES. Early postural behavior in Pan: Influences on development. Infant Behavior and Development. 1991 Jul 1;14(3):265-88."
Support entire weight,Captive,369,Pan troglodytes,2,Female,"Brakke KE, Savage-Rumbaugh ES. Early postural behavior in Pan: Influences on development. Infant Behavior and Development. 1991 Jul 1;14(3):265-88."
Support entire weight,Captive,397,Pan troglodytes,2,Male+Female,"Brakke KE, Savage-Rumbaugh ES. Early postural behavior in Pan: Influences on development. Infant Behavior and Development. 1991 Jul 1;14(3):265-88."
Support large fraction of weight,Captive,327,Pan troglodytes,2,Female,"Brakke KE, Savage-Rumbaugh ES. Early postural behavior in Pan: Influences on development. Infant Behavior and Development. 1991 Jul 1;14(3):265-88."
Support large fraction of weight,Captive,383,Pan troglodytes,2,Male+Female,"Brakke KE, Savage-Rumbaugh ES. Early postural behavior in Pan: Influences on development. Infant Behavior and Development. 1991 Jul 1;14(3):265-88."
Symphysis Height reaches 70% of stable value,,1746.4,Pan troglodytes,2,Male+Female,"Williams, Frank L'Engle. Heterochronic perturbations in the craniofacial evolution of Homo (Neandertals and modern humans) and Pan (P. troglodytes and P. paniscus). University of Massachusetts Amherst, 2001."
Symphysis Height reaches 80% of stable value,,2484.1,Pan troglodytes,2,Male+Female,"Williams, Frank L'Engle. Heterochronic perturbations in the craniofacial evolution of Homo (Neandertals and modern humans) and Pan (P. troglodytes and P. paniscus). University of Massachusetts Amherst, 2001."
Symphysis Height reaches 90% of stable value,,3439.7,Pan troglodytes,2,Male+Female,"Williams, Frank L'Engle. Heterochronic perturbations in the craniofacial evolution of Homo (Neandertals and modern humans) and Pan (P. troglodytes and P. paniscus). University of Massachusetts Amherst, 2001."
Third postural stages (Onset),Captive,363,Pan troglodytes,2,Male+Female,"Takeshita, H., Hirata, S., Sakai, T., & Myowa-Yamakoshi, M. (2016). Fetal behavioral development and brain growth in chimpanzees versus humans: a view from studies with 4d ultrasonography. In Fetal development (pp. 67-83). Springer, Cham. (book chapter)"
Tool use onset,Wild,600.6,Pan troglodytes,2,Male+Female,"Bründl AC, Tkaczynski PJ, Nohon Kohou G, Boesch C, Wittig RM, Crockford C. Systematic mapping of developmental milestones in wild chimpanzees Dev Sci. In Press. 2020;e12988. doi:10.1111/desc.12988"
Total protein % plateaus,Captive Laboratory,4423.56,Pan troglodytes,2,Female,https://primatedatabase.org
Total protein % plateaus,Captive Laboratory,5013.98,Pan troglodytes,2,Male,https://primatedatabase.org
Total protein % plateaus,,5199.7,Pan troglodytes,2,Male+Female,https://primatedatabase.org
Total protein % reaches 90% of the plateau,Captive Laboratory,1817.4,Pan troglodytes,2,Female,https://primatedatabase.org
Total protein % reaches 90% of the plateau,Captive Laboratory,1736.94,Pan troglodytes,2,Male,https://primatedatabase.org
Total protein % reaches 90% of the plateau,,1589.85,Pan troglodytes,2,Male+Female,https://primatedatabase.org
Total protein % reaches 92% of the plateau,Captive Laboratory,2338.63,Pan troglodytes,2,Female,https://primatedatabase.org
Total protein % reaches 92% of the plateau,Captive Laboratory,2392.35,Pan troglodytes,2,Male,https://primatedatabase.org
Total protein % reaches 92% of the plateau,,2312.55,Pan troglodytes,2,Male+Female,https://primatedatabase.org
Total protein % reaches 94% of the plateau,Captive Laboratory,2859.86,Pan troglodytes,2,Female,https://primatedatabase.org
Total protein % reaches 94% of the plateau,Captive Laboratory,3047.76,Pan troglodytes,2,Male,https://primatedatabase.org
Total protein % reaches 94% of the plateau,,3035.25,Pan troglodytes,2,Male+Female,https://primatedatabase.org
Total protein % reaches 96% of the plateau,Captive Laboratory,3381.09,Pan troglodytes,2,Female,https://primatedatabase.org
Total protein % reaches 96% of the plateau,Captive Laboratory,3703.17,Pan troglodytes,2,Male,https://primatedatabase.org
Total protein % reaches 96% of the plateau,,3754.3,Pan troglodytes,2,Male+Female,https://primatedatabase.org
Total protein % reaches 98% of the plateau,Captive Laboratory,3902.33,Pan troglodytes,2,Female,https://primatedatabase.org
Total protein % reaches 98% of the plateau,Captive Laboratory,4358.58,Pan troglodytes,2,Male,https://primatedatabase.org
Total protein % reaches 98% of the plateau,,4477,Pan troglodytes,2,Male+Female,https://primatedatabase.org
Transition between neonatal to social smiling,Captive,318,Pan troglodytes,2,Male+Female,"Mizuno Y, Takeshita H, Matsuzawa T. 2006.  Behavior of infant chimpanzees during the night in the first 4 months of life: Smiling and suckling in relation to behavioral state. Infancy. 9(2):221-40."
Trapezium ossification (Onset),,333,Pan troglodytes,2,Male+Female,"Prochel J, Vogel P, Sánchez-Villagra MR. Hand development and sequence of ossification in the forelimb of the European shrew Crocidura russula (Soricidae) and comparisons across therian mammals. J Anat. 2004 Aug;205(2):99-111. doi: 10.1111/j.0021-8782.2004.00321.x. PMID: 15291793; PMCID: PMC1571333."
Trapezoid ossification (Onset),,873,Pan troglodytes,2,Male+Female,"Prochel J, Vogel P, Sánchez-Villagra MR. Hand development and sequence of ossification in the forelimb of the European shrew Crocidura russula (Soricidae) and comparisons across therian mammals. J Anat. 2004 Aug;205(2):99-111. doi: 10.1111/j.0021-8782.2004.00321.x. PMID: 15291793; PMCID: PMC1571333."
Triquetral ossification (Onset),Captive,303.83,Pan troglodytes,2,Female,"Blomquist, G. E. (2009). Brief communication: Methods of sequence heterochrony for describing modular developmental changes in human evolution. Am J Phys Anthropol, 138(2), 231-238."
Triquetral ossification (Onset),Captive,364.67,Pan troglodytes,2,Male,"Blomquist, G. E. (2009). Brief communication: Methods of sequence heterochrony for describing modular developmental changes in human evolution. Am J Phys Anthropol, 138(2), 231-238."
Triquetral ossification (Onset),,303,Pan troglodytes,2,Male+Female,"Prochel J, Vogel P, Sánchez-Villagra MR. Hand development and sequence of ossification in the forelimb of the European shrew Crocidura russula (Soricidae) and comparisons across therian mammals. J Anat. 2004 Aug;205(2):99-111. doi: 10.1111/j.0021-8782.2004.00321.x. PMID: 15291793; PMCID: PMC1571333."
Turn to side and maintain balance,Captive,495,Pan troglodytes,2,Female,"Brakke KE, Savage-Rumbaugh ES. Early postural behavior in Pan: Influences on development. Infant Behavior and Development. 1991 Jul 1;14(3):265-88."
Turn to side and maintain balance,Captive,425,Pan troglodytes,2,Male+Female,"Brakke KE, Savage-Rumbaugh ES. Early postural behavior in Pan: Influences on development. Infant Behavior and Development. 1991 Jul 1;14(3):265-88."
Upper Facial Height reaches 70% of stable value,,1715.8,Pan troglodytes,2,Male+Female,"Williams, Frank L'Engle. Heterochronic perturbations in the craniofacial evolution of Homo (Neandertals and modern humans) and Pan (P. troglodytes and P. paniscus). University of Massachusetts Amherst, 2001."
Upper Facial Height reaches 80% of stable value,,2572.8,Pan troglodytes,2,Male+Female,"Williams, Frank L'Engle. Heterochronic perturbations in the craniofacial evolution of Homo (Neandertals and modern humans) and Pan (P. troglodytes and P. paniscus). University of Massachusetts Amherst, 2001."
Upper Facial Height reaches 90% of stable value,,3649.2,Pan troglodytes,2,Male+Female,"Williams, Frank L'Engle. Heterochronic perturbations in the craniofacial evolution of Homo (Neandertals and modern humans) and Pan (P. troglodytes and P. paniscus). University of Massachusetts Amherst, 2001."
Walk development,Wild,369,Pan troglodytes,1,Male+Female,"Bründl AC, Tkaczynski PJ, Nohon Kohou G, Boesch C, Wittig RM, Crockford C. Systematic mapping of developmental milestones in wild chimpanzees Dev Sci. In Press. 2020;e12988. doi:10.1111/desc.12988"
Walk development,Wild,534,Pan troglodytes,3,Male+Female,"Bründl AC, Tkaczynski PJ, Nohon Kohou G, Boesch C, Wittig RM, Crockford C. Systematic mapping of developmental milestones in wild chimpanzees Dev Sci. In Press. 2020;e12988. doi:10.1111/desc.12988"
Walk development,Wild,445.5,Pan troglodytes,2,Male+Female,"Bründl AC, Tkaczynski PJ, Nohon Kohou G, Boesch C, Wittig RM, Crockford C. Systematic mapping of developmental milestones in wild chimpanzees Dev Sci. In Press. 2020;e12988. doi:10.1111/desc.12988"
Walk development (Offset),Captive,502,Pan troglodytes,2,Female,"Brakke KE, Savage-Rumbaugh ES. Early postural behavior in Pan: Influences on development. Infant Behavior and Development. 1991 Jul 1;14(3):265-88."
Walk development (Onset),Captive,383,Pan troglodytes,2,Female,"Brakke KE, Savage-Rumbaugh ES. Early postural behavior in Pan: Influences on development. Infant Behavior and Development. 1991 Jul 1;14(3):265-88."
Walk development (Onset),Captive,411,Pan troglodytes,2,Male+Female,"Brakke KE, Savage-Rumbaugh ES. Early postural behavior in Pan: Influences on development. Infant Behavior and Development. 1991 Jul 1;14(3):265-88."
Weaning,Captive,1354,Pan troglodytes,2,Male+Female,"https://genomics.senescence.info/species/dataset.zip; AnAge Build 15; de Magalhaes, J. P., Abidi, Z., Dos Santos, G. A., Avelar, R. A., Barardo, D., Chatsirisupachai, K., Clark, P., De-Souza, E. A., Johnson, E. J., Lopes, I., Novoa, G., Senez, L., Talay, A., Thornton, D., & To, P. K. P. (2024). Human Ageing Genomic Resources: updates on key databases in ageing research. Nucleic Acids Res, 52(D1), D900-D908."
Weaning,,1703,Pan troglodytes,2,Male+Female,"Heldstab, S. A., Isler, K., Schuppli, C., & van Schaik, C. P. (2020). When ontogeny recapitulates phylogeny: Fixed neurodevelopmental sequence of manipulative skills among primates. Sci Adv, 6(30), abb4685.https://doi.org/10.1126/sciadv.abb4685"
Weaning,Captive+Wild,1503.81,Pan troglodytes,2,Male+Female,"https://esapubs.org/archive/ecol/E090/184/PanTHERIA_1-0_WR05_Aug2008.txt; Jones, K. E., Bielby, J., Cardillo, M., Fritz, S. A., O'Dell, J., Orme, C. D. L., Safi, K., Sechrest, W., Boakes, E. H., Carbone, C., Connolly, C., Cutts, M. J., Foster, J. K., Grenyer, R., Habib, M., Plaster, C. A., Price, S. A., Rigby, E. A., Rist, J., . . . Michener, W. K. (2009). PanTHERIA: a species-level database of life history, ecology, and geography of extant and recently extinct mammals. Ecology, 90(9), 2648-2648. https://doi.org/10.1890/08-1494.1"
Weaning (Offset),Wild,1962.2,Pan troglodytes,2,Male+Female,"Lonsdorf EV, Stanton MA, Pusey AE, Murray CM. 2020. Sources of variation in weaned age among wild chimpanzees in Gombe National Park, Tanzania. Am J Phys Anthropol. 2020;171(3):419-429. doi:10.1002/ajpa.23986"
Weaning (Offset),Wild,1268.65,Pan troglodytes,1,Male+Female,"Lonsdorf EV, Stanton MA, Pusey AE, Murray CM. Sources of variation in weaned age among wild chimpanzees in Gombe National Park, Tanzania. American Journal of Physical Anthropology. 2020 Mar;171(3):419-29."
Weaning (Offset),Wild,3166.65,Pan troglodytes,3,Male+Female,"Lonsdorf EV, Stanton MA, Pusey AE, Murray CM. Sources of variation in weaned age among wild chimpanzees in Gombe National Park, Tanzania. American Journal of Physical Anthropology. 2020 Mar;171(3):419-29."
Weaning,,1355.13,Pan troglodytes,2,Male+Female,"https://figshare.com/articles/dataset/Full_Archive/3563457?backTo=/collections/An_amniote_life-history_database_to_perform_comparative_analyses_with_birds_mammals_and_reptiles/3308127; Myhrvold, N. P., Baldridge, E., Chan, B., Sivam, D., Freeman, D. L., & Ernest, S. M. (2015). An amniote life‐history database to perform comparative analyses with birds, mammals, and reptiles: Ecological Archives E096‐269. Ecology, 96(11), 3109-3109."
Weaning,,1979,Pan troglodytes,2,Male+Female,"Young, J. W., & Shapiro, L. J. (2018). Developments in development: What have we learned from primate locomotor ontogeny?. American Journal of Physical Anthropology, 165, 37-71."
Weaning (hand-reared) (Offset),Captive,693,Pan troglodytes,2,Male+Female,Taylor S. Infant Diet/care Notebook. American Association of Zoological Parks and Aquariums; 1980.
Weaning (hand-reared) (Onset),Captive,543,Pan troglodytes,2,Male+Female,Taylor S. Infant Diet/care Notebook. American Association of Zoological Parks and Aquariums; 1980.
Weaning (hand-reared) (Onset),Captive,363,Pan troglodytes,2,Male+Female,Taylor S. Infant Diet/care Notebook. American Association of Zoological Parks and Aquariums; 1980.
Weaning (Offset),Wild,1976.75,Pan troglodytes,2,Male+Female,"Smith TM, Machanda Z, Bernard AB, Donovan RM, Papakyrikos AM, Muller MN, Wrangham R. First molar eruption, weaning, and life history in living wild chimpanzees. Proceedings of the National Academy of Sciences. 2013 Feb 19;110(8):2787-91."
AD neuropathology onset,,13894,Pan troglodytes,2,Male+Female,"Average of Minimum reported age of Cortical CAA; Minimum reported age of Early stage amyloid-beta plaques in the brain; Minimum reported age of Meningeal CAA; Minimum reported age of Neurofibrillary tangles in the brain (Onset); Minimum reported age of pTau in the brain;  Edler, M. K., Sherwood, C. C., Meindl, R. S., Hopkins, W. D., Ely, J. J., Erwin, J., Mufson, E. J., Hof, P. R., & Raghanti, M. A. (2017). Aged chimpanzees exhibit pathologic hallmarks of Alzheimer’s disease. Neurobiology of Aging, 59, 107–120. https://doi.org/10.1016/j.neurobiolaging.2017.07.008; Gearing, M., Rebeck, G. W., Hyman, B. T., Tigges, J., & Mirra, S. S. (1994). Neuropathology and apolipoprotein E profile of aged chimpanzees: implications for Alzheimer disease. Proceedings of the National Academy of Sciences, 91(20), 9382–9386. https://doi.org/10.1073/pnas.91.20.9382"
Calcaneal epiphysis ossification (Onset),Captive,2627.3,Homo sapiens,2,Male+Female,"Blomquist, G. E. (2009). Brief communication: Methods of sequence heterochrony for describing modular developmental changes in human evolution. Am J Phys Anthropol, 138(2), 231-238."
Calcaneal epiphysis ossification (Onset),Captive,1307.6,Pan troglodytes,2,Male+Female,"Blomquist, G. E. (2009). Brief communication: Methods of sequence heterochrony for describing modular developmental changes in human evolution. Am J Phys Anthropol, 138(2), 231-238."
Capitulum ossification (Onset),Captive,422.085,Homo sapiens,2,Male+Female,"Blomquist, G. E. (2009). Brief communication: Methods of sequence heterochrony for describing modular developmental changes in human evolution. Am J Phys Anthropol, 138(2), 231-238."
Distal 1st finger ossification (Onset),Captive,756.67,Homo sapiens,2,Male+Female,"Blomquist, G. E. (2009). Brief communication: Methods of sequence heterochrony for describing modular developmental changes in human evolution. Am J Phys Anthropol, 138(2), 231-238."
Distal 1st finger ossification (Onset),Captive,1018.625,Pan troglodytes,2,Male+Female,"Blomquist, G. E. (2009). Brief communication: Methods of sequence heterochrony for describing modular developmental changes in human evolution. Am J Phys Anthropol, 138(2), 231-238."
Distal 1st toe ossification (Onset),Captive,680.625,Homo sapiens,2,Male+Female,"Blomquist, G. E. (2009). Brief communication: Methods of sequence heterochrony for describing modular developmental changes in human evolution. Am J Phys Anthropol, 138(2), 231-238."
Distal 1st toe ossification (Onset),Captive,729.665,Pan troglodytes,2,Male+Female,"Blomquist, G. E. (2009). Brief communication: Methods of sequence heterochrony for describing modular developmental changes in human evolution. Am J Phys Anthropol, 138(2), 231-238."
Distal 2nd finger ossification (Onset),Captive,1197.7,Homo sapiens,2,Male+Female,"Blomquist, G. E. (2009). Brief communication: Methods of sequence heterochrony for describing modular developmental changes in human evolution. Am J Phys Anthropol, 138(2), 231-238."
Distal 2nd finger ossification (Onset),Captive,790.5,Pan troglodytes,2,Male+Female,"Blomquist, G. E. (2009). Brief communication: Methods of sequence heterochrony for describing modular developmental changes in human evolution. Am J Phys Anthropol, 138(2), 231-238."
Distal 2nd toe ossification (Onset),Captive,1653.95,Homo sapiens,2,Male+Female,"Blomquist, G. E. (2009). Brief communication: Methods of sequence heterochrony for describing modular developmental changes in human evolution. Am J Phys Anthropol, 138(2), 231-238."
Distal 2nd toe ossification (Onset),Captive,927.365,Pan troglodytes,2,Male+Female,"Blomquist, G. E. (2009). Brief communication: Methods of sequence heterochrony for describing modular developmental changes in human evolution. Am J Phys Anthropol, 138(2), 231-238."
Distal 3rd finger ossification (Onset),Captive,984.7650000000001,Homo sapiens,2,Male+Female,"Blomquist, G. E. (2009). Brief communication: Methods of sequence heterochrony for describing modular developmental changes in human evolution. Am J Phys Anthropol, 138(2), 231-238."
Distal 3rd finger ossification (Onset),Captive,668.83,Pan troglodytes,2,Male+Female,"Blomquist, G. E. (2009). Brief communication: Methods of sequence heterochrony for describing modular developmental changes in human evolution. Am J Phys Anthropol, 138(2), 231-238."
Distal 3rd toe ossification (Onset),Captive,1577.95,Homo sapiens,2,Male+Female,"Blomquist, G. E. (2009). Brief communication: Methods of sequence heterochrony for describing modular developmental changes in human evolution. Am J Phys Anthropol, 138(2), 231-238."
Distal 3rd toe ossification (Onset),Captive,866.54,Pan troglodytes,2,Male+Female,"Blomquist, G. E. (2009). Brief communication: Methods of sequence heterochrony for describing modular developmental changes in human evolution. Am J Phys Anthropol, 138(2), 231-238."
Distal 4th finger ossification (Onset),Captive,1000.015,Homo sapiens,2,Male+Female,"Blomquist, G. E. (2009). Brief communication: Methods of sequence heterochrony for describing modular developmental changes in human evolution. Am J Phys Anthropol, 138(2), 231-238."
Distal 4th finger ossification (Onset),Captive,699.25,Pan troglodytes,2,Male+Female,"Blomquist, G. E. (2009). Brief communication: Methods of sequence heterochrony for describing modular developmental changes in human evolution. Am J Phys Anthropol, 138(2), 231-238."
Distal 4th toe ossification (Onset),Captive,1486.65,Homo sapiens,2,Male+Female,"Blomquist, G. E. (2009). Brief communication: Methods of sequence heterochrony for describing modular developmental changes in human evolution. Am J Phys Anthropol, 138(2), 231-238."
Distal 4th toe ossification (Onset),Captive,851.33,Pan troglodytes,2,Male+Female,"Blomquist, G. E. (2009). Brief communication: Methods of sequence heterochrony for describing modular developmental changes in human evolution. Am J Phys Anthropol, 138(2), 231-238."
Distal 5th finger ossification (Onset),Captive,1212.9,Homo sapiens,2,Male+Female,"Blomquist, G. E. (2009). Brief communication: Methods of sequence heterochrony for describing modular developmental changes in human evolution. Am J Phys Anthropol, 138(2), 231-238."
Distal 5th finger ossification (Onset),Captive,805.71,Pan troglodytes,2,Male+Female,"Blomquist, G. E. (2009). Brief communication: Methods of sequence heterochrony for describing modular developmental changes in human evolution. Am J Phys Anthropol, 138(2), 231-238."
Distal fibula ossification (Onset),Captive,604.585,Homo sapiens,2,Male+Female,"Blomquist, G. E. (2009). Brief communication: Methods of sequence heterochrony for describing modular developmental changes in human evolution. Am J Phys Anthropol, 138(2), 231-238."
Distal tibia ossification (Onset),Captive,391.665,Homo sapiens,2,Male+Female,"Blomquist, G. E. (2009). Brief communication: Methods of sequence heterochrony for describing modular developmental changes in human evolution. Am J Phys Anthropol, 138(2), 231-238."
Distal ulna ossification (Onset),Captive,2505.6,Homo sapiens,2,Male+Female,"Blomquist, G. E. (2009). Brief communication: Methods of sequence heterochrony for describing modular developmental changes in human evolution. Am J Phys Anthropol, 138(2), 231-238."
Distal ulna ossification (Onset),Captive,516.75,Pan troglodytes,2,Male+Female,"Blomquist, G. E. (2009). Brief communication: Methods of sequence heterochrony for describing modular developmental changes in human evolution. Am J Phys Anthropol, 138(2), 231-238."
Femoral head ossification (Onset),Captive,391.665,Homo sapiens,2,Male+Female,"Blomquist, G. E. (2009). Brief communication: Methods of sequence heterochrony for describing modular developmental changes in human evolution. Am J Phys Anthropol, 138(2), 231-238."
Greater multangular ossification (Onset),Captive,1988.55,Homo sapiens,2,Male+Female,"Blomquist, G. E. (2009). Brief communication: Methods of sequence heterochrony for describing modular developmental changes in human evolution. Am J Phys Anthropol, 138(2), 231-238."
Greater multangular ossification (Onset),Captive,364.665,Pan troglodytes,2,Male+Female,"Blomquist, G. E. (2009). Brief communication: Methods of sequence heterochrony for describing modular developmental changes in human evolution. Am J Phys Anthropol, 138(2), 231-238."
Greater trochanter femur ossification (Onset),Captive,1380.2,Homo sapiens,2,Male+Female,"Blomquist, G. E. (2009). Brief communication: Methods of sequence heterochrony for describing modular developmental changes in human evolution. Am J Phys Anthropol, 138(2), 231-238."
Greater trochanter femur ossification (Onset),Captive,1018.635,Pan troglodytes,2,Male+Female,"Blomquist, G. E. (2009). Brief communication: Methods of sequence heterochrony for describing modular developmental changes in human evolution. Am J Phys Anthropol, 138(2), 231-238."
Greater tubercle humerus ossification (Onset),Captive,558.96,Homo sapiens,2,Male+Female,"Blomquist, G. E. (2009). Brief communication: Methods of sequence heterochrony for describing modular developmental changes in human evolution. Am J Phys Anthropol, 138(2), 231-238."
Greater tubercle humerus ossification (Onset),Captive,410.29,Pan troglodytes,2,Male+Female,"Blomquist, G. E. (2009). Brief communication: Methods of sequence heterochrony for describing modular developmental changes in human evolution. Am J Phys Anthropol, 138(2), 231-238."
Lesser multangular ossification (Onset),Captive,2003.75,Homo sapiens,2,Male+Female,"Blomquist, G. E. (2009). Brief communication: Methods of sequence heterochrony for describing modular developmental changes in human evolution. Am J Phys Anthropol, 138(2), 231-238."
Lesser multangular ossification (Onset),Captive,1094.65,Pan troglodytes,2,Male+Female,"Blomquist, G. E. (2009). Brief communication: Methods of sequence heterochrony for describing modular developmental changes in human evolution. Am J Phys Anthropol, 138(2), 231-238."
Lunate ossification (Onset),Captive,1486.7,Homo sapiens,2,Male+Female,"Blomquist, G. E. (2009). Brief communication: Methods of sequence heterochrony for describing modular developmental changes in human evolution. Am J Phys Anthropol, 138(2), 231-238."
Lunate ossification (Onset),Captive,395.08,Pan troglodytes,2,Male+Female,"Blomquist, G. E. (2009). Brief communication: Methods of sequence heterochrony for describing modular developmental changes in human evolution. Am J Phys Anthropol, 138(2), 231-238."
Manual navicular (= scaphoid) ossification (Onset),Captive,1927.7,Homo sapiens,2,Male+Female,"Blomquist, G. E. (2009). Brief communication: Methods of sequence heterochrony for describing modular developmental changes in human evolution. Am J Phys Anthropol, 138(2), 231-238."
Manual navicular (= scaphoid) ossification (Onset),Captive,486.335,Pan troglodytes,2,Male+Female,"Blomquist, G. E. (2009). Brief communication: Methods of sequence heterochrony for describing modular developmental changes in human evolution. Am J Phys Anthropol, 138(2), 231-238."
Medial cuneiform ossification (Onset),Captive,863.125,Homo sapiens,2,Male+Female,"Blomquist, G. E. (2009). Brief communication: Methods of sequence heterochrony for describing modular developmental changes in human evolution. Am J Phys Anthropol, 138(2), 231-238."
Medial cuneiform ossification (Onset),Captive,273.42,Pan troglodytes,2,Male+Female,"Blomquist, G. E. (2009). Brief communication: Methods of sequence heterochrony for describing modular developmental changes in human evolution. Am J Phys Anthropol, 138(2), 231-238."
Medial epicondyle humerus ossification (Onset),Captive,2018.95,Homo sapiens,2,Male+Female,"Blomquist, G. E. (2009). Brief communication: Methods of sequence heterochrony for describing modular developmental changes in human evolution. Am J Phys Anthropol, 138(2), 231-238."
Medial epicondyle humerus ossification (Onset),Captive,760.08,Pan troglodytes,2,Male+Female,"Blomquist, G. E. (2009). Brief communication: Methods of sequence heterochrony for describing modular developmental changes in human evolution. Am J Phys Anthropol, 138(2), 231-238."
Postnatal Metacarpal 1 ossification (Onset),Captive,1030.415,Homo sapiens,2,Male+Female,"Blomquist, G. E. (2009). Brief communication: Methods of sequence heterochrony for describing modular developmental changes in human evolution. Am J Phys Anthropol, 138(2), 231-238."
Postnatal Metacarpal 1 ossification (Onset),Captive,684.045,Pan troglodytes,2,Male+Female,"Blomquist, G. E. (2009). Brief communication: Methods of sequence heterochrony for describing modular developmental changes in human evolution. Am J Phys Anthropol, 138(2), 231-238."
Postnatal Metacarpal 2 ossification (Onset),Captive,741.46,Homo sapiens,2,Male+Female,"Blomquist, G. E. (2009). Brief communication: Methods of sequence heterochrony for describing modular developmental changes in human evolution. Am J Phys Anthropol, 138(2), 231-238."
Postnatal Metacarpal 2 ossification (Onset),Captive,349.455,Pan troglodytes,2,Male+Female,"Blomquist, G. E. (2009). Brief communication: Methods of sequence heterochrony for describing modular developmental changes in human evolution. Am J Phys Anthropol, 138(2), 231-238."
Postnatal Metacarpal 3 ossification (Onset),Captive,802.29,Homo sapiens,2,Male+Female,"Blomquist, G. E. (2009). Brief communication: Methods of sequence heterochrony for describing modular developmental changes in human evolution. Am J Phys Anthropol, 138(2), 231-238."
Postnatal Metacarpal 3 ossification (Onset),Captive,319.045,Pan troglodytes,2,Male+Female,"Blomquist, G. E. (2009). Brief communication: Methods of sequence heterochrony for describing modular developmental changes in human evolution. Am J Phys Anthropol, 138(2), 231-238."
Postnatal Metacarpal 4 ossification (Onset),Captive,863.125,Homo sapiens,2,Male+Female,"Blomquist, G. E. (2009). Brief communication: Methods of sequence heterochrony for describing modular developmental changes in human evolution. Am J Phys Anthropol, 138(2), 231-238."
Postnatal Metacarpal 4 ossification (Onset),Captive,349.455,Pan troglodytes,2,Male+Female,"Blomquist, G. E. (2009). Brief communication: Methods of sequence heterochrony for describing modular developmental changes in human evolution. Am J Phys Anthropol, 138(2), 231-238."
Postnatal Metacarpal 5 ossification (Onset),Captive,908.74,Homo sapiens,2,Male+Female,"Blomquist, G. E. (2009). Brief communication: Methods of sequence heterochrony for describing modular developmental changes in human evolution. Am J Phys Anthropol, 138(2), 231-238."
Postnatal Metacarpal 5 ossification (Onset),Captive,516.75,Pan troglodytes,2,Male+Female,"Blomquist, G. E. (2009). Brief communication: Methods of sequence heterochrony for describing modular developmental changes in human evolution. Am J Phys Anthropol, 138(2), 231-238."
Postnatal Metatarsal 1 ossification (Onset),Captive,984.7650000000001,Homo sapiens,2,Male+Female,"Blomquist, G. E. (2009). Brief communication: Methods of sequence heterochrony for describing modular developmental changes in human evolution. Am J Phys Anthropol, 138(2), 231-238."
Postnatal Metatarsal 1 ossification (Onset),Captive,653.625,Pan troglodytes,2,Male+Female,"Blomquist, G. E. (2009). Brief communication: Methods of sequence heterochrony for describing modular developmental changes in human evolution. Am J Phys Anthropol, 138(2), 231-238."
Postnatal Metatarsal 2 ossification (Onset),Captive,1167.3,Homo sapiens,2,Male+Female,"Blomquist, G. E. (2009). Brief communication: Methods of sequence heterochrony for describing modular developmental changes in human evolution. Am J Phys Anthropol, 138(2), 231-238."
Postnatal Metatarsal 2 ossification (Onset),Captive,562.375,Pan troglodytes,2,Male+Female,"Blomquist, G. E. (2009). Brief communication: Methods of sequence heterochrony for describing modular developmental changes in human evolution. Am J Phys Anthropol, 138(2), 231-238."
Postnatal Metatarsal 3 ossification (Onset),Captive,1349.8,Homo sapiens,2,Male+Female,"Blomquist, G. E. (2009). Brief communication: Methods of sequence heterochrony for describing modular developmental changes in human evolution. Am J Phys Anthropol, 138(2), 231-238."
Postnatal Metatarsal 3 ossification (Onset),Captive,562.375,Pan troglodytes,2,Male+Female,"Blomquist, G. E. (2009). Brief communication: Methods of sequence heterochrony for describing modular developmental changes in human evolution. Am J Phys Anthropol, 138(2), 231-238."
Postnatal Metatarsal 4 ossification (Onset),Captive,1532.3,Homo sapiens,2,Male+Female,"Blomquist, G. E. (2009). Brief communication: Methods of sequence heterochrony for describing modular developmental changes in human evolution. Am J Phys Anthropol, 138(2), 231-238."
Postnatal Metatarsal 4 ossification (Onset),Captive,699.25,Pan troglodytes,2,Male+Female,"Blomquist, G. E. (2009). Brief communication: Methods of sequence heterochrony for describing modular developmental changes in human evolution. Am J Phys Anthropol, 138(2), 231-238."
Postnatal Metatarsal 5 ossification (Onset),Captive,1653.95,Homo sapiens,2,Male+Female,"Blomquist, G. E. (2009). Brief communication: Methods of sequence heterochrony for describing modular developmental changes in human evolution. Am J Phys Anthropol, 138(2), 231-238."
Postnatal Metatarsal 5 ossification (Onset),Captive,760.08,Pan troglodytes,2,Male+Female,"Blomquist, G. E. (2009). Brief communication: Methods of sequence heterochrony for describing modular developmental changes in human evolution. Am J Phys Anthropol, 138(2), 231-238."
Middle 2nd finger ossification (Onset),Captive,939.15,Homo sapiens,2,Male+Female,"Blomquist, G. E. (2009). Brief communication: Methods of sequence heterochrony for describing modular developmental changes in human evolution. Am J Phys Anthropol, 138(2), 231-238."
Middle 2nd finger ossification (Onset),Captive,592.795,Pan troglodytes,2,Male+Female,"Blomquist, G. E. (2009). Brief communication: Methods of sequence heterochrony for describing modular developmental changes in human evolution. Am J Phys Anthropol, 138(2), 231-238."
Middle 3rd finger ossification (Onset),Captive,893.5350000000001,Homo sapiens,2,Male+Female,"Blomquist, G. E. (2009). Brief communication: Methods of sequence heterochrony for describing modular developmental changes in human evolution. Am J Phys Anthropol, 138(2), 231-238."
Middle 3rd finger ossification (Onset),Captive,577.58,Pan troglodytes,2,Male+Female,"Blomquist, G. E. (2009). Brief communication: Methods of sequence heterochrony for describing modular developmental changes in human evolution. Am J Phys Anthropol, 138(2), 231-238."
Middle 4th finger ossification (Onset),Captive,893.5350000000001,Homo sapiens,2,Male+Female,"Blomquist, G. E. (2009). Brief communication: Methods of sequence heterochrony for describing modular developmental changes in human evolution. Am J Phys Anthropol, 138(2), 231-238."
Middle 4th finger ossification (Onset),Captive,577.585,Pan troglodytes,2,Male+Female,"Blomquist, G. E. (2009). Brief communication: Methods of sequence heterochrony for describing modular developmental changes in human evolution. Am J Phys Anthropol, 138(2), 231-238."
Middle 5th finger ossification (Onset),Captive,1258.55,Homo sapiens,2,Male+Female,"Blomquist, G. E. (2009). Brief communication: Methods of sequence heterochrony for describing modular developmental changes in human evolution. Am J Phys Anthropol, 138(2), 231-238."
Middle 5th finger ossification (Onset),Captive,699.25,Pan troglodytes,2,Male+Female,"Blomquist, G. E. (2009). Brief communication: Methods of sequence heterochrony for describing modular developmental changes in human evolution. Am J Phys Anthropol, 138(2), 231-238."
Middle cuneiform ossification (Onset),Captive,999.975,Homo sapiens,2,Male+Female,"Blomquist, G. E. (2009). Brief communication: Methods of sequence heterochrony for describing modular developmental changes in human evolution. Am J Phys Anthropol, 138(2), 231-238."
Middle cuneiform ossification (Onset),Captive,577.585,Pan troglodytes,2,Male+Female,"Blomquist, G. E. (2009). Brief communication: Methods of sequence heterochrony for describing modular developmental changes in human evolution. Am J Phys Anthropol, 138(2), 231-238."
Patella ossification (Onset),Captive,1562.7,Homo sapiens,2,Male+Female,"Blomquist, G. E. (2009). Brief communication: Methods of sequence heterochrony for describing modular developmental changes in human evolution. Am J Phys Anthropol, 138(2), 231-238."
Patella ossification (Onset),Captive,942.565,Pan troglodytes,2,Male+Female,"Blomquist, G. E. (2009). Brief communication: Methods of sequence heterochrony for describing modular developmental changes in human evolution. Am J Phys Anthropol, 138(2), 231-238."
Pedal navicular (= navicular) ossification (Onset),Captive,1167.3,Homo sapiens,2,Male+Female,"Blomquist, G. E. (2009). Brief communication: Methods of sequence heterochrony for describing modular developmental changes in human evolution. Am J Phys Anthropol, 138(2), 231-238."
Pedal navicular (= navicular) ossification (Onset),Captive,881.75,Pan troglodytes,2,Male+Female,"Blomquist, G. E. (2009). Brief communication: Methods of sequence heterochrony for describing modular developmental changes in human evolution. Am J Phys Anthropol, 138(2), 231-238."
Proximal 1st finger ossification (Onset),Captive,1121.675,Homo sapiens,2,Male+Female,"Blomquist, G. E. (2009). Brief communication: Methods of sequence heterochrony for describing modular developmental changes in human evolution. Am J Phys Anthropol, 138(2), 231-238."
Proximal 1st finger ossification (Onset),Captive,1003.415,Pan troglodytes,2,Male+Female,"Blomquist, G. E. (2009). Brief communication: Methods of sequence heterochrony for describing modular developmental changes in human evolution. Am J Phys Anthropol, 138(2), 231-238."
Proximal 1st toe ossification (Onset),Captive,1030.415,Homo sapiens,2,Male+Female,"Blomquist, G. E. (2009). Brief communication: Methods of sequence heterochrony for describing modular developmental changes in human evolution. Am J Phys Anthropol, 138(2), 231-238."
Proximal 2nd finger ossification (Onset),Captive,711.04,Homo sapiens,2,Male+Female,"Blomquist, G. E. (2009). Brief communication: Methods of sequence heterochrony for describing modular developmental changes in human evolution. Am J Phys Anthropol, 138(2), 231-238."
Proximal 2nd finger ossification (Onset),Captive,531.96,Pan troglodytes,2,Male+Female,"Blomquist, G. E. (2009). Brief communication: Methods of sequence heterochrony for describing modular developmental changes in human evolution. Am J Phys Anthropol, 138(2), 231-238."
Proximal 2nd toe ossification (Onset),Captive,832.705,Homo sapiens,2,Male+Female,"Blomquist, G. E. (2009). Brief communication: Methods of sequence heterochrony for describing modular developmental changes in human evolution. Am J Phys Anthropol, 138(2), 231-238."
Proximal 3rd finger ossification (Onset),Captive,680.625,Homo sapiens,2,Male+Female,"Blomquist, G. E. (2009). Brief communication: Methods of sequence heterochrony for describing modular developmental changes in human evolution. Am J Phys Anthropol, 138(2), 231-238."
Proximal 3rd finger ossification (Onset),Captive,455.915,Pan troglodytes,2,Male+Female,"Blomquist, G. E. (2009). Brief communication: Methods of sequence heterochrony for describing modular developmental changes in human evolution. Am J Phys Anthropol, 138(2), 231-238."
Proximal 3rd toe ossification (Onset),Captive,756.665,Homo sapiens,2,Male+Female,"Blomquist, G. E. (2009). Brief communication: Methods of sequence heterochrony for describing modular developmental changes in human evolution. Am J Phys Anthropol, 138(2), 231-238."
Proximal 3rd toe ossification (Onset),Captive,516.75,Pan troglodytes,2,Male+Female,"Blomquist, G. E. (2009). Brief communication: Methods of sequence heterochrony for describing modular developmental changes in human evolution. Am J Phys Anthropol, 138(2), 231-238."
Proximal 4th finger ossification (Onset),Captive,711.04,Homo sapiens,2,Male+Female,"Blomquist, G. E. (2009). Brief communication: Methods of sequence heterochrony for describing modular developmental changes in human evolution. Am J Phys Anthropol, 138(2), 231-238."
Proximal 4th finger ossification (Onset),Captive,501.54,Pan troglodytes,2,Male+Female,"Blomquist, G. E. (2009). Brief communication: Methods of sequence heterochrony for describing modular developmental changes in human evolution. Am J Phys Anthropol, 138(2), 231-238."
Proximal 4th toe ossification (Onset),Captive,802.29,Homo sapiens,2,Male+Female,"Blomquist, G. E. (2009). Brief communication: Methods of sequence heterochrony for describing modular developmental changes in human evolution. Am J Phys Anthropol, 138(2), 231-238."
Proximal 4th toe ossification (Onset),Captive,531.96,Pan troglodytes,2,Male+Female,"Blomquist, G. E. (2009). Brief communication: Methods of sequence heterochrony for describing modular developmental changes in human evolution. Am J Phys Anthropol, 138(2), 231-238."
Proximal 5th finger ossification (Onset),Captive,847.915,Homo sapiens,2,Male+Female,"Blomquist, G. E. (2009). Brief communication: Methods of sequence heterochrony for describing modular developmental changes in human evolution. Am J Phys Anthropol, 138(2), 231-238."
Proximal 5th finger ossification (Onset),Captive,547.17,Pan troglodytes,2,Male+Female,"Blomquist, G. E. (2009). Brief communication: Methods of sequence heterochrony for describing modular developmental changes in human evolution. Am J Phys Anthropol, 138(2), 231-238."
Proximal 5th toe ossification (Onset),Captive,1076.025,Homo sapiens,2,Male+Female,"Blomquist, G. E. (2009). Brief communication: Methods of sequence heterochrony for describing modular developmental changes in human evolution. Am J Phys Anthropol, 138(2), 231-238."
Proximal 5th toe ossification (Onset),Captive,653.625,Pan troglodytes,2,Male+Female,"Blomquist, G. E. (2009). Brief communication: Methods of sequence heterochrony for describing modular developmental changes in human evolution. Am J Phys Anthropol, 138(2), 231-238."
Proximal fibula ossification (Onset),Captive,1471.5,Homo sapiens,2,Male+Female,"Blomquist, G. E. (2009). Brief communication: Methods of sequence heterochrony for describing modular developmental changes in human evolution. Am J Phys Anthropol, 138(2), 231-238."
Proximal fibula ossification (Onset),Captive,760.085,Pan troglodytes,2,Male+Female,"Blomquist, G. E. (2009). Brief communication: Methods of sequence heterochrony for describing modular developmental changes in human evolution. Am J Phys Anthropol, 138(2), 231-238."
Proximal radius ossification (Onset),Captive,1973.35,Homo sapiens,2,Male+Female,"Blomquist, G. E. (2009). Brief communication: Methods of sequence heterochrony for describing modular developmental changes in human evolution. Am J Phys Anthropol, 138(2), 231-238."
Proximal radius ossification (Onset),Captive,455.915,Pan troglodytes,2,Male+Female,"Blomquist, G. E. (2009). Brief communication: Methods of sequence heterochrony for describing modular developmental changes in human evolution. Am J Phys Anthropol, 138(2), 231-238."
Weaning (hand-reared) (Offset),,97,Felis,3,Male+Female,VOLF J. breeding the European wild cat Felis s. silvestris at Prague Zoo. International Zoo Yearbook. 1968 Jan;8(1):38-42.
Incisors eruption,Captive,29.05,Mus musculus,2,Male+Female,"Rice DC, Reeve EA, Herlihy A, Zoeller RT, Thompson WD, Markowski VP. Developmental delays and locomotor activity in the C57BL6/J mouse following neonatal exposure to the fully-brominated PBDE, decabromodiphenyl ether. Neurotoxicology and teratology. 2007 Jul 1;29(4):511-20."
Incisors eruption,,3210.535,Homo sapiens,2,Male+Female,"Del Cojo MB, López NG, Martínez MM, García MN, Nova D. Time and sequence of eruption of permanent teeth in Spanish children. Eur J Paediatr Dent. 2013 Feb;14(2):101-3."
Incisors maxilla eruption,,3263.455,Homo sapiens,2,Male+Female,"Del Cojo MB, López NG, Martínez MM, García MN, Nova D. Time and sequence of eruption of permanent teeth in Spanish children. Eur J Paediatr Dent. 2013 Feb;14(2):101-3."
Deciduous incisors mandible eruption,,620.0250000000001,Homo sapiens,2,Male+Female,"GunaShekhar M, Tenny J. Longitudinal study of age and order of eruption of primary teeth in Indian children. J Clin Exp Dent. 2010;2(3):e113-6."
Deciduous incisors maxilla eruption,,652.2375,Homo sapiens,2,Male+Female,"GunaShekhar M, Tenny J. Longitudinal study of age and order of eruption of primary teeth in Indian children. J Clin Exp Dent. 2010;2(3):e113-6."
Deciduous incisors eruption,,636.1312499999999,Homo sapiens,2,Male+Female,"GunaShekhar M, Tenny J. Longitudinal study of age and order of eruption of primary teeth in Indian children. J Clin Exp Dent. 2010;2(3):e113-6."
Deciduous canines eruption,,919.0875000000001,Homo sapiens,2,Male+Female,"GunaShekhar M, Tenny J. Longitudinal study of age and order of eruption of primary teeth in Indian children. J Clin Exp Dent. 2010;2(3):e113-6."
Canines eruption,,4188.7275,Homo sapiens,2,Male+Female,"Hernández M, Espasa E, Boj J. Eruption chronology of the permanent dentition in Spanish children. Journal of Clinical Pediatric Dentistry. 2008 Jul 1;32(4):347-50."
Canines eruption,,4180.0625,Homo sapiens,2,Male+Female,"Kochhar R, Richardson A. The chronology and sequence of eruption of human permanent teeth in Northern Ireland. International Journal of Paediatric Dentistry. 1998 Dec;8(4):243-52."
Canines eruption,,4029.5,Homo sapiens,2,Male+Female,"Nizam A, Naing L, Mokhtar N. Age and sequence of eruption of permanent teeth in Kelantan, north-eastern Malaysia. Clinical Oral Investigations. 2003 Dec;7(4):222-5."
Deciduous canine mandible exfoliation,,3920,Homo sapiens,2,Male+Female,Halikis SE. 1961. The variability of eruption of permanent teeth and loss of deciduous teeth in Western Australian children: II. Times of loss of the deciduous teeth. Austrlian Dental Journal. pp141-143.
Deciduous canine maxilla exfoliation,,4230.25,Homo sapiens,2,Male+Female,Halikis SE. 1961. The variability of eruption of permanent teeth and loss of deciduous teeth in Western Australian children: II. Times of loss of the deciduous teeth. Austrlian Dental Journal. pp141-143.
Hemaglobin (Peak or plateau),Captive Laboratory,395,Felis,2,Male+Female,"NAKAI N, NAWA K, MAEKAWA M, NAGASAWA H. Age-related changes in hematological and serum biochemical values in cats. Experimental Animals. 1992 Jul 1;41(3):287-94."
Hemaglobin (Peak or plateau),,5880.05,Homo sapiens,2,Male+Female,"Phillips R, Wood H, Weaving G, Chevassut T. Changes in full blood count parameters with age and sex: results of a survey of almost 900 000 patient samples from primary care. British journal of haematology. 2021 Feb 15;192(4)."
Cataract with diabetes prevalence reaches 50%,,24688.5,Homo sapiens,2,Male+Female,"Waudby, C. J., Berg, R. L., Linneman, J. G., Rasmussen, L. V., Peissig, P. L., Chen, L., & McCarty, C. A. (2011). Cataract research using electronic health records. BMC ophthalmology, 11, 1-15."
Weaning,,53.5,Mus musculus,3,Male+Female,"Gray MM, Parmenter MD, Hogan CA, Ford I, Cuthbert RJ, Ryan PG, Broman KW, Payseur BA (2015) Genetics of rapid and extreme size evolution in island mice. Genetics 201:213-228"
Growth in skeletal development (RUS score) (Peak),,388,Homo sapiens,2,Male+Female,"Hamada Y, Udono T, Teramoto M, Hayasaka I. Development of the hand and wrist bones in chimpanzees. Primates. 1998 Apr;39:157-69."
Growth in skeletal development (RUS score) (Peak),,475,Pan troglodytes,2,Male+Female,"Hamada Y, Udono T, Teramoto M, Hayasaka I. Development of the hand and wrist bones in chimpanzees. Primates. 1998 Apr;39:157-69."
Triquetral ossification (Onset),Captive,334.25,Pan troglodytes,2,Male+Female,"Blomquist, G. E. (2009). Brief communication: Methods of sequence heterochrony for describing modular developmental changes in human evolution. Am J Phys Anthropol, 138(2), 231-238."
Hamate ossification (Onset),Captive,361.25,Homo sapiens,2,Male+Female,"Blomquist, G. E. (2009). Brief communication: Methods of sequence heterochrony for describing modular developmental changes in human evolution. Am J Phys Anthropol, 138(2), 231-238."
Capitate ossification (Onset),Captive,346.04,Homo sapiens,2,Male+Female,"Blomquist, G. E. (2009). Brief communication: Methods of sequence heterochrony for describing modular developmental changes in human evolution. Am J Phys Anthropol, 138(2), 231-238."
Alkaline phosphatase declines to 100% of its adult value,Captive client,795.203,Felis,2,Male+Female,Auburn veterinary clinic
Alkaline phosphatase declines to 100% of its adult value,Captive Laboratory,502.875,Felis,2,Male+Female,"NAKAI N, NAWA K, MAEKAWA M, NAGASAWA H. Age-related changes in hematological and serum biochemical values in cats. Experimental Animals. 1992 Jul 1;41(3):287-94."
Alkaline phosphatase declines to 100% of its adult value,Captive Laboratory,619.1675,Felis,2,Male+Female,SRRC Auburn cat colony
Alkaline phosphatase declines to 150% of its adult value,Captive client,695.235,Felis,2,Male+Female,Auburn veterinary clinic
Alkaline phosphatase declines to 150% of its adult value,Captive Laboratory,455.645,Felis,2,Male+Female,"NAKAI N, NAWA K, MAEKAWA M, NAGASAWA H. Age-related changes in hematological and serum biochemical values in cats. Experimental Animals. 1992 Jul 1;41(3):287-94."
Alkaline phosphatase declines to 150% of its adult value,Captive Laboratory,548.6514999999999,Felis,2,Male+Female,SRRC Auburn cat colony
Alkaline phosphatase declines to 200% of its adult value,Captive client,595.2674999999999,Felis,2,Male+Female,Auburn veterinary clinic
Alkaline phosphatase declines to 200% of its adult value,Captive Laboratory,408.405,Felis,2,Male+Female,"NAKAI N, NAWA K, MAEKAWA M, NAGASAWA H. Age-related changes in hematological and serum biochemical values in cats. Experimental Animals. 1992 Jul 1;41(3):287-94."
Alkaline phosphatase declines to 200% of its adult value,Captive Laboratory,478.1355,Felis,2,Male+Female,SRRC Auburn cat colony
Alkaline phosphatase declines to 250% of its adult value,Captive client,495.2995,Felis,2,Male+Female,Auburn veterinary clinic
Alkaline phosphatase declines to 250% of its adult value,Captive Laboratory,361.17,Felis,2,Male+Female,"NAKAI N, NAWA K, MAEKAWA M, NAGASAWA H. Age-related changes in hematological and serum biochemical values in cats. Experimental Animals. 1992 Jul 1;41(3):287-94."
Alkaline phosphatase declines to 250% of its adult value,Captive Laboratory,407.6195,Felis,2,Male+Female,SRRC Auburn cat colony
Alkaline phosphatase declines to 300% of its adult value,Captive client,395.3315,Felis,2,Male+Female,Auburn veterinary clinic
Alkaline phosphatase declines to 300% of its adult value,Captive Laboratory,313.935,Felis,2,Male+Female,"NAKAI N, NAWA K, MAEKAWA M, NAGASAWA H. Age-related changes in hematological and serum biochemical values in cats. Experimental Animals. 1992 Jul 1;41(3):287-94."
Alkaline phosphatase declines to 300% of its adult value,Captive Laboratory,337.103,Felis,2,Male+Female,SRRC Auburn cat colony
Alkaline phosphatase declines to 350% of its adult value,Captive client,295.364,Felis,2,Male+Female,Auburn veterinary clinic
Alkaline phosphatase declines to 350% of its adult value,Captive Laboratory,266.695,Felis,2,Male+Female,"NAKAI N, NAWA K, MAEKAWA M, NAGASAWA H. Age-related changes in hematological and serum biochemical values in cats. Experimental Animals. 1992 Jul 1;41(3):287-94."
Alkaline phosphatase declines to 350% of its adult value,Captive Laboratory,266.587,Felis,2,Male+Female,SRRC Auburn cat colony
Alkaline phosphatase declines to 400% of its adult value,Captive client,195.396,Felis,2,Male+Female,Auburn veterinary clinic
Alkaline phosphatase declines to 400% of its adult value,Captive Laboratory,219.46,Felis,2,Male+Female,"NAKAI N, NAWA K, MAEKAWA M, NAGASAWA H. Age-related changes in hematological and serum biochemical values in cats. Experimental Animals. 1992 Jul 1;41(3):287-94."
Alkaline phosphatase declines to 400% of its adult value,Captive Laboratory,196.0705,Felis,2,Male+Female,SRRC Auburn cat colony
Creatinine % plateaus,Captive Laboratory,1509.545,Felis,2,Male+Female,SRRC Auburn cat colony
Creatinine % plateaus,Captive Laboratory,4536.725,Pan troglodytes,2,Male+Female,Primate aging database
Creatinine % reaches 90% of the plateau,Captive Laboratory,1000.2175,Felis,2,Male+Female,SRRC Auburn cat colony
Creatinine % reaches 90% of the plateau,Captive Laboratory,3686.675,Pan troglodytes,2,Male+Female,Primate aging database
Creatinine % reaches 80% of the plateau,Captive Laboratory,490.891,Felis,2,Male+Female,SRRC Auburn cat colony
Creatinine % reaches 80% of the plateau,Captive Laboratory,2836.625,Pan troglodytes,2,Male+Female,Primate aging database
Creatinine % reaches 70% of the plateau,Captive Laboratory,1986.57,Pan troglodytes,2,Male+Female,Primate aging database
Creatinine % reaches 60% of the plateau,Captive Laboratory,1136.517,Pan troglodytes,2,Male+Female,Primate aging database
Total protein % plateaus,Captive Laboratory,662.385,Felis,2,Male+Female,"NAKAI N, NAWA K, MAEKAWA M, NAGASAWA H. Age-related changes in hematological and serum biochemical values in cats. Experimental Animals. 1992 Jul 1;41(3):287-94."
Total protein % plateaus,Captive Laboratory,4718.77,Pan troglodytes,2,Male+Female,Primate aging database
Total protein % reaches 98% of the plateau,Captive Laboratory,600.16,Felis,2,Male+Female,"NAKAI N, NAWA K, MAEKAWA M, NAGASAWA H. Age-related changes in hematological and serum biochemical values in cats. Experimental Animals. 1992 Jul 1;41(3):287-94."
Total protein % reaches 98% of the plateau,Captive Laboratory,4130.455,Pan troglodytes,2,Male+Female,Primate aging database
Total protein % reaches 96% of the plateau,Captive Laboratory,537.925,Felis,2,Male+Female,"NAKAI N, NAWA K, MAEKAWA M, NAGASAWA H. Age-related changes in hematological and serum biochemical values in cats. Experimental Animals. 1992 Jul 1;41(3):287-94."
Total protein % reaches 96% of the plateau,Captive Laboratory,3542.13,Pan troglodytes,2,Male+Female,Primate aging database
Total protein % reaches 94% of the plateau,Captive Laboratory,475.7,Felis,2,Male+Female,"NAKAI N, NAWA K, MAEKAWA M, NAGASAWA H. Age-related changes in hematological and serum biochemical values in cats. Experimental Animals. 1992 Jul 1;41(3):287-94."
Total protein % reaches 94% of the plateau,Captive Laboratory,2953.81,Pan troglodytes,2,Male+Female,Primate aging database
Total protein % reaches 92% of the plateau,Captive Laboratory,413.465,Felis,2,Male+Female,"NAKAI N, NAWA K, MAEKAWA M, NAGASAWA H. Age-related changes in hematological and serum biochemical values in cats. Experimental Animals. 1992 Jul 1;41(3):287-94."
Total protein % reaches 92% of the plateau,Captive Laboratory,2365.49,Pan troglodytes,2,Male+Female,Primate aging database
Total protein % reaches 90% of the plateau,Captive Laboratory,351.24,Felis,2,Male+Female,"NAKAI N, NAWA K, MAEKAWA M, NAGASAWA H. Age-related changes in hematological and serum biochemical values in cats. Experimental Animals. 1992 Jul 1;41(3):287-94."
Total protein % reaches 90% of the plateau,Captive Laboratory,1777.17,Pan troglodytes,2,Male+Female,Primate aging database
Phosphorus % plateaus,Captive client,1135.33,Felis,2,Male+Female,Auburn veterinary clinic
Phosphorus % plateaus,Captive client,1307.34,Felis,2,Male+Female,CatAge dataset (known date of birth or got the cat as a young kitten 8 weeks or less)
Phosphorus % plateaus,Captive Laboratory,595.345,Felis,2,Male+Female,"NAKAI N, NAWA K, MAEKAWA M, NAGASAWA H. Age-related changes in hematological and serum biochemical values in cats. Experimental Animals. 1992 Jul 1;41(3):287-94."
Phosphorus % plateaus,Captive Laboratory,790.856,Felis,2,Male+Female,SRRC Auburn cat colony
Phosphorus % plateaus,Captive Laboratory,5609.595,Pan troglodytes,2,Male+Female,Primate aging database
Phosphorus % reaches 120% of the plateau,Captive client,896.3325,Felis,2,Male+Female,Auburn veterinary clinic
Phosphorus % reaches 120% of the plateau,Captive client,1040.68,Felis,2,Male+Female,CatAge dataset (known date of birth or got the cat as a young kitten 8 weeks or less)
Phosphorus % reaches 120% of the plateau,Captive Laboratory,417.78,Felis,2,Male+Female,"NAKAI N, NAWA K, MAEKAWA M, NAGASAWA H. Age-related changes in hematological and serum biochemical values in cats. Experimental Animals. 1992 Jul 1;41(3):287-94."
Phosphorus % reaches 120% of the plateau,Captive Laboratory,647.1795,Felis,2,Male+Female,SRRC Auburn cat colony
Phosphorus % reaches 120% of the plateau,Captive Laboratory,4501.545,Pan troglodytes,2,Male+Female,Primate aging database
Phosphorus % reaches 140% of the plateau,Captive client,657.3299999999999,Felis,2,Male+Female,Auburn veterinary clinic
Phosphorus % reaches 140% of the plateau,Captive client,774.02,Felis,2,Male+Female,CatAge dataset (known date of birth or got the cat as a young kitten 8 weeks or less)
Phosphorus % reaches 140% of the plateau,Captive Laboratory,240.215,Felis,2,Male+Female,"NAKAI N, NAWA K, MAEKAWA M, NAGASAWA H. Age-related changes in hematological and serum biochemical values in cats. Experimental Animals. 1992 Jul 1;41(3):287-94."
Phosphorus % reaches 140% of the plateau,Captive Laboratory,503.5035,Felis,2,Male+Female,SRRC Auburn cat colony
Phosphorus % reaches 140% of the plateau,Captive Laboratory,3393.49,Pan troglodytes,2,Male+Female,Primate aging database
Phosphorus % reaches 160% of the plateau,Captive client,418.328,Felis,2,Male+Female,Auburn veterinary clinic
Phosphorus % reaches 160% of the plateau,Captive client,507.355,Felis,2,Male+Female,CatAge dataset (known date of birth or got the cat as a young kitten 8 weeks or less)
Phosphorus % reaches 160% of the plateau,Captive Laboratory,359.827,Felis,2,Male+Female,SRRC Auburn cat colony
Phosphorus % reaches 160% of the plateau,Captive Laboratory,2285.435,Pan troglodytes,2,Male+Female,Primate aging database
Alkaline phosphatase (Rapid Decline initiates),Captive Laboratory,215,Felis,2,Male+Female,"NAKAI N, NAWA K, MAEKAWA M, NAGASAWA H. Age-related changes in hematological and serum biochemical values in cats. Experimental Animals. 1992 Jul 1;41(3):287-94."
Alkaline phosphatase (Rapid Decline initiates),,3893,Pan troglodytes,2,Male+Female,https://primatedatabase.org
Body weight (Decline initiates),Captive,678.5,Mus musculus,2,Male+Female,"Miller RA, Harper JM, Galecki A, Burke DT. Big mice die young: early life body weight predicts longevity in genetically heterogeneous mice. Aging cell. 2002 Oct;1(1):22-9."
Solitary or object play (Peak),Wild,608,Pan troglodytes,2,Male+Female,"Lonsdorf EV, Markham AC, Heintz MR, Anderson KE, Ciuk DJ, Goodall J, Murray CM. Sex differences in wild chimpanzee behavior emerge during infancy. PLoS One. 2014 Jun 9;9(6):e99099. doi: 10.1371/journal.pone.0099099. PMID: 24911160; PMCID: PMC4049619."
Canine maxilla eruption,,199.75,Felis,2,Male+Female,"Condé B, Schauenberg P. Remplacement des canines chez le chat forestier Felis silvestris Schreb."
Canine maxilla eruption,,4606.205,Homo sapiens,2,Male+Female,"Del Cojo MB, López NG, Martínez MM, García MN, Nova D. Time and sequence of eruption of permanent teeth in Spanish children. Eur J Paediatr Dent. 2013 Feb;14(2):101-3."
Canine maxilla eruption,,4345.225,Homo sapiens,2,Male+Female,"Kochhar R, Richardson A. The chronology and sequence of eruption of human permanent teeth in Northern Ireland. International Journal of Paediatric Dentistry. 1998 Dec;8(4):243-52."
Canine maxilla eruption,,4193.75,Homo sapiens,2,Male+Female,"Nizam A, Naing L, Mokhtar N. Age and sequence of eruption of permanent teeth in Kelantan, north-eastern Malaysia. Clinical Oral Investigations. 2003 Dec;7(4):222-5."
Canine maxilla eruption,NA,3642.6,Homo sapiens,2,Male+Female,Ramirez Rozzi F. Diversity in tooth eruption and life history in humans: illustration from a Pygmy population. Scientific Reports. 2016 Jun 16;6(1):27405.
Canine maxilla eruption,NA,4257.625,Homo sapiens,2,Male+Female,Ramirez Rozzi F. Diversity in tooth eruption and life history in humans: illustration from a Pygmy population. Scientific Reports. 2016 Jun 16;6(1):27405.
Canine maxilla eruption,NA,4084.25,Homo sapiens,2,Male+Female,Ramirez Rozzi F. Diversity in tooth eruption and life history in humans: illustration from a Pygmy population. Scientific Reports. 2016 Jun 16;6(1):27405.
Canine maxilla eruption,NA,4137.175,Homo sapiens,2,Male+Female,Ramirez Rozzi F. Diversity in tooth eruption and life history in humans: illustration from a Pygmy population. Scientific Reports. 2016 Jun 16;6(1):27405.
Canine maxilla eruption,NA,4118.925,Homo sapiens,2,Male+Female,Ramirez Rozzi F. Diversity in tooth eruption and life history in humans: illustration from a Pygmy population. Scientific Reports. 2016 Jun 16;6(1):27405.
Canine maxilla eruption,NA,3956.5,Homo sapiens,2,Male+Female,Ramirez Rozzi F. Diversity in tooth eruption and life history in humans: illustration from a Pygmy population. Scientific Reports. 2016 Jun 16;6(1):27405.
Canine mandible eruption,,181.25,Felis,2,Male+Female,"Condé B, Schauenberg P. Remplacement des canines chez le chat forestier Felis silvestris Schreb."
Canine mandible eruption,,4257.625,Homo sapiens,2,Male+Female,"Del Cojo MB, López NG, Martínez MM, García MN, Nova D. Time and sequence of eruption of permanent teeth in Spanish children. Eur J Paediatr Dent. 2013 Feb;14(2):101-3."
Canine mandible eruption,,4014.9,Homo sapiens,2,Male+Female,"Kochhar R, Richardson A. The chronology and sequence of eruption of human permanent teeth in Northern Ireland. International Journal of Paediatric Dentistry. 1998 Dec;8(4):243-52."
Canine mandible eruption,,3865.25,Homo sapiens,2,Male+Female,"Nizam A, Naing L, Mokhtar N. Age and sequence of eruption of permanent teeth in Kelantan, north-eastern Malaysia. Clinical Oral Investigations. 2003 Dec;7(4):222-5."
Canine mandible eruption,NA,3529.45,Homo sapiens,2,Male+Female,Ramirez Rozzi F. Diversity in tooth eruption and life history in humans: illustration from a Pygmy population. Scientific Reports. 2016 Jun 16;6(1):27405.
Canine mandible eruption,NA,3954.675,Homo sapiens,2,Male+Female,Ramirez Rozzi F. Diversity in tooth eruption and life history in humans: illustration from a Pygmy population. Scientific Reports. 2016 Jun 16;6(1):27405.
Canine mandible eruption,NA,3901.75,Homo sapiens,2,Male+Female,Ramirez Rozzi F. Diversity in tooth eruption and life history in humans: illustration from a Pygmy population. Scientific Reports. 2016 Jun 16;6(1):27405.
Canine mandible eruption,NA,3905.4,Homo sapiens,2,Male+Female,Ramirez Rozzi F. Diversity in tooth eruption and life history in humans: illustration from a Pygmy population. Scientific Reports. 2016 Jun 16;6(1):27405.
Canine mandible eruption,NA,4005.775,Homo sapiens,2,Male+Female,Ramirez Rozzi F. Diversity in tooth eruption and life history in humans: illustration from a Pygmy population. Scientific Reports. 2016 Jun 16;6(1):27405.
Canine mandible eruption,NA,3664.5,Homo sapiens,2,Male+Female,Ramirez Rozzi F. Diversity in tooth eruption and life history in humans: illustration from a Pygmy population. Scientific Reports. 2016 Jun 16;6(1):27405.
Deciduous canine mandible eruption,,933.075,Homo sapiens,2,Male+Female,"GunaShekhar M, Tenny J. Longitudinal study of age and order of eruption of primary teeth in Indian children. J Clin Exp Dent. 2010;2(3):e113-6."
Eye opening,Captive Laboratory,73.5,Felis,2,Male+Female,Auburn colony
Eye opening,Captive,32.1,Mus musculus,2,Male+Female,"Rice DC, Reeve EA, Herlihy A, Zoeller RT, Thompson WD, Markowski VP. Developmental delays and locomotor activity in the C57BL6/J mouse following neonatal exposure to the fully-brominated PBDE, decabromodiphenyl ether. Neurotoxicology and teratology. 2007 Jul 1;29(4):511-20."
Deciduous teeth eruption (Onset),,486.3,Homo sapiens,2,Male+Female,"Ramirez O, Planells P, Barberia E. Age and order of eruption of primary teeth in Spanish children. Community dentistry and oral epidemiology. 1994 Feb;22(1):56-9."
Permanent teeth eruption (Onset),,1427.425,Pan troglodytes,2,Male+Female,"Holly Smith, B., Crummett, T.L. and Brandt, K.L., 1994. Ages of eruption of primate teeth: a compendium for aging individuals and comparing life histories. American journal of physical anthropology, 37(S19), pp.177-231."
Permanent teeth eruption (Onset),,2503.8,Homo sapiens,2,Male+Female,"Hernández M, Espasa E, Boj J. Eruption chronology of the permanent dentition in Spanish children. Journal of Clinical Pediatric Dentistry. 2008 Jul 1;32(4):347-50."
Permanent teeth eruption (Onset),,2834.125,Homo sapiens,2,Male+Female,"Del Cojo MB, López NG, Martínez MM, García MN, Nova D. Time and sequence of eruption of permanent teeth in Spanish children. Eur J Paediatr Dent. 2013 Feb;14(2):101-3."
Permanent teeth eruption (Onset),,2460,Homo sapiens,2,Male+Female,"Nizam A, Naing L, Mokhtar N. Age and sequence of eruption of permanent teeth in Kelantan, north-eastern Malaysia. Clinical Oral Investigations. 2003 Dec;7(4):222-5."
Hematocrit (Peak),Captive Laboratory,365,Felis,2,Male+Female,"NAKAI N, NAWA K, MAEKAWA M, NAGASAWA H. Age-related changes in hematological and serum biochemical values in cats. Experimental Animals. 1992 Jul 1;41(3):287-94."
Lactic dehydrogenase levels off,,6110,Homo sapiens,2,Male+Female,"Adeli K, Higgins V, Nieuwesteeg M, Raizman JE, Chen Y, Wong SL, Blais D. Biochemical marker reference values across pediatric, adult, and geriatric ages: establishment of robust pediatric and adult reference intervals on the basis of the Canadian Health Measures Survey. Clin Chem. 2015 Aug;61(8):1049-62."
Permanent teeth eruption (Offset),Captive,215,Felis,2,Male+Female,"Tonkin BA, Kohler E. Observations on the Indian desert cat in captivity. International zoo yearbook. 1981 Jan;21(1):151-4."
Permanent teeth eruption (Offset),,4383.924999999999,Pan troglodytes,2,Male+Female,"Holly Smith, B., Crummett, T.L. and Brandt, K.L., 1994. Ages of eruption of primate teeth: a compendium for aging individuals and comparing life histories. American journal of physical anthropology, 37(S19), pp.177-231."
Social play (Peak),Wild,1155.5,Pan troglodytes,2,Male+Female,"Lonsdorf EV, Markham AC, Heintz MR, Anderson KE, Ciuk DJ, Goodall J, Murray CM. Sex differences in wild chimpanzee behavior emerge during infancy. PLoS One. 2014 Jun 9;9(6):e99099. doi: 10.1371/journal.pone.0099099. PMID: 24911160; PMCID: PMC4049619."
Incisors maxilla eruption,,2988.3375,Homo sapiens,2,Male+Female,"Hernández M, Espasa E, Boj J. Eruption chronology of the permanent dentition in Spanish children. Journal of Clinical Pediatric Dentistry. 2008 Jul 1;32(4):347-50."
Permanent teeth eruption (Offset),,7606.5,Homo sapiens,2,Male+Female,"Holly Smith, B., Crummett, T.L. and Brandt, K.L., 1994. Ages of eruption of primate teeth: a compendium for aging individuals and comparing life histories. American journal of physical anthropology, 37(S19), pp.177-231."
Permanent teeth eruption (Offset),,7079.075,Homo sapiens,2,Male+Female,Ramirez Rozzi F. Diversity in tooth eruption and life history in humans: illustration from a Pygmy population. Scientific Reports. 2016 Jun 16;6(1):27405.
Permanent teeth eruption (Offset),,6892.924999999999,Homo sapiens,2,Male+Female,Ramirez Rozzi F. Diversity in tooth eruption and life history in humans: illustration from a Pygmy population. Scientific Reports. 2016 Jun 16;6(1):27405.
Body weight (Decline initiates),,23995,Homo sapiens,2,Male+Female,Ruhe RB. Changes in food intake and its relationship to weight loss during advanced age. Body Composition and Aging. 2010 Aug 12;37:51.
Body weight (Decline initiates),,605.75,Mus musculus,2,Male+Female,"Turturro A, Witt WW, Lewis S, Hass BS, Lipman RD, Hart RW. Growth curves and survival characteristics of the animals used in the Biomarkers of Aging Program. Journals of Gerontology Series A: Biomedical Sciences and Medical Sciences. 1999 Nov 1;54(11):B492-501."
Body weight (Decline initiates),,608,Mus musculus,2,Male+Female,"Turturro A, Witt WW, Lewis S, Hass BS, Lipman RD, Hart RW. Growth curves and survival characteristics of the animals used in the Biomarkers of Aging Program. Journals of Gerontology Series A: Biomedical Sciences and Medical Sciences. 1999 Nov 1;54(11):B492-501."
Body weight (Decline initiates),,568.55,Mus musculus,2,Male+Female,"Turturro A, Witt WW, Lewis S, Hass BS, Lipman RD, Hart RW. Growth curves and survival characteristics of the animals used in the Biomarkers of Aging Program. Journals of Gerontology Series A: Biomedical Sciences and Medical Sciences. 1999 Nov 1;54(11):B492-501."
Body weight (Decline initiates),,700.7,Mus musculus,2,Male+Female,"Turturro A, Witt WW, Lewis S, Hass BS, Lipman RD, Hart RW. Growth curves and survival characteristics of the animals used in the Biomarkers of Aging Program. Journals of Gerontology Series A: Biomedical Sciences and Medical Sciences. 1999 Nov 1;54(11):B492-501."
Cataract prevalence reaches 10%,,2817.1,Felis,2,Male+Female,"Williams, D. L., & Fred Heath, M. (2006). Prevalence of feline cataract: results of a cross-sectional study of 2000 normal animals, 50 cats with diabetes and one hundred cats following dehydrational crises. Veterinary Ophthalmology, 9(5), 341–349. https://doi.org/10.1111/j.1463-5224.2006.00497.x"
Cataract prevalence reaches 10%,,21569.575,Homo sapiens,2,Male+Female,"Waudby, C. J., Berg, R. L., Linneman, J. G., Rasmussen, L. V., Peissig, P. L., Chen, L., & McCarty, C. A. (2011). Cataract research using electronic health records. BMC ophthalmology, 11, 1-15."
Cataract prevalence reaches 20%,,3192.85,Felis,2,Male+Female,"Williams, D. L., & Fred Heath, M. (2006). Prevalence of feline cataract: results of a cross-sectional study of 2000 normal animals, 50 cats with diabetes and one hundred cats following dehydrational crises. Veterinary Ophthalmology, 9(5), 341–349. https://doi.org/10.1111/j.1463-5224.2006.00497.x"
Cataract prevalence reaches 20%,,24064.35,Homo sapiens,2,Male+Female,"Waudby, C. J., Berg, R. L., Linneman, J. G., Rasmussen, L. V., Peissig, P. L., Chen, L., & McCarty, C. A. (2011). Cataract research using electronic health records. BMC ophthalmology, 11, 1-15."
Cataract prevalence reaches 30%,,3950.425,Felis,2,Male+Female,"Williams, D. L., & Fred Heath, M. (2006). Prevalence of feline cataract: results of a cross-sectional study of 2000 normal animals, 50 cats with diabetes and one hundred cats following dehydrational crises. Veterinary Ophthalmology, 9(5), 341–349. https://doi.org/10.1111/j.1463-5224.2006.00497.x"
Cataract prevalence reaches 30%,,25776.2,Homo sapiens,2,Male+Female,"Waudby, C. J., Berg, R. L., Linneman, J. G., Rasmussen, L. V., Peissig, P. L., Chen, L., & McCarty, C. A. (2011). Cataract research using electronic health records. BMC ophthalmology, 11, 1-15."
Cataract prevalence reaches 40%,,4325.8275,Felis,2,Male+Female,"Williams, D. L., & Fred Heath, M. (2006). Prevalence of feline cataract: results of a cross-sectional study of 2000 normal animals, 50 cats with diabetes and one hundred cats following dehydrational crises. Veterinary Ophthalmology, 9(5), 341–349. https://doi.org/10.1111/j.1463-5224.2006.00497.x"
Cataract prevalence reaches 40%,,27150.425,Homo sapiens,2,Male+Female,"Waudby, C. J., Berg, R. L., Linneman, J. G., Rasmussen, L. V., Peissig, P. L., Chen, L., & McCarty, C. A. (2011). Cataract research using electronic health records. BMC ophthalmology, 11, 1-15."
Cataract prevalence reaches 50%,,4603.775,Felis,2,Male+Female,"Williams, D. L., & Fred Heath, M. (2006). Prevalence of feline cataract: results of a cross-sectional study of 2000 normal animals, 50 cats with diabetes and one hundred cats following dehydrational crises. Veterinary Ophthalmology, 9(5), 341–349. https://doi.org/10.1111/j.1463-5224.2006.00497.x"
Cataract prevalence reaches 50%,,28448,Homo sapiens,2,Male+Female,"Waudby, C. J., Berg, R. L., Linneman, J. G., Rasmussen, L. V., Peissig, P. L., Chen, L., & McCarty, C. A. (2011). Cataract research using electronic health records. BMC ophthalmology, 11, 1-15."
Cataract prevalence reaches 60%,,4915.85,Felis,2,Male+Female,"Williams, D. L., & Fred Heath, M. (2006). Prevalence of feline cataract: results of a cross-sectional study of 2000 normal animals, 50 cats with diabetes and one hundred cats following dehydrational crises. Veterinary Ophthalmology, 9(5), 341–349. https://doi.org/10.1111/j.1463-5224.2006.00497.x"
Cataract prevalence reaches 60%,,29689,Homo sapiens,2,Male+Female,"Waudby, C. J., Berg, R. L., Linneman, J. G., Rasmussen, L. V., Peissig, P. L., Chen, L., & McCarty, C. A. (2011). Cataract research using electronic health records. BMC ophthalmology, 11, 1-15."
Permanent teeth eruption (Onset),,2118.725,Homo sapiens,2,Male+Female,Ramirez Rozzi F. Diversity in tooth eruption and life history in humans: illustration from a Pygmy population. Scientific Reports. 2016 Jun 16;6(1):27405.
Solitary or object play (Onset),Captive laboratory,93,Felis,2,Male+Female,"Barrett P, Bateson P. The development of play in cats. Behaviour. 1978 Jan 1;66(1-2):106-20."
